OpenROAD 41a51eaf4ca2171c92ff38afb91eb37bbd3f36da 
This program is licensed under the BSD-3 license. See the LICENSE file for details.
Components of this program may be licensed under more restrictive licenses which must be honored.
[INFO]: Reading ODB at '/home/ugunt/projects/ai-accelerator-verification/rung4-gear-quantizer/openlane/runs/RUN_2026.07.04_18.24.21/tmp/routing/19-global.odb'…
define_corners Typical
read_liberty -corner Typical /home/ugunt/.ciel/sky130A/libs.ref/sky130_fd_sc_hd/lib/sky130_fd_sc_hd__tt_025C_1v80.lib
Using 1e-12 for capacitance...
Using 1e+03 for resistance...
Using 1e-09 for time...
Using 1e+00 for voltage...
Using 1e-03 for current...
Using 1e-09 for power...
Using 1e-06 for distance...
Reading design constraints file at '/home/ugunt/projects/ai-accelerator-verification/rung4-gear-quantizer/openlane/runs/RUN_2026.07.04_18.24.21/tmp/17-gear_quantizer.sdc'…
min_report

===========================================================================
report_checks -path_delay min (Hold)
============================================================================
======================= Typical Corner ===================================

Startpoint: _487_ (rising edge-triggered flip-flop clocked by clk)
Endpoint: _487_ (rising edge-triggered flip-flop clocked by clk)
Path Group: clk
Path Type: min

Fanout     Cap    Slew   Delay    Time   Description
-----------------------------------------------------------------------------
                          0.00    0.00   clock clk (rise edge)
                          0.00    0.00   clock source latency
                  0.04    0.03    0.03 ^ clk (in)
     1    0.01                           clk (net)
                  0.04    0.00    0.03 ^ clkbuf_0_clk/A (sky130_fd_sc_hd__clkbuf_16)
                  0.04    0.11    0.14 ^ clkbuf_0_clk/X (sky130_fd_sc_hd__clkbuf_16)
     2    0.02                           clknet_0_clk (net)
                  0.04    0.00    0.14 ^ clkbuf_1_1__f_clk/A (sky130_fd_sc_hd__clkbuf_16)
                  0.04    0.11    0.25 ^ clkbuf_1_1__f_clk/X (sky130_fd_sc_hd__clkbuf_16)
     7    0.01                           clknet_1_1__leaf_clk (net)
                  0.04    0.00    0.25 ^ _487_/CLK (sky130_fd_sc_hd__dfrtp_1)
                  0.05    0.30    0.55 ^ _487_/Q (sky130_fd_sc_hd__dfrtp_1)
     2    0.00                           net32 (net)
                  0.05    0.00    0.55 ^ _468_/B (sky130_fd_sc_hd__and2_1)
                  0.04    0.11    0.66 ^ _468_/X (sky130_fd_sc_hd__and2_1)
     1    0.00                           _184_ (net)
                  0.04    0.00    0.66 ^ _469_/B1 (sky130_fd_sc_hd__a31o_1)
                  0.03    0.08    0.74 ^ _469_/X (sky130_fd_sc_hd__a31o_1)
     1    0.00                           _008_ (net)
                  0.03    0.00    0.74 ^ _487_/D (sky130_fd_sc_hd__dfrtp_1)
                                  0.74   data arrival time

                          0.00    0.00   clock clk (rise edge)
                          0.00    0.00   clock source latency
                  0.04    0.03    0.03 ^ clk (in)
     1    0.01                           clk (net)
                  0.04    0.00    0.03 ^ clkbuf_0_clk/A (sky130_fd_sc_hd__clkbuf_16)
                  0.04    0.13    0.16 ^ clkbuf_0_clk/X (sky130_fd_sc_hd__clkbuf_16)
     2    0.02                           clknet_0_clk (net)
                  0.04    0.00    0.16 ^ clkbuf_1_1__f_clk/A (sky130_fd_sc_hd__clkbuf_16)
                  0.04    0.12    0.28 ^ clkbuf_1_1__f_clk/X (sky130_fd_sc_hd__clkbuf_16)
     7    0.01                           clknet_1_1__leaf_clk (net)
                  0.04    0.00    0.28 ^ _487_/CLK (sky130_fd_sc_hd__dfrtp_1)
                          0.25    0.53   clock uncertainty
                         -0.03    0.50   clock reconvergence pessimism
                         -0.03    0.47   library hold time
                                  0.47   data required time
-----------------------------------------------------------------------------
                                  0.47   data required time
                                 -0.74   data arrival time
-----------------------------------------------------------------------------
                                  0.27   slack (MET)


Startpoint: _478_ (rising edge-triggered flip-flop clocked by clk)
Endpoint: _478_ (rising edge-triggered flip-flop clocked by clk)
Path Group: clk
Path Type: min

Fanout     Cap    Slew   Delay    Time   Description
-----------------------------------------------------------------------------
                          0.00    0.00   clock clk (rise edge)
                          0.00    0.00   clock source latency
                  0.04    0.03    0.03 ^ clk (in)
     1    0.01                           clk (net)
                  0.04    0.00    0.03 ^ clkbuf_0_clk/A (sky130_fd_sc_hd__clkbuf_16)
                  0.04    0.11    0.14 ^ clkbuf_0_clk/X (sky130_fd_sc_hd__clkbuf_16)
     2    0.02                           clknet_0_clk (net)
                  0.04    0.00    0.14 ^ clkbuf_1_1__f_clk/A (sky130_fd_sc_hd__clkbuf_16)
                  0.04    0.11    0.25 ^ clkbuf_1_1__f_clk/X (sky130_fd_sc_hd__clkbuf_16)
     7    0.01                           clknet_1_1__leaf_clk (net)
                  0.04    0.00    0.25 ^ _478_/CLK (sky130_fd_sc_hd__dfrtp_1)
                  0.06    0.30    0.56 ^ _478_/Q (sky130_fd_sc_hd__dfrtp_1)
     2    0.00                           net28 (net)
                  0.06    0.00    0.56 ^ hold2/A (sky130_fd_sc_hd__dlygate4sd3_1)
                  0.05    0.51    1.06 ^ hold2/X (sky130_fd_sc_hd__dlygate4sd3_1)
     1    0.00                           net41 (net)
                  0.05    0.00    1.06 ^ _279_/A1 (sky130_fd_sc_hd__o21ba_1)
                  0.04    0.11    1.18 ^ _279_/X (sky130_fd_sc_hd__o21ba_1)
     1    0.00                           _000_ (net)
                  0.04    0.00    1.18 ^ _478_/D (sky130_fd_sc_hd__dfrtp_1)
                                  1.18   data arrival time

                          0.00    0.00   clock clk (rise edge)
                          0.00    0.00   clock source latency
                  0.04    0.03    0.03 ^ clk (in)
     1    0.01                           clk (net)
                  0.04    0.00    0.03 ^ clkbuf_0_clk/A (sky130_fd_sc_hd__clkbuf_16)
                  0.04    0.13    0.16 ^ clkbuf_0_clk/X (sky130_fd_sc_hd__clkbuf_16)
     2    0.02                           clknet_0_clk (net)
                  0.04    0.00    0.16 ^ clkbuf_1_1__f_clk/A (sky130_fd_sc_hd__clkbuf_16)
                  0.04    0.12    0.28 ^ clkbuf_1_1__f_clk/X (sky130_fd_sc_hd__clkbuf_16)
     7    0.01                           clknet_1_1__leaf_clk (net)
                  0.04    0.00    0.28 ^ _478_/CLK (sky130_fd_sc_hd__dfrtp_1)
                          0.25    0.53   clock uncertainty
                         -0.03    0.50   clock reconvergence pessimism
                         -0.03    0.47   library hold time
                                  0.47   data required time
-----------------------------------------------------------------------------
                                  0.47   data required time
                                 -1.18   data arrival time
-----------------------------------------------------------------------------
                                  0.71   slack (MET)


Startpoint: _480_ (rising edge-triggered flip-flop clocked by clk)
Endpoint: _480_ (rising edge-triggered flip-flop clocked by clk)
Path Group: clk
Path Type: min

Fanout     Cap    Slew   Delay    Time   Description
-----------------------------------------------------------------------------
                          0.00    0.00   clock clk (rise edge)
                          0.00    0.00   clock source latency
                  0.04    0.03    0.03 ^ clk (in)
     1    0.01                           clk (net)
                  0.04    0.00    0.03 ^ clkbuf_0_clk/A (sky130_fd_sc_hd__clkbuf_16)
                  0.04    0.11    0.14 ^ clkbuf_0_clk/X (sky130_fd_sc_hd__clkbuf_16)
     2    0.02                           clknet_0_clk (net)
                  0.04    0.00    0.14 ^ clkbuf_1_1__f_clk/A (sky130_fd_sc_hd__clkbuf_16)
                  0.04    0.11    0.25 ^ clkbuf_1_1__f_clk/X (sky130_fd_sc_hd__clkbuf_16)
     7    0.01                           clknet_1_1__leaf_clk (net)
                  0.04    0.00    0.25 ^ _480_/CLK (sky130_fd_sc_hd__dfrtp_1)
                  0.06    0.30    0.56 ^ _480_/Q (sky130_fd_sc_hd__dfrtp_1)
     2    0.00                           net24 (net)
                  0.06    0.00    0.56 ^ hold1/A (sky130_fd_sc_hd__dlygate4sd3_1)
                  0.05    0.51    1.06 ^ hold1/X (sky130_fd_sc_hd__dlygate4sd3_1)
     1    0.00                           net40 (net)
                  0.05    0.00    1.06 ^ _452_/A2 (sky130_fd_sc_hd__a22o_1)
                  0.04    0.12    1.18 ^ _452_/X (sky130_fd_sc_hd__a22o_1)
     1    0.00                           _001_ (net)
                  0.04    0.00    1.18 ^ _480_/D (sky130_fd_sc_hd__dfrtp_1)
                                  1.18   data arrival time

                          0.00    0.00   clock clk (rise edge)
                          0.00    0.00   clock source latency
                  0.04    0.03    0.03 ^ clk (in)
     1    0.01                           clk (net)
                  0.04    0.00    0.03 ^ clkbuf_0_clk/A (sky130_fd_sc_hd__clkbuf_16)
                  0.04    0.13    0.16 ^ clkbuf_0_clk/X (sky130_fd_sc_hd__clkbuf_16)
     2    0.02                           clknet_0_clk (net)
                  0.04    0.00    0.16 ^ clkbuf_1_1__f_clk/A (sky130_fd_sc_hd__clkbuf_16)
                  0.04    0.12    0.28 ^ clkbuf_1_1__f_clk/X (sky130_fd_sc_hd__clkbuf_16)
     7    0.01                           clknet_1_1__leaf_clk (net)
                  0.04    0.00    0.28 ^ _480_/CLK (sky130_fd_sc_hd__dfrtp_1)
                          0.25    0.53   clock uncertainty
                         -0.03    0.50   clock reconvergence pessimism
                         -0.03    0.47   library hold time
                                  0.47   data required time
-----------------------------------------------------------------------------
                                  0.47   data required time
                                 -1.18   data arrival time
-----------------------------------------------------------------------------
                                  0.71   slack (MET)


Startpoint: _481_ (rising edge-triggered flip-flop clocked by clk)
Endpoint: _481_ (rising edge-triggered flip-flop clocked by clk)
Path Group: clk
Path Type: min

Fanout     Cap    Slew   Delay    Time   Description
-----------------------------------------------------------------------------
                          0.00    0.00   clock clk (rise edge)
                          0.00    0.00   clock source latency
                  0.04    0.03    0.03 ^ clk (in)
     1    0.01                           clk (net)
                  0.04    0.00    0.03 ^ clkbuf_0_clk/A (sky130_fd_sc_hd__clkbuf_16)
                  0.04    0.11    0.14 ^ clkbuf_0_clk/X (sky130_fd_sc_hd__clkbuf_16)
     2    0.02                           clknet_0_clk (net)
                  0.04    0.00    0.14 ^ clkbuf_1_1__f_clk/A (sky130_fd_sc_hd__clkbuf_16)
                  0.04    0.11    0.25 ^ clkbuf_1_1__f_clk/X (sky130_fd_sc_hd__clkbuf_16)
     7    0.01                           clknet_1_1__leaf_clk (net)
                  0.04    0.00    0.25 ^ _481_/CLK (sky130_fd_sc_hd__dfrtp_1)
                  0.06    0.30    0.56 ^ _481_/Q (sky130_fd_sc_hd__dfrtp_1)
     2    0.00                           net25 (net)
                  0.06    0.00    0.56 ^ hold4/A (sky130_fd_sc_hd__dlygate4sd3_1)
                  0.05    0.51    1.06 ^ hold4/X (sky130_fd_sc_hd__dlygate4sd3_1)
     1    0.00                           net43 (net)
                  0.05    0.00    1.06 ^ _455_/A2 (sky130_fd_sc_hd__a22o_1)
                  0.04    0.12    1.18 ^ _455_/X (sky130_fd_sc_hd__a22o_1)
     1    0.00                           _002_ (net)
                  0.04    0.00    1.18 ^ _481_/D (sky130_fd_sc_hd__dfrtp_1)
                                  1.18   data arrival time

                          0.00    0.00   clock clk (rise edge)
                          0.00    0.00   clock source latency
                  0.04    0.03    0.03 ^ clk (in)
     1    0.01                           clk (net)
                  0.04    0.00    0.03 ^ clkbuf_0_clk/A (sky130_fd_sc_hd__clkbuf_16)
                  0.04    0.13    0.16 ^ clkbuf_0_clk/X (sky130_fd_sc_hd__clkbuf_16)
     2    0.02                           clknet_0_clk (net)
                  0.04    0.00    0.16 ^ clkbuf_1_1__f_clk/A (sky130_fd_sc_hd__clkbuf_16)
                  0.04    0.12    0.28 ^ clkbuf_1_1__f_clk/X (sky130_fd_sc_hd__clkbuf_16)
     7    0.01                           clknet_1_1__leaf_clk (net)
                  0.04    0.00    0.28 ^ _481_/CLK (sky130_fd_sc_hd__dfrtp_1)
                          0.25    0.53   clock uncertainty
                         -0.03    0.50   clock reconvergence pessimism
                         -0.03    0.47   library hold time
                                  0.47   data required time
-----------------------------------------------------------------------------
                                  0.47   data required time
                                 -1.18   data arrival time
-----------------------------------------------------------------------------
                                  0.71   slack (MET)


Startpoint: _482_ (rising edge-triggered flip-flop clocked by clk)
Endpoint: _482_ (rising edge-triggered flip-flop clocked by clk)
Path Group: clk
Path Type: min

Fanout     Cap    Slew   Delay    Time   Description
-----------------------------------------------------------------------------
                          0.00    0.00   clock clk (rise edge)
                          0.00    0.00   clock source latency
                  0.04    0.03    0.03 ^ clk (in)
     1    0.01                           clk (net)
                  0.04    0.00    0.03 ^ clkbuf_0_clk/A (sky130_fd_sc_hd__clkbuf_16)
                  0.04    0.11    0.14 ^ clkbuf_0_clk/X (sky130_fd_sc_hd__clkbuf_16)
     2    0.02                           clknet_0_clk (net)
                  0.04    0.00    0.14 ^ clkbuf_1_1__f_clk/A (sky130_fd_sc_hd__clkbuf_16)
                  0.04    0.11    0.25 ^ clkbuf_1_1__f_clk/X (sky130_fd_sc_hd__clkbuf_16)
     7    0.01                           clknet_1_1__leaf_clk (net)
                  0.04    0.00    0.25 ^ _482_/CLK (sky130_fd_sc_hd__dfrtp_1)
                  0.06    0.30    0.56 ^ _482_/Q (sky130_fd_sc_hd__dfrtp_1)
     2    0.00                           net26 (net)
                  0.06    0.00    0.56 ^ hold5/A (sky130_fd_sc_hd__dlygate4sd3_1)
                  0.05    0.51    1.06 ^ hold5/X (sky130_fd_sc_hd__dlygate4sd3_1)
     1    0.00                           net44 (net)
                  0.05    0.00    1.06 ^ _459_/A2 (sky130_fd_sc_hd__a22o_1)
                  0.04    0.12    1.18 ^ _459_/X (sky130_fd_sc_hd__a22o_1)
     1    0.00                           _003_ (net)
                  0.04    0.00    1.18 ^ _482_/D (sky130_fd_sc_hd__dfrtp_1)
                                  1.18   data arrival time

                          0.00    0.00   clock clk (rise edge)
                          0.00    0.00   clock source latency
                  0.04    0.03    0.03 ^ clk (in)
     1    0.01                           clk (net)
                  0.04    0.00    0.03 ^ clkbuf_0_clk/A (sky130_fd_sc_hd__clkbuf_16)
                  0.04    0.13    0.16 ^ clkbuf_0_clk/X (sky130_fd_sc_hd__clkbuf_16)
     2    0.02                           clknet_0_clk (net)
                  0.04    0.00    0.16 ^ clkbuf_1_1__f_clk/A (sky130_fd_sc_hd__clkbuf_16)
                  0.04    0.12    0.28 ^ clkbuf_1_1__f_clk/X (sky130_fd_sc_hd__clkbuf_16)
     7    0.01                           clknet_1_1__leaf_clk (net)
                  0.04    0.00    0.28 ^ _482_/CLK (sky130_fd_sc_hd__dfrtp_1)
                          0.25    0.53   clock uncertainty
                         -0.03    0.50   clock reconvergence pessimism
                         -0.03    0.47   library hold time
                                  0.47   data required time
-----------------------------------------------------------------------------
                                  0.47   data required time
                                 -1.18   data arrival time
-----------------------------------------------------------------------------
                                  0.71   slack (MET)


Startpoint: _483_ (rising edge-triggered flip-flop clocked by clk)
Endpoint: _483_ (rising edge-triggered flip-flop clocked by clk)
Path Group: clk
Path Type: min

Fanout     Cap    Slew   Delay    Time   Description
-----------------------------------------------------------------------------
                          0.00    0.00   clock clk (rise edge)
                          0.00    0.00   clock source latency
                  0.04    0.03    0.03 ^ clk (in)
     1    0.01                           clk (net)
                  0.04    0.00    0.03 ^ clkbuf_0_clk/A (sky130_fd_sc_hd__clkbuf_16)
                  0.04    0.11    0.14 ^ clkbuf_0_clk/X (sky130_fd_sc_hd__clkbuf_16)
     2    0.02                           clknet_0_clk (net)
                  0.04    0.00    0.14 ^ clkbuf_1_1__f_clk/A (sky130_fd_sc_hd__clkbuf_16)
                  0.04    0.11    0.25 ^ clkbuf_1_1__f_clk/X (sky130_fd_sc_hd__clkbuf_16)
     7    0.01                           clknet_1_1__leaf_clk (net)
                  0.04    0.00    0.25 ^ _483_/CLK (sky130_fd_sc_hd__dfrtp_1)
                  0.06    0.30    0.56 ^ _483_/Q (sky130_fd_sc_hd__dfrtp_1)
     2    0.00                           net27 (net)
                  0.06    0.00    0.56 ^ hold3/A (sky130_fd_sc_hd__dlygate4sd3_1)
                  0.05    0.51    1.06 ^ hold3/X (sky130_fd_sc_hd__dlygate4sd3_1)
     1    0.00                           net42 (net)
                  0.05    0.00    1.06 ^ _461_/A2 (sky130_fd_sc_hd__a22o_1)
                  0.04    0.12    1.18 ^ _461_/X (sky130_fd_sc_hd__a22o_1)
     1    0.00                           _004_ (net)
                  0.04    0.00    1.18 ^ _483_/D (sky130_fd_sc_hd__dfrtp_1)
                                  1.18   data arrival time

                          0.00    0.00   clock clk (rise edge)
                          0.00    0.00   clock source latency
                  0.04    0.03    0.03 ^ clk (in)
     1    0.01                           clk (net)
                  0.04    0.00    0.03 ^ clkbuf_0_clk/A (sky130_fd_sc_hd__clkbuf_16)
                  0.04    0.13    0.16 ^ clkbuf_0_clk/X (sky130_fd_sc_hd__clkbuf_16)
     2    0.02                           clknet_0_clk (net)
                  0.04    0.00    0.16 ^ clkbuf_1_1__f_clk/A (sky130_fd_sc_hd__clkbuf_16)
                  0.04    0.12    0.28 ^ clkbuf_1_1__f_clk/X (sky130_fd_sc_hd__clkbuf_16)
     7    0.01                           clknet_1_1__leaf_clk (net)
                  0.04    0.00    0.28 ^ _483_/CLK (sky130_fd_sc_hd__dfrtp_1)
                          0.25    0.53   clock uncertainty
                         -0.03    0.50   clock reconvergence pessimism
                         -0.03    0.47   library hold time
                                  0.47   data required time
-----------------------------------------------------------------------------
                                  0.47   data required time
                                 -1.18   data arrival time
-----------------------------------------------------------------------------
                                  0.71   slack (MET)


Startpoint: _485_ (rising edge-triggered flip-flop clocked by clk)
Endpoint: _485_ (rising edge-triggered flip-flop clocked by clk)
Path Group: clk
Path Type: min

Fanout     Cap    Slew   Delay    Time   Description
-----------------------------------------------------------------------------
                          0.00    0.00   clock clk (rise edge)
                          0.00    0.00   clock source latency
                  0.04    0.03    0.03 ^ clk (in)
     1    0.01                           clk (net)
                  0.04    0.00    0.03 ^ clkbuf_0_clk/A (sky130_fd_sc_hd__clkbuf_16)
                  0.04    0.11    0.14 ^ clkbuf_0_clk/X (sky130_fd_sc_hd__clkbuf_16)
     2    0.02                           clknet_0_clk (net)
                  0.04    0.00    0.14 ^ clkbuf_1_0__f_clk/A (sky130_fd_sc_hd__clkbuf_16)
                  0.04    0.11    0.25 ^ clkbuf_1_0__f_clk/X (sky130_fd_sc_hd__clkbuf_16)
     7    0.01                           clknet_1_0__leaf_clk (net)
                  0.04    0.00    0.25 ^ _485_/CLK (sky130_fd_sc_hd__dfrtp_1)
                  0.05    0.30    0.55 ^ _485_/Q (sky130_fd_sc_hd__dfrtp_1)
     2    0.00                           net30 (net)
                  0.05    0.00    0.55 ^ hold9/A (sky130_fd_sc_hd__dlygate4sd3_1)
                  0.04    0.50    1.05 ^ hold9/X (sky130_fd_sc_hd__dlygate4sd3_1)
     1    0.00                           net48 (net)
                  0.04    0.00    1.05 ^ _464_/B (sky130_fd_sc_hd__and2_1)
                  0.04    0.11    1.16 ^ _464_/X (sky130_fd_sc_hd__and2_1)
     1    0.00                           _182_ (net)
                  0.04    0.00    1.16 ^ _465_/B1 (sky130_fd_sc_hd__a31o_1)
                  0.03    0.08    1.23 ^ _465_/X (sky130_fd_sc_hd__a31o_1)
     1    0.00                           _006_ (net)
                  0.03    0.00    1.23 ^ _485_/D (sky130_fd_sc_hd__dfrtp_1)
                                  1.23   data arrival time

                          0.00    0.00   clock clk (rise edge)
                          0.00    0.00   clock source latency
                  0.04    0.03    0.03 ^ clk (in)
     1    0.01                           clk (net)
                  0.04    0.00    0.03 ^ clkbuf_0_clk/A (sky130_fd_sc_hd__clkbuf_16)
                  0.04    0.13    0.16 ^ clkbuf_0_clk/X (sky130_fd_sc_hd__clkbuf_16)
     2    0.02                           clknet_0_clk (net)
                  0.04    0.00    0.16 ^ clkbuf_1_0__f_clk/A (sky130_fd_sc_hd__clkbuf_16)
                  0.04    0.12    0.28 ^ clkbuf_1_0__f_clk/X (sky130_fd_sc_hd__clkbuf_16)
     7    0.01                           clknet_1_0__leaf_clk (net)
                  0.04    0.00    0.28 ^ _485_/CLK (sky130_fd_sc_hd__dfrtp_1)
                          0.25    0.53   clock uncertainty
                         -0.03    0.50   clock reconvergence pessimism
                         -0.03    0.47   library hold time
                                  0.47   data required time
-----------------------------------------------------------------------------
                                  0.47   data required time
                                 -1.23   data arrival time
-----------------------------------------------------------------------------
                                  0.77   slack (MET)


Startpoint: _488_ (rising edge-triggered flip-flop clocked by clk)
Endpoint: _488_ (rising edge-triggered flip-flop clocked by clk)
Path Group: clk
Path Type: min

Fanout     Cap    Slew   Delay    Time   Description
-----------------------------------------------------------------------------
                          0.00    0.00   clock clk (rise edge)
                          0.00    0.00   clock source latency
                  0.04    0.03    0.03 ^ clk (in)
     1    0.01                           clk (net)
                  0.04    0.00    0.03 ^ clkbuf_0_clk/A (sky130_fd_sc_hd__clkbuf_16)
                  0.04    0.11    0.14 ^ clkbuf_0_clk/X (sky130_fd_sc_hd__clkbuf_16)
     2    0.02                           clknet_0_clk (net)
                  0.04    0.00    0.14 ^ clkbuf_1_0__f_clk/A (sky130_fd_sc_hd__clkbuf_16)
                  0.04    0.11    0.25 ^ clkbuf_1_0__f_clk/X (sky130_fd_sc_hd__clkbuf_16)
     7    0.01                           clknet_1_0__leaf_clk (net)
                  0.04    0.00    0.25 ^ _488_/CLK (sky130_fd_sc_hd__dfrtp_1)
                  0.05    0.30    0.55 ^ _488_/Q (sky130_fd_sc_hd__dfrtp_1)
     2    0.00                           net33 (net)
                  0.05    0.00    0.55 ^ hold11/A (sky130_fd_sc_hd__dlygate4sd3_1)
                  0.04    0.50    1.05 ^ hold11/X (sky130_fd_sc_hd__dlygate4sd3_1)
     1    0.00                           net50 (net)
                  0.04    0.00    1.05 ^ _470_/B (sky130_fd_sc_hd__and2_1)
                  0.04    0.11    1.16 ^ _470_/X (sky130_fd_sc_hd__and2_1)
     1    0.00                           _185_ (net)
                  0.04    0.00    1.16 ^ _471_/B1 (sky130_fd_sc_hd__a31o_1)
                  0.03    0.08    1.23 ^ _471_/X (sky130_fd_sc_hd__a31o_1)
     1    0.00                           _009_ (net)
                  0.03    0.00    1.23 ^ _488_/D (sky130_fd_sc_hd__dfrtp_1)
                                  1.23   data arrival time

                          0.00    0.00   clock clk (rise edge)
                          0.00    0.00   clock source latency
                  0.04    0.03    0.03 ^ clk (in)
     1    0.01                           clk (net)
                  0.04    0.00    0.03 ^ clkbuf_0_clk/A (sky130_fd_sc_hd__clkbuf_16)
                  0.04    0.13    0.16 ^ clkbuf_0_clk/X (sky130_fd_sc_hd__clkbuf_16)
     2    0.02                           clknet_0_clk (net)
                  0.04    0.00    0.16 ^ clkbuf_1_0__f_clk/A (sky130_fd_sc_hd__clkbuf_16)
                  0.04    0.12    0.28 ^ clkbuf_1_0__f_clk/X (sky130_fd_sc_hd__clkbuf_16)
     7    0.01                           clknet_1_0__leaf_clk (net)
                  0.04    0.00    0.28 ^ _488_/CLK (sky130_fd_sc_hd__dfrtp_1)
                          0.25    0.53   clock uncertainty
                         -0.03    0.50   clock reconvergence pessimism
                         -0.03    0.47   library hold time
                                  0.47   data required time
-----------------------------------------------------------------------------
                                  0.47   data required time
                                 -1.23   data arrival time
-----------------------------------------------------------------------------
                                  0.77   slack (MET)


Startpoint: _484_ (rising edge-triggered flip-flop clocked by clk)
Endpoint: _484_ (rising edge-triggered flip-flop clocked by clk)
Path Group: clk
Path Type: min

Fanout     Cap    Slew   Delay    Time   Description
-----------------------------------------------------------------------------
                          0.00    0.00   clock clk (rise edge)
                          0.00    0.00   clock source latency
                  0.04    0.03    0.03 ^ clk (in)
     1    0.01                           clk (net)
                  0.04    0.00    0.03 ^ clkbuf_0_clk/A (sky130_fd_sc_hd__clkbuf_16)
                  0.04    0.11    0.14 ^ clkbuf_0_clk/X (sky130_fd_sc_hd__clkbuf_16)
     2    0.02                           clknet_0_clk (net)
                  0.04    0.00    0.14 ^ clkbuf_1_0__f_clk/A (sky130_fd_sc_hd__clkbuf_16)
                  0.04    0.11    0.25 ^ clkbuf_1_0__f_clk/X (sky130_fd_sc_hd__clkbuf_16)
     7    0.01                           clknet_1_0__leaf_clk (net)
                  0.04    0.00    0.25 ^ _484_/CLK (sky130_fd_sc_hd__dfrtp_1)
                  0.06    0.30    0.56 ^ _484_/Q (sky130_fd_sc_hd__dfrtp_1)
     2    0.00                           net29 (net)
                  0.06    0.00    0.56 ^ hold7/A (sky130_fd_sc_hd__dlygate4sd3_1)
                  0.04    0.50    1.06 ^ hold7/X (sky130_fd_sc_hd__dlygate4sd3_1)
     1    0.00                           net46 (net)
                  0.04    0.00    1.06 ^ _462_/B (sky130_fd_sc_hd__and2_1)
                  0.04    0.11    1.16 ^ _462_/X (sky130_fd_sc_hd__and2_1)
     1    0.00                           _181_ (net)
                  0.04    0.00    1.16 ^ _463_/B1 (sky130_fd_sc_hd__a31o_1)
                  0.03    0.08    1.24 ^ _463_/X (sky130_fd_sc_hd__a31o_1)
     1    0.00                           _005_ (net)
                  0.03    0.00    1.24 ^ _484_/D (sky130_fd_sc_hd__dfrtp_1)
                                  1.24   data arrival time

                          0.00    0.00   clock clk (rise edge)
                          0.00    0.00   clock source latency
                  0.04    0.03    0.03 ^ clk (in)
     1    0.01                           clk (net)
                  0.04    0.00    0.03 ^ clkbuf_0_clk/A (sky130_fd_sc_hd__clkbuf_16)
                  0.04    0.13    0.16 ^ clkbuf_0_clk/X (sky130_fd_sc_hd__clkbuf_16)
     2    0.02                           clknet_0_clk (net)
                  0.04    0.00    0.16 ^ clkbuf_1_0__f_clk/A (sky130_fd_sc_hd__clkbuf_16)
                  0.04    0.12    0.28 ^ clkbuf_1_0__f_clk/X (sky130_fd_sc_hd__clkbuf_16)
     7    0.01                           clknet_1_0__leaf_clk (net)
                  0.04    0.00    0.28 ^ _484_/CLK (sky130_fd_sc_hd__dfrtp_1)
                          0.25    0.53   clock uncertainty
                         -0.03    0.50   clock reconvergence pessimism
                         -0.03    0.47   library hold time
                                  0.47   data required time
-----------------------------------------------------------------------------
                                  0.47   data required time
                                 -1.24   data arrival time
-----------------------------------------------------------------------------
                                  0.77   slack (MET)


Startpoint: _486_ (rising edge-triggered flip-flop clocked by clk)
Endpoint: _486_ (rising edge-triggered flip-flop clocked by clk)
Path Group: clk
Path Type: min

Fanout     Cap    Slew   Delay    Time   Description
-----------------------------------------------------------------------------
                          0.00    0.00   clock clk (rise edge)
                          0.00    0.00   clock source latency
                  0.04    0.03    0.03 ^ clk (in)
     1    0.01                           clk (net)
                  0.04    0.00    0.03 ^ clkbuf_0_clk/A (sky130_fd_sc_hd__clkbuf_16)
                  0.04    0.11    0.14 ^ clkbuf_0_clk/X (sky130_fd_sc_hd__clkbuf_16)
     2    0.02                           clknet_0_clk (net)
                  0.04    0.00    0.14 ^ clkbuf_1_0__f_clk/A (sky130_fd_sc_hd__clkbuf_16)
                  0.04    0.11    0.25 ^ clkbuf_1_0__f_clk/X (sky130_fd_sc_hd__clkbuf_16)
     7    0.01                           clknet_1_0__leaf_clk (net)
                  0.04    0.00    0.25 ^ _486_/CLK (sky130_fd_sc_hd__dfrtp_1)
                  0.06    0.30    0.56 ^ _486_/Q (sky130_fd_sc_hd__dfrtp_1)
     2    0.00                           net31 (net)
                  0.06    0.00    0.56 ^ hold10/A (sky130_fd_sc_hd__dlygate4sd3_1)
                  0.04    0.50    1.06 ^ hold10/X (sky130_fd_sc_hd__dlygate4sd3_1)
     1    0.00                           net49 (net)
                  0.04    0.00    1.06 ^ _466_/B (sky130_fd_sc_hd__and2_1)
                  0.04    0.11    1.16 ^ _466_/X (sky130_fd_sc_hd__and2_1)
     1    0.00                           _183_ (net)
                  0.04    0.00    1.16 ^ _467_/B1 (sky130_fd_sc_hd__a31o_1)
                  0.03    0.08    1.24 ^ _467_/X (sky130_fd_sc_hd__a31o_1)
     1    0.00                           _007_ (net)
                  0.03    0.00    1.24 ^ _486_/D (sky130_fd_sc_hd__dfrtp_1)
                                  1.24   data arrival time

                          0.00    0.00   clock clk (rise edge)
                          0.00    0.00   clock source latency
                  0.04    0.03    0.03 ^ clk (in)
     1    0.01                           clk (net)
                  0.04    0.00    0.03 ^ clkbuf_0_clk/A (sky130_fd_sc_hd__clkbuf_16)
                  0.04    0.13    0.16 ^ clkbuf_0_clk/X (sky130_fd_sc_hd__clkbuf_16)
     2    0.02                           clknet_0_clk (net)
                  0.04    0.00    0.16 ^ clkbuf_1_0__f_clk/A (sky130_fd_sc_hd__clkbuf_16)
                  0.04    0.12    0.28 ^ clkbuf_1_0__f_clk/X (sky130_fd_sc_hd__clkbuf_16)
     7    0.01                           clknet_1_0__leaf_clk (net)
                  0.04    0.00    0.28 ^ _486_/CLK (sky130_fd_sc_hd__dfrtp_1)
                          0.25    0.53   clock uncertainty
                         -0.03    0.50   clock reconvergence pessimism
                         -0.03    0.47   library hold time
                                  0.47   data required time
-----------------------------------------------------------------------------
                                  0.47   data required time
                                 -1.24   data arrival time
-----------------------------------------------------------------------------
                                  0.77   slack (MET)


Startpoint: _489_ (rising edge-triggered flip-flop clocked by clk)
Endpoint: _489_ (rising edge-triggered flip-flop clocked by clk)
Path Group: clk
Path Type: min

Fanout     Cap    Slew   Delay    Time   Description
-----------------------------------------------------------------------------
                          0.00    0.00   clock clk (rise edge)
                          0.00    0.00   clock source latency
                  0.04    0.03    0.03 ^ clk (in)
     1    0.01                           clk (net)
                  0.04    0.00    0.03 ^ clkbuf_0_clk/A (sky130_fd_sc_hd__clkbuf_16)
                  0.04    0.11    0.14 ^ clkbuf_0_clk/X (sky130_fd_sc_hd__clkbuf_16)
     2    0.02                           clknet_0_clk (net)
                  0.04    0.00    0.14 ^ clkbuf_1_0__f_clk/A (sky130_fd_sc_hd__clkbuf_16)
                  0.04    0.11    0.25 ^ clkbuf_1_0__f_clk/X (sky130_fd_sc_hd__clkbuf_16)
     7    0.01                           clknet_1_0__leaf_clk (net)
                  0.04    0.00    0.25 ^ _489_/CLK (sky130_fd_sc_hd__dfrtp_1)
                  0.06    0.30    0.56 ^ _489_/Q (sky130_fd_sc_hd__dfrtp_1)
     2    0.00                           net34 (net)
                  0.06    0.00    0.56 ^ hold12/A (sky130_fd_sc_hd__dlygate4sd3_1)
                  0.04    0.50    1.06 ^ hold12/X (sky130_fd_sc_hd__dlygate4sd3_1)
     1    0.00                           net51 (net)
                  0.04    0.00    1.06 ^ _472_/B (sky130_fd_sc_hd__and2_1)
                  0.04    0.11    1.16 ^ _472_/X (sky130_fd_sc_hd__and2_1)
     1    0.00                           _186_ (net)
                  0.04    0.00    1.16 ^ _473_/B1 (sky130_fd_sc_hd__a31o_1)
                  0.03    0.08    1.24 ^ _473_/X (sky130_fd_sc_hd__a31o_1)
     1    0.00                           _010_ (net)
                  0.03    0.00    1.24 ^ _489_/D (sky130_fd_sc_hd__dfrtp_1)
                                  1.24   data arrival time

                          0.00    0.00   clock clk (rise edge)
                          0.00    0.00   clock source latency
                  0.04    0.03    0.03 ^ clk (in)
     1    0.01                           clk (net)
                  0.04    0.00    0.03 ^ clkbuf_0_clk/A (sky130_fd_sc_hd__clkbuf_16)
                  0.04    0.13    0.16 ^ clkbuf_0_clk/X (sky130_fd_sc_hd__clkbuf_16)
     2    0.02                           clknet_0_clk (net)
                  0.04    0.00    0.16 ^ clkbuf_1_0__f_clk/A (sky130_fd_sc_hd__clkbuf_16)
                  0.04    0.12    0.28 ^ clkbuf_1_0__f_clk/X (sky130_fd_sc_hd__clkbuf_16)
     7    0.01                           clknet_1_0__leaf_clk (net)
                  0.04    0.00    0.28 ^ _489_/CLK (sky130_fd_sc_hd__dfrtp_1)
                          0.25    0.53   clock uncertainty
                         -0.03    0.50   clock reconvergence pessimism
                         -0.03    0.47   library hold time
                                  0.47   data required time
-----------------------------------------------------------------------------
                                  0.47   data required time
                                 -1.24   data arrival time
-----------------------------------------------------------------------------
                                  0.77   slack (MET)


Startpoint: _490_ (rising edge-triggered flip-flop clocked by clk)
Endpoint: _490_ (rising edge-triggered flip-flop clocked by clk)
Path Group: clk
Path Type: min

Fanout     Cap    Slew   Delay    Time   Description
-----------------------------------------------------------------------------
                          0.00    0.00   clock clk (rise edge)
                          0.00    0.00   clock source latency
                  0.04    0.03    0.03 ^ clk (in)
     1    0.01                           clk (net)
                  0.04    0.00    0.03 ^ clkbuf_0_clk/A (sky130_fd_sc_hd__clkbuf_16)
                  0.04    0.11    0.14 ^ clkbuf_0_clk/X (sky130_fd_sc_hd__clkbuf_16)
     2    0.02                           clknet_0_clk (net)
                  0.04    0.00    0.14 ^ clkbuf_1_0__f_clk/A (sky130_fd_sc_hd__clkbuf_16)
                  0.04    0.11    0.25 ^ clkbuf_1_0__f_clk/X (sky130_fd_sc_hd__clkbuf_16)
     7    0.01                           clknet_1_0__leaf_clk (net)
                  0.04    0.00    0.25 ^ _490_/CLK (sky130_fd_sc_hd__dfrtp_1)
                  0.06    0.30    0.56 ^ _490_/Q (sky130_fd_sc_hd__dfrtp_1)
     2    0.00                           net35 (net)
                  0.06    0.00    0.56 ^ hold8/A (sky130_fd_sc_hd__dlygate4sd3_1)
                  0.04    0.50    1.06 ^ hold8/X (sky130_fd_sc_hd__dlygate4sd3_1)
     1    0.00                           net47 (net)
                  0.04    0.00    1.06 ^ _474_/B (sky130_fd_sc_hd__and2_1)
                  0.04    0.11    1.16 ^ _474_/X (sky130_fd_sc_hd__and2_1)
     1    0.00                           _187_ (net)
                  0.04    0.00    1.16 ^ _475_/B1 (sky130_fd_sc_hd__a31o_1)
                  0.03    0.08    1.24 ^ _475_/X (sky130_fd_sc_hd__a31o_1)
     1    0.00                           _011_ (net)
                  0.03    0.00    1.24 ^ _490_/D (sky130_fd_sc_hd__dfrtp_1)
                                  1.24   data arrival time

                          0.00    0.00   clock clk (rise edge)
                          0.00    0.00   clock source latency
                  0.04    0.03    0.03 ^ clk (in)
     1    0.01                           clk (net)
                  0.04    0.00    0.03 ^ clkbuf_0_clk/A (sky130_fd_sc_hd__clkbuf_16)
                  0.04    0.13    0.16 ^ clkbuf_0_clk/X (sky130_fd_sc_hd__clkbuf_16)
     2    0.02                           clknet_0_clk (net)
                  0.04    0.00    0.16 ^ clkbuf_1_0__f_clk/A (sky130_fd_sc_hd__clkbuf_16)
                  0.04    0.12    0.28 ^ clkbuf_1_0__f_clk/X (sky130_fd_sc_hd__clkbuf_16)
     7    0.01                           clknet_1_0__leaf_clk (net)
                  0.04    0.00    0.28 ^ _490_/CLK (sky130_fd_sc_hd__dfrtp_1)
                          0.25    0.53   clock uncertainty
                         -0.03    0.50   clock reconvergence pessimism
                         -0.03    0.47   library hold time
                                  0.47   data required time
-----------------------------------------------------------------------------
                                  0.47   data required time
                                 -1.24   data arrival time
-----------------------------------------------------------------------------
                                  0.77   slack (MET)


Startpoint: _491_ (rising edge-triggered flip-flop clocked by clk)
Endpoint: _491_ (rising edge-triggered flip-flop clocked by clk)
Path Group: clk
Path Type: min

Fanout     Cap    Slew   Delay    Time   Description
-----------------------------------------------------------------------------
                          0.00    0.00   clock clk (rise edge)
                          0.00    0.00   clock source latency
                  0.04    0.03    0.03 ^ clk (in)
     1    0.01                           clk (net)
                  0.04    0.00    0.03 ^ clkbuf_0_clk/A (sky130_fd_sc_hd__clkbuf_16)
                  0.04    0.11    0.14 ^ clkbuf_0_clk/X (sky130_fd_sc_hd__clkbuf_16)
     2    0.02                           clknet_0_clk (net)
                  0.04    0.00    0.14 ^ clkbuf_1_0__f_clk/A (sky130_fd_sc_hd__clkbuf_16)
                  0.04    0.11    0.25 ^ clkbuf_1_0__f_clk/X (sky130_fd_sc_hd__clkbuf_16)
     7    0.01                           clknet_1_0__leaf_clk (net)
                  0.04    0.00    0.25 ^ _491_/CLK (sky130_fd_sc_hd__dfrtp_1)
                  0.06    0.30    0.56 ^ _491_/Q (sky130_fd_sc_hd__dfrtp_1)
     2    0.00                           net36 (net)
                  0.06    0.00    0.56 ^ hold6/A (sky130_fd_sc_hd__dlygate4sd3_1)
                  0.04    0.50    1.06 ^ hold6/X (sky130_fd_sc_hd__dlygate4sd3_1)
     1    0.00                           net45 (net)
                  0.04    0.00    1.06 ^ _476_/B (sky130_fd_sc_hd__and2_1)
                  0.04    0.11    1.16 ^ _476_/X (sky130_fd_sc_hd__and2_1)
     1    0.00                           _188_ (net)
                  0.04    0.00    1.16 ^ _477_/B1 (sky130_fd_sc_hd__a31o_1)
                  0.03    0.08    1.24 ^ _477_/X (sky130_fd_sc_hd__a31o_1)
     1    0.00                           _012_ (net)
                  0.03    0.00    1.24 ^ _491_/D (sky130_fd_sc_hd__dfrtp_1)
                                  1.24   data arrival time

                          0.00    0.00   clock clk (rise edge)
                          0.00    0.00   clock source latency
                  0.04    0.03    0.03 ^ clk (in)
     1    0.01                           clk (net)
                  0.04    0.00    0.03 ^ clkbuf_0_clk/A (sky130_fd_sc_hd__clkbuf_16)
                  0.04    0.13    0.16 ^ clkbuf_0_clk/X (sky130_fd_sc_hd__clkbuf_16)
     2    0.02                           clknet_0_clk (net)
                  0.04    0.00    0.16 ^ clkbuf_1_0__f_clk/A (sky130_fd_sc_hd__clkbuf_16)
                  0.04    0.12    0.28 ^ clkbuf_1_0__f_clk/X (sky130_fd_sc_hd__clkbuf_16)
     7    0.01                           clknet_1_0__leaf_clk (net)
                  0.04    0.00    0.28 ^ _491_/CLK (sky130_fd_sc_hd__dfrtp_1)
                          0.25    0.53   clock uncertainty
                         -0.03    0.50   clock reconvergence pessimism
                         -0.03    0.47   library hold time
                                  0.47   data required time
-----------------------------------------------------------------------------
                                  0.47   data required time
                                 -1.24   data arrival time
-----------------------------------------------------------------------------
                                  0.77   slack (MET)


Startpoint: rst_n (input port clocked by clk)
Endpoint: _485_ (removal check against rising-edge clock clk)
Path Group: asynchronous
Path Type: min

Fanout     Cap    Slew   Delay    Time   Description
-----------------------------------------------------------------------------
                          0.00    0.00   clock clk (rise edge)
                          0.00    0.00   clock network delay (propagated)
                          5.00    5.00 ^ input external delay
                  0.02    0.01    5.01 ^ rst_n (in)
     1    0.00                           rst_n (net)
                  0.02    0.00    5.01 ^ input10/A (sky130_fd_sc_hd__clkbuf_2)
                  0.10    0.13    5.14 ^ input10/X (sky130_fd_sc_hd__clkbuf_2)
     5    0.02                           net10 (net)
                  0.10    0.00    5.14 ^ _485_/RESET_B (sky130_fd_sc_hd__dfrtp_1)
                                  5.14   data arrival time

                          0.00    0.00   clock clk (rise edge)
                          0.00    0.00   clock source latency
                  0.04    0.03    0.03 ^ clk (in)
     1    0.01                           clk (net)
                  0.04    0.00    0.03 ^ clkbuf_0_clk/A (sky130_fd_sc_hd__clkbuf_16)
                  0.04    0.13    0.16 ^ clkbuf_0_clk/X (sky130_fd_sc_hd__clkbuf_16)
     2    0.02                           clknet_0_clk (net)
                  0.04    0.00    0.16 ^ clkbuf_1_0__f_clk/A (sky130_fd_sc_hd__clkbuf_16)
                  0.04    0.12    0.28 ^ clkbuf_1_0__f_clk/X (sky130_fd_sc_hd__clkbuf_16)
     7    0.01                           clknet_1_0__leaf_clk (net)
                  0.04    0.00    0.28 ^ _485_/CLK (sky130_fd_sc_hd__dfrtp_1)
                          0.25    0.53   clock uncertainty
                          0.00    0.53   clock reconvergence pessimism
                          0.33    0.86   library removal time
                                  0.86   data required time
-----------------------------------------------------------------------------
                                  0.86   data required time
                                 -5.14   data arrival time
-----------------------------------------------------------------------------
                                  4.27   slack (MET)


Startpoint: rst_n (input port clocked by clk)
Endpoint: _486_ (removal check against rising-edge clock clk)
Path Group: asynchronous
Path Type: min

Fanout     Cap    Slew   Delay    Time   Description
-----------------------------------------------------------------------------
                          0.00    0.00   clock clk (rise edge)
                          0.00    0.00   clock network delay (propagated)
                          5.00    5.00 ^ input external delay
                  0.02    0.01    5.01 ^ rst_n (in)
     1    0.00                           rst_n (net)
                  0.02    0.00    5.01 ^ input10/A (sky130_fd_sc_hd__clkbuf_2)
                  0.10    0.13    5.14 ^ input10/X (sky130_fd_sc_hd__clkbuf_2)
     5    0.02                           net10 (net)
                  0.10    0.00    5.14 ^ _486_/RESET_B (sky130_fd_sc_hd__dfrtp_1)
                                  5.14   data arrival time

                          0.00    0.00   clock clk (rise edge)
                          0.00    0.00   clock source latency
                  0.04    0.03    0.03 ^ clk (in)
     1    0.01                           clk (net)
                  0.04    0.00    0.03 ^ clkbuf_0_clk/A (sky130_fd_sc_hd__clkbuf_16)
                  0.04    0.13    0.16 ^ clkbuf_0_clk/X (sky130_fd_sc_hd__clkbuf_16)
     2    0.02                           clknet_0_clk (net)
                  0.04    0.00    0.16 ^ clkbuf_1_0__f_clk/A (sky130_fd_sc_hd__clkbuf_16)
                  0.04    0.12    0.28 ^ clkbuf_1_0__f_clk/X (sky130_fd_sc_hd__clkbuf_16)
     7    0.01                           clknet_1_0__leaf_clk (net)
                  0.04    0.00    0.28 ^ _486_/CLK (sky130_fd_sc_hd__dfrtp_1)
                          0.25    0.53   clock uncertainty
                          0.00    0.53   clock reconvergence pessimism
                          0.33    0.86   library removal time
                                  0.86   data required time
-----------------------------------------------------------------------------
                                  0.86   data required time
                                 -5.14   data arrival time
-----------------------------------------------------------------------------
                                  4.27   slack (MET)


Startpoint: rst_n (input port clocked by clk)
Endpoint: _487_ (removal check against rising-edge clock clk)
Path Group: asynchronous
Path Type: min

Fanout     Cap    Slew   Delay    Time   Description
-----------------------------------------------------------------------------
                          0.00    0.00   clock clk (rise edge)
                          0.00    0.00   clock network delay (propagated)
                          5.00    5.00 ^ input external delay
                  0.02    0.01    5.01 ^ rst_n (in)
     1    0.00                           rst_n (net)
                  0.02    0.00    5.01 ^ input10/A (sky130_fd_sc_hd__clkbuf_2)
                  0.10    0.13    5.14 ^ input10/X (sky130_fd_sc_hd__clkbuf_2)
     5    0.02                           net10 (net)
                  0.10    0.00    5.14 ^ _487_/RESET_B (sky130_fd_sc_hd__dfrtp_1)
                                  5.14   data arrival time

                          0.00    0.00   clock clk (rise edge)
                          0.00    0.00   clock source latency
                  0.04    0.03    0.03 ^ clk (in)
     1    0.01                           clk (net)
                  0.04    0.00    0.03 ^ clkbuf_0_clk/A (sky130_fd_sc_hd__clkbuf_16)
                  0.04    0.13    0.16 ^ clkbuf_0_clk/X (sky130_fd_sc_hd__clkbuf_16)
     2    0.02                           clknet_0_clk (net)
                  0.04    0.00    0.16 ^ clkbuf_1_1__f_clk/A (sky130_fd_sc_hd__clkbuf_16)
                  0.04    0.12    0.28 ^ clkbuf_1_1__f_clk/X (sky130_fd_sc_hd__clkbuf_16)
     7    0.01                           clknet_1_1__leaf_clk (net)
                  0.04    0.00    0.28 ^ _487_/CLK (sky130_fd_sc_hd__dfrtp_1)
                          0.25    0.53   clock uncertainty
                          0.00    0.53   clock reconvergence pessimism
                          0.33    0.86   library removal time
                                  0.86   data required time
-----------------------------------------------------------------------------
                                  0.86   data required time
                                 -5.14   data arrival time
-----------------------------------------------------------------------------
                                  4.27   slack (MET)


Startpoint: rst_n (input port clocked by clk)
Endpoint: _488_ (removal check against rising-edge clock clk)
Path Group: asynchronous
Path Type: min

Fanout     Cap    Slew   Delay    Time   Description
-----------------------------------------------------------------------------
                          0.00    0.00   clock clk (rise edge)
                          0.00    0.00   clock network delay (propagated)
                          5.00    5.00 ^ input external delay
                  0.02    0.01    5.01 ^ rst_n (in)
     1    0.00                           rst_n (net)
                  0.02    0.00    5.01 ^ input10/A (sky130_fd_sc_hd__clkbuf_2)
                  0.10    0.13    5.14 ^ input10/X (sky130_fd_sc_hd__clkbuf_2)
     5    0.02                           net10 (net)
                  0.10    0.00    5.14 ^ _488_/RESET_B (sky130_fd_sc_hd__dfrtp_1)
                                  5.14   data arrival time

                          0.00    0.00   clock clk (rise edge)
                          0.00    0.00   clock source latency
                  0.04    0.03    0.03 ^ clk (in)
     1    0.01                           clk (net)
                  0.04    0.00    0.03 ^ clkbuf_0_clk/A (sky130_fd_sc_hd__clkbuf_16)
                  0.04    0.13    0.16 ^ clkbuf_0_clk/X (sky130_fd_sc_hd__clkbuf_16)
     2    0.02                           clknet_0_clk (net)
                  0.04    0.00    0.16 ^ clkbuf_1_0__f_clk/A (sky130_fd_sc_hd__clkbuf_16)
                  0.04    0.12    0.28 ^ clkbuf_1_0__f_clk/X (sky130_fd_sc_hd__clkbuf_16)
     7    0.01                           clknet_1_0__leaf_clk (net)
                  0.04    0.00    0.28 ^ _488_/CLK (sky130_fd_sc_hd__dfrtp_1)
                          0.25    0.53   clock uncertainty
                          0.00    0.53   clock reconvergence pessimism
                          0.33    0.86   library removal time
                                  0.86   data required time
-----------------------------------------------------------------------------
                                  0.86   data required time
                                 -5.14   data arrival time
-----------------------------------------------------------------------------
                                  4.27   slack (MET)


Startpoint: rst_n (input port clocked by clk)
Endpoint: _478_ (removal check against rising-edge clock clk)
Path Group: asynchronous
Path Type: min

Fanout     Cap    Slew   Delay    Time   Description
-----------------------------------------------------------------------------
                          0.00    0.00   clock clk (rise edge)
                          0.00    0.00   clock network delay (propagated)
                          5.00    5.00 ^ input external delay
                  0.02    0.01    5.01 ^ rst_n (in)
     1    0.00                           rst_n (net)
                  0.02    0.00    5.01 ^ input10/A (sky130_fd_sc_hd__clkbuf_2)
                  0.10    0.13    5.14 ^ input10/X (sky130_fd_sc_hd__clkbuf_2)
     5    0.02                           net10 (net)
                  0.10    0.00    5.14 ^ fanout39/A (sky130_fd_sc_hd__buf_4)
                  0.11    0.17    5.31 ^ fanout39/X (sky130_fd_sc_hd__buf_4)
    10    0.04                           net39 (net)
                  0.11    0.00    5.31 ^ _478_/RESET_B (sky130_fd_sc_hd__dfrtp_1)
                                  5.31   data arrival time

                          0.00    0.00   clock clk (rise edge)
                          0.00    0.00   clock source latency
                  0.04    0.03    0.03 ^ clk (in)
     1    0.01                           clk (net)
                  0.04    0.00    0.03 ^ clkbuf_0_clk/A (sky130_fd_sc_hd__clkbuf_16)
                  0.04    0.13    0.16 ^ clkbuf_0_clk/X (sky130_fd_sc_hd__clkbuf_16)
     2    0.02                           clknet_0_clk (net)
                  0.04    0.00    0.16 ^ clkbuf_1_1__f_clk/A (sky130_fd_sc_hd__clkbuf_16)
                  0.04    0.12    0.28 ^ clkbuf_1_1__f_clk/X (sky130_fd_sc_hd__clkbuf_16)
     7    0.01                           clknet_1_1__leaf_clk (net)
                  0.04    0.00    0.28 ^ _478_/CLK (sky130_fd_sc_hd__dfrtp_1)
                          0.25    0.53   clock uncertainty
                          0.00    0.53   clock reconvergence pessimism
                          0.34    0.86   library removal time
                                  0.86   data required time
-----------------------------------------------------------------------------
                                  0.86   data required time
                                 -5.31   data arrival time
-----------------------------------------------------------------------------
                                  4.44   slack (MET)


Startpoint: rst_n (input port clocked by clk)
Endpoint: _479_ (removal check against rising-edge clock clk)
Path Group: asynchronous
Path Type: min

Fanout     Cap    Slew   Delay    Time   Description
-----------------------------------------------------------------------------
                          0.00    0.00   clock clk (rise edge)
                          0.00    0.00   clock network delay (propagated)
                          5.00    5.00 ^ input external delay
                  0.02    0.01    5.01 ^ rst_n (in)
     1    0.00                           rst_n (net)
                  0.02    0.00    5.01 ^ input10/A (sky130_fd_sc_hd__clkbuf_2)
                  0.10    0.13    5.14 ^ input10/X (sky130_fd_sc_hd__clkbuf_2)
     5    0.02                           net10 (net)
                  0.10    0.00    5.14 ^ fanout39/A (sky130_fd_sc_hd__buf_4)
                  0.11    0.17    5.31 ^ fanout39/X (sky130_fd_sc_hd__buf_4)
    10    0.04                           net39 (net)
                  0.11    0.00    5.31 ^ _479_/RESET_B (sky130_fd_sc_hd__dfrtp_1)
                                  5.31   data arrival time

                          0.00    0.00   clock clk (rise edge)
                          0.00    0.00   clock source latency
                  0.04    0.03    0.03 ^ clk (in)
     1    0.01                           clk (net)
                  0.04    0.00    0.03 ^ clkbuf_0_clk/A (sky130_fd_sc_hd__clkbuf_16)
                  0.04    0.13    0.16 ^ clkbuf_0_clk/X (sky130_fd_sc_hd__clkbuf_16)
     2    0.02                           clknet_0_clk (net)
                  0.04    0.00    0.16 ^ clkbuf_1_1__f_clk/A (sky130_fd_sc_hd__clkbuf_16)
                  0.04    0.12    0.28 ^ clkbuf_1_1__f_clk/X (sky130_fd_sc_hd__clkbuf_16)
     7    0.01                           clknet_1_1__leaf_clk (net)
                  0.04    0.00    0.28 ^ _479_/CLK (sky130_fd_sc_hd__dfrtp_1)
                          0.25    0.53   clock uncertainty
                          0.00    0.53   clock reconvergence pessimism
                          0.34    0.86   library removal time
                                  0.86   data required time
-----------------------------------------------------------------------------
                                  0.86   data required time
                                 -5.31   data arrival time
-----------------------------------------------------------------------------
                                  4.44   slack (MET)


Startpoint: rst_n (input port clocked by clk)
Endpoint: _480_ (removal check against rising-edge clock clk)
Path Group: asynchronous
Path Type: min

Fanout     Cap    Slew   Delay    Time   Description
-----------------------------------------------------------------------------
                          0.00    0.00   clock clk (rise edge)
                          0.00    0.00   clock network delay (propagated)
                          5.00    5.00 ^ input external delay
                  0.02    0.01    5.01 ^ rst_n (in)
     1    0.00                           rst_n (net)
                  0.02    0.00    5.01 ^ input10/A (sky130_fd_sc_hd__clkbuf_2)
                  0.10    0.13    5.14 ^ input10/X (sky130_fd_sc_hd__clkbuf_2)
     5    0.02                           net10 (net)
                  0.10    0.00    5.14 ^ fanout39/A (sky130_fd_sc_hd__buf_4)
                  0.11    0.17    5.31 ^ fanout39/X (sky130_fd_sc_hd__buf_4)
    10    0.04                           net39 (net)
                  0.11    0.00    5.31 ^ _480_/RESET_B (sky130_fd_sc_hd__dfrtp_1)
                                  5.31   data arrival time

                          0.00    0.00   clock clk (rise edge)
                          0.00    0.00   clock source latency
                  0.04    0.03    0.03 ^ clk (in)
     1    0.01                           clk (net)
                  0.04    0.00    0.03 ^ clkbuf_0_clk/A (sky130_fd_sc_hd__clkbuf_16)
                  0.04    0.13    0.16 ^ clkbuf_0_clk/X (sky130_fd_sc_hd__clkbuf_16)
     2    0.02                           clknet_0_clk (net)
                  0.04    0.00    0.16 ^ clkbuf_1_1__f_clk/A (sky130_fd_sc_hd__clkbuf_16)
                  0.04    0.12    0.28 ^ clkbuf_1_1__f_clk/X (sky130_fd_sc_hd__clkbuf_16)
     7    0.01                           clknet_1_1__leaf_clk (net)
                  0.04    0.00    0.28 ^ _480_/CLK (sky130_fd_sc_hd__dfrtp_1)
                          0.25    0.53   clock uncertainty
                          0.00    0.53   clock reconvergence pessimism
                          0.34    0.86   library removal time
                                  0.86   data required time
-----------------------------------------------------------------------------
                                  0.86   data required time
                                 -5.31   data arrival time
-----------------------------------------------------------------------------
                                  4.44   slack (MET)


Startpoint: rst_n (input port clocked by clk)
Endpoint: _481_ (removal check against rising-edge clock clk)
Path Group: asynchronous
Path Type: min

Fanout     Cap    Slew   Delay    Time   Description
-----------------------------------------------------------------------------
                          0.00    0.00   clock clk (rise edge)
                          0.00    0.00   clock network delay (propagated)
                          5.00    5.00 ^ input external delay
                  0.02    0.01    5.01 ^ rst_n (in)
     1    0.00                           rst_n (net)
                  0.02    0.00    5.01 ^ input10/A (sky130_fd_sc_hd__clkbuf_2)
                  0.10    0.13    5.14 ^ input10/X (sky130_fd_sc_hd__clkbuf_2)
     5    0.02                           net10 (net)
                  0.10    0.00    5.14 ^ fanout39/A (sky130_fd_sc_hd__buf_4)
                  0.11    0.17    5.31 ^ fanout39/X (sky130_fd_sc_hd__buf_4)
    10    0.04                           net39 (net)
                  0.11    0.00    5.31 ^ _481_/RESET_B (sky130_fd_sc_hd__dfrtp_1)
                                  5.31   data arrival time

                          0.00    0.00   clock clk (rise edge)
                          0.00    0.00   clock source latency
                  0.04    0.03    0.03 ^ clk (in)
     1    0.01                           clk (net)
                  0.04    0.00    0.03 ^ clkbuf_0_clk/A (sky130_fd_sc_hd__clkbuf_16)
                  0.04    0.13    0.16 ^ clkbuf_0_clk/X (sky130_fd_sc_hd__clkbuf_16)
     2    0.02                           clknet_0_clk (net)
                  0.04    0.00    0.16 ^ clkbuf_1_1__f_clk/A (sky130_fd_sc_hd__clkbuf_16)
                  0.04    0.12    0.28 ^ clkbuf_1_1__f_clk/X (sky130_fd_sc_hd__clkbuf_16)
     7    0.01                           clknet_1_1__leaf_clk (net)
                  0.04    0.00    0.28 ^ _481_/CLK (sky130_fd_sc_hd__dfrtp_1)
                          0.25    0.53   clock uncertainty
                          0.00    0.53   clock reconvergence pessimism
                          0.34    0.86   library removal time
                                  0.86   data required time
-----------------------------------------------------------------------------
                                  0.86   data required time
                                 -5.31   data arrival time
-----------------------------------------------------------------------------
                                  4.44   slack (MET)


Startpoint: rst_n (input port clocked by clk)
Endpoint: _482_ (removal check against rising-edge clock clk)
Path Group: asynchronous
Path Type: min

Fanout     Cap    Slew   Delay    Time   Description
-----------------------------------------------------------------------------
                          0.00    0.00   clock clk (rise edge)
                          0.00    0.00   clock network delay (propagated)
                          5.00    5.00 ^ input external delay
                  0.02    0.01    5.01 ^ rst_n (in)
     1    0.00                           rst_n (net)
                  0.02    0.00    5.01 ^ input10/A (sky130_fd_sc_hd__clkbuf_2)
                  0.10    0.13    5.14 ^ input10/X (sky130_fd_sc_hd__clkbuf_2)
     5    0.02                           net10 (net)
                  0.10    0.00    5.14 ^ fanout39/A (sky130_fd_sc_hd__buf_4)
                  0.11    0.17    5.31 ^ fanout39/X (sky130_fd_sc_hd__buf_4)
    10    0.04                           net39 (net)
                  0.11    0.00    5.31 ^ _482_/RESET_B (sky130_fd_sc_hd__dfrtp_1)
                                  5.31   data arrival time

                          0.00    0.00   clock clk (rise edge)
                          0.00    0.00   clock source latency
                  0.04    0.03    0.03 ^ clk (in)
     1    0.01                           clk (net)
                  0.04    0.00    0.03 ^ clkbuf_0_clk/A (sky130_fd_sc_hd__clkbuf_16)
                  0.04    0.13    0.16 ^ clkbuf_0_clk/X (sky130_fd_sc_hd__clkbuf_16)
     2    0.02                           clknet_0_clk (net)
                  0.04    0.00    0.16 ^ clkbuf_1_1__f_clk/A (sky130_fd_sc_hd__clkbuf_16)
                  0.04    0.12    0.28 ^ clkbuf_1_1__f_clk/X (sky130_fd_sc_hd__clkbuf_16)
     7    0.01                           clknet_1_1__leaf_clk (net)
                  0.04    0.00    0.28 ^ _482_/CLK (sky130_fd_sc_hd__dfrtp_1)
                          0.25    0.53   clock uncertainty
                          0.00    0.53   clock reconvergence pessimism
                          0.34    0.86   library removal time
                                  0.86   data required time
-----------------------------------------------------------------------------
                                  0.86   data required time
                                 -5.31   data arrival time
-----------------------------------------------------------------------------
                                  4.44   slack (MET)


Startpoint: rst_n (input port clocked by clk)
Endpoint: _483_ (removal check against rising-edge clock clk)
Path Group: asynchronous
Path Type: min

Fanout     Cap    Slew   Delay    Time   Description
-----------------------------------------------------------------------------
                          0.00    0.00   clock clk (rise edge)
                          0.00    0.00   clock network delay (propagated)
                          5.00    5.00 ^ input external delay
                  0.02    0.01    5.01 ^ rst_n (in)
     1    0.00                           rst_n (net)
                  0.02    0.00    5.01 ^ input10/A (sky130_fd_sc_hd__clkbuf_2)
                  0.10    0.13    5.14 ^ input10/X (sky130_fd_sc_hd__clkbuf_2)
     5    0.02                           net10 (net)
                  0.10    0.00    5.14 ^ fanout39/A (sky130_fd_sc_hd__buf_4)
                  0.11    0.17    5.31 ^ fanout39/X (sky130_fd_sc_hd__buf_4)
    10    0.04                           net39 (net)
                  0.11    0.00    5.31 ^ _483_/RESET_B (sky130_fd_sc_hd__dfrtp_1)
                                  5.31   data arrival time

                          0.00    0.00   clock clk (rise edge)
                          0.00    0.00   clock source latency
                  0.04    0.03    0.03 ^ clk (in)
     1    0.01                           clk (net)
                  0.04    0.00    0.03 ^ clkbuf_0_clk/A (sky130_fd_sc_hd__clkbuf_16)
                  0.04    0.13    0.16 ^ clkbuf_0_clk/X (sky130_fd_sc_hd__clkbuf_16)
     2    0.02                           clknet_0_clk (net)
                  0.04    0.00    0.16 ^ clkbuf_1_1__f_clk/A (sky130_fd_sc_hd__clkbuf_16)
                  0.04    0.12    0.28 ^ clkbuf_1_1__f_clk/X (sky130_fd_sc_hd__clkbuf_16)
     7    0.01                           clknet_1_1__leaf_clk (net)
                  0.04    0.00    0.28 ^ _483_/CLK (sky130_fd_sc_hd__dfrtp_1)
                          0.25    0.53   clock uncertainty
                          0.00    0.53   clock reconvergence pessimism
                          0.34    0.86   library removal time
                                  0.86   data required time
-----------------------------------------------------------------------------
                                  0.86   data required time
                                 -5.31   data arrival time
-----------------------------------------------------------------------------
                                  4.44   slack (MET)


Startpoint: rst_n (input port clocked by clk)
Endpoint: _484_ (removal check against rising-edge clock clk)
Path Group: asynchronous
Path Type: min

Fanout     Cap    Slew   Delay    Time   Description
-----------------------------------------------------------------------------
                          0.00    0.00   clock clk (rise edge)
                          0.00    0.00   clock network delay (propagated)
                          5.00    5.00 ^ input external delay
                  0.02    0.01    5.01 ^ rst_n (in)
     1    0.00                           rst_n (net)
                  0.02    0.00    5.01 ^ input10/A (sky130_fd_sc_hd__clkbuf_2)
                  0.10    0.13    5.14 ^ input10/X (sky130_fd_sc_hd__clkbuf_2)
     5    0.02                           net10 (net)
                  0.10    0.00    5.14 ^ fanout39/A (sky130_fd_sc_hd__buf_4)
                  0.11    0.17    5.31 ^ fanout39/X (sky130_fd_sc_hd__buf_4)
    10    0.04                           net39 (net)
                  0.11    0.00    5.31 ^ _484_/RESET_B (sky130_fd_sc_hd__dfrtp_1)
                                  5.31   data arrival time

                          0.00    0.00   clock clk (rise edge)
                          0.00    0.00   clock source latency
                  0.04    0.03    0.03 ^ clk (in)
     1    0.01                           clk (net)
                  0.04    0.00    0.03 ^ clkbuf_0_clk/A (sky130_fd_sc_hd__clkbuf_16)
                  0.04    0.13    0.16 ^ clkbuf_0_clk/X (sky130_fd_sc_hd__clkbuf_16)
     2    0.02                           clknet_0_clk (net)
                  0.04    0.00    0.16 ^ clkbuf_1_0__f_clk/A (sky130_fd_sc_hd__clkbuf_16)
                  0.04    0.12    0.28 ^ clkbuf_1_0__f_clk/X (sky130_fd_sc_hd__clkbuf_16)
     7    0.01                           clknet_1_0__leaf_clk (net)
                  0.04    0.00    0.28 ^ _484_/CLK (sky130_fd_sc_hd__dfrtp_1)
                          0.25    0.53   clock uncertainty
                          0.00    0.53   clock reconvergence pessimism
                          0.34    0.86   library removal time
                                  0.86   data required time
-----------------------------------------------------------------------------
                                  0.86   data required time
                                 -5.31   data arrival time
-----------------------------------------------------------------------------
                                  4.44   slack (MET)


Startpoint: rst_n (input port clocked by clk)
Endpoint: _489_ (removal check against rising-edge clock clk)
Path Group: asynchronous
Path Type: min

Fanout     Cap    Slew   Delay    Time   Description
-----------------------------------------------------------------------------
                          0.00    0.00   clock clk (rise edge)
                          0.00    0.00   clock network delay (propagated)
                          5.00    5.00 ^ input external delay
                  0.02    0.01    5.01 ^ rst_n (in)
     1    0.00                           rst_n (net)
                  0.02    0.00    5.01 ^ input10/A (sky130_fd_sc_hd__clkbuf_2)
                  0.10    0.13    5.14 ^ input10/X (sky130_fd_sc_hd__clkbuf_2)
     5    0.02                           net10 (net)
                  0.10    0.00    5.14 ^ fanout39/A (sky130_fd_sc_hd__buf_4)
                  0.11    0.17    5.31 ^ fanout39/X (sky130_fd_sc_hd__buf_4)
    10    0.04                           net39 (net)
                  0.11    0.00    5.31 ^ _489_/RESET_B (sky130_fd_sc_hd__dfrtp_1)
                                  5.31   data arrival time

                          0.00    0.00   clock clk (rise edge)
                          0.00    0.00   clock source latency
                  0.04    0.03    0.03 ^ clk (in)
     1    0.01                           clk (net)
                  0.04    0.00    0.03 ^ clkbuf_0_clk/A (sky130_fd_sc_hd__clkbuf_16)
                  0.04    0.13    0.16 ^ clkbuf_0_clk/X (sky130_fd_sc_hd__clkbuf_16)
     2    0.02                           clknet_0_clk (net)
                  0.04    0.00    0.16 ^ clkbuf_1_0__f_clk/A (sky130_fd_sc_hd__clkbuf_16)
                  0.04    0.12    0.28 ^ clkbuf_1_0__f_clk/X (sky130_fd_sc_hd__clkbuf_16)
     7    0.01                           clknet_1_0__leaf_clk (net)
                  0.04    0.00    0.28 ^ _489_/CLK (sky130_fd_sc_hd__dfrtp_1)
                          0.25    0.53   clock uncertainty
                          0.00    0.53   clock reconvergence pessimism
                          0.34    0.86   library removal time
                                  0.86   data required time
-----------------------------------------------------------------------------
                                  0.86   data required time
                                 -5.31   data arrival time
-----------------------------------------------------------------------------
                                  4.44   slack (MET)


Startpoint: rst_n (input port clocked by clk)
Endpoint: _490_ (removal check against rising-edge clock clk)
Path Group: asynchronous
Path Type: min

Fanout     Cap    Slew   Delay    Time   Description
-----------------------------------------------------------------------------
                          0.00    0.00   clock clk (rise edge)
                          0.00    0.00   clock network delay (propagated)
                          5.00    5.00 ^ input external delay
                  0.02    0.01    5.01 ^ rst_n (in)
     1    0.00                           rst_n (net)
                  0.02    0.00    5.01 ^ input10/A (sky130_fd_sc_hd__clkbuf_2)
                  0.10    0.13    5.14 ^ input10/X (sky130_fd_sc_hd__clkbuf_2)
     5    0.02                           net10 (net)
                  0.10    0.00    5.14 ^ fanout39/A (sky130_fd_sc_hd__buf_4)
                  0.11    0.17    5.31 ^ fanout39/X (sky130_fd_sc_hd__buf_4)
    10    0.04                           net39 (net)
                  0.11    0.00    5.31 ^ _490_/RESET_B (sky130_fd_sc_hd__dfrtp_1)
                                  5.31   data arrival time

                          0.00    0.00   clock clk (rise edge)
                          0.00    0.00   clock source latency
                  0.04    0.03    0.03 ^ clk (in)
     1    0.01                           clk (net)
                  0.04    0.00    0.03 ^ clkbuf_0_clk/A (sky130_fd_sc_hd__clkbuf_16)
                  0.04    0.13    0.16 ^ clkbuf_0_clk/X (sky130_fd_sc_hd__clkbuf_16)
     2    0.02                           clknet_0_clk (net)
                  0.04    0.00    0.16 ^ clkbuf_1_0__f_clk/A (sky130_fd_sc_hd__clkbuf_16)
                  0.04    0.12    0.28 ^ clkbuf_1_0__f_clk/X (sky130_fd_sc_hd__clkbuf_16)
     7    0.01                           clknet_1_0__leaf_clk (net)
                  0.04    0.00    0.28 ^ _490_/CLK (sky130_fd_sc_hd__dfrtp_1)
                          0.25    0.53   clock uncertainty
                          0.00    0.53   clock reconvergence pessimism
                          0.34    0.86   library removal time
                                  0.86   data required time
-----------------------------------------------------------------------------
                                  0.86   data required time
                                 -5.31   data arrival time
-----------------------------------------------------------------------------
                                  4.44   slack (MET)


Startpoint: rst_n (input port clocked by clk)
Endpoint: _491_ (removal check against rising-edge clock clk)
Path Group: asynchronous
Path Type: min

Fanout     Cap    Slew   Delay    Time   Description
-----------------------------------------------------------------------------
                          0.00    0.00   clock clk (rise edge)
                          0.00    0.00   clock network delay (propagated)
                          5.00    5.00 ^ input external delay
                  0.02    0.01    5.01 ^ rst_n (in)
     1    0.00                           rst_n (net)
                  0.02    0.00    5.01 ^ input10/A (sky130_fd_sc_hd__clkbuf_2)
                  0.10    0.13    5.14 ^ input10/X (sky130_fd_sc_hd__clkbuf_2)
     5    0.02                           net10 (net)
                  0.10    0.00    5.14 ^ fanout39/A (sky130_fd_sc_hd__buf_4)
                  0.11    0.17    5.31 ^ fanout39/X (sky130_fd_sc_hd__buf_4)
    10    0.04                           net39 (net)
                  0.11    0.00    5.31 ^ _491_/RESET_B (sky130_fd_sc_hd__dfrtp_1)
                                  5.31   data arrival time

                          0.00    0.00   clock clk (rise edge)
                          0.00    0.00   clock source latency
                  0.04    0.03    0.03 ^ clk (in)
     1    0.01                           clk (net)
                  0.04    0.00    0.03 ^ clkbuf_0_clk/A (sky130_fd_sc_hd__clkbuf_16)
                  0.04    0.13    0.16 ^ clkbuf_0_clk/X (sky130_fd_sc_hd__clkbuf_16)
     2    0.02                           clknet_0_clk (net)
                  0.04    0.00    0.16 ^ clkbuf_1_0__f_clk/A (sky130_fd_sc_hd__clkbuf_16)
                  0.04    0.12    0.28 ^ clkbuf_1_0__f_clk/X (sky130_fd_sc_hd__clkbuf_16)
     7    0.01                           clknet_1_0__leaf_clk (net)
                  0.04    0.00    0.28 ^ _491_/CLK (sky130_fd_sc_hd__dfrtp_1)
                          0.25    0.53   clock uncertainty
                          0.00    0.53   clock reconvergence pessimism
                          0.34    0.86   library removal time
                                  0.86   data required time
-----------------------------------------------------------------------------
                                  0.86   data required time
                                 -5.31   data arrival time
-----------------------------------------------------------------------------
                                  4.44   slack (MET)


Startpoint: valid_in (input port clocked by clk)
Endpoint: _479_ (rising edge-triggered flip-flop clocked by clk)
Path Group: clk
Path Type: min

Fanout     Cap    Slew   Delay    Time   Description
-----------------------------------------------------------------------------
                          0.00    0.00   clock clk (rise edge)
                          0.00    0.00   clock network delay (propagated)
                          5.00    5.00 v input external delay
                  0.01    0.00    5.00 v valid_in (in)
     1    0.00                           valid_in (net)
                  0.01    0.00    5.00 v input23/A (sky130_fd_sc_hd__buf_1)
                  0.03    0.07    5.08 v input23/X (sky130_fd_sc_hd__buf_1)
     2    0.00                           net23 (net)
                  0.03    0.00    5.08 v _479_/D (sky130_fd_sc_hd__dfrtp_1)
                                  5.08   data arrival time

                          0.00    0.00   clock clk (rise edge)
                          0.00    0.00   clock source latency
                  0.04    0.03    0.03 ^ clk (in)
     1    0.01                           clk (net)
                  0.04    0.00    0.03 ^ clkbuf_0_clk/A (sky130_fd_sc_hd__clkbuf_16)
                  0.04    0.13    0.16 ^ clkbuf_0_clk/X (sky130_fd_sc_hd__clkbuf_16)
     2    0.02                           clknet_0_clk (net)
                  0.04    0.00    0.16 ^ clkbuf_1_1__f_clk/A (sky130_fd_sc_hd__clkbuf_16)
                  0.04    0.12    0.28 ^ clkbuf_1_1__f_clk/X (sky130_fd_sc_hd__clkbuf_16)
     7    0.01                           clknet_1_1__leaf_clk (net)
                  0.04    0.00    0.28 ^ _479_/CLK (sky130_fd_sc_hd__dfrtp_1)
                          0.25    0.53   clock uncertainty
                          0.00    0.53   clock reconvergence pessimism
                         -0.04    0.49   library hold time
                                  0.49   data required time
-----------------------------------------------------------------------------
                                  0.49   data required time
                                 -5.08   data arrival time
-----------------------------------------------------------------------------
                                  4.59   slack (MET)


Startpoint: _479_ (rising edge-triggered flip-flop clocked by clk)
Endpoint: valid_out (output port clocked by clk)
Path Group: clk
Path Type: min

Fanout     Cap    Slew   Delay    Time   Description
-----------------------------------------------------------------------------
                          0.00    0.00   clock clk (rise edge)
                          0.00    0.00   clock source latency
                  0.04    0.03    0.03 ^ clk (in)
     1    0.01                           clk (net)
                  0.04    0.00    0.03 ^ clkbuf_0_clk/A (sky130_fd_sc_hd__clkbuf_16)
                  0.04    0.11    0.14 ^ clkbuf_0_clk/X (sky130_fd_sc_hd__clkbuf_16)
     2    0.02                           clknet_0_clk (net)
                  0.04    0.00    0.14 ^ clkbuf_1_1__f_clk/A (sky130_fd_sc_hd__clkbuf_16)
                  0.04    0.11    0.25 ^ clkbuf_1_1__f_clk/X (sky130_fd_sc_hd__clkbuf_16)
     7    0.01                           clknet_1_1__leaf_clk (net)
                  0.04    0.00    0.25 ^ _479_/CLK (sky130_fd_sc_hd__dfrtp_1)
                  0.04    0.29    0.54 ^ _479_/Q (sky130_fd_sc_hd__dfrtp_1)
     1    0.00                           net37 (net)
                  0.04    0.00    0.54 ^ output37/A (sky130_fd_sc_hd__clkbuf_4)
                  0.11    0.17    0.72 ^ output37/X (sky130_fd_sc_hd__clkbuf_4)
     1    0.03                           valid_out (net)
                  0.11    0.00    0.72 ^ valid_out (out)
                                  0.72   data arrival time

                          0.00    0.00   clock clk (rise edge)
                          0.00    0.00   clock network delay (propagated)
                          0.25    0.25   clock uncertainty
                          0.00    0.25   clock reconvergence pessimism
                         -5.00   -4.75   output external delay
                                 -4.75   data required time
-----------------------------------------------------------------------------
                                 -4.75   data required time
                                 -0.72   data arrival time
-----------------------------------------------------------------------------
                                  5.47   slack (MET)


Startpoint: _487_ (rising edge-triggered flip-flop clocked by clk)
Endpoint: sideband_out[3] (output port clocked by clk)
Path Group: clk
Path Type: min

Fanout     Cap    Slew   Delay    Time   Description
-----------------------------------------------------------------------------
                          0.00    0.00   clock clk (rise edge)
                          0.00    0.00   clock source latency
                  0.04    0.03    0.03 ^ clk (in)
     1    0.01                           clk (net)
                  0.04    0.00    0.03 ^ clkbuf_0_clk/A (sky130_fd_sc_hd__clkbuf_16)
                  0.04    0.11    0.14 ^ clkbuf_0_clk/X (sky130_fd_sc_hd__clkbuf_16)
     2    0.02                           clknet_0_clk (net)
                  0.04    0.00    0.14 ^ clkbuf_1_1__f_clk/A (sky130_fd_sc_hd__clkbuf_16)
                  0.04    0.11    0.25 ^ clkbuf_1_1__f_clk/X (sky130_fd_sc_hd__clkbuf_16)
     7    0.01                           clknet_1_1__leaf_clk (net)
                  0.04    0.00    0.25 ^ _487_/CLK (sky130_fd_sc_hd__dfrtp_1)
                  0.05    0.30    0.55 ^ _487_/Q (sky130_fd_sc_hd__dfrtp_1)
     2    0.00                           net32 (net)
                  0.05    0.00    0.55 ^ output32/A (sky130_fd_sc_hd__clkbuf_4)
                  0.11    0.18    0.73 ^ output32/X (sky130_fd_sc_hd__clkbuf_4)
     1    0.03                           sideband_out[3] (net)
                  0.11    0.00    0.73 ^ sideband_out[3] (out)
                                  0.73   data arrival time

                          0.00    0.00   clock clk (rise edge)
                          0.00    0.00   clock network delay (propagated)
                          0.25    0.25   clock uncertainty
                          0.00    0.25   clock reconvergence pessimism
                         -5.00   -4.75   output external delay
                                 -4.75   data required time
-----------------------------------------------------------------------------
                                 -4.75   data required time
                                 -0.73   data arrival time
-----------------------------------------------------------------------------
                                  5.48   slack (MET)


Startpoint: _480_ (rising edge-triggered flip-flop clocked by clk)
Endpoint: int4_out[0] (output port clocked by clk)
Path Group: clk
Path Type: min

Fanout     Cap    Slew   Delay    Time   Description
-----------------------------------------------------------------------------
                          0.00    0.00   clock clk (rise edge)
                          0.00    0.00   clock source latency
                  0.04    0.03    0.03 ^ clk (in)
     1    0.01                           clk (net)
                  0.04    0.00    0.03 ^ clkbuf_0_clk/A (sky130_fd_sc_hd__clkbuf_16)
                  0.04    0.11    0.14 ^ clkbuf_0_clk/X (sky130_fd_sc_hd__clkbuf_16)
     2    0.02                           clknet_0_clk (net)
                  0.04    0.00    0.14 ^ clkbuf_1_1__f_clk/A (sky130_fd_sc_hd__clkbuf_16)
                  0.04    0.11    0.25 ^ clkbuf_1_1__f_clk/X (sky130_fd_sc_hd__clkbuf_16)
     7    0.01                           clknet_1_1__leaf_clk (net)
                  0.04    0.00    0.25 ^ _480_/CLK (sky130_fd_sc_hd__dfrtp_1)
                  0.06    0.30    0.56 ^ _480_/Q (sky130_fd_sc_hd__dfrtp_1)
     2    0.00                           net24 (net)
                  0.06    0.00    0.56 ^ output24/A (sky130_fd_sc_hd__clkbuf_4)
                  0.11    0.18    0.73 ^ output24/X (sky130_fd_sc_hd__clkbuf_4)
     1    0.03                           int4_out[0] (net)
                  0.11    0.00    0.73 ^ int4_out[0] (out)
                                  0.73   data arrival time

                          0.00    0.00   clock clk (rise edge)
                          0.00    0.00   clock network delay (propagated)
                          0.25    0.25   clock uncertainty
                          0.00    0.25   clock reconvergence pessimism
                         -5.00   -4.75   output external delay
                                 -4.75   data required time
-----------------------------------------------------------------------------
                                 -4.75   data required time
                                 -0.73   data arrival time
-----------------------------------------------------------------------------
                                  5.48   slack (MET)


Startpoint: _481_ (rising edge-triggered flip-flop clocked by clk)
Endpoint: int4_out[1] (output port clocked by clk)
Path Group: clk
Path Type: min

Fanout     Cap    Slew   Delay    Time   Description
-----------------------------------------------------------------------------
                          0.00    0.00   clock clk (rise edge)
                          0.00    0.00   clock source latency
                  0.04    0.03    0.03 ^ clk (in)
     1    0.01                           clk (net)
                  0.04    0.00    0.03 ^ clkbuf_0_clk/A (sky130_fd_sc_hd__clkbuf_16)
                  0.04    0.11    0.14 ^ clkbuf_0_clk/X (sky130_fd_sc_hd__clkbuf_16)
     2    0.02                           clknet_0_clk (net)
                  0.04    0.00    0.14 ^ clkbuf_1_1__f_clk/A (sky130_fd_sc_hd__clkbuf_16)
                  0.04    0.11    0.25 ^ clkbuf_1_1__f_clk/X (sky130_fd_sc_hd__clkbuf_16)
     7    0.01                           clknet_1_1__leaf_clk (net)
                  0.04    0.00    0.25 ^ _481_/CLK (sky130_fd_sc_hd__dfrtp_1)
                  0.06    0.30    0.56 ^ _481_/Q (sky130_fd_sc_hd__dfrtp_1)
     2    0.00                           net25 (net)
                  0.06    0.00    0.56 ^ output25/A (sky130_fd_sc_hd__clkbuf_4)
                  0.11    0.18    0.73 ^ output25/X (sky130_fd_sc_hd__clkbuf_4)
     1    0.03                           int4_out[1] (net)
                  0.11    0.00    0.73 ^ int4_out[1] (out)
                                  0.73   data arrival time

                          0.00    0.00   clock clk (rise edge)
                          0.00    0.00   clock network delay (propagated)
                          0.25    0.25   clock uncertainty
                          0.00    0.25   clock reconvergence pessimism
                         -5.00   -4.75   output external delay
                                 -4.75   data required time
-----------------------------------------------------------------------------
                                 -4.75   data required time
                                 -0.73   data arrival time
-----------------------------------------------------------------------------
                                  5.48   slack (MET)


Startpoint: _482_ (rising edge-triggered flip-flop clocked by clk)
Endpoint: int4_out[2] (output port clocked by clk)
Path Group: clk
Path Type: min

Fanout     Cap    Slew   Delay    Time   Description
-----------------------------------------------------------------------------
                          0.00    0.00   clock clk (rise edge)
                          0.00    0.00   clock source latency
                  0.04    0.03    0.03 ^ clk (in)
     1    0.01                           clk (net)
                  0.04    0.00    0.03 ^ clkbuf_0_clk/A (sky130_fd_sc_hd__clkbuf_16)
                  0.04    0.11    0.14 ^ clkbuf_0_clk/X (sky130_fd_sc_hd__clkbuf_16)
     2    0.02                           clknet_0_clk (net)
                  0.04    0.00    0.14 ^ clkbuf_1_1__f_clk/A (sky130_fd_sc_hd__clkbuf_16)
                  0.04    0.11    0.25 ^ clkbuf_1_1__f_clk/X (sky130_fd_sc_hd__clkbuf_16)
     7    0.01                           clknet_1_1__leaf_clk (net)
                  0.04    0.00    0.25 ^ _482_/CLK (sky130_fd_sc_hd__dfrtp_1)
                  0.06    0.30    0.56 ^ _482_/Q (sky130_fd_sc_hd__dfrtp_1)
     2    0.00                           net26 (net)
                  0.06    0.00    0.56 ^ output26/A (sky130_fd_sc_hd__clkbuf_4)
                  0.11    0.18    0.73 ^ output26/X (sky130_fd_sc_hd__clkbuf_4)
     1    0.03                           int4_out[2] (net)
                  0.11    0.00    0.73 ^ int4_out[2] (out)
                                  0.73   data arrival time

                          0.00    0.00   clock clk (rise edge)
                          0.00    0.00   clock network delay (propagated)
                          0.25    0.25   clock uncertainty
                          0.00    0.25   clock reconvergence pessimism
                         -5.00   -4.75   output external delay
                                 -4.75   data required time
-----------------------------------------------------------------------------
                                 -4.75   data required time
                                 -0.73   data arrival time
-----------------------------------------------------------------------------
                                  5.48   slack (MET)


Startpoint: _483_ (rising edge-triggered flip-flop clocked by clk)
Endpoint: int4_out[3] (output port clocked by clk)
Path Group: clk
Path Type: min

Fanout     Cap    Slew   Delay    Time   Description
-----------------------------------------------------------------------------
                          0.00    0.00   clock clk (rise edge)
                          0.00    0.00   clock source latency
                  0.04    0.03    0.03 ^ clk (in)
     1    0.01                           clk (net)
                  0.04    0.00    0.03 ^ clkbuf_0_clk/A (sky130_fd_sc_hd__clkbuf_16)
                  0.04    0.11    0.14 ^ clkbuf_0_clk/X (sky130_fd_sc_hd__clkbuf_16)
     2    0.02                           clknet_0_clk (net)
                  0.04    0.00    0.14 ^ clkbuf_1_1__f_clk/A (sky130_fd_sc_hd__clkbuf_16)
                  0.04    0.11    0.25 ^ clkbuf_1_1__f_clk/X (sky130_fd_sc_hd__clkbuf_16)
     7    0.01                           clknet_1_1__leaf_clk (net)
                  0.04    0.00    0.25 ^ _483_/CLK (sky130_fd_sc_hd__dfrtp_1)
                  0.06    0.30    0.56 ^ _483_/Q (sky130_fd_sc_hd__dfrtp_1)
     2    0.00                           net27 (net)
                  0.06    0.00    0.56 ^ output27/A (sky130_fd_sc_hd__clkbuf_4)
                  0.11    0.18    0.73 ^ output27/X (sky130_fd_sc_hd__clkbuf_4)
     1    0.03                           int4_out[3] (net)
                  0.11    0.00    0.73 ^ int4_out[3] (out)
                                  0.73   data arrival time

                          0.00    0.00   clock clk (rise edge)
                          0.00    0.00   clock network delay (propagated)
                          0.25    0.25   clock uncertainty
                          0.00    0.25   clock reconvergence pessimism
                         -5.00   -4.75   output external delay
                                 -4.75   data required time
-----------------------------------------------------------------------------
                                 -4.75   data required time
                                 -0.73   data arrival time
-----------------------------------------------------------------------------
                                  5.48   slack (MET)


Startpoint: _478_ (rising edge-triggered flip-flop clocked by clk)
Endpoint: is_outlier (output port clocked by clk)
Path Group: clk
Path Type: min

Fanout     Cap    Slew   Delay    Time   Description
-----------------------------------------------------------------------------
                          0.00    0.00   clock clk (rise edge)
                          0.00    0.00   clock source latency
                  0.04    0.03    0.03 ^ clk (in)
     1    0.01                           clk (net)
                  0.04    0.00    0.03 ^ clkbuf_0_clk/A (sky130_fd_sc_hd__clkbuf_16)
                  0.04    0.11    0.14 ^ clkbuf_0_clk/X (sky130_fd_sc_hd__clkbuf_16)
     2    0.02                           clknet_0_clk (net)
                  0.04    0.00    0.14 ^ clkbuf_1_1__f_clk/A (sky130_fd_sc_hd__clkbuf_16)
                  0.04    0.11    0.25 ^ clkbuf_1_1__f_clk/X (sky130_fd_sc_hd__clkbuf_16)
     7    0.01                           clknet_1_1__leaf_clk (net)
                  0.04    0.00    0.25 ^ _478_/CLK (sky130_fd_sc_hd__dfrtp_1)
                  0.06    0.30    0.56 ^ _478_/Q (sky130_fd_sc_hd__dfrtp_1)
     2    0.00                           net28 (net)
                  0.06    0.00    0.56 ^ output28/A (sky130_fd_sc_hd__clkbuf_4)
                  0.11    0.18    0.73 ^ output28/X (sky130_fd_sc_hd__clkbuf_4)
     1    0.03                           is_outlier (net)
                  0.11    0.00    0.73 ^ is_outlier (out)
                                  0.73   data arrival time

                          0.00    0.00   clock clk (rise edge)
                          0.00    0.00   clock network delay (propagated)
                          0.25    0.25   clock uncertainty
                          0.00    0.25   clock reconvergence pessimism
                         -5.00   -4.75   output external delay
                                 -4.75   data required time
-----------------------------------------------------------------------------
                                 -4.75   data required time
                                 -0.73   data arrival time
-----------------------------------------------------------------------------
                                  5.48   slack (MET)


Startpoint: _484_ (rising edge-triggered flip-flop clocked by clk)
Endpoint: sideband_out[0] (output port clocked by clk)
Path Group: clk
Path Type: min

Fanout     Cap    Slew   Delay    Time   Description
-----------------------------------------------------------------------------
                          0.00    0.00   clock clk (rise edge)
                          0.00    0.00   clock source latency
                  0.04    0.03    0.03 ^ clk (in)
     1    0.01                           clk (net)
                  0.04    0.00    0.03 ^ clkbuf_0_clk/A (sky130_fd_sc_hd__clkbuf_16)
                  0.04    0.11    0.14 ^ clkbuf_0_clk/X (sky130_fd_sc_hd__clkbuf_16)
     2    0.02                           clknet_0_clk (net)
                  0.04    0.00    0.14 ^ clkbuf_1_0__f_clk/A (sky130_fd_sc_hd__clkbuf_16)
                  0.04    0.11    0.25 ^ clkbuf_1_0__f_clk/X (sky130_fd_sc_hd__clkbuf_16)
     7    0.01                           clknet_1_0__leaf_clk (net)
                  0.04    0.00    0.25 ^ _484_/CLK (sky130_fd_sc_hd__dfrtp_1)
                  0.06    0.30    0.56 ^ _484_/Q (sky130_fd_sc_hd__dfrtp_1)
     2    0.00                           net29 (net)
                  0.06    0.00    0.56 ^ output29/A (sky130_fd_sc_hd__clkbuf_4)
                  0.11    0.18    0.73 ^ output29/X (sky130_fd_sc_hd__clkbuf_4)
     1    0.03                           sideband_out[0] (net)
                  0.11    0.00    0.73 ^ sideband_out[0] (out)
                                  0.73   data arrival time

                          0.00    0.00   clock clk (rise edge)
                          0.00    0.00   clock network delay (propagated)
                          0.25    0.25   clock uncertainty
                          0.00    0.25   clock reconvergence pessimism
                         -5.00   -4.75   output external delay
                                 -4.75   data required time
-----------------------------------------------------------------------------
                                 -4.75   data required time
                                 -0.73   data arrival time
-----------------------------------------------------------------------------
                                  5.48   slack (MET)


Startpoint: _486_ (rising edge-triggered flip-flop clocked by clk)
Endpoint: sideband_out[2] (output port clocked by clk)
Path Group: clk
Path Type: min

Fanout     Cap    Slew   Delay    Time   Description
-----------------------------------------------------------------------------
                          0.00    0.00   clock clk (rise edge)
                          0.00    0.00   clock source latency
                  0.04    0.03    0.03 ^ clk (in)
     1    0.01                           clk (net)
                  0.04    0.00    0.03 ^ clkbuf_0_clk/A (sky130_fd_sc_hd__clkbuf_16)
                  0.04    0.11    0.14 ^ clkbuf_0_clk/X (sky130_fd_sc_hd__clkbuf_16)
     2    0.02                           clknet_0_clk (net)
                  0.04    0.00    0.14 ^ clkbuf_1_0__f_clk/A (sky130_fd_sc_hd__clkbuf_16)
                  0.04    0.11    0.25 ^ clkbuf_1_0__f_clk/X (sky130_fd_sc_hd__clkbuf_16)
     7    0.01                           clknet_1_0__leaf_clk (net)
                  0.04    0.00    0.25 ^ _486_/CLK (sky130_fd_sc_hd__dfrtp_1)
                  0.06    0.30    0.56 ^ _486_/Q (sky130_fd_sc_hd__dfrtp_1)
     2    0.00                           net31 (net)
                  0.06    0.00    0.56 ^ output31/A (sky130_fd_sc_hd__clkbuf_4)
                  0.11    0.18    0.73 ^ output31/X (sky130_fd_sc_hd__clkbuf_4)
     1    0.03                           sideband_out[2] (net)
                  0.11    0.00    0.73 ^ sideband_out[2] (out)
                                  0.73   data arrival time

                          0.00    0.00   clock clk (rise edge)
                          0.00    0.00   clock network delay (propagated)
                          0.25    0.25   clock uncertainty
                          0.00    0.25   clock reconvergence pessimism
                         -5.00   -4.75   output external delay
                                 -4.75   data required time
-----------------------------------------------------------------------------
                                 -4.75   data required time
                                 -0.73   data arrival time
-----------------------------------------------------------------------------
                                  5.48   slack (MET)


Startpoint: _489_ (rising edge-triggered flip-flop clocked by clk)
Endpoint: sideband_out[5] (output port clocked by clk)
Path Group: clk
Path Type: min

Fanout     Cap    Slew   Delay    Time   Description
-----------------------------------------------------------------------------
                          0.00    0.00   clock clk (rise edge)
                          0.00    0.00   clock source latency
                  0.04    0.03    0.03 ^ clk (in)
     1    0.01                           clk (net)
                  0.04    0.00    0.03 ^ clkbuf_0_clk/A (sky130_fd_sc_hd__clkbuf_16)
                  0.04    0.11    0.14 ^ clkbuf_0_clk/X (sky130_fd_sc_hd__clkbuf_16)
     2    0.02                           clknet_0_clk (net)
                  0.04    0.00    0.14 ^ clkbuf_1_0__f_clk/A (sky130_fd_sc_hd__clkbuf_16)
                  0.04    0.11    0.25 ^ clkbuf_1_0__f_clk/X (sky130_fd_sc_hd__clkbuf_16)
     7    0.01                           clknet_1_0__leaf_clk (net)
                  0.04    0.00    0.25 ^ _489_/CLK (sky130_fd_sc_hd__dfrtp_1)
                  0.06    0.30    0.56 ^ _489_/Q (sky130_fd_sc_hd__dfrtp_1)
     2    0.00                           net34 (net)
                  0.06    0.00    0.56 ^ output34/A (sky130_fd_sc_hd__clkbuf_4)
                  0.11    0.18    0.73 ^ output34/X (sky130_fd_sc_hd__clkbuf_4)
     1    0.03                           sideband_out[5] (net)
                  0.11    0.00    0.73 ^ sideband_out[5] (out)
                                  0.73   data arrival time

                          0.00    0.00   clock clk (rise edge)
                          0.00    0.00   clock network delay (propagated)
                          0.25    0.25   clock uncertainty
                          0.00    0.25   clock reconvergence pessimism
                         -5.00   -4.75   output external delay
                                 -4.75   data required time
-----------------------------------------------------------------------------
                                 -4.75   data required time
                                 -0.73   data arrival time
-----------------------------------------------------------------------------
                                  5.48   slack (MET)


Startpoint: _490_ (rising edge-triggered flip-flop clocked by clk)
Endpoint: sideband_out[6] (output port clocked by clk)
Path Group: clk
Path Type: min

Fanout     Cap    Slew   Delay    Time   Description
-----------------------------------------------------------------------------
                          0.00    0.00   clock clk (rise edge)
                          0.00    0.00   clock source latency
                  0.04    0.03    0.03 ^ clk (in)
     1    0.01                           clk (net)
                  0.04    0.00    0.03 ^ clkbuf_0_clk/A (sky130_fd_sc_hd__clkbuf_16)
                  0.04    0.11    0.14 ^ clkbuf_0_clk/X (sky130_fd_sc_hd__clkbuf_16)
     2    0.02                           clknet_0_clk (net)
                  0.04    0.00    0.14 ^ clkbuf_1_0__f_clk/A (sky130_fd_sc_hd__clkbuf_16)
                  0.04    0.11    0.25 ^ clkbuf_1_0__f_clk/X (sky130_fd_sc_hd__clkbuf_16)
     7    0.01                           clknet_1_0__leaf_clk (net)
                  0.04    0.00    0.25 ^ _490_/CLK (sky130_fd_sc_hd__dfrtp_1)
                  0.06    0.30    0.56 ^ _490_/Q (sky130_fd_sc_hd__dfrtp_1)
     2    0.00                           net35 (net)
                  0.06    0.00    0.56 ^ output35/A (sky130_fd_sc_hd__clkbuf_4)
                  0.11    0.18    0.73 ^ output35/X (sky130_fd_sc_hd__clkbuf_4)
     1    0.03                           sideband_out[6] (net)
                  0.11    0.00    0.73 ^ sideband_out[6] (out)
                                  0.73   data arrival time

                          0.00    0.00   clock clk (rise edge)
                          0.00    0.00   clock network delay (propagated)
                          0.25    0.25   clock uncertainty
                          0.00    0.25   clock reconvergence pessimism
                         -5.00   -4.75   output external delay
                                 -4.75   data required time
-----------------------------------------------------------------------------
                                 -4.75   data required time
                                 -0.73   data arrival time
-----------------------------------------------------------------------------
                                  5.48   slack (MET)


Startpoint: _491_ (rising edge-triggered flip-flop clocked by clk)
Endpoint: sideband_out[7] (output port clocked by clk)
Path Group: clk
Path Type: min

Fanout     Cap    Slew   Delay    Time   Description
-----------------------------------------------------------------------------
                          0.00    0.00   clock clk (rise edge)
                          0.00    0.00   clock source latency
                  0.04    0.03    0.03 ^ clk (in)
     1    0.01                           clk (net)
                  0.04    0.00    0.03 ^ clkbuf_0_clk/A (sky130_fd_sc_hd__clkbuf_16)
                  0.04    0.11    0.14 ^ clkbuf_0_clk/X (sky130_fd_sc_hd__clkbuf_16)
     2    0.02                           clknet_0_clk (net)
                  0.04    0.00    0.14 ^ clkbuf_1_0__f_clk/A (sky130_fd_sc_hd__clkbuf_16)
                  0.04    0.11    0.25 ^ clkbuf_1_0__f_clk/X (sky130_fd_sc_hd__clkbuf_16)
     7    0.01                           clknet_1_0__leaf_clk (net)
                  0.04    0.00    0.25 ^ _491_/CLK (sky130_fd_sc_hd__dfrtp_1)
                  0.06    0.30    0.56 ^ _491_/Q (sky130_fd_sc_hd__dfrtp_1)
     2    0.00                           net36 (net)
                  0.06    0.00    0.56 ^ output36/A (sky130_fd_sc_hd__clkbuf_4)
                  0.11    0.18    0.73 ^ output36/X (sky130_fd_sc_hd__clkbuf_4)
     1    0.03                           sideband_out[7] (net)
                  0.11    0.00    0.73 ^ sideband_out[7] (out)
                                  0.73   data arrival time

                          0.00    0.00   clock clk (rise edge)
                          0.00    0.00   clock network delay (propagated)
                          0.25    0.25   clock uncertainty
                          0.00    0.25   clock reconvergence pessimism
                         -5.00   -4.75   output external delay
                                 -4.75   data required time
-----------------------------------------------------------------------------
                                 -4.75   data required time
                                 -0.73   data arrival time
-----------------------------------------------------------------------------
                                  5.48   slack (MET)


Startpoint: _485_ (rising edge-triggered flip-flop clocked by clk)
Endpoint: sideband_out[1] (output port clocked by clk)
Path Group: clk
Path Type: min

Fanout     Cap    Slew   Delay    Time   Description
-----------------------------------------------------------------------------
                          0.00    0.00   clock clk (rise edge)
                          0.00    0.00   clock source latency
                  0.04    0.03    0.03 ^ clk (in)
     1    0.01                           clk (net)
                  0.04    0.00    0.03 ^ clkbuf_0_clk/A (sky130_fd_sc_hd__clkbuf_16)
                  0.04    0.11    0.14 ^ clkbuf_0_clk/X (sky130_fd_sc_hd__clkbuf_16)
     2    0.02                           clknet_0_clk (net)
                  0.04    0.00    0.14 ^ clkbuf_1_0__f_clk/A (sky130_fd_sc_hd__clkbuf_16)
                  0.04    0.11    0.25 ^ clkbuf_1_0__f_clk/X (sky130_fd_sc_hd__clkbuf_16)
     7    0.01                           clknet_1_0__leaf_clk (net)
                  0.04    0.00    0.25 ^ _485_/CLK (sky130_fd_sc_hd__dfrtp_1)
                  0.05    0.30    0.55 ^ _485_/Q (sky130_fd_sc_hd__dfrtp_1)
     2    0.00                           net30 (net)
                  0.05    0.00    0.55 ^ output30/A (sky130_fd_sc_hd__buf_2)
                  0.17    0.19    0.74 ^ output30/X (sky130_fd_sc_hd__buf_2)
     1    0.03                           sideband_out[1] (net)
                  0.17    0.00    0.74 ^ sideband_out[1] (out)
                                  0.74   data arrival time

                          0.00    0.00   clock clk (rise edge)
                          0.00    0.00   clock network delay (propagated)
                          0.25    0.25   clock uncertainty
                          0.00    0.25   clock reconvergence pessimism
                         -5.00   -4.75   output external delay
                                 -4.75   data required time
-----------------------------------------------------------------------------
                                 -4.75   data required time
                                 -0.74   data arrival time
-----------------------------------------------------------------------------
                                  5.49   slack (MET)


Startpoint: _488_ (rising edge-triggered flip-flop clocked by clk)
Endpoint: sideband_out[4] (output port clocked by clk)
Path Group: clk
Path Type: min

Fanout     Cap    Slew   Delay    Time   Description
-----------------------------------------------------------------------------
                          0.00    0.00   clock clk (rise edge)
                          0.00    0.00   clock source latency
                  0.04    0.03    0.03 ^ clk (in)
     1    0.01                           clk (net)
                  0.04    0.00    0.03 ^ clkbuf_0_clk/A (sky130_fd_sc_hd__clkbuf_16)
                  0.04    0.11    0.14 ^ clkbuf_0_clk/X (sky130_fd_sc_hd__clkbuf_16)
     2    0.02                           clknet_0_clk (net)
                  0.04    0.00    0.14 ^ clkbuf_1_0__f_clk/A (sky130_fd_sc_hd__clkbuf_16)
                  0.04    0.11    0.25 ^ clkbuf_1_0__f_clk/X (sky130_fd_sc_hd__clkbuf_16)
     7    0.01                           clknet_1_0__leaf_clk (net)
                  0.04    0.00    0.25 ^ _488_/CLK (sky130_fd_sc_hd__dfrtp_1)
                  0.05    0.30    0.55 ^ _488_/Q (sky130_fd_sc_hd__dfrtp_1)
     2    0.00                           net33 (net)
                  0.05    0.00    0.55 ^ output33/A (sky130_fd_sc_hd__buf_2)
                  0.17    0.19    0.74 ^ output33/X (sky130_fd_sc_hd__buf_2)
     1    0.03                           sideband_out[4] (net)
                  0.17    0.00    0.74 ^ sideband_out[4] (out)
                                  0.74   data arrival time

                          0.00    0.00   clock clk (rise edge)
                          0.00    0.00   clock network delay (propagated)
                          0.25    0.25   clock uncertainty
                          0.00    0.25   clock reconvergence pessimism
                         -5.00   -4.75   output external delay
                                 -4.75   data required time
-----------------------------------------------------------------------------
                                 -4.75   data required time
                                 -0.74   data arrival time
-----------------------------------------------------------------------------
                                  5.49   slack (MET)



min_report_end
max_report

===========================================================================
report_checks -path_delay max (Setup)
============================================================================
======================= Typical Corner ===================================

Startpoint: data_in[5] (input port clocked by clk)
Endpoint: _481_ (rising edge-triggered flip-flop clocked by clk)
Path Group: clk
Path Type: max

Fanout     Cap    Slew   Delay    Time   Description
-----------------------------------------------------------------------------
                          0.00    0.00   clock clk (rise edge)
                          0.00    0.00   clock network delay (propagated)
                          5.00    5.00 v input external delay
                  0.01    0.00    5.00 v data_in[5] (in)
     1    0.00                           data_in[5] (net)
                  0.01    0.00    5.00 v input6/A (sky130_fd_sc_hd__clkbuf_1)
                  0.03    0.08    5.08 v input6/X (sky130_fd_sc_hd__clkbuf_1)
     2    0.00                           net6 (net)
                  0.03    0.00    5.08 v _243_/A (sky130_fd_sc_hd__clkbuf_4)
                  0.07    0.17    5.26 v _243_/X (sky130_fd_sc_hd__clkbuf_4)
    10    0.03                           _193_ (net)
                  0.07    0.00    5.26 v _298_/A2 (sky130_fd_sc_hd__a22o_1)
                  0.06    0.27    5.52 v _298_/X (sky130_fd_sc_hd__a22o_1)
     2    0.01                           _021_ (net)
                  0.06    0.00    5.52 v _331_/B2 (sky130_fd_sc_hd__a22o_1)
                  0.06    0.23    5.75 v _331_/X (sky130_fd_sc_hd__a22o_1)
     3    0.01                           _054_ (net)
                  0.06    0.00    5.75 v _333_/C (sky130_fd_sc_hd__and3_1)
                  0.04    0.19    5.94 v _333_/X (sky130_fd_sc_hd__and3_1)
     2    0.00                           _056_ (net)
                  0.04    0.00    5.94 v _335_/B (sky130_fd_sc_hd__or3b_2)
                  0.10    0.50    6.43 v _335_/X (sky130_fd_sc_hd__or3b_2)
     4    0.01                           _058_ (net)
                  0.10    0.00    6.43 v _354_/A (sky130_fd_sc_hd__and3_2)
                  0.07    0.24    6.67 v _354_/X (sky130_fd_sc_hd__and3_2)
     3    0.01                           _077_ (net)
                  0.07    0.00    6.67 v _410_/A (sky130_fd_sc_hd__nor2_2)
                  0.18    0.20    6.87 ^ _410_/Y (sky130_fd_sc_hd__nor2_2)
     3    0.01                           _133_ (net)
                  0.18    0.00    6.87 ^ _411_/B (sky130_fd_sc_hd__xor2_1)
                  0.06    0.09    6.96 v _411_/X (sky130_fd_sc_hd__xor2_1)
     1    0.00                           _134_ (net)
                  0.06    0.00    6.96 v _414_/A4 (sky130_fd_sc_hd__a41o_1)
                  0.07    0.28    7.24 v _414_/X (sky130_fd_sc_hd__a41o_1)
     3    0.01                           _137_ (net)
                  0.07    0.00    7.24 v _416_/A2 (sky130_fd_sc_hd__a21oi_1)
                  0.22    0.24    7.48 ^ _416_/Y (sky130_fd_sc_hd__a21oi_1)
     1    0.01                           _139_ (net)
                  0.22    0.00    7.48 ^ _417_/B (sky130_fd_sc_hd__xnor2_2)
                  0.23    0.18    7.66 ^ _417_/Y (sky130_fd_sc_hd__xnor2_2)
     4    0.01                           _140_ (net)
                  0.23    0.00    7.66 ^ _447_/C_N (sky130_fd_sc_hd__or3b_2)
                  0.10    0.52    8.18 v _447_/X (sky130_fd_sc_hd__or3b_2)
     1    0.01                           _170_ (net)
                  0.10    0.00    8.18 v _448_/A3 (sky130_fd_sc_hd__o311ai_4)
                  0.23    0.26    8.43 ^ _448_/Y (sky130_fd_sc_hd__o311ai_4)
     3    0.01                           _171_ (net)
                  0.23    0.00    8.43 ^ _454_/A2 (sky130_fd_sc_hd__a32o_1)
                  0.05    0.21    8.64 ^ _454_/X (sky130_fd_sc_hd__a32o_1)
     1    0.00                           _176_ (net)
                  0.05    0.00    8.64 ^ _455_/B2 (sky130_fd_sc_hd__a22o_1)
                  0.04    0.12    8.76 ^ _455_/X (sky130_fd_sc_hd__a22o_1)
     1    0.00                           _002_ (net)
                  0.04    0.00    8.76 ^ _481_/D (sky130_fd_sc_hd__dfrtp_1)
                                  8.76   data arrival time

                         25.00   25.00   clock clk (rise edge)
                          0.00   25.00   clock source latency
                  0.04    0.03   25.03 ^ clk (in)
     1    0.01                           clk (net)
                  0.04    0.00   25.03 ^ clkbuf_0_clk/A (sky130_fd_sc_hd__clkbuf_16)
                  0.04    0.11   25.14 ^ clkbuf_0_clk/X (sky130_fd_sc_hd__clkbuf_16)
     2    0.02                           clknet_0_clk (net)
                  0.04    0.00   25.14 ^ clkbuf_1_1__f_clk/A (sky130_fd_sc_hd__clkbuf_16)
                  0.04    0.11   25.25 ^ clkbuf_1_1__f_clk/X (sky130_fd_sc_hd__clkbuf_16)
     7    0.01                           clknet_1_1__leaf_clk (net)
                  0.04    0.00   25.25 ^ _481_/CLK (sky130_fd_sc_hd__dfrtp_1)
                         -0.25   25.00   clock uncertainty
                          0.00   25.00   clock reconvergence pessimism
                         -0.06   24.94   library setup time
                                 24.94   data required time
-----------------------------------------------------------------------------
                                 24.94   data required time
                                 -8.76   data arrival time
-----------------------------------------------------------------------------
                                 16.18   slack (MET)


Startpoint: data_in[5] (input port clocked by clk)
Endpoint: _480_ (rising edge-triggered flip-flop clocked by clk)
Path Group: clk
Path Type: max

Fanout     Cap    Slew   Delay    Time   Description
-----------------------------------------------------------------------------
                          0.00    0.00   clock clk (rise edge)
                          0.00    0.00   clock network delay (propagated)
                          5.00    5.00 v input external delay
                  0.01    0.00    5.00 v data_in[5] (in)
     1    0.00                           data_in[5] (net)
                  0.01    0.00    5.00 v input6/A (sky130_fd_sc_hd__clkbuf_1)
                  0.03    0.08    5.08 v input6/X (sky130_fd_sc_hd__clkbuf_1)
     2    0.00                           net6 (net)
                  0.03    0.00    5.08 v _243_/A (sky130_fd_sc_hd__clkbuf_4)
                  0.07    0.17    5.26 v _243_/X (sky130_fd_sc_hd__clkbuf_4)
    10    0.03                           _193_ (net)
                  0.07    0.00    5.26 v _298_/A2 (sky130_fd_sc_hd__a22o_1)
                  0.06    0.27    5.52 v _298_/X (sky130_fd_sc_hd__a22o_1)
     2    0.01                           _021_ (net)
                  0.06    0.00    5.52 v _331_/B2 (sky130_fd_sc_hd__a22o_1)
                  0.06    0.23    5.75 v _331_/X (sky130_fd_sc_hd__a22o_1)
     3    0.01                           _054_ (net)
                  0.06    0.00    5.75 v _333_/C (sky130_fd_sc_hd__and3_1)
                  0.04    0.19    5.94 v _333_/X (sky130_fd_sc_hd__and3_1)
     2    0.00                           _056_ (net)
                  0.04    0.00    5.94 v _335_/B (sky130_fd_sc_hd__or3b_2)
                  0.10    0.50    6.43 v _335_/X (sky130_fd_sc_hd__or3b_2)
     4    0.01                           _058_ (net)
                  0.10    0.00    6.43 v _354_/A (sky130_fd_sc_hd__and3_2)
                  0.07    0.24    6.67 v _354_/X (sky130_fd_sc_hd__and3_2)
     3    0.01                           _077_ (net)
                  0.07    0.00    6.67 v _410_/A (sky130_fd_sc_hd__nor2_2)
                  0.18    0.20    6.87 ^ _410_/Y (sky130_fd_sc_hd__nor2_2)
     3    0.01                           _133_ (net)
                  0.18    0.00    6.87 ^ _411_/B (sky130_fd_sc_hd__xor2_1)
                  0.06    0.09    6.96 v _411_/X (sky130_fd_sc_hd__xor2_1)
     1    0.00                           _134_ (net)
                  0.06    0.00    6.96 v _414_/A4 (sky130_fd_sc_hd__a41o_1)
                  0.07    0.28    7.24 v _414_/X (sky130_fd_sc_hd__a41o_1)
     3    0.01                           _137_ (net)
                  0.07    0.00    7.24 v _416_/A2 (sky130_fd_sc_hd__a21oi_1)
                  0.22    0.24    7.48 ^ _416_/Y (sky130_fd_sc_hd__a21oi_1)
     1    0.01                           _139_ (net)
                  0.22    0.00    7.48 ^ _417_/B (sky130_fd_sc_hd__xnor2_2)
                  0.23    0.18    7.66 ^ _417_/Y (sky130_fd_sc_hd__xnor2_2)
     4    0.01                           _140_ (net)
                  0.23    0.00    7.66 ^ _447_/C_N (sky130_fd_sc_hd__or3b_2)
                  0.10    0.52    8.18 v _447_/X (sky130_fd_sc_hd__or3b_2)
     1    0.01                           _170_ (net)
                  0.10    0.00    8.18 v _448_/A3 (sky130_fd_sc_hd__o311ai_4)
                  0.23    0.26    8.43 ^ _448_/Y (sky130_fd_sc_hd__o311ai_4)
     3    0.01                           _171_ (net)
                  0.23    0.00    8.43 ^ _451_/B1 (sky130_fd_sc_hd__a22o_1)
                  0.05    0.17    8.60 ^ _451_/X (sky130_fd_sc_hd__a22o_1)
     1    0.00                           _174_ (net)
                  0.05    0.00    8.60 ^ _452_/B2 (sky130_fd_sc_hd__a22o_1)
                  0.04    0.11    8.72 ^ _452_/X (sky130_fd_sc_hd__a22o_1)
     1    0.00                           _001_ (net)
                  0.04    0.00    8.72 ^ _480_/D (sky130_fd_sc_hd__dfrtp_1)
                                  8.72   data arrival time

                         25.00   25.00   clock clk (rise edge)
                          0.00   25.00   clock source latency
                  0.04    0.03   25.03 ^ clk (in)
     1    0.01                           clk (net)
                  0.04    0.00   25.03 ^ clkbuf_0_clk/A (sky130_fd_sc_hd__clkbuf_16)
                  0.04    0.11   25.14 ^ clkbuf_0_clk/X (sky130_fd_sc_hd__clkbuf_16)
     2    0.02                           clknet_0_clk (net)
                  0.04    0.00   25.14 ^ clkbuf_1_1__f_clk/A (sky130_fd_sc_hd__clkbuf_16)
                  0.04    0.11   25.25 ^ clkbuf_1_1__f_clk/X (sky130_fd_sc_hd__clkbuf_16)
     7    0.01                           clknet_1_1__leaf_clk (net)
                  0.04    0.00   25.25 ^ _480_/CLK (sky130_fd_sc_hd__dfrtp_1)
                         -0.25   25.00   clock uncertainty
                          0.00   25.00   clock reconvergence pessimism
                         -0.06   24.94   library setup time
                                 24.94   data required time
-----------------------------------------------------------------------------
                                 24.94   data required time
                                 -8.72   data arrival time
-----------------------------------------------------------------------------
                                 16.23   slack (MET)


Startpoint: data_in[5] (input port clocked by clk)
Endpoint: _482_ (rising edge-triggered flip-flop clocked by clk)
Path Group: clk
Path Type: max

Fanout     Cap    Slew   Delay    Time   Description
-----------------------------------------------------------------------------
                          0.00    0.00   clock clk (rise edge)
                          0.00    0.00   clock network delay (propagated)
                          5.00    5.00 v input external delay
                  0.01    0.00    5.00 v data_in[5] (in)
     1    0.00                           data_in[5] (net)
                  0.01    0.00    5.00 v input6/A (sky130_fd_sc_hd__clkbuf_1)
                  0.03    0.08    5.08 v input6/X (sky130_fd_sc_hd__clkbuf_1)
     2    0.00                           net6 (net)
                  0.03    0.00    5.08 v _243_/A (sky130_fd_sc_hd__clkbuf_4)
                  0.07    0.17    5.26 v _243_/X (sky130_fd_sc_hd__clkbuf_4)
    10    0.03                           _193_ (net)
                  0.07    0.00    5.26 v _298_/A2 (sky130_fd_sc_hd__a22o_1)
                  0.06    0.27    5.52 v _298_/X (sky130_fd_sc_hd__a22o_1)
     2    0.01                           _021_ (net)
                  0.06    0.00    5.52 v _331_/B2 (sky130_fd_sc_hd__a22o_1)
                  0.06    0.23    5.75 v _331_/X (sky130_fd_sc_hd__a22o_1)
     3    0.01                           _054_ (net)
                  0.06    0.00    5.75 v _333_/C (sky130_fd_sc_hd__and3_1)
                  0.04    0.19    5.94 v _333_/X (sky130_fd_sc_hd__and3_1)
     2    0.00                           _056_ (net)
                  0.04    0.00    5.94 v _335_/B (sky130_fd_sc_hd__or3b_2)
                  0.10    0.50    6.43 v _335_/X (sky130_fd_sc_hd__or3b_2)
     4    0.01                           _058_ (net)
                  0.10    0.00    6.43 v _354_/A (sky130_fd_sc_hd__and3_2)
                  0.07    0.24    6.67 v _354_/X (sky130_fd_sc_hd__and3_2)
     3    0.01                           _077_ (net)
                  0.07    0.00    6.67 v _410_/A (sky130_fd_sc_hd__nor2_2)
                  0.18    0.20    6.87 ^ _410_/Y (sky130_fd_sc_hd__nor2_2)
     3    0.01                           _133_ (net)
                  0.18    0.00    6.87 ^ _411_/B (sky130_fd_sc_hd__xor2_1)
                  0.06    0.09    6.96 v _411_/X (sky130_fd_sc_hd__xor2_1)
     1    0.00                           _134_ (net)
                  0.06    0.00    6.96 v _414_/A4 (sky130_fd_sc_hd__a41o_1)
                  0.07    0.28    7.24 v _414_/X (sky130_fd_sc_hd__a41o_1)
     3    0.01                           _137_ (net)
                  0.07    0.00    7.24 v _416_/A2 (sky130_fd_sc_hd__a21oi_1)
                  0.22    0.24    7.48 ^ _416_/Y (sky130_fd_sc_hd__a21oi_1)
     1    0.01                           _139_ (net)
                  0.22    0.00    7.48 ^ _417_/B (sky130_fd_sc_hd__xnor2_2)
                  0.23    0.18    7.66 ^ _417_/Y (sky130_fd_sc_hd__xnor2_2)
     4    0.01                           _140_ (net)
                  0.23    0.00    7.66 ^ _447_/C_N (sky130_fd_sc_hd__or3b_2)
                  0.10    0.52    8.18 v _447_/X (sky130_fd_sc_hd__or3b_2)
     1    0.01                           _170_ (net)
                  0.10    0.00    8.18 v _448_/A3 (sky130_fd_sc_hd__o311ai_4)
                  0.23    0.26    8.43 ^ _448_/Y (sky130_fd_sc_hd__o311ai_4)
     3    0.01                           _171_ (net)
                  0.23    0.00    8.43 ^ _458_/B1 (sky130_fd_sc_hd__a22o_1)
                  0.05    0.17    8.60 ^ _458_/X (sky130_fd_sc_hd__a22o_1)
     1    0.00                           _179_ (net)
                  0.05    0.00    8.60 ^ _459_/B2 (sky130_fd_sc_hd__a22o_1)
                  0.04    0.11    8.72 ^ _459_/X (sky130_fd_sc_hd__a22o_1)
     1    0.00                           _003_ (net)
                  0.04    0.00    8.72 ^ _482_/D (sky130_fd_sc_hd__dfrtp_1)
                                  8.72   data arrival time

                         25.00   25.00   clock clk (rise edge)
                          0.00   25.00   clock source latency
                  0.04    0.03   25.03 ^ clk (in)
     1    0.01                           clk (net)
                  0.04    0.00   25.03 ^ clkbuf_0_clk/A (sky130_fd_sc_hd__clkbuf_16)
                  0.04    0.11   25.14 ^ clkbuf_0_clk/X (sky130_fd_sc_hd__clkbuf_16)
     2    0.02                           clknet_0_clk (net)
                  0.04    0.00   25.14 ^ clkbuf_1_1__f_clk/A (sky130_fd_sc_hd__clkbuf_16)
                  0.04    0.11   25.25 ^ clkbuf_1_1__f_clk/X (sky130_fd_sc_hd__clkbuf_16)
     7    0.01                           clknet_1_1__leaf_clk (net)
                  0.04    0.00   25.25 ^ _482_/CLK (sky130_fd_sc_hd__dfrtp_1)
                         -0.25   25.00   clock uncertainty
                          0.00   25.00   clock reconvergence pessimism
                         -0.06   24.94   library setup time
                                 24.94   data required time
-----------------------------------------------------------------------------
                                 24.94   data required time
                                 -8.72   data arrival time
-----------------------------------------------------------------------------
                                 16.23   slack (MET)


Startpoint: data_in[5] (input port clocked by clk)
Endpoint: _483_ (rising edge-triggered flip-flop clocked by clk)
Path Group: clk
Path Type: max

Fanout     Cap    Slew   Delay    Time   Description
-----------------------------------------------------------------------------
                          0.00    0.00   clock clk (rise edge)
                          0.00    0.00   clock network delay (propagated)
                          5.00    5.00 v input external delay
                  0.01    0.00    5.00 v data_in[5] (in)
     1    0.00                           data_in[5] (net)
                  0.01    0.00    5.00 v input6/A (sky130_fd_sc_hd__clkbuf_1)
                  0.03    0.08    5.08 v input6/X (sky130_fd_sc_hd__clkbuf_1)
     2    0.00                           net6 (net)
                  0.03    0.00    5.08 v _243_/A (sky130_fd_sc_hd__clkbuf_4)
                  0.07    0.17    5.26 v _243_/X (sky130_fd_sc_hd__clkbuf_4)
    10    0.03                           _193_ (net)
                  0.07    0.00    5.26 v _298_/A2 (sky130_fd_sc_hd__a22o_1)
                  0.06    0.27    5.52 v _298_/X (sky130_fd_sc_hd__a22o_1)
     2    0.01                           _021_ (net)
                  0.06    0.00    5.52 v _331_/B2 (sky130_fd_sc_hd__a22o_1)
                  0.06    0.23    5.75 v _331_/X (sky130_fd_sc_hd__a22o_1)
     3    0.01                           _054_ (net)
                  0.06    0.00    5.75 v _333_/C (sky130_fd_sc_hd__and3_1)
                  0.04    0.19    5.94 v _333_/X (sky130_fd_sc_hd__and3_1)
     2    0.00                           _056_ (net)
                  0.04    0.00    5.94 v _335_/B (sky130_fd_sc_hd__or3b_2)
                  0.10    0.50    6.43 v _335_/X (sky130_fd_sc_hd__or3b_2)
     4    0.01                           _058_ (net)
                  0.10    0.00    6.43 v _354_/A (sky130_fd_sc_hd__and3_2)
                  0.07    0.24    6.67 v _354_/X (sky130_fd_sc_hd__and3_2)
     3    0.01                           _077_ (net)
                  0.07    0.00    6.67 v _410_/A (sky130_fd_sc_hd__nor2_2)
                  0.18    0.20    6.87 ^ _410_/Y (sky130_fd_sc_hd__nor2_2)
     3    0.01                           _133_ (net)
                  0.18    0.00    6.87 ^ _411_/B (sky130_fd_sc_hd__xor2_1)
                  0.06    0.09    6.96 v _411_/X (sky130_fd_sc_hd__xor2_1)
     1    0.00                           _134_ (net)
                  0.06    0.00    6.96 v _414_/A4 (sky130_fd_sc_hd__a41o_1)
                  0.07    0.28    7.24 v _414_/X (sky130_fd_sc_hd__a41o_1)
     3    0.01                           _137_ (net)
                  0.07    0.00    7.24 v _420_/B (sky130_fd_sc_hd__xnor2_1)
                  0.07    0.14    7.39 v _420_/Y (sky130_fd_sc_hd__xnor2_1)
     2    0.00                           _143_ (net)
                  0.07    0.00    7.39 v _429_/C (sky130_fd_sc_hd__nor4_1)
                  0.33    0.32    7.70 ^ _429_/Y (sky130_fd_sc_hd__nor4_1)
     3    0.01                           _152_ (net)
                  0.33    0.00    7.70 ^ max_cap38/A (sky130_fd_sc_hd__buf_1)
                  0.12    0.19    7.90 ^ max_cap38/X (sky130_fd_sc_hd__buf_1)
     2    0.01                           net38 (net)
                  0.12    0.00    7.90 ^ _435_/B (sky130_fd_sc_hd__nand3_2)
                  0.12    0.13    8.03 v _435_/Y (sky130_fd_sc_hd__nand3_2)
     2    0.01                           _158_ (net)
                  0.12    0.00    8.03 v _436_/B (sky130_fd_sc_hd__nand2_2)
                  0.08    0.13    8.15 ^ _436_/Y (sky130_fd_sc_hd__nand2_2)
     4    0.01                           _159_ (net)
                  0.08    0.00    8.15 ^ _460_/A (sky130_fd_sc_hd__inv_2)
                  0.02    0.03    8.19 v _460_/Y (sky130_fd_sc_hd__inv_2)
     1    0.00                           _180_ (net)
                  0.02    0.00    8.19 v _461_/B2 (sky130_fd_sc_hd__a22o_1)
                  0.04    0.19    8.37 v _461_/X (sky130_fd_sc_hd__a22o_1)
     1    0.00                           _004_ (net)
                  0.04    0.00    8.37 v _483_/D (sky130_fd_sc_hd__dfrtp_1)
                                  8.37   data arrival time

                         25.00   25.00   clock clk (rise edge)
                          0.00   25.00   clock source latency
                  0.04    0.03   25.03 ^ clk (in)
     1    0.01                           clk (net)
                  0.04    0.00   25.03 ^ clkbuf_0_clk/A (sky130_fd_sc_hd__clkbuf_16)
                  0.04    0.11   25.14 ^ clkbuf_0_clk/X (sky130_fd_sc_hd__clkbuf_16)
     2    0.02                           clknet_0_clk (net)
                  0.04    0.00   25.14 ^ clkbuf_1_1__f_clk/A (sky130_fd_sc_hd__clkbuf_16)
                  0.04    0.11   25.25 ^ clkbuf_1_1__f_clk/X (sky130_fd_sc_hd__clkbuf_16)
     7    0.01                           clknet_1_1__leaf_clk (net)
                  0.04    0.00   25.25 ^ _483_/CLK (sky130_fd_sc_hd__dfrtp_1)
                         -0.25   25.00   clock uncertainty
                          0.00   25.00   clock reconvergence pessimism
                         -0.11   24.89   library setup time
                                 24.89   data required time
-----------------------------------------------------------------------------
                                 24.89   data required time
                                 -8.37   data arrival time
-----------------------------------------------------------------------------
                                 16.52   slack (MET)


Startpoint: data_in[1] (input port clocked by clk)
Endpoint: _478_ (rising edge-triggered flip-flop clocked by clk)
Path Group: clk
Path Type: max

Fanout     Cap    Slew   Delay    Time   Description
-----------------------------------------------------------------------------
                          0.00    0.00   clock clk (rise edge)
                          0.00    0.00   clock network delay (propagated)
                          5.00    5.00 v input external delay
                  0.01    0.00    5.00 v data_in[1] (in)
     1    0.00                           data_in[1] (net)
                  0.01    0.00    5.00 v input2/A (sky130_fd_sc_hd__dlymetal6s2s_1)
                  0.06    0.15    5.15 v input2/X (sky130_fd_sc_hd__dlymetal6s2s_1)
     4    0.01                           net2 (net)
                  0.06    0.00    5.15 v _246_/A (sky130_fd_sc_hd__buf_2)
                  0.06    0.17    5.32 v _246_/X (sky130_fd_sc_hd__buf_2)
    10    0.02                           _196_ (net)
                  0.06    0.00    5.32 v _248_/C (sky130_fd_sc_hd__or4_1)
                  0.11    0.52    5.84 v _248_/X (sky130_fd_sc_hd__or4_1)
     3    0.01                           _198_ (net)
                  0.11    0.00    5.84 v _249_/C (sky130_fd_sc_hd__or3_1)
                  0.07    0.35    6.19 v _249_/X (sky130_fd_sc_hd__or3_1)
     2    0.00                           _199_ (net)
                  0.07    0.00    6.19 v _251_/B (sky130_fd_sc_hd__or3b_2)
                  0.11    0.52    6.71 v _251_/X (sky130_fd_sc_hd__or3b_2)
     2    0.01                           _201_ (net)
                  0.11    0.00    6.71 v _276_/A2 (sky130_fd_sc_hd__o22a_1)
                  0.07    0.25    6.96 v _276_/X (sky130_fd_sc_hd__o22a_1)
     1    0.01                           _226_ (net)
                  0.07    0.00    6.96 v _277_/B1 (sky130_fd_sc_hd__a21oi_4)
                  0.22    0.22    7.18 ^ _277_/Y (sky130_fd_sc_hd__a21oi_4)
     9    0.02                           _227_ (net)
                  0.22    0.00    7.18 ^ _278_/B (sky130_fd_sc_hd__nor2_2)
                  0.06    0.08    7.26 v _278_/Y (sky130_fd_sc_hd__nor2_2)
     5    0.01                           _228_ (net)
                  0.06    0.00    7.26 v _279_/B1_N (sky130_fd_sc_hd__o21ba_1)
                  0.04    0.22    7.48 ^ _279_/X (sky130_fd_sc_hd__o21ba_1)
     1    0.00                           _000_ (net)
                  0.04    0.00    7.48 ^ _478_/D (sky130_fd_sc_hd__dfrtp_1)
                                  7.48   data arrival time

                         25.00   25.00   clock clk (rise edge)
                          0.00   25.00   clock source latency
                  0.04    0.03   25.03 ^ clk (in)
     1    0.01                           clk (net)
                  0.04    0.00   25.03 ^ clkbuf_0_clk/A (sky130_fd_sc_hd__clkbuf_16)
                  0.04    0.11   25.14 ^ clkbuf_0_clk/X (sky130_fd_sc_hd__clkbuf_16)
     2    0.02                           clknet_0_clk (net)
                  0.04    0.00   25.14 ^ clkbuf_1_1__f_clk/A (sky130_fd_sc_hd__clkbuf_16)
                  0.04    0.11   25.25 ^ clkbuf_1_1__f_clk/X (sky130_fd_sc_hd__clkbuf_16)
     7    0.01                           clknet_1_1__leaf_clk (net)
                  0.04    0.00   25.25 ^ _478_/CLK (sky130_fd_sc_hd__dfrtp_1)
                         -0.25   25.00   clock uncertainty
                          0.00   25.00   clock reconvergence pessimism
                         -0.06   24.94   library setup time
                                 24.94   data required time
-----------------------------------------------------------------------------
                                 24.94   data required time
                                 -7.48   data arrival time
-----------------------------------------------------------------------------
                                 17.47   slack (MET)


Startpoint: data_in[1] (input port clocked by clk)
Endpoint: _484_ (rising edge-triggered flip-flop clocked by clk)
Path Group: clk
Path Type: max

Fanout     Cap    Slew   Delay    Time   Description
-----------------------------------------------------------------------------
                          0.00    0.00   clock clk (rise edge)
                          0.00    0.00   clock network delay (propagated)
                          5.00    5.00 v input external delay
                  0.01    0.00    5.00 v data_in[1] (in)
     1    0.00                           data_in[1] (net)
                  0.01    0.00    5.00 v input2/A (sky130_fd_sc_hd__dlymetal6s2s_1)
                  0.06    0.15    5.15 v input2/X (sky130_fd_sc_hd__dlymetal6s2s_1)
     4    0.01                           net2 (net)
                  0.06    0.00    5.15 v _246_/A (sky130_fd_sc_hd__buf_2)
                  0.06    0.17    5.32 v _246_/X (sky130_fd_sc_hd__buf_2)
    10    0.02                           _196_ (net)
                  0.06    0.00    5.32 v _248_/C (sky130_fd_sc_hd__or4_1)
                  0.11    0.52    5.84 v _248_/X (sky130_fd_sc_hd__or4_1)
     3    0.01                           _198_ (net)
                  0.11    0.00    5.84 v _249_/C (sky130_fd_sc_hd__or3_1)
                  0.07    0.35    6.19 v _249_/X (sky130_fd_sc_hd__or3_1)
     2    0.00                           _199_ (net)
                  0.07    0.00    6.19 v _251_/B (sky130_fd_sc_hd__or3b_2)
                  0.11    0.52    6.71 v _251_/X (sky130_fd_sc_hd__or3b_2)
     2    0.01                           _201_ (net)
                  0.11    0.00    6.71 v _276_/A2 (sky130_fd_sc_hd__o22a_1)
                  0.07    0.25    6.96 v _276_/X (sky130_fd_sc_hd__o22a_1)
     1    0.01                           _226_ (net)
                  0.07    0.00    6.96 v _277_/B1 (sky130_fd_sc_hd__a21oi_4)
                  0.22    0.22    7.18 ^ _277_/Y (sky130_fd_sc_hd__a21oi_4)
     9    0.02                           _227_ (net)
                  0.22    0.00    7.18 ^ _463_/A3 (sky130_fd_sc_hd__a31o_1)
                  0.04    0.17    7.35 ^ _463_/X (sky130_fd_sc_hd__a31o_1)
     1    0.00                           _005_ (net)
                  0.04    0.00    7.35 ^ _484_/D (sky130_fd_sc_hd__dfrtp_1)
                                  7.35   data arrival time

                         25.00   25.00   clock clk (rise edge)
                          0.00   25.00   clock source latency
                  0.04    0.03   25.03 ^ clk (in)
     1    0.01                           clk (net)
                  0.04    0.00   25.03 ^ clkbuf_0_clk/A (sky130_fd_sc_hd__clkbuf_16)
                  0.04    0.11   25.14 ^ clkbuf_0_clk/X (sky130_fd_sc_hd__clkbuf_16)
     2    0.02                           clknet_0_clk (net)
                  0.04    0.00   25.14 ^ clkbuf_1_0__f_clk/A (sky130_fd_sc_hd__clkbuf_16)
                  0.04    0.11   25.25 ^ clkbuf_1_0__f_clk/X (sky130_fd_sc_hd__clkbuf_16)
     7    0.01                           clknet_1_0__leaf_clk (net)
                  0.04    0.00   25.25 ^ _484_/CLK (sky130_fd_sc_hd__dfrtp_1)
                         -0.25   25.00   clock uncertainty
                          0.00   25.00   clock reconvergence pessimism
                         -0.06   24.94   library setup time
                                 24.94   data required time
-----------------------------------------------------------------------------
                                 24.94   data required time
                                 -7.35   data arrival time
-----------------------------------------------------------------------------
                                 17.59   slack (MET)


Startpoint: data_in[1] (input port clocked by clk)
Endpoint: _485_ (rising edge-triggered flip-flop clocked by clk)
Path Group: clk
Path Type: max

Fanout     Cap    Slew   Delay    Time   Description
-----------------------------------------------------------------------------
                          0.00    0.00   clock clk (rise edge)
                          0.00    0.00   clock network delay (propagated)
                          5.00    5.00 v input external delay
                  0.01    0.00    5.00 v data_in[1] (in)
     1    0.00                           data_in[1] (net)
                  0.01    0.00    5.00 v input2/A (sky130_fd_sc_hd__dlymetal6s2s_1)
                  0.06    0.15    5.15 v input2/X (sky130_fd_sc_hd__dlymetal6s2s_1)
     4    0.01                           net2 (net)
                  0.06    0.00    5.15 v _246_/A (sky130_fd_sc_hd__buf_2)
                  0.06    0.17    5.32 v _246_/X (sky130_fd_sc_hd__buf_2)
    10    0.02                           _196_ (net)
                  0.06    0.00    5.32 v _248_/C (sky130_fd_sc_hd__or4_1)
                  0.11    0.52    5.84 v _248_/X (sky130_fd_sc_hd__or4_1)
     3    0.01                           _198_ (net)
                  0.11    0.00    5.84 v _249_/C (sky130_fd_sc_hd__or3_1)
                  0.07    0.35    6.19 v _249_/X (sky130_fd_sc_hd__or3_1)
     2    0.00                           _199_ (net)
                  0.07    0.00    6.19 v _251_/B (sky130_fd_sc_hd__or3b_2)
                  0.11    0.52    6.71 v _251_/X (sky130_fd_sc_hd__or3b_2)
     2    0.01                           _201_ (net)
                  0.11    0.00    6.71 v _276_/A2 (sky130_fd_sc_hd__o22a_1)
                  0.07    0.25    6.96 v _276_/X (sky130_fd_sc_hd__o22a_1)
     1    0.01                           _226_ (net)
                  0.07    0.00    6.96 v _277_/B1 (sky130_fd_sc_hd__a21oi_4)
                  0.22    0.22    7.18 ^ _277_/Y (sky130_fd_sc_hd__a21oi_4)
     9    0.02                           _227_ (net)
                  0.22    0.00    7.18 ^ _465_/A3 (sky130_fd_sc_hd__a31o_1)
                  0.04    0.17    7.35 ^ _465_/X (sky130_fd_sc_hd__a31o_1)
     1    0.00                           _006_ (net)
                  0.04    0.00    7.35 ^ _485_/D (sky130_fd_sc_hd__dfrtp_1)
                                  7.35   data arrival time

                         25.00   25.00   clock clk (rise edge)
                          0.00   25.00   clock source latency
                  0.04    0.03   25.03 ^ clk (in)
     1    0.01                           clk (net)
                  0.04    0.00   25.03 ^ clkbuf_0_clk/A (sky130_fd_sc_hd__clkbuf_16)
                  0.04    0.11   25.14 ^ clkbuf_0_clk/X (sky130_fd_sc_hd__clkbuf_16)
     2    0.02                           clknet_0_clk (net)
                  0.04    0.00   25.14 ^ clkbuf_1_0__f_clk/A (sky130_fd_sc_hd__clkbuf_16)
                  0.04    0.11   25.25 ^ clkbuf_1_0__f_clk/X (sky130_fd_sc_hd__clkbuf_16)
     7    0.01                           clknet_1_0__leaf_clk (net)
                  0.04    0.00   25.25 ^ _485_/CLK (sky130_fd_sc_hd__dfrtp_1)
                         -0.25   25.00   clock uncertainty
                          0.00   25.00   clock reconvergence pessimism
                         -0.06   24.94   library setup time
                                 24.94   data required time
-----------------------------------------------------------------------------
                                 24.94   data required time
                                 -7.35   data arrival time
-----------------------------------------------------------------------------
                                 17.59   slack (MET)


Startpoint: data_in[1] (input port clocked by clk)
Endpoint: _486_ (rising edge-triggered flip-flop clocked by clk)
Path Group: clk
Path Type: max

Fanout     Cap    Slew   Delay    Time   Description
-----------------------------------------------------------------------------
                          0.00    0.00   clock clk (rise edge)
                          0.00    0.00   clock network delay (propagated)
                          5.00    5.00 v input external delay
                  0.01    0.00    5.00 v data_in[1] (in)
     1    0.00                           data_in[1] (net)
                  0.01    0.00    5.00 v input2/A (sky130_fd_sc_hd__dlymetal6s2s_1)
                  0.06    0.15    5.15 v input2/X (sky130_fd_sc_hd__dlymetal6s2s_1)
     4    0.01                           net2 (net)
                  0.06    0.00    5.15 v _246_/A (sky130_fd_sc_hd__buf_2)
                  0.06    0.17    5.32 v _246_/X (sky130_fd_sc_hd__buf_2)
    10    0.02                           _196_ (net)
                  0.06    0.00    5.32 v _248_/C (sky130_fd_sc_hd__or4_1)
                  0.11    0.52    5.84 v _248_/X (sky130_fd_sc_hd__or4_1)
     3    0.01                           _198_ (net)
                  0.11    0.00    5.84 v _249_/C (sky130_fd_sc_hd__or3_1)
                  0.07    0.35    6.19 v _249_/X (sky130_fd_sc_hd__or3_1)
     2    0.00                           _199_ (net)
                  0.07    0.00    6.19 v _251_/B (sky130_fd_sc_hd__or3b_2)
                  0.11    0.52    6.71 v _251_/X (sky130_fd_sc_hd__or3b_2)
     2    0.01                           _201_ (net)
                  0.11    0.00    6.71 v _276_/A2 (sky130_fd_sc_hd__o22a_1)
                  0.07    0.25    6.96 v _276_/X (sky130_fd_sc_hd__o22a_1)
     1    0.01                           _226_ (net)
                  0.07    0.00    6.96 v _277_/B1 (sky130_fd_sc_hd__a21oi_4)
                  0.22    0.22    7.18 ^ _277_/Y (sky130_fd_sc_hd__a21oi_4)
     9    0.02                           _227_ (net)
                  0.22    0.00    7.18 ^ _467_/A3 (sky130_fd_sc_hd__a31o_1)
                  0.04    0.17    7.35 ^ _467_/X (sky130_fd_sc_hd__a31o_1)
     1    0.00                           _007_ (net)
                  0.04    0.00    7.35 ^ _486_/D (sky130_fd_sc_hd__dfrtp_1)
                                  7.35   data arrival time

                         25.00   25.00   clock clk (rise edge)
                          0.00   25.00   clock source latency
                  0.04    0.03   25.03 ^ clk (in)
     1    0.01                           clk (net)
                  0.04    0.00   25.03 ^ clkbuf_0_clk/A (sky130_fd_sc_hd__clkbuf_16)
                  0.04    0.11   25.14 ^ clkbuf_0_clk/X (sky130_fd_sc_hd__clkbuf_16)
     2    0.02                           clknet_0_clk (net)
                  0.04    0.00   25.14 ^ clkbuf_1_0__f_clk/A (sky130_fd_sc_hd__clkbuf_16)
                  0.04    0.11   25.25 ^ clkbuf_1_0__f_clk/X (sky130_fd_sc_hd__clkbuf_16)
     7    0.01                           clknet_1_0__leaf_clk (net)
                  0.04    0.00   25.25 ^ _486_/CLK (sky130_fd_sc_hd__dfrtp_1)
                         -0.25   25.00   clock uncertainty
                          0.00   25.00   clock reconvergence pessimism
                         -0.06   24.94   library setup time
                                 24.94   data required time
-----------------------------------------------------------------------------
                                 24.94   data required time
                                 -7.35   data arrival time
-----------------------------------------------------------------------------
                                 17.59   slack (MET)


Startpoint: data_in[1] (input port clocked by clk)
Endpoint: _487_ (rising edge-triggered flip-flop clocked by clk)
Path Group: clk
Path Type: max

Fanout     Cap    Slew   Delay    Time   Description
-----------------------------------------------------------------------------
                          0.00    0.00   clock clk (rise edge)
                          0.00    0.00   clock network delay (propagated)
                          5.00    5.00 v input external delay
                  0.01    0.00    5.00 v data_in[1] (in)
     1    0.00                           data_in[1] (net)
                  0.01    0.00    5.00 v input2/A (sky130_fd_sc_hd__dlymetal6s2s_1)
                  0.06    0.15    5.15 v input2/X (sky130_fd_sc_hd__dlymetal6s2s_1)
     4    0.01                           net2 (net)
                  0.06    0.00    5.15 v _246_/A (sky130_fd_sc_hd__buf_2)
                  0.06    0.17    5.32 v _246_/X (sky130_fd_sc_hd__buf_2)
    10    0.02                           _196_ (net)
                  0.06    0.00    5.32 v _248_/C (sky130_fd_sc_hd__or4_1)
                  0.11    0.52    5.84 v _248_/X (sky130_fd_sc_hd__or4_1)
     3    0.01                           _198_ (net)
                  0.11    0.00    5.84 v _249_/C (sky130_fd_sc_hd__or3_1)
                  0.07    0.35    6.19 v _249_/X (sky130_fd_sc_hd__or3_1)
     2    0.00                           _199_ (net)
                  0.07    0.00    6.19 v _251_/B (sky130_fd_sc_hd__or3b_2)
                  0.11    0.52    6.71 v _251_/X (sky130_fd_sc_hd__or3b_2)
     2    0.01                           _201_ (net)
                  0.11    0.00    6.71 v _276_/A2 (sky130_fd_sc_hd__o22a_1)
                  0.07    0.25    6.96 v _276_/X (sky130_fd_sc_hd__o22a_1)
     1    0.01                           _226_ (net)
                  0.07    0.00    6.96 v _277_/B1 (sky130_fd_sc_hd__a21oi_4)
                  0.22    0.22    7.18 ^ _277_/Y (sky130_fd_sc_hd__a21oi_4)
     9    0.02                           _227_ (net)
                  0.22    0.00    7.18 ^ _469_/A3 (sky130_fd_sc_hd__a31o_1)
                  0.04    0.17    7.35 ^ _469_/X (sky130_fd_sc_hd__a31o_1)
     1    0.00                           _008_ (net)
                  0.04    0.00    7.35 ^ _487_/D (sky130_fd_sc_hd__dfrtp_1)
                                  7.35   data arrival time

                         25.00   25.00   clock clk (rise edge)
                          0.00   25.00   clock source latency
                  0.04    0.03   25.03 ^ clk (in)
     1    0.01                           clk (net)
                  0.04    0.00   25.03 ^ clkbuf_0_clk/A (sky130_fd_sc_hd__clkbuf_16)
                  0.04    0.11   25.14 ^ clkbuf_0_clk/X (sky130_fd_sc_hd__clkbuf_16)
     2    0.02                           clknet_0_clk (net)
                  0.04    0.00   25.14 ^ clkbuf_1_1__f_clk/A (sky130_fd_sc_hd__clkbuf_16)
                  0.04    0.11   25.25 ^ clkbuf_1_1__f_clk/X (sky130_fd_sc_hd__clkbuf_16)
     7    0.01                           clknet_1_1__leaf_clk (net)
                  0.04    0.00   25.25 ^ _487_/CLK (sky130_fd_sc_hd__dfrtp_1)
                         -0.25   25.00   clock uncertainty
                          0.00   25.00   clock reconvergence pessimism
                         -0.06   24.94   library setup time
                                 24.94   data required time
-----------------------------------------------------------------------------
                                 24.94   data required time
                                 -7.35   data arrival time
-----------------------------------------------------------------------------
                                 17.59   slack (MET)


Startpoint: data_in[1] (input port clocked by clk)
Endpoint: _488_ (rising edge-triggered flip-flop clocked by clk)
Path Group: clk
Path Type: max

Fanout     Cap    Slew   Delay    Time   Description
-----------------------------------------------------------------------------
                          0.00    0.00   clock clk (rise edge)
                          0.00    0.00   clock network delay (propagated)
                          5.00    5.00 v input external delay
                  0.01    0.00    5.00 v data_in[1] (in)
     1    0.00                           data_in[1] (net)
                  0.01    0.00    5.00 v input2/A (sky130_fd_sc_hd__dlymetal6s2s_1)
                  0.06    0.15    5.15 v input2/X (sky130_fd_sc_hd__dlymetal6s2s_1)
     4    0.01                           net2 (net)
                  0.06    0.00    5.15 v _246_/A (sky130_fd_sc_hd__buf_2)
                  0.06    0.17    5.32 v _246_/X (sky130_fd_sc_hd__buf_2)
    10    0.02                           _196_ (net)
                  0.06    0.00    5.32 v _248_/C (sky130_fd_sc_hd__or4_1)
                  0.11    0.52    5.84 v _248_/X (sky130_fd_sc_hd__or4_1)
     3    0.01                           _198_ (net)
                  0.11    0.00    5.84 v _249_/C (sky130_fd_sc_hd__or3_1)
                  0.07    0.35    6.19 v _249_/X (sky130_fd_sc_hd__or3_1)
     2    0.00                           _199_ (net)
                  0.07    0.00    6.19 v _251_/B (sky130_fd_sc_hd__or3b_2)
                  0.11    0.52    6.71 v _251_/X (sky130_fd_sc_hd__or3b_2)
     2    0.01                           _201_ (net)
                  0.11    0.00    6.71 v _276_/A2 (sky130_fd_sc_hd__o22a_1)
                  0.07    0.25    6.96 v _276_/X (sky130_fd_sc_hd__o22a_1)
     1    0.01                           _226_ (net)
                  0.07    0.00    6.96 v _277_/B1 (sky130_fd_sc_hd__a21oi_4)
                  0.22    0.22    7.18 ^ _277_/Y (sky130_fd_sc_hd__a21oi_4)
     9    0.02                           _227_ (net)
                  0.22    0.00    7.18 ^ _471_/A3 (sky130_fd_sc_hd__a31o_1)
                  0.04    0.17    7.35 ^ _471_/X (sky130_fd_sc_hd__a31o_1)
     1    0.00                           _009_ (net)
                  0.04    0.00    7.35 ^ _488_/D (sky130_fd_sc_hd__dfrtp_1)
                                  7.35   data arrival time

                         25.00   25.00   clock clk (rise edge)
                          0.00   25.00   clock source latency
                  0.04    0.03   25.03 ^ clk (in)
     1    0.01                           clk (net)
                  0.04    0.00   25.03 ^ clkbuf_0_clk/A (sky130_fd_sc_hd__clkbuf_16)
                  0.04    0.11   25.14 ^ clkbuf_0_clk/X (sky130_fd_sc_hd__clkbuf_16)
     2    0.02                           clknet_0_clk (net)
                  0.04    0.00   25.14 ^ clkbuf_1_0__f_clk/A (sky130_fd_sc_hd__clkbuf_16)
                  0.04    0.11   25.25 ^ clkbuf_1_0__f_clk/X (sky130_fd_sc_hd__clkbuf_16)
     7    0.01                           clknet_1_0__leaf_clk (net)
                  0.04    0.00   25.25 ^ _488_/CLK (sky130_fd_sc_hd__dfrtp_1)
                         -0.25   25.00   clock uncertainty
                          0.00   25.00   clock reconvergence pessimism
                         -0.06   24.94   library setup time
                                 24.94   data required time
-----------------------------------------------------------------------------
                                 24.94   data required time
                                 -7.35   data arrival time
-----------------------------------------------------------------------------
                                 17.59   slack (MET)


Startpoint: data_in[1] (input port clocked by clk)
Endpoint: _489_ (rising edge-triggered flip-flop clocked by clk)
Path Group: clk
Path Type: max

Fanout     Cap    Slew   Delay    Time   Description
-----------------------------------------------------------------------------
                          0.00    0.00   clock clk (rise edge)
                          0.00    0.00   clock network delay (propagated)
                          5.00    5.00 v input external delay
                  0.01    0.00    5.00 v data_in[1] (in)
     1    0.00                           data_in[1] (net)
                  0.01    0.00    5.00 v input2/A (sky130_fd_sc_hd__dlymetal6s2s_1)
                  0.06    0.15    5.15 v input2/X (sky130_fd_sc_hd__dlymetal6s2s_1)
     4    0.01                           net2 (net)
                  0.06    0.00    5.15 v _246_/A (sky130_fd_sc_hd__buf_2)
                  0.06    0.17    5.32 v _246_/X (sky130_fd_sc_hd__buf_2)
    10    0.02                           _196_ (net)
                  0.06    0.00    5.32 v _248_/C (sky130_fd_sc_hd__or4_1)
                  0.11    0.52    5.84 v _248_/X (sky130_fd_sc_hd__or4_1)
     3    0.01                           _198_ (net)
                  0.11    0.00    5.84 v _249_/C (sky130_fd_sc_hd__or3_1)
                  0.07    0.35    6.19 v _249_/X (sky130_fd_sc_hd__or3_1)
     2    0.00                           _199_ (net)
                  0.07    0.00    6.19 v _251_/B (sky130_fd_sc_hd__or3b_2)
                  0.11    0.52    6.71 v _251_/X (sky130_fd_sc_hd__or3b_2)
     2    0.01                           _201_ (net)
                  0.11    0.00    6.71 v _276_/A2 (sky130_fd_sc_hd__o22a_1)
                  0.07    0.25    6.96 v _276_/X (sky130_fd_sc_hd__o22a_1)
     1    0.01                           _226_ (net)
                  0.07    0.00    6.96 v _277_/B1 (sky130_fd_sc_hd__a21oi_4)
                  0.22    0.22    7.18 ^ _277_/Y (sky130_fd_sc_hd__a21oi_4)
     9    0.02                           _227_ (net)
                  0.22    0.00    7.18 ^ _473_/A3 (sky130_fd_sc_hd__a31o_1)
                  0.04    0.17    7.35 ^ _473_/X (sky130_fd_sc_hd__a31o_1)
     1    0.00                           _010_ (net)
                  0.04    0.00    7.35 ^ _489_/D (sky130_fd_sc_hd__dfrtp_1)
                                  7.35   data arrival time

                         25.00   25.00   clock clk (rise edge)
                          0.00   25.00   clock source latency
                  0.04    0.03   25.03 ^ clk (in)
     1    0.01                           clk (net)
                  0.04    0.00   25.03 ^ clkbuf_0_clk/A (sky130_fd_sc_hd__clkbuf_16)
                  0.04    0.11   25.14 ^ clkbuf_0_clk/X (sky130_fd_sc_hd__clkbuf_16)
     2    0.02                           clknet_0_clk (net)
                  0.04    0.00   25.14 ^ clkbuf_1_0__f_clk/A (sky130_fd_sc_hd__clkbuf_16)
                  0.04    0.11   25.25 ^ clkbuf_1_0__f_clk/X (sky130_fd_sc_hd__clkbuf_16)
     7    0.01                           clknet_1_0__leaf_clk (net)
                  0.04    0.00   25.25 ^ _489_/CLK (sky130_fd_sc_hd__dfrtp_1)
                         -0.25   25.00   clock uncertainty
                          0.00   25.00   clock reconvergence pessimism
                         -0.06   24.94   library setup time
                                 24.94   data required time
-----------------------------------------------------------------------------
                                 24.94   data required time
                                 -7.35   data arrival time
-----------------------------------------------------------------------------
                                 17.59   slack (MET)


Startpoint: data_in[1] (input port clocked by clk)
Endpoint: _490_ (rising edge-triggered flip-flop clocked by clk)
Path Group: clk
Path Type: max

Fanout     Cap    Slew   Delay    Time   Description
-----------------------------------------------------------------------------
                          0.00    0.00   clock clk (rise edge)
                          0.00    0.00   clock network delay (propagated)
                          5.00    5.00 v input external delay
                  0.01    0.00    5.00 v data_in[1] (in)
     1    0.00                           data_in[1] (net)
                  0.01    0.00    5.00 v input2/A (sky130_fd_sc_hd__dlymetal6s2s_1)
                  0.06    0.15    5.15 v input2/X (sky130_fd_sc_hd__dlymetal6s2s_1)
     4    0.01                           net2 (net)
                  0.06    0.00    5.15 v _246_/A (sky130_fd_sc_hd__buf_2)
                  0.06    0.17    5.32 v _246_/X (sky130_fd_sc_hd__buf_2)
    10    0.02                           _196_ (net)
                  0.06    0.00    5.32 v _248_/C (sky130_fd_sc_hd__or4_1)
                  0.11    0.52    5.84 v _248_/X (sky130_fd_sc_hd__or4_1)
     3    0.01                           _198_ (net)
                  0.11    0.00    5.84 v _249_/C (sky130_fd_sc_hd__or3_1)
                  0.07    0.35    6.19 v _249_/X (sky130_fd_sc_hd__or3_1)
     2    0.00                           _199_ (net)
                  0.07    0.00    6.19 v _251_/B (sky130_fd_sc_hd__or3b_2)
                  0.11    0.52    6.71 v _251_/X (sky130_fd_sc_hd__or3b_2)
     2    0.01                           _201_ (net)
                  0.11    0.00    6.71 v _276_/A2 (sky130_fd_sc_hd__o22a_1)
                  0.07    0.25    6.96 v _276_/X (sky130_fd_sc_hd__o22a_1)
     1    0.01                           _226_ (net)
                  0.07    0.00    6.96 v _277_/B1 (sky130_fd_sc_hd__a21oi_4)
                  0.22    0.22    7.18 ^ _277_/Y (sky130_fd_sc_hd__a21oi_4)
     9    0.02                           _227_ (net)
                  0.22    0.00    7.18 ^ _475_/A3 (sky130_fd_sc_hd__a31o_1)
                  0.04    0.17    7.35 ^ _475_/X (sky130_fd_sc_hd__a31o_1)
     1    0.00                           _011_ (net)
                  0.04    0.00    7.35 ^ _490_/D (sky130_fd_sc_hd__dfrtp_1)
                                  7.35   data arrival time

                         25.00   25.00   clock clk (rise edge)
                          0.00   25.00   clock source latency
                  0.04    0.03   25.03 ^ clk (in)
     1    0.01                           clk (net)
                  0.04    0.00   25.03 ^ clkbuf_0_clk/A (sky130_fd_sc_hd__clkbuf_16)
                  0.04    0.11   25.14 ^ clkbuf_0_clk/X (sky130_fd_sc_hd__clkbuf_16)
     2    0.02                           clknet_0_clk (net)
                  0.04    0.00   25.14 ^ clkbuf_1_0__f_clk/A (sky130_fd_sc_hd__clkbuf_16)
                  0.04    0.11   25.25 ^ clkbuf_1_0__f_clk/X (sky130_fd_sc_hd__clkbuf_16)
     7    0.01                           clknet_1_0__leaf_clk (net)
                  0.04    0.00   25.25 ^ _490_/CLK (sky130_fd_sc_hd__dfrtp_1)
                         -0.25   25.00   clock uncertainty
                          0.00   25.00   clock reconvergence pessimism
                         -0.06   24.94   library setup time
                                 24.94   data required time
-----------------------------------------------------------------------------
                                 24.94   data required time
                                 -7.35   data arrival time
-----------------------------------------------------------------------------
                                 17.59   slack (MET)


Startpoint: data_in[1] (input port clocked by clk)
Endpoint: _491_ (rising edge-triggered flip-flop clocked by clk)
Path Group: clk
Path Type: max

Fanout     Cap    Slew   Delay    Time   Description
-----------------------------------------------------------------------------
                          0.00    0.00   clock clk (rise edge)
                          0.00    0.00   clock network delay (propagated)
                          5.00    5.00 v input external delay
                  0.01    0.00    5.00 v data_in[1] (in)
     1    0.00                           data_in[1] (net)
                  0.01    0.00    5.00 v input2/A (sky130_fd_sc_hd__dlymetal6s2s_1)
                  0.06    0.15    5.15 v input2/X (sky130_fd_sc_hd__dlymetal6s2s_1)
     4    0.01                           net2 (net)
                  0.06    0.00    5.15 v _246_/A (sky130_fd_sc_hd__buf_2)
                  0.06    0.17    5.32 v _246_/X (sky130_fd_sc_hd__buf_2)
    10    0.02                           _196_ (net)
                  0.06    0.00    5.32 v _248_/C (sky130_fd_sc_hd__or4_1)
                  0.11    0.52    5.84 v _248_/X (sky130_fd_sc_hd__or4_1)
     3    0.01                           _198_ (net)
                  0.11    0.00    5.84 v _249_/C (sky130_fd_sc_hd__or3_1)
                  0.07    0.35    6.19 v _249_/X (sky130_fd_sc_hd__or3_1)
     2    0.00                           _199_ (net)
                  0.07    0.00    6.19 v _251_/B (sky130_fd_sc_hd__or3b_2)
                  0.11    0.52    6.71 v _251_/X (sky130_fd_sc_hd__or3b_2)
     2    0.01                           _201_ (net)
                  0.11    0.00    6.71 v _276_/A2 (sky130_fd_sc_hd__o22a_1)
                  0.07    0.25    6.96 v _276_/X (sky130_fd_sc_hd__o22a_1)
     1    0.01                           _226_ (net)
                  0.07    0.00    6.96 v _277_/B1 (sky130_fd_sc_hd__a21oi_4)
                  0.22    0.22    7.18 ^ _277_/Y (sky130_fd_sc_hd__a21oi_4)
     9    0.02                           _227_ (net)
                  0.22    0.00    7.18 ^ _477_/A3 (sky130_fd_sc_hd__a31o_1)
                  0.04    0.17    7.35 ^ _477_/X (sky130_fd_sc_hd__a31o_1)
     1    0.00                           _012_ (net)
                  0.04    0.00    7.35 ^ _491_/D (sky130_fd_sc_hd__dfrtp_1)
                                  7.35   data arrival time

                         25.00   25.00   clock clk (rise edge)
                          0.00   25.00   clock source latency
                  0.04    0.03   25.03 ^ clk (in)
     1    0.01                           clk (net)
                  0.04    0.00   25.03 ^ clkbuf_0_clk/A (sky130_fd_sc_hd__clkbuf_16)
                  0.04    0.11   25.14 ^ clkbuf_0_clk/X (sky130_fd_sc_hd__clkbuf_16)
     2    0.02                           clknet_0_clk (net)
                  0.04    0.00   25.14 ^ clkbuf_1_0__f_clk/A (sky130_fd_sc_hd__clkbuf_16)
                  0.04    0.11   25.25 ^ clkbuf_1_0__f_clk/X (sky130_fd_sc_hd__clkbuf_16)
     7    0.01                           clknet_1_0__leaf_clk (net)
                  0.04    0.00   25.25 ^ _491_/CLK (sky130_fd_sc_hd__dfrtp_1)
                         -0.25   25.00   clock uncertainty
                          0.00   25.00   clock reconvergence pessimism
                         -0.06   24.94   library setup time
                                 24.94   data required time
-----------------------------------------------------------------------------
                                 24.94   data required time
                                 -7.35   data arrival time
-----------------------------------------------------------------------------
                                 17.59   slack (MET)


Startpoint: _480_ (rising edge-triggered flip-flop clocked by clk)
Endpoint: int4_out[0] (output port clocked by clk)
Path Group: clk
Path Type: max

Fanout     Cap    Slew   Delay    Time   Description
-----------------------------------------------------------------------------
                          0.00    0.00   clock clk (rise edge)
                          0.00    0.00   clock source latency
                  0.04    0.03    0.03 ^ clk (in)
     1    0.01                           clk (net)
                  0.04    0.00    0.03 ^ clkbuf_0_clk/A (sky130_fd_sc_hd__clkbuf_16)
                  0.04    0.13    0.16 ^ clkbuf_0_clk/X (sky130_fd_sc_hd__clkbuf_16)
     2    0.02                           clknet_0_clk (net)
                  0.04    0.00    0.16 ^ clkbuf_1_1__f_clk/A (sky130_fd_sc_hd__clkbuf_16)
                  0.04    0.12    0.28 ^ clkbuf_1_1__f_clk/X (sky130_fd_sc_hd__clkbuf_16)
     7    0.01                           clknet_1_1__leaf_clk (net)
                  0.04    0.00    0.28 ^ _480_/CLK (sky130_fd_sc_hd__dfrtp_1)
                  0.04    0.37    0.65 v _480_/Q (sky130_fd_sc_hd__dfrtp_1)
     2    0.00                           net24 (net)
                  0.04    0.00    0.65 v output24/A (sky130_fd_sc_hd__clkbuf_4)
                  0.08    0.19    0.84 v output24/X (sky130_fd_sc_hd__clkbuf_4)
     1    0.03                           int4_out[0] (net)
                  0.08    0.00    0.84 v int4_out[0] (out)
                                  0.84   data arrival time

                         25.00   25.00   clock clk (rise edge)
                          0.00   25.00   clock network delay (propagated)
                         -0.25   24.75   clock uncertainty
                          0.00   24.75   clock reconvergence pessimism
                         -5.00   19.75   output external delay
                                 19.75   data required time
-----------------------------------------------------------------------------
                                 19.75   data required time
                                 -0.84   data arrival time
-----------------------------------------------------------------------------
                                 18.91   slack (MET)


Startpoint: _481_ (rising edge-triggered flip-flop clocked by clk)
Endpoint: int4_out[1] (output port clocked by clk)
Path Group: clk
Path Type: max

Fanout     Cap    Slew   Delay    Time   Description
-----------------------------------------------------------------------------
                          0.00    0.00   clock clk (rise edge)
                          0.00    0.00   clock source latency
                  0.04    0.03    0.03 ^ clk (in)
     1    0.01                           clk (net)
                  0.04    0.00    0.03 ^ clkbuf_0_clk/A (sky130_fd_sc_hd__clkbuf_16)
                  0.04    0.13    0.16 ^ clkbuf_0_clk/X (sky130_fd_sc_hd__clkbuf_16)
     2    0.02                           clknet_0_clk (net)
                  0.04    0.00    0.16 ^ clkbuf_1_1__f_clk/A (sky130_fd_sc_hd__clkbuf_16)
                  0.04    0.12    0.28 ^ clkbuf_1_1__f_clk/X (sky130_fd_sc_hd__clkbuf_16)
     7    0.01                           clknet_1_1__leaf_clk (net)
                  0.04    0.00    0.28 ^ _481_/CLK (sky130_fd_sc_hd__dfrtp_1)
                  0.04    0.37    0.65 v _481_/Q (sky130_fd_sc_hd__dfrtp_1)
     2    0.00                           net25 (net)
                  0.04    0.00    0.65 v output25/A (sky130_fd_sc_hd__clkbuf_4)
                  0.08    0.19    0.84 v output25/X (sky130_fd_sc_hd__clkbuf_4)
     1    0.03                           int4_out[1] (net)
                  0.08    0.00    0.84 v int4_out[1] (out)
                                  0.84   data arrival time

                         25.00   25.00   clock clk (rise edge)
                          0.00   25.00   clock network delay (propagated)
                         -0.25   24.75   clock uncertainty
                          0.00   24.75   clock reconvergence pessimism
                         -5.00   19.75   output external delay
                                 19.75   data required time
-----------------------------------------------------------------------------
                                 19.75   data required time
                                 -0.84   data arrival time
-----------------------------------------------------------------------------
                                 18.91   slack (MET)


Startpoint: _482_ (rising edge-triggered flip-flop clocked by clk)
Endpoint: int4_out[2] (output port clocked by clk)
Path Group: clk
Path Type: max

Fanout     Cap    Slew   Delay    Time   Description
-----------------------------------------------------------------------------
                          0.00    0.00   clock clk (rise edge)
                          0.00    0.00   clock source latency
                  0.04    0.03    0.03 ^ clk (in)
     1    0.01                           clk (net)
                  0.04    0.00    0.03 ^ clkbuf_0_clk/A (sky130_fd_sc_hd__clkbuf_16)
                  0.04    0.13    0.16 ^ clkbuf_0_clk/X (sky130_fd_sc_hd__clkbuf_16)
     2    0.02                           clknet_0_clk (net)
                  0.04    0.00    0.16 ^ clkbuf_1_1__f_clk/A (sky130_fd_sc_hd__clkbuf_16)
                  0.04    0.12    0.28 ^ clkbuf_1_1__f_clk/X (sky130_fd_sc_hd__clkbuf_16)
     7    0.01                           clknet_1_1__leaf_clk (net)
                  0.04    0.00    0.28 ^ _482_/CLK (sky130_fd_sc_hd__dfrtp_1)
                  0.04    0.37    0.65 v _482_/Q (sky130_fd_sc_hd__dfrtp_1)
     2    0.00                           net26 (net)
                  0.04    0.00    0.65 v output26/A (sky130_fd_sc_hd__clkbuf_4)
                  0.08    0.19    0.84 v output26/X (sky130_fd_sc_hd__clkbuf_4)
     1    0.03                           int4_out[2] (net)
                  0.08    0.00    0.84 v int4_out[2] (out)
                                  0.84   data arrival time

                         25.00   25.00   clock clk (rise edge)
                          0.00   25.00   clock network delay (propagated)
                         -0.25   24.75   clock uncertainty
                          0.00   24.75   clock reconvergence pessimism
                         -5.00   19.75   output external delay
                                 19.75   data required time
-----------------------------------------------------------------------------
                                 19.75   data required time
                                 -0.84   data arrival time
-----------------------------------------------------------------------------
                                 18.91   slack (MET)


Startpoint: _483_ (rising edge-triggered flip-flop clocked by clk)
Endpoint: int4_out[3] (output port clocked by clk)
Path Group: clk
Path Type: max

Fanout     Cap    Slew   Delay    Time   Description
-----------------------------------------------------------------------------
                          0.00    0.00   clock clk (rise edge)
                          0.00    0.00   clock source latency
                  0.04    0.03    0.03 ^ clk (in)
     1    0.01                           clk (net)
                  0.04    0.00    0.03 ^ clkbuf_0_clk/A (sky130_fd_sc_hd__clkbuf_16)
                  0.04    0.13    0.16 ^ clkbuf_0_clk/X (sky130_fd_sc_hd__clkbuf_16)
     2    0.02                           clknet_0_clk (net)
                  0.04    0.00    0.16 ^ clkbuf_1_1__f_clk/A (sky130_fd_sc_hd__clkbuf_16)
                  0.04    0.12    0.28 ^ clkbuf_1_1__f_clk/X (sky130_fd_sc_hd__clkbuf_16)
     7    0.01                           clknet_1_1__leaf_clk (net)
                  0.04    0.00    0.28 ^ _483_/CLK (sky130_fd_sc_hd__dfrtp_1)
                  0.04    0.37    0.65 v _483_/Q (sky130_fd_sc_hd__dfrtp_1)
     2    0.00                           net27 (net)
                  0.04    0.00    0.65 v output27/A (sky130_fd_sc_hd__clkbuf_4)
                  0.08    0.19    0.84 v output27/X (sky130_fd_sc_hd__clkbuf_4)
     1    0.03                           int4_out[3] (net)
                  0.08    0.00    0.84 v int4_out[3] (out)
                                  0.84   data arrival time

                         25.00   25.00   clock clk (rise edge)
                          0.00   25.00   clock network delay (propagated)
                         -0.25   24.75   clock uncertainty
                          0.00   24.75   clock reconvergence pessimism
                         -5.00   19.75   output external delay
                                 19.75   data required time
-----------------------------------------------------------------------------
                                 19.75   data required time
                                 -0.84   data arrival time
-----------------------------------------------------------------------------
                                 18.91   slack (MET)


Startpoint: _478_ (rising edge-triggered flip-flop clocked by clk)
Endpoint: is_outlier (output port clocked by clk)
Path Group: clk
Path Type: max

Fanout     Cap    Slew   Delay    Time   Description
-----------------------------------------------------------------------------
                          0.00    0.00   clock clk (rise edge)
                          0.00    0.00   clock source latency
                  0.04    0.03    0.03 ^ clk (in)
     1    0.01                           clk (net)
                  0.04    0.00    0.03 ^ clkbuf_0_clk/A (sky130_fd_sc_hd__clkbuf_16)
                  0.04    0.13    0.16 ^ clkbuf_0_clk/X (sky130_fd_sc_hd__clkbuf_16)
     2    0.02                           clknet_0_clk (net)
                  0.04    0.00    0.16 ^ clkbuf_1_1__f_clk/A (sky130_fd_sc_hd__clkbuf_16)
                  0.04    0.12    0.28 ^ clkbuf_1_1__f_clk/X (sky130_fd_sc_hd__clkbuf_16)
     7    0.01                           clknet_1_1__leaf_clk (net)
                  0.04    0.00    0.28 ^ _478_/CLK (sky130_fd_sc_hd__dfrtp_1)
                  0.04    0.37    0.65 v _478_/Q (sky130_fd_sc_hd__dfrtp_1)
     2    0.00                           net28 (net)
                  0.04    0.00    0.65 v output28/A (sky130_fd_sc_hd__clkbuf_4)
                  0.08    0.19    0.84 v output28/X (sky130_fd_sc_hd__clkbuf_4)
     1    0.03                           is_outlier (net)
                  0.08    0.00    0.84 v is_outlier (out)
                                  0.84   data arrival time

                         25.00   25.00   clock clk (rise edge)
                          0.00   25.00   clock network delay (propagated)
                         -0.25   24.75   clock uncertainty
                          0.00   24.75   clock reconvergence pessimism
                         -5.00   19.75   output external delay
                                 19.75   data required time
-----------------------------------------------------------------------------
                                 19.75   data required time
                                 -0.84   data arrival time
-----------------------------------------------------------------------------
                                 18.91   slack (MET)


Startpoint: _484_ (rising edge-triggered flip-flop clocked by clk)
Endpoint: sideband_out[0] (output port clocked by clk)
Path Group: clk
Path Type: max

Fanout     Cap    Slew   Delay    Time   Description
-----------------------------------------------------------------------------
                          0.00    0.00   clock clk (rise edge)
                          0.00    0.00   clock source latency
                  0.04    0.03    0.03 ^ clk (in)
     1    0.01                           clk (net)
                  0.04    0.00    0.03 ^ clkbuf_0_clk/A (sky130_fd_sc_hd__clkbuf_16)
                  0.04    0.13    0.16 ^ clkbuf_0_clk/X (sky130_fd_sc_hd__clkbuf_16)
     2    0.02                           clknet_0_clk (net)
                  0.04    0.00    0.16 ^ clkbuf_1_0__f_clk/A (sky130_fd_sc_hd__clkbuf_16)
                  0.04    0.12    0.28 ^ clkbuf_1_0__f_clk/X (sky130_fd_sc_hd__clkbuf_16)
     7    0.01                           clknet_1_0__leaf_clk (net)
                  0.04    0.00    0.28 ^ _484_/CLK (sky130_fd_sc_hd__dfrtp_1)
                  0.04    0.37    0.65 v _484_/Q (sky130_fd_sc_hd__dfrtp_1)
     2    0.00                           net29 (net)
                  0.04    0.00    0.65 v output29/A (sky130_fd_sc_hd__clkbuf_4)
                  0.08    0.19    0.84 v output29/X (sky130_fd_sc_hd__clkbuf_4)
     1    0.03                           sideband_out[0] (net)
                  0.08    0.00    0.84 v sideband_out[0] (out)
                                  0.84   data arrival time

                         25.00   25.00   clock clk (rise edge)
                          0.00   25.00   clock network delay (propagated)
                         -0.25   24.75   clock uncertainty
                          0.00   24.75   clock reconvergence pessimism
                         -5.00   19.75   output external delay
                                 19.75   data required time
-----------------------------------------------------------------------------
                                 19.75   data required time
                                 -0.84   data arrival time
-----------------------------------------------------------------------------
                                 18.91   slack (MET)


Startpoint: _486_ (rising edge-triggered flip-flop clocked by clk)
Endpoint: sideband_out[2] (output port clocked by clk)
Path Group: clk
Path Type: max

Fanout     Cap    Slew   Delay    Time   Description
-----------------------------------------------------------------------------
                          0.00    0.00   clock clk (rise edge)
                          0.00    0.00   clock source latency
                  0.04    0.03    0.03 ^ clk (in)
     1    0.01                           clk (net)
                  0.04    0.00    0.03 ^ clkbuf_0_clk/A (sky130_fd_sc_hd__clkbuf_16)
                  0.04    0.13    0.16 ^ clkbuf_0_clk/X (sky130_fd_sc_hd__clkbuf_16)
     2    0.02                           clknet_0_clk (net)
                  0.04    0.00    0.16 ^ clkbuf_1_0__f_clk/A (sky130_fd_sc_hd__clkbuf_16)
                  0.04    0.12    0.28 ^ clkbuf_1_0__f_clk/X (sky130_fd_sc_hd__clkbuf_16)
     7    0.01                           clknet_1_0__leaf_clk (net)
                  0.04    0.00    0.28 ^ _486_/CLK (sky130_fd_sc_hd__dfrtp_1)
                  0.04    0.37    0.65 v _486_/Q (sky130_fd_sc_hd__dfrtp_1)
     2    0.00                           net31 (net)
                  0.04    0.00    0.65 v output31/A (sky130_fd_sc_hd__clkbuf_4)
                  0.08    0.19    0.84 v output31/X (sky130_fd_sc_hd__clkbuf_4)
     1    0.03                           sideband_out[2] (net)
                  0.08    0.00    0.84 v sideband_out[2] (out)
                                  0.84   data arrival time

                         25.00   25.00   clock clk (rise edge)
                          0.00   25.00   clock network delay (propagated)
                         -0.25   24.75   clock uncertainty
                          0.00   24.75   clock reconvergence pessimism
                         -5.00   19.75   output external delay
                                 19.75   data required time
-----------------------------------------------------------------------------
                                 19.75   data required time
                                 -0.84   data arrival time
-----------------------------------------------------------------------------
                                 18.91   slack (MET)


Startpoint: _489_ (rising edge-triggered flip-flop clocked by clk)
Endpoint: sideband_out[5] (output port clocked by clk)
Path Group: clk
Path Type: max

Fanout     Cap    Slew   Delay    Time   Description
-----------------------------------------------------------------------------
                          0.00    0.00   clock clk (rise edge)
                          0.00    0.00   clock source latency
                  0.04    0.03    0.03 ^ clk (in)
     1    0.01                           clk (net)
                  0.04    0.00    0.03 ^ clkbuf_0_clk/A (sky130_fd_sc_hd__clkbuf_16)
                  0.04    0.13    0.16 ^ clkbuf_0_clk/X (sky130_fd_sc_hd__clkbuf_16)
     2    0.02                           clknet_0_clk (net)
                  0.04    0.00    0.16 ^ clkbuf_1_0__f_clk/A (sky130_fd_sc_hd__clkbuf_16)
                  0.04    0.12    0.28 ^ clkbuf_1_0__f_clk/X (sky130_fd_sc_hd__clkbuf_16)
     7    0.01                           clknet_1_0__leaf_clk (net)
                  0.04    0.00    0.28 ^ _489_/CLK (sky130_fd_sc_hd__dfrtp_1)
                  0.04    0.37    0.65 v _489_/Q (sky130_fd_sc_hd__dfrtp_1)
     2    0.00                           net34 (net)
                  0.04    0.00    0.65 v output34/A (sky130_fd_sc_hd__clkbuf_4)
                  0.08    0.19    0.84 v output34/X (sky130_fd_sc_hd__clkbuf_4)
     1    0.03                           sideband_out[5] (net)
                  0.08    0.00    0.84 v sideband_out[5] (out)
                                  0.84   data arrival time

                         25.00   25.00   clock clk (rise edge)
                          0.00   25.00   clock network delay (propagated)
                         -0.25   24.75   clock uncertainty
                          0.00   24.75   clock reconvergence pessimism
                         -5.00   19.75   output external delay
                                 19.75   data required time
-----------------------------------------------------------------------------
                                 19.75   data required time
                                 -0.84   data arrival time
-----------------------------------------------------------------------------
                                 18.91   slack (MET)


Startpoint: _490_ (rising edge-triggered flip-flop clocked by clk)
Endpoint: sideband_out[6] (output port clocked by clk)
Path Group: clk
Path Type: max

Fanout     Cap    Slew   Delay    Time   Description
-----------------------------------------------------------------------------
                          0.00    0.00   clock clk (rise edge)
                          0.00    0.00   clock source latency
                  0.04    0.03    0.03 ^ clk (in)
     1    0.01                           clk (net)
                  0.04    0.00    0.03 ^ clkbuf_0_clk/A (sky130_fd_sc_hd__clkbuf_16)
                  0.04    0.13    0.16 ^ clkbuf_0_clk/X (sky130_fd_sc_hd__clkbuf_16)
     2    0.02                           clknet_0_clk (net)
                  0.04    0.00    0.16 ^ clkbuf_1_0__f_clk/A (sky130_fd_sc_hd__clkbuf_16)
                  0.04    0.12    0.28 ^ clkbuf_1_0__f_clk/X (sky130_fd_sc_hd__clkbuf_16)
     7    0.01                           clknet_1_0__leaf_clk (net)
                  0.04    0.00    0.28 ^ _490_/CLK (sky130_fd_sc_hd__dfrtp_1)
                  0.04    0.37    0.65 v _490_/Q (sky130_fd_sc_hd__dfrtp_1)
     2    0.00                           net35 (net)
                  0.04    0.00    0.65 v output35/A (sky130_fd_sc_hd__clkbuf_4)
                  0.08    0.19    0.84 v output35/X (sky130_fd_sc_hd__clkbuf_4)
     1    0.03                           sideband_out[6] (net)
                  0.08    0.00    0.84 v sideband_out[6] (out)
                                  0.84   data arrival time

                         25.00   25.00   clock clk (rise edge)
                          0.00   25.00   clock network delay (propagated)
                         -0.25   24.75   clock uncertainty
                          0.00   24.75   clock reconvergence pessimism
                         -5.00   19.75   output external delay
                                 19.75   data required time
-----------------------------------------------------------------------------
                                 19.75   data required time
                                 -0.84   data arrival time
-----------------------------------------------------------------------------
                                 18.91   slack (MET)


Startpoint: _491_ (rising edge-triggered flip-flop clocked by clk)
Endpoint: sideband_out[7] (output port clocked by clk)
Path Group: clk
Path Type: max

Fanout     Cap    Slew   Delay    Time   Description
-----------------------------------------------------------------------------
                          0.00    0.00   clock clk (rise edge)
                          0.00    0.00   clock source latency
                  0.04    0.03    0.03 ^ clk (in)
     1    0.01                           clk (net)
                  0.04    0.00    0.03 ^ clkbuf_0_clk/A (sky130_fd_sc_hd__clkbuf_16)
                  0.04    0.13    0.16 ^ clkbuf_0_clk/X (sky130_fd_sc_hd__clkbuf_16)
     2    0.02                           clknet_0_clk (net)
                  0.04    0.00    0.16 ^ clkbuf_1_0__f_clk/A (sky130_fd_sc_hd__clkbuf_16)
                  0.04    0.12    0.28 ^ clkbuf_1_0__f_clk/X (sky130_fd_sc_hd__clkbuf_16)
     7    0.01                           clknet_1_0__leaf_clk (net)
                  0.04    0.00    0.28 ^ _491_/CLK (sky130_fd_sc_hd__dfrtp_1)
                  0.04    0.37    0.65 v _491_/Q (sky130_fd_sc_hd__dfrtp_1)
     2    0.00                           net36 (net)
                  0.04    0.00    0.65 v output36/A (sky130_fd_sc_hd__clkbuf_4)
                  0.08    0.19    0.84 v output36/X (sky130_fd_sc_hd__clkbuf_4)
     1    0.03                           sideband_out[7] (net)
                  0.08    0.00    0.84 v sideband_out[7] (out)
                                  0.84   data arrival time

                         25.00   25.00   clock clk (rise edge)
                          0.00   25.00   clock network delay (propagated)
                         -0.25   24.75   clock uncertainty
                          0.00   24.75   clock reconvergence pessimism
                         -5.00   19.75   output external delay
                                 19.75   data required time
-----------------------------------------------------------------------------
                                 19.75   data required time
                                 -0.84   data arrival time
-----------------------------------------------------------------------------
                                 18.91   slack (MET)


Startpoint: _487_ (rising edge-triggered flip-flop clocked by clk)
Endpoint: sideband_out[3] (output port clocked by clk)
Path Group: clk
Path Type: max

Fanout     Cap    Slew   Delay    Time   Description
-----------------------------------------------------------------------------
                          0.00    0.00   clock clk (rise edge)
                          0.00    0.00   clock source latency
                  0.04    0.03    0.03 ^ clk (in)
     1    0.01                           clk (net)
                  0.04    0.00    0.03 ^ clkbuf_0_clk/A (sky130_fd_sc_hd__clkbuf_16)
                  0.04    0.13    0.16 ^ clkbuf_0_clk/X (sky130_fd_sc_hd__clkbuf_16)
     2    0.02                           clknet_0_clk (net)
                  0.04    0.00    0.16 ^ clkbuf_1_1__f_clk/A (sky130_fd_sc_hd__clkbuf_16)
                  0.04    0.12    0.28 ^ clkbuf_1_1__f_clk/X (sky130_fd_sc_hd__clkbuf_16)
     7    0.01                           clknet_1_1__leaf_clk (net)
                  0.04    0.00    0.28 ^ _487_/CLK (sky130_fd_sc_hd__dfrtp_1)
                  0.04    0.37    0.65 v _487_/Q (sky130_fd_sc_hd__dfrtp_1)
     2    0.00                           net32 (net)
                  0.04    0.00    0.65 v output32/A (sky130_fd_sc_hd__clkbuf_4)
                  0.08    0.19    0.84 v output32/X (sky130_fd_sc_hd__clkbuf_4)
     1    0.03                           sideband_out[3] (net)
                  0.08    0.00    0.84 v sideband_out[3] (out)
                                  0.84   data arrival time

                         25.00   25.00   clock clk (rise edge)
                          0.00   25.00   clock network delay (propagated)
                         -0.25   24.75   clock uncertainty
                          0.00   24.75   clock reconvergence pessimism
                         -5.00   19.75   output external delay
                                 19.75   data required time
-----------------------------------------------------------------------------
                                 19.75   data required time
                                 -0.84   data arrival time
-----------------------------------------------------------------------------
                                 18.91   slack (MET)


Startpoint: _485_ (rising edge-triggered flip-flop clocked by clk)
Endpoint: sideband_out[1] (output port clocked by clk)
Path Group: clk
Path Type: max

Fanout     Cap    Slew   Delay    Time   Description
-----------------------------------------------------------------------------
                          0.00    0.00   clock clk (rise edge)
                          0.00    0.00   clock source latency
                  0.04    0.03    0.03 ^ clk (in)
     1    0.01                           clk (net)
                  0.04    0.00    0.03 ^ clkbuf_0_clk/A (sky130_fd_sc_hd__clkbuf_16)
                  0.04    0.13    0.16 ^ clkbuf_0_clk/X (sky130_fd_sc_hd__clkbuf_16)
     2    0.02                           clknet_0_clk (net)
                  0.04    0.00    0.16 ^ clkbuf_1_0__f_clk/A (sky130_fd_sc_hd__clkbuf_16)
                  0.04    0.12    0.28 ^ clkbuf_1_0__f_clk/X (sky130_fd_sc_hd__clkbuf_16)
     7    0.01                           clknet_1_0__leaf_clk (net)
                  0.04    0.00    0.28 ^ _485_/CLK (sky130_fd_sc_hd__dfrtp_1)
                  0.04    0.37    0.65 v _485_/Q (sky130_fd_sc_hd__dfrtp_1)
     2    0.00                           net30 (net)
                  0.04    0.00    0.65 v output30/A (sky130_fd_sc_hd__buf_2)
                  0.09    0.19    0.83 v output30/X (sky130_fd_sc_hd__buf_2)
     1    0.03                           sideband_out[1] (net)
                  0.09    0.00    0.83 v sideband_out[1] (out)
                                  0.83   data arrival time

                         25.00   25.00   clock clk (rise edge)
                          0.00   25.00   clock network delay (propagated)
                         -0.25   24.75   clock uncertainty
                          0.00   24.75   clock reconvergence pessimism
                         -5.00   19.75   output external delay
                                 19.75   data required time
-----------------------------------------------------------------------------
                                 19.75   data required time
                                 -0.83   data arrival time
-----------------------------------------------------------------------------
                                 18.92   slack (MET)


Startpoint: _488_ (rising edge-triggered flip-flop clocked by clk)
Endpoint: sideband_out[4] (output port clocked by clk)
Path Group: clk
Path Type: max

Fanout     Cap    Slew   Delay    Time   Description
-----------------------------------------------------------------------------
                          0.00    0.00   clock clk (rise edge)
                          0.00    0.00   clock source latency
                  0.04    0.03    0.03 ^ clk (in)
     1    0.01                           clk (net)
                  0.04    0.00    0.03 ^ clkbuf_0_clk/A (sky130_fd_sc_hd__clkbuf_16)
                  0.04    0.13    0.16 ^ clkbuf_0_clk/X (sky130_fd_sc_hd__clkbuf_16)
     2    0.02                           clknet_0_clk (net)
                  0.04    0.00    0.16 ^ clkbuf_1_0__f_clk/A (sky130_fd_sc_hd__clkbuf_16)
                  0.04    0.12    0.28 ^ clkbuf_1_0__f_clk/X (sky130_fd_sc_hd__clkbuf_16)
     7    0.01                           clknet_1_0__leaf_clk (net)
                  0.04    0.00    0.28 ^ _488_/CLK (sky130_fd_sc_hd__dfrtp_1)
                  0.04    0.37    0.65 v _488_/Q (sky130_fd_sc_hd__dfrtp_1)
     2    0.00                           net33 (net)
                  0.04    0.00    0.65 v output33/A (sky130_fd_sc_hd__buf_2)
                  0.09    0.19    0.83 v output33/X (sky130_fd_sc_hd__buf_2)
     1    0.03                           sideband_out[4] (net)
                  0.09    0.00    0.83 v sideband_out[4] (out)
                                  0.83   data arrival time

                         25.00   25.00   clock clk (rise edge)
                          0.00   25.00   clock network delay (propagated)
                         -0.25   24.75   clock uncertainty
                          0.00   24.75   clock reconvergence pessimism
                         -5.00   19.75   output external delay
                                 19.75   data required time
-----------------------------------------------------------------------------
                                 19.75   data required time
                                 -0.83   data arrival time
-----------------------------------------------------------------------------
                                 18.92   slack (MET)


Startpoint: _479_ (rising edge-triggered flip-flop clocked by clk)
Endpoint: valid_out (output port clocked by clk)
Path Group: clk
Path Type: max

Fanout     Cap    Slew   Delay    Time   Description
-----------------------------------------------------------------------------
                          0.00    0.00   clock clk (rise edge)
                          0.00    0.00   clock source latency
                  0.04    0.03    0.03 ^ clk (in)
     1    0.01                           clk (net)
                  0.04    0.00    0.03 ^ clkbuf_0_clk/A (sky130_fd_sc_hd__clkbuf_16)
                  0.04    0.13    0.16 ^ clkbuf_0_clk/X (sky130_fd_sc_hd__clkbuf_16)
     2    0.02                           clknet_0_clk (net)
                  0.04    0.00    0.16 ^ clkbuf_1_1__f_clk/A (sky130_fd_sc_hd__clkbuf_16)
                  0.04    0.12    0.28 ^ clkbuf_1_1__f_clk/X (sky130_fd_sc_hd__clkbuf_16)
     7    0.01                           clknet_1_1__leaf_clk (net)
                  0.04    0.00    0.28 ^ _479_/CLK (sky130_fd_sc_hd__dfrtp_1)
                  0.04    0.36    0.64 v _479_/Q (sky130_fd_sc_hd__dfrtp_1)
     1    0.00                           net37 (net)
                  0.04    0.00    0.64 v output37/A (sky130_fd_sc_hd__clkbuf_4)
                  0.08    0.19    0.82 v output37/X (sky130_fd_sc_hd__clkbuf_4)
     1    0.03                           valid_out (net)
                  0.08    0.00    0.82 v valid_out (out)
                                  0.82   data arrival time

                         25.00   25.00   clock clk (rise edge)
                          0.00   25.00   clock network delay (propagated)
                         -0.25   24.75   clock uncertainty
                          0.00   24.75   clock reconvergence pessimism
                         -5.00   19.75   output external delay
                                 19.75   data required time
-----------------------------------------------------------------------------
                                 19.75   data required time
                                 -0.82   data arrival time
-----------------------------------------------------------------------------
                                 18.93   slack (MET)


Startpoint: valid_in (input port clocked by clk)
Endpoint: _479_ (rising edge-triggered flip-flop clocked by clk)
Path Group: clk
Path Type: max

Fanout     Cap    Slew   Delay    Time   Description
-----------------------------------------------------------------------------
                          0.00    0.00   clock clk (rise edge)
                          0.00    0.00   clock network delay (propagated)
                          5.00    5.00 v input external delay
                  0.01    0.00    5.00 v valid_in (in)
     1    0.00                           valid_in (net)
                  0.01    0.00    5.00 v input23/A (sky130_fd_sc_hd__buf_1)
                  0.03    0.08    5.08 v input23/X (sky130_fd_sc_hd__buf_1)
     2    0.00                           net23 (net)
                  0.03    0.00    5.08 v _479_/D (sky130_fd_sc_hd__dfrtp_1)
                                  5.08   data arrival time

                         25.00   25.00   clock clk (rise edge)
                          0.00   25.00   clock source latency
                  0.04    0.03   25.03 ^ clk (in)
     1    0.01                           clk (net)
                  0.04    0.00   25.03 ^ clkbuf_0_clk/A (sky130_fd_sc_hd__clkbuf_16)
                  0.04    0.11   25.14 ^ clkbuf_0_clk/X (sky130_fd_sc_hd__clkbuf_16)
     2    0.02                           clknet_0_clk (net)
                  0.04    0.00   25.14 ^ clkbuf_1_1__f_clk/A (sky130_fd_sc_hd__clkbuf_16)
                  0.04    0.11   25.25 ^ clkbuf_1_1__f_clk/X (sky130_fd_sc_hd__clkbuf_16)
     7    0.01                           clknet_1_1__leaf_clk (net)
                  0.04    0.00   25.25 ^ _479_/CLK (sky130_fd_sc_hd__dfrtp_1)
                         -0.25   25.00   clock uncertainty
                          0.00   25.00   clock reconvergence pessimism
                         -0.11   24.89   library setup time
                                 24.89   data required time
-----------------------------------------------------------------------------
                                 24.89   data required time
                                 -5.08   data arrival time
-----------------------------------------------------------------------------
                                 19.81   slack (MET)


Startpoint: rst_n (input port clocked by clk)
Endpoint: _478_ (recovery check against rising-edge clock clk)
Path Group: asynchronous
Path Type: max

Fanout     Cap    Slew   Delay    Time   Description
-----------------------------------------------------------------------------
                          0.00    0.00   clock clk (rise edge)
                          0.00    0.00   clock network delay (propagated)
                          5.00    5.00 ^ input external delay
                  0.02    0.01    5.01 ^ rst_n (in)
     1    0.00                           rst_n (net)
                  0.02    0.00    5.01 ^ input10/A (sky130_fd_sc_hd__clkbuf_2)
                  0.10    0.14    5.15 ^ input10/X (sky130_fd_sc_hd__clkbuf_2)
     5    0.02                           net10 (net)
                  0.10    0.00    5.15 ^ fanout39/A (sky130_fd_sc_hd__buf_4)
                  0.11    0.19    5.34 ^ fanout39/X (sky130_fd_sc_hd__buf_4)
    10    0.04                           net39 (net)
                  0.11    0.00    5.34 ^ _478_/RESET_B (sky130_fd_sc_hd__dfrtp_1)
                                  5.34   data arrival time

                         25.00   25.00   clock clk (rise edge)
                          0.00   25.00   clock source latency
                  0.04    0.03   25.03 ^ clk (in)
     1    0.01                           clk (net)
                  0.04    0.00   25.03 ^ clkbuf_0_clk/A (sky130_fd_sc_hd__clkbuf_16)
                  0.04    0.11   25.14 ^ clkbuf_0_clk/X (sky130_fd_sc_hd__clkbuf_16)
     2    0.02                           clknet_0_clk (net)
                  0.04    0.00   25.14 ^ clkbuf_1_1__f_clk/A (sky130_fd_sc_hd__clkbuf_16)
                  0.04    0.11   25.25 ^ clkbuf_1_1__f_clk/X (sky130_fd_sc_hd__clkbuf_16)
     7    0.01                           clknet_1_1__leaf_clk (net)
                  0.04    0.00   25.25 ^ _478_/CLK (sky130_fd_sc_hd__dfrtp_1)
                         -0.25   25.00   clock uncertainty
                          0.00   25.00   clock reconvergence pessimism
                          0.21   25.21   library recovery time
                                 25.21   data required time
-----------------------------------------------------------------------------
                                 25.21   data required time
                                 -5.34   data arrival time
-----------------------------------------------------------------------------
                                 19.87   slack (MET)


Startpoint: rst_n (input port clocked by clk)
Endpoint: _479_ (recovery check against rising-edge clock clk)
Path Group: asynchronous
Path Type: max

Fanout     Cap    Slew   Delay    Time   Description
-----------------------------------------------------------------------------
                          0.00    0.00   clock clk (rise edge)
                          0.00    0.00   clock network delay (propagated)
                          5.00    5.00 ^ input external delay
                  0.02    0.01    5.01 ^ rst_n (in)
     1    0.00                           rst_n (net)
                  0.02    0.00    5.01 ^ input10/A (sky130_fd_sc_hd__clkbuf_2)
                  0.10    0.14    5.15 ^ input10/X (sky130_fd_sc_hd__clkbuf_2)
     5    0.02                           net10 (net)
                  0.10    0.00    5.15 ^ fanout39/A (sky130_fd_sc_hd__buf_4)
                  0.11    0.19    5.34 ^ fanout39/X (sky130_fd_sc_hd__buf_4)
    10    0.04                           net39 (net)
                  0.11    0.00    5.34 ^ _479_/RESET_B (sky130_fd_sc_hd__dfrtp_1)
                                  5.34   data arrival time

                         25.00   25.00   clock clk (rise edge)
                          0.00   25.00   clock source latency
                  0.04    0.03   25.03 ^ clk (in)
     1    0.01                           clk (net)
                  0.04    0.00   25.03 ^ clkbuf_0_clk/A (sky130_fd_sc_hd__clkbuf_16)
                  0.04    0.11   25.14 ^ clkbuf_0_clk/X (sky130_fd_sc_hd__clkbuf_16)
     2    0.02                           clknet_0_clk (net)
                  0.04    0.00   25.14 ^ clkbuf_1_1__f_clk/A (sky130_fd_sc_hd__clkbuf_16)
                  0.04    0.11   25.25 ^ clkbuf_1_1__f_clk/X (sky130_fd_sc_hd__clkbuf_16)
     7    0.01                           clknet_1_1__leaf_clk (net)
                  0.04    0.00   25.25 ^ _479_/CLK (sky130_fd_sc_hd__dfrtp_1)
                         -0.25   25.00   clock uncertainty
                          0.00   25.00   clock reconvergence pessimism
                          0.21   25.21   library recovery time
                                 25.21   data required time
-----------------------------------------------------------------------------
                                 25.21   data required time
                                 -5.34   data arrival time
-----------------------------------------------------------------------------
                                 19.87   slack (MET)


Startpoint: rst_n (input port clocked by clk)
Endpoint: _480_ (recovery check against rising-edge clock clk)
Path Group: asynchronous
Path Type: max

Fanout     Cap    Slew   Delay    Time   Description
-----------------------------------------------------------------------------
                          0.00    0.00   clock clk (rise edge)
                          0.00    0.00   clock network delay (propagated)
                          5.00    5.00 ^ input external delay
                  0.02    0.01    5.01 ^ rst_n (in)
     1    0.00                           rst_n (net)
                  0.02    0.00    5.01 ^ input10/A (sky130_fd_sc_hd__clkbuf_2)
                  0.10    0.14    5.15 ^ input10/X (sky130_fd_sc_hd__clkbuf_2)
     5    0.02                           net10 (net)
                  0.10    0.00    5.15 ^ fanout39/A (sky130_fd_sc_hd__buf_4)
                  0.11    0.19    5.34 ^ fanout39/X (sky130_fd_sc_hd__buf_4)
    10    0.04                           net39 (net)
                  0.11    0.00    5.34 ^ _480_/RESET_B (sky130_fd_sc_hd__dfrtp_1)
                                  5.34   data arrival time

                         25.00   25.00   clock clk (rise edge)
                          0.00   25.00   clock source latency
                  0.04    0.03   25.03 ^ clk (in)
     1    0.01                           clk (net)
                  0.04    0.00   25.03 ^ clkbuf_0_clk/A (sky130_fd_sc_hd__clkbuf_16)
                  0.04    0.11   25.14 ^ clkbuf_0_clk/X (sky130_fd_sc_hd__clkbuf_16)
     2    0.02                           clknet_0_clk (net)
                  0.04    0.00   25.14 ^ clkbuf_1_1__f_clk/A (sky130_fd_sc_hd__clkbuf_16)
                  0.04    0.11   25.25 ^ clkbuf_1_1__f_clk/X (sky130_fd_sc_hd__clkbuf_16)
     7    0.01                           clknet_1_1__leaf_clk (net)
                  0.04    0.00   25.25 ^ _480_/CLK (sky130_fd_sc_hd__dfrtp_1)
                         -0.25   25.00   clock uncertainty
                          0.00   25.00   clock reconvergence pessimism
                          0.21   25.21   library recovery time
                                 25.21   data required time
-----------------------------------------------------------------------------
                                 25.21   data required time
                                 -5.34   data arrival time
-----------------------------------------------------------------------------
                                 19.87   slack (MET)


Startpoint: rst_n (input port clocked by clk)
Endpoint: _481_ (recovery check against rising-edge clock clk)
Path Group: asynchronous
Path Type: max

Fanout     Cap    Slew   Delay    Time   Description
-----------------------------------------------------------------------------
                          0.00    0.00   clock clk (rise edge)
                          0.00    0.00   clock network delay (propagated)
                          5.00    5.00 ^ input external delay
                  0.02    0.01    5.01 ^ rst_n (in)
     1    0.00                           rst_n (net)
                  0.02    0.00    5.01 ^ input10/A (sky130_fd_sc_hd__clkbuf_2)
                  0.10    0.14    5.15 ^ input10/X (sky130_fd_sc_hd__clkbuf_2)
     5    0.02                           net10 (net)
                  0.10    0.00    5.15 ^ fanout39/A (sky130_fd_sc_hd__buf_4)
                  0.11    0.19    5.34 ^ fanout39/X (sky130_fd_sc_hd__buf_4)
    10    0.04                           net39 (net)
                  0.11    0.00    5.34 ^ _481_/RESET_B (sky130_fd_sc_hd__dfrtp_1)
                                  5.34   data arrival time

                         25.00   25.00   clock clk (rise edge)
                          0.00   25.00   clock source latency
                  0.04    0.03   25.03 ^ clk (in)
     1    0.01                           clk (net)
                  0.04    0.00   25.03 ^ clkbuf_0_clk/A (sky130_fd_sc_hd__clkbuf_16)
                  0.04    0.11   25.14 ^ clkbuf_0_clk/X (sky130_fd_sc_hd__clkbuf_16)
     2    0.02                           clknet_0_clk (net)
                  0.04    0.00   25.14 ^ clkbuf_1_1__f_clk/A (sky130_fd_sc_hd__clkbuf_16)
                  0.04    0.11   25.25 ^ clkbuf_1_1__f_clk/X (sky130_fd_sc_hd__clkbuf_16)
     7    0.01                           clknet_1_1__leaf_clk (net)
                  0.04    0.00   25.25 ^ _481_/CLK (sky130_fd_sc_hd__dfrtp_1)
                         -0.25   25.00   clock uncertainty
                          0.00   25.00   clock reconvergence pessimism
                          0.21   25.21   library recovery time
                                 25.21   data required time
-----------------------------------------------------------------------------
                                 25.21   data required time
                                 -5.34   data arrival time
-----------------------------------------------------------------------------
                                 19.87   slack (MET)


Startpoint: rst_n (input port clocked by clk)
Endpoint: _482_ (recovery check against rising-edge clock clk)
Path Group: asynchronous
Path Type: max

Fanout     Cap    Slew   Delay    Time   Description
-----------------------------------------------------------------------------
                          0.00    0.00   clock clk (rise edge)
                          0.00    0.00   clock network delay (propagated)
                          5.00    5.00 ^ input external delay
                  0.02    0.01    5.01 ^ rst_n (in)
     1    0.00                           rst_n (net)
                  0.02    0.00    5.01 ^ input10/A (sky130_fd_sc_hd__clkbuf_2)
                  0.10    0.14    5.15 ^ input10/X (sky130_fd_sc_hd__clkbuf_2)
     5    0.02                           net10 (net)
                  0.10    0.00    5.15 ^ fanout39/A (sky130_fd_sc_hd__buf_4)
                  0.11    0.19    5.34 ^ fanout39/X (sky130_fd_sc_hd__buf_4)
    10    0.04                           net39 (net)
                  0.11    0.00    5.34 ^ _482_/RESET_B (sky130_fd_sc_hd__dfrtp_1)
                                  5.34   data arrival time

                         25.00   25.00   clock clk (rise edge)
                          0.00   25.00   clock source latency
                  0.04    0.03   25.03 ^ clk (in)
     1    0.01                           clk (net)
                  0.04    0.00   25.03 ^ clkbuf_0_clk/A (sky130_fd_sc_hd__clkbuf_16)
                  0.04    0.11   25.14 ^ clkbuf_0_clk/X (sky130_fd_sc_hd__clkbuf_16)
     2    0.02                           clknet_0_clk (net)
                  0.04    0.00   25.14 ^ clkbuf_1_1__f_clk/A (sky130_fd_sc_hd__clkbuf_16)
                  0.04    0.11   25.25 ^ clkbuf_1_1__f_clk/X (sky130_fd_sc_hd__clkbuf_16)
     7    0.01                           clknet_1_1__leaf_clk (net)
                  0.04    0.00   25.25 ^ _482_/CLK (sky130_fd_sc_hd__dfrtp_1)
                         -0.25   25.00   clock uncertainty
                          0.00   25.00   clock reconvergence pessimism
                          0.21   25.21   library recovery time
                                 25.21   data required time
-----------------------------------------------------------------------------
                                 25.21   data required time
                                 -5.34   data arrival time
-----------------------------------------------------------------------------
                                 19.87   slack (MET)


Startpoint: rst_n (input port clocked by clk)
Endpoint: _483_ (recovery check against rising-edge clock clk)
Path Group: asynchronous
Path Type: max

Fanout     Cap    Slew   Delay    Time   Description
-----------------------------------------------------------------------------
                          0.00    0.00   clock clk (rise edge)
                          0.00    0.00   clock network delay (propagated)
                          5.00    5.00 ^ input external delay
                  0.02    0.01    5.01 ^ rst_n (in)
     1    0.00                           rst_n (net)
                  0.02    0.00    5.01 ^ input10/A (sky130_fd_sc_hd__clkbuf_2)
                  0.10    0.14    5.15 ^ input10/X (sky130_fd_sc_hd__clkbuf_2)
     5    0.02                           net10 (net)
                  0.10    0.00    5.15 ^ fanout39/A (sky130_fd_sc_hd__buf_4)
                  0.11    0.19    5.34 ^ fanout39/X (sky130_fd_sc_hd__buf_4)
    10    0.04                           net39 (net)
                  0.11    0.00    5.34 ^ _483_/RESET_B (sky130_fd_sc_hd__dfrtp_1)
                                  5.34   data arrival time

                         25.00   25.00   clock clk (rise edge)
                          0.00   25.00   clock source latency
                  0.04    0.03   25.03 ^ clk (in)
     1    0.01                           clk (net)
                  0.04    0.00   25.03 ^ clkbuf_0_clk/A (sky130_fd_sc_hd__clkbuf_16)
                  0.04    0.11   25.14 ^ clkbuf_0_clk/X (sky130_fd_sc_hd__clkbuf_16)
     2    0.02                           clknet_0_clk (net)
                  0.04    0.00   25.14 ^ clkbuf_1_1__f_clk/A (sky130_fd_sc_hd__clkbuf_16)
                  0.04    0.11   25.25 ^ clkbuf_1_1__f_clk/X (sky130_fd_sc_hd__clkbuf_16)
     7    0.01                           clknet_1_1__leaf_clk (net)
                  0.04    0.00   25.25 ^ _483_/CLK (sky130_fd_sc_hd__dfrtp_1)
                         -0.25   25.00   clock uncertainty
                          0.00   25.00   clock reconvergence pessimism
                          0.21   25.21   library recovery time
                                 25.21   data required time
-----------------------------------------------------------------------------
                                 25.21   data required time
                                 -5.34   data arrival time
-----------------------------------------------------------------------------
                                 19.87   slack (MET)


Startpoint: rst_n (input port clocked by clk)
Endpoint: _484_ (recovery check against rising-edge clock clk)
Path Group: asynchronous
Path Type: max

Fanout     Cap    Slew   Delay    Time   Description
-----------------------------------------------------------------------------
                          0.00    0.00   clock clk (rise edge)
                          0.00    0.00   clock network delay (propagated)
                          5.00    5.00 ^ input external delay
                  0.02    0.01    5.01 ^ rst_n (in)
     1    0.00                           rst_n (net)
                  0.02    0.00    5.01 ^ input10/A (sky130_fd_sc_hd__clkbuf_2)
                  0.10    0.14    5.15 ^ input10/X (sky130_fd_sc_hd__clkbuf_2)
     5    0.02                           net10 (net)
                  0.10    0.00    5.15 ^ fanout39/A (sky130_fd_sc_hd__buf_4)
                  0.11    0.19    5.34 ^ fanout39/X (sky130_fd_sc_hd__buf_4)
    10    0.04                           net39 (net)
                  0.11    0.00    5.34 ^ _484_/RESET_B (sky130_fd_sc_hd__dfrtp_1)
                                  5.34   data arrival time

                         25.00   25.00   clock clk (rise edge)
                          0.00   25.00   clock source latency
                  0.04    0.03   25.03 ^ clk (in)
     1    0.01                           clk (net)
                  0.04    0.00   25.03 ^ clkbuf_0_clk/A (sky130_fd_sc_hd__clkbuf_16)
                  0.04    0.11   25.14 ^ clkbuf_0_clk/X (sky130_fd_sc_hd__clkbuf_16)
     2    0.02                           clknet_0_clk (net)
                  0.04    0.00   25.14 ^ clkbuf_1_0__f_clk/A (sky130_fd_sc_hd__clkbuf_16)
                  0.04    0.11   25.25 ^ clkbuf_1_0__f_clk/X (sky130_fd_sc_hd__clkbuf_16)
     7    0.01                           clknet_1_0__leaf_clk (net)
                  0.04    0.00   25.25 ^ _484_/CLK (sky130_fd_sc_hd__dfrtp_1)
                         -0.25   25.00   clock uncertainty
                          0.00   25.00   clock reconvergence pessimism
                          0.21   25.21   library recovery time
                                 25.21   data required time
-----------------------------------------------------------------------------
                                 25.21   data required time
                                 -5.34   data arrival time
-----------------------------------------------------------------------------
                                 19.87   slack (MET)


Startpoint: rst_n (input port clocked by clk)
Endpoint: _489_ (recovery check against rising-edge clock clk)
Path Group: asynchronous
Path Type: max

Fanout     Cap    Slew   Delay    Time   Description
-----------------------------------------------------------------------------
                          0.00    0.00   clock clk (rise edge)
                          0.00    0.00   clock network delay (propagated)
                          5.00    5.00 ^ input external delay
                  0.02    0.01    5.01 ^ rst_n (in)
     1    0.00                           rst_n (net)
                  0.02    0.00    5.01 ^ input10/A (sky130_fd_sc_hd__clkbuf_2)
                  0.10    0.14    5.15 ^ input10/X (sky130_fd_sc_hd__clkbuf_2)
     5    0.02                           net10 (net)
                  0.10    0.00    5.15 ^ fanout39/A (sky130_fd_sc_hd__buf_4)
                  0.11    0.19    5.34 ^ fanout39/X (sky130_fd_sc_hd__buf_4)
    10    0.04                           net39 (net)
                  0.11    0.00    5.34 ^ _489_/RESET_B (sky130_fd_sc_hd__dfrtp_1)
                                  5.34   data arrival time

                         25.00   25.00   clock clk (rise edge)
                          0.00   25.00   clock source latency
                  0.04    0.03   25.03 ^ clk (in)
     1    0.01                           clk (net)
                  0.04    0.00   25.03 ^ clkbuf_0_clk/A (sky130_fd_sc_hd__clkbuf_16)
                  0.04    0.11   25.14 ^ clkbuf_0_clk/X (sky130_fd_sc_hd__clkbuf_16)
     2    0.02                           clknet_0_clk (net)
                  0.04    0.00   25.14 ^ clkbuf_1_0__f_clk/A (sky130_fd_sc_hd__clkbuf_16)
                  0.04    0.11   25.25 ^ clkbuf_1_0__f_clk/X (sky130_fd_sc_hd__clkbuf_16)
     7    0.01                           clknet_1_0__leaf_clk (net)
                  0.04    0.00   25.25 ^ _489_/CLK (sky130_fd_sc_hd__dfrtp_1)
                         -0.25   25.00   clock uncertainty
                          0.00   25.00   clock reconvergence pessimism
                          0.21   25.21   library recovery time
                                 25.21   data required time
-----------------------------------------------------------------------------
                                 25.21   data required time
                                 -5.34   data arrival time
-----------------------------------------------------------------------------
                                 19.87   slack (MET)


Startpoint: rst_n (input port clocked by clk)
Endpoint: _490_ (recovery check against rising-edge clock clk)
Path Group: asynchronous
Path Type: max

Fanout     Cap    Slew   Delay    Time   Description
-----------------------------------------------------------------------------
                          0.00    0.00   clock clk (rise edge)
                          0.00    0.00   clock network delay (propagated)
                          5.00    5.00 ^ input external delay
                  0.02    0.01    5.01 ^ rst_n (in)
     1    0.00                           rst_n (net)
                  0.02    0.00    5.01 ^ input10/A (sky130_fd_sc_hd__clkbuf_2)
                  0.10    0.14    5.15 ^ input10/X (sky130_fd_sc_hd__clkbuf_2)
     5    0.02                           net10 (net)
                  0.10    0.00    5.15 ^ fanout39/A (sky130_fd_sc_hd__buf_4)
                  0.11    0.19    5.34 ^ fanout39/X (sky130_fd_sc_hd__buf_4)
    10    0.04                           net39 (net)
                  0.11    0.00    5.34 ^ _490_/RESET_B (sky130_fd_sc_hd__dfrtp_1)
                                  5.34   data arrival time

                         25.00   25.00   clock clk (rise edge)
                          0.00   25.00   clock source latency
                  0.04    0.03   25.03 ^ clk (in)
     1    0.01                           clk (net)
                  0.04    0.00   25.03 ^ clkbuf_0_clk/A (sky130_fd_sc_hd__clkbuf_16)
                  0.04    0.11   25.14 ^ clkbuf_0_clk/X (sky130_fd_sc_hd__clkbuf_16)
     2    0.02                           clknet_0_clk (net)
                  0.04    0.00   25.14 ^ clkbuf_1_0__f_clk/A (sky130_fd_sc_hd__clkbuf_16)
                  0.04    0.11   25.25 ^ clkbuf_1_0__f_clk/X (sky130_fd_sc_hd__clkbuf_16)
     7    0.01                           clknet_1_0__leaf_clk (net)
                  0.04    0.00   25.25 ^ _490_/CLK (sky130_fd_sc_hd__dfrtp_1)
                         -0.25   25.00   clock uncertainty
                          0.00   25.00   clock reconvergence pessimism
                          0.21   25.21   library recovery time
                                 25.21   data required time
-----------------------------------------------------------------------------
                                 25.21   data required time
                                 -5.34   data arrival time
-----------------------------------------------------------------------------
                                 19.87   slack (MET)


Startpoint: rst_n (input port clocked by clk)
Endpoint: _491_ (recovery check against rising-edge clock clk)
Path Group: asynchronous
Path Type: max

Fanout     Cap    Slew   Delay    Time   Description
-----------------------------------------------------------------------------
                          0.00    0.00   clock clk (rise edge)
                          0.00    0.00   clock network delay (propagated)
                          5.00    5.00 ^ input external delay
                  0.02    0.01    5.01 ^ rst_n (in)
     1    0.00                           rst_n (net)
                  0.02    0.00    5.01 ^ input10/A (sky130_fd_sc_hd__clkbuf_2)
                  0.10    0.14    5.15 ^ input10/X (sky130_fd_sc_hd__clkbuf_2)
     5    0.02                           net10 (net)
                  0.10    0.00    5.15 ^ fanout39/A (sky130_fd_sc_hd__buf_4)
                  0.11    0.19    5.34 ^ fanout39/X (sky130_fd_sc_hd__buf_4)
    10    0.04                           net39 (net)
                  0.11    0.00    5.34 ^ _491_/RESET_B (sky130_fd_sc_hd__dfrtp_1)
                                  5.34   data arrival time

                         25.00   25.00   clock clk (rise edge)
                          0.00   25.00   clock source latency
                  0.04    0.03   25.03 ^ clk (in)
     1    0.01                           clk (net)
                  0.04    0.00   25.03 ^ clkbuf_0_clk/A (sky130_fd_sc_hd__clkbuf_16)
                  0.04    0.11   25.14 ^ clkbuf_0_clk/X (sky130_fd_sc_hd__clkbuf_16)
     2    0.02                           clknet_0_clk (net)
                  0.04    0.00   25.14 ^ clkbuf_1_0__f_clk/A (sky130_fd_sc_hd__clkbuf_16)
                  0.04    0.11   25.25 ^ clkbuf_1_0__f_clk/X (sky130_fd_sc_hd__clkbuf_16)
     7    0.01                           clknet_1_0__leaf_clk (net)
                  0.04    0.00   25.25 ^ _491_/CLK (sky130_fd_sc_hd__dfrtp_1)
                         -0.25   25.00   clock uncertainty
                          0.00   25.00   clock reconvergence pessimism
                          0.21   25.21   library recovery time
                                 25.21   data required time
-----------------------------------------------------------------------------
                                 25.21   data required time
                                 -5.34   data arrival time
-----------------------------------------------------------------------------
                                 19.87   slack (MET)


Startpoint: rst_n (input port clocked by clk)
Endpoint: _485_ (recovery check against rising-edge clock clk)
Path Group: asynchronous
Path Type: max

Fanout     Cap    Slew   Delay    Time   Description
-----------------------------------------------------------------------------
                          0.00    0.00   clock clk (rise edge)
                          0.00    0.00   clock network delay (propagated)
                          5.00    5.00 ^ input external delay
                  0.02    0.01    5.01 ^ rst_n (in)
     1    0.00                           rst_n (net)
                  0.02    0.00    5.01 ^ input10/A (sky130_fd_sc_hd__clkbuf_2)
                  0.10    0.14    5.15 ^ input10/X (sky130_fd_sc_hd__clkbuf_2)
     5    0.02                           net10 (net)
                  0.10    0.00    5.15 ^ _485_/RESET_B (sky130_fd_sc_hd__dfrtp_1)
                                  5.15   data arrival time

                         25.00   25.00   clock clk (rise edge)
                          0.00   25.00   clock source latency
                  0.04    0.03   25.03 ^ clk (in)
     1    0.01                           clk (net)
                  0.04    0.00   25.03 ^ clkbuf_0_clk/A (sky130_fd_sc_hd__clkbuf_16)
                  0.04    0.11   25.14 ^ clkbuf_0_clk/X (sky130_fd_sc_hd__clkbuf_16)
     2    0.02                           clknet_0_clk (net)
                  0.04    0.00   25.14 ^ clkbuf_1_0__f_clk/A (sky130_fd_sc_hd__clkbuf_16)
                  0.04    0.11   25.25 ^ clkbuf_1_0__f_clk/X (sky130_fd_sc_hd__clkbuf_16)
     7    0.01                           clknet_1_0__leaf_clk (net)
                  0.04    0.00   25.25 ^ _485_/CLK (sky130_fd_sc_hd__dfrtp_1)
                         -0.25   25.00   clock uncertainty
                          0.00   25.00   clock reconvergence pessimism
                          0.21   25.21   library recovery time
                                 25.21   data required time
-----------------------------------------------------------------------------
                                 25.21   data required time
                                 -5.15   data arrival time
-----------------------------------------------------------------------------
                                 20.06   slack (MET)


Startpoint: rst_n (input port clocked by clk)
Endpoint: _486_ (recovery check against rising-edge clock clk)
Path Group: asynchronous
Path Type: max

Fanout     Cap    Slew   Delay    Time   Description
-----------------------------------------------------------------------------
                          0.00    0.00   clock clk (rise edge)
                          0.00    0.00   clock network delay (propagated)
                          5.00    5.00 ^ input external delay
                  0.02    0.01    5.01 ^ rst_n (in)
     1    0.00                           rst_n (net)
                  0.02    0.00    5.01 ^ input10/A (sky130_fd_sc_hd__clkbuf_2)
                  0.10    0.14    5.15 ^ input10/X (sky130_fd_sc_hd__clkbuf_2)
     5    0.02                           net10 (net)
                  0.10    0.00    5.15 ^ _486_/RESET_B (sky130_fd_sc_hd__dfrtp_1)
                                  5.15   data arrival time

                         25.00   25.00   clock clk (rise edge)
                          0.00   25.00   clock source latency
                  0.04    0.03   25.03 ^ clk (in)
     1    0.01                           clk (net)
                  0.04    0.00   25.03 ^ clkbuf_0_clk/A (sky130_fd_sc_hd__clkbuf_16)
                  0.04    0.11   25.14 ^ clkbuf_0_clk/X (sky130_fd_sc_hd__clkbuf_16)
     2    0.02                           clknet_0_clk (net)
                  0.04    0.00   25.14 ^ clkbuf_1_0__f_clk/A (sky130_fd_sc_hd__clkbuf_16)
                  0.04    0.11   25.25 ^ clkbuf_1_0__f_clk/X (sky130_fd_sc_hd__clkbuf_16)
     7    0.01                           clknet_1_0__leaf_clk (net)
                  0.04    0.00   25.25 ^ _486_/CLK (sky130_fd_sc_hd__dfrtp_1)
                         -0.25   25.00   clock uncertainty
                          0.00   25.00   clock reconvergence pessimism
                          0.21   25.21   library recovery time
                                 25.21   data required time
-----------------------------------------------------------------------------
                                 25.21   data required time
                                 -5.15   data arrival time
-----------------------------------------------------------------------------
                                 20.06   slack (MET)


Startpoint: rst_n (input port clocked by clk)
Endpoint: _487_ (recovery check against rising-edge clock clk)
Path Group: asynchronous
Path Type: max

Fanout     Cap    Slew   Delay    Time   Description
-----------------------------------------------------------------------------
                          0.00    0.00   clock clk (rise edge)
                          0.00    0.00   clock network delay (propagated)
                          5.00    5.00 ^ input external delay
                  0.02    0.01    5.01 ^ rst_n (in)
     1    0.00                           rst_n (net)
                  0.02    0.00    5.01 ^ input10/A (sky130_fd_sc_hd__clkbuf_2)
                  0.10    0.14    5.15 ^ input10/X (sky130_fd_sc_hd__clkbuf_2)
     5    0.02                           net10 (net)
                  0.10    0.00    5.15 ^ _487_/RESET_B (sky130_fd_sc_hd__dfrtp_1)
                                  5.15   data arrival time

                         25.00   25.00   clock clk (rise edge)
                          0.00   25.00   clock source latency
                  0.04    0.03   25.03 ^ clk (in)
     1    0.01                           clk (net)
                  0.04    0.00   25.03 ^ clkbuf_0_clk/A (sky130_fd_sc_hd__clkbuf_16)
                  0.04    0.11   25.14 ^ clkbuf_0_clk/X (sky130_fd_sc_hd__clkbuf_16)
     2    0.02                           clknet_0_clk (net)
                  0.04    0.00   25.14 ^ clkbuf_1_1__f_clk/A (sky130_fd_sc_hd__clkbuf_16)
                  0.04    0.11   25.25 ^ clkbuf_1_1__f_clk/X (sky130_fd_sc_hd__clkbuf_16)
     7    0.01                           clknet_1_1__leaf_clk (net)
                  0.04    0.00   25.25 ^ _487_/CLK (sky130_fd_sc_hd__dfrtp_1)
                         -0.25   25.00   clock uncertainty
                          0.00   25.00   clock reconvergence pessimism
                          0.21   25.21   library recovery time
                                 25.21   data required time
-----------------------------------------------------------------------------
                                 25.21   data required time
                                 -5.15   data arrival time
-----------------------------------------------------------------------------
                                 20.06   slack (MET)


Startpoint: rst_n (input port clocked by clk)
Endpoint: _488_ (recovery check against rising-edge clock clk)
Path Group: asynchronous
Path Type: max

Fanout     Cap    Slew   Delay    Time   Description
-----------------------------------------------------------------------------
                          0.00    0.00   clock clk (rise edge)
                          0.00    0.00   clock network delay (propagated)
                          5.00    5.00 ^ input external delay
                  0.02    0.01    5.01 ^ rst_n (in)
     1    0.00                           rst_n (net)
                  0.02    0.00    5.01 ^ input10/A (sky130_fd_sc_hd__clkbuf_2)
                  0.10    0.14    5.15 ^ input10/X (sky130_fd_sc_hd__clkbuf_2)
     5    0.02                           net10 (net)
                  0.10    0.00    5.15 ^ _488_/RESET_B (sky130_fd_sc_hd__dfrtp_1)
                                  5.15   data arrival time

                         25.00   25.00   clock clk (rise edge)
                          0.00   25.00   clock source latency
                  0.04    0.03   25.03 ^ clk (in)
     1    0.01                           clk (net)
                  0.04    0.00   25.03 ^ clkbuf_0_clk/A (sky130_fd_sc_hd__clkbuf_16)
                  0.04    0.11   25.14 ^ clkbuf_0_clk/X (sky130_fd_sc_hd__clkbuf_16)
     2    0.02                           clknet_0_clk (net)
                  0.04    0.00   25.14 ^ clkbuf_1_0__f_clk/A (sky130_fd_sc_hd__clkbuf_16)
                  0.04    0.11   25.25 ^ clkbuf_1_0__f_clk/X (sky130_fd_sc_hd__clkbuf_16)
     7    0.01                           clknet_1_0__leaf_clk (net)
                  0.04    0.00   25.25 ^ _488_/CLK (sky130_fd_sc_hd__dfrtp_1)
                         -0.25   25.00   clock uncertainty
                          0.00   25.00   clock reconvergence pessimism
                          0.21   25.21   library recovery time
                                 25.21   data required time
-----------------------------------------------------------------------------
                                 25.21   data required time
                                 -5.15   data arrival time
-----------------------------------------------------------------------------
                                 20.06   slack (MET)



max_report_end
checks_report

===========================================================================
report_checks -unconstrained
===========================================================================
======================= Typical Corner ===================================

Startpoint: rst_n (input port clocked by clk)
Endpoint: _478_ (recovery check against rising-edge clock clk)
Path Group: asynchronous
Path Type: max

Fanout     Cap    Slew   Delay    Time   Description
-----------------------------------------------------------------------------
                          0.00    0.00   clock clk (rise edge)
                          0.00    0.00   clock network delay (propagated)
                          5.00    5.00 ^ input external delay
                  0.02    0.01    5.01 ^ rst_n (in)
     1    0.00                           rst_n (net)
                  0.02    0.00    5.01 ^ input10/A (sky130_fd_sc_hd__clkbuf_2)
                  0.10    0.14    5.15 ^ input10/X (sky130_fd_sc_hd__clkbuf_2)
     5    0.02                           net10 (net)
                  0.10    0.00    5.15 ^ fanout39/A (sky130_fd_sc_hd__buf_4)
                  0.11    0.19    5.34 ^ fanout39/X (sky130_fd_sc_hd__buf_4)
    10    0.04                           net39 (net)
                  0.11    0.00    5.34 ^ _478_/RESET_B (sky130_fd_sc_hd__dfrtp_1)
                                  5.34   data arrival time

                         25.00   25.00   clock clk (rise edge)
                          0.00   25.00   clock source latency
                  0.04    0.03   25.03 ^ clk (in)
     1    0.01                           clk (net)
                  0.04    0.00   25.03 ^ clkbuf_0_clk/A (sky130_fd_sc_hd__clkbuf_16)
                  0.04    0.11   25.14 ^ clkbuf_0_clk/X (sky130_fd_sc_hd__clkbuf_16)
     2    0.02                           clknet_0_clk (net)
                  0.04    0.00   25.14 ^ clkbuf_1_1__f_clk/A (sky130_fd_sc_hd__clkbuf_16)
                  0.04    0.11   25.25 ^ clkbuf_1_1__f_clk/X (sky130_fd_sc_hd__clkbuf_16)
     7    0.01                           clknet_1_1__leaf_clk (net)
                  0.04    0.00   25.25 ^ _478_/CLK (sky130_fd_sc_hd__dfrtp_1)
                         -0.25   25.00   clock uncertainty
                          0.00   25.00   clock reconvergence pessimism
                          0.21   25.21   library recovery time
                                 25.21   data required time
-----------------------------------------------------------------------------
                                 25.21   data required time
                                 -5.34   data arrival time
-----------------------------------------------------------------------------
                                 19.87   slack (MET)


Startpoint: data_in[5] (input port clocked by clk)
Endpoint: _481_ (rising edge-triggered flip-flop clocked by clk)
Path Group: clk
Path Type: max

Fanout     Cap    Slew   Delay    Time   Description
-----------------------------------------------------------------------------
                          0.00    0.00   clock clk (rise edge)
                          0.00    0.00   clock network delay (propagated)
                          5.00    5.00 v input external delay
                  0.01    0.00    5.00 v data_in[5] (in)
     1    0.00                           data_in[5] (net)
                  0.01    0.00    5.00 v input6/A (sky130_fd_sc_hd__clkbuf_1)
                  0.03    0.08    5.08 v input6/X (sky130_fd_sc_hd__clkbuf_1)
     2    0.00                           net6 (net)
                  0.03    0.00    5.08 v _243_/A (sky130_fd_sc_hd__clkbuf_4)
                  0.07    0.17    5.26 v _243_/X (sky130_fd_sc_hd__clkbuf_4)
    10    0.03                           _193_ (net)
                  0.07    0.00    5.26 v _298_/A2 (sky130_fd_sc_hd__a22o_1)
                  0.06    0.27    5.52 v _298_/X (sky130_fd_sc_hd__a22o_1)
     2    0.01                           _021_ (net)
                  0.06    0.00    5.52 v _331_/B2 (sky130_fd_sc_hd__a22o_1)
                  0.06    0.23    5.75 v _331_/X (sky130_fd_sc_hd__a22o_1)
     3    0.01                           _054_ (net)
                  0.06    0.00    5.75 v _333_/C (sky130_fd_sc_hd__and3_1)
                  0.04    0.19    5.94 v _333_/X (sky130_fd_sc_hd__and3_1)
     2    0.00                           _056_ (net)
                  0.04    0.00    5.94 v _335_/B (sky130_fd_sc_hd__or3b_2)
                  0.10    0.50    6.43 v _335_/X (sky130_fd_sc_hd__or3b_2)
     4    0.01                           _058_ (net)
                  0.10    0.00    6.43 v _354_/A (sky130_fd_sc_hd__and3_2)
                  0.07    0.24    6.67 v _354_/X (sky130_fd_sc_hd__and3_2)
     3    0.01                           _077_ (net)
                  0.07    0.00    6.67 v _410_/A (sky130_fd_sc_hd__nor2_2)
                  0.18    0.20    6.87 ^ _410_/Y (sky130_fd_sc_hd__nor2_2)
     3    0.01                           _133_ (net)
                  0.18    0.00    6.87 ^ _411_/B (sky130_fd_sc_hd__xor2_1)
                  0.06    0.09    6.96 v _411_/X (sky130_fd_sc_hd__xor2_1)
     1    0.00                           _134_ (net)
                  0.06    0.00    6.96 v _414_/A4 (sky130_fd_sc_hd__a41o_1)
                  0.07    0.28    7.24 v _414_/X (sky130_fd_sc_hd__a41o_1)
     3    0.01                           _137_ (net)
                  0.07    0.00    7.24 v _416_/A2 (sky130_fd_sc_hd__a21oi_1)
                  0.22    0.24    7.48 ^ _416_/Y (sky130_fd_sc_hd__a21oi_1)
     1    0.01                           _139_ (net)
                  0.22    0.00    7.48 ^ _417_/B (sky130_fd_sc_hd__xnor2_2)
                  0.23    0.18    7.66 ^ _417_/Y (sky130_fd_sc_hd__xnor2_2)
     4    0.01                           _140_ (net)
                  0.23    0.00    7.66 ^ _447_/C_N (sky130_fd_sc_hd__or3b_2)
                  0.10    0.52    8.18 v _447_/X (sky130_fd_sc_hd__or3b_2)
     1    0.01                           _170_ (net)
                  0.10    0.00    8.18 v _448_/A3 (sky130_fd_sc_hd__o311ai_4)
                  0.23    0.26    8.43 ^ _448_/Y (sky130_fd_sc_hd__o311ai_4)
     3    0.01                           _171_ (net)
                  0.23    0.00    8.43 ^ _454_/A2 (sky130_fd_sc_hd__a32o_1)
                  0.05    0.21    8.64 ^ _454_/X (sky130_fd_sc_hd__a32o_1)
     1    0.00                           _176_ (net)
                  0.05    0.00    8.64 ^ _455_/B2 (sky130_fd_sc_hd__a22o_1)
                  0.04    0.12    8.76 ^ _455_/X (sky130_fd_sc_hd__a22o_1)
     1    0.00                           _002_ (net)
                  0.04    0.00    8.76 ^ _481_/D (sky130_fd_sc_hd__dfrtp_1)
                                  8.76   data arrival time

                         25.00   25.00   clock clk (rise edge)
                          0.00   25.00   clock source latency
                  0.04    0.03   25.03 ^ clk (in)
     1    0.01                           clk (net)
                  0.04    0.00   25.03 ^ clkbuf_0_clk/A (sky130_fd_sc_hd__clkbuf_16)
                  0.04    0.11   25.14 ^ clkbuf_0_clk/X (sky130_fd_sc_hd__clkbuf_16)
     2    0.02                           clknet_0_clk (net)
                  0.04    0.00   25.14 ^ clkbuf_1_1__f_clk/A (sky130_fd_sc_hd__clkbuf_16)
                  0.04    0.11   25.25 ^ clkbuf_1_1__f_clk/X (sky130_fd_sc_hd__clkbuf_16)
     7    0.01                           clknet_1_1__leaf_clk (net)
                  0.04    0.00   25.25 ^ _481_/CLK (sky130_fd_sc_hd__dfrtp_1)
                         -0.25   25.00   clock uncertainty
                          0.00   25.00   clock reconvergence pessimism
                         -0.06   24.94   library setup time
                                 24.94   data required time
-----------------------------------------------------------------------------
                                 24.94   data required time
                                 -8.76   data arrival time
-----------------------------------------------------------------------------
                                 16.18   slack (MET)




===========================================================================
report_checks --slack_max -0.01
============================================================================
======================= Typical Corner ===================================

No paths found.


===========================================================================
 report_check_types -max_slew -max_cap -max_fanout -violators
============================================================================
======================= Typical Corner ===================================



===========================================================================
report_parasitic_annotation -report_unannotated
============================================================================
Found 331 unannotated drivers.
 clk
 data_in[0]
 data_in[1]
 data_in[2]
 data_in[3]
 data_in[4]
 data_in[5]
 data_in[6]
 data_in[7]
 round_mode
 rst_n
 scale[0]
 scale[1]
 scale[2]
 scale[3]
 threshold[0]
 threshold[1]
 threshold[2]
 threshold[3]
 threshold[4]
 threshold[5]
 threshold[6]
 threshold[7]
 valid_in
 _239_/X
 _240_/Y
 _241_/X
 _242_/X
 _243_/X
 _244_/X
 _245_/X
 _246_/X
 _247_/X
 _248_/X
 _249_/X
 _250_/X
 _251_/X
 _252_/Y
 _253_/X
 _254_/X
 _255_/X
 _256_/Y
 _257_/Y
 _258_/X
 _259_/X
 _260_/X
 _261_/Y
 _262_/X
 _263_/X
 _264_/Y
 _265_/X
 _266_/Y
 _267_/X
 _268_/Y
 _269_/X
 _270_/X
 _271_/X
 _272_/X
 _273_/X
 _274_/X
 _275_/X
 _276_/X
 _277_/Y
 _278_/Y
 _279_/X
 _280_/Y
 _281_/X
 _282_/X
 _283_/X
 _284_/X
 _285_/X
 _286_/Y
 _287_/X
 _288_/X
 _289_/Y
 _290_/X
 _291_/X
 _292_/X
 _293_/X
 _294_/Y
 _295_/X
 _296_/Y
 _297_/X
 _298_/X
 _299_/Y
 _300_/X
 _301_/Y
 _302_/X
 _303_/Y
 _304_/X
 _305_/X
 _306_/X
 _307_/X
 _308_/Y
 _309_/X
 _310_/Y
 _311_/Y
 _312_/X
 _313_/Y
 _314_/Y
 _315_/Y
 _316_/X
 _317_/X
 _318_/X
 _319_/Y
 _320_/X
 _321_/Y
 _322_/X
 _323_/Y
 _324_/Y
 _325_/X
 _326_/Y
 _327_/X
 _328_/X
 _329_/Y
 _330_/X
 _331_/X
 _332_/Y
 _333_/X
 _334_/X
 _335_/X
 _336_/Y
 _337_/Y
 _338_/X
 _339_/X
 _340_/X
 _341_/X
 _342_/X
 _343_/Y
 _344_/Y
 _345_/X
 _346_/X
 _347_/X
 _348_/Y
 _349_/X
 _350_/Y
 _351_/X
 _352_/Y
 _353_/X
 _354_/X
 _355_/Y
 _356_/X
 _357_/Y
 _358_/X
 _359_/Y
 _360_/X
 _361_/X
 _362_/Y
 _363_/X
 _364_/X
 _365_/X
 _366_/X
 _367_/X
 _368_/Y
 _369_/X
 _370_/X
 _371_/Y
 _372_/X
 _373_/Y
 _374_/X
 _375_/X
 _376_/Y
 _377_/Y
 _378_/Y
 _379_/X
 _380_/X
 _381_/X
 _382_/Y
 _383_/Y
 _384_/X
 _385_/X
 _386_/Y
 _387_/X
 _388_/Y
 _389_/X
 _390_/Y
 _391_/X
 _392_/X
 _393_/Y
 _394_/Y
 _395_/X
 _396_/Y
 _397_/X
 _398_/Y
 _399_/X
 _400_/X
 _401_/X
 _402_/X
 _403_/X
 _404_/Y
 _405_/X
 _406_/X
 _407_/Y
 _408_/X
 _409_/Y
 _410_/Y
 _411_/X
 _412_/X
 _413_/X
 _414_/X
 _415_/X
 _416_/Y
 _417_/Y
 _418_/Y
 _419_/Y
 _420_/Y
 _421_/Y
 _422_/Y
 _423_/X
 _424_/Y
 _425_/X
 _426_/X
 _427_/X
 _428_/Y
 _429_/Y
 _430_/X
 _431_/Y
 _432_/X
 _433_/X
 _434_/X
 _435_/Y
 _436_/Y
 _437_/Y
 _438_/X
 _439_/Y
 _440_/Y
 _441_/Y
 _442_/X
 _443_/Y
 _444_/X
 _445_/X
 _446_/Y
 _447_/X
 _448_/Y
 _449_/Y
 _450_/Y
 _451_/X
 _452_/X
 _453_/X
 _454_/X
 _455_/X
 _456_/X
 _457_/Y
 _458_/X
 _459_/X
 _460_/Y
 _461_/X
 _462_/X
 _463_/X
 _464_/X
 _465_/X
 _466_/X
 _467_/X
 _468_/X
 _469_/X
 _470_/X
 _471_/X
 _472_/X
 _473_/X
 _474_/X
 _475_/X
 _476_/X
 _477_/X
 _478_/Q
 _479_/Q
 _480_/Q
 _481_/Q
 _482_/Q
 _483_/Q
 _484_/Q
 _485_/Q
 _486_/Q
 _487_/Q
 _488_/Q
 _489_/Q
 _490_/Q
 _491_/Q
 clkbuf_0_clk/X
 clkbuf_1_0__f_clk/X
 clkbuf_1_1__f_clk/X
 fanout39/X
 hold1/X
 hold10/X
 hold11/X
 hold12/X
 hold2/X
 hold3/X
 hold4/X
 hold5/X
 hold6/X
 hold7/X
 hold8/X
 hold9/X
 input1/X
 input10/X
 input11/X
 input12/X
 input13/X
 input14/X
 input15/X
 input16/X
 input17/X
 input18/X
 input19/X
 input2/X
 input20/X
 input21/X
 input22/X
 input23/X
 input3/X
 input4/X
 input5/X
 input6/X
 input7/X
 input8/X
 input9/X
 max_cap38/X
 output24/X
 output25/X
 output26/X
 output27/X
 output28/X
 output29/X
 output30/X
 output31/X
 output32/X
 output33/X
 output34/X
 output35/X
 output36/X
 output37/X
Found 0 partially unannotated drivers.

===========================================================================
max slew violation count 0
max fanout violation count 0
max cap violation count 0
============================================================================

===========================================================================
check_setup -verbose -unconstrained_endpoints -multiple_clock -no_clock -no_input_delay -loops -generated_clocks
===========================================================================
checks_report_end
power_report

===========================================================================
 report_power
============================================================================
======================= Typical Corner ===================================

Group                  Internal  Switching    Leakage      Total
                          Power      Power      Power      Power (Watts)
----------------------------------------------------------------
Sequential             2.55e-05   9.86e-07   1.63e-10   2.65e-05  21.9%
Combinational          5.63e-05   3.79e-05   1.23e-09   9.42e-05  78.1%
Macro                  0.00e+00   0.00e+00   0.00e+00   0.00e+00   0.0%
Pad                    0.00e+00   0.00e+00   0.00e+00   0.00e+00   0.0%
----------------------------------------------------------------
Total                  8.18e-05   3.89e-05   1.39e-09   1.21e-04 100.0%
                          67.8%      32.2%       0.0%

power_report_end
skew_report

===========================================================================
report_clock_skew
============================================================================
Clock clk
Latency      CRPR       Skew
_478_/CLK ^
   0.28
_478_/CLK ^
   0.25     -0.03       0.00

skew_report_end
summary_report

===========================================================================
report_tns
============================================================================
tns 0.00

===========================================================================
report_wns
============================================================================
wns 0.00

===========================================================================
report_worst_slack -max (Setup)
============================================================================
worst slack 16.18

===========================================================================
report_worst_slack -min (Hold)
============================================================================
worst slack 0.27
summary_report_end
area_report

===========================================================================
report_design_area
============================================================================
Design area 2704 u^2 43% utilization.
area_report_end
[WARNING] Did not save OpenROAD database!
