
===========================================================================
report_checks -unconstrained
===========================================================================
======================= Typical Corner ===================================

Startpoint: rst_n (input port clocked by clk)
Endpoint: _95824_ (recovery check against rising-edge clock clk)
Path Group: asynchronous
Path Type: max

Fanout     Cap    Slew   Delay    Time   Description
-----------------------------------------------------------------------------
                          0.00    0.00   clock clk (rise edge)
                          0.00    0.00   clock network delay (propagated)
                          8.00    8.00 ^ input external delay
                  0.02    0.01    8.01 ^ rst_n (in)
     1    0.00                           rst_n (net)
                  0.02    0.00    8.01 ^ input135/A (sky130_fd_sc_hd__clkbuf_4)
                  0.31    0.33    8.34 ^ input135/X (sky130_fd_sc_hd__clkbuf_4)
     2    0.10                           net135 (net)
                  0.31    0.01    8.35 ^ fanout790/A (sky130_fd_sc_hd__buf_12)
                  0.41    0.43    8.78 ^ fanout790/X (sky130_fd_sc_hd__buf_12)
    12    0.37                           net790 (net)
                  0.42    0.04    8.82 ^ fanout759/A (sky130_fd_sc_hd__clkbuf_16)
                  0.26    0.39    9.21 ^ fanout759/X (sky130_fd_sc_hd__clkbuf_16)
    20    0.25                           net759 (net)
                  0.27    0.04    9.26 ^ fanout758/A (sky130_fd_sc_hd__clkbuf_4)
                  0.20    0.34    9.60 ^ fanout758/X (sky130_fd_sc_hd__clkbuf_4)
    16    0.06                           net758 (net)
                  0.20    0.00    9.60 ^ fanout757/A (sky130_fd_sc_hd__clkbuf_4)
                  0.20    0.31    9.91 ^ fanout757/X (sky130_fd_sc_hd__clkbuf_4)
    16    0.06                           net757 (net)
                  0.20    0.00    9.91 ^ fanout756/A (sky130_fd_sc_hd__buf_4)
                  0.22    0.30   10.21 ^ fanout756/X (sky130_fd_sc_hd__buf_4)
    18    0.08                           net756 (net)
                  0.22    0.00   10.21 ^ fanout755/A (sky130_fd_sc_hd__buf_2)
                  0.16    0.26   10.47 ^ fanout755/X (sky130_fd_sc_hd__buf_2)
     6    0.03                           net755 (net)
                  0.16    0.00   10.47 ^ fanout754/A (sky130_fd_sc_hd__clkbuf_4)
                  0.16    0.27   10.74 ^ fanout754/X (sky130_fd_sc_hd__clkbuf_4)
    10    0.05                           net754 (net)
                  0.16    0.00   10.74 ^ _95824_/RESET_B (sky130_fd_sc_hd__dfrtp_4)
                                 10.74   data arrival time

                         40.00   40.00   clock clk (rise edge)
                          0.00   40.00   clock source latency
                  0.44    0.30   40.30 ^ clk (in)
     2    0.10                           clk (net)
                  0.45    0.00   40.30 ^ clkbuf_0_clk/A (sky130_fd_sc_hd__clkbuf_16)
                  0.14    0.30   40.60 ^ clkbuf_0_clk/X (sky130_fd_sc_hd__clkbuf_16)
     8    0.13                           clknet_0_clk (net)
                  0.14    0.00   40.61 ^ clkbuf_2_1_0_clk/A (sky130_fd_sc_hd__clkbuf_8)
                  0.17    0.25   40.85 ^ clkbuf_2_1_0_clk/X (sky130_fd_sc_hd__clkbuf_8)
     4    0.10                           clknet_2_1_0_clk (net)
                  0.17    0.01   40.86 ^ clkbuf_3_2_0_clk/A (sky130_fd_sc_hd__clkbuf_8)
                  0.28    0.32   41.18 ^ clkbuf_3_2_0_clk/X (sky130_fd_sc_hd__clkbuf_8)
    16    0.16                           clknet_3_2_0_clk (net)
                  0.28    0.01   41.19 ^ clkbuf_6_21_0_clk/A (sky130_fd_sc_hd__clkbuf_8)
                  0.07    0.21   41.40 ^ clkbuf_6_21_0_clk/X (sky130_fd_sc_hd__clkbuf_8)
     4    0.03                           clknet_6_21_0_clk (net)
                  0.07    0.00   41.41 ^ clkbuf_7_43__f_clk/A (sky130_fd_sc_hd__clkbuf_16)
                  0.11    0.18   41.58 ^ clkbuf_7_43__f_clk/X (sky130_fd_sc_hd__clkbuf_16)
    12    0.09                           clknet_7_43__leaf_clk (net)
                  0.11    0.00   41.59 ^ clkbuf_leaf_691_clk/A (sky130_fd_sc_hd__clkbuf_16)
                  0.05    0.15   41.73 ^ clkbuf_leaf_691_clk/X (sky130_fd_sc_hd__clkbuf_16)
     9    0.03                           clknet_leaf_691_clk (net)
                  0.05    0.00   41.73 ^ _95824_/CLK (sky130_fd_sc_hd__dfrtp_4)
                         -0.25   41.48   clock uncertainty
                          0.00   41.48   clock reconvergence pessimism
                          0.18   41.67   library recovery time
                                 41.67   data required time
-----------------------------------------------------------------------------
                                 41.67   data required time
                                -10.74   data arrival time
-----------------------------------------------------------------------------
                                 30.92   slack (MET)


Startpoint: _88822_ (rising edge-triggered flip-flop clocked by clk)
Endpoint: _96117_ (rising edge-triggered flip-flop clocked by clk)
Path Group: clk
Path Type: max

Fanout     Cap    Slew   Delay    Time   Description
-----------------------------------------------------------------------------
                          0.00    0.00   clock clk (rise edge)
                          0.00    0.00   clock source latency
                  0.44    0.34    0.34 ^ clk (in)
     2    0.10                           clk (net)
                  0.45    0.00    0.34 ^ clkbuf_0_clk/A (sky130_fd_sc_hd__clkbuf_16)
                  0.14    0.33    0.66 ^ clkbuf_0_clk/X (sky130_fd_sc_hd__clkbuf_16)
     8    0.13                           clknet_0_clk (net)
                  0.14    0.01    0.67 ^ clkbuf_2_0_0_clk/A (sky130_fd_sc_hd__clkbuf_8)
                  0.18    0.27    0.94 ^ clkbuf_2_0_0_clk/X (sky130_fd_sc_hd__clkbuf_8)
     4    0.10                           clknet_2_0_0_clk (net)
                  0.18    0.01    0.95 ^ clkbuf_3_1_0_clk/A (sky130_fd_sc_hd__clkbuf_8)
                  0.29    0.37    1.32 ^ clkbuf_3_1_0_clk/X (sky130_fd_sc_hd__clkbuf_8)
    16    0.17                           clknet_3_1_0_clk (net)
                  0.29    0.01    1.32 ^ clkbuf_6_11_0_clk/A (sky130_fd_sc_hd__clkbuf_8)
                  0.07    0.23    1.55 ^ clkbuf_6_11_0_clk/X (sky130_fd_sc_hd__clkbuf_8)
     2    0.03                           clknet_6_11_0_clk (net)
                  0.07    0.00    1.55 ^ clkbuf_7_23__f_clk/A (sky130_fd_sc_hd__clkbuf_16)
                  0.15    0.23    1.78 ^ clkbuf_7_23__f_clk/X (sky130_fd_sc_hd__clkbuf_16)
    22    0.14                           clknet_7_23__leaf_clk (net)
                  0.15    0.01    1.79 ^ clkbuf_leaf_107_clk/A (sky130_fd_sc_hd__clkbuf_16)
                  0.04    0.17    1.95 ^ clkbuf_leaf_107_clk/X (sky130_fd_sc_hd__clkbuf_16)
     5    0.01                           clknet_leaf_107_clk (net)
                  0.04    0.00    1.96 ^ _88822_/CLK (sky130_fd_sc_hd__dfrtp_4)
                  0.09    0.53    2.49 v _88822_/Q (sky130_fd_sc_hd__dfrtp_4)
     7    0.03                           sm_cycle[1] (net)
                  0.09    0.00    2.49 v _76848_/A (sky130_fd_sc_hd__nor4b_2)
                  0.43    0.49    2.98 ^ _76848_/Y (sky130_fd_sc_hd__nor4b_2)
     3    0.02                           _32616_ (net)
                  0.43    0.00    2.98 ^ wire703/A (sky130_fd_sc_hd__clkbuf_2)
                  0.21    0.33    3.31 ^ wire703/X (sky130_fd_sc_hd__clkbuf_2)
     8    0.04                           net703 (net)
                  0.21    0.00    3.31 ^ max_cap702/A (sky130_fd_sc_hd__clkbuf_2)
                  0.21    0.29    3.60 ^ max_cap702/X (sky130_fd_sc_hd__clkbuf_2)
     8    0.04                           net702 (net)
                  0.21    0.00    3.60 ^ _76853_/A (sky130_fd_sc_hd__buf_4)
                  0.25    0.33    3.93 ^ _76853_/X (sky130_fd_sc_hd__buf_4)
    20    0.09                           _32621_ (net)
                  0.25    0.00    3.93 ^ _76854_/A (sky130_fd_sc_hd__clkbuf_8)
                  0.21    0.33    4.26 ^ _76854_/X (sky130_fd_sc_hd__clkbuf_8)
    20    0.12                           _32622_ (net)
                  0.21    0.01    4.27 ^ _76968_/B1 (sky130_fd_sc_hd__a221oi_4)
                  0.11    0.14    4.41 v _76968_/Y (sky130_fd_sc_hd__a221oi_4)
     4    0.03                           _32736_ (net)
                  0.11    0.00    4.41 v _76969_/C (sky130_fd_sc_hd__nand3_2)
                  0.20    0.21    4.62 ^ _76969_/Y (sky130_fd_sc_hd__nand3_2)
     6    0.04                           _32737_ (net)
                  0.20    0.00    4.62 ^ _77167_/A2_N (sky130_fd_sc_hd__a2bb2o_1)
                  0.06    0.32    4.95 v _77167_/X (sky130_fd_sc_hd__a2bb2o_1)
     1    0.00                           _32935_ (net)
                  0.06    0.00    4.95 v _77181_/B (sky130_fd_sc_hd__or4b_2)
                  0.15    0.76    5.71 v _77181_/X (sky130_fd_sc_hd__or4b_2)
     2    0.02                           _32949_ (net)
                  0.15    0.00    5.71 v _77182_/B1 (sky130_fd_sc_hd__a21oi_1)
                  0.13    0.18    5.88 ^ _77182_/Y (sky130_fd_sc_hd__a21oi_1)
     1    0.00                           _32950_ (net)
                  0.13    0.00    5.88 ^ _77188_/A1 (sky130_fd_sc_hd__o211ai_1)
                  0.10    0.13    6.02 v _77188_/Y (sky130_fd_sc_hd__o211ai_1)
     1    0.00                           _32956_ (net)
                  0.10    0.00    6.02 v _77195_/A3 (sky130_fd_sc_hd__a31o_1)
                  0.06    0.27    6.28 v _77195_/X (sky130_fd_sc_hd__a31o_1)
     1    0.01                           _32963_ (net)
                  0.06    0.00    6.28 v _77196_/B2 (sky130_fd_sc_hd__a22o_2)
                  0.10    0.32    6.60 v _77196_/X (sky130_fd_sc_hd__a22o_2)
     6    0.03                           _32964_ (net)
                  0.10    0.00    6.60 v split19/A (sky130_fd_sc_hd__buf_6)
                  0.04    0.17    6.77 v split19/X (sky130_fd_sc_hd__buf_6)
     4    0.03                           net809 (net)
                  0.04    0.00    6.77 v _77314_/S (sky130_fd_sc_hd__mux2_1)
                  0.12    0.41    7.17 v _77314_/X (sky130_fd_sc_hd__mux2_1)
     3    0.02                           _33082_ (net)
                  0.12    0.00    7.18 v _77315_/B2 (sky130_fd_sc_hd__o22a_1)
                  0.07    0.23    7.41 v _77315_/X (sky130_fd_sc_hd__o22a_1)
     3    0.01                           _33083_ (net)
                  0.07    0.00    7.41 v _77318_/B1 (sky130_fd_sc_hd__a21o_1)
                  0.04    0.18    7.59 v _77318_/X (sky130_fd_sc_hd__a21o_1)
     1    0.00                           _33086_ (net)
                  0.04    0.00    7.59 v _77345_/A2 (sky130_fd_sc_hd__a2111o_1)
                  0.07    0.43    8.02 v _77345_/X (sky130_fd_sc_hd__a2111o_1)
     1    0.00                           _33113_ (net)
                  0.07    0.00    8.02 v _77350_/A1 (sky130_fd_sc_hd__a211o_1)
                  0.05    0.27    8.29 v _77350_/X (sky130_fd_sc_hd__a211o_1)
     1    0.00                           _33118_ (net)
                  0.05    0.00    8.29 v _77352_/A3 (sky130_fd_sc_hd__a31o_1)
                  0.05    0.24    8.52 v _77352_/X (sky130_fd_sc_hd__a31o_1)
     1    0.01                           _33120_ (net)
                  0.05    0.00    8.52 v _77361_/A2 (sky130_fd_sc_hd__a211o_2)
                  0.11    0.43    8.96 v _77361_/X (sky130_fd_sc_hd__a211o_2)
     6    0.03                           _33129_ (net)
                  0.11    0.00    8.96 v split18/A (sky130_fd_sc_hd__buf_6)
                  0.04    0.17    9.13 v split18/X (sky130_fd_sc_hd__buf_6)
     5    0.03                           net808 (net)
                  0.04    0.00    9.13 v _77468_/S (sky130_fd_sc_hd__mux2_1)
                  0.11    0.39    9.52 v _77468_/X (sky130_fd_sc_hd__mux2_1)
     4    0.01                           _33236_ (net)
                  0.11    0.00    9.52 v _77469_/B2 (sky130_fd_sc_hd__a22o_1)
                  0.05    0.24    9.76 v _77469_/X (sky130_fd_sc_hd__a22o_1)
     1    0.00                           _33237_ (net)
                  0.05    0.00    9.76 v _77479_/B (sky130_fd_sc_hd__or4_1)
                  0.10    0.56   10.31 v _77479_/X (sky130_fd_sc_hd__or4_1)
     2    0.01                           _33247_ (net)
                  0.10    0.00   10.31 v _77515_/A_N (sky130_fd_sc_hd__and4bb_1)
                  0.09    0.31   10.62 ^ _77515_/X (sky130_fd_sc_hd__and4bb_1)
     2    0.01                           _33283_ (net)
                  0.09    0.00   10.62 ^ _77516_/B1 (sky130_fd_sc_hd__o21ai_1)
                  0.06    0.09   10.71 v _77516_/Y (sky130_fd_sc_hd__o21ai_1)
     1    0.00                           _33284_ (net)
                  0.06    0.00   10.71 v _77521_/A1 (sky130_fd_sc_hd__a32o_1)
                  0.06    0.26   10.96 v _77521_/X (sky130_fd_sc_hd__a32o_1)
     1    0.01                           _33289_ (net)
                  0.06    0.00   10.96 v _77527_/A2 (sky130_fd_sc_hd__a21o_1)
                  0.06    0.22   11.18 v _77527_/X (sky130_fd_sc_hd__a21o_1)
     2    0.01                           _33295_ (net)
                  0.06    0.00   11.18 v _77528_/A (sky130_fd_sc_hd__buf_6)
                  0.04    0.15   11.33 v _77528_/X (sky130_fd_sc_hd__buf_6)
     6    0.03                           _33296_ (net)
                  0.04    0.00   11.33 v _77558_/A (sky130_fd_sc_hd__buf_4)
                  0.07    0.18   11.51 v _77558_/X (sky130_fd_sc_hd__buf_4)
    10    0.04                           _33326_ (net)
                  0.07    0.00   11.51 v _77577_/S (sky130_fd_sc_hd__mux2_1)
                  0.10    0.39   11.90 v _77577_/X (sky130_fd_sc_hd__mux2_1)
     3    0.01                           _33345_ (net)
                  0.10    0.00   11.90 v _77578_/A2_N (sky130_fd_sc_hd__o2bb2ai_1)
                  0.11    0.16   12.06 v _77578_/Y (sky130_fd_sc_hd__o2bb2ai_1)
     2    0.01                           _33346_ (net)
                  0.11    0.00   12.06 v _77580_/C1 (sky130_fd_sc_hd__a2111oi_1)
                  0.37    0.40   12.46 ^ _77580_/Y (sky130_fd_sc_hd__a2111oi_1)
     1    0.00                           _33348_ (net)
                  0.37    0.00   12.46 ^ wire3/A (sky130_fd_sc_hd__clkbuf_1)
                  0.07    0.15   12.62 ^ wire3/X (sky130_fd_sc_hd__clkbuf_1)
     1    0.00                           net7885 (net)
                  0.07    0.00   12.62 ^ _77581_/A (sky130_fd_sc_hd__nand2_2)
                  0.08    0.09   12.71 v _77581_/Y (sky130_fd_sc_hd__nand2_2)
     3    0.02                           _33349_ (net)
                  0.08    0.00   12.71 v _77703_/A (sky130_fd_sc_hd__or3b_1)
                  0.09    0.43   13.14 v _77703_/X (sky130_fd_sc_hd__or3b_1)
     1    0.01                           _33471_ (net)
                  0.09    0.00   13.14 v _77707_/B1 (sky130_fd_sc_hd__o22a_1)
                  0.07    0.24   13.38 v _77707_/X (sky130_fd_sc_hd__o22a_1)
     2    0.01                           _33475_ (net)
                  0.07    0.00   13.38 v _77709_/A2 (sky130_fd_sc_hd__a21oi_2)
                  0.27    0.29   13.67 ^ _77709_/Y (sky130_fd_sc_hd__a21oi_2)
     6    0.02                           _33477_ (net)
                  0.27    0.00   13.67 ^ _77710_/B (sky130_fd_sc_hd__nor2_2)
                  0.10    0.14   13.81 v _77710_/Y (sky130_fd_sc_hd__nor2_2)
     6    0.02                           _33478_ (net)
                  0.10    0.00   13.81 v rebuffer54/A (sky130_fd_sc_hd__clkbuf_1)
                  0.04    0.13   13.94 v rebuffer54/X (sky130_fd_sc_hd__clkbuf_1)
     1    0.01                           net844 (net)
                  0.04    0.00   13.94 v rebuffer53/A (sky130_fd_sc_hd__clkbuf_1)
                  0.03    0.09   14.03 v rebuffer53/X (sky130_fd_sc_hd__clkbuf_1)
     1    0.00                           net843 (net)
                  0.03    0.00   14.03 v rebuffer51/A (sky130_fd_sc_hd__clkbuf_1)
                  0.04    0.10   14.13 v rebuffer51/X (sky130_fd_sc_hd__clkbuf_1)
     1    0.01                           net841 (net)
                  0.04    0.00   14.13 v _77711_/S (sky130_fd_sc_hd__mux2_1)
                  0.11    0.39   14.52 v _77711_/X (sky130_fd_sc_hd__mux2_1)
     4    0.01                           _33479_ (net)
                  0.11    0.00   14.52 v _77823_/A2 (sky130_fd_sc_hd__o22a_1)
                  0.07    0.25   14.77 v _77823_/X (sky130_fd_sc_hd__o22a_1)
     2    0.01                           _33591_ (net)
                  0.07    0.00   14.77 v _77825_/C (sky130_fd_sc_hd__and4_1)
                  0.08    0.25   15.02 v _77825_/X (sky130_fd_sc_hd__and4_1)
     2    0.01                           _33593_ (net)
                  0.08    0.00   15.02 v _77869_/A1 (sky130_fd_sc_hd__a22o_1)
                  0.05    0.24   15.27 v _77869_/X (sky130_fd_sc_hd__a22o_1)
     1    0.01                           _33637_ (net)
                  0.05    0.00   15.27 v _77875_/A2 (sky130_fd_sc_hd__a211o_1)
                  0.08    0.35   15.61 v _77875_/X (sky130_fd_sc_hd__a211o_1)
     2    0.01                           _33643_ (net)
                  0.08    0.00   15.61 v _77885_/A2 (sky130_fd_sc_hd__a21oi_2)
                  0.24    0.27   15.88 ^ _77885_/Y (sky130_fd_sc_hd__a21oi_2)
     3    0.02                           _33653_ (net)
                  0.24    0.00   15.88 ^ _77893_/A (sky130_fd_sc_hd__nor2_4)
                  0.09    0.12   16.00 v _77893_/Y (sky130_fd_sc_hd__nor2_4)
     6    0.04                           _33661_ (net)
                  0.09    0.00   16.00 v _77966_/A (sky130_fd_sc_hd__buf_6)
                  0.05    0.17   16.17 v _77966_/X (sky130_fd_sc_hd__buf_6)
    10    0.04                           _33734_ (net)
                  0.05    0.00   16.17 v _77967_/S (sky130_fd_sc_hd__mux2_1)
                  0.11    0.39   16.56 v _77967_/X (sky130_fd_sc_hd__mux2_1)
     3    0.01                           _33735_ (net)
                  0.11    0.00   16.56 v _77975_/A2_N (sky130_fd_sc_hd__o2bb2a_1)
                  0.08    0.29   16.85 ^ _77975_/X (sky130_fd_sc_hd__o2bb2a_1)
     2    0.01                           _33743_ (net)
                  0.08    0.00   16.85 ^ _77977_/A_N (sky130_fd_sc_hd__and2b_1)
                  0.04    0.20   17.05 v _77977_/X (sky130_fd_sc_hd__and2b_1)
     1    0.01                           _33745_ (net)
                  0.04    0.00   17.05 v _77978_/B2 (sky130_fd_sc_hd__a22o_1)
                  0.04    0.21   17.26 v _77978_/X (sky130_fd_sc_hd__a22o_1)
     1    0.00                           _33746_ (net)
                  0.04    0.00   17.26 v _78056_/A2 (sky130_fd_sc_hd__a221o_1)
                  0.06    0.37   17.63 v _78056_/X (sky130_fd_sc_hd__a221o_1)
     1    0.00                           _33824_ (net)
                  0.06    0.00   17.63 v _78069_/A1 (sky130_fd_sc_hd__a31o_2)
                  0.08    0.27   17.89 v _78069_/X (sky130_fd_sc_hd__a31o_2)
     6    0.02                           _33837_ (net)
                  0.08    0.00   17.89 v _78070_/A (sky130_fd_sc_hd__and2_1)
                  0.05    0.17   18.07 v _78070_/X (sky130_fd_sc_hd__and2_1)
     1    0.01                           _33838_ (net)
                  0.05    0.00   18.07 v _78071_/A (sky130_fd_sc_hd__buf_6)
                  0.04    0.15   18.21 v _78071_/X (sky130_fd_sc_hd__buf_6)
     8    0.04                           _33839_ (net)
                  0.04    0.00   18.22 v _78106_/A (sky130_fd_sc_hd__buf_6)
                  0.05    0.15   18.36 v _78106_/X (sky130_fd_sc_hd__buf_6)
     6    0.04                           _33874_ (net)
                  0.05    0.00   18.36 v _78158_/A2 (sky130_fd_sc_hd__a21o_2)
                  0.08    0.27   18.63 v _78158_/X (sky130_fd_sc_hd__a21o_2)
     4    0.02                           _33926_ (net)
                  0.08    0.00   18.63 v _78159_/B (sky130_fd_sc_hd__xnor2_2)
                  0.09    0.18   18.81 v _78159_/Y (sky130_fd_sc_hd__xnor2_2)
     4    0.01                           _33927_ (net)
                  0.09    0.00   18.81 v _78176_/B (sky130_fd_sc_hd__or4_1)
                  0.09    0.55   19.36 v _78176_/X (sky130_fd_sc_hd__or4_1)
     1    0.00                           _33944_ (net)
                  0.09    0.00   19.36 v _78237_/A (sky130_fd_sc_hd__or3_1)
                  0.10    0.44   19.80 v _78237_/X (sky130_fd_sc_hd__or3_1)
     2    0.01                           _34005_ (net)
                  0.10    0.00   19.80 v _78239_/A2 (sky130_fd_sc_hd__o21a_1)
                  0.10    0.26   20.07 v _78239_/X (sky130_fd_sc_hd__o21a_1)
     4    0.02                           _34007_ (net)
                  0.10    0.00   20.07 v _78265_/A (sky130_fd_sc_hd__nand2_2)
                  0.19    0.20   20.26 ^ _78265_/Y (sky130_fd_sc_hd__nand2_2)
     6    0.04                           _34033_ (net)
                  0.19    0.00   20.27 ^ _78286_/S (sky130_fd_sc_hd__mux2_1)
                  0.08    0.40   20.67 v _78286_/X (sky130_fd_sc_hd__mux2_1)
     2    0.01                           _34054_ (net)
                  0.08    0.00   20.67 v _78287_/A (sky130_fd_sc_hd__buf_6)
                  0.04    0.16   20.83 v _78287_/X (sky130_fd_sc_hd__buf_6)
     6    0.03                           _34055_ (net)
                  0.04    0.00   20.83 v _78431_/A2 (sky130_fd_sc_hd__a221o_1)
                  0.08    0.39   21.21 v _78431_/X (sky130_fd_sc_hd__a221o_1)
     2    0.01                           _34199_ (net)
                  0.08    0.00   21.21 v _78434_/A2 (sky130_fd_sc_hd__a211o_2)
                  0.15    0.49   21.70 v _78434_/X (sky130_fd_sc_hd__a211o_2)
    12    0.05                           _34202_ (net)
                  0.15    0.00   21.70 v _78437_/A2 (sky130_fd_sc_hd__a21o_1)
                  0.07    0.27   21.97 v _78437_/X (sky130_fd_sc_hd__a21o_1)
     3    0.01                           _34205_ (net)
                  0.07    0.00   21.97 v _78440_/A3 (sky130_fd_sc_hd__a311o_1)
                  0.10    0.43   22.40 v _78440_/X (sky130_fd_sc_hd__a311o_1)
     2    0.01                           _34208_ (net)
                  0.10    0.00   22.40 v _78442_/A2 (sky130_fd_sc_hd__a21o_1)
                  0.06    0.24   22.64 v _78442_/X (sky130_fd_sc_hd__a21o_1)
     2    0.01                           _34210_ (net)
                  0.06    0.00   22.64 v _78446_/A2 (sky130_fd_sc_hd__a31o_4)
                  0.09    0.30   22.95 v _78446_/X (sky130_fd_sc_hd__a31o_4)
     6    0.05                           _34214_ (net)
                  0.09    0.01   22.95 v _78449_/A2 (sky130_fd_sc_hd__a211o_1)
                  0.08    0.37   23.32 v _78449_/X (sky130_fd_sc_hd__a211o_1)
     3    0.01                           _34217_ (net)
                  0.08    0.00   23.32 v _78454_/A2 (sky130_fd_sc_hd__a211oi_2)
                  0.24    0.31   23.63 ^ _78454_/Y (sky130_fd_sc_hd__a211oi_2)
     2    0.01                           _34222_ (net)
                  0.24    0.00   23.63 ^ _78456_/A2 (sky130_fd_sc_hd__o211ai_2)
                  0.10    0.14   23.77 v _78456_/Y (sky130_fd_sc_hd__o211ai_2)
     4    0.01                           _34224_ (net)
                  0.10    0.00   23.77 v _78474_/A1 (sky130_fd_sc_hd__a2111o_1)
                  0.07    0.40   24.18 v _78474_/X (sky130_fd_sc_hd__a2111o_1)
     1    0.00                           _34242_ (net)
                  0.07    0.00   24.18 v _78476_/C (sky130_fd_sc_hd__or4_4)
                  0.21    0.68   24.85 v _78476_/X (sky130_fd_sc_hd__or4_4)
    12    0.09                           _34244_ (net)
                  0.22    0.02   24.88 v _79938_/C1 (sky130_fd_sc_hd__a211oi_4)
                  0.49    0.49   25.37 ^ _79938_/Y (sky130_fd_sc_hd__a211oi_4)
     8    0.04                           _35706_ (net)
                  0.49    0.00   25.38 ^ wire306/A (sky130_fd_sc_hd__buf_6)
                  0.08    0.22   25.59 ^ wire306/X (sky130_fd_sc_hd__buf_6)
     6    0.03                           net306 (net)
                  0.08    0.00   25.60 ^ _79954_/A (sky130_fd_sc_hd__xor2_2)
                  0.20    0.21   25.81 ^ _79954_/X (sky130_fd_sc_hd__xor2_2)
     2    0.01                           _35722_ (net)
                  0.20    0.00   25.81 ^ _79970_/A (sky130_fd_sc_hd__xor2_2)
                  0.25    0.27   26.08 ^ _79970_/X (sky130_fd_sc_hd__xor2_2)
     3    0.02                           _35738_ (net)
                  0.25    0.00   26.08 ^ _79973_/A (sky130_fd_sc_hd__nand2_2)
                  0.12    0.15   26.23 v _79973_/Y (sky130_fd_sc_hd__nand2_2)
     2    0.02                           _35741_ (net)
                  0.12    0.00   26.23 v _79974_/A (sky130_fd_sc_hd__xor2_4)
                  0.11    0.23   26.46 v _79974_/X (sky130_fd_sc_hd__xor2_4)
     2    0.02                           _35742_ (net)
                  0.11    0.00   26.46 v _79979_/B (sky130_fd_sc_hd__and2b_1)
                  0.04    0.20   26.66 v _79979_/X (sky130_fd_sc_hd__and2b_1)
     1    0.00                           _35747_ (net)
                  0.04    0.00   26.66 v _79980_/B1 (sky130_fd_sc_hd__a31o_1)
                  0.07    0.23   26.89 v _79980_/X (sky130_fd_sc_hd__a31o_1)
     2    0.01                           _35748_ (net)
                  0.07    0.00   26.89 v _79982_/A (sky130_fd_sc_hd__xor2_2)
                  0.13    0.23   27.12 v _79982_/X (sky130_fd_sc_hd__xor2_2)
     2    0.02                           _35750_ (net)
                  0.13    0.00   27.12 v _80000_/A (sky130_fd_sc_hd__xnor2_2)
                  0.26    0.31   27.43 ^ _80000_/Y (sky130_fd_sc_hd__xnor2_2)
     1    0.02                           _35768_ (net)
                  0.26    0.00   27.43 ^ wire299/A (sky130_fd_sc_hd__buf_6)
                  0.15    0.25   27.68 ^ wire299/X (sky130_fd_sc_hd__buf_6)
     8    0.08                           net299 (net)
                  0.16    0.00   27.68 ^ _80038_/A (sky130_fd_sc_hd__nor2_2)
                  0.09    0.12   27.80 v _80038_/Y (sky130_fd_sc_hd__nor2_2)
     6    0.03                           _35806_ (net)
                  0.09    0.00   27.80 v _80040_/A2 (sky130_fd_sc_hd__a21bo_4)
                  0.10    0.31   28.11 v _80040_/X (sky130_fd_sc_hd__a21bo_4)
    10    0.06                           _35808_ (net)
                  0.10    0.01   28.12 v _80042_/A2 (sky130_fd_sc_hd__a21bo_4)
                  0.08    0.30   28.42 v _80042_/X (sky130_fd_sc_hd__a21bo_4)
     5    0.04                           _35810_ (net)
                  0.08    0.00   28.42 v _80189_/C (sky130_fd_sc_hd__and3_1)
                  0.04    0.21   28.63 v _80189_/X (sky130_fd_sc_hd__and3_1)
     1    0.00                           _35957_ (net)
                  0.04    0.00   28.63 v _80190_/A (sky130_fd_sc_hd__buf_4)
                  0.08    0.19   28.82 v _80190_/X (sky130_fd_sc_hd__buf_4)
     8    0.05                           _35958_ (net)
                  0.08    0.00   28.82 v _80231_/A (sky130_fd_sc_hd__nor2_2)
                  0.25    0.26   29.08 ^ _80231_/Y (sky130_fd_sc_hd__nor2_2)
     3    0.02                           _35999_ (net)
                  0.25    0.00   29.08 ^ _80232_/A (sky130_fd_sc_hd__buf_8)
                  0.16    0.24   29.32 ^ _80232_/X (sky130_fd_sc_hd__buf_8)
    12    0.10                           _36000_ (net)
                  0.16    0.00   29.32 ^ split1/A (sky130_fd_sc_hd__clkbuf_8)
                  0.25    0.33   29.65 ^ split1/X (sky130_fd_sc_hd__clkbuf_8)
    10    0.15                           net791 (net)
                  0.25    0.01   29.66 ^ _80536_/A (sky130_fd_sc_hd__buf_8)
                  0.36    0.38   30.04 ^ _80536_/X (sky130_fd_sc_hd__buf_8)
    20    0.23                           _36304_ (net)
                  0.36    0.04   30.08 ^ _80537_/A (sky130_fd_sc_hd__clkbuf_8)
                  0.25    0.39   30.47 ^ _80537_/X (sky130_fd_sc_hd__clkbuf_8)
    20    0.14                           _36305_ (net)
                  0.25    0.01   30.48 ^ _80850_/C1 (sky130_fd_sc_hd__o221a_1)
                  0.30    0.42   30.90 ^ _80850_/X (sky130_fd_sc_hd__o221a_1)
     2    0.03                           _36618_ (net)
                  0.30    0.00   30.90 ^ _80851_/B1 (sky130_fd_sc_hd__a21oi_1)
                  0.09    0.09   30.99 v _80851_/Y (sky130_fd_sc_hd__a21oi_1)
     1    0.00                           _36619_ (net)
                  0.09    0.00   30.99 v _80873_/A2 (sky130_fd_sc_hd__mux4_2)
                  0.17    0.63   31.62 v _80873_/X (sky130_fd_sc_hd__mux4_2)
     2    0.03                           _36641_ (net)
                  0.17    0.00   31.62 v _81024_/A2 (sky130_fd_sc_hd__a221o_4)
                  0.20    0.67   32.29 v _81024_/X (sky130_fd_sc_hd__a221o_4)
     4    0.12                           _36792_ (net)
                  0.20    0.01   32.30 v _81025_/B (sky130_fd_sc_hd__nand2_2)
                  0.24    0.29   32.59 ^ _81025_/Y (sky130_fd_sc_hd__nand2_2)
    12    0.05                           _36793_ (net)
                  0.24    0.00   32.59 ^ _81026_/A (sky130_fd_sc_hd__buf_4)
                  0.25    0.34   32.93 ^ _81026_/X (sky130_fd_sc_hd__buf_4)
    20    0.09                           _36794_ (net)
                  0.25    0.01   32.94 ^ _81450_/A (sky130_fd_sc_hd__buf_4)
                  0.29    0.37   33.31 ^ _81450_/X (sky130_fd_sc_hd__buf_4)
    20    0.11                           _37218_ (net)
                  0.29    0.00   33.31 ^ _81451_/A (sky130_fd_sc_hd__buf_4)
                  0.31    0.39   33.69 ^ _81451_/X (sky130_fd_sc_hd__buf_4)
    20    0.11                           _37219_ (net)
                  0.31    0.02   33.71 ^ _83156_/A (sky130_fd_sc_hd__buf_4)
                  0.30    0.38   34.09 ^ _83156_/X (sky130_fd_sc_hd__buf_4)
    20    0.11                           _38924_ (net)
                  0.30    0.01   34.11 ^ _88145_/B (sky130_fd_sc_hd__nor2_1)
                  0.08    0.11   34.22 v _88145_/Y (sky130_fd_sc_hd__nor2_1)
     2    0.01                           _43857_ (net)
                  0.08    0.00   34.22 v _88147_/A (sky130_fd_sc_hd__xnor2_1)
                  0.24    0.27   34.49 ^ _88147_/Y (sky130_fd_sc_hd__xnor2_1)
     2    0.01                           _43859_ (net)
                  0.24    0.00   34.49 ^ _88148_/B (sky130_fd_sc_hd__xnor2_1)
                  0.23    0.20   34.69 ^ _88148_/Y (sky130_fd_sc_hd__xnor2_1)
     2    0.01                           _43860_ (net)
                  0.23    0.00   34.69 ^ _88239_/B (sky130_fd_sc_hd__xor2_1)
                  0.23    0.27   34.96 ^ _88239_/X (sky130_fd_sc_hd__xor2_1)
     2    0.01                           _43951_ (net)
                  0.23    0.00   34.96 ^ _88240_/B (sky130_fd_sc_hd__xnor2_1)
                  0.22    0.20   35.16 ^ _88240_/Y (sky130_fd_sc_hd__xnor2_1)
     2    0.01                           _43952_ (net)
                  0.22    0.00   35.16 ^ _88244_/A1 (sky130_fd_sc_hd__a21oi_1)
                  0.09    0.13   35.29 v _88244_/Y (sky130_fd_sc_hd__a21oi_1)
     2    0.01                           _43956_ (net)
                  0.09    0.00   35.29 v _88246_/A (sky130_fd_sc_hd__and2_1)
                  0.05    0.18   35.47 v _88246_/X (sky130_fd_sc_hd__and2_1)
     2    0.01                           _43958_ (net)
                  0.05    0.00   35.47 v _88387_/C1 (sky130_fd_sc_hd__a221o_1)
                  0.06    0.28   35.74 v _88387_/X (sky130_fd_sc_hd__a221o_1)
     1    0.00                           _44099_ (net)
                  0.06    0.00   35.74 v _88388_/B2 (sky130_fd_sc_hd__o22a_1)
                  0.09    0.22   35.96 v _88388_/X (sky130_fd_sc_hd__o22a_1)
     1    0.01                           _44100_ (net)
                  0.09    0.00   35.96 v _88424_/A2 (sky130_fd_sc_hd__o211ai_2)
                  0.23    0.24   36.21 ^ _88424_/Y (sky130_fd_sc_hd__o211ai_2)
     1    0.01                           _44136_ (net)
                  0.23    0.00   36.21 ^ _88474_/A1 (sky130_fd_sc_hd__a21oi_4)
                  0.10    0.13   36.34 v _88474_/Y (sky130_fd_sc_hd__a21oi_4)
     4    0.03                           _44186_ (net)
                  0.10    0.00   36.34 v _88495_/A2 (sky130_fd_sc_hd__o31ai_4)
                  0.68    0.65   36.99 ^ _88495_/Y (sky130_fd_sc_hd__o31ai_4)
    10    0.06                           _44207_ (net)
                  0.68    0.01   37.00 ^ _88548_/A1 (sky130_fd_sc_hd__a41o_1)
                  0.18    0.37   37.37 ^ _88548_/X (sky130_fd_sc_hd__a41o_1)
     4    0.02                           _44260_ (net)
                  0.18    0.00   37.37 ^ _88553_/A2 (sky130_fd_sc_hd__a31oi_2)
                  0.11    0.15   37.52 v _88553_/Y (sky130_fd_sc_hd__a31oi_2)
     2    0.01                           _44265_ (net)
                  0.11    0.00   37.52 v _88554_/B (sky130_fd_sc_hd__or2_1)
                  0.05    0.24   37.77 v _88554_/X (sky130_fd_sc_hd__or2_1)
     1    0.00                           _44266_ (net)
                  0.05    0.00   37.77 v _88555_/A (sky130_fd_sc_hd__buf_2)
                  0.13    0.23   37.99 v _88555_/X (sky130_fd_sc_hd__buf_2)
    14    0.06                           _44267_ (net)
                  0.13    0.00   37.99 v _88577_/A1 (sky130_fd_sc_hd__a31o_1)
                  0.06    0.24   38.23 v _88577_/X (sky130_fd_sc_hd__a31o_1)
     1    0.01                           _44285_ (net)
                  0.06    0.00   38.23 v _88578_/B1_N (sky130_fd_sc_hd__a21bo_1)
                  0.04    0.18   38.41 ^ _88578_/X (sky130_fd_sc_hd__a21bo_1)
     1    0.00                           _07527_ (net)
                  0.04    0.00   38.41 ^ _96117_/D (sky130_fd_sc_hd__dfrtp_4)
                                 38.41   data arrival time

                         40.00   40.00   clock clk (rise edge)
                          0.00   40.00   clock source latency
                  0.44    0.30   40.30 ^ clk (in)
     2    0.10                           clk (net)
                  0.45    0.00   40.30 ^ clkbuf_0_clk/A (sky130_fd_sc_hd__clkbuf_16)
                  0.14    0.30   40.60 ^ clkbuf_0_clk/X (sky130_fd_sc_hd__clkbuf_16)
     8    0.13                           clknet_0_clk (net)
                  0.14    0.00   40.61 ^ clkbuf_2_2_0_clk/A (sky130_fd_sc_hd__clkbuf_8)
                  0.15    0.23   40.84 ^ clkbuf_2_2_0_clk/X (sky130_fd_sc_hd__clkbuf_8)
     4    0.08                           clknet_2_2_0_clk (net)
                  0.15    0.01   40.84 ^ clkbuf_3_5_0_clk/A (sky130_fd_sc_hd__clkbuf_8)
                  0.25    0.30   41.15 ^ clkbuf_3_5_0_clk/X (sky130_fd_sc_hd__clkbuf_8)
    16    0.15                           clknet_3_5_0_clk (net)
                  0.25    0.00   41.15 ^ clkbuf_6_40_0_clk/A (sky130_fd_sc_hd__clkbuf_8)
                  0.07    0.21   41.36 ^ clkbuf_6_40_0_clk/X (sky130_fd_sc_hd__clkbuf_8)
     2    0.03                           clknet_6_40_0_clk (net)
                  0.07    0.00   41.36 ^ clkbuf_7_80__f_clk/A (sky130_fd_sc_hd__clkbuf_16)
                  0.12    0.19   41.54 ^ clkbuf_7_80__f_clk/X (sky130_fd_sc_hd__clkbuf_16)
    14    0.10                           clknet_7_80__leaf_clk (net)
                  0.12    0.01   41.55 ^ clkbuf_leaf_158_clk/A (sky130_fd_sc_hd__clkbuf_16)
                  0.03    0.13   41.68 ^ clkbuf_leaf_158_clk/X (sky130_fd_sc_hd__clkbuf_16)
     2    0.01                           clknet_leaf_158_clk (net)
                  0.03    0.00   41.68 ^ _96117_/CLK (sky130_fd_sc_hd__dfrtp_4)
                         -0.25   41.43   clock uncertainty
                          0.06   41.50   clock reconvergence pessimism
                         -0.06   41.43   library setup time
                                 41.43   data required time
-----------------------------------------------------------------------------
                                 41.43   data required time
                                -38.41   data arrival time
-----------------------------------------------------------------------------
                                  3.02   slack (MET)




===========================================================================
report_checks --slack_max -0.01
============================================================================
======================= Typical Corner ===================================

No paths found.


===========================================================================
 report_check_types -max_slew -max_cap -max_fanout -violators
============================================================================
======================= Typical Corner ===================================

max slew

Pin                                    Limit    Slew   Slack
------------------------------------------------------------
_80813_/B2                              0.75    1.50   -0.75 (VIOLATED)
ANTENNA__80813__B2/DIODE                0.75    1.50   -0.75 (VIOLATED)
_82452_/A2                              0.75    1.50   -0.75 (VIOLATED)
ANTENNA__82452__A2/DIODE                0.75    1.50   -0.75 (VIOLATED)
ANTENNA__80986__B/DIODE                 0.75    1.50   -0.75 (VIOLATED)
_80986_/B                               0.75    1.50   -0.75 (VIOLATED)
ANTENNA__82947__B/DIODE                 0.75    1.50   -0.75 (VIOLATED)
_82947_/B                               0.75    1.50   -0.75 (VIOLATED)
_80812_/Y                               0.75    1.50   -0.75 (VIOLATED)
_82009_/A2                              0.75    1.42   -0.67 (VIOLATED)
ANTENNA__82009__A2/DIODE                0.75    1.42   -0.67 (VIOLATED)
_81999_/X                               0.75    1.42   -0.67 (VIOLATED)
ANTENNA__82858__B1/DIODE                0.75    1.24   -0.49 (VIOLATED)
_82858_/B1                              0.75    1.24   -0.49 (VIOLATED)
_82857_/Y                               0.75    1.24   -0.49 (VIOLATED)
_82454_/A3                              0.75    1.05   -0.30 (VIOLATED)
ANTENNA_14/DIODE                        0.75    1.05   -0.30 (VIOLATED)
ANTENNA__82454__A3/DIODE                0.75    1.05   -0.30 (VIOLATED)
_82448_/Y                               0.75    1.05   -0.30 (VIOLATED)
_82928_/B2                              0.75    1.04   -0.29 (VIOLATED)
ANTENNA__82928__B2/DIODE                0.75    1.04   -0.29 (VIOLATED)
_82690_/A2                              0.75    1.04   -0.29 (VIOLATED)
ANTENNA__82690__A2/DIODE                0.75    1.04   -0.29 (VIOLATED)
_81253_/C1                              0.75    1.03   -0.28 (VIOLATED)
ANTENNA__81253__C1/DIODE                0.75    1.03   -0.28 (VIOLATED)
_81357_/A                               0.75    1.03   -0.28 (VIOLATED)
ANTENNA__81357__A/DIODE                 0.75    1.03   -0.28 (VIOLATED)
_80761_/A1                              0.75    1.03   -0.28 (VIOLATED)
ANTENNA__80761__A1/DIODE                0.75    1.03   -0.28 (VIOLATED)
_80284_/C                               0.75    1.03   -0.28 (VIOLATED)
ANTENNA__80284__C/DIODE                 0.75    1.03   -0.28 (VIOLATED)
_80283_/Y                               0.75    1.03   -0.28 (VIOLATED)
_83078_/B2                              0.75    1.03   -0.28 (VIOLATED)
ANTENNA__83078__B2/DIODE                0.75    1.03   -0.28 (VIOLATED)
_81423_/B1                              0.75    1.03   -0.28 (VIOLATED)
ANTENNA__81423__B1/DIODE                0.75    1.03   -0.28 (VIOLATED)
_82277_/B1                              0.75    1.02   -0.27 (VIOLATED)
ANTENNA__82277__B1/DIODE                0.75    1.02   -0.27 (VIOLATED)
_81422_/X                               0.75    1.02   -0.27 (VIOLATED)
_82049_/A1                              0.75    1.00   -0.25 (VIOLATED)
ANTENNA__82049__A1/DIODE                0.75    1.00   -0.25 (VIOLATED)
ANTENNA__81474__B1/DIODE                0.75    1.00   -0.25 (VIOLATED)
_81474_/B1                              0.75    1.00   -0.25 (VIOLATED)
ANTENNA__82633__C/DIODE                 0.75    1.00   -0.25 (VIOLATED)
_82633_/C                               0.75    0.99   -0.24 (VIOLATED)
ANTENNA__82616__B/DIODE                 0.75    0.99   -0.24 (VIOLATED)
_82616_/B                               0.75    0.99   -0.24 (VIOLATED)
ANTENNA__82828__C/DIODE                 0.75    0.99   -0.24 (VIOLATED)
_82828_/C                               0.75    0.99   -0.24 (VIOLATED)
_82318_/A                               0.75    0.98   -0.23 (VIOLATED)
ANTENNA__82318__A/DIODE                 0.75    0.98   -0.23 (VIOLATED)
_82499_/B                               0.75    0.98   -0.23 (VIOLATED)
ANTENNA__82499__B/DIODE                 0.75    0.98   -0.23 (VIOLATED)
_82549_/A3                              0.75    0.98   -0.23 (VIOLATED)
ANTENNA__82549__A3/DIODE                0.75    0.98   -0.23 (VIOLATED)
_81414_/B                               0.75    0.98   -0.23 (VIOLATED)
ANTENNA__81414__B/DIODE                 0.75    0.98   -0.23 (VIOLATED)
_81413_/Y                               0.75    0.98   -0.23 (VIOLATED)
_82745_/A0                              0.75    0.97   -0.22 (VIOLATED)
ANTENNA__82745__A0/DIODE                0.75    0.97   -0.22 (VIOLATED)
_82732_/X                               0.75    0.97   -0.22 (VIOLATED)
_81209_/B                               0.75    0.94   -0.19 (VIOLATED)
ANTENNA__81209__B/DIODE                 0.75    0.94   -0.19 (VIOLATED)
_81566_/A2                              0.75    0.94   -0.19 (VIOLATED)
ANTENNA__81566__A2/DIODE                0.75    0.94   -0.19 (VIOLATED)
ANTENNA__82447__A3/DIODE                0.75    0.94   -0.19 (VIOLATED)
_82447_/A3                              0.75    0.94   -0.19 (VIOLATED)
_82499_/A                               0.75    0.94   -0.19 (VIOLATED)
ANTENNA__82499__A/DIODE                 0.75    0.94   -0.19 (VIOLATED)
_82549_/A2                              0.75    0.94   -0.19 (VIOLATED)
ANTENNA__82549__A2/DIODE                0.75    0.94   -0.19 (VIOLATED)
_82625_/D                               0.75    0.94   -0.19 (VIOLATED)
ANTENNA__82625__D/DIODE                 0.75    0.94   -0.19 (VIOLATED)
_82228_/A2                              0.75    0.94   -0.19 (VIOLATED)
ANTENNA__82228__A2/DIODE                0.75    0.94   -0.19 (VIOLATED)
_81208_/X                               0.75    0.94   -0.19 (VIOLATED)
_81375_/B1                              0.75    0.92   -0.17 (VIOLATED)
ANTENNA__81375__B1/DIODE                0.75    0.92   -0.17 (VIOLATED)
_82678_/A2                              0.75    0.92   -0.17 (VIOLATED)
ANTENNA__82678__A2/DIODE                0.75    0.92   -0.17 (VIOLATED)
_82237_/B1                              0.75    0.92   -0.17 (VIOLATED)
ANTENNA__82237__B1/DIODE                0.75    0.92   -0.17 (VIOLATED)
_81374_/Y                               0.75    0.92   -0.17 (VIOLATED)
_82848_/A0                              0.75    0.89   -0.14 (VIOLATED)
ANTENNA__82848__A0/DIODE                0.75    0.89   -0.14 (VIOLATED)
_81528_/A2                              0.75    0.89   -0.14 (VIOLATED)
ANTENNA__81528__A2/DIODE                0.75    0.89   -0.14 (VIOLATED)
_80825_/C                               0.75    0.89   -0.14 (VIOLATED)
ANTENNA__80825__C/DIODE                 0.75    0.89   -0.14 (VIOLATED)
_81539_/B                               0.75    0.89   -0.14 (VIOLATED)
ANTENNA__81539__B/DIODE                 0.75    0.89   -0.14 (VIOLATED)
_81030_/C                               0.75    0.89   -0.14 (VIOLATED)
ANTENNA__81030__C/DIODE                 0.75    0.89   -0.14 (VIOLATED)
_80824_/Y                               0.75    0.89   -0.14 (VIOLATED)
_82608_/B1                              0.75    0.88   -0.13 (VIOLATED)
ANTENNA__82608__B1/DIODE                0.75    0.88   -0.13 (VIOLATED)
_82740_/D                               0.75    0.88   -0.13 (VIOLATED)
ANTENNA__82740__D/DIODE                 0.75    0.88   -0.13 (VIOLATED)
_81057_/A2                              0.75    0.88   -0.13 (VIOLATED)
_82919_/A2                              0.75    0.88   -0.13 (VIOLATED)
ANTENNA__81057__A2/DIODE                0.75    0.88   -0.13 (VIOLATED)
ANTENNA__82919__A2/DIODE                0.75    0.88   -0.13 (VIOLATED)
_80815_/A3                              0.75    0.88   -0.13 (VIOLATED)
ANTENNA__80815__A3/DIODE                0.75    0.88   -0.13 (VIOLATED)
ANTENNA__81089__A/DIODE                 0.75    0.88   -0.13 (VIOLATED)
_81089_/A                               0.75    0.88   -0.13 (VIOLATED)
ANTENNA__82880__A2/DIODE                0.75    0.88   -0.13 (VIOLATED)
_82880_/A2                              0.75    0.88   -0.13 (VIOLATED)
ANTENNA__82671__A3/DIODE                0.75    0.88   -0.13 (VIOLATED)
_82671_/A3                              0.75    0.88   -0.13 (VIOLATED)
_81117_/A2                              0.75    0.88   -0.13 (VIOLATED)
ANTENNA__81117__A2/DIODE                0.75    0.88   -0.13 (VIOLATED)
_83048_/A1                              0.75    0.88   -0.13 (VIOLATED)
ANTENNA__83048__A1/DIODE                0.75    0.88   -0.13 (VIOLATED)
_81123_/A                               0.75    0.88   -0.13 (VIOLATED)
ANTENNA__81123__A/DIODE                 0.75    0.88   -0.13 (VIOLATED)
_82881_/B2                              0.75    0.88   -0.13 (VIOLATED)
ANTENNA__82881__B2/DIODE                0.75    0.88   -0.13 (VIOLATED)
ANTENNA__82249__A/DIODE                 0.75    0.88   -0.13 (VIOLATED)
_82249_/A                               0.75    0.88   -0.13 (VIOLATED)
_82341_/A3                              0.75    0.88   -0.13 (VIOLATED)
ANTENNA__82341__A3/DIODE                0.75    0.88   -0.13 (VIOLATED)
_81116_/Y                               0.75    0.88   -0.13 (VIOLATED)
_82805_/A1                              0.75    0.88   -0.13 (VIOLATED)
ANTENNA__82805__A1/DIODE                0.75    0.88   -0.13 (VIOLATED)
_82395_/A1                              0.75    0.88   -0.13 (VIOLATED)
ANTENNA__82395__A1/DIODE                0.75    0.88   -0.13 (VIOLATED)
_80805_/X                               0.75    0.87   -0.12 (VIOLATED)
_81742_/B1                              0.75    0.87   -0.12 (VIOLATED)
ANTENNA__81742__B1/DIODE                0.75    0.87   -0.12 (VIOLATED)
_81338_/C                               0.75    0.87   -0.12 (VIOLATED)
ANTENNA__81338__C/DIODE                 0.75    0.87   -0.12 (VIOLATED)
_80665_/A3                              0.75    0.87   -0.12 (VIOLATED)
ANTENNA__80665__A3/DIODE                0.75    0.87   -0.12 (VIOLATED)
_81652_/A3                              0.75    0.87   -0.12 (VIOLATED)
ANTENNA__81652__A3/DIODE                0.75    0.87   -0.12 (VIOLATED)
_80657_/Y                               0.75    0.87   -0.12 (VIOLATED)
ANTENNA__83009__A1/DIODE                0.75    0.86   -0.11 (VIOLATED)
_80900_/B                               0.75    0.86   -0.11 (VIOLATED)
_83009_/A1                              0.75    0.86   -0.11 (VIOLATED)
ANTENNA__80900__B/DIODE                 0.75    0.86   -0.11 (VIOLATED)
_82129_/A2                              0.75    0.86   -0.11 (VIOLATED)
ANTENNA__82129__A2/DIODE                0.75    0.86   -0.11 (VIOLATED)
ANTENNA__81941__A/DIODE                 0.75    0.86   -0.11 (VIOLATED)
_81941_/A                               0.75    0.86   -0.11 (VIOLATED)
_81953_/A                               0.75    0.86   -0.11 (VIOLATED)
ANTENNA__81953__A/DIODE                 0.75    0.86   -0.11 (VIOLATED)
_80899_/Y                               0.75    0.86   -0.11 (VIOLATED)
_82987_/B2                              0.75    0.85   -0.10 (VIOLATED)
ANTENNA__82987__B2/DIODE                0.75    0.85   -0.10 (VIOLATED)
_81510_/A2                              0.75    0.85   -0.10 (VIOLATED)
ANTENNA__81510__A2/DIODE                0.75    0.85   -0.10 (VIOLATED)
_81651_/B2                              0.75    0.85   -0.10 (VIOLATED)
ANTENNA__81651__B2/DIODE                0.75    0.85   -0.10 (VIOLATED)
ANTENNA__82797__B/DIODE                 0.75    0.85   -0.10 (VIOLATED)
_82797_/B                               0.75    0.84   -0.09 (VIOLATED)
_82088_/A2                              0.75    0.84   -0.09 (VIOLATED)
ANTENNA__82088__A2/DIODE                0.75    0.84   -0.09 (VIOLATED)
_81508_/Y                               0.75    0.84   -0.09 (VIOLATED)
_82052_/B1                              0.75    0.84   -0.09 (VIOLATED)
ANTENNA__82052__B1/DIODE                0.75    0.84   -0.09 (VIOLATED)
_80670_/C                               0.75    0.84   -0.09 (VIOLATED)
ANTENNA__80670__C/DIODE                 0.75    0.84   -0.09 (VIOLATED)
_80669_/X                               0.75    0.84   -0.09 (VIOLATED)
ANTENNA__81270__C/DIODE                 0.75    0.82   -0.07 (VIOLATED)
_81270_/C                               0.75    0.82   -0.07 (VIOLATED)
_80929_/A2                              0.75    0.82   -0.07 (VIOLATED)
ANTENNA__80929__A2/DIODE                0.75    0.82   -0.07 (VIOLATED)
ANTENNA__81596__A3/DIODE                0.75    0.82   -0.07 (VIOLATED)
_81596_/A3                              0.75    0.82   -0.07 (VIOLATED)
_80730_/B1                              0.75    0.82   -0.07 (VIOLATED)
ANTENNA__80730__B1/DIODE                0.75    0.82   -0.07 (VIOLATED)
_81068_/C                               0.75    0.82   -0.07 (VIOLATED)
ANTENNA__81068__C/DIODE                 0.75    0.82   -0.07 (VIOLATED)
_82336_/A0                              0.75    0.82   -0.07 (VIOLATED)
ANTENNA__82336__A0/DIODE                0.75    0.82   -0.07 (VIOLATED)
_80729_/Y                               0.75    0.82   -0.07 (VIOLATED)
_81150_/A1                              0.75    0.82   -0.07 (VIOLATED)
ANTENNA__81150__A1/DIODE                0.75    0.82   -0.07 (VIOLATED)
_83007_/B                               0.75    0.82   -0.07 (VIOLATED)
ANTENNA__83007__B/DIODE                 0.75    0.82   -0.07 (VIOLATED)
_82041_/B1                              0.75    0.82   -0.07 (VIOLATED)
ANTENNA__82041__B1/DIODE                0.75    0.82   -0.07 (VIOLATED)
_82903_/B                               0.75    0.82   -0.07 (VIOLATED)
ANTENNA__82903__B/DIODE                 0.75    0.82   -0.07 (VIOLATED)
_81469_/C                               0.75    0.82   -0.07 (VIOLATED)
ANTENNA__81469__C/DIODE                 0.75    0.82   -0.07 (VIOLATED)
ANTENNA__80820__A/DIODE                 0.75    0.82   -0.07 (VIOLATED)
_80820_/A                               0.75    0.82   -0.07 (VIOLATED)
_82812_/B1                              0.75    0.82   -0.07 (VIOLATED)
ANTENNA__82812__B1/DIODE                0.75    0.82   -0.07 (VIOLATED)
_80818_/Y                               0.75    0.82   -0.07 (VIOLATED)
_81376_/B1                              0.75    0.79   -0.04 (VIOLATED)
ANTENNA__81376__B1/DIODE                0.75    0.79   -0.04 (VIOLATED)
_81284_/A1                              0.75    0.79   -0.04 (VIOLATED)
ANTENNA__81284__A1/DIODE                0.75    0.79   -0.04 (VIOLATED)
_80929_/B2                              0.75    0.79   -0.04 (VIOLATED)
ANTENNA__80929__B2/DIODE                0.75    0.79   -0.04 (VIOLATED)
_80928_/Y                               0.75    0.79   -0.04 (VIOLATED)
_82299_/A2                              0.75    0.78   -0.03 (VIOLATED)
ANTENNA__82299__A2/DIODE                0.75    0.78   -0.03 (VIOLATED)
_81526_/B1                              0.75    0.78   -0.03 (VIOLATED)
ANTENNA__81526__B1/DIODE                0.75    0.78   -0.03 (VIOLATED)
max_cap294/A                            0.75    0.78   -0.03 (VIOLATED)
ANTENNA_max_cap294_A/DIODE              0.75    0.78   -0.03 (VIOLATED)
_81464_/B2                              0.75    0.78   -0.03 (VIOLATED)
ANTENNA__82779__A2/DIODE                0.75    0.78   -0.03 (VIOLATED)
ANTENNA__81464__B2/DIODE                0.75    0.78   -0.03 (VIOLATED)
_82779_/A2                              0.75    0.78   -0.03 (VIOLATED)
_80852_/Y                               0.75    0.78   -0.03 (VIOLATED)
ANTENNA__81755__A2/DIODE                0.75    0.76   -0.01 (VIOLATED)
_81755_/A2                              0.75    0.76   -0.01 (VIOLATED)
_81753_/Y                               0.75    0.76   -0.01 (VIOLATED)

max fanout

Pin                                   Limit Fanout  Slack
---------------------------------------------------------
_81831_/X                                10     35    -25 (VIOLATED)
_50525_/X                                10     24    -14 (VIOLATED)
clkbuf_7_101__f_clk/X                    10     22    -12 (VIOLATED)
clkbuf_7_102__f_clk/X                    10     22    -12 (VIOLATED)
clkbuf_7_104__f_clk/X                    10     22    -12 (VIOLATED)
clkbuf_7_16__f_clk/X                     10     22    -12 (VIOLATED)
clkbuf_7_23__f_clk/X                     10     22    -12 (VIOLATED)
clkbuf_7_53__f_clk/X                     10     22    -12 (VIOLATED)
clkbuf_7_62__f_clk/X                     10     22    -12 (VIOLATED)
clkbuf_7_63__f_clk/X                     10     22    -12 (VIOLATED)
_45139_/X                                10     21    -11 (VIOLATED)
_55345_/X                                10     21    -11 (VIOLATED)
_55489_/X                                10     21    -11 (VIOLATED)
_56681_/X                                10     21    -11 (VIOLATED)
_56684_/X                                10     21    -11 (VIOLATED)
_61197_/X                                10     21    -11 (VIOLATED)
_62077_/X                                10     21    -11 (VIOLATED)
_80383_/X                                10     21    -11 (VIOLATED)
_80743_/X                                10     21    -11 (VIOLATED)
_44294_/X                                10     20    -10 (VIOLATED)
_44295_/X                                10     20    -10 (VIOLATED)
_44298_/X                                10     20    -10 (VIOLATED)
_44299_/X                                10     20    -10 (VIOLATED)
_44300_/X                                10     20    -10 (VIOLATED)
_44302_/X                                10     20    -10 (VIOLATED)
_44303_/X                                10     20    -10 (VIOLATED)
_44304_/X                                10     20    -10 (VIOLATED)
_44305_/X                                10     20    -10 (VIOLATED)
_44306_/X                                10     20    -10 (VIOLATED)
_44309_/X                                10     20    -10 (VIOLATED)
_44310_/X                                10     20    -10 (VIOLATED)
_44312_/X                                10     20    -10 (VIOLATED)
_44314_/X                                10     20    -10 (VIOLATED)
_44322_/X                                10     20    -10 (VIOLATED)
_44326_/X                                10     20    -10 (VIOLATED)
_44938_/X                                10     20    -10 (VIOLATED)
_44939_/X                                10     20    -10 (VIOLATED)
_44940_/X                                10     20    -10 (VIOLATED)
_44943_/X                                10     20    -10 (VIOLATED)
_44949_/X                                10     20    -10 (VIOLATED)
_44950_/X                                10     20    -10 (VIOLATED)
_44951_/X                                10     20    -10 (VIOLATED)
_44952_/X                                10     20    -10 (VIOLATED)
_44953_/X                                10     20    -10 (VIOLATED)
_44960_/X                                10     20    -10 (VIOLATED)
_44961_/X                                10     20    -10 (VIOLATED)
_44966_/X                                10     20    -10 (VIOLATED)
_44967_/X                                10     20    -10 (VIOLATED)
_44972_/X                                10     20    -10 (VIOLATED)
_44973_/X                                10     20    -10 (VIOLATED)
_44978_/X                                10     20    -10 (VIOLATED)
_44979_/X                                10     20    -10 (VIOLATED)
_44984_/X                                10     20    -10 (VIOLATED)
_44985_/X                                10     20    -10 (VIOLATED)
_44990_/X                                10     20    -10 (VIOLATED)
_44991_/X                                10     20    -10 (VIOLATED)
_44994_/X                                10     20    -10 (VIOLATED)
_44995_/X                                10     20    -10 (VIOLATED)
_45000_/X                                10     20    -10 (VIOLATED)
_45001_/X                                10     20    -10 (VIOLATED)
_45003_/X                                10     20    -10 (VIOLATED)
_45004_/X                                10     20    -10 (VIOLATED)
_45006_/X                                10     20    -10 (VIOLATED)
_45007_/X                                10     20    -10 (VIOLATED)
_45009_/X                                10     20    -10 (VIOLATED)
_45010_/X                                10     20    -10 (VIOLATED)
_45013_/X                                10     20    -10 (VIOLATED)
_45014_/X                                10     20    -10 (VIOLATED)
_45016_/X                                10     20    -10 (VIOLATED)
_45017_/X                                10     20    -10 (VIOLATED)
_45019_/X                                10     20    -10 (VIOLATED)
_45020_/X                                10     20    -10 (VIOLATED)
_45025_/X                                10     20    -10 (VIOLATED)
_45030_/X                                10     20    -10 (VIOLATED)
_45031_/X                                10     20    -10 (VIOLATED)
_45033_/X                                10     20    -10 (VIOLATED)
_45034_/X                                10     20    -10 (VIOLATED)
_45036_/X                                10     20    -10 (VIOLATED)
_45037_/X                                10     20    -10 (VIOLATED)
_45039_/X                                10     20    -10 (VIOLATED)
_45040_/X                                10     20    -10 (VIOLATED)
_45051_/X                                10     20    -10 (VIOLATED)
_45055_/X                                10     20    -10 (VIOLATED)
_45056_/X                                10     20    -10 (VIOLATED)
_45058_/X                                10     20    -10 (VIOLATED)
_45059_/X                                10     20    -10 (VIOLATED)
_45062_/X                                10     20    -10 (VIOLATED)
_45063_/X                                10     20    -10 (VIOLATED)
_45066_/X                                10     20    -10 (VIOLATED)
_45067_/X                                10     20    -10 (VIOLATED)
_45071_/X                                10     20    -10 (VIOLATED)
_45072_/X                                10     20    -10 (VIOLATED)
_45074_/X                                10     20    -10 (VIOLATED)
_45075_/X                                10     20    -10 (VIOLATED)
_45077_/X                                10     20    -10 (VIOLATED)
_45080_/X                                10     20    -10 (VIOLATED)
_45081_/X                                10     20    -10 (VIOLATED)
_45091_/X                                10     20    -10 (VIOLATED)
_45094_/X                                10     20    -10 (VIOLATED)
_45096_/X                                10     20    -10 (VIOLATED)
_45097_/X                                10     20    -10 (VIOLATED)
_45098_/X                                10     20    -10 (VIOLATED)
_45099_/X                                10     20    -10 (VIOLATED)
_45109_/X                                10     20    -10 (VIOLATED)
_45114_/X                                10     20    -10 (VIOLATED)
_45125_/X                                10     20    -10 (VIOLATED)
_45126_/X                                10     20    -10 (VIOLATED)
_45131_/X                                10     20    -10 (VIOLATED)
_45132_/X                                10     20    -10 (VIOLATED)
_45133_/X                                10     20    -10 (VIOLATED)
_45134_/X                                10     20    -10 (VIOLATED)
_45135_/X                                10     20    -10 (VIOLATED)
_45138_/X                                10     20    -10 (VIOLATED)
_45140_/X                                10     20    -10 (VIOLATED)
_45141_/X                                10     20    -10 (VIOLATED)
_45142_/X                                10     20    -10 (VIOLATED)
_45143_/X                                10     20    -10 (VIOLATED)
_45144_/X                                10     20    -10 (VIOLATED)
_45147_/X                                10     20    -10 (VIOLATED)
_45148_/X                                10     20    -10 (VIOLATED)
_45149_/X                                10     20    -10 (VIOLATED)
_45170_/X                                10     20    -10 (VIOLATED)
_45171_/X                                10     20    -10 (VIOLATED)
_45172_/X                                10     20    -10 (VIOLATED)
_45173_/X                                10     20    -10 (VIOLATED)
_45174_/X                                10     20    -10 (VIOLATED)
_45175_/X                                10     20    -10 (VIOLATED)
_45180_/X                                10     20    -10 (VIOLATED)
_45194_/X                                10     20    -10 (VIOLATED)
_45210_/X                                10     20    -10 (VIOLATED)
_45211_/X                                10     20    -10 (VIOLATED)
_45217_/X                                10     20    -10 (VIOLATED)
_45234_/X                                10     20    -10 (VIOLATED)
_45259_/X                                10     20    -10 (VIOLATED)
_45278_/X                                10     20    -10 (VIOLATED)
_45300_/X                                10     20    -10 (VIOLATED)
_45414_/X                                10     20    -10 (VIOLATED)
_45419_/X                                10     20    -10 (VIOLATED)
_45421_/X                                10     20    -10 (VIOLATED)
_45546_/X                                10     20    -10 (VIOLATED)
_45686_/X                                10     20    -10 (VIOLATED)
_45687_/X                                10     20    -10 (VIOLATED)
_45701_/X                                10     20    -10 (VIOLATED)
_45703_/X                                10     20    -10 (VIOLATED)
_45704_/X                                10     20    -10 (VIOLATED)
_45705_/X                                10     20    -10 (VIOLATED)
_45706_/X                                10     20    -10 (VIOLATED)
_45707_/X                                10     20    -10 (VIOLATED)
_45708_/X                                10     20    -10 (VIOLATED)
_45709_/X                                10     20    -10 (VIOLATED)
_45710_/X                                10     20    -10 (VIOLATED)
_45711_/X                                10     20    -10 (VIOLATED)
_45712_/X                                10     20    -10 (VIOLATED)
_45714_/X                                10     20    -10 (VIOLATED)
_45715_/X                                10     20    -10 (VIOLATED)
_45716_/X                                10     20    -10 (VIOLATED)
_45717_/X                                10     20    -10 (VIOLATED)
_45718_/X                                10     20    -10 (VIOLATED)
_45738_/X                                10     20    -10 (VIOLATED)
_45759_/X                                10     20    -10 (VIOLATED)
_45822_/X                                10     20    -10 (VIOLATED)
_45843_/X                                10     20    -10 (VIOLATED)
_45872_/X                                10     20    -10 (VIOLATED)
_45873_/X                                10     20    -10 (VIOLATED)
_45874_/X                                10     20    -10 (VIOLATED)
_45875_/X                                10     20    -10 (VIOLATED)
_45876_/X                                10     20    -10 (VIOLATED)
_45877_/X                                10     20    -10 (VIOLATED)
_45878_/X                                10     20    -10 (VIOLATED)
_45879_/X                                10     20    -10 (VIOLATED)
_45880_/X                                10     20    -10 (VIOLATED)
_45881_/X                                10     20    -10 (VIOLATED)
_45882_/X                                10     20    -10 (VIOLATED)
_45883_/X                                10     20    -10 (VIOLATED)
_45884_/X                                10     20    -10 (VIOLATED)
_45887_/X                                10     20    -10 (VIOLATED)
_45888_/X                                10     20    -10 (VIOLATED)
_45889_/X                                10     20    -10 (VIOLATED)
_45890_/X                                10     20    -10 (VIOLATED)
_45891_/X                                10     20    -10 (VIOLATED)
_45892_/X                                10     20    -10 (VIOLATED)
_45893_/X                                10     20    -10 (VIOLATED)
_45894_/X                                10     20    -10 (VIOLATED)
_45895_/X                                10     20    -10 (VIOLATED)
_45896_/X                                10     20    -10 (VIOLATED)
_45901_/X                                10     20    -10 (VIOLATED)
_45953_/X                                10     20    -10 (VIOLATED)
_45954_/X                                10     20    -10 (VIOLATED)
_45955_/X                                10     20    -10 (VIOLATED)
_45957_/X                                10     20    -10 (VIOLATED)
_45959_/X                                10     20    -10 (VIOLATED)
_45963_/X                                10     20    -10 (VIOLATED)
_45964_/X                                10     20    -10 (VIOLATED)
_45965_/X                                10     20    -10 (VIOLATED)
_45967_/X                                10     20    -10 (VIOLATED)
_45968_/X                                10     20    -10 (VIOLATED)
_45969_/X                                10     20    -10 (VIOLATED)
_45970_/X                                10     20    -10 (VIOLATED)
_45971_/X                                10     20    -10 (VIOLATED)
_45972_/X                                10     20    -10 (VIOLATED)
_45973_/X                                10     20    -10 (VIOLATED)
_45974_/X                                10     20    -10 (VIOLATED)
_45987_/X                                10     20    -10 (VIOLATED)
_45988_/X                                10     20    -10 (VIOLATED)
_46058_/X                                10     20    -10 (VIOLATED)
_46128_/X                                10     20    -10 (VIOLATED)
_46175_/X                                10     20    -10 (VIOLATED)
_46181_/X                                10     20    -10 (VIOLATED)
_46182_/X                                10     20    -10 (VIOLATED)
_46183_/X                                10     20    -10 (VIOLATED)
_46184_/X                                10     20    -10 (VIOLATED)
_46185_/X                                10     20    -10 (VIOLATED)
_46198_/X                                10     20    -10 (VIOLATED)
_46245_/X                                10     20    -10 (VIOLATED)
_46253_/X                                10     20    -10 (VIOLATED)
_46254_/X                                10     20    -10 (VIOLATED)
_46255_/X                                10     20    -10 (VIOLATED)
_46268_/X                                10     20    -10 (VIOLATED)
_46315_/X                                10     20    -10 (VIOLATED)
_46385_/X                                10     20    -10 (VIOLATED)
_46393_/X                                10     20    -10 (VIOLATED)
_46394_/X                                10     20    -10 (VIOLATED)
_46395_/X                                10     20    -10 (VIOLATED)
_46455_/X                                10     20    -10 (VIOLATED)
_46478_/X                                10     20    -10 (VIOLATED)
_46525_/X                                10     20    -10 (VIOLATED)
_46595_/X                                10     20    -10 (VIOLATED)
_46596_/X                                10     20    -10 (VIOLATED)
_46597_/X                                10     20    -10 (VIOLATED)
_46598_/X                                10     20    -10 (VIOLATED)
_46618_/X                                10     20    -10 (VIOLATED)
_46665_/X                                10     20    -10 (VIOLATED)
_46666_/X                                10     20    -10 (VIOLATED)
_46667_/X                                10     20    -10 (VIOLATED)
_46668_/X                                10     20    -10 (VIOLATED)
_46673_/X                                10     20    -10 (VIOLATED)
_46674_/X                                10     20    -10 (VIOLATED)
_46688_/X                                10     20    -10 (VIOLATED)
_46735_/X                                10     20    -10 (VIOLATED)
_46804_/X                                10     20    -10 (VIOLATED)
_46805_/X                                10     20    -10 (VIOLATED)
_46833_/X                                10     20    -10 (VIOLATED)
_46837_/X                                10     20    -10 (VIOLATED)
_46838_/X                                10     20    -10 (VIOLATED)
_46839_/X                                10     20    -10 (VIOLATED)
_46840_/X                                10     20    -10 (VIOLATED)
_46841_/X                                10     20    -10 (VIOLATED)
_46842_/X                                10     20    -10 (VIOLATED)
_46843_/X                                10     20    -10 (VIOLATED)
_46844_/X                                10     20    -10 (VIOLATED)
_46845_/X                                10     20    -10 (VIOLATED)
_46846_/X                                10     20    -10 (VIOLATED)
_46847_/X                                10     20    -10 (VIOLATED)
_46848_/X                                10     20    -10 (VIOLATED)
_46849_/X                                10     20    -10 (VIOLATED)
_46850_/X                                10     20    -10 (VIOLATED)
_46851_/X                                10     20    -10 (VIOLATED)
_46874_/X                                10     20    -10 (VIOLATED)
_46875_/X                                10     20    -10 (VIOLATED)
_46877_/X                                10     20    -10 (VIOLATED)
_46884_/X                                10     20    -10 (VIOLATED)
_46887_/X                                10     20    -10 (VIOLATED)
_46890_/X                                10     20    -10 (VIOLATED)
_46893_/X                                10     20    -10 (VIOLATED)
_46896_/X                                10     20    -10 (VIOLATED)
_46897_/X                                10     20    -10 (VIOLATED)
_46898_/X                                10     20    -10 (VIOLATED)
_46901_/X                                10     20    -10 (VIOLATED)
_46904_/X                                10     20    -10 (VIOLATED)
_46907_/X                                10     20    -10 (VIOLATED)
_46910_/X                                10     20    -10 (VIOLATED)
_46913_/X                                10     20    -10 (VIOLATED)
_46916_/X                                10     20    -10 (VIOLATED)
_46919_/X                                10     20    -10 (VIOLATED)
_46922_/X                                10     20    -10 (VIOLATED)
_46925_/X                                10     20    -10 (VIOLATED)
_46928_/X                                10     20    -10 (VIOLATED)
_46929_/X                                10     20    -10 (VIOLATED)
_46932_/X                                10     20    -10 (VIOLATED)
_46937_/X                                10     20    -10 (VIOLATED)
_46938_/X                                10     20    -10 (VIOLATED)
_46939_/X                                10     20    -10 (VIOLATED)
_46941_/X                                10     20    -10 (VIOLATED)
_46943_/X                                10     20    -10 (VIOLATED)
_46946_/X                                10     20    -10 (VIOLATED)
_46949_/X                                10     20    -10 (VIOLATED)
_46952_/X                                10     20    -10 (VIOLATED)
_46955_/X                                10     20    -10 (VIOLATED)
_46958_/X                                10     20    -10 (VIOLATED)
_46961_/X                                10     20    -10 (VIOLATED)
_46964_/X                                10     20    -10 (VIOLATED)
_46967_/X                                10     20    -10 (VIOLATED)
_46970_/X                                10     20    -10 (VIOLATED)
_46971_/X                                10     20    -10 (VIOLATED)
_46974_/X                                10     20    -10 (VIOLATED)
_46977_/X                                10     20    -10 (VIOLATED)
_46980_/X                                10     20    -10 (VIOLATED)
_46983_/X                                10     20    -10 (VIOLATED)
_46986_/X                                10     20    -10 (VIOLATED)
_46989_/X                                10     20    -10 (VIOLATED)
_46992_/X                                10     20    -10 (VIOLATED)
_46995_/X                                10     20    -10 (VIOLATED)
_46998_/X                                10     20    -10 (VIOLATED)
_47001_/X                                10     20    -10 (VIOLATED)
_47004_/X                                10     20    -10 (VIOLATED)
_47007_/X                                10     20    -10 (VIOLATED)
_47010_/X                                10     20    -10 (VIOLATED)
_47013_/X                                10     20    -10 (VIOLATED)
_47016_/X                                10     20    -10 (VIOLATED)
_47019_/X                                10     20    -10 (VIOLATED)
_47020_/X                                10     20    -10 (VIOLATED)
_47023_/X                                10     20    -10 (VIOLATED)
_47026_/X                                10     20    -10 (VIOLATED)
_47029_/X                                10     20    -10 (VIOLATED)
_47032_/X                                10     20    -10 (VIOLATED)
_47035_/X                                10     20    -10 (VIOLATED)
_47038_/X                                10     20    -10 (VIOLATED)
_47041_/X                                10     20    -10 (VIOLATED)
_47044_/X                                10     20    -10 (VIOLATED)
_47047_/X                                10     20    -10 (VIOLATED)
_47050_/X                                10     20    -10 (VIOLATED)
_47053_/X                                10     20    -10 (VIOLATED)
_47054_/X                                10     20    -10 (VIOLATED)
_47057_/X                                10     20    -10 (VIOLATED)
_47060_/X                                10     20    -10 (VIOLATED)
_47063_/X                                10     20    -10 (VIOLATED)
_47066_/X                                10     20    -10 (VIOLATED)
_47067_/X                                10     20    -10 (VIOLATED)
_47068_/X                                10     20    -10 (VIOLATED)
_47070_/X                                10     20    -10 (VIOLATED)
_47072_/X                                10     20    -10 (VIOLATED)
_47075_/X                                10     20    -10 (VIOLATED)
_47078_/X                                10     20    -10 (VIOLATED)
_47081_/X                                10     20    -10 (VIOLATED)
_47084_/X                                10     20    -10 (VIOLATED)
_47087_/X                                10     20    -10 (VIOLATED)
_47090_/X                                10     20    -10 (VIOLATED)
_47093_/X                                10     20    -10 (VIOLATED)
_47096_/X                                10     20    -10 (VIOLATED)
_47099_/X                                10     20    -10 (VIOLATED)
_47102_/X                                10     20    -10 (VIOLATED)
_47105_/X                                10     20    -10 (VIOLATED)
_47106_/X                                10     20    -10 (VIOLATED)
_47109_/X                                10     20    -10 (VIOLATED)
_47112_/X                                10     20    -10 (VIOLATED)
_47115_/X                                10     20    -10 (VIOLATED)
_47118_/X                                10     20    -10 (VIOLATED)
_47121_/X                                10     20    -10 (VIOLATED)
_47124_/X                                10     20    -10 (VIOLATED)
_47127_/X                                10     20    -10 (VIOLATED)
_47130_/X                                10     20    -10 (VIOLATED)
_47131_/X                                10     20    -10 (VIOLATED)
_47134_/X                                10     20    -10 (VIOLATED)
_47136_/X                                10     20    -10 (VIOLATED)
_47139_/X                                10     20    -10 (VIOLATED)
_47142_/X                                10     20    -10 (VIOLATED)
_47145_/X                                10     20    -10 (VIOLATED)
_47148_/X                                10     20    -10 (VIOLATED)
_47151_/X                                10     20    -10 (VIOLATED)
_47154_/X                                10     20    -10 (VIOLATED)
_47157_/X                                10     20    -10 (VIOLATED)
_47160_/X                                10     20    -10 (VIOLATED)
_47163_/X                                10     20    -10 (VIOLATED)
_47166_/X                                10     20    -10 (VIOLATED)
_47169_/X                                10     20    -10 (VIOLATED)
_47170_/X                                10     20    -10 (VIOLATED)
_47173_/X                                10     20    -10 (VIOLATED)
_47176_/X                                10     20    -10 (VIOLATED)
_47179_/X                                10     20    -10 (VIOLATED)
_47182_/X                                10     20    -10 (VIOLATED)
_47188_/X                                10     20    -10 (VIOLATED)
_47197_/X                                10     20    -10 (VIOLATED)
_47200_/X                                10     20    -10 (VIOLATED)
_47203_/X                                10     20    -10 (VIOLATED)
_47206_/X                                10     20    -10 (VIOLATED)
_47209_/X                                10     20    -10 (VIOLATED)
_47212_/X                                10     20    -10 (VIOLATED)
_47215_/X                                10     20    -10 (VIOLATED)
_47219_/X                                10     20    -10 (VIOLATED)
_47222_/X                                10     20    -10 (VIOLATED)
_47226_/X                                10     20    -10 (VIOLATED)
_47231_/X                                10     20    -10 (VIOLATED)
_47234_/X                                10     20    -10 (VIOLATED)
_47237_/X                                10     20    -10 (VIOLATED)
_47240_/X                                10     20    -10 (VIOLATED)
_47243_/X                                10     20    -10 (VIOLATED)
_47246_/X                                10     20    -10 (VIOLATED)
_47249_/X                                10     20    -10 (VIOLATED)
_47252_/X                                10     20    -10 (VIOLATED)
_47255_/X                                10     20    -10 (VIOLATED)
_47258_/X                                10     20    -10 (VIOLATED)
_47261_/X                                10     20    -10 (VIOLATED)
_47264_/X                                10     20    -10 (VIOLATED)
_47267_/X                                10     20    -10 (VIOLATED)
_47270_/X                                10     20    -10 (VIOLATED)
_47273_/X                                10     20    -10 (VIOLATED)
_47276_/X                                10     20    -10 (VIOLATED)
_47279_/X                                10     20    -10 (VIOLATED)
_47282_/X                                10     20    -10 (VIOLATED)
_47285_/X                                10     20    -10 (VIOLATED)
_47288_/X                                10     20    -10 (VIOLATED)
_47294_/X                                10     20    -10 (VIOLATED)
_47303_/X                                10     20    -10 (VIOLATED)
_47304_/X                                10     20    -10 (VIOLATED)
_47325_/X                                10     20    -10 (VIOLATED)
_47330_/X                                10     20    -10 (VIOLATED)
_47331_/X                                10     20    -10 (VIOLATED)
_47333_/X                                10     20    -10 (VIOLATED)
_47334_/X                                10     20    -10 (VIOLATED)
_47354_/X                                10     20    -10 (VIOLATED)
_47387_/X                                10     20    -10 (VIOLATED)
_47410_/X                                10     20    -10 (VIOLATED)
_47446_/X                                10     20    -10 (VIOLATED)
_47463_/X                                10     20    -10 (VIOLATED)
_47466_/X                                10     20    -10 (VIOLATED)
_47490_/X                                10     20    -10 (VIOLATED)
_47521_/X                                10     20    -10 (VIOLATED)
_47528_/X                                10     20    -10 (VIOLATED)
_47531_/X                                10     20    -10 (VIOLATED)
_47570_/X                                10     20    -10 (VIOLATED)
_47576_/X                                10     20    -10 (VIOLATED)
_47585_/X                                10     20    -10 (VIOLATED)
_47586_/X                                10     20    -10 (VIOLATED)
_47607_/X                                10     20    -10 (VIOLATED)
_47612_/X                                10     20    -10 (VIOLATED)
_47613_/X                                10     20    -10 (VIOLATED)
_47634_/X                                10     20    -10 (VIOLATED)
_47667_/X                                10     20    -10 (VIOLATED)
_47681_/X                                10     20    -10 (VIOLATED)
_47691_/X                                10     20    -10 (VIOLATED)
_47726_/X                                10     20    -10 (VIOLATED)
_47740_/X                                10     20    -10 (VIOLATED)
_47741_/X                                10     20    -10 (VIOLATED)
_47742_/X                                10     20    -10 (VIOLATED)
_47746_/X                                10     20    -10 (VIOLATED)
_47747_/X                                10     20    -10 (VIOLATED)
_47772_/X                                10     20    -10 (VIOLATED)
_47794_/X                                10     20    -10 (VIOLATED)
_47804_/X                                10     20    -10 (VIOLATED)
_47811_/X                                10     20    -10 (VIOLATED)
_47812_/X                                10     20    -10 (VIOLATED)
_47848_/X                                10     20    -10 (VIOLATED)
_47859_/X                                10     20    -10 (VIOLATED)
_47868_/X                                10     20    -10 (VIOLATED)
_47869_/X                                10     20    -10 (VIOLATED)
_47890_/X                                10     20    -10 (VIOLATED)
_47895_/X                                10     20    -10 (VIOLATED)
_47896_/X                                10     20    -10 (VIOLATED)
_47917_/X                                10     20    -10 (VIOLATED)
_47947_/X                                10     20    -10 (VIOLATED)
_47951_/X                                10     20    -10 (VIOLATED)
_47974_/X                                10     20    -10 (VIOLATED)
_48009_/X                                10     20    -10 (VIOLATED)
_48019_/X                                10     20    -10 (VIOLATED)
_48027_/X                                10     20    -10 (VIOLATED)
_48028_/X                                10     20    -10 (VIOLATED)
_48053_/X                                10     20    -10 (VIOLATED)
_48061_/X                                10     20    -10 (VIOLATED)
_48085_/X                                10     20    -10 (VIOLATED)
_48092_/X                                10     20    -10 (VIOLATED)
_48125_/X                                10     20    -10 (VIOLATED)
_48139_/X                                10     20    -10 (VIOLATED)
_48148_/X                                10     20    -10 (VIOLATED)
_48149_/X                                10     20    -10 (VIOLATED)
_48170_/X                                10     20    -10 (VIOLATED)
_48175_/X                                10     20    -10 (VIOLATED)
_48176_/X                                10     20    -10 (VIOLATED)
_48197_/X                                10     20    -10 (VIOLATED)
_48221_/X                                10     20    -10 (VIOLATED)
_48231_/X                                10     20    -10 (VIOLATED)
_48254_/X                                10     20    -10 (VIOLATED)
_48263_/X                                10     20    -10 (VIOLATED)
_48264_/X                                10     20    -10 (VIOLATED)
_48288_/X                                10     20    -10 (VIOLATED)
_48290_/X                                10     20    -10 (VIOLATED)
_48307_/X                                10     20    -10 (VIOLATED)
_48308_/X                                10     20    -10 (VIOLATED)
_48324_/X                                10     20    -10 (VIOLATED)
_48334_/X                                10     20    -10 (VIOLATED)
_48365_/X                                10     20    -10 (VIOLATED)
_48372_/X                                10     20    -10 (VIOLATED)
_48401_/X                                10     20    -10 (VIOLATED)
_48402_/X                                10     20    -10 (VIOLATED)
_48420_/X                                10     20    -10 (VIOLATED)
_48435_/X                                10     20    -10 (VIOLATED)
_48454_/X                                10     20    -10 (VIOLATED)
_48456_/X                                10     20    -10 (VIOLATED)
_48463_/X                                10     20    -10 (VIOLATED)
_48502_/X                                10     20    -10 (VIOLATED)
_48503_/X                                10     20    -10 (VIOLATED)
_48525_/X                                10     20    -10 (VIOLATED)
_48526_/X                                10     20    -10 (VIOLATED)
_48532_/X                                10     20    -10 (VIOLATED)
_48548_/X                                10     20    -10 (VIOLATED)
_48549_/X                                10     20    -10 (VIOLATED)
_48555_/X                                10     20    -10 (VIOLATED)
_48578_/X                                10     20    -10 (VIOLATED)
_48594_/X                                10     20    -10 (VIOLATED)
_48595_/X                                10     20    -10 (VIOLATED)
_48601_/X                                10     20    -10 (VIOLATED)
_48617_/X                                10     20    -10 (VIOLATED)
_48618_/X                                10     20    -10 (VIOLATED)
_48624_/X                                10     20    -10 (VIOLATED)
_48640_/X                                10     20    -10 (VIOLATED)
_48641_/X                                10     20    -10 (VIOLATED)
_48647_/X                                10     20    -10 (VIOLATED)
_48670_/X                                10     20    -10 (VIOLATED)
_48687_/X                                10     20    -10 (VIOLATED)
_48688_/X                                10     20    -10 (VIOLATED)
_48694_/X                                10     20    -10 (VIOLATED)
_48716_/X                                10     20    -10 (VIOLATED)
_48725_/X                                10     20    -10 (VIOLATED)
_48726_/X                                10     20    -10 (VIOLATED)
_48747_/X                                10     20    -10 (VIOLATED)
_48752_/X                                10     20    -10 (VIOLATED)
_48753_/X                                10     20    -10 (VIOLATED)
_48755_/X                                10     20    -10 (VIOLATED)
_48775_/X                                10     20    -10 (VIOLATED)
_48808_/X                                10     20    -10 (VIOLATED)
_48831_/X                                10     20    -10 (VIOLATED)
_48867_/X                                10     20    -10 (VIOLATED)
_48884_/X                                10     20    -10 (VIOLATED)
_48885_/X                                10     20    -10 (VIOLATED)
_48887_/X                                10     20    -10 (VIOLATED)
_48911_/X                                10     20    -10 (VIOLATED)
_48991_/X                                10     20    -10 (VIOLATED)
_48997_/X                                10     20    -10 (VIOLATED)
_49012_/X                                10     20    -10 (VIOLATED)
_49031_/X                                10     20    -10 (VIOLATED)
_49033_/X                                10     20    -10 (VIOLATED)
_49075_/X                                10     20    -10 (VIOLATED)
_49079_/X                                10     20    -10 (VIOLATED)
_49098_/X                                10     20    -10 (VIOLATED)
_49103_/X                                10     20    -10 (VIOLATED)
_49121_/X                                10     20    -10 (VIOLATED)
_49125_/X                                10     20    -10 (VIOLATED)
_49126_/X                                10     20    -10 (VIOLATED)
_49144_/X                                10     20    -10 (VIOLATED)
_49167_/X                                10     20    -10 (VIOLATED)
_49171_/X                                10     20    -10 (VIOLATED)
_49172_/X                                10     20    -10 (VIOLATED)
_49190_/X                                10     20    -10 (VIOLATED)
_49194_/X                                10     20    -10 (VIOLATED)
_49195_/X                                10     20    -10 (VIOLATED)
_49213_/X                                10     20    -10 (VIOLATED)
_49217_/X                                10     20    -10 (VIOLATED)
_49218_/X                                10     20    -10 (VIOLATED)
_49236_/X                                10     20    -10 (VIOLATED)
_49259_/X                                10     20    -10 (VIOLATED)
_49263_/X                                10     20    -10 (VIOLATED)
_49264_/X                                10     20    -10 (VIOLATED)
_49289_/X                                10     20    -10 (VIOLATED)
_49292_/X                                10     20    -10 (VIOLATED)
_49297_/X                                10     20    -10 (VIOLATED)
_49300_/X                                10     20    -10 (VIOLATED)
_49303_/X                                10     20    -10 (VIOLATED)
_49306_/X                                10     20    -10 (VIOLATED)
_49309_/X                                10     20    -10 (VIOLATED)
_49312_/X                                10     20    -10 (VIOLATED)
_49315_/X                                10     20    -10 (VIOLATED)
_49319_/X                                10     20    -10 (VIOLATED)
_49328_/X                                10     20    -10 (VIOLATED)
_49329_/X                                10     20    -10 (VIOLATED)
_49340_/X                                10     20    -10 (VIOLATED)
_49341_/X                                10     20    -10 (VIOLATED)
_49356_/X                                10     20    -10 (VIOLATED)
_49379_/X                                10     20    -10 (VIOLATED)
_49405_/X                                10     20    -10 (VIOLATED)
_49417_/X                                10     20    -10 (VIOLATED)
_49418_/X                                10     20    -10 (VIOLATED)
_49432_/X                                10     20    -10 (VIOLATED)
_49450_/X                                10     20    -10 (VIOLATED)
_49451_/X                                10     20    -10 (VIOLATED)
_49467_/X                                10     20    -10 (VIOLATED)
_49493_/X                                10     20    -10 (VIOLATED)
_49555_/X                                10     20    -10 (VIOLATED)
_49564_/X                                10     20    -10 (VIOLATED)
_49565_/X                                10     20    -10 (VIOLATED)
_49574_/X                                10     20    -10 (VIOLATED)
_49575_/X                                10     20    -10 (VIOLATED)
_49576_/X                                10     20    -10 (VIOLATED)
_49591_/X                                10     20    -10 (VIOLATED)
_49614_/X                                10     20    -10 (VIOLATED)
_49640_/X                                10     20    -10 (VIOLATED)
_49667_/X                                10     20    -10 (VIOLATED)
_49685_/X                                10     20    -10 (VIOLATED)
_49686_/X                                10     20    -10 (VIOLATED)
_49702_/X                                10     20    -10 (VIOLATED)
_49728_/X                                10     20    -10 (VIOLATED)
_49739_/X                                10     20    -10 (VIOLATED)
_49740_/X                                10     20    -10 (VIOLATED)
_49769_/X                                10     20    -10 (VIOLATED)
_49790_/X                                10     20    -10 (VIOLATED)
_49792_/X                                10     20    -10 (VIOLATED)
_49795_/X                                10     20    -10 (VIOLATED)
_49798_/X                                10     20    -10 (VIOLATED)
_49801_/X                                10     20    -10 (VIOLATED)
_49804_/X                                10     20    -10 (VIOLATED)
_49805_/X                                10     20    -10 (VIOLATED)
_49806_/X                                10     20    -10 (VIOLATED)
_49809_/X                                10     20    -10 (VIOLATED)
_49812_/X                                10     20    -10 (VIOLATED)
_49815_/X                                10     20    -10 (VIOLATED)
_49818_/X                                10     20    -10 (VIOLATED)
_49833_/X                                10     20    -10 (VIOLATED)
_49856_/X                                10     20    -10 (VIOLATED)
_49877_/X                                10     20    -10 (VIOLATED)
_49883_/X                                10     20    -10 (VIOLATED)
_49909_/X                                10     20    -10 (VIOLATED)
_49925_/X                                10     20    -10 (VIOLATED)
_49926_/X                                10     20    -10 (VIOLATED)
_49927_/X                                10     20    -10 (VIOLATED)
_49930_/X                                10     20    -10 (VIOLATED)
_49946_/X                                10     20    -10 (VIOLATED)
_49968_/X                                10     20    -10 (VIOLATED)
_49973_/X                                10     20    -10 (VIOLATED)
_49984_/X                                10     20    -10 (VIOLATED)
_50011_/X                                10     20    -10 (VIOLATED)
_50035_/X                                10     20    -10 (VIOLATED)
_50044_/X                                10     20    -10 (VIOLATED)
_50045_/X                                10     20    -10 (VIOLATED)
_50054_/X                                10     20    -10 (VIOLATED)
_50069_/X                                10     20    -10 (VIOLATED)
_50092_/X                                10     20    -10 (VIOLATED)
_50099_/X                                10     20    -10 (VIOLATED)
_50119_/X                                10     20    -10 (VIOLATED)
_50131_/X                                10     20    -10 (VIOLATED)
_50145_/X                                10     20    -10 (VIOLATED)
_50159_/X                                10     20    -10 (VIOLATED)
_50180_/X                                10     20    -10 (VIOLATED)
_50190_/X                                10     20    -10 (VIOLATED)
_50207_/X                                10     20    -10 (VIOLATED)
_50218_/X                                10     20    -10 (VIOLATED)
_50243_/X                                10     20    -10 (VIOLATED)
_50269_/X                                10     20    -10 (VIOLATED)
_50278_/X                                10     20    -10 (VIOLATED)
_50279_/X                                10     20    -10 (VIOLATED)
_50288_/X                                10     20    -10 (VIOLATED)
_50290_/X                                10     20    -10 (VIOLATED)
_50293_/X                                10     20    -10 (VIOLATED)
_50296_/X                                10     20    -10 (VIOLATED)
_50300_/X                                10     20    -10 (VIOLATED)
_50303_/X                                10     20    -10 (VIOLATED)
_50306_/X                                10     20    -10 (VIOLATED)
_50309_/X                                10     20    -10 (VIOLATED)
_50310_/X                                10     20    -10 (VIOLATED)
_50313_/X                                10     20    -10 (VIOLATED)
_50316_/X                                10     20    -10 (VIOLATED)
_50319_/X                                10     20    -10 (VIOLATED)
_50323_/X                                10     20    -10 (VIOLATED)
_50327_/X                                10     20    -10 (VIOLATED)
_50330_/X                                10     20    -10 (VIOLATED)
_50333_/X                                10     20    -10 (VIOLATED)
_50336_/X                                10     20    -10 (VIOLATED)
_50339_/X                                10     20    -10 (VIOLATED)
_50342_/X                                10     20    -10 (VIOLATED)
_50343_/X                                10     20    -10 (VIOLATED)
_50346_/X                                10     20    -10 (VIOLATED)
_50349_/X                                10     20    -10 (VIOLATED)
_50354_/X                                10     20    -10 (VIOLATED)
_50357_/X                                10     20    -10 (VIOLATED)
_50360_/X                                10     20    -10 (VIOLATED)
_50363_/X                                10     20    -10 (VIOLATED)
_50366_/X                                10     20    -10 (VIOLATED)
_50369_/X                                10     20    -10 (VIOLATED)
_50373_/X                                10     20    -10 (VIOLATED)
_50376_/X                                10     20    -10 (VIOLATED)
_50379_/X                                10     20    -10 (VIOLATED)
_50380_/X                                10     20    -10 (VIOLATED)
_50383_/X                                10     20    -10 (VIOLATED)
_50386_/X                                10     20    -10 (VIOLATED)
_50390_/X                                10     20    -10 (VIOLATED)
_50393_/X                                10     20    -10 (VIOLATED)
_50396_/X                                10     20    -10 (VIOLATED)
_50398_/X                                10     20    -10 (VIOLATED)
_50401_/X                                10     20    -10 (VIOLATED)
_50405_/X                                10     20    -10 (VIOLATED)
_50408_/X                                10     20    -10 (VIOLATED)
_50412_/X                                10     20    -10 (VIOLATED)
_50415_/X                                10     20    -10 (VIOLATED)
_50416_/X                                10     20    -10 (VIOLATED)
_50419_/X                                10     20    -10 (VIOLATED)
_50423_/X                                10     20    -10 (VIOLATED)
_50425_/X                                10     20    -10 (VIOLATED)
_50428_/X                                10     20    -10 (VIOLATED)
_50431_/X                                10     20    -10 (VIOLATED)
_50439_/X                                10     20    -10 (VIOLATED)
_50443_/X                                10     20    -10 (VIOLATED)
_50446_/X                                10     20    -10 (VIOLATED)
_50449_/X                                10     20    -10 (VIOLATED)
_50453_/X                                10     20    -10 (VIOLATED)
_50455_/X                                10     20    -10 (VIOLATED)
_50458_/X                                10     20    -10 (VIOLATED)
_50461_/X                                10     20    -10 (VIOLATED)
_50462_/X                                10     20    -10 (VIOLATED)
_50465_/X                                10     20    -10 (VIOLATED)
_50468_/X                                10     20    -10 (VIOLATED)
_50471_/X                                10     20    -10 (VIOLATED)
_50477_/X                                10     20    -10 (VIOLATED)
_50480_/X                                10     20    -10 (VIOLATED)
_50483_/X                                10     20    -10 (VIOLATED)
_50486_/X                                10     20    -10 (VIOLATED)
_50489_/X                                10     20    -10 (VIOLATED)
_50494_/X                                10     20    -10 (VIOLATED)
_50497_/X                                10     20    -10 (VIOLATED)
_50498_/X                                10     20    -10 (VIOLATED)
_50501_/X                                10     20    -10 (VIOLATED)
_50504_/X                                10     20    -10 (VIOLATED)
_50507_/X                                10     20    -10 (VIOLATED)
_50510_/X                                10     20    -10 (VIOLATED)
_50513_/X                                10     20    -10 (VIOLATED)
_50516_/X                                10     20    -10 (VIOLATED)
_50519_/X                                10     20    -10 (VIOLATED)
_50522_/X                                10     20    -10 (VIOLATED)
_50528_/X                                10     20    -10 (VIOLATED)
_50531_/X                                10     20    -10 (VIOLATED)
_50536_/X                                10     20    -10 (VIOLATED)
_50539_/X                                10     20    -10 (VIOLATED)
_50542_/X                                10     20    -10 (VIOLATED)
_50545_/X                                10     20    -10 (VIOLATED)
_50546_/X                                10     20    -10 (VIOLATED)
_50556_/X                                10     20    -10 (VIOLATED)
_50571_/X                                10     20    -10 (VIOLATED)
_50590_/X                                10     20    -10 (VIOLATED)
_50615_/X                                10     20    -10 (VIOLATED)
_50618_/X                                10     20    -10 (VIOLATED)
_50627_/X                                10     20    -10 (VIOLATED)
_50630_/X                                10     20    -10 (VIOLATED)
_50639_/X                                10     20    -10 (VIOLATED)
_50642_/X                                10     20    -10 (VIOLATED)
_50654_/X                                10     20    -10 (VIOLATED)
_50666_/X                                10     20    -10 (VIOLATED)
_50675_/X                                10     20    -10 (VIOLATED)
_50678_/X                                10     20    -10 (VIOLATED)
_50687_/X                                10     20    -10 (VIOLATED)
_50690_/X                                10     20    -10 (VIOLATED)
_50702_/X                                10     20    -10 (VIOLATED)
_50712_/X                                10     20    -10 (VIOLATED)
_50715_/X                                10     20    -10 (VIOLATED)
_50745_/X                                10     20    -10 (VIOLATED)
_50754_/X                                10     20    -10 (VIOLATED)
_50755_/X                                10     20    -10 (VIOLATED)
_50764_/X                                10     20    -10 (VIOLATED)
_50765_/X                                10     20    -10 (VIOLATED)
_50780_/X                                10     20    -10 (VIOLATED)
_50803_/X                                10     20    -10 (VIOLATED)
_50829_/X                                10     20    -10 (VIOLATED)
_50856_/X                                10     20    -10 (VIOLATED)
_50874_/X                                10     20    -10 (VIOLATED)
_50875_/X                                10     20    -10 (VIOLATED)
_50891_/X                                10     20    -10 (VIOLATED)
_50917_/X                                10     20    -10 (VIOLATED)
_50958_/X                                10     20    -10 (VIOLATED)
_50962_/X                                10     20    -10 (VIOLATED)
_50977_/X                                10     20    -10 (VIOLATED)
_50996_/X                                10     20    -10 (VIOLATED)
_51018_/X                                10     20    -10 (VIOLATED)
_51030_/X                                10     20    -10 (VIOLATED)
_51033_/X                                10     20    -10 (VIOLATED)
_51042_/X                                10     20    -10 (VIOLATED)
_51045_/X                                10     20    -10 (VIOLATED)
_51054_/X                                10     20    -10 (VIOLATED)
_51066_/X                                10     20    -10 (VIOLATED)
_51069_/X                                10     20    -10 (VIOLATED)
_51078_/X                                10     20    -10 (VIOLATED)
_51081_/X                                10     20    -10 (VIOLATED)
_51090_/X                                10     20    -10 (VIOLATED)
_51093_/X                                10     20    -10 (VIOLATED)
_51114_/X                                10     20    -10 (VIOLATED)
_51117_/X                                10     20    -10 (VIOLATED)
_51133_/X                                10     20    -10 (VIOLATED)
_51134_/X                                10     20    -10 (VIOLATED)
_51155_/X                                10     20    -10 (VIOLATED)
_51177_/X                                10     20    -10 (VIOLATED)
_51198_/X                                10     20    -10 (VIOLATED)
_51240_/X                                10     20    -10 (VIOLATED)
_51261_/X                                10     20    -10 (VIOLATED)
_51282_/X                                10     20    -10 (VIOLATED)
_51303_/X                                10     20    -10 (VIOLATED)
_51324_/X                                10     20    -10 (VIOLATED)
_51345_/X                                10     20    -10 (VIOLATED)
_51366_/X                                10     20    -10 (VIOLATED)
_51404_/X                                10     20    -10 (VIOLATED)
_51405_/X                                10     20    -10 (VIOLATED)
_51426_/X                                10     20    -10 (VIOLATED)
_51447_/X                                10     20    -10 (VIOLATED)
_51448_/X                                10     20    -10 (VIOLATED)
_51469_/X                                10     20    -10 (VIOLATED)
_51490_/X                                10     20    -10 (VIOLATED)
_51511_/X                                10     20    -10 (VIOLATED)
_51532_/X                                10     20    -10 (VIOLATED)
_51553_/X                                10     20    -10 (VIOLATED)
_51574_/X                                10     20    -10 (VIOLATED)
_51595_/X                                10     20    -10 (VIOLATED)
_51616_/X                                10     20    -10 (VIOLATED)
_51637_/X                                10     20    -10 (VIOLATED)
_51675_/X                                10     20    -10 (VIOLATED)
_51676_/X                                10     20    -10 (VIOLATED)
_51719_/X                                10     20    -10 (VIOLATED)
_51740_/X                                10     20    -10 (VIOLATED)
_51761_/X                                10     20    -10 (VIOLATED)
_51782_/X                                10     20    -10 (VIOLATED)
_51803_/X                                10     20    -10 (VIOLATED)
_51824_/X                                10     20    -10 (VIOLATED)
_51845_/X                                10     20    -10 (VIOLATED)
_51866_/X                                10     20    -10 (VIOLATED)
_51887_/X                                10     20    -10 (VIOLATED)
_51908_/X                                10     20    -10 (VIOLATED)
_51946_/X                                10     20    -10 (VIOLATED)
_51947_/X                                10     20    -10 (VIOLATED)
_51968_/X                                10     20    -10 (VIOLATED)
_51989_/X                                10     20    -10 (VIOLATED)
_51990_/X                                10     20    -10 (VIOLATED)
_52011_/X                                10     20    -10 (VIOLATED)
_52032_/X                                10     20    -10 (VIOLATED)
_52053_/X                                10     20    -10 (VIOLATED)
_52074_/X                                10     20    -10 (VIOLATED)
_52095_/X                                10     20    -10 (VIOLATED)
_52116_/X                                10     20    -10 (VIOLATED)
_52137_/X                                10     20    -10 (VIOLATED)
_52158_/X                                10     20    -10 (VIOLATED)
_52179_/X                                10     20    -10 (VIOLATED)
_52217_/X                                10     20    -10 (VIOLATED)
_52218_/X                                10     20    -10 (VIOLATED)
_52239_/X                                10     20    -10 (VIOLATED)
_52260_/X                                10     20    -10 (VIOLATED)
_52261_/X                                10     20    -10 (VIOLATED)
_52282_/X                                10     20    -10 (VIOLATED)
_52303_/X                                10     20    -10 (VIOLATED)
_52324_/X                                10     20    -10 (VIOLATED)
_52345_/X                                10     20    -10 (VIOLATED)
_52366_/X                                10     20    -10 (VIOLATED)
_52387_/X                                10     20    -10 (VIOLATED)
_52408_/X                                10     20    -10 (VIOLATED)
_52429_/X                                10     20    -10 (VIOLATED)
_52450_/X                                10     20    -10 (VIOLATED)
_52489_/X                                10     20    -10 (VIOLATED)
_52490_/X                                10     20    -10 (VIOLATED)
_52511_/X                                10     20    -10 (VIOLATED)
_52532_/X                                10     20    -10 (VIOLATED)
_52533_/X                                10     20    -10 (VIOLATED)
_52554_/X                                10     20    -10 (VIOLATED)
_52575_/X                                10     20    -10 (VIOLATED)
_52596_/X                                10     20    -10 (VIOLATED)
_52617_/X                                10     20    -10 (VIOLATED)
_52638_/X                                10     20    -10 (VIOLATED)
_52659_/X                                10     20    -10 (VIOLATED)
_52680_/X                                10     20    -10 (VIOLATED)
_52701_/X                                10     20    -10 (VIOLATED)
_52722_/X                                10     20    -10 (VIOLATED)
_52760_/X                                10     20    -10 (VIOLATED)
_52761_/X                                10     20    -10 (VIOLATED)
_52782_/X                                10     20    -10 (VIOLATED)
_52803_/X                                10     20    -10 (VIOLATED)
_52804_/X                                10     20    -10 (VIOLATED)
_52825_/X                                10     20    -10 (VIOLATED)
_52846_/X                                10     20    -10 (VIOLATED)
_52888_/X                                10     20    -10 (VIOLATED)
_52909_/X                                10     20    -10 (VIOLATED)
_52930_/X                                10     20    -10 (VIOLATED)
_52951_/X                                10     20    -10 (VIOLATED)
_52972_/X                                10     20    -10 (VIOLATED)
_52993_/X                                10     20    -10 (VIOLATED)
_53032_/X                                10     20    -10 (VIOLATED)
_53033_/X                                10     20    -10 (VIOLATED)
_53075_/X                                10     20    -10 (VIOLATED)
_53076_/X                                10     20    -10 (VIOLATED)
_53097_/X                                10     20    -10 (VIOLATED)
_53118_/X                                10     20    -10 (VIOLATED)
_53139_/X                                10     20    -10 (VIOLATED)
_53181_/X                                10     20    -10 (VIOLATED)
_53202_/X                                10     20    -10 (VIOLATED)
_53265_/X                                10     20    -10 (VIOLATED)
_53455_/X                                10     20    -10 (VIOLATED)
_53461_/X                                10     20    -10 (VIOLATED)
_53465_/X                                10     20    -10 (VIOLATED)
_53545_/X                                10     20    -10 (VIOLATED)
_53623_/X                                10     20    -10 (VIOLATED)
_53624_/X                                10     20    -10 (VIOLATED)
_53706_/X                                10     20    -10 (VIOLATED)
_53707_/X                                10     20    -10 (VIOLATED)
_53789_/X                                10     20    -10 (VIOLATED)
_53790_/X                                10     20    -10 (VIOLATED)
_53871_/X                                10     20    -10 (VIOLATED)
_53872_/X                                10     20    -10 (VIOLATED)
_53953_/X                                10     20    -10 (VIOLATED)
_53954_/X                                10     20    -10 (VIOLATED)
_54033_/X                                10     20    -10 (VIOLATED)
_54034_/X                                10     20    -10 (VIOLATED)
_54112_/X                                10     20    -10 (VIOLATED)
_54113_/X                                10     20    -10 (VIOLATED)
_54192_/X                                10     20    -10 (VIOLATED)
_54193_/X                                10     20    -10 (VIOLATED)
_54272_/X                                10     20    -10 (VIOLATED)
_54273_/X                                10     20    -10 (VIOLATED)
_54352_/X                                10     20    -10 (VIOLATED)
_54353_/X                                10     20    -10 (VIOLATED)
_54432_/X                                10     20    -10 (VIOLATED)
_54433_/X                                10     20    -10 (VIOLATED)
_54508_/X                                10     20    -10 (VIOLATED)
_54509_/X                                10     20    -10 (VIOLATED)
_54564_/X                                10     20    -10 (VIOLATED)
_54565_/X                                10     20    -10 (VIOLATED)
_54600_/X                                10     20    -10 (VIOLATED)
_54626_/X                                10     20    -10 (VIOLATED)
_54636_/X                                10     20    -10 (VIOLATED)
_54682_/X                                10     20    -10 (VIOLATED)
_54719_/X                                10     20    -10 (VIOLATED)
_54722_/X                                10     20    -10 (VIOLATED)
_54723_/X                                10     20    -10 (VIOLATED)
_54724_/X                                10     20    -10 (VIOLATED)
_54725_/X                                10     20    -10 (VIOLATED)
_54726_/X                                10     20    -10 (VIOLATED)
_54729_/X                                10     20    -10 (VIOLATED)
_54767_/X                                10     20    -10 (VIOLATED)
_54768_/X                                10     20    -10 (VIOLATED)
_54769_/X                                10     20    -10 (VIOLATED)
_54770_/X                                10     20    -10 (VIOLATED)
_54771_/X                                10     20    -10 (VIOLATED)
_54772_/X                                10     20    -10 (VIOLATED)
_54776_/X                                10     20    -10 (VIOLATED)
_54815_/X                                10     20    -10 (VIOLATED)
_54816_/X                                10     20    -10 (VIOLATED)
_54817_/X                                10     20    -10 (VIOLATED)
_54818_/X                                10     20    -10 (VIOLATED)
_54819_/X                                10     20    -10 (VIOLATED)
_54822_/X                                10     20    -10 (VIOLATED)
_54861_/X                                10     20    -10 (VIOLATED)
_54862_/X                                10     20    -10 (VIOLATED)
_54863_/X                                10     20    -10 (VIOLATED)
_54864_/X                                10     20    -10 (VIOLATED)
_54865_/X                                10     20    -10 (VIOLATED)
_54868_/X                                10     20    -10 (VIOLATED)
_54907_/X                                10     20    -10 (VIOLATED)
_54945_/X                                10     20    -10 (VIOLATED)
_54946_/X                                10     20    -10 (VIOLATED)
_54947_/X                                10     20    -10 (VIOLATED)
_54948_/X                                10     20    -10 (VIOLATED)
_54949_/X                                10     20    -10 (VIOLATED)
_54950_/X                                10     20    -10 (VIOLATED)
_54951_/X                                10     20    -10 (VIOLATED)
_54993_/X                                10     20    -10 (VIOLATED)
_54994_/X                                10     20    -10 (VIOLATED)
_54995_/X                                10     20    -10 (VIOLATED)
_54996_/X                                10     20    -10 (VIOLATED)
_54997_/X                                10     20    -10 (VIOLATED)
_54998_/X                                10     20    -10 (VIOLATED)
_54999_/X                                10     20    -10 (VIOLATED)
_55040_/X                                10     20    -10 (VIOLATED)
_55042_/X                                10     20    -10 (VIOLATED)
_55043_/X                                10     20    -10 (VIOLATED)
_55044_/X                                10     20    -10 (VIOLATED)
_55045_/X                                10     20    -10 (VIOLATED)
_55046_/X                                10     20    -10 (VIOLATED)
_55047_/X                                10     20    -10 (VIOLATED)
_55054_/X                                10     20    -10 (VIOLATED)
_55057_/X                                10     20    -10 (VIOLATED)
_55060_/X                                10     20    -10 (VIOLATED)
_55063_/X                                10     20    -10 (VIOLATED)
_55066_/X                                10     20    -10 (VIOLATED)
_55069_/X                                10     20    -10 (VIOLATED)
_55072_/X                                10     20    -10 (VIOLATED)
_55075_/X                                10     20    -10 (VIOLATED)
_55078_/X                                10     20    -10 (VIOLATED)
_55081_/X                                10     20    -10 (VIOLATED)
_55084_/X                                10     20    -10 (VIOLATED)
_55087_/X                                10     20    -10 (VIOLATED)
_55090_/X                                10     20    -10 (VIOLATED)
_55093_/X                                10     20    -10 (VIOLATED)
_55096_/X                                10     20    -10 (VIOLATED)
_55099_/X                                10     20    -10 (VIOLATED)
_55102_/X                                10     20    -10 (VIOLATED)
_55108_/X                                10     20    -10 (VIOLATED)
_55148_/X                                10     20    -10 (VIOLATED)
_55228_/X                                10     20    -10 (VIOLATED)
_55268_/X                                10     20    -10 (VIOLATED)
_55305_/X                                10     20    -10 (VIOLATED)
_55307_/X                                10     20    -10 (VIOLATED)
_55309_/X                                10     20    -10 (VIOLATED)
_55312_/X                                10     20    -10 (VIOLATED)
_55315_/X                                10     20    -10 (VIOLATED)
_55318_/X                                10     20    -10 (VIOLATED)
_55321_/X                                10     20    -10 (VIOLATED)
_55324_/X                                10     20    -10 (VIOLATED)
_55327_/X                                10     20    -10 (VIOLATED)
_55330_/X                                10     20    -10 (VIOLATED)
_55333_/X                                10     20    -10 (VIOLATED)
_55336_/X                                10     20    -10 (VIOLATED)
_55339_/X                                10     20    -10 (VIOLATED)
_55342_/X                                10     20    -10 (VIOLATED)
_55348_/X                                10     20    -10 (VIOLATED)
_55351_/X                                10     20    -10 (VIOLATED)
_55354_/X                                10     20    -10 (VIOLATED)
_55357_/X                                10     20    -10 (VIOLATED)
_55360_/X                                10     20    -10 (VIOLATED)
_55441_/X                                10     20    -10 (VIOLATED)
_55478_/X                                10     20    -10 (VIOLATED)
_55480_/X                                10     20    -10 (VIOLATED)
_55483_/X                                10     20    -10 (VIOLATED)
_55486_/X                                10     20    -10 (VIOLATED)
_55492_/X                                10     20    -10 (VIOLATED)
_55495_/X                                10     20    -10 (VIOLATED)
_55498_/X                                10     20    -10 (VIOLATED)
_55501_/X                                10     20    -10 (VIOLATED)
_55504_/X                                10     20    -10 (VIOLATED)
_55507_/X                                10     20    -10 (VIOLATED)
_55510_/X                                10     20    -10 (VIOLATED)
_55513_/X                                10     20    -10 (VIOLATED)
_55516_/X                                10     20    -10 (VIOLATED)
_55519_/X                                10     20    -10 (VIOLATED)
_55522_/X                                10     20    -10 (VIOLATED)
_55525_/X                                10     20    -10 (VIOLATED)
_55528_/X                                10     20    -10 (VIOLATED)
_55531_/X                                10     20    -10 (VIOLATED)
_55536_/X                                10     20    -10 (VIOLATED)
_55575_/X                                10     20    -10 (VIOLATED)
_55614_/X                                10     20    -10 (VIOLATED)
_55652_/X                                10     20    -10 (VIOLATED)
_55691_/X                                10     20    -10 (VIOLATED)
_55769_/X                                10     20    -10 (VIOLATED)
_55808_/X                                10     20    -10 (VIOLATED)
_55847_/X                                10     20    -10 (VIOLATED)
_55886_/X                                10     20    -10 (VIOLATED)
_55925_/X                                10     20    -10 (VIOLATED)
_55963_/X                                10     20    -10 (VIOLATED)
_55965_/X                                10     20    -10 (VIOLATED)
_56003_/X                                10     20    -10 (VIOLATED)
_56041_/X                                10     20    -10 (VIOLATED)
_56081_/X                                10     20    -10 (VIOLATED)
_56119_/X                                10     20    -10 (VIOLATED)
_56158_/X                                10     20    -10 (VIOLATED)
_56236_/X                                10     20    -10 (VIOLATED)
_56273_/X                                10     20    -10 (VIOLATED)
_56275_/X                                10     20    -10 (VIOLATED)
_56278_/X                                10     20    -10 (VIOLATED)
_56281_/X                                10     20    -10 (VIOLATED)
_56284_/X                                10     20    -10 (VIOLATED)
_56287_/X                                10     20    -10 (VIOLATED)
_56290_/X                                10     20    -10 (VIOLATED)
_56293_/X                                10     20    -10 (VIOLATED)
_56296_/X                                10     20    -10 (VIOLATED)
_56299_/X                                10     20    -10 (VIOLATED)
_56302_/X                                10     20    -10 (VIOLATED)
_56305_/X                                10     20    -10 (VIOLATED)
_56308_/X                                10     20    -10 (VIOLATED)
_56311_/X                                10     20    -10 (VIOLATED)
_56314_/X                                10     20    -10 (VIOLATED)
_56317_/X                                10     20    -10 (VIOLATED)
_56320_/X                                10     20    -10 (VIOLATED)
_56323_/X                                10     20    -10 (VIOLATED)
_56326_/X                                10     20    -10 (VIOLATED)
_56330_/X                                10     20    -10 (VIOLATED)
_56406_/X                                10     20    -10 (VIOLATED)
_56482_/X                                10     20    -10 (VIOLATED)
_56520_/X                                10     20    -10 (VIOLATED)
_56558_/X                                10     20    -10 (VIOLATED)
_56596_/X                                10     20    -10 (VIOLATED)
_56598_/X                                10     20    -10 (VIOLATED)
_56636_/X                                10     20    -10 (VIOLATED)
_56673_/X                                10     20    -10 (VIOLATED)
_56678_/X                                10     20    -10 (VIOLATED)
_56687_/X                                10     20    -10 (VIOLATED)
_56690_/X                                10     20    -10 (VIOLATED)
_56693_/X                                10     20    -10 (VIOLATED)
_56696_/X                                10     20    -10 (VIOLATED)
_56699_/X                                10     20    -10 (VIOLATED)
_56702_/X                                10     20    -10 (VIOLATED)
_56705_/X                                10     20    -10 (VIOLATED)
_56708_/X                                10     20    -10 (VIOLATED)
_56711_/X                                10     20    -10 (VIOLATED)
_56714_/X                                10     20    -10 (VIOLATED)
_56717_/X                                10     20    -10 (VIOLATED)
_56720_/X                                10     20    -10 (VIOLATED)
_56723_/X                                10     20    -10 (VIOLATED)
_56726_/X                                10     20    -10 (VIOLATED)
_56770_/X                                10     20    -10 (VIOLATED)
_56809_/X                                10     20    -10 (VIOLATED)
_56925_/X                                10     20    -10 (VIOLATED)
_56963_/X                                10     20    -10 (VIOLATED)
_57001_/X                                10     20    -10 (VIOLATED)
_57039_/X                                10     20    -10 (VIOLATED)
_57115_/X                                10     20    -10 (VIOLATED)
_57153_/X                                10     20    -10 (VIOLATED)
_57192_/X                                10     20    -10 (VIOLATED)
_57230_/X                                10     20    -10 (VIOLATED)
_57231_/X                                10     20    -10 (VIOLATED)
_57232_/X                                10     20    -10 (VIOLATED)
_57253_/X                                10     20    -10 (VIOLATED)
_57274_/X                                10     20    -10 (VIOLATED)
_57295_/X                                10     20    -10 (VIOLATED)
_57337_/X                                10     20    -10 (VIOLATED)
_57358_/X                                10     20    -10 (VIOLATED)
_57379_/X                                10     20    -10 (VIOLATED)
_57400_/X                                10     20    -10 (VIOLATED)
_57422_/X                                10     20    -10 (VIOLATED)
_57443_/X                                10     20    -10 (VIOLATED)
_57464_/X                                10     20    -10 (VIOLATED)
_57485_/X                                10     20    -10 (VIOLATED)
_57506_/X                                10     20    -10 (VIOLATED)
_57527_/X                                10     20    -10 (VIOLATED)
_57548_/X                                10     20    -10 (VIOLATED)
_57569_/X                                10     20    -10 (VIOLATED)
_57590_/X                                10     20    -10 (VIOLATED)
_57611_/X                                10     20    -10 (VIOLATED)
_57633_/X                                10     20    -10 (VIOLATED)
_57654_/X                                10     20    -10 (VIOLATED)
_57675_/X                                10     20    -10 (VIOLATED)
_57696_/X                                10     20    -10 (VIOLATED)
_57717_/X                                10     20    -10 (VIOLATED)
_57738_/X                                10     20    -10 (VIOLATED)
_57759_/X                                10     20    -10 (VIOLATED)
_57780_/X                                10     20    -10 (VIOLATED)
_57801_/X                                10     20    -10 (VIOLATED)
_57822_/X                                10     20    -10 (VIOLATED)
_57823_/X                                10     20    -10 (VIOLATED)
_57844_/X                                10     20    -10 (VIOLATED)
_57865_/X                                10     20    -10 (VIOLATED)
_57886_/X                                10     20    -10 (VIOLATED)
_57907_/X                                10     20    -10 (VIOLATED)
_57949_/X                                10     20    -10 (VIOLATED)
_57970_/X                                10     20    -10 (VIOLATED)
_57991_/X                                10     20    -10 (VIOLATED)
_58012_/X                                10     20    -10 (VIOLATED)
_58033_/X                                10     20    -10 (VIOLATED)
_58034_/X                                10     20    -10 (VIOLATED)
_58055_/X                                10     20    -10 (VIOLATED)
_58076_/X                                10     20    -10 (VIOLATED)
_58097_/X                                10     20    -10 (VIOLATED)
_58118_/X                                10     20    -10 (VIOLATED)
_58139_/X                                10     20    -10 (VIOLATED)
_58160_/X                                10     20    -10 (VIOLATED)
_58181_/X                                10     20    -10 (VIOLATED)
_58202_/X                                10     20    -10 (VIOLATED)
_58244_/X                                10     20    -10 (VIOLATED)
_58287_/X                                10     20    -10 (VIOLATED)
_58308_/X                                10     20    -10 (VIOLATED)
_58329_/X                                10     20    -10 (VIOLATED)
_58350_/X                                10     20    -10 (VIOLATED)
_58392_/X                                10     20    -10 (VIOLATED)
_58413_/X                                10     20    -10 (VIOLATED)
_58434_/X                                10     20    -10 (VIOLATED)
_58455_/X                                10     20    -10 (VIOLATED)
_58456_/X                                10     20    -10 (VIOLATED)
_58477_/X                                10     20    -10 (VIOLATED)
_58498_/X                                10     20    -10 (VIOLATED)
_58519_/X                                10     20    -10 (VIOLATED)
_58561_/X                                10     20    -10 (VIOLATED)
_58582_/X                                10     20    -10 (VIOLATED)
_58603_/X                                10     20    -10 (VIOLATED)
_58624_/X                                10     20    -10 (VIOLATED)
_58645_/X                                10     20    -10 (VIOLATED)
_58666_/X                                10     20    -10 (VIOLATED)
_58667_/X                                10     20    -10 (VIOLATED)
_58709_/X                                10     20    -10 (VIOLATED)
_58730_/X                                10     20    -10 (VIOLATED)
_58751_/X                                10     20    -10 (VIOLATED)
_58772_/X                                10     20    -10 (VIOLATED)
_58793_/X                                10     20    -10 (VIOLATED)
_58814_/X                                10     20    -10 (VIOLATED)
_58835_/X                                10     20    -10 (VIOLATED)
_58856_/X                                10     20    -10 (VIOLATED)
_58877_/X                                10     20    -10 (VIOLATED)
_58878_/X                                10     20    -10 (VIOLATED)
_58899_/X                                10     20    -10 (VIOLATED)
_58941_/X                                10     20    -10 (VIOLATED)
_58962_/X                                10     20    -10 (VIOLATED)
_58983_/X                                10     20    -10 (VIOLATED)
_59004_/X                                10     20    -10 (VIOLATED)
_59025_/X                                10     20    -10 (VIOLATED)
_59046_/X                                10     20    -10 (VIOLATED)
_59067_/X                                10     20    -10 (VIOLATED)
_59088_/X                                10     20    -10 (VIOLATED)
_59089_/X                                10     20    -10 (VIOLATED)
_59110_/X                                10     20    -10 (VIOLATED)
_59152_/X                                10     20    -10 (VIOLATED)
_59194_/X                                10     20    -10 (VIOLATED)
_59215_/X                                10     20    -10 (VIOLATED)
_59236_/X                                10     20    -10 (VIOLATED)
_59257_/X                                10     20    -10 (VIOLATED)
_59299_/X                                10     20    -10 (VIOLATED)
_59321_/X                                10     20    -10 (VIOLATED)
_59342_/X                                10     20    -10 (VIOLATED)
_59363_/X                                10     20    -10 (VIOLATED)
_59384_/X                                10     20    -10 (VIOLATED)
_59405_/X                                10     20    -10 (VIOLATED)
_59426_/X                                10     20    -10 (VIOLATED)
_59447_/X                                10     20    -10 (VIOLATED)
_59468_/X                                10     20    -10 (VIOLATED)
_59489_/X                                10     20    -10 (VIOLATED)
_59531_/X                                10     20    -10 (VIOLATED)
_59552_/X                                10     20    -10 (VIOLATED)
_59573_/X                                10     20    -10 (VIOLATED)
_59594_/X                                10     20    -10 (VIOLATED)
_59636_/X                                10     20    -10 (VIOLATED)
_59662_/X                                10     20    -10 (VIOLATED)
_59683_/X                                10     20    -10 (VIOLATED)
_59725_/X                                10     20    -10 (VIOLATED)
_59746_/X                                10     20    -10 (VIOLATED)
_59767_/X                                10     20    -10 (VIOLATED)
_59796_/Y                                10     20    -10 (VIOLATED)
_59797_/X                                10     20    -10 (VIOLATED)
_59818_/X                                10     20    -10 (VIOLATED)
_59839_/X                                10     20    -10 (VIOLATED)
_59881_/X                                10     20    -10 (VIOLATED)
_59902_/X                                10     20    -10 (VIOLATED)
_59933_/X                                10     20    -10 (VIOLATED)
_59934_/X                                10     20    -10 (VIOLATED)
_59955_/X                                10     20    -10 (VIOLATED)
_59976_/X                                10     20    -10 (VIOLATED)
_59997_/X                                10     20    -10 (VIOLATED)
_60018_/X                                10     20    -10 (VIOLATED)
_60039_/X                                10     20    -10 (VIOLATED)
_60069_/X                                10     20    -10 (VIOLATED)
_60070_/X                                10     20    -10 (VIOLATED)
_60091_/X                                10     20    -10 (VIOLATED)
_60112_/X                                10     20    -10 (VIOLATED)
_60133_/X                                10     20    -10 (VIOLATED)
_60154_/X                                10     20    -10 (VIOLATED)
_60175_/X                                10     20    -10 (VIOLATED)
_60205_/X                                10     20    -10 (VIOLATED)
_60206_/X                                10     20    -10 (VIOLATED)
_60227_/X                                10     20    -10 (VIOLATED)
_60248_/X                                10     20    -10 (VIOLATED)
_60290_/X                                10     20    -10 (VIOLATED)
_60311_/X                                10     20    -10 (VIOLATED)
_60341_/X                                10     20    -10 (VIOLATED)
_60342_/X                                10     20    -10 (VIOLATED)
_60363_/X                                10     20    -10 (VIOLATED)
_60384_/X                                10     20    -10 (VIOLATED)
_60426_/X                                10     20    -10 (VIOLATED)
_60447_/X                                10     20    -10 (VIOLATED)
_60476_/Y                                10     20    -10 (VIOLATED)
_60477_/X                                10     20    -10 (VIOLATED)
_60498_/X                                10     20    -10 (VIOLATED)
_60519_/X                                10     20    -10 (VIOLATED)
_60540_/X                                10     20    -10 (VIOLATED)
_60561_/X                                10     20    -10 (VIOLATED)
_60582_/X                                10     20    -10 (VIOLATED)
_60611_/X                                10     20    -10 (VIOLATED)
_60612_/X                                10     20    -10 (VIOLATED)
_60616_/X                                10     20    -10 (VIOLATED)
_60634_/X                                10     20    -10 (VIOLATED)
_60635_/X                                10     20    -10 (VIOLATED)
_60654_/X                                10     20    -10 (VIOLATED)
_60655_/X                                10     20    -10 (VIOLATED)
_60674_/X                                10     20    -10 (VIOLATED)
_60675_/X                                10     20    -10 (VIOLATED)
_60694_/X                                10     20    -10 (VIOLATED)
_60695_/X                                10     20    -10 (VIOLATED)
_60714_/X                                10     20    -10 (VIOLATED)
_60715_/X                                10     20    -10 (VIOLATED)
_60734_/X                                10     20    -10 (VIOLATED)
_60735_/X                                10     20    -10 (VIOLATED)
_60772_/X                                10     20    -10 (VIOLATED)
_60773_/X                                10     20    -10 (VIOLATED)
_60792_/X                                10     20    -10 (VIOLATED)
_60793_/X                                10     20    -10 (VIOLATED)
_60794_/X                                10     20    -10 (VIOLATED)
_60799_/X                                10     20    -10 (VIOLATED)
_60802_/X                                10     20    -10 (VIOLATED)
_60805_/X                                10     20    -10 (VIOLATED)
_60808_/X                                10     20    -10 (VIOLATED)
_60811_/X                                10     20    -10 (VIOLATED)
_60814_/X                                10     20    -10 (VIOLATED)
_60817_/X                                10     20    -10 (VIOLATED)
_60820_/X                                10     20    -10 (VIOLATED)
_60821_/X                                10     20    -10 (VIOLATED)
_60840_/X                                10     20    -10 (VIOLATED)
_60841_/X                                10     20    -10 (VIOLATED)
_60860_/X                                10     20    -10 (VIOLATED)
_60861_/X                                10     20    -10 (VIOLATED)
_60880_/X                                10     20    -10 (VIOLATED)
_60881_/X                                10     20    -10 (VIOLATED)
_60900_/X                                10     20    -10 (VIOLATED)
_60901_/X                                10     20    -10 (VIOLATED)
_60940_/X                                10     20    -10 (VIOLATED)
_60993_/X                                10     20    -10 (VIOLATED)
_60998_/X                                10     20    -10 (VIOLATED)
_61002_/X                                10     20    -10 (VIOLATED)
_61006_/X                                10     20    -10 (VIOLATED)
_61010_/X                                10     20    -10 (VIOLATED)
_61014_/X                                10     20    -10 (VIOLATED)
_61018_/X                                10     20    -10 (VIOLATED)
_61022_/X                                10     20    -10 (VIOLATED)
_61178_/X                                10     20    -10 (VIOLATED)
_61182_/X                                10     20    -10 (VIOLATED)
_61185_/X                                10     20    -10 (VIOLATED)
_61188_/X                                10     20    -10 (VIOLATED)
_61191_/X                                10     20    -10 (VIOLATED)
_61194_/X                                10     20    -10 (VIOLATED)
_61200_/X                                10     20    -10 (VIOLATED)
_61239_/X                                10     20    -10 (VIOLATED)
_61359_/X                                10     20    -10 (VIOLATED)
_61363_/X                                10     20    -10 (VIOLATED)
_61366_/X                                10     20    -10 (VIOLATED)
_61369_/X                                10     20    -10 (VIOLATED)
_61372_/X                                10     20    -10 (VIOLATED)
_61375_/X                                10     20    -10 (VIOLATED)
_61378_/X                                10     20    -10 (VIOLATED)
_61381_/X                                10     20    -10 (VIOLATED)
_61522_/X                                10     20    -10 (VIOLATED)
_61540_/X                                10     20    -10 (VIOLATED)
_61544_/X                                10     20    -10 (VIOLATED)
_61547_/X                                10     20    -10 (VIOLATED)
_61550_/X                                10     20    -10 (VIOLATED)
_61553_/X                                10     20    -10 (VIOLATED)
_61556_/X                                10     20    -10 (VIOLATED)
_61559_/X                                10     20    -10 (VIOLATED)
_61562_/X                                10     20    -10 (VIOLATED)
_61718_/X                                10     20    -10 (VIOLATED)
_61722_/X                                10     20    -10 (VIOLATED)
_61725_/X                                10     20    -10 (VIOLATED)
_61728_/X                                10     20    -10 (VIOLATED)
_61731_/X                                10     20    -10 (VIOLATED)
_61734_/X                                10     20    -10 (VIOLATED)
_61737_/X                                10     20    -10 (VIOLATED)
_61740_/X                                10     20    -10 (VIOLATED)
_61813_/X                                10     20    -10 (VIOLATED)
_61899_/X                                10     20    -10 (VIOLATED)
_61903_/X                                10     20    -10 (VIOLATED)
_61906_/X                                10     20    -10 (VIOLATED)
_61909_/X                                10     20    -10 (VIOLATED)
_61912_/X                                10     20    -10 (VIOLATED)
_61915_/X                                10     20    -10 (VIOLATED)
_61918_/X                                10     20    -10 (VIOLATED)
_61921_/X                                10     20    -10 (VIOLATED)
_62081_/X                                10     20    -10 (VIOLATED)
_62084_/X                                10     20    -10 (VIOLATED)
_62087_/X                                10     20    -10 (VIOLATED)
_62090_/X                                10     20    -10 (VIOLATED)
_62093_/X                                10     20    -10 (VIOLATED)
_62096_/X                                10     20    -10 (VIOLATED)
_62099_/X                                10     20    -10 (VIOLATED)
_62104_/X                                10     20    -10 (VIOLATED)
_62258_/X                                10     20    -10 (VIOLATED)
_62262_/X                                10     20    -10 (VIOLATED)
_62265_/X                                10     20    -10 (VIOLATED)
_62268_/X                                10     20    -10 (VIOLATED)
_62271_/X                                10     20    -10 (VIOLATED)
_62274_/X                                10     20    -10 (VIOLATED)
_62277_/X                                10     20    -10 (VIOLATED)
_62280_/X                                10     20    -10 (VIOLATED)
_62387_/X                                10     20    -10 (VIOLATED)
_62439_/X                                10     20    -10 (VIOLATED)
_62443_/X                                10     20    -10 (VIOLATED)
_62446_/X                                10     20    -10 (VIOLATED)
_62449_/X                                10     20    -10 (VIOLATED)
_62452_/X                                10     20    -10 (VIOLATED)
_62455_/X                                10     20    -10 (VIOLATED)
_62458_/X                                10     20    -10 (VIOLATED)
_62461_/X                                10     20    -10 (VIOLATED)
_62617_/X                                10     20    -10 (VIOLATED)
_62621_/X                                10     20    -10 (VIOLATED)
_62624_/X                                10     20    -10 (VIOLATED)
_62627_/X                                10     20    -10 (VIOLATED)
_62630_/X                                10     20    -10 (VIOLATED)
_62633_/X                                10     20    -10 (VIOLATED)
_62636_/X                                10     20    -10 (VIOLATED)
_62639_/X                                10     20    -10 (VIOLATED)
_62678_/X                                10     20    -10 (VIOLATED)
_62934_/X                                10     20    -10 (VIOLATED)
_62935_/X                                10     20    -10 (VIOLATED)
_62936_/X                                10     20    -10 (VIOLATED)
_62937_/X                                10     20    -10 (VIOLATED)
_62938_/X                                10     20    -10 (VIOLATED)
_62939_/X                                10     20    -10 (VIOLATED)
_62944_/X                                10     20    -10 (VIOLATED)
_62946_/X                                10     20    -10 (VIOLATED)
_62947_/X                                10     20    -10 (VIOLATED)
_62949_/X                                10     20    -10 (VIOLATED)
_62950_/X                                10     20    -10 (VIOLATED)
_62952_/X                                10     20    -10 (VIOLATED)
_62953_/X                                10     20    -10 (VIOLATED)
_62955_/X                                10     20    -10 (VIOLATED)
_62956_/X                                10     20    -10 (VIOLATED)
_62958_/X                                10     20    -10 (VIOLATED)
_62959_/X                                10     20    -10 (VIOLATED)
_62961_/X                                10     20    -10 (VIOLATED)
_62962_/X                                10     20    -10 (VIOLATED)
_62964_/X                                10     20    -10 (VIOLATED)
_62965_/X                                10     20    -10 (VIOLATED)
_62970_/X                                10     20    -10 (VIOLATED)
_62974_/X                                10     20    -10 (VIOLATED)
_62975_/X                                10     20    -10 (VIOLATED)
_62978_/X                                10     20    -10 (VIOLATED)
_62979_/X                                10     20    -10 (VIOLATED)
_62981_/X                                10     20    -10 (VIOLATED)
_62982_/X                                10     20    -10 (VIOLATED)
_62983_/X                                10     20    -10 (VIOLATED)
_62984_/X                                10     20    -10 (VIOLATED)
_62985_/X                                10     20    -10 (VIOLATED)
_62986_/X                                10     20    -10 (VIOLATED)
_62987_/X                                10     20    -10 (VIOLATED)
_62992_/X                                10     20    -10 (VIOLATED)
_62993_/X                                10     20    -10 (VIOLATED)
_62994_/X                                10     20    -10 (VIOLATED)
_62995_/X                                10     20    -10 (VIOLATED)
_62996_/X                                10     20    -10 (VIOLATED)
_62997_/X                                10     20    -10 (VIOLATED)
_62998_/X                                10     20    -10 (VIOLATED)
_62999_/X                                10     20    -10 (VIOLATED)
_63000_/X                                10     20    -10 (VIOLATED)
_63001_/X                                10     20    -10 (VIOLATED)
_63002_/X                                10     20    -10 (VIOLATED)
_63003_/X                                10     20    -10 (VIOLATED)
_63004_/X                                10     20    -10 (VIOLATED)
_63005_/X                                10     20    -10 (VIOLATED)
_63020_/X                                10     20    -10 (VIOLATED)
_63021_/X                                10     20    -10 (VIOLATED)
_63022_/X                                10     20    -10 (VIOLATED)
_63023_/X                                10     20    -10 (VIOLATED)
_63024_/X                                10     20    -10 (VIOLATED)
_63025_/X                                10     20    -10 (VIOLATED)
_63026_/X                                10     20    -10 (VIOLATED)
_63027_/X                                10     20    -10 (VIOLATED)
_63032_/X                                10     20    -10 (VIOLATED)
_63042_/X                                10     20    -10 (VIOLATED)
_63043_/X                                10     20    -10 (VIOLATED)
_63044_/X                                10     20    -10 (VIOLATED)
_63045_/X                                10     20    -10 (VIOLATED)
_63050_/X                                10     20    -10 (VIOLATED)
_63056_/X                                10     20    -10 (VIOLATED)
_63057_/X                                10     20    -10 (VIOLATED)
_63059_/X                                10     20    -10 (VIOLATED)
_63060_/X                                10     20    -10 (VIOLATED)
_63065_/X                                10     20    -10 (VIOLATED)
_63073_/X                                10     20    -10 (VIOLATED)
_63074_/X                                10     20    -10 (VIOLATED)
_63075_/X                                10     20    -10 (VIOLATED)
_63076_/X                                10     20    -10 (VIOLATED)
_63077_/X                                10     20    -10 (VIOLATED)
_63096_/X                                10     20    -10 (VIOLATED)
_63097_/X                                10     20    -10 (VIOLATED)
_63098_/X                                10     20    -10 (VIOLATED)
_63099_/X                                10     20    -10 (VIOLATED)
_63100_/X                                10     20    -10 (VIOLATED)
_63101_/X                                10     20    -10 (VIOLATED)
_63102_/X                                10     20    -10 (VIOLATED)
_63103_/X                                10     20    -10 (VIOLATED)
_63117_/X                                10     20    -10 (VIOLATED)
_63142_/X                                10     20    -10 (VIOLATED)
_63143_/X                                10     20    -10 (VIOLATED)
_63144_/X                                10     20    -10 (VIOLATED)
_63145_/X                                10     20    -10 (VIOLATED)
_63146_/X                                10     20    -10 (VIOLATED)
_63147_/X                                10     20    -10 (VIOLATED)
_63167_/X                                10     20    -10 (VIOLATED)
_63172_/X                                10     20    -10 (VIOLATED)
_63187_/X                                10     20    -10 (VIOLATED)
_63193_/X                                10     20    -10 (VIOLATED)
_63194_/X                                10     20    -10 (VIOLATED)
_63195_/X                                10     20    -10 (VIOLATED)
_63196_/X                                10     20    -10 (VIOLATED)
_63197_/X                                10     20    -10 (VIOLATED)
_63216_/X                                10     20    -10 (VIOLATED)
_63245_/X                                10     20    -10 (VIOLATED)
_63253_/X                                10     20    -10 (VIOLATED)
_63258_/X                                10     20    -10 (VIOLATED)
_63259_/X                                10     20    -10 (VIOLATED)
_63260_/X                                10     20    -10 (VIOLATED)
_63261_/X                                10     20    -10 (VIOLATED)
_63262_/X                                10     20    -10 (VIOLATED)
_63263_/X                                10     20    -10 (VIOLATED)
_63264_/X                                10     20    -10 (VIOLATED)
_63265_/X                                10     20    -10 (VIOLATED)
_63266_/X                                10     20    -10 (VIOLATED)
_63267_/X                                10     20    -10 (VIOLATED)
_63268_/X                                10     20    -10 (VIOLATED)
_63369_/X                                10     20    -10 (VIOLATED)
_63371_/X                                10     20    -10 (VIOLATED)
_63372_/X                                10     20    -10 (VIOLATED)
_63421_/X                                10     20    -10 (VIOLATED)
_63552_/X                                10     20    -10 (VIOLATED)
_63553_/X                                10     20    -10 (VIOLATED)
_63642_/X                                10     20    -10 (VIOLATED)
_63647_/X                                10     20    -10 (VIOLATED)
_63656_/X                                10     20    -10 (VIOLATED)
_63657_/X                                10     20    -10 (VIOLATED)
_63658_/X                                10     20    -10 (VIOLATED)
_63677_/X                                10     20    -10 (VIOLATED)
_63691_/X                                10     20    -10 (VIOLATED)
_63697_/X                                10     20    -10 (VIOLATED)
_63703_/X                                10     20    -10 (VIOLATED)
_63711_/X                                10     20    -10 (VIOLATED)
_64230_/X                                10     20    -10 (VIOLATED)
_64240_/X                                10     20    -10 (VIOLATED)
_64243_/X                                10     20    -10 (VIOLATED)
_64249_/X                                10     20    -10 (VIOLATED)
_64254_/X                                10     20    -10 (VIOLATED)
_64264_/X                                10     20    -10 (VIOLATED)
_64274_/X                                10     20    -10 (VIOLATED)
_64293_/X                                10     20    -10 (VIOLATED)
_64301_/X                                10     20    -10 (VIOLATED)
_64306_/X                                10     20    -10 (VIOLATED)
_64320_/X                                10     20    -10 (VIOLATED)
_64323_/X                                10     20    -10 (VIOLATED)
_64324_/X                                10     20    -10 (VIOLATED)
_64325_/X                                10     20    -10 (VIOLATED)
_64326_/X                                10     20    -10 (VIOLATED)
_64327_/X                                10     20    -10 (VIOLATED)
_64388_/X                                10     20    -10 (VIOLATED)
_64465_/X                                10     20    -10 (VIOLATED)
_64472_/X                                10     20    -10 (VIOLATED)
_64480_/X                                10     20    -10 (VIOLATED)
_64481_/X                                10     20    -10 (VIOLATED)
_64521_/X                                10     20    -10 (VIOLATED)
_64653_/X                                10     20    -10 (VIOLATED)
_64695_/X                                10     20    -10 (VIOLATED)
_64829_/X                                10     20    -10 (VIOLATED)
_64830_/X                                10     20    -10 (VIOLATED)
_64831_/X                                10     20    -10 (VIOLATED)
_64832_/X                                10     20    -10 (VIOLATED)
_64833_/X                                10     20    -10 (VIOLATED)
_64834_/X                                10     20    -10 (VIOLATED)
_64835_/X                                10     20    -10 (VIOLATED)
_64836_/X                                10     20    -10 (VIOLATED)
_64837_/X                                10     20    -10 (VIOLATED)
_64846_/X                                10     20    -10 (VIOLATED)
_64847_/X                                10     20    -10 (VIOLATED)
_64848_/X                                10     20    -10 (VIOLATED)
_64849_/X                                10     20    -10 (VIOLATED)
_64855_/X                                10     20    -10 (VIOLATED)
_64869_/X                                10     20    -10 (VIOLATED)
_64870_/X                                10     20    -10 (VIOLATED)
_64872_/X                                10     20    -10 (VIOLATED)
_64873_/X                                10     20    -10 (VIOLATED)
_64874_/X                                10     20    -10 (VIOLATED)
_64889_/X                                10     20    -10 (VIOLATED)
_64890_/X                                10     20    -10 (VIOLATED)
_64891_/X                                10     20    -10 (VIOLATED)
_64892_/X                                10     20    -10 (VIOLATED)
_64893_/X                                10     20    -10 (VIOLATED)
_64894_/X                                10     20    -10 (VIOLATED)
_64895_/X                                10     20    -10 (VIOLATED)
_64896_/X                                10     20    -10 (VIOLATED)
_64901_/X                                10     20    -10 (VIOLATED)
_64912_/X                                10     20    -10 (VIOLATED)
_64920_/X                                10     20    -10 (VIOLATED)
_64921_/X                                10     20    -10 (VIOLATED)
_64922_/X                                10     20    -10 (VIOLATED)
_64923_/X                                10     20    -10 (VIOLATED)
_64924_/X                                10     20    -10 (VIOLATED)
_64925_/X                                10     20    -10 (VIOLATED)
_64942_/X                                10     20    -10 (VIOLATED)
_64963_/X                                10     20    -10 (VIOLATED)
_64996_/X                                10     20    -10 (VIOLATED)
_65027_/X                                10     20    -10 (VIOLATED)
_65028_/X                                10     20    -10 (VIOLATED)
_65029_/X                                10     20    -10 (VIOLATED)
_65030_/X                                10     20    -10 (VIOLATED)
_65031_/X                                10     20    -10 (VIOLATED)
_65032_/X                                10     20    -10 (VIOLATED)
_65033_/X                                10     20    -10 (VIOLATED)
_65053_/X                                10     20    -10 (VIOLATED)
_65054_/X                                10     20    -10 (VIOLATED)
_65088_/X                                10     20    -10 (VIOLATED)
_65089_/X                                10     20    -10 (VIOLATED)
_65095_/X                                10     20    -10 (VIOLATED)
_65096_/X                                10     20    -10 (VIOLATED)
_65468_/X                                10     20    -10 (VIOLATED)
_65487_/X                                10     20    -10 (VIOLATED)
_65501_/X                                10     20    -10 (VIOLATED)
_65512_/X                                10     20    -10 (VIOLATED)
_65524_/X                                10     20    -10 (VIOLATED)
_65535_/X                                10     20    -10 (VIOLATED)
_65599_/X                                10     20    -10 (VIOLATED)
_65667_/X                                10     20    -10 (VIOLATED)
_65871_/X                                10     20    -10 (VIOLATED)
_66041_/X                                10     20    -10 (VIOLATED)
_66053_/X                                10     20    -10 (VIOLATED)
_66068_/X                                10     20    -10 (VIOLATED)
_66078_/X                                10     20    -10 (VIOLATED)
_66084_/X                                10     20    -10 (VIOLATED)
_66099_/X                                10     20    -10 (VIOLATED)
_66106_/X                                10     20    -10 (VIOLATED)
_66112_/X                                10     20    -10 (VIOLATED)
_66121_/X                                10     20    -10 (VIOLATED)
_66138_/X                                10     20    -10 (VIOLATED)
_66173_/X                                10     20    -10 (VIOLATED)
_66179_/X                                10     20    -10 (VIOLATED)
_66180_/X                                10     20    -10 (VIOLATED)
_66181_/X                                10     20    -10 (VIOLATED)
_66184_/X                                10     20    -10 (VIOLATED)
_66189_/X                                10     20    -10 (VIOLATED)
_66209_/X                                10     20    -10 (VIOLATED)
_66233_/X                                10     20    -10 (VIOLATED)
_66238_/X                                10     20    -10 (VIOLATED)
_66258_/X                                10     20    -10 (VIOLATED)
_66453_/X                                10     20    -10 (VIOLATED)
_66672_/X                                10     20    -10 (VIOLATED)
_66677_/X                                10     20    -10 (VIOLATED)
_66685_/X                                10     20    -10 (VIOLATED)
_66704_/X                                10     20    -10 (VIOLATED)
_66718_/X                                10     20    -10 (VIOLATED)
_66741_/X                                10     20    -10 (VIOLATED)
_66752_/X                                10     20    -10 (VIOLATED)
_66884_/X                                10     20    -10 (VIOLATED)
_66994_/X                                10     20    -10 (VIOLATED)
_67088_/X                                10     20    -10 (VIOLATED)
_67175_/X                                10     20    -10 (VIOLATED)
_67265_/X                                10     20    -10 (VIOLATED)
_67266_/X                                10     20    -10 (VIOLATED)
_67267_/X                                10     20    -10 (VIOLATED)
_67268_/X                                10     20    -10 (VIOLATED)
_67269_/X                                10     20    -10 (VIOLATED)
_67293_/X                                10     20    -10 (VIOLATED)
_67303_/X                                10     20    -10 (VIOLATED)
_67312_/X                                10     20    -10 (VIOLATED)
_67362_/X                                10     20    -10 (VIOLATED)
_67402_/X                                10     20    -10 (VIOLATED)
_67412_/X                                10     20    -10 (VIOLATED)
_67442_/X                                10     20    -10 (VIOLATED)
_67444_/X                                10     20    -10 (VIOLATED)
_67450_/X                                10     20    -10 (VIOLATED)
_67451_/X                                10     20    -10 (VIOLATED)
_67456_/X                                10     20    -10 (VIOLATED)
_67466_/X                                10     20    -10 (VIOLATED)
_67467_/X                                10     20    -10 (VIOLATED)
_67609_/X                                10     20    -10 (VIOLATED)
_67704_/X                                10     20    -10 (VIOLATED)
_67707_/X                                10     20    -10 (VIOLATED)
_67873_/X                                10     20    -10 (VIOLATED)
_67874_/X                                10     20    -10 (VIOLATED)
_67875_/X                                10     20    -10 (VIOLATED)
_67876_/X                                10     20    -10 (VIOLATED)
_67881_/X                                10     20    -10 (VIOLATED)
_67889_/X                                10     20    -10 (VIOLATED)
_67895_/X                                10     20    -10 (VIOLATED)
_67904_/X                                10     20    -10 (VIOLATED)
_67909_/X                                10     20    -10 (VIOLATED)
_67916_/X                                10     20    -10 (VIOLATED)
_67934_/X                                10     20    -10 (VIOLATED)
_67939_/X                                10     20    -10 (VIOLATED)
_67949_/X                                10     20    -10 (VIOLATED)
_68027_/X                                10     20    -10 (VIOLATED)
_68072_/X                                10     20    -10 (VIOLATED)
_68086_/X                                10     20    -10 (VIOLATED)
_68174_/X                                10     20    -10 (VIOLATED)
_68189_/X                                10     20    -10 (VIOLATED)
_68453_/X                                10     20    -10 (VIOLATED)
_68507_/X                                10     20    -10 (VIOLATED)
_68512_/X                                10     20    -10 (VIOLATED)
_68517_/X                                10     20    -10 (VIOLATED)
_68525_/X                                10     20    -10 (VIOLATED)
_68530_/X                                10     20    -10 (VIOLATED)
_68556_/X                                10     20    -10 (VIOLATED)
_68587_/X                                10     20    -10 (VIOLATED)
_68618_/X                                10     20    -10 (VIOLATED)
_68747_/X                                10     20    -10 (VIOLATED)
_69090_/X                                10     20    -10 (VIOLATED)
_69116_/X                                10     20    -10 (VIOLATED)
_69130_/X                                10     20    -10 (VIOLATED)
_69138_/X                                10     20    -10 (VIOLATED)
_69160_/X                                10     20    -10 (VIOLATED)
_69171_/X                                10     20    -10 (VIOLATED)
_69192_/X                                10     20    -10 (VIOLATED)
_69222_/X                                10     20    -10 (VIOLATED)
_69228_/X                                10     20    -10 (VIOLATED)
_69271_/X                                10     20    -10 (VIOLATED)
_69349_/X                                10     20    -10 (VIOLATED)
_69354_/X                                10     20    -10 (VIOLATED)
_69457_/X                                10     20    -10 (VIOLATED)
_69502_/X                                10     20    -10 (VIOLATED)
_69548_/X                                10     20    -10 (VIOLATED)
_69731_/X                                10     20    -10 (VIOLATED)
_69736_/X                                10     20    -10 (VIOLATED)
_69744_/X                                10     20    -10 (VIOLATED)
_69749_/X                                10     20    -10 (VIOLATED)
_69758_/X                                10     20    -10 (VIOLATED)
_69765_/X                                10     20    -10 (VIOLATED)
_69773_/X                                10     20    -10 (VIOLATED)
_69808_/X                                10     20    -10 (VIOLATED)
_69839_/X                                10     20    -10 (VIOLATED)
_69840_/X                                10     20    -10 (VIOLATED)
_69857_/X                                10     20    -10 (VIOLATED)
_69954_/X                                10     20    -10 (VIOLATED)
_69960_/X                                10     20    -10 (VIOLATED)
_69966_/X                                10     20    -10 (VIOLATED)
_70330_/X                                10     20    -10 (VIOLATED)
_70354_/X                                10     20    -10 (VIOLATED)
_70359_/X                                10     20    -10 (VIOLATED)
_70369_/X                                10     20    -10 (VIOLATED)
_70377_/X                                10     20    -10 (VIOLATED)
_70400_/X                                10     20    -10 (VIOLATED)
_70427_/X                                10     20    -10 (VIOLATED)
_70461_/X                                10     20    -10 (VIOLATED)
_70495_/X                                10     20    -10 (VIOLATED)
_70574_/X                                10     20    -10 (VIOLATED)
_70577_/X                                10     20    -10 (VIOLATED)
_70949_/X                                10     20    -10 (VIOLATED)
_70955_/X                                10     20    -10 (VIOLATED)
_70960_/X                                10     20    -10 (VIOLATED)
_70974_/X                                10     20    -10 (VIOLATED)
_70985_/X                                10     20    -10 (VIOLATED)
_70991_/X                                10     20    -10 (VIOLATED)
_71014_/X                                10     20    -10 (VIOLATED)
_71078_/X                                10     20    -10 (VIOLATED)
_71088_/X                                10     20    -10 (VIOLATED)
_71093_/X                                10     20    -10 (VIOLATED)
_71371_/X                                10     20    -10 (VIOLATED)
_71546_/X                                10     20    -10 (VIOLATED)
_71551_/X                                10     20    -10 (VIOLATED)
_71554_/X                                10     20    -10 (VIOLATED)
_71560_/X                                10     20    -10 (VIOLATED)
_71571_/X                                10     20    -10 (VIOLATED)
_71581_/X                                10     20    -10 (VIOLATED)
_71592_/X                                10     20    -10 (VIOLATED)
_71607_/X                                10     20    -10 (VIOLATED)
_71641_/X                                10     20    -10 (VIOLATED)
_71661_/X                                10     20    -10 (VIOLATED)
_71724_/X                                10     20    -10 (VIOLATED)
_72160_/X                                10     20    -10 (VIOLATED)
_72201_/X                                10     20    -10 (VIOLATED)
_72212_/X                                10     20    -10 (VIOLATED)
_72224_/X                                10     20    -10 (VIOLATED)
_72256_/X                                10     20    -10 (VIOLATED)
_72332_/X                                10     20    -10 (VIOLATED)
_72343_/X                                10     20    -10 (VIOLATED)
_72375_/X                                10     20    -10 (VIOLATED)
_72388_/X                                10     20    -10 (VIOLATED)
_72730_/X                                10     20    -10 (VIOLATED)
_72731_/X                                10     20    -10 (VIOLATED)
_72732_/X                                10     20    -10 (VIOLATED)
_72733_/X                                10     20    -10 (VIOLATED)
_72734_/X                                10     20    -10 (VIOLATED)
_72735_/X                                10     20    -10 (VIOLATED)
_72736_/X                                10     20    -10 (VIOLATED)
_72742_/X                                10     20    -10 (VIOLATED)
_72745_/X                                10     20    -10 (VIOLATED)
_72746_/X                                10     20    -10 (VIOLATED)
_72747_/X                                10     20    -10 (VIOLATED)
_72748_/X                                10     20    -10 (VIOLATED)
_72751_/X                                10     20    -10 (VIOLATED)
_72752_/X                                10     20    -10 (VIOLATED)
_72753_/X                                10     20    -10 (VIOLATED)
_72763_/X                                10     20    -10 (VIOLATED)
_72764_/X                                10     20    -10 (VIOLATED)
_72769_/X                                10     20    -10 (VIOLATED)
_72772_/X                                10     20    -10 (VIOLATED)
_72773_/X                                10     20    -10 (VIOLATED)
_72774_/X                                10     20    -10 (VIOLATED)
_72775_/X                                10     20    -10 (VIOLATED)
_72778_/X                                10     20    -10 (VIOLATED)
_72779_/X                                10     20    -10 (VIOLATED)
_72780_/X                                10     20    -10 (VIOLATED)
_72800_/X                                10     20    -10 (VIOLATED)
_72825_/X                                10     20    -10 (VIOLATED)
_72826_/X                                10     20    -10 (VIOLATED)
_72827_/X                                10     20    -10 (VIOLATED)
_72828_/X                                10     20    -10 (VIOLATED)
_72829_/X                                10     20    -10 (VIOLATED)
_72834_/X                                10     20    -10 (VIOLATED)
_72841_/X                                10     20    -10 (VIOLATED)
_72842_/X                                10     20    -10 (VIOLATED)
_72843_/X                                10     20    -10 (VIOLATED)
_72844_/X                                10     20    -10 (VIOLATED)
_72847_/X                                10     20    -10 (VIOLATED)
_72848_/X                                10     20    -10 (VIOLATED)
_72849_/X                                10     20    -10 (VIOLATED)
_72852_/X                                10     20    -10 (VIOLATED)
_72887_/X                                10     20    -10 (VIOLATED)
_72888_/X                                10     20    -10 (VIOLATED)
_72889_/X                                10     20    -10 (VIOLATED)
_72890_/X                                10     20    -10 (VIOLATED)
_72891_/X                                10     20    -10 (VIOLATED)
_72894_/X                                10     20    -10 (VIOLATED)
_72895_/X                                10     20    -10 (VIOLATED)
_72896_/X                                10     20    -10 (VIOLATED)
_72899_/X                                10     20    -10 (VIOLATED)
_72924_/X                                10     20    -10 (VIOLATED)
_72925_/X                                10     20    -10 (VIOLATED)
_72926_/X                                10     20    -10 (VIOLATED)
_72957_/X                                10     20    -10 (VIOLATED)
_72970_/X                                10     20    -10 (VIOLATED)
_73040_/X                                10     20    -10 (VIOLATED)
_73308_/X                                10     20    -10 (VIOLATED)
_73340_/X                                10     20    -10 (VIOLATED)
_73497_/X                                10     20    -10 (VIOLATED)
_73658_/X                                10     20    -10 (VIOLATED)
_73673_/X                                10     20    -10 (VIOLATED)
_73862_/X                                10     20    -10 (VIOLATED)
_73932_/X                                10     20    -10 (VIOLATED)
_73956_/X                                10     20    -10 (VIOLATED)
_73980_/X                                10     20    -10 (VIOLATED)
_74004_/X                                10     20    -10 (VIOLATED)
_74010_/X                                10     20    -10 (VIOLATED)
_74045_/X                                10     20    -10 (VIOLATED)
_74088_/X                                10     20    -10 (VIOLATED)
_74113_/X                                10     20    -10 (VIOLATED)
_74195_/X                                10     20    -10 (VIOLATED)
_74196_/X                                10     20    -10 (VIOLATED)
_74291_/X                                10     20    -10 (VIOLATED)
_74408_/X                                10     20    -10 (VIOLATED)
_74464_/X                                10     20    -10 (VIOLATED)
_74550_/X                                10     20    -10 (VIOLATED)
_74579_/X                                10     20    -10 (VIOLATED)
_74595_/X                                10     20    -10 (VIOLATED)
_74614_/X                                10     20    -10 (VIOLATED)
_74657_/X                                10     20    -10 (VIOLATED)
_74682_/X                                10     20    -10 (VIOLATED)
_74764_/X                                10     20    -10 (VIOLATED)
_74765_/X                                10     20    -10 (VIOLATED)
_74812_/X                                10     20    -10 (VIOLATED)
_74817_/X                                10     20    -10 (VIOLATED)
_75008_/X                                10     20    -10 (VIOLATED)
_75081_/X                                10     20    -10 (VIOLATED)
_75130_/X                                10     20    -10 (VIOLATED)
_75154_/X                                10     20    -10 (VIOLATED)
_75164_/X                                10     20    -10 (VIOLATED)
_75190_/X                                10     20    -10 (VIOLATED)
_75202_/X                                10     20    -10 (VIOLATED)
_75244_/X                                10     20    -10 (VIOLATED)
_75254_/X                                10     20    -10 (VIOLATED)
_75272_/X                                10     20    -10 (VIOLATED)
_75293_/X                                10     20    -10 (VIOLATED)
_75401_/X                                10     20    -10 (VIOLATED)
_75417_/X                                10     20    -10 (VIOLATED)
_75418_/X                                10     20    -10 (VIOLATED)
_75446_/X                                10     20    -10 (VIOLATED)
_75661_/X                                10     20    -10 (VIOLATED)
_75685_/X                                10     20    -10 (VIOLATED)
_75709_/X                                10     20    -10 (VIOLATED)
_75738_/X                                10     20    -10 (VIOLATED)
_75754_/X                                10     20    -10 (VIOLATED)
_75773_/X                                10     20    -10 (VIOLATED)
_75793_/X                                10     20    -10 (VIOLATED)
_75816_/X                                10     20    -10 (VIOLATED)
_75841_/X                                10     20    -10 (VIOLATED)
_75923_/X                                10     20    -10 (VIOLATED)
_76019_/X                                10     20    -10 (VIOLATED)
_76191_/X                                10     20    -10 (VIOLATED)
_76249_/X                                10     20    -10 (VIOLATED)
_76258_/X                                10     20    -10 (VIOLATED)
_76284_/X                                10     20    -10 (VIOLATED)
_76304_/X                                10     20    -10 (VIOLATED)
_76316_/X                                10     20    -10 (VIOLATED)
_76334_/X                                10     20    -10 (VIOLATED)
_76352_/X                                10     20    -10 (VIOLATED)
_76372_/X                                10     20    -10 (VIOLATED)
_76426_/X                                10     20    -10 (VIOLATED)
_76572_/X                                10     20    -10 (VIOLATED)
_76837_/X                                10     20    -10 (VIOLATED)
_76840_/X                                10     20    -10 (VIOLATED)
_76841_/X                                10     20    -10 (VIOLATED)
_76853_/X                                10     20    -10 (VIOLATED)
_76854_/X                                10     20    -10 (VIOLATED)
_76855_/X                                10     20    -10 (VIOLATED)
_76856_/X                                10     20    -10 (VIOLATED)
_76857_/X                                10     20    -10 (VIOLATED)
_76858_/X                                10     20    -10 (VIOLATED)
_76859_/X                                10     20    -10 (VIOLATED)
_76860_/X                                10     20    -10 (VIOLATED)
_76861_/X                                10     20    -10 (VIOLATED)
_76862_/X                                10     20    -10 (VIOLATED)
_76863_/X                                10     20    -10 (VIOLATED)
_76864_/X                                10     20    -10 (VIOLATED)
_76865_/X                                10     20    -10 (VIOLATED)
_76866_/X                                10     20    -10 (VIOLATED)
_76867_/X                                10     20    -10 (VIOLATED)
_76868_/X                                10     20    -10 (VIOLATED)
_76869_/X                                10     20    -10 (VIOLATED)
_76870_/X                                10     20    -10 (VIOLATED)
_76871_/X                                10     20    -10 (VIOLATED)
_76872_/X                                10     20    -10 (VIOLATED)
_76873_/X                                10     20    -10 (VIOLATED)
_76874_/X                                10     20    -10 (VIOLATED)
_76875_/X                                10     20    -10 (VIOLATED)
_76876_/X                                10     20    -10 (VIOLATED)
_76877_/X                                10     20    -10 (VIOLATED)
_76878_/X                                10     20    -10 (VIOLATED)
_76879_/X                                10     20    -10 (VIOLATED)
_76880_/X                                10     20    -10 (VIOLATED)
_76881_/X                                10     20    -10 (VIOLATED)
_76882_/X                                10     20    -10 (VIOLATED)
_76883_/X                                10     20    -10 (VIOLATED)
_76884_/X                                10     20    -10 (VIOLATED)
_76885_/X                                10     20    -10 (VIOLATED)
_76886_/X                                10     20    -10 (VIOLATED)
_76887_/X                                10     20    -10 (VIOLATED)
_76888_/X                                10     20    -10 (VIOLATED)
_76889_/X                                10     20    -10 (VIOLATED)
_76890_/X                                10     20    -10 (VIOLATED)
_76891_/X                                10     20    -10 (VIOLATED)
_76892_/X                                10     20    -10 (VIOLATED)
_76893_/X                                10     20    -10 (VIOLATED)
_76894_/X                                10     20    -10 (VIOLATED)
_76895_/X                                10     20    -10 (VIOLATED)
_76896_/X                                10     20    -10 (VIOLATED)
_76897_/X                                10     20    -10 (VIOLATED)
_76898_/X                                10     20    -10 (VIOLATED)
_76899_/X                                10     20    -10 (VIOLATED)
_76900_/X                                10     20    -10 (VIOLATED)
_76901_/X                                10     20    -10 (VIOLATED)
_76902_/X                                10     20    -10 (VIOLATED)
_76903_/X                                10     20    -10 (VIOLATED)
_76906_/X                                10     20    -10 (VIOLATED)
_76907_/X                                10     20    -10 (VIOLATED)
_76908_/X                                10     20    -10 (VIOLATED)
_76909_/X                                10     20    -10 (VIOLATED)
_76910_/X                                10     20    -10 (VIOLATED)
_76911_/X                                10     20    -10 (VIOLATED)
_76912_/X                                10     20    -10 (VIOLATED)
_76913_/X                                10     20    -10 (VIOLATED)
_76914_/X                                10     20    -10 (VIOLATED)
_76915_/X                                10     20    -10 (VIOLATED)
_76916_/X                                10     20    -10 (VIOLATED)
_76917_/X                                10     20    -10 (VIOLATED)
_76918_/X                                10     20    -10 (VIOLATED)
_76919_/X                                10     20    -10 (VIOLATED)
_76920_/X                                10     20    -10 (VIOLATED)
_76921_/X                                10     20    -10 (VIOLATED)
_76922_/X                                10     20    -10 (VIOLATED)
_76923_/X                                10     20    -10 (VIOLATED)
_76924_/X                                10     20    -10 (VIOLATED)
_76925_/X                                10     20    -10 (VIOLATED)
_76926_/X                                10     20    -10 (VIOLATED)
_76927_/X                                10     20    -10 (VIOLATED)
_76928_/X                                10     20    -10 (VIOLATED)
_76929_/X                                10     20    -10 (VIOLATED)
_76930_/X                                10     20    -10 (VIOLATED)
_76931_/X                                10     20    -10 (VIOLATED)
_76932_/X                                10     20    -10 (VIOLATED)
_76933_/X                                10     20    -10 (VIOLATED)
_76934_/X                                10     20    -10 (VIOLATED)
_76935_/X                                10     20    -10 (VIOLATED)
_76936_/X                                10     20    -10 (VIOLATED)
_76937_/X                                10     20    -10 (VIOLATED)
_76938_/X                                10     20    -10 (VIOLATED)
_76939_/X                                10     20    -10 (VIOLATED)
_76940_/X                                10     20    -10 (VIOLATED)
_76941_/X                                10     20    -10 (VIOLATED)
_76942_/X                                10     20    -10 (VIOLATED)
_76943_/X                                10     20    -10 (VIOLATED)
_76960_/X                                10     20    -10 (VIOLATED)
_76962_/X                                10     20    -10 (VIOLATED)
_76963_/X                                10     20    -10 (VIOLATED)
_76966_/X                                10     20    -10 (VIOLATED)
_76993_/X                                10     20    -10 (VIOLATED)
_77016_/X                                10     20    -10 (VIOLATED)
_77029_/X                                10     20    -10 (VIOLATED)
_77373_/X                                10     20    -10 (VIOLATED)
_77374_/X                                10     20    -10 (VIOLATED)
_77375_/X                                10     20    -10 (VIOLATED)
_77378_/X                                10     20    -10 (VIOLATED)
_77379_/X                                10     20    -10 (VIOLATED)
_78073_/X                                10     20    -10 (VIOLATED)
_78076_/X                                10     20    -10 (VIOLATED)
_78077_/X                                10     20    -10 (VIOLATED)
_78266_/X                                10     20    -10 (VIOLATED)
_78271_/X                                10     20    -10 (VIOLATED)
_78275_/X                                10     20    -10 (VIOLATED)
_78334_/X                                10     20    -10 (VIOLATED)
_78370_/X                                10     20    -10 (VIOLATED)
_78399_/X                                10     20    -10 (VIOLATED)
_78400_/X                                10     20    -10 (VIOLATED)
_78401_/X                                10     20    -10 (VIOLATED)
_78404_/X                                10     20    -10 (VIOLATED)
_78409_/X                                10     20    -10 (VIOLATED)
_78411_/X                                10     20    -10 (VIOLATED)
_78413_/X                                10     20    -10 (VIOLATED)
_78415_/X                                10     20    -10 (VIOLATED)
_78443_/X                                10     20    -10 (VIOLATED)
_78459_/X                                10     20    -10 (VIOLATED)
_78623_/X                                10     20    -10 (VIOLATED)
_78918_/Y                                10     20    -10 (VIOLATED)
_78919_/Y                                10     20    -10 (VIOLATED)
_79013_/X                                10     20    -10 (VIOLATED)
_79207_/Y                                10     20    -10 (VIOLATED)
_79312_/Y                                10     20    -10 (VIOLATED)
_79352_/X                                10     20    -10 (VIOLATED)
_79513_/X                                10     20    -10 (VIOLATED)
_79825_/X                                10     20    -10 (VIOLATED)
_79856_/Y                                10     20    -10 (VIOLATED)
_79917_/Y                                10     20    -10 (VIOLATED)
_79953_/X                                10     20    -10 (VIOLATED)
_80050_/X                                10     20    -10 (VIOLATED)
_80051_/X                                10     20    -10 (VIOLATED)
_80053_/X                                10     20    -10 (VIOLATED)
_80055_/X                                10     20    -10 (VIOLATED)
_80056_/X                                10     20    -10 (VIOLATED)
_80060_/X                                10     20    -10 (VIOLATED)
_80061_/X                                10     20    -10 (VIOLATED)
_80062_/X                                10     20    -10 (VIOLATED)
_80066_/X                                10     20    -10 (VIOLATED)
_80067_/X                                10     20    -10 (VIOLATED)
_80070_/X                                10     20    -10 (VIOLATED)
_80082_/X                                10     20    -10 (VIOLATED)
_80094_/X                                10     20    -10 (VIOLATED)
_80095_/X                                10     20    -10 (VIOLATED)
_80097_/X                                10     20    -10 (VIOLATED)
_80101_/X                                10     20    -10 (VIOLATED)
_80104_/X                                10     20    -10 (VIOLATED)
_80105_/X                                10     20    -10 (VIOLATED)
_80106_/X                                10     20    -10 (VIOLATED)
_80107_/X                                10     20    -10 (VIOLATED)
_80109_/X                                10     20    -10 (VIOLATED)
_80110_/X                                10     20    -10 (VIOLATED)
_80111_/X                                10     20    -10 (VIOLATED)
_80112_/X                                10     20    -10 (VIOLATED)
_80113_/X                                10     20    -10 (VIOLATED)
_80114_/X                                10     20    -10 (VIOLATED)
_80115_/X                                10     20    -10 (VIOLATED)
_80116_/X                                10     20    -10 (VIOLATED)
_80118_/X                                10     20    -10 (VIOLATED)
_80119_/X                                10     20    -10 (VIOLATED)
_80120_/X                                10     20    -10 (VIOLATED)
_80121_/X                                10     20    -10 (VIOLATED)
_80122_/X                                10     20    -10 (VIOLATED)
_80126_/X                                10     20    -10 (VIOLATED)
_80136_/X                                10     20    -10 (VIOLATED)
_80138_/X                                10     20    -10 (VIOLATED)
_80142_/X                                10     20    -10 (VIOLATED)
_80143_/X                                10     20    -10 (VIOLATED)
_80144_/X                                10     20    -10 (VIOLATED)
_80145_/X                                10     20    -10 (VIOLATED)
_80146_/X                                10     20    -10 (VIOLATED)
_80151_/X                                10     20    -10 (VIOLATED)
_80152_/X                                10     20    -10 (VIOLATED)
_80154_/X                                10     20    -10 (VIOLATED)
_80159_/X                                10     20    -10 (VIOLATED)
_80160_/X                                10     20    -10 (VIOLATED)
_80161_/X                                10     20    -10 (VIOLATED)
_80162_/X                                10     20    -10 (VIOLATED)
_80163_/X                                10     20    -10 (VIOLATED)
_80164_/X                                10     20    -10 (VIOLATED)
_80169_/X                                10     20    -10 (VIOLATED)
_80172_/X                                10     20    -10 (VIOLATED)
_80175_/X                                10     20    -10 (VIOLATED)
_80176_/X                                10     20    -10 (VIOLATED)
_80177_/X                                10     20    -10 (VIOLATED)
_80178_/X                                10     20    -10 (VIOLATED)
_80182_/X                                10     20    -10 (VIOLATED)
_80183_/X                                10     20    -10 (VIOLATED)
_80185_/X                                10     20    -10 (VIOLATED)
_80187_/X                                10     20    -10 (VIOLATED)
_80191_/X                                10     20    -10 (VIOLATED)
_80193_/X                                10     20    -10 (VIOLATED)
_80199_/X                                10     20    -10 (VIOLATED)
_80200_/X                                10     20    -10 (VIOLATED)
_80202_/Y                                10     20    -10 (VIOLATED)
_80203_/X                                10     20    -10 (VIOLATED)
_80205_/X                                10     20    -10 (VIOLATED)
_80206_/X                                10     20    -10 (VIOLATED)
_80207_/X                                10     20    -10 (VIOLATED)
_80208_/X                                10     20    -10 (VIOLATED)
_80210_/X                                10     20    -10 (VIOLATED)
_80213_/X                                10     20    -10 (VIOLATED)
_80214_/X                                10     20    -10 (VIOLATED)
_80215_/X                                10     20    -10 (VIOLATED)
_80220_/X                                10     20    -10 (VIOLATED)
_80221_/X                                10     20    -10 (VIOLATED)
_80222_/X                                10     20    -10 (VIOLATED)
_80223_/X                                10     20    -10 (VIOLATED)
_80224_/X                                10     20    -10 (VIOLATED)
_80226_/X                                10     20    -10 (VIOLATED)
_80227_/X                                10     20    -10 (VIOLATED)
_80228_/X                                10     20    -10 (VIOLATED)
_80230_/X                                10     20    -10 (VIOLATED)
_80233_/X                                10     20    -10 (VIOLATED)
_80234_/X                                10     20    -10 (VIOLATED)
_80235_/X                                10     20    -10 (VIOLATED)
_80236_/X                                10     20    -10 (VIOLATED)
_80237_/X                                10     20    -10 (VIOLATED)
_80238_/X                                10     20    -10 (VIOLATED)
_80239_/X                                10     20    -10 (VIOLATED)
_80240_/X                                10     20    -10 (VIOLATED)
_80241_/X                                10     20    -10 (VIOLATED)
_80245_/X                                10     20    -10 (VIOLATED)
_80246_/X                                10     20    -10 (VIOLATED)
_80250_/X                                10     20    -10 (VIOLATED)
_80256_/X                                10     20    -10 (VIOLATED)
_80257_/X                                10     20    -10 (VIOLATED)
_80258_/X                                10     20    -10 (VIOLATED)
_80259_/X                                10     20    -10 (VIOLATED)
_80260_/X                                10     20    -10 (VIOLATED)
_80261_/X                                10     20    -10 (VIOLATED)
_80262_/X                                10     20    -10 (VIOLATED)
_80265_/X                                10     20    -10 (VIOLATED)
_80270_/X                                10     20    -10 (VIOLATED)
_80271_/X                                10     20    -10 (VIOLATED)
_80274_/X                                10     20    -10 (VIOLATED)
_80275_/X                                10     20    -10 (VIOLATED)
_80280_/X                                10     20    -10 (VIOLATED)
_80281_/X                                10     20    -10 (VIOLATED)
_80282_/X                                10     20    -10 (VIOLATED)
_80286_/X                                10     20    -10 (VIOLATED)
_80287_/X                                10     20    -10 (VIOLATED)
_80288_/X                                10     20    -10 (VIOLATED)
_80289_/X                                10     20    -10 (VIOLATED)
_80292_/X                                10     20    -10 (VIOLATED)
_80295_/X                                10     20    -10 (VIOLATED)
_80296_/X                                10     20    -10 (VIOLATED)
_80297_/X                                10     20    -10 (VIOLATED)
_80300_/X                                10     20    -10 (VIOLATED)
_80301_/X                                10     20    -10 (VIOLATED)
_80304_/X                                10     20    -10 (VIOLATED)
_80305_/X                                10     20    -10 (VIOLATED)
_80306_/X                                10     20    -10 (VIOLATED)
_80307_/X                                10     20    -10 (VIOLATED)
_80313_/X                                10     20    -10 (VIOLATED)
_80314_/X                                10     20    -10 (VIOLATED)
_80315_/X                                10     20    -10 (VIOLATED)
_80316_/X                                10     20    -10 (VIOLATED)
_80317_/X                                10     20    -10 (VIOLATED)
_80319_/X                                10     20    -10 (VIOLATED)
_80320_/X                                10     20    -10 (VIOLATED)
_80321_/X                                10     20    -10 (VIOLATED)
_80334_/X                                10     20    -10 (VIOLATED)
_80335_/X                                10     20    -10 (VIOLATED)
_80337_/X                                10     20    -10 (VIOLATED)
_80339_/X                                10     20    -10 (VIOLATED)
_80343_/X                                10     20    -10 (VIOLATED)
_80344_/X                                10     20    -10 (VIOLATED)
_80347_/X                                10     20    -10 (VIOLATED)
_80348_/X                                10     20    -10 (VIOLATED)
_80350_/X                                10     20    -10 (VIOLATED)
_80351_/X                                10     20    -10 (VIOLATED)
_80352_/X                                10     20    -10 (VIOLATED)
_80355_/X                                10     20    -10 (VIOLATED)
_80357_/X                                10     20    -10 (VIOLATED)
_80359_/X                                10     20    -10 (VIOLATED)
_80363_/X                                10     20    -10 (VIOLATED)
_80364_/X                                10     20    -10 (VIOLATED)
_80365_/X                                10     20    -10 (VIOLATED)
_80366_/X                                10     20    -10 (VIOLATED)
_80367_/X                                10     20    -10 (VIOLATED)
_80371_/X                                10     20    -10 (VIOLATED)
_80372_/X                                10     20    -10 (VIOLATED)
_80373_/X                                10     20    -10 (VIOLATED)
_80374_/X                                10     20    -10 (VIOLATED)
_80375_/X                                10     20    -10 (VIOLATED)
_80376_/X                                10     20    -10 (VIOLATED)
_80377_/X                                10     20    -10 (VIOLATED)
_80378_/X                                10     20    -10 (VIOLATED)
_80379_/X                                10     20    -10 (VIOLATED)
_80381_/X                                10     20    -10 (VIOLATED)
_80384_/X                                10     20    -10 (VIOLATED)
_80385_/X                                10     20    -10 (VIOLATED)
_80387_/X                                10     20    -10 (VIOLATED)
_80389_/X                                10     20    -10 (VIOLATED)
_80391_/X                                10     20    -10 (VIOLATED)
_80393_/X                                10     20    -10 (VIOLATED)
_80394_/X                                10     20    -10 (VIOLATED)
_80396_/X                                10     20    -10 (VIOLATED)
_80400_/X                                10     20    -10 (VIOLATED)
_80401_/X                                10     20    -10 (VIOLATED)
_80403_/X                                10     20    -10 (VIOLATED)
_80408_/X                                10     20    -10 (VIOLATED)
_80410_/X                                10     20    -10 (VIOLATED)
_80413_/X                                10     20    -10 (VIOLATED)
_80414_/X                                10     20    -10 (VIOLATED)
_80420_/X                                10     20    -10 (VIOLATED)
_80428_/X                                10     20    -10 (VIOLATED)
_80431_/X                                10     20    -10 (VIOLATED)
_80432_/X                                10     20    -10 (VIOLATED)
_80437_/X                                10     20    -10 (VIOLATED)
_80438_/X                                10     20    -10 (VIOLATED)
_80448_/X                                10     20    -10 (VIOLATED)
_80449_/X                                10     20    -10 (VIOLATED)
_80452_/X                                10     20    -10 (VIOLATED)
_80453_/X                                10     20    -10 (VIOLATED)
_80457_/X                                10     20    -10 (VIOLATED)
_80458_/X                                10     20    -10 (VIOLATED)
_80459_/X                                10     20    -10 (VIOLATED)
_80460_/X                                10     20    -10 (VIOLATED)
_80464_/X                                10     20    -10 (VIOLATED)
_80474_/X                                10     20    -10 (VIOLATED)
_80475_/X                                10     20    -10 (VIOLATED)
_80479_/X                                10     20    -10 (VIOLATED)
_80481_/X                                10     20    -10 (VIOLATED)
_80482_/X                                10     20    -10 (VIOLATED)
_80483_/Y                                10     20    -10 (VIOLATED)
_80485_/X                                10     20    -10 (VIOLATED)
_80491_/X                                10     20    -10 (VIOLATED)
_80496_/X                                10     20    -10 (VIOLATED)
_80499_/X                                10     20    -10 (VIOLATED)
_80500_/X                                10     20    -10 (VIOLATED)
_80506_/X                                10     20    -10 (VIOLATED)
_80507_/X                                10     20    -10 (VIOLATED)
_80511_/X                                10     20    -10 (VIOLATED)
_80514_/X                                10     20    -10 (VIOLATED)
_80517_/X                                10     20    -10 (VIOLATED)
_80527_/X                                10     20    -10 (VIOLATED)
_80528_/X                                10     20    -10 (VIOLATED)
_80531_/X                                10     20    -10 (VIOLATED)
_80532_/X                                10     20    -10 (VIOLATED)
_80533_/X                                10     20    -10 (VIOLATED)
_80536_/X                                10     20    -10 (VIOLATED)
_80537_/X                                10     20    -10 (VIOLATED)
_80538_/X                                10     20    -10 (VIOLATED)
_80539_/X                                10     20    -10 (VIOLATED)
_80540_/X                                10     20    -10 (VIOLATED)
_80542_/X                                10     20    -10 (VIOLATED)
_80544_/X                                10     20    -10 (VIOLATED)
_80545_/X                                10     20    -10 (VIOLATED)
_80548_/X                                10     20    -10 (VIOLATED)
_80549_/X                                10     20    -10 (VIOLATED)
_80555_/X                                10     20    -10 (VIOLATED)
_80556_/X                                10     20    -10 (VIOLATED)
_80557_/X                                10     20    -10 (VIOLATED)
_80558_/X                                10     20    -10 (VIOLATED)
_80559_/X                                10     20    -10 (VIOLATED)
_80562_/X                                10     20    -10 (VIOLATED)
_80564_/X                                10     20    -10 (VIOLATED)
_80566_/X                                10     20    -10 (VIOLATED)
_80569_/X                                10     20    -10 (VIOLATED)
_80574_/X                                10     20    -10 (VIOLATED)
_80577_/X                                10     20    -10 (VIOLATED)
_80583_/X                                10     20    -10 (VIOLATED)
_80584_/X                                10     20    -10 (VIOLATED)
_80585_/X                                10     20    -10 (VIOLATED)
_80587_/X                                10     20    -10 (VIOLATED)
_80599_/X                                10     20    -10 (VIOLATED)
_80601_/X                                10     20    -10 (VIOLATED)
_80603_/X                                10     20    -10 (VIOLATED)
_80604_/X                                10     20    -10 (VIOLATED)
_80630_/X                                10     20    -10 (VIOLATED)
_80633_/X                                10     20    -10 (VIOLATED)
_80634_/X                                10     20    -10 (VIOLATED)
_80638_/X                                10     20    -10 (VIOLATED)
_80639_/X                                10     20    -10 (VIOLATED)
_80641_/X                                10     20    -10 (VIOLATED)
_80642_/X                                10     20    -10 (VIOLATED)
_80645_/X                                10     20    -10 (VIOLATED)
_80646_/X                                10     20    -10 (VIOLATED)
_80650_/X                                10     20    -10 (VIOLATED)
_80658_/X                                10     20    -10 (VIOLATED)
_80659_/X                                10     20    -10 (VIOLATED)
_80660_/X                                10     20    -10 (VIOLATED)
_80663_/X                                10     20    -10 (VIOLATED)
_80673_/X                                10     20    -10 (VIOLATED)
_80677_/X                                10     20    -10 (VIOLATED)
_80681_/X                                10     20    -10 (VIOLATED)
_80686_/X                                10     20    -10 (VIOLATED)
_80697_/X                                10     20    -10 (VIOLATED)
_80704_/X                                10     20    -10 (VIOLATED)
_80706_/X                                10     20    -10 (VIOLATED)
_80716_/X                                10     20    -10 (VIOLATED)
_80717_/X                                10     20    -10 (VIOLATED)
_80722_/X                                10     20    -10 (VIOLATED)
_80723_/X                                10     20    -10 (VIOLATED)
_80728_/X                                10     20    -10 (VIOLATED)
_80735_/X                                10     20    -10 (VIOLATED)
_80736_/X                                10     20    -10 (VIOLATED)
_80754_/X                                10     20    -10 (VIOLATED)
_80759_/X                                10     20    -10 (VIOLATED)
_80763_/X                                10     20    -10 (VIOLATED)
_80764_/X                                10     20    -10 (VIOLATED)
_80766_/X                                10     20    -10 (VIOLATED)
_80767_/X                                10     20    -10 (VIOLATED)
_80770_/X                                10     20    -10 (VIOLATED)
_80773_/X                                10     20    -10 (VIOLATED)
_80781_/X                                10     20    -10 (VIOLATED)
_80784_/X                                10     20    -10 (VIOLATED)
_80789_/Y                                10     20    -10 (VIOLATED)
_80791_/X                                10     20    -10 (VIOLATED)
_80798_/X                                10     20    -10 (VIOLATED)
_80801_/X                                10     20    -10 (VIOLATED)
_80802_/X                                10     20    -10 (VIOLATED)
_80803_/Y                                10     20    -10 (VIOLATED)
_80810_/X                                10     20    -10 (VIOLATED)
_80811_/X                                10     20    -10 (VIOLATED)
_80817_/X                                10     20    -10 (VIOLATED)
_80823_/X                                10     20    -10 (VIOLATED)
_80832_/X                                10     20    -10 (VIOLATED)
_80833_/X                                10     20    -10 (VIOLATED)
_80836_/X                                10     20    -10 (VIOLATED)
_80841_/X                                10     20    -10 (VIOLATED)
_80853_/X                                10     20    -10 (VIOLATED)
_80857_/X                                10     20    -10 (VIOLATED)
_80860_/X                                10     20    -10 (VIOLATED)
_80868_/X                                10     20    -10 (VIOLATED)
_80874_/X                                10     20    -10 (VIOLATED)
_80875_/X                                10     20    -10 (VIOLATED)
_80883_/X                                10     20    -10 (VIOLATED)
_80890_/X                                10     20    -10 (VIOLATED)
_80891_/X                                10     20    -10 (VIOLATED)
_80892_/X                                10     20    -10 (VIOLATED)
_80893_/X                                10     20    -10 (VIOLATED)
_80894_/X                                10     20    -10 (VIOLATED)
_80898_/X                                10     20    -10 (VIOLATED)
_80906_/X                                10     20    -10 (VIOLATED)
_80917_/Y                                10     20    -10 (VIOLATED)
_80920_/X                                10     20    -10 (VIOLATED)
_80921_/X                                10     20    -10 (VIOLATED)
_80925_/X                                10     20    -10 (VIOLATED)
_80931_/X                                10     20    -10 (VIOLATED)
_80937_/X                                10     20    -10 (VIOLATED)
_80940_/X                                10     20    -10 (VIOLATED)
_80949_/X                                10     20    -10 (VIOLATED)
_80956_/X                                10     20    -10 (VIOLATED)
_80958_/X                                10     20    -10 (VIOLATED)
_80963_/X                                10     20    -10 (VIOLATED)
_80971_/X                                10     20    -10 (VIOLATED)
_80973_/X                                10     20    -10 (VIOLATED)
_80979_/X                                10     20    -10 (VIOLATED)
_80992_/X                                10     20    -10 (VIOLATED)
_81004_/X                                10     20    -10 (VIOLATED)
_81007_/Y                                10     20    -10 (VIOLATED)
_81009_/X                                10     20    -10 (VIOLATED)
_81011_/X                                10     20    -10 (VIOLATED)
_81012_/X                                10     20    -10 (VIOLATED)
_81026_/X                                10     20    -10 (VIOLATED)
_81027_/X                                10     20    -10 (VIOLATED)
_81039_/X                                10     20    -10 (VIOLATED)
_81040_/X                                10     20    -10 (VIOLATED)
_81041_/X                                10     20    -10 (VIOLATED)
_81044_/X                                10     20    -10 (VIOLATED)
_81052_/X                                10     20    -10 (VIOLATED)
_81058_/X                                10     20    -10 (VIOLATED)
_81066_/X                                10     20    -10 (VIOLATED)
_81067_/X                                10     20    -10 (VIOLATED)
_81076_/X                                10     20    -10 (VIOLATED)
_81077_/X                                10     20    -10 (VIOLATED)
_81079_/X                                10     20    -10 (VIOLATED)
_81085_/X                                10     20    -10 (VIOLATED)
_81122_/X                                10     20    -10 (VIOLATED)
_81130_/X                                10     20    -10 (VIOLATED)
_81160_/X                                10     20    -10 (VIOLATED)
_81161_/X                                10     20    -10 (VIOLATED)
_81169_/X                                10     20    -10 (VIOLATED)
_81174_/X                                10     20    -10 (VIOLATED)
_81206_/X                                10     20    -10 (VIOLATED)
_81215_/X                                10     20    -10 (VIOLATED)
_81221_/X                                10     20    -10 (VIOLATED)
_81249_/X                                10     20    -10 (VIOLATED)
_81275_/X                                10     20    -10 (VIOLATED)
_81277_/X                                10     20    -10 (VIOLATED)
_81294_/X                                10     20    -10 (VIOLATED)
_81295_/X                                10     20    -10 (VIOLATED)
_81298_/X                                10     20    -10 (VIOLATED)
_81299_/X                                10     20    -10 (VIOLATED)
_81301_/X                                10     20    -10 (VIOLATED)
_81328_/X                                10     20    -10 (VIOLATED)
_81332_/X                                10     20    -10 (VIOLATED)
_81335_/X                                10     20    -10 (VIOLATED)
_81373_/X                                10     20    -10 (VIOLATED)
_81391_/X                                10     20    -10 (VIOLATED)
_81409_/X                                10     20    -10 (VIOLATED)
_81424_/X                                10     20    -10 (VIOLATED)
_81446_/X                                10     20    -10 (VIOLATED)
_81447_/X                                10     20    -10 (VIOLATED)
_81450_/X                                10     20    -10 (VIOLATED)
_81451_/X                                10     20    -10 (VIOLATED)
_81633_/X                                10     20    -10 (VIOLATED)
_81635_/X                                10     20    -10 (VIOLATED)
_81637_/X                                10     20    -10 (VIOLATED)
_81638_/X                                10     20    -10 (VIOLATED)
_81644_/X                                10     20    -10 (VIOLATED)
_81645_/X                                10     20    -10 (VIOLATED)
_81646_/X                                10     20    -10 (VIOLATED)
_81647_/X                                10     20    -10 (VIOLATED)
_81679_/X                                10     20    -10 (VIOLATED)
_81723_/X                                10     20    -10 (VIOLATED)
_81724_/X                                10     20    -10 (VIOLATED)
_81775_/X                                10     20    -10 (VIOLATED)
_81776_/X                                10     20    -10 (VIOLATED)
_81783_/X                                10     20    -10 (VIOLATED)
_81785_/X                                10     20    -10 (VIOLATED)
_81787_/X                                10     20    -10 (VIOLATED)
_81797_/X                                10     20    -10 (VIOLATED)
_81805_/X                                10     20    -10 (VIOLATED)
_81806_/X                                10     20    -10 (VIOLATED)
_81807_/X                                10     20    -10 (VIOLATED)
_81808_/X                                10     20    -10 (VIOLATED)
_81810_/X                                10     20    -10 (VIOLATED)
_81811_/X                                10     20    -10 (VIOLATED)
_81812_/X                                10     20    -10 (VIOLATED)
_81824_/X                                10     20    -10 (VIOLATED)
_81828_/X                                10     20    -10 (VIOLATED)
_81832_/X                                10     20    -10 (VIOLATED)
_81838_/X                                10     20    -10 (VIOLATED)
_81857_/X                                10     20    -10 (VIOLATED)
_81860_/X                                10     20    -10 (VIOLATED)
_81862_/X                                10     20    -10 (VIOLATED)
_81870_/X                                10     20    -10 (VIOLATED)
_81872_/X                                10     20    -10 (VIOLATED)
_81887_/X                                10     20    -10 (VIOLATED)
_81985_/X                                10     20    -10 (VIOLATED)
_82154_/X                                10     20    -10 (VIOLATED)
_82349_/X                                10     20    -10 (VIOLATED)
_82350_/X                                10     20    -10 (VIOLATED)
_82519_/X                                10     20    -10 (VIOLATED)
_82520_/X                                10     20    -10 (VIOLATED)
_82667_/X                                10     20    -10 (VIOLATED)
_82824_/X                                10     20    -10 (VIOLATED)
_82964_/X                                10     20    -10 (VIOLATED)
_82965_/X                                10     20    -10 (VIOLATED)
_82967_/X                                10     20    -10 (VIOLATED)
_82972_/X                                10     20    -10 (VIOLATED)
_82973_/X                                10     20    -10 (VIOLATED)
_82976_/X                                10     20    -10 (VIOLATED)
_82979_/X                                10     20    -10 (VIOLATED)
_82981_/X                                10     20    -10 (VIOLATED)
_82982_/X                                10     20    -10 (VIOLATED)
_83099_/X                                10     20    -10 (VIOLATED)
_83100_/X                                10     20    -10 (VIOLATED)
_83104_/X                                10     20    -10 (VIOLATED)
_83110_/X                                10     20    -10 (VIOLATED)
_83111_/X                                10     20    -10 (VIOLATED)
_83114_/X                                10     20    -10 (VIOLATED)
_83115_/X                                10     20    -10 (VIOLATED)
_83116_/X                                10     20    -10 (VIOLATED)
_83127_/X                                10     20    -10 (VIOLATED)
_83130_/X                                10     20    -10 (VIOLATED)
_83131_/X                                10     20    -10 (VIOLATED)
_83135_/X                                10     20    -10 (VIOLATED)
_83141_/X                                10     20    -10 (VIOLATED)
_83142_/X                                10     20    -10 (VIOLATED)
_83143_/X                                10     20    -10 (VIOLATED)
_83144_/X                                10     20    -10 (VIOLATED)
_83147_/X                                10     20    -10 (VIOLATED)
_83148_/X                                10     20    -10 (VIOLATED)
_83156_/X                                10     20    -10 (VIOLATED)
_83157_/X                                10     20    -10 (VIOLATED)
_83158_/X                                10     20    -10 (VIOLATED)
_83163_/X                                10     20    -10 (VIOLATED)
_83164_/X                                10     20    -10 (VIOLATED)
_83178_/X                                10     20    -10 (VIOLATED)
_83179_/X                                10     20    -10 (VIOLATED)
_83181_/X                                10     20    -10 (VIOLATED)
_83182_/X                                10     20    -10 (VIOLATED)
_83190_/X                                10     20    -10 (VIOLATED)
_83198_/X                                10     20    -10 (VIOLATED)
_83199_/X                                10     20    -10 (VIOLATED)
_83200_/X                                10     20    -10 (VIOLATED)
_83201_/X                                10     20    -10 (VIOLATED)
_83214_/X                                10     20    -10 (VIOLATED)
_83229_/X                                10     20    -10 (VIOLATED)
_83230_/X                                10     20    -10 (VIOLATED)
_83231_/X                                10     20    -10 (VIOLATED)
_83236_/X                                10     20    -10 (VIOLATED)
_83243_/X                                10     20    -10 (VIOLATED)
_83253_/X                                10     20    -10 (VIOLATED)
_83255_/X                                10     20    -10 (VIOLATED)
_83261_/X                                10     20    -10 (VIOLATED)
_83268_/X                                10     20    -10 (VIOLATED)
_83271_/X                                10     20    -10 (VIOLATED)
_83280_/X                                10     20    -10 (VIOLATED)
_83285_/X                                10     20    -10 (VIOLATED)
_83296_/X                                10     20    -10 (VIOLATED)
_83299_/X                                10     20    -10 (VIOLATED)
_83305_/X                                10     20    -10 (VIOLATED)
_83306_/X                                10     20    -10 (VIOLATED)
_83313_/X                                10     20    -10 (VIOLATED)
_83318_/X                                10     20    -10 (VIOLATED)
_83323_/X                                10     20    -10 (VIOLATED)
_83324_/X                                10     20    -10 (VIOLATED)
_83325_/X                                10     20    -10 (VIOLATED)
_83336_/X                                10     20    -10 (VIOLATED)
_83367_/X                                10     20    -10 (VIOLATED)
_83374_/X                                10     20    -10 (VIOLATED)
_83375_/X                                10     20    -10 (VIOLATED)
_83376_/X                                10     20    -10 (VIOLATED)
_83377_/X                                10     20    -10 (VIOLATED)
_83383_/X                                10     20    -10 (VIOLATED)
_83384_/X                                10     20    -10 (VIOLATED)
_83402_/X                                10     20    -10 (VIOLATED)
_83417_/X                                10     20    -10 (VIOLATED)
_83446_/X                                10     20    -10 (VIOLATED)
_83454_/X                                10     20    -10 (VIOLATED)
_83489_/X                                10     20    -10 (VIOLATED)
_83490_/X                                10     20    -10 (VIOLATED)
_83507_/X                                10     20    -10 (VIOLATED)
_83509_/X                                10     20    -10 (VIOLATED)
_83551_/X                                10     20    -10 (VIOLATED)
_83559_/X                                10     20    -10 (VIOLATED)
_83561_/X                                10     20    -10 (VIOLATED)
_83607_/X                                10     20    -10 (VIOLATED)
_83620_/X                                10     20    -10 (VIOLATED)
_83637_/X                                10     20    -10 (VIOLATED)
_83645_/X                                10     20    -10 (VIOLATED)
_83654_/X                                10     20    -10 (VIOLATED)
_83656_/X                                10     20    -10 (VIOLATED)
_83657_/X                                10     20    -10 (VIOLATED)
_83660_/X                                10     20    -10 (VIOLATED)
_83662_/X                                10     20    -10 (VIOLATED)
_83663_/X                                10     20    -10 (VIOLATED)
_83686_/X                                10     20    -10 (VIOLATED)
_83691_/X                                10     20    -10 (VIOLATED)
_83692_/X                                10     20    -10 (VIOLATED)
_83701_/X                                10     20    -10 (VIOLATED)
_83702_/X                                10     20    -10 (VIOLATED)
_83734_/X                                10     20    -10 (VIOLATED)
_83736_/X                                10     20    -10 (VIOLATED)
_83742_/X                                10     20    -10 (VIOLATED)
_83744_/X                                10     20    -10 (VIOLATED)
_83753_/X                                10     20    -10 (VIOLATED)
_83760_/X                                10     20    -10 (VIOLATED)
_83761_/X                                10     20    -10 (VIOLATED)
_83769_/X                                10     20    -10 (VIOLATED)
_83770_/X                                10     20    -10 (VIOLATED)
_83772_/X                                10     20    -10 (VIOLATED)
_83809_/X                                10     20    -10 (VIOLATED)
_83817_/X                                10     20    -10 (VIOLATED)
_83850_/X                                10     20    -10 (VIOLATED)
_83964_/X                                10     20    -10 (VIOLATED)
_83971_/X                                10     20    -10 (VIOLATED)
_83972_/X                                10     20    -10 (VIOLATED)
_84112_/X                                10     20    -10 (VIOLATED)
_84168_/X                                10     20    -10 (VIOLATED)
_84182_/X                                10     20    -10 (VIOLATED)
_84183_/X                                10     20    -10 (VIOLATED)
_84349_/X                                10     20    -10 (VIOLATED)
_84360_/X                                10     20    -10 (VIOLATED)
_84369_/X                                10     20    -10 (VIOLATED)
_84370_/X                                10     20    -10 (VIOLATED)
_84372_/X                                10     20    -10 (VIOLATED)
_84376_/X                                10     20    -10 (VIOLATED)
_84378_/X                                10     20    -10 (VIOLATED)
_84397_/X                                10     20    -10 (VIOLATED)
_84398_/X                                10     20    -10 (VIOLATED)
_84408_/X                                10     20    -10 (VIOLATED)
_84409_/X                                10     20    -10 (VIOLATED)
_84411_/X                                10     20    -10 (VIOLATED)
_84441_/X                                10     20    -10 (VIOLATED)
_84451_/X                                10     20    -10 (VIOLATED)
_84477_/X                                10     20    -10 (VIOLATED)
_84478_/X                                10     20    -10 (VIOLATED)
_84494_/X                                10     20    -10 (VIOLATED)
_84503_/X                                10     20    -10 (VIOLATED)
_84544_/X                                10     20    -10 (VIOLATED)
_84808_/X                                10     20    -10 (VIOLATED)
_85067_/X                                10     20    -10 (VIOLATED)
_85069_/X                                10     20    -10 (VIOLATED)
_85071_/X                                10     20    -10 (VIOLATED)
_85074_/X                                10     20    -10 (VIOLATED)
_85076_/X                                10     20    -10 (VIOLATED)
_85077_/X                                10     20    -10 (VIOLATED)
_85103_/X                                10     20    -10 (VIOLATED)
_85104_/X                                10     20    -10 (VIOLATED)
_85113_/X                                10     20    -10 (VIOLATED)
_85114_/X                                10     20    -10 (VIOLATED)
_85118_/X                                10     20    -10 (VIOLATED)
_85168_/X                                10     20    -10 (VIOLATED)
_85176_/X                                10     20    -10 (VIOLATED)
_85179_/X                                10     20    -10 (VIOLATED)
_85207_/X                                10     20    -10 (VIOLATED)
_85216_/X                                10     20    -10 (VIOLATED)
_85217_/X                                10     20    -10 (VIOLATED)
_85751_/X                                10     20    -10 (VIOLATED)
_85772_/X                                10     20    -10 (VIOLATED)
_85774_/X                                10     20    -10 (VIOLATED)
_85775_/X                                10     20    -10 (VIOLATED)
_85777_/X                                10     20    -10 (VIOLATED)
_85780_/X                                10     20    -10 (VIOLATED)
_85801_/X                                10     20    -10 (VIOLATED)
_85802_/X                                10     20    -10 (VIOLATED)
_85814_/X                                10     20    -10 (VIOLATED)
_85815_/X                                10     20    -10 (VIOLATED)
_85818_/X                                10     20    -10 (VIOLATED)
_85846_/X                                10     20    -10 (VIOLATED)
_85856_/X                                10     20    -10 (VIOLATED)
_85858_/X                                10     20    -10 (VIOLATED)
_85882_/X                                10     20    -10 (VIOLATED)
_85884_/X                                10     20    -10 (VIOLATED)
_85902_/X                                10     20    -10 (VIOLATED)
_85912_/X                                10     20    -10 (VIOLATED)
_85924_/X                                10     20    -10 (VIOLATED)
_86478_/X                                10     20    -10 (VIOLATED)
_86479_/X                                10     20    -10 (VIOLATED)
_86481_/X                                10     20    -10 (VIOLATED)
_86485_/X                                10     20    -10 (VIOLATED)
_86488_/X                                10     20    -10 (VIOLATED)
_86514_/X                                10     20    -10 (VIOLATED)
_86515_/X                                10     20    -10 (VIOLATED)
_86516_/X                                10     20    -10 (VIOLATED)
_86525_/X                                10     20    -10 (VIOLATED)
_86526_/X                                10     20    -10 (VIOLATED)
_86556_/X                                10     20    -10 (VIOLATED)
_86566_/X                                10     20    -10 (VIOLATED)
_86582_/X                                10     20    -10 (VIOLATED)
_86590_/X                                10     20    -10 (VIOLATED)
_86593_/X                                10     20    -10 (VIOLATED)
_86626_/X                                10     20    -10 (VIOLATED)
_86636_/X                                10     20    -10 (VIOLATED)
_87185_/X                                10     20    -10 (VIOLATED)
_87186_/X                                10     20    -10 (VIOLATED)
_87189_/X                                10     20    -10 (VIOLATED)
_87193_/X                                10     20    -10 (VIOLATED)
_87195_/X                                10     20    -10 (VIOLATED)
_87196_/X                                10     20    -10 (VIOLATED)
_87222_/X                                10     20    -10 (VIOLATED)
_87231_/X                                10     20    -10 (VIOLATED)
_87233_/X                                10     20    -10 (VIOLATED)
_87256_/X                                10     20    -10 (VIOLATED)
_87258_/X                                10     20    -10 (VIOLATED)
_87259_/X                                10     20    -10 (VIOLATED)
_87262_/X                                10     20    -10 (VIOLATED)
_87266_/X                                10     20    -10 (VIOLATED)
_87267_/X                                10     20    -10 (VIOLATED)
_87299_/X                                10     20    -10 (VIOLATED)
_87315_/X                                10     20    -10 (VIOLATED)
_87327_/X                                10     20    -10 (VIOLATED)
_87881_/X                                10     20    -10 (VIOLATED)
_87882_/X                                10     20    -10 (VIOLATED)
_87884_/X                                10     20    -10 (VIOLATED)
_87888_/X                                10     20    -10 (VIOLATED)
_87890_/X                                10     20    -10 (VIOLATED)
_87891_/X                                10     20    -10 (VIOLATED)
_87917_/X                                10     20    -10 (VIOLATED)
_87918_/X                                10     20    -10 (VIOLATED)
_87929_/X                                10     20    -10 (VIOLATED)
_87931_/X                                10     20    -10 (VIOLATED)
_87932_/X                                10     20    -10 (VIOLATED)
_87969_/X                                10     20    -10 (VIOLATED)
_87970_/X                                10     20    -10 (VIOLATED)
_87987_/X                                10     20    -10 (VIOLATED)
_87993_/X                                10     20    -10 (VIOLATED)
_87996_/X                                10     20    -10 (VIOLATED)
_88036_/X                                10     20    -10 (VIOLATED)
_88076_/X                                10     20    -10 (VIOLATED)
_88620_/Q                                10     20    -10 (VIOLATED)
_88818_/Q                                10     20    -10 (VIOLATED)
_96121_/Q                                10     20    -10 (VIOLATED)
clkbuf_7_0__f_clk/X                      10     20    -10 (VIOLATED)
clkbuf_7_10__f_clk/X                     10     20    -10 (VIOLATED)
clkbuf_7_11__f_clk/X                     10     20    -10 (VIOLATED)
clkbuf_7_120__f_clk/X                    10     20    -10 (VIOLATED)
clkbuf_7_1__f_clk/X                      10     20    -10 (VIOLATED)
clkbuf_7_20__f_clk/X                     10     20    -10 (VIOLATED)
clkbuf_7_21__f_clk/X                     10     20    -10 (VIOLATED)
clkbuf_7_8__f_clk/X                      10     20    -10 (VIOLATED)
clkbuf_7_99__f_clk/X                     10     20    -10 (VIOLATED)
fanout722/X                              10     20    -10 (VIOLATED)
fanout724/X                              10     20    -10 (VIOLATED)
fanout725/X                              10     20    -10 (VIOLATED)
fanout727/X                              10     20    -10 (VIOLATED)
fanout731/X                              10     20    -10 (VIOLATED)
fanout732/X                              10     20    -10 (VIOLATED)
fanout733/X                              10     20    -10 (VIOLATED)
fanout734/X                              10     20    -10 (VIOLATED)
fanout735/X                              10     20    -10 (VIOLATED)
fanout739/X                              10     20    -10 (VIOLATED)
fanout741/X                              10     20    -10 (VIOLATED)
fanout742/X                              10     20    -10 (VIOLATED)
fanout745/X                              10     20    -10 (VIOLATED)
fanout750/X                              10     20    -10 (VIOLATED)
fanout752/X                              10     20    -10 (VIOLATED)
fanout759/X                              10     20    -10 (VIOLATED)
fanout767/X                              10     20    -10 (VIOLATED)
fanout771/X                              10     20    -10 (VIOLATED)
fanout777/X                              10     20    -10 (VIOLATED)
fanout778/X                              10     20    -10 (VIOLATED)
fanout780/X                              10     20    -10 (VIOLATED)
fanout781/X                              10     20    -10 (VIOLATED)
fanout782/X                              10     20    -10 (VIOLATED)
fanout783/X                              10     20    -10 (VIOLATED)
fanout784/X                              10     20    -10 (VIOLATED)
fanout786/X                              10     20    -10 (VIOLATED)
wire319/X                                10     20    -10 (VIOLATED)
_44320_/X                                10     18     -8 (VIOLATED)
_45093_/Y                                10     18     -8 (VIOLATED)
_47857_/Y                                10     18     -8 (VIOLATED)
_53464_/X                                10     18     -8 (VIOLATED)
_54641_/X                                10     18     -8 (VIOLATED)
_54728_/X                                10     18     -8 (VIOLATED)
_54821_/X                                10     18     -8 (VIOLATED)
_54867_/X                                10     18     -8 (VIOLATED)
_54906_/X                                10     18     -8 (VIOLATED)
_54954_/X                                10     18     -8 (VIOLATED)
_55002_/X                                10     18     -8 (VIOLATED)
_55107_/X                                10     18     -8 (VIOLATED)
_55147_/X                                10     18     -8 (VIOLATED)
_55187_/X                                10     18     -8 (VIOLATED)
_55227_/X                                10     18     -8 (VIOLATED)
_55267_/X                                10     18     -8 (VIOLATED)
_55308_/Y                                10     18     -8 (VIOLATED)
_55363_/Y                                10     18     -8 (VIOLATED)
_55440_/X                                10     18     -8 (VIOLATED)
_55479_/Y                                10     18     -8 (VIOLATED)
_55535_/X                                10     18     -8 (VIOLATED)
_55574_/X                                10     18     -8 (VIOLATED)
_55613_/X                                10     18     -8 (VIOLATED)
_55651_/Y                                10     18     -8 (VIOLATED)
_55690_/X                                10     18     -8 (VIOLATED)
_55768_/X                                10     18     -8 (VIOLATED)
_55807_/X                                10     18     -8 (VIOLATED)
_55846_/X                                10     18     -8 (VIOLATED)
_55885_/X                                10     18     -8 (VIOLATED)
_55924_/X                                10     18     -8 (VIOLATED)
_55964_/Y                                10     18     -8 (VIOLATED)
_56002_/Y                                10     18     -8 (VIOLATED)
_56080_/X                                10     18     -8 (VIOLATED)
_56118_/Y                                10     18     -8 (VIOLATED)
_56157_/X                                10     18     -8 (VIOLATED)
_56274_/Y                                10     18     -8 (VIOLATED)
_56329_/Y                                10     18     -8 (VIOLATED)
_56405_/Y                                10     18     -8 (VIOLATED)
_56481_/Y                                10     18     -8 (VIOLATED)
_56519_/Y                                10     18     -8 (VIOLATED)
_56557_/Y                                10     18     -8 (VIOLATED)
_56597_/Y                                10     18     -8 (VIOLATED)
_56635_/Y                                10     18     -8 (VIOLATED)
_56731_/X                                10     18     -8 (VIOLATED)
_56769_/Y                                10     18     -8 (VIOLATED)
_56808_/X                                10     18     -8 (VIOLATED)
_56886_/X                                10     18     -8 (VIOLATED)
_56924_/Y                                10     18     -8 (VIOLATED)
_56962_/Y                                10     18     -8 (VIOLATED)
_57038_/Y                                10     18     -8 (VIOLATED)
_57076_/Y                                10     18     -8 (VIOLATED)
_57114_/Y                                10     18     -8 (VIOLATED)
_57152_/Y                                10     18     -8 (VIOLATED)
_57229_/Y                                10     18     -8 (VIOLATED)
_62972_/Y                                10     18     -8 (VIOLATED)
_63291_/X                                10     18     -8 (VIOLATED)
_63889_/X                                10     18     -8 (VIOLATED)
_64487_/X                                10     18     -8 (VIOLATED)
_65699_/X                                10     18     -8 (VIOLATED)
_66126_/X                                10     18     -8 (VIOLATED)
_66156_/X                                10     18     -8 (VIOLATED)
_66299_/X                                10     18     -8 (VIOLATED)
_66916_/X                                10     18     -8 (VIOLATED)
_68119_/X                                10     18     -8 (VIOLATED)
_70609_/X                                10     18     -8 (VIOLATED)
_71800_/X                                10     18     -8 (VIOLATED)
_76519_/Y                                10     18     -8 (VIOLATED)
_76842_/X                                10     18     -8 (VIOLATED)
_76845_/X                                10     18     -8 (VIOLATED)
_76846_/X                                10     18     -8 (VIOLATED)
_78421_/X                                10     18     -8 (VIOLATED)
_78495_/X                                10     18     -8 (VIOLATED)
_78619_/X                                10     18     -8 (VIOLATED)
_78690_/Y                                10     18     -8 (VIOLATED)
_78820_/Y                                10     18     -8 (VIOLATED)
_78878_/Y                                10     18     -8 (VIOLATED)
_79095_/Y                                10     18     -8 (VIOLATED)
_79250_/Y                                10     18     -8 (VIOLATED)
_79314_/Y                                10     18     -8 (VIOLATED)
_79339_/Y                                10     18     -8 (VIOLATED)
_79349_/X                                10     18     -8 (VIOLATED)
_79368_/Y                                10     18     -8 (VIOLATED)
_79459_/Y                                10     18     -8 (VIOLATED)
_79546_/Y                                10     18     -8 (VIOLATED)
_79765_/X                                10     18     -8 (VIOLATED)
_79782_/X                                10     18     -8 (VIOLATED)
_79875_/Y                                10     18     -8 (VIOLATED)
_80080_/Y                                10     18     -8 (VIOLATED)
_80302_/Y                                10     18     -8 (VIOLATED)
_80409_/Y                                10     18     -8 (VIOLATED)
_80526_/X                                10     18     -8 (VIOLATED)
_80581_/X                                10     18     -8 (VIOLATED)
_80635_/Y                                10     18     -8 (VIOLATED)
_80690_/X                                10     18     -8 (VIOLATED)
_80751_/Y                                10     18     -8 (VIOLATED)
_80796_/X                                10     18     -8 (VIOLATED)
_80808_/X                                10     18     -8 (VIOLATED)
_80829_/X                                10     18     -8 (VIOLATED)
_80842_/Y                                10     18     -8 (VIOLATED)
_80888_/Y                                10     18     -8 (VIOLATED)
_80909_/X                                10     18     -8 (VIOLATED)
_80955_/Y                                10     18     -8 (VIOLATED)
_80981_/X                                10     18     -8 (VIOLATED)
_80985_/Y                                10     18     -8 (VIOLATED)
_80989_/X                                10     18     -8 (VIOLATED)
_81029_/X                                10     18     -8 (VIOLATED)
_81129_/X                                10     18     -8 (VIOLATED)
_81413_/Y                                10     18     -8 (VIOLATED)
_81774_/X                                10     18     -8 (VIOLATED)
_81878_/Y                                10     18     -8 (VIOLATED)
_88819_/Q                                10     18     -8 (VIOLATED)
_96057_/Q                                10     18     -8 (VIOLATED)
_96058_/Q                                10     18     -8 (VIOLATED)
_96059_/Q                                10     18     -8 (VIOLATED)
_96060_/Q                                10     18     -8 (VIOLATED)
_96061_/Q                                10     18     -8 (VIOLATED)
_96062_/Q                                10     18     -8 (VIOLATED)
_96063_/Q                                10     18     -8 (VIOLATED)
_96064_/Q                                10     18     -8 (VIOLATED)
_96065_/Q                                10     18     -8 (VIOLATED)
_96066_/Q                                10     18     -8 (VIOLATED)
_96067_/Q                                10     18     -8 (VIOLATED)
_96068_/Q                                10     18     -8 (VIOLATED)
_96069_/Q                                10     18     -8 (VIOLATED)
_96070_/Q                                10     18     -8 (VIOLATED)
_96071_/Q                                10     18     -8 (VIOLATED)
_96072_/Q                                10     18     -8 (VIOLATED)
_96073_/Q                                10     18     -8 (VIOLATED)
_96074_/Q                                10     18     -8 (VIOLATED)
_96075_/Q                                10     18     -8 (VIOLATED)
_96076_/Q                                10     18     -8 (VIOLATED)
_96077_/Q                                10     18     -8 (VIOLATED)
_96078_/Q                                10     18     -8 (VIOLATED)
_96079_/Q                                10     18     -8 (VIOLATED)
_96080_/Q                                10     18     -8 (VIOLATED)
_96081_/Q                                10     18     -8 (VIOLATED)
_96082_/Q                                10     18     -8 (VIOLATED)
_96083_/Q                                10     18     -8 (VIOLATED)
_96084_/Q                                10     18     -8 (VIOLATED)
_96085_/Q                                10     18     -8 (VIOLATED)
_96086_/Q                                10     18     -8 (VIOLATED)
_96087_/Q                                10     18     -8 (VIOLATED)
_96088_/Q                                10     18     -8 (VIOLATED)
_96089_/Q                                10     18     -8 (VIOLATED)
_96090_/Q                                10     18     -8 (VIOLATED)
_96091_/Q                                10     18     -8 (VIOLATED)
_96092_/Q                                10     18     -8 (VIOLATED)
_96093_/Q                                10     18     -8 (VIOLATED)
_96094_/Q                                10     18     -8 (VIOLATED)
_96095_/Q                                10     18     -8 (VIOLATED)
_96096_/Q                                10     18     -8 (VIOLATED)
_96097_/Q                                10     18     -8 (VIOLATED)
_96098_/Q                                10     18     -8 (VIOLATED)
_96099_/Q                                10     18     -8 (VIOLATED)
_96100_/Q                                10     18     -8 (VIOLATED)
_96101_/Q                                10     18     -8 (VIOLATED)
_96102_/Q                                10     18     -8 (VIOLATED)
_96103_/Q                                10     18     -8 (VIOLATED)
_96104_/Q                                10     18     -8 (VIOLATED)
_96105_/Q                                10     18     -8 (VIOLATED)
_96106_/Q                                10     18     -8 (VIOLATED)
_96108_/Q                                10     18     -8 (VIOLATED)
_96109_/Q                                10     18     -8 (VIOLATED)
_96110_/Q                                10     18     -8 (VIOLATED)
_96111_/Q                                10     18     -8 (VIOLATED)
_96112_/Q                                10     18     -8 (VIOLATED)
_96113_/Q                                10     18     -8 (VIOLATED)
_96114_/Q                                10     18     -8 (VIOLATED)
_96115_/Q                                10     18     -8 (VIOLATED)
_96116_/Q                                10     18     -8 (VIOLATED)
_96117_/Q                                10     18     -8 (VIOLATED)
_96118_/Q                                10     18     -8 (VIOLATED)
_96119_/Q                                10     18     -8 (VIOLATED)
_96120_/Q                                10     18     -8 (VIOLATED)
clkbuf_7_100__f_clk/X                    10     18     -8 (VIOLATED)
clkbuf_7_107__f_clk/X                    10     18     -8 (VIOLATED)
clkbuf_7_109__f_clk/X                    10     18     -8 (VIOLATED)
clkbuf_7_15__f_clk/X                     10     18     -8 (VIOLATED)
clkbuf_7_17__f_clk/X                     10     18     -8 (VIOLATED)
clkbuf_7_19__f_clk/X                     10     18     -8 (VIOLATED)
clkbuf_7_22__f_clk/X                     10     18     -8 (VIOLATED)
clkbuf_7_2__f_clk/X                      10     18     -8 (VIOLATED)
clkbuf_7_31__f_clk/X                     10     18     -8 (VIOLATED)
clkbuf_7_4__f_clk/X                      10     18     -8 (VIOLATED)
clkbuf_7_56__f_clk/X                     10     18     -8 (VIOLATED)
clkbuf_7_5__f_clk/X                      10     18     -8 (VIOLATED)
clkbuf_7_60__f_clk/X                     10     18     -8 (VIOLATED)
clkbuf_7_66__f_clk/X                     10     18     -8 (VIOLATED)
clkbuf_7_67__f_clk/X                     10     18     -8 (VIOLATED)
clkbuf_7_68__f_clk/X                     10     18     -8 (VIOLATED)
clkbuf_7_6__f_clk/X                      10     18     -8 (VIOLATED)
clkbuf_7_70__f_clk/X                     10     18     -8 (VIOLATED)
clkbuf_7_83__f_clk/X                     10     18     -8 (VIOLATED)
clkbuf_7_84__f_clk/X                     10     18     -8 (VIOLATED)
clkbuf_7_85__f_clk/X                     10     18     -8 (VIOLATED)
clkbuf_leaf_318_clk/X                    10     18     -8 (VIOLATED)
fanout753/X                              10     18     -8 (VIOLATED)
fanout756/X                              10     18     -8 (VIOLATED)
load_slew326/X                           10     18     -8 (VIOLATED)
load_slew330/X                           10     18     -8 (VIOLATED)
max_cap392/X                             10     18     -8 (VIOLATED)
wire276/X                                10     18     -8 (VIOLATED)
_93515_/Q                                10     17     -7 (VIOLATED)
clkbuf_leaf_130_clk/X                    10     17     -7 (VIOLATED)
clkbuf_leaf_571_clk/X                    10     17     -7 (VIOLATED)
_45699_/X                                10     16     -6 (VIOLATED)
_48714_/X                                10     16     -6 (VIOLATED)
_49294_/X                                10     16     -6 (VIOLATED)
_49537_/X                                10     16     -6 (VIOLATED)
_50017_/X                                10     16     -6 (VIOLATED)
_50251_/X                                10     16     -6 (VIOLATED)
_50727_/Y                                10     16     -6 (VIOLATED)
_60617_/Y                                10     16     -6 (VIOLATED)
_60636_/Y                                10     16     -6 (VIOLATED)
_60676_/Y                                10     16     -6 (VIOLATED)
_60696_/Y                                10     16     -6 (VIOLATED)
_60716_/Y                                10     16     -6 (VIOLATED)
_60736_/Y                                10     16     -6 (VIOLATED)
_60754_/Y                                10     16     -6 (VIOLATED)
_60755_/Y                                10     16     -6 (VIOLATED)
_60774_/Y                                10     16     -6 (VIOLATED)
_60795_/Y                                10     16     -6 (VIOLATED)
_60822_/Y                                10     16     -6 (VIOLATED)
_60842_/Y                                10     16     -6 (VIOLATED)
_60862_/Y                                10     16     -6 (VIOLATED)
_60882_/Y                                10     16     -6 (VIOLATED)
_60902_/Y                                10     16     -6 (VIOLATED)
_60941_/Y                                10     16     -6 (VIOLATED)
_61110_/Y                                10     16     -6 (VIOLATED)
_61144_/Y                                10     16     -6 (VIOLATED)
_61257_/Y                                10     16     -6 (VIOLATED)
_61308_/Y                                10     16     -6 (VIOLATED)
_61469_/Y                                10     16     -6 (VIOLATED)
_61684_/Y                                10     16     -6 (VIOLATED)
_61743_/Y                                10     16     -6 (VIOLATED)
_61760_/Y                                10     16     -6 (VIOLATED)
_61777_/Y                                10     16     -6 (VIOLATED)
_61975_/Y                                10     16     -6 (VIOLATED)
_62009_/Y                                10     16     -6 (VIOLATED)
_62105_/Y                                10     16     -6 (VIOLATED)
_62139_/Y                                10     16     -6 (VIOLATED)
_62173_/Y                                10     16     -6 (VIOLATED)
_62259_/Y                                10     16     -6 (VIOLATED)
_62334_/Y                                10     16     -6 (VIOLATED)
_62515_/Y                                10     16     -6 (VIOLATED)
_62679_/Y                                10     16     -6 (VIOLATED)
_62696_/Y                                10     16     -6 (VIOLATED)
_62747_/Y                                10     16     -6 (VIOLATED)
_62781_/Y                                10     16     -6 (VIOLATED)
_62900_/Y                                10     16     -6 (VIOLATED)
_66046_/X                                10     16     -6 (VIOLATED)
_71204_/X                                10     16     -6 (VIOLATED)
_78478_/X                                10     16     -6 (VIOLATED)
_78479_/Y                                10     16     -6 (VIOLATED)
_78758_/X                                10     16     -6 (VIOLATED)
_78916_/X                                10     16     -6 (VIOLATED)
_78950_/Y                                10     16     -6 (VIOLATED)
_79025_/X                                10     16     -6 (VIOLATED)
_79060_/Y                                10     16     -6 (VIOLATED)
_79237_/Y                                10     16     -6 (VIOLATED)
_79246_/X                                10     16     -6 (VIOLATED)
_79249_/X                                10     16     -6 (VIOLATED)
_79346_/X                                10     16     -6 (VIOLATED)
_79360_/X                                10     16     -6 (VIOLATED)
_79576_/Y                                10     16     -6 (VIOLATED)
_79598_/X                                10     16     -6 (VIOLATED)
_79745_/X                                10     16     -6 (VIOLATED)
_79916_/X                                10     16     -6 (VIOLATED)
_79975_/Y                                10     16     -6 (VIOLATED)
_80242_/Y                                10     16     -6 (VIOLATED)
_80439_/X                                10     16     -6 (VIOLATED)
_80451_/X                                10     16     -6 (VIOLATED)
_80631_/Y                                10     16     -6 (VIOLATED)
_80655_/X                                10     16     -6 (VIOLATED)
_80715_/X                                10     16     -6 (VIOLATED)
_80739_/Y                                10     16     -6 (VIOLATED)
_80775_/Y                                10     16     -6 (VIOLATED)
_80805_/X                                10     16     -6 (VIOLATED)
_80843_/Y                                10     16     -6 (VIOLATED)
_81088_/X                                10     16     -6 (VIOLATED)
_81199_/X                                10     16     -6 (VIOLATED)
_81202_/Y                                10     16     -6 (VIOLATED)
_81216_/X                                10     16     -6 (VIOLATED)
_81464_/X                                10     16     -6 (VIOLATED)
_81471_/X                                10     16     -6 (VIOLATED)
_81796_/Y                                10     16     -6 (VIOLATED)
_81898_/X                                10     16     -6 (VIOLATED)
_81972_/X                                10     16     -6 (VIOLATED)
_81989_/Y                                10     16     -6 (VIOLATED)
_82152_/X                                10     16     -6 (VIOLATED)
_82153_/Y                                10     16     -6 (VIOLATED)
_82242_/X                                10     16     -6 (VIOLATED)
_82665_/X                                10     16     -6 (VIOLATED)
_82748_/X                                10     16     -6 (VIOLATED)
_82822_/X                                10     16     -6 (VIOLATED)
_82896_/X                                10     16     -6 (VIOLATED)
_82962_/X                                10     16     -6 (VIOLATED)
_83295_/X                                10     16     -6 (VIOLATED)
_83317_/X                                10     16     -6 (VIOLATED)
_86641_/Y                                10     16     -6 (VIOLATED)
clkbuf_3_0_0_clk/X                       10     16     -6 (VIOLATED)
clkbuf_3_1_0_clk/X                       10     16     -6 (VIOLATED)
clkbuf_3_2_0_clk/X                       10     16     -6 (VIOLATED)
clkbuf_3_3_0_clk/X                       10     16     -6 (VIOLATED)
clkbuf_3_4_0_clk/X                       10     16     -6 (VIOLATED)
clkbuf_3_5_0_clk/X                       10     16     -6 (VIOLATED)
clkbuf_3_6_0_clk/X                       10     16     -6 (VIOLATED)
clkbuf_3_7_0_clk/X                       10     16     -6 (VIOLATED)
clkbuf_7_103__f_clk/X                    10     16     -6 (VIOLATED)
clkbuf_7_105__f_clk/X                    10     16     -6 (VIOLATED)
clkbuf_7_106__f_clk/X                    10     16     -6 (VIOLATED)
clkbuf_7_110__f_clk/X                    10     16     -6 (VIOLATED)
clkbuf_7_111__f_clk/X                    10     16     -6 (VIOLATED)
clkbuf_7_113__f_clk/X                    10     16     -6 (VIOLATED)
clkbuf_7_123__f_clk/X                    10     16     -6 (VIOLATED)
clkbuf_7_125__f_clk/X                    10     16     -6 (VIOLATED)
clkbuf_7_12__f_clk/X                     10     16     -6 (VIOLATED)
clkbuf_7_14__f_clk/X                     10     16     -6 (VIOLATED)
clkbuf_7_18__f_clk/X                     10     16     -6 (VIOLATED)
clkbuf_7_27__f_clk/X                     10     16     -6 (VIOLATED)
clkbuf_7_30__f_clk/X                     10     16     -6 (VIOLATED)
clkbuf_7_52__f_clk/X                     10     16     -6 (VIOLATED)
clkbuf_7_69__f_clk/X                     10     16     -6 (VIOLATED)
clkbuf_7_78__f_clk/X                     10     16     -6 (VIOLATED)
clkbuf_7_79__f_clk/X                     10     16     -6 (VIOLATED)
clkbuf_7_7__f_clk/X                      10     16     -6 (VIOLATED)
clkbuf_7_81__f_clk/X                     10     16     -6 (VIOLATED)
clkbuf_7_82__f_clk/X                     10     16     -6 (VIOLATED)
clkbuf_7_98__f_clk/X                     10     16     -6 (VIOLATED)
clkbuf_7_9__f_clk/X                      10     16     -6 (VIOLATED)
clkbuf_leaf_289_clk/X                    10     16     -6 (VIOLATED)
clkbuf_leaf_320_clk/X                    10     16     -6 (VIOLATED)
clkbuf_leaf_525_clk/X                    10     16     -6 (VIOLATED)
clkbuf_leaf_768_clk/X                    10     16     -6 (VIOLATED)
clkbuf_leaf_867_clk/X                    10     16     -6 (VIOLATED)
fanout746/X                              10     16     -6 (VIOLATED)
fanout757/X                              10     16     -6 (VIOLATED)
fanout758/X                              10     16     -6 (VIOLATED)
fanout787/X                              10     16     -6 (VIOLATED)
max_cap275/X                             10     16     -6 (VIOLATED)
max_cap280/X                             10     16     -6 (VIOLATED)
max_cap309/X                             10     16     -6 (VIOLATED)
max_cap389/X                             10     16     -6 (VIOLATED)
max_cap406/X                             10     16     -6 (VIOLATED)
max_cap417/X                             10     16     -6 (VIOLATED)
wire273/X                                10     16     -6 (VIOLATED)
wire281/X                                10     16     -6 (VIOLATED)
wire283/X                                10     16     -6 (VIOLATED)
wire285/X                                10     16     -6 (VIOLATED)
wire318/X                                10     16     -6 (VIOLATED)
wire320/X                                10     16     -6 (VIOLATED)
wire369/X                                10     16     -6 (VIOLATED)
wire379/X                                10     16     -6 (VIOLATED)
wire404/X                                10     16     -6 (VIOLATED)
wire407/X                                10     16     -6 (VIOLATED)
wire442/X                                10     16     -6 (VIOLATED)
wire445/X                                10     16     -6 (VIOLATED)
wire456/X                                10     16     -6 (VIOLATED)
wire466/X                                10     16     -6 (VIOLATED)
wire485/X                                10     16     -6 (VIOLATED)
wire532/X                                10     16     -6 (VIOLATED)
wire542/X                                10     16     -6 (VIOLATED)
wire610/X                                10     16     -6 (VIOLATED)
wire613/X                                10     16     -6 (VIOLATED)
wire614/X                                10     16     -6 (VIOLATED)
wire623/X                                10     16     -6 (VIOLATED)
wire626/X                                10     16     -6 (VIOLATED)
wire627/X                                10     16     -6 (VIOLATED)
wire660/X                                10     16     -6 (VIOLATED)
wire663/X                                10     16     -6 (VIOLATED)
wire685/X                                10     16     -6 (VIOLATED)
clkbuf_leaf_22_clk/X                     10     15     -5 (VIOLATED)
clkbuf_leaf_234_clk/X                    10     15     -5 (VIOLATED)
clkbuf_leaf_28_clk/X                     10     15     -5 (VIOLATED)
clkbuf_leaf_462_clk/X                    10     15     -5 (VIOLATED)
clkbuf_leaf_484_clk/X                    10     15     -5 (VIOLATED)
clkbuf_leaf_561_clk/X                    10     15     -5 (VIOLATED)
clkbuf_leaf_574_clk/X                    10     15     -5 (VIOLATED)
clkbuf_leaf_707_clk/X                    10     15     -5 (VIOLATED)
clkbuf_leaf_825_clk/X                    10     15     -5 (VIOLATED)
clkbuf_leaf_98_clk/X                     10     15     -5 (VIOLATED)
_44934_/X                                10     14     -4 (VIOLATED)
_44936_/X                                10     14     -4 (VIOLATED)
_45232_/Y                                10     14     -4 (VIOLATED)
_48418_/X                                10     14     -4 (VIOLATED)
_48995_/X                                10     14     -4 (VIOLATED)
_49339_/X                                10     14     -4 (VIOLATED)
_53460_/Y                                10     14     -4 (VIOLATED)
_54721_/X                                10     14     -4 (VIOLATED)
_54814_/X                                10     14     -4 (VIOLATED)
_54860_/X                                10     14     -4 (VIOLATED)
_55306_/Y                                10     14     -4 (VIOLATED)
_60615_/X                                10     14     -4 (VIOLATED)
_60920_/Y                                10     14     -4 (VIOLATED)
_60939_/X                                10     14     -4 (VIOLATED)
_61238_/X                                10     14     -4 (VIOLATED)
_61521_/X                                10     14     -4 (VIOLATED)
_61812_/X                                10     14     -4 (VIOLATED)
_62103_/X                                10     14     -4 (VIOLATED)
_62386_/X                                10     14     -4 (VIOLATED)
_62991_/Y                                10     14     -4 (VIOLATED)
_63031_/Y                                10     14     -4 (VIOLATED)
_64569_/Y                                10     14     -4 (VIOLATED)
_65467_/Y                                10     14     -4 (VIOLATED)
_66061_/X                                10     14     -4 (VIOLATED)
_66740_/Y                                10     14     -4 (VIOLATED)
_66772_/Y                                10     14     -4 (VIOLATED)
_67264_/Y                                10     14     -4 (VIOLATED)
_68511_/Y                                10     14     -4 (VIOLATED)
_72223_/Y                                10     14     -4 (VIOLATED)
_72857_/Y                                10     14     -4 (VIOLATED)
_74025_/Y                                10     14     -4 (VIOLATED)
_76478_/X                                10     14     -4 (VIOLATED)
_76958_/Y                                10     14     -4 (VIOLATED)
_77914_/X                                10     14     -4 (VIOLATED)
_78267_/X                                10     14     -4 (VIOLATED)
_78324_/X                                10     14     -4 (VIOLATED)
_78387_/X                                10     14     -4 (VIOLATED)
_78396_/Y                                10     14     -4 (VIOLATED)
_78516_/Y                                10     14     -4 (VIOLATED)
_78580_/X                                10     14     -4 (VIOLATED)
_78605_/X                                10     14     -4 (VIOLATED)
_78616_/X                                10     14     -4 (VIOLATED)
_78698_/Y                                10     14     -4 (VIOLATED)
_78724_/X                                10     14     -4 (VIOLATED)
_78881_/X                                10     14     -4 (VIOLATED)
_78899_/X                                10     14     -4 (VIOLATED)
_78985_/X                                10     14     -4 (VIOLATED)
_79061_/Y                                10     14     -4 (VIOLATED)
_79125_/Y                                10     14     -4 (VIOLATED)
_79215_/X                                10     14     -4 (VIOLATED)
_79223_/X                                10     14     -4 (VIOLATED)
_79327_/X                                10     14     -4 (VIOLATED)
_79362_/X                                10     14     -4 (VIOLATED)
_79455_/X                                10     14     -4 (VIOLATED)
_79510_/Y                                10     14     -4 (VIOLATED)
_79560_/Y                                10     14     -4 (VIOLATED)
_79648_/Y                                10     14     -4 (VIOLATED)
_79692_/X                                10     14     -4 (VIOLATED)
_79696_/X                                10     14     -4 (VIOLATED)
_79976_/Y                                10     14     -4 (VIOLATED)
_80128_/Y                                10     14     -4 (VIOLATED)
_80149_/Y                                10     14     -4 (VIOLATED)
_80167_/X                                10     14     -4 (VIOLATED)
_80173_/X                                10     14     -4 (VIOLATED)
_80212_/X                                10     14     -4 (VIOLATED)
_80278_/X                                10     14     -4 (VIOLATED)
_80406_/X                                10     14     -4 (VIOLATED)
_80422_/X                                10     14     -4 (VIOLATED)
_80493_/X                                10     14     -4 (VIOLATED)
_80516_/X                                10     14     -4 (VIOLATED)
_80518_/X                                10     14     -4 (VIOLATED)
_80636_/X                                10     14     -4 (VIOLATED)
_80648_/X                                10     14     -4 (VIOLATED)
_80649_/Y                                10     14     -4 (VIOLATED)
_80656_/X                                10     14     -4 (VIOLATED)
_80666_/Y                                10     14     -4 (VIOLATED)
_80682_/Y                                10     14     -4 (VIOLATED)
_80700_/X                                10     14     -4 (VIOLATED)
_80785_/Y                                10     14     -4 (VIOLATED)
_80788_/X                                10     14     -4 (VIOLATED)
_80794_/Y                                10     14     -4 (VIOLATED)
_80806_/Y                                10     14     -4 (VIOLATED)
_80818_/Y                                10     14     -4 (VIOLATED)
_80819_/X                                10     14     -4 (VIOLATED)
_80821_/X                                10     14     -4 (VIOLATED)
_80835_/X                                10     14     -4 (VIOLATED)
_80864_/X                                10     14     -4 (VIOLATED)
_80903_/Y                                10     14     -4 (VIOLATED)
_80912_/X                                10     14     -4 (VIOLATED)
_80950_/X                                10     14     -4 (VIOLATED)
_81006_/X                                10     14     -4 (VIOLATED)
_81018_/X                                10     14     -4 (VIOLATED)
_81055_/X                                10     14     -4 (VIOLATED)
_81060_/X                                10     14     -4 (VIOLATED)
_81062_/Y                                10     14     -4 (VIOLATED)
_81101_/Y                                10     14     -4 (VIOLATED)
_81113_/Y                                10     14     -4 (VIOLATED)
_81185_/X                                10     14     -4 (VIOLATED)
_81208_/X                                10     14     -4 (VIOLATED)
_81228_/X                                10     14     -4 (VIOLATED)
_81420_/Y                                10     14     -4 (VIOLATED)
_81427_/X                                10     14     -4 (VIOLATED)
_82963_/Y                                10     14     -4 (VIOLATED)
_83126_/Y                                10     14     -4 (VIOLATED)
_85032_/X                                10     14     -4 (VIOLATED)
_85771_/X                                10     14     -4 (VIOLATED)
_88168_/Y                                10     14     -4 (VIOLATED)
_88555_/X                                10     14     -4 (VIOLATED)
clkbuf_7_112__f_clk/X                    10     14     -4 (VIOLATED)
clkbuf_7_115__f_clk/X                    10     14     -4 (VIOLATED)
clkbuf_7_13__f_clk/X                     10     14     -4 (VIOLATED)
clkbuf_7_28__f_clk/X                     10     14     -4 (VIOLATED)
clkbuf_7_32__f_clk/X                     10     14     -4 (VIOLATED)
clkbuf_7_3__f_clk/X                      10     14     -4 (VIOLATED)
clkbuf_7_51__f_clk/X                     10     14     -4 (VIOLATED)
clkbuf_7_55__f_clk/X                     10     14     -4 (VIOLATED)
clkbuf_7_61__f_clk/X                     10     14     -4 (VIOLATED)
clkbuf_7_65__f_clk/X                     10     14     -4 (VIOLATED)
clkbuf_7_74__f_clk/X                     10     14     -4 (VIOLATED)
clkbuf_7_76__f_clk/X                     10     14     -4 (VIOLATED)
clkbuf_7_77__f_clk/X                     10     14     -4 (VIOLATED)
clkbuf_7_80__f_clk/X                     10     14     -4 (VIOLATED)
clkbuf_7_95__f_clk/X                     10     14     -4 (VIOLATED)
clkbuf_7_96__f_clk/X                     10     14     -4 (VIOLATED)
clkbuf_leaf_11_clk/X                     10     14     -4 (VIOLATED)
clkbuf_leaf_184_clk/X                    10     14     -4 (VIOLATED)
clkbuf_leaf_187_clk/X                    10     14     -4 (VIOLATED)
clkbuf_leaf_188_clk/X                    10     14     -4 (VIOLATED)
clkbuf_leaf_243_clk/X                    10     14     -4 (VIOLATED)
clkbuf_leaf_386_clk/X                    10     14     -4 (VIOLATED)
clkbuf_leaf_476_clk/X                    10     14     -4 (VIOLATED)
clkbuf_leaf_498_clk/X                    10     14     -4 (VIOLATED)
clkbuf_leaf_537_clk/X                    10     14     -4 (VIOLATED)
clkbuf_leaf_647_clk/X                    10     14     -4 (VIOLATED)
clkbuf_leaf_668_clk/X                    10     14     -4 (VIOLATED)
clkbuf_leaf_690_clk/X                    10     14     -4 (VIOLATED)
clkbuf_leaf_759_clk/X                    10     14     -4 (VIOLATED)
clkbuf_leaf_76_clk/X                     10     14     -4 (VIOLATED)
clkbuf_leaf_811_clk/X                    10     14     -4 (VIOLATED)
clkbuf_leaf_826_clk/X                    10     14     -4 (VIOLATED)
clkbuf_leaf_830_clk/X                    10     14     -4 (VIOLATED)
clkbuf_leaf_871_clk/X                    10     14     -4 (VIOLATED)
clkbuf_leaf_87_clk/X                     10     14     -4 (VIOLATED)
clkbuf_leaf_894_clk/X                    10     14     -4 (VIOLATED)
fanout738/X                              10     14     -4 (VIOLATED)
fanout743/X                              10     14     -4 (VIOLATED)
fanout768/X                              10     14     -4 (VIOLATED)
fanout769/X                              10     14     -4 (VIOLATED)
fanout773/X                              10     14     -4 (VIOLATED)
fanout788/X                              10     14     -4 (VIOLATED)
fanout789/X                              10     14     -4 (VIOLATED)
input104/X                               10     14     -4 (VIOLATED)
input105/X                               10     14     -4 (VIOLATED)
input106/X                               10     14     -4 (VIOLATED)
input107/X                               10     14     -4 (VIOLATED)
input108/X                               10     14     -4 (VIOLATED)
input109/X                               10     14     -4 (VIOLATED)
input110/X                               10     14     -4 (VIOLATED)
input111/X                               10     14     -4 (VIOLATED)
input116/X                               10     14     -4 (VIOLATED)
input117/X                               10     14     -4 (VIOLATED)
input125/X                               10     14     -4 (VIOLATED)
input126/X                               10     14     -4 (VIOLATED)
input127/X                               10     14     -4 (VIOLATED)
input133/X                               10     14     -4 (VIOLATED)
input15/X                                10     14     -4 (VIOLATED)
input16/X                                10     14     -4 (VIOLATED)
input24/X                                10     14     -4 (VIOLATED)
input25/X                                10     14     -4 (VIOLATED)
input30/X                                10     14     -4 (VIOLATED)
input31/X                                10     14     -4 (VIOLATED)
input32/X                                10     14     -4 (VIOLATED)
input33/X                                10     14     -4 (VIOLATED)
input34/X                                10     14     -4 (VIOLATED)
input35/X                                10     14     -4 (VIOLATED)
input36/X                                10     14     -4 (VIOLATED)
input37/X                                10     14     -4 (VIOLATED)
input42/X                                10     14     -4 (VIOLATED)
input47/X                                10     14     -4 (VIOLATED)
input55/X                                10     14     -4 (VIOLATED)
input58/X                                10     14     -4 (VIOLATED)
input65/X                                10     14     -4 (VIOLATED)
input66/X                                10     14     -4 (VIOLATED)
input69/X                                10     14     -4 (VIOLATED)
input70/X                                10     14     -4 (VIOLATED)
input77/X                                10     14     -4 (VIOLATED)
input8/X                                 10     14     -4 (VIOLATED)
input84/X                                10     14     -4 (VIOLATED)
input87/X                                10     14     -4 (VIOLATED)
input91/X                                10     14     -4 (VIOLATED)
input94/X                                10     14     -4 (VIOLATED)
input98/X                                10     14     -4 (VIOLATED)
input99/X                                10     14     -4 (VIOLATED)
max_cap287/X                             10     14     -4 (VIOLATED)
max_cap297/X                             10     14     -4 (VIOLATED)
max_cap303/X                             10     14     -4 (VIOLATED)
max_cap473/X                             10     14     -4 (VIOLATED)
max_cap503/X                             10     14     -4 (VIOLATED)
max_cap538/X                             10     14     -4 (VIOLATED)
max_cap568/X                             10     14     -4 (VIOLATED)
max_cap609/X                             10     14     -4 (VIOLATED)
wire279/X                                10     14     -4 (VIOLATED)
wire325/X                                10     14     -4 (VIOLATED)
wire370/X                                10     14     -4 (VIOLATED)
wire378/X                                10     14     -4 (VIOLATED)
wire385/X                                10     14     -4 (VIOLATED)
wire410/X                                10     14     -4 (VIOLATED)
wire443/X                                10     14     -4 (VIOLATED)
wire447/X                                10     14     -4 (VIOLATED)
wire458/X                                10     14     -4 (VIOLATED)
wire469/X                                10     14     -4 (VIOLATED)
wire472/X                                10     14     -4 (VIOLATED)
wire476/X                                10     14     -4 (VIOLATED)
wire477/X                                10     14     -4 (VIOLATED)
wire486/X                                10     14     -4 (VIOLATED)
wire489/X                                10     14     -4 (VIOLATED)
wire535/X                                10     14     -4 (VIOLATED)
wire536/X                                10     14     -4 (VIOLATED)
wire537/X                                10     14     -4 (VIOLATED)
wire577/X                                10     14     -4 (VIOLATED)
wire611/X                                10     14     -4 (VIOLATED)
wire612/X                                10     14     -4 (VIOLATED)
wire615/X                                10     14     -4 (VIOLATED)
wire617/X                                10     14     -4 (VIOLATED)
wire619/X                                10     14     -4 (VIOLATED)
wire620/X                                10     14     -4 (VIOLATED)
wire624/X                                10     14     -4 (VIOLATED)
wire625/X                                10     14     -4 (VIOLATED)
wire628/X                                10     14     -4 (VIOLATED)
wire629/X                                10     14     -4 (VIOLATED)
wire640/X                                10     14     -4 (VIOLATED)
wire653/X                                10     14     -4 (VIOLATED)
wire654/X                                10     14     -4 (VIOLATED)
wire662/X                                10     14     -4 (VIOLATED)
wire664/X                                10     14     -4 (VIOLATED)
wire665/X                                10     14     -4 (VIOLATED)
wire667/X                                10     14     -4 (VIOLATED)
wire668/X                                10     14     -4 (VIOLATED)
wire670/X                                10     14     -4 (VIOLATED)
wire672/X                                10     14     -4 (VIOLATED)
wire674/X                                10     14     -4 (VIOLATED)
wire678/X                                10     14     -4 (VIOLATED)
wire679/X                                10     14     -4 (VIOLATED)
clkbuf_leaf_127_clk/X                    10     13     -3 (VIOLATED)
clkbuf_leaf_129_clk/X                    10     13     -3 (VIOLATED)
clkbuf_leaf_147_clk/X                    10     13     -3 (VIOLATED)
clkbuf_leaf_192_clk/X                    10     13     -3 (VIOLATED)
clkbuf_leaf_199_clk/X                    10     13     -3 (VIOLATED)
clkbuf_leaf_200_clk/X                    10     13     -3 (VIOLATED)
clkbuf_leaf_206_clk/X                    10     13     -3 (VIOLATED)
clkbuf_leaf_220_clk/X                    10     13     -3 (VIOLATED)
clkbuf_leaf_222_clk/X                    10     13     -3 (VIOLATED)
clkbuf_leaf_233_clk/X                    10     13     -3 (VIOLATED)
clkbuf_leaf_259_clk/X                    10     13     -3 (VIOLATED)
clkbuf_leaf_293_clk/X                    10     13     -3 (VIOLATED)
clkbuf_leaf_299_clk/X                    10     13     -3 (VIOLATED)
clkbuf_leaf_304_clk/X                    10     13     -3 (VIOLATED)
clkbuf_leaf_358_clk/X                    10     13     -3 (VIOLATED)
clkbuf_leaf_397_clk/X                    10     13     -3 (VIOLATED)
clkbuf_leaf_3_clk/X                      10     13     -3 (VIOLATED)
clkbuf_leaf_430_clk/X                    10     13     -3 (VIOLATED)
clkbuf_leaf_443_clk/X                    10     13     -3 (VIOLATED)
clkbuf_leaf_446_clk/X                    10     13     -3 (VIOLATED)
clkbuf_leaf_448_clk/X                    10     13     -3 (VIOLATED)
clkbuf_leaf_451_clk/X                    10     13     -3 (VIOLATED)
clkbuf_leaf_452_clk/X                    10     13     -3 (VIOLATED)
clkbuf_leaf_481_clk/X                    10     13     -3 (VIOLATED)
clkbuf_leaf_504_clk/X                    10     13     -3 (VIOLATED)
clkbuf_leaf_506_clk/X                    10     13     -3 (VIOLATED)
clkbuf_leaf_555_clk/X                    10     13     -3 (VIOLATED)
clkbuf_leaf_557_clk/X                    10     13     -3 (VIOLATED)
clkbuf_leaf_573_clk/X                    10     13     -3 (VIOLATED)
clkbuf_leaf_584_clk/X                    10     13     -3 (VIOLATED)
clkbuf_leaf_599_clk/X                    10     13     -3 (VIOLATED)
clkbuf_leaf_631_clk/X                    10     13     -3 (VIOLATED)
clkbuf_leaf_64_clk/X                     10     13     -3 (VIOLATED)
clkbuf_leaf_71_clk/X                     10     13     -3 (VIOLATED)
clkbuf_leaf_777_clk/X                    10     13     -3 (VIOLATED)
clkbuf_leaf_798_clk/X                    10     13     -3 (VIOLATED)
clkbuf_leaf_806_clk/X                    10     13     -3 (VIOLATED)
clkbuf_leaf_833_clk/X                    10     13     -3 (VIOLATED)
clkbuf_leaf_868_clk/X                    10     13     -3 (VIOLATED)
clkbuf_leaf_872_clk/X                    10     13     -3 (VIOLATED)
clkbuf_leaf_895_clk/X                    10     13     -3 (VIOLATED)
clkbuf_leaf_898_clk/X                    10     13     -3 (VIOLATED)
clkbuf_leaf_899_clk/X                    10     13     -3 (VIOLATED)
input57/X                                10     13     -3 (VIOLATED)
_44321_/Y                                10     12     -2 (VIOLATED)
_44948_/X                                10     12     -2 (VIOLATED)
_45086_/Y                                10     12     -2 (VIOLATED)
_45689_/X                                10     12     -2 (VIOLATED)
_46936_/X                                10     12     -2 (VIOLATED)
_53458_/Y                                10     12     -2 (VIOLATED)
_54291_/Y                                10     12     -2 (VIOLATED)
_62677_/X                                10     12     -2 (VIOLATED)
_62969_/Y                                10     12     -2 (VIOLATED)
_62973_/Y                                10     12     -2 (VIOLATED)
_64273_/Y                                10     12     -2 (VIOLATED)
_64853_/Y                                10     12     -2 (VIOLATED)
_64878_/Y                                10     12     -2 (VIOLATED)
_65459_/Y                                10     12     -2 (VIOLATED)
_67971_/X                                10     12     -2 (VIOLATED)
_68544_/X                                10     12     -2 (VIOLATED)
_68761_/Y                                10     12     -2 (VIOLATED)
_72186_/Y                                10     12     -2 (VIOLATED)
_73947_/Y                                10     12     -2 (VIOLATED)
_76424_/X                                10     12     -2 (VIOLATED)
_76952_/Y                                10     12     -2 (VIOLATED)
_76997_/X                                10     12     -2 (VIOLATED)
_77077_/Y                                10     12     -2 (VIOLATED)
_77130_/Y                                10     12     -2 (VIOLATED)
_77178_/Y                                10     12     -2 (VIOLATED)
_77225_/Y                                10     12     -2 (VIOLATED)
_77240_/Y                                10     12     -2 (VIOLATED)
_77253_/Y                                10     12     -2 (VIOLATED)
_77260_/Y                                10     12     -2 (VIOLATED)
_77270_/Y                                10     12     -2 (VIOLATED)
_77404_/Y                                10     12     -2 (VIOLATED)
_77466_/Y                                10     12     -2 (VIOLATED)
_77509_/Y                                10     12     -2 (VIOLATED)
_77534_/Y                                10     12     -2 (VIOLATED)
_77654_/Y                                10     12     -2 (VIOLATED)
_77716_/Y                                10     12     -2 (VIOLATED)
_77804_/Y                                10     12     -2 (VIOLATED)
_77820_/Y                                10     12     -2 (VIOLATED)
_77839_/X                                10     12     -2 (VIOLATED)
_77899_/Y                                10     12     -2 (VIOLATED)
_77972_/Y                                10     12     -2 (VIOLATED)
_77983_/Y                                10     12     -2 (VIOLATED)
_77999_/Y                                10     12     -2 (VIOLATED)
_78010_/X                                10     12     -2 (VIOLATED)
_78274_/X                                10     12     -2 (VIOLATED)
_78309_/X                                10     12     -2 (VIOLATED)
_78330_/X                                10     12     -2 (VIOLATED)
_78338_/X                                10     12     -2 (VIOLATED)
_78342_/Y                                10     12     -2 (VIOLATED)
_78434_/X                                10     12     -2 (VIOLATED)
_78462_/Y                                10     12     -2 (VIOLATED)
_78476_/X                                10     12     -2 (VIOLATED)
_78935_/Y                                10     12     -2 (VIOLATED)
_79032_/X                                10     12     -2 (VIOLATED)
_79128_/Y                                10     12     -2 (VIOLATED)
_79303_/Y                                10     12     -2 (VIOLATED)
_79334_/Y                                10     12     -2 (VIOLATED)
_79356_/X                                10     12     -2 (VIOLATED)
_79440_/Y                                10     12     -2 (VIOLATED)
_79446_/X                                10     12     -2 (VIOLATED)
_79488_/Y                                10     12     -2 (VIOLATED)
_79532_/X                                10     12     -2 (VIOLATED)
_79667_/Y                                10     12     -2 (VIOLATED)
_79842_/X                                10     12     -2 (VIOLATED)
_80049_/Y                                10     12     -2 (VIOLATED)
_80052_/Y                                10     12     -2 (VIOLATED)
_80093_/Y                                10     12     -2 (VIOLATED)
_80129_/X                                10     12     -2 (VIOLATED)
_80150_/X                                10     12     -2 (VIOLATED)
_80156_/X                                10     12     -2 (VIOLATED)
_80188_/Y                                10     12     -2 (VIOLATED)
_80232_/X                                10     12     -2 (VIOLATED)
_80249_/X                                10     12     -2 (VIOLATED)
_80269_/X                                10     12     -2 (VIOLATED)
_80283_/Y                                10     12     -2 (VIOLATED)
_80328_/X                                10     12     -2 (VIOLATED)
_80362_/X                                10     12     -2 (VIOLATED)
_80368_/Y                                10     12     -2 (VIOLATED)
_80486_/Y                                10     12     -2 (VIOLATED)
_80550_/X                                10     12     -2 (VIOLATED)
_80567_/Y                                10     12     -2 (VIOLATED)
_80578_/Y                                10     12     -2 (VIOLATED)
_80586_/Y                                10     12     -2 (VIOLATED)
_80589_/Y                                10     12     -2 (VIOLATED)
_80626_/X                                10     12     -2 (VIOLATED)
_80627_/Y                                10     12     -2 (VIOLATED)
_80657_/Y                                10     12     -2 (VIOLATED)
_80696_/X                                10     12     -2 (VIOLATED)
_80707_/X                                10     12     -2 (VIOLATED)
_80729_/Y                                10     12     -2 (VIOLATED)
_80755_/X                                10     12     -2 (VIOLATED)
_80792_/X                                10     12     -2 (VIOLATED)
_80826_/Y                                10     12     -2 (VIOLATED)
_80830_/Y                                10     12     -2 (VIOLATED)
_80834_/Y                                10     12     -2 (VIOLATED)
_80862_/Y                                10     12     -2 (VIOLATED)
_80866_/Y                                10     12     -2 (VIOLATED)
_80869_/X                                10     12     -2 (VIOLATED)
_80887_/Y                                10     12     -2 (VIOLATED)
_80900_/Y                                10     12     -2 (VIOLATED)
_80923_/Y                                10     12     -2 (VIOLATED)
_80924_/Y                                10     12     -2 (VIOLATED)
_80933_/X                                10     12     -2 (VIOLATED)
_80934_/Y                                10     12     -2 (VIOLATED)
_80938_/Y                                10     12     -2 (VIOLATED)
_80942_/X                                10     12     -2 (VIOLATED)
_80959_/X                                10     12     -2 (VIOLATED)
_80977_/X                                10     12     -2 (VIOLATED)
_80996_/X                                10     12     -2 (VIOLATED)
_81025_/Y                                10     12     -2 (VIOLATED)
_81028_/X                                10     12     -2 (VIOLATED)
_81036_/Y                                10     12     -2 (VIOLATED)
_81045_/Y                                10     12     -2 (VIOLATED)
_81047_/Y                                10     12     -2 (VIOLATED)
_81070_/Y                                10     12     -2 (VIOLATED)
_81078_/X                                10     12     -2 (VIOLATED)
_81095_/Y                                10     12     -2 (VIOLATED)
_81098_/Y                                10     12     -2 (VIOLATED)
_81109_/X                                10     12     -2 (VIOLATED)
_81116_/Y                                10     12     -2 (VIOLATED)
_81138_/Y                                10     12     -2 (VIOLATED)
_81162_/X                                10     12     -2 (VIOLATED)
_81177_/X                                10     12     -2 (VIOLATED)
_81180_/X                                10     12     -2 (VIOLATED)
_81194_/X                                10     12     -2 (VIOLATED)
_81217_/X                                10     12     -2 (VIOLATED)
_81268_/X                                10     12     -2 (VIOLATED)
_81356_/Y                                10     12     -2 (VIOLATED)
_81444_/X                                10     12     -2 (VIOLATED)
_81468_/Y                                10     12     -2 (VIOLATED)
_81473_/Y                                10     12     -2 (VIOLATED)
_81525_/X                                10     12     -2 (VIOLATED)
_81577_/Y                                10     12     -2 (VIOLATED)
_81603_/X                                10     12     -2 (VIOLATED)
_82047_/Y                                10     12     -2 (VIOLATED)
_82120_/Y                                10     12     -2 (VIOLATED)
_82347_/X                                10     12     -2 (VIOLATED)
_82352_/X                                10     12     -2 (VIOLATED)
_82666_/X                                10     12     -2 (VIOLATED)
_82978_/X                                10     12     -2 (VIOLATED)
_83098_/Y                                10     12     -2 (VIOLATED)
_83215_/X                                10     12     -2 (VIOLATED)
_85068_/X                                10     12     -2 (VIOLATED)
_85896_/Y                                10     12     -2 (VIOLATED)
_86484_/X                                10     12     -2 (VIOLATED)
_87188_/X                                10     12     -2 (VIOLATED)
_87192_/X                                10     12     -2 (VIOLATED)
_88609_/Q                                10     12     -2 (VIOLATED)
_88612_/Q                                10     12     -2 (VIOLATED)
_88615_/Q                                10     12     -2 (VIOLATED)
_88816_/Q                                10     12     -2 (VIOLATED)
_95712_/Q                                10     12     -2 (VIOLATED)
_95830_/Q                                10     12     -2 (VIOLATED)
_95864_/Q                                10     12     -2 (VIOLATED)
_95894_/Q                                10     12     -2 (VIOLATED)
_95904_/Q                                10     12     -2 (VIOLATED)
_95938_/Q                                10     12     -2 (VIOLATED)
_95941_/Q                                10     12     -2 (VIOLATED)
_95945_/Q                                10     12     -2 (VIOLATED)
_95957_/Q                                10     12     -2 (VIOLATED)
_95960_/Q                                10     12     -2 (VIOLATED)
_95974_/Q                                10     12     -2 (VIOLATED)
_95977_/Q                                10     12     -2 (VIOLATED)
_95981_/Q                                10     12     -2 (VIOLATED)
_96028_/Q                                10     12     -2 (VIOLATED)
_96031_/Q                                10     12     -2 (VIOLATED)
_96035_/Q                                10     12     -2 (VIOLATED)
_96053_/Q                                10     12     -2 (VIOLATED)
clkbuf_7_108__f_clk/X                    10     12     -2 (VIOLATED)
clkbuf_7_114__f_clk/X                    10     12     -2 (VIOLATED)
clkbuf_7_116__f_clk/X                    10     12     -2 (VIOLATED)
clkbuf_7_118__f_clk/X                    10     12     -2 (VIOLATED)
clkbuf_7_122__f_clk/X                    10     12     -2 (VIOLATED)
clkbuf_7_124__f_clk/X                    10     12     -2 (VIOLATED)
clkbuf_7_127__f_clk/X                    10     12     -2 (VIOLATED)
clkbuf_7_24__f_clk/X                     10     12     -2 (VIOLATED)
clkbuf_7_25__f_clk/X                     10     12     -2 (VIOLATED)
clkbuf_7_26__f_clk/X                     10     12     -2 (VIOLATED)
clkbuf_7_33__f_clk/X                     10     12     -2 (VIOLATED)
clkbuf_7_36__f_clk/X                     10     12     -2 (VIOLATED)
clkbuf_7_38__f_clk/X                     10     12     -2 (VIOLATED)
clkbuf_7_43__f_clk/X                     10     12     -2 (VIOLATED)
clkbuf_7_49__f_clk/X                     10     12     -2 (VIOLATED)
clkbuf_7_54__f_clk/X                     10     12     -2 (VIOLATED)
clkbuf_7_57__f_clk/X                     10     12     -2 (VIOLATED)
clkbuf_7_58__f_clk/X                     10     12     -2 (VIOLATED)
clkbuf_7_64__f_clk/X                     10     12     -2 (VIOLATED)
clkbuf_7_71__f_clk/X                     10     12     -2 (VIOLATED)
clkbuf_7_86__f_clk/X                     10     12     -2 (VIOLATED)
clkbuf_7_87__f_clk/X                     10     12     -2 (VIOLATED)
clkbuf_7_88__f_clk/X                     10     12     -2 (VIOLATED)
clkbuf_7_91__f_clk/X                     10     12     -2 (VIOLATED)
clkbuf_7_94__f_clk/X                     10     12     -2 (VIOLATED)
clkbuf_7_97__f_clk/X                     10     12     -2 (VIOLATED)
clkbuf_leaf_118_clk/X                    10     12     -2 (VIOLATED)
clkbuf_leaf_128_clk/X                    10     12     -2 (VIOLATED)
clkbuf_leaf_13_clk/X                     10     12     -2 (VIOLATED)
clkbuf_leaf_141_clk/X                    10     12     -2 (VIOLATED)
clkbuf_leaf_151_clk/X                    10     12     -2 (VIOLATED)
clkbuf_leaf_169_clk/X                    10     12     -2 (VIOLATED)
clkbuf_leaf_186_clk/X                    10     12     -2 (VIOLATED)
clkbuf_leaf_205_clk/X                    10     12     -2 (VIOLATED)
clkbuf_leaf_216_clk/X                    10     12     -2 (VIOLATED)
clkbuf_leaf_23_clk/X                     10     12     -2 (VIOLATED)
clkbuf_leaf_250_clk/X                    10     12     -2 (VIOLATED)
clkbuf_leaf_269_clk/X                    10     12     -2 (VIOLATED)
clkbuf_leaf_277_clk/X                    10     12     -2 (VIOLATED)
clkbuf_leaf_298_clk/X                    10     12     -2 (VIOLATED)
clkbuf_leaf_31_clk/X                     10     12     -2 (VIOLATED)
clkbuf_leaf_332_clk/X                    10     12     -2 (VIOLATED)
clkbuf_leaf_356_clk/X                    10     12     -2 (VIOLATED)
clkbuf_leaf_382_clk/X                    10     12     -2 (VIOLATED)
clkbuf_leaf_393_clk/X                    10     12     -2 (VIOLATED)
clkbuf_leaf_413_clk/X                    10     12     -2 (VIOLATED)
clkbuf_leaf_414_clk/X                    10     12     -2 (VIOLATED)
clkbuf_leaf_434_clk/X                    10     12     -2 (VIOLATED)
clkbuf_leaf_445_clk/X                    10     12     -2 (VIOLATED)
clkbuf_leaf_453_clk/X                    10     12     -2 (VIOLATED)
clkbuf_leaf_471_clk/X                    10     12     -2 (VIOLATED)
clkbuf_leaf_475_clk/X                    10     12     -2 (VIOLATED)
clkbuf_leaf_490_clk/X                    10     12     -2 (VIOLATED)
clkbuf_leaf_493_clk/X                    10     12     -2 (VIOLATED)
clkbuf_leaf_501_clk/X                    10     12     -2 (VIOLATED)
clkbuf_leaf_516_clk/X                    10     12     -2 (VIOLATED)
clkbuf_leaf_517_clk/X                    10     12     -2 (VIOLATED)
clkbuf_leaf_527_clk/X                    10     12     -2 (VIOLATED)
clkbuf_leaf_542_clk/X                    10     12     -2 (VIOLATED)
clkbuf_leaf_547_clk/X                    10     12     -2 (VIOLATED)
clkbuf_leaf_590_clk/X                    10     12     -2 (VIOLATED)
clkbuf_leaf_596_clk/X                    10     12     -2 (VIOLATED)
clkbuf_leaf_648_clk/X                    10     12     -2 (VIOLATED)
clkbuf_leaf_650_clk/X                    10     12     -2 (VIOLATED)
clkbuf_leaf_66_clk/X                     10     12     -2 (VIOLATED)
clkbuf_leaf_68_clk/X                     10     12     -2 (VIOLATED)
clkbuf_leaf_785_clk/X                    10     12     -2 (VIOLATED)
clkbuf_leaf_823_clk/X                    10     12     -2 (VIOLATED)
clkbuf_leaf_829_clk/X                    10     12     -2 (VIOLATED)
clkbuf_leaf_831_clk/X                    10     12     -2 (VIOLATED)
clkbuf_leaf_865_clk/X                    10     12     -2 (VIOLATED)
clkbuf_leaf_873_clk/X                    10     12     -2 (VIOLATED)
clkbuf_leaf_882_clk/X                    10     12     -2 (VIOLATED)
clkbuf_leaf_887_clk/X                    10     12     -2 (VIOLATED)
clkbuf_leaf_905_clk/X                    10     12     -2 (VIOLATED)
clkbuf_leaf_924_clk/X                    10     12     -2 (VIOLATED)
clkbuf_leaf_9_clk/X                      10     12     -2 (VIOLATED)
fanout723/X                              10     12     -2 (VIOLATED)
fanout730/X                              10     12     -2 (VIOLATED)
fanout764/X                              10     12     -2 (VIOLATED)
fanout790/X                              10     12     -2 (VIOLATED)
input101/X                               10     12     -2 (VIOLATED)
input112/X                               10     12     -2 (VIOLATED)
input123/X                               10     12     -2 (VIOLATED)
input134/X                               10     12     -2 (VIOLATED)
input18/X                                10     12     -2 (VIOLATED)
input29/X                                10     12     -2 (VIOLATED)
input38/X                                10     12     -2 (VIOLATED)
input39/X                                10     12     -2 (VIOLATED)
input40/X                                10     12     -2 (VIOLATED)
input41/X                                10     12     -2 (VIOLATED)
input46/X                                10     12     -2 (VIOLATED)
input68/X                                10     12     -2 (VIOLATED)
input7/X                                 10     12     -2 (VIOLATED)
input79/X                                10     12     -2 (VIOLATED)
input90/X                                10     12     -2 (VIOLATED)
max_cap278/X                             10     12     -2 (VIOLATED)
max_cap284/X                             10     12     -2 (VIOLATED)
max_cap291/X                             10     12     -2 (VIOLATED)
max_cap293/X                             10     12     -2 (VIOLATED)
max_cap310/X                             10     12     -2 (VIOLATED)
max_cap441/X                             10     12     -2 (VIOLATED)
max_cap676/X                             10     12     -2 (VIOLATED)
max_cap688/X                             10     12     -2 (VIOLATED)
max_cap694/X                             10     12     -2 (VIOLATED)
wire277/X                                10     12     -2 (VIOLATED)
wire288/X                                10     12     -2 (VIOLATED)
wire296/X                                10     12     -2 (VIOLATED)
wire322/X                                10     12     -2 (VIOLATED)
wire341/X                                10     12     -2 (VIOLATED)
wire366/X                                10     12     -2 (VIOLATED)
wire382/X                                10     12     -2 (VIOLATED)
wire387/X                                10     12     -2 (VIOLATED)
wire396/X                                10     12     -2 (VIOLATED)
wire424/X                                10     12     -2 (VIOLATED)
wire428/X                                10     12     -2 (VIOLATED)
wire439/X                                10     12     -2 (VIOLATED)
wire450/X                                10     12     -2 (VIOLATED)
wire453/X                                10     12     -2 (VIOLATED)
wire475/X                                10     12     -2 (VIOLATED)
wire482/X                                10     12     -2 (VIOLATED)
wire497/X                                10     12     -2 (VIOLATED)
wire498/X                                10     12     -2 (VIOLATED)
wire499/X                                10     12     -2 (VIOLATED)
wire500/X                                10     12     -2 (VIOLATED)
wire521/X                                10     12     -2 (VIOLATED)
wire525/X                                10     12     -2 (VIOLATED)
wire527/X                                10     12     -2 (VIOLATED)
wire531/X                                10     12     -2 (VIOLATED)
wire546/X                                10     12     -2 (VIOLATED)
wire556/X                                10     12     -2 (VIOLATED)
wire566/X                                10     12     -2 (VIOLATED)
wire586/X                                10     12     -2 (VIOLATED)
wire595/X                                10     12     -2 (VIOLATED)
wire596/X                                10     12     -2 (VIOLATED)
wire598/X                                10     12     -2 (VIOLATED)
wire602/X                                10     12     -2 (VIOLATED)
wire604/X                                10     12     -2 (VIOLATED)
wire636/X                                10     12     -2 (VIOLATED)
wire652/X                                10     12     -2 (VIOLATED)
wire658/X                                10     12     -2 (VIOLATED)
wire666/X                                10     12     -2 (VIOLATED)
wire673/X                                10     12     -2 (VIOLATED)
wire686/X                                10     12     -2 (VIOLATED)
wire695/X                                10     12     -2 (VIOLATED)
clkbuf_leaf_105_clk/X                    10     11        (VIOLATED)
clkbuf_leaf_109_clk/X                    10     11        (VIOLATED)
clkbuf_leaf_115_clk/X                    10     11        (VIOLATED)
clkbuf_leaf_133_clk/X                    10     11        (VIOLATED)
clkbuf_leaf_144_clk/X                    10     11        (VIOLATED)
clkbuf_leaf_15_clk/X                     10     11        (VIOLATED)
clkbuf_leaf_162_clk/X                    10     11        (VIOLATED)
clkbuf_leaf_168_clk/X                    10     11        (VIOLATED)
clkbuf_leaf_174_clk/X                    10     11        (VIOLATED)
clkbuf_leaf_180_clk/X                    10     11        (VIOLATED)
clkbuf_leaf_181_clk/X                    10     11        (VIOLATED)
clkbuf_leaf_185_clk/X                    10     11        (VIOLATED)
clkbuf_leaf_202_clk/X                    10     11        (VIOLATED)
clkbuf_leaf_203_clk/X                    10     11        (VIOLATED)
clkbuf_leaf_215_clk/X                    10     11        (VIOLATED)
clkbuf_leaf_218_clk/X                    10     11        (VIOLATED)
clkbuf_leaf_228_clk/X                    10     11        (VIOLATED)
clkbuf_leaf_241_clk/X                    10     11        (VIOLATED)
clkbuf_leaf_271_clk/X                    10     11        (VIOLATED)
clkbuf_leaf_273_clk/X                    10     11        (VIOLATED)
clkbuf_leaf_278_clk/X                    10     11        (VIOLATED)
clkbuf_leaf_2_clk/X                      10     11        (VIOLATED)
clkbuf_leaf_306_clk/X                    10     11        (VIOLATED)
clkbuf_leaf_321_clk/X                    10     11        (VIOLATED)
clkbuf_leaf_323_clk/X                    10     11        (VIOLATED)
clkbuf_leaf_33_clk/X                     10     11        (VIOLATED)
clkbuf_leaf_359_clk/X                    10     11        (VIOLATED)
clkbuf_leaf_387_clk/X                    10     11        (VIOLATED)
clkbuf_leaf_391_clk/X                    10     11        (VIOLATED)
clkbuf_leaf_424_clk/X                    10     11        (VIOLATED)
clkbuf_leaf_435_clk/X                    10     11        (VIOLATED)
clkbuf_leaf_492_clk/X                    10     11        (VIOLATED)
clkbuf_leaf_514_clk/X                    10     11        (VIOLATED)
clkbuf_leaf_526_clk/X                    10     11        (VIOLATED)
clkbuf_leaf_531_clk/X                    10     11        (VIOLATED)
clkbuf_leaf_533_clk/X                    10     11        (VIOLATED)
clkbuf_leaf_53_clk/X                     10     11        (VIOLATED)
clkbuf_leaf_556_clk/X                    10     11        (VIOLATED)
clkbuf_leaf_559_clk/X                    10     11        (VIOLATED)
clkbuf_leaf_565_clk/X                    10     11        (VIOLATED)
clkbuf_leaf_580_clk/X                    10     11        (VIOLATED)
clkbuf_leaf_583_clk/X                    10     11        (VIOLATED)
clkbuf_leaf_605_clk/X                    10     11        (VIOLATED)
clkbuf_leaf_611_clk/X                    10     11        (VIOLATED)
clkbuf_leaf_613_clk/X                    10     11        (VIOLATED)
clkbuf_leaf_616_clk/X                    10     11        (VIOLATED)
clkbuf_leaf_636_clk/X                    10     11        (VIOLATED)
clkbuf_leaf_637_clk/X                    10     11        (VIOLATED)
clkbuf_leaf_672_clk/X                    10     11        (VIOLATED)
clkbuf_leaf_675_clk/X                    10     11        (VIOLATED)
clkbuf_leaf_67_clk/X                     10     11        (VIOLATED)
clkbuf_leaf_706_clk/X                    10     11        (VIOLATED)
clkbuf_leaf_73_clk/X                     10     11        (VIOLATED)
clkbuf_leaf_746_clk/X                    10     11        (VIOLATED)
clkbuf_leaf_754_clk/X                    10     11        (VIOLATED)
clkbuf_leaf_760_clk/X                    10     11        (VIOLATED)
clkbuf_leaf_772_clk/X                    10     11        (VIOLATED)
clkbuf_leaf_780_clk/X                    10     11        (VIOLATED)
clkbuf_leaf_788_clk/X                    10     11        (VIOLATED)
clkbuf_leaf_808_clk/X                    10     11        (VIOLATED)
clkbuf_leaf_80_clk/X                     10     11        (VIOLATED)
clkbuf_leaf_819_clk/X                    10     11        (VIOLATED)
clkbuf_leaf_85_clk/X                     10     11        (VIOLATED)
clkbuf_leaf_866_clk/X                    10     11        (VIOLATED)
clkbuf_leaf_86_clk/X                     10     11        (VIOLATED)
clkbuf_leaf_888_clk/X                    10     11        (VIOLATED)
clkbuf_leaf_891_clk/X                    10     11        (VIOLATED)
clkbuf_leaf_8_clk/X                      10     11        (VIOLATED)
clkbuf_leaf_904_clk/X                    10     11        (VIOLATED)
clkbuf_leaf_914_clk/X                    10     11        (VIOLATED)
clkbuf_leaf_919_clk/X                    10     11        (VIOLATED)
clkbuf_leaf_93_clk/X                     10     11        (VIOLATED)

max capacitance

Pin                                    Limit     Cap   Slack
------------------------------------------------------------
_80812_/Y                               0.22    0.22   -0.00 (VIOLATED)



===========================================================================
report_parasitic_annotation -report_unannotated
============================================================================
Found 0 unannotated drivers.
Found 0 partially unannotated drivers.

===========================================================================
max slew violation count 213
max fanout violation count 3704
max cap violation count 1
============================================================================

===========================================================================
check_setup -verbose -unconstrained_endpoints -multiple_clock -no_clock -no_input_delay -loops -generated_clocks
===========================================================================
