
===========================================================================
report_checks -path_delay min (Hold)
============================================================================
======================= Fastest Corner ===================================

Startpoint: _487_ (rising edge-triggered flip-flop clocked by clk)
Endpoint: _487_ (rising edge-triggered flip-flop clocked by clk)
Path Group: clk
Path Type: min
Corner: Fastest

Fanout     Cap    Slew   Delay    Time   Description
-----------------------------------------------------------------------------
                          0.00    0.00   clock clk (rise edge)
                          0.00    0.00   clock source latency
                  0.05    0.03    0.03 ^ clk (in)
     1    0.01                           clk (net)
                  0.05    0.00    0.03 ^ clkbuf_0_clk/A (sky130_fd_sc_hd__clkbuf_16)
                  0.03    0.09    0.12 ^ clkbuf_0_clk/X (sky130_fd_sc_hd__clkbuf_16)
     2    0.02                           clknet_0_clk (net)
                  0.03    0.00    0.12 ^ clkbuf_1_1__f_clk/A (sky130_fd_sc_hd__clkbuf_16)
                  0.04    0.09    0.20 ^ clkbuf_1_1__f_clk/X (sky130_fd_sc_hd__clkbuf_16)
     7    0.03                           clknet_1_1__leaf_clk (net)
                  0.04    0.00    0.21 ^ _487_/CLK (sky130_fd_sc_hd__dfrtp_1)
                  0.08    0.23    0.43 ^ _487_/Q (sky130_fd_sc_hd__dfrtp_1)
     2    0.01                           net32 (net)
                  0.08    0.00    0.43 ^ _468_/B (sky130_fd_sc_hd__and2_1)
                  0.03    0.08    0.51 ^ _468_/X (sky130_fd_sc_hd__and2_1)
     1    0.00                           _184_ (net)
                  0.03    0.00    0.51 ^ _469_/B1 (sky130_fd_sc_hd__a31o_1)
                  0.03    0.05    0.55 ^ _469_/X (sky130_fd_sc_hd__a31o_1)
     1    0.00                           _008_ (net)
                  0.03    0.00    0.55 ^ _487_/D (sky130_fd_sc_hd__dfrtp_1)
                                  0.55   data arrival time

                          0.00    0.00   clock clk (rise edge)
                          0.00    0.00   clock source latency
                  0.05    0.04    0.04 ^ clk (in)
     1    0.01                           clk (net)
                  0.05    0.00    0.04 ^ clkbuf_0_clk/A (sky130_fd_sc_hd__clkbuf_16)
                  0.03    0.09    0.13 ^ clkbuf_0_clk/X (sky130_fd_sc_hd__clkbuf_16)
     2    0.02                           clknet_0_clk (net)
                  0.03    0.00    0.13 ^ clkbuf_1_1__f_clk/A (sky130_fd_sc_hd__clkbuf_16)
                  0.04    0.09    0.23 ^ clkbuf_1_1__f_clk/X (sky130_fd_sc_hd__clkbuf_16)
     7    0.03                           clknet_1_1__leaf_clk (net)
                  0.04    0.00    0.23 ^ _487_/CLK (sky130_fd_sc_hd__dfrtp_1)
                          0.25    0.48   clock uncertainty
                         -0.02    0.46   clock reconvergence pessimism
                         -0.02    0.44   library hold time
                                  0.44   data required time
-----------------------------------------------------------------------------
                                  0.44   data required time
                                 -0.55   data arrival time
-----------------------------------------------------------------------------
                                  0.12   slack (MET)


Startpoint: _480_ (rising edge-triggered flip-flop clocked by clk)
Endpoint: _480_ (rising edge-triggered flip-flop clocked by clk)
Path Group: clk
Path Type: min
Corner: Fastest

Fanout     Cap    Slew   Delay    Time   Description
-----------------------------------------------------------------------------
                          0.00    0.00   clock clk (rise edge)
                          0.00    0.00   clock source latency
                  0.05    0.03    0.03 ^ clk (in)
     1    0.01                           clk (net)
                  0.05    0.00    0.03 ^ clkbuf_0_clk/A (sky130_fd_sc_hd__clkbuf_16)
                  0.03    0.09    0.12 ^ clkbuf_0_clk/X (sky130_fd_sc_hd__clkbuf_16)
     2    0.02                           clknet_0_clk (net)
                  0.03    0.00    0.12 ^ clkbuf_1_1__f_clk/A (sky130_fd_sc_hd__clkbuf_16)
                  0.04    0.09    0.20 ^ clkbuf_1_1__f_clk/X (sky130_fd_sc_hd__clkbuf_16)
     7    0.03                           clknet_1_1__leaf_clk (net)
                  0.04    0.00    0.21 ^ _480_/CLK (sky130_fd_sc_hd__dfrtp_1)
                  0.04    0.20    0.40 ^ _480_/Q (sky130_fd_sc_hd__dfrtp_1)
     2    0.00                           net24 (net)
                  0.04    0.00    0.40 ^ hold1/A (sky130_fd_sc_hd__dlygate4sd3_1)
                  0.04    0.35    0.76 ^ hold1/X (sky130_fd_sc_hd__dlygate4sd3_1)
     1    0.00                           net40 (net)
                  0.04    0.00    0.76 ^ _452_/A2 (sky130_fd_sc_hd__a22o_1)
                  0.03    0.07    0.83 ^ _452_/X (sky130_fd_sc_hd__a22o_1)
     1    0.00                           _001_ (net)
                  0.03    0.00    0.83 ^ _480_/D (sky130_fd_sc_hd__dfrtp_1)
                                  0.83   data arrival time

                          0.00    0.00   clock clk (rise edge)
                          0.00    0.00   clock source latency
                  0.05    0.04    0.04 ^ clk (in)
     1    0.01                           clk (net)
                  0.05    0.00    0.04 ^ clkbuf_0_clk/A (sky130_fd_sc_hd__clkbuf_16)
                  0.03    0.09    0.13 ^ clkbuf_0_clk/X (sky130_fd_sc_hd__clkbuf_16)
     2    0.02                           clknet_0_clk (net)
                  0.03    0.00    0.13 ^ clkbuf_1_1__f_clk/A (sky130_fd_sc_hd__clkbuf_16)
                  0.04    0.09    0.23 ^ clkbuf_1_1__f_clk/X (sky130_fd_sc_hd__clkbuf_16)
     7    0.03                           clknet_1_1__leaf_clk (net)
                  0.04    0.00    0.23 ^ _480_/CLK (sky130_fd_sc_hd__dfrtp_1)
                          0.25    0.48   clock uncertainty
                         -0.02    0.46   clock reconvergence pessimism
                         -0.02    0.44   library hold time
                                  0.44   data required time
-----------------------------------------------------------------------------
                                  0.44   data required time
                                 -0.83   data arrival time
-----------------------------------------------------------------------------
                                  0.39   slack (MET)


Startpoint: _478_ (rising edge-triggered flip-flop clocked by clk)
Endpoint: _478_ (rising edge-triggered flip-flop clocked by clk)
Path Group: clk
Path Type: min
Corner: Fastest

Fanout     Cap    Slew   Delay    Time   Description
-----------------------------------------------------------------------------
                          0.00    0.00   clock clk (rise edge)
                          0.00    0.00   clock source latency
                  0.05    0.03    0.03 ^ clk (in)
     1    0.01                           clk (net)
                  0.05    0.00    0.03 ^ clkbuf_0_clk/A (sky130_fd_sc_hd__clkbuf_16)
                  0.03    0.09    0.12 ^ clkbuf_0_clk/X (sky130_fd_sc_hd__clkbuf_16)
     2    0.02                           clknet_0_clk (net)
                  0.03    0.00    0.12 ^ clkbuf_1_1__f_clk/A (sky130_fd_sc_hd__clkbuf_16)
                  0.04    0.09    0.20 ^ clkbuf_1_1__f_clk/X (sky130_fd_sc_hd__clkbuf_16)
     7    0.03                           clknet_1_1__leaf_clk (net)
                  0.04    0.00    0.20 ^ _478_/CLK (sky130_fd_sc_hd__dfrtp_1)
                  0.04    0.20    0.40 ^ _478_/Q (sky130_fd_sc_hd__dfrtp_1)
     2    0.00                           net28 (net)
                  0.04    0.00    0.40 ^ hold2/A (sky130_fd_sc_hd__dlygate4sd3_1)
                  0.04    0.35    0.76 ^ hold2/X (sky130_fd_sc_hd__dlygate4sd3_1)
     1    0.00                           net41 (net)
                  0.04    0.00    0.76 ^ _279_/A1 (sky130_fd_sc_hd__o21ba_1)
                  0.03    0.07    0.83 ^ _279_/X (sky130_fd_sc_hd__o21ba_1)
     1    0.00                           _000_ (net)
                  0.03    0.00    0.83 ^ _478_/D (sky130_fd_sc_hd__dfrtp_1)
                                  0.83   data arrival time

                          0.00    0.00   clock clk (rise edge)
                          0.00    0.00   clock source latency
                  0.05    0.04    0.04 ^ clk (in)
     1    0.01                           clk (net)
                  0.05    0.00    0.04 ^ clkbuf_0_clk/A (sky130_fd_sc_hd__clkbuf_16)
                  0.03    0.09    0.13 ^ clkbuf_0_clk/X (sky130_fd_sc_hd__clkbuf_16)
     2    0.02                           clknet_0_clk (net)
                  0.03    0.00    0.13 ^ clkbuf_1_1__f_clk/A (sky130_fd_sc_hd__clkbuf_16)
                  0.04    0.09    0.23 ^ clkbuf_1_1__f_clk/X (sky130_fd_sc_hd__clkbuf_16)
     7    0.03                           clknet_1_1__leaf_clk (net)
                  0.04    0.00    0.23 ^ _478_/CLK (sky130_fd_sc_hd__dfrtp_1)
                          0.25    0.48   clock uncertainty
                         -0.02    0.45   clock reconvergence pessimism
                         -0.02    0.44   library hold time
                                  0.44   data required time
-----------------------------------------------------------------------------
                                  0.44   data required time
                                 -0.83   data arrival time
-----------------------------------------------------------------------------
                                  0.39   slack (MET)


Startpoint: _483_ (rising edge-triggered flip-flop clocked by clk)
Endpoint: _483_ (rising edge-triggered flip-flop clocked by clk)
Path Group: clk
Path Type: min
Corner: Fastest

Fanout     Cap    Slew   Delay    Time   Description
-----------------------------------------------------------------------------
                          0.00    0.00   clock clk (rise edge)
                          0.00    0.00   clock source latency
                  0.05    0.03    0.03 ^ clk (in)
     1    0.01                           clk (net)
                  0.05    0.00    0.03 ^ clkbuf_0_clk/A (sky130_fd_sc_hd__clkbuf_16)
                  0.03    0.09    0.12 ^ clkbuf_0_clk/X (sky130_fd_sc_hd__clkbuf_16)
     2    0.02                           clknet_0_clk (net)
                  0.03    0.00    0.12 ^ clkbuf_1_1__f_clk/A (sky130_fd_sc_hd__clkbuf_16)
                  0.04    0.09    0.20 ^ clkbuf_1_1__f_clk/X (sky130_fd_sc_hd__clkbuf_16)
     7    0.03                           clknet_1_1__leaf_clk (net)
                  0.04    0.00    0.21 ^ _483_/CLK (sky130_fd_sc_hd__dfrtp_1)
                  0.05    0.20    0.41 ^ _483_/Q (sky130_fd_sc_hd__dfrtp_1)
     2    0.01                           net27 (net)
                  0.05    0.00    0.41 ^ hold3/A (sky130_fd_sc_hd__dlygate4sd3_1)
                  0.04    0.36    0.76 ^ hold3/X (sky130_fd_sc_hd__dlygate4sd3_1)
     1    0.00                           net42 (net)
                  0.04    0.00    0.76 ^ _461_/A2 (sky130_fd_sc_hd__a22o_1)
                  0.03    0.07    0.84 ^ _461_/X (sky130_fd_sc_hd__a22o_1)
     1    0.00                           _004_ (net)
                  0.03    0.00    0.84 ^ _483_/D (sky130_fd_sc_hd__dfrtp_1)
                                  0.84   data arrival time

                          0.00    0.00   clock clk (rise edge)
                          0.00    0.00   clock source latency
                  0.05    0.04    0.04 ^ clk (in)
     1    0.01                           clk (net)
                  0.05    0.00    0.04 ^ clkbuf_0_clk/A (sky130_fd_sc_hd__clkbuf_16)
                  0.03    0.09    0.13 ^ clkbuf_0_clk/X (sky130_fd_sc_hd__clkbuf_16)
     2    0.02                           clknet_0_clk (net)
                  0.03    0.00    0.13 ^ clkbuf_1_1__f_clk/A (sky130_fd_sc_hd__clkbuf_16)
                  0.04    0.09    0.23 ^ clkbuf_1_1__f_clk/X (sky130_fd_sc_hd__clkbuf_16)
     7    0.03                           clknet_1_1__leaf_clk (net)
                  0.04    0.00    0.23 ^ _483_/CLK (sky130_fd_sc_hd__dfrtp_1)
                          0.25    0.48   clock uncertainty
                         -0.02    0.46   clock reconvergence pessimism
                         -0.02    0.44   library hold time
                                  0.44   data required time
-----------------------------------------------------------------------------
                                  0.44   data required time
                                 -0.84   data arrival time
-----------------------------------------------------------------------------
                                  0.40   slack (MET)


Startpoint: _481_ (rising edge-triggered flip-flop clocked by clk)
Endpoint: _481_ (rising edge-triggered flip-flop clocked by clk)
Path Group: clk
Path Type: min
Corner: Fastest

Fanout     Cap    Slew   Delay    Time   Description
-----------------------------------------------------------------------------
                          0.00    0.00   clock clk (rise edge)
                          0.00    0.00   clock source latency
                  0.05    0.03    0.03 ^ clk (in)
     1    0.01                           clk (net)
                  0.05    0.00    0.03 ^ clkbuf_0_clk/A (sky130_fd_sc_hd__clkbuf_16)
                  0.03    0.09    0.12 ^ clkbuf_0_clk/X (sky130_fd_sc_hd__clkbuf_16)
     2    0.02                           clknet_0_clk (net)
                  0.03    0.00    0.12 ^ clkbuf_1_1__f_clk/A (sky130_fd_sc_hd__clkbuf_16)
                  0.04    0.09    0.20 ^ clkbuf_1_1__f_clk/X (sky130_fd_sc_hd__clkbuf_16)
     7    0.03                           clknet_1_1__leaf_clk (net)
                  0.04    0.00    0.21 ^ _481_/CLK (sky130_fd_sc_hd__dfrtp_1)
                  0.05    0.20    0.41 ^ _481_/Q (sky130_fd_sc_hd__dfrtp_1)
     2    0.01                           net25 (net)
                  0.05    0.00    0.41 ^ hold4/A (sky130_fd_sc_hd__dlygate4sd3_1)
                  0.04    0.36    0.77 ^ hold4/X (sky130_fd_sc_hd__dlygate4sd3_1)
     1    0.00                           net43 (net)
                  0.04    0.00    0.77 ^ _455_/A2 (sky130_fd_sc_hd__a22o_1)
                  0.03    0.07    0.84 ^ _455_/X (sky130_fd_sc_hd__a22o_1)
     1    0.00                           _002_ (net)
                  0.03    0.00    0.84 ^ _481_/D (sky130_fd_sc_hd__dfrtp_1)
                                  0.84   data arrival time

                          0.00    0.00   clock clk (rise edge)
                          0.00    0.00   clock source latency
                  0.05    0.04    0.04 ^ clk (in)
     1    0.01                           clk (net)
                  0.05    0.00    0.04 ^ clkbuf_0_clk/A (sky130_fd_sc_hd__clkbuf_16)
                  0.03    0.09    0.13 ^ clkbuf_0_clk/X (sky130_fd_sc_hd__clkbuf_16)
     2    0.02                           clknet_0_clk (net)
                  0.03    0.00    0.13 ^ clkbuf_1_1__f_clk/A (sky130_fd_sc_hd__clkbuf_16)
                  0.04    0.09    0.23 ^ clkbuf_1_1__f_clk/X (sky130_fd_sc_hd__clkbuf_16)
     7    0.03                           clknet_1_1__leaf_clk (net)
                  0.04    0.00    0.23 ^ _481_/CLK (sky130_fd_sc_hd__dfrtp_1)
                          0.25    0.48   clock uncertainty
                         -0.02    0.46   clock reconvergence pessimism
                         -0.02    0.44   library hold time
                                  0.44   data required time
-----------------------------------------------------------------------------
                                  0.44   data required time
                                 -0.84   data arrival time
-----------------------------------------------------------------------------
                                  0.40   slack (MET)


Startpoint: _482_ (rising edge-triggered flip-flop clocked by clk)
Endpoint: _482_ (rising edge-triggered flip-flop clocked by clk)
Path Group: clk
Path Type: min
Corner: Fastest

Fanout     Cap    Slew   Delay    Time   Description
-----------------------------------------------------------------------------
                          0.00    0.00   clock clk (rise edge)
                          0.00    0.00   clock source latency
                  0.05    0.03    0.03 ^ clk (in)
     1    0.01                           clk (net)
                  0.05    0.00    0.03 ^ clkbuf_0_clk/A (sky130_fd_sc_hd__clkbuf_16)
                  0.03    0.09    0.12 ^ clkbuf_0_clk/X (sky130_fd_sc_hd__clkbuf_16)
     2    0.02                           clknet_0_clk (net)
                  0.03    0.00    0.12 ^ clkbuf_1_1__f_clk/A (sky130_fd_sc_hd__clkbuf_16)
                  0.04    0.09    0.20 ^ clkbuf_1_1__f_clk/X (sky130_fd_sc_hd__clkbuf_16)
     7    0.03                           clknet_1_1__leaf_clk (net)
                  0.04    0.00    0.21 ^ _482_/CLK (sky130_fd_sc_hd__dfrtp_1)
                  0.05    0.21    0.41 ^ _482_/Q (sky130_fd_sc_hd__dfrtp_1)
     2    0.01                           net26 (net)
                  0.05    0.00    0.41 ^ hold5/A (sky130_fd_sc_hd__dlygate4sd3_1)
                  0.04    0.36    0.77 ^ hold5/X (sky130_fd_sc_hd__dlygate4sd3_1)
     1    0.00                           net44 (net)
                  0.04    0.00    0.77 ^ _459_/A2 (sky130_fd_sc_hd__a22o_1)
                  0.03    0.07    0.85 ^ _459_/X (sky130_fd_sc_hd__a22o_1)
     1    0.00                           _003_ (net)
                  0.03    0.00    0.85 ^ _482_/D (sky130_fd_sc_hd__dfrtp_1)
                                  0.85   data arrival time

                          0.00    0.00   clock clk (rise edge)
                          0.00    0.00   clock source latency
                  0.05    0.04    0.04 ^ clk (in)
     1    0.01                           clk (net)
                  0.05    0.00    0.04 ^ clkbuf_0_clk/A (sky130_fd_sc_hd__clkbuf_16)
                  0.03    0.09    0.13 ^ clkbuf_0_clk/X (sky130_fd_sc_hd__clkbuf_16)
     2    0.02                           clknet_0_clk (net)
                  0.03    0.00    0.13 ^ clkbuf_1_1__f_clk/A (sky130_fd_sc_hd__clkbuf_16)
                  0.04    0.09    0.23 ^ clkbuf_1_1__f_clk/X (sky130_fd_sc_hd__clkbuf_16)
     7    0.03                           clknet_1_1__leaf_clk (net)
                  0.04    0.00    0.23 ^ _482_/CLK (sky130_fd_sc_hd__dfrtp_1)
                          0.25    0.48   clock uncertainty
                         -0.02    0.46   clock reconvergence pessimism
                         -0.02    0.44   library hold time
                                  0.44   data required time
-----------------------------------------------------------------------------
                                  0.44   data required time
                                 -0.85   data arrival time
-----------------------------------------------------------------------------
                                  0.41   slack (MET)


Startpoint: _488_ (rising edge-triggered flip-flop clocked by clk)
Endpoint: _488_ (rising edge-triggered flip-flop clocked by clk)
Path Group: clk
Path Type: min
Corner: Fastest

Fanout     Cap    Slew   Delay    Time   Description
-----------------------------------------------------------------------------
                          0.00    0.00   clock clk (rise edge)
                          0.00    0.00   clock source latency
                  0.05    0.03    0.03 ^ clk (in)
     1    0.01                           clk (net)
                  0.05    0.00    0.03 ^ clkbuf_0_clk/A (sky130_fd_sc_hd__clkbuf_16)
                  0.03    0.09    0.12 ^ clkbuf_0_clk/X (sky130_fd_sc_hd__clkbuf_16)
     2    0.02                           clknet_0_clk (net)
                  0.03    0.00    0.12 ^ clkbuf_1_0__f_clk/A (sky130_fd_sc_hd__clkbuf_16)
                  0.04    0.08    0.20 ^ clkbuf_1_0__f_clk/X (sky130_fd_sc_hd__clkbuf_16)
     7    0.03                           clknet_1_0__leaf_clk (net)
                  0.04    0.00    0.20 ^ _488_/CLK (sky130_fd_sc_hd__dfrtp_1)
                  0.05    0.20    0.41 ^ _488_/Q (sky130_fd_sc_hd__dfrtp_1)
     2    0.01                           net33 (net)
                  0.05    0.00    0.41 ^ hold11/A (sky130_fd_sc_hd__dlygate4sd3_1)
                  0.03    0.35    0.76 ^ hold11/X (sky130_fd_sc_hd__dlygate4sd3_1)
     1    0.00                           net50 (net)
                  0.03    0.00    0.76 ^ _470_/B (sky130_fd_sc_hd__and2_1)
                  0.03    0.07    0.83 ^ _470_/X (sky130_fd_sc_hd__and2_1)
     1    0.00                           _185_ (net)
                  0.03    0.00    0.83 ^ _471_/B1 (sky130_fd_sc_hd__a31o_1)
                  0.03    0.05    0.88 ^ _471_/X (sky130_fd_sc_hd__a31o_1)
     1    0.00                           _009_ (net)
                  0.03    0.00    0.88 ^ _488_/D (sky130_fd_sc_hd__dfrtp_1)
                                  0.88   data arrival time

                          0.00    0.00   clock clk (rise edge)
                          0.00    0.00   clock source latency
                  0.05    0.04    0.04 ^ clk (in)
     1    0.01                           clk (net)
                  0.05    0.00    0.04 ^ clkbuf_0_clk/A (sky130_fd_sc_hd__clkbuf_16)
                  0.03    0.09    0.13 ^ clkbuf_0_clk/X (sky130_fd_sc_hd__clkbuf_16)
     2    0.02                           clknet_0_clk (net)
                  0.03    0.00    0.13 ^ clkbuf_1_0__f_clk/A (sky130_fd_sc_hd__clkbuf_16)
                  0.04    0.09    0.23 ^ clkbuf_1_0__f_clk/X (sky130_fd_sc_hd__clkbuf_16)
     7    0.03                           clknet_1_0__leaf_clk (net)
                  0.04    0.00    0.23 ^ _488_/CLK (sky130_fd_sc_hd__dfrtp_1)
                          0.25    0.48   clock uncertainty
                         -0.02    0.45   clock reconvergence pessimism
                         -0.02    0.44   library hold time
                                  0.44   data required time
-----------------------------------------------------------------------------
                                  0.44   data required time
                                 -0.88   data arrival time
-----------------------------------------------------------------------------
                                  0.44   slack (MET)


Startpoint: _485_ (rising edge-triggered flip-flop clocked by clk)
Endpoint: _485_ (rising edge-triggered flip-flop clocked by clk)
Path Group: clk
Path Type: min
Corner: Fastest

Fanout     Cap    Slew   Delay    Time   Description
-----------------------------------------------------------------------------
                          0.00    0.00   clock clk (rise edge)
                          0.00    0.00   clock source latency
                  0.05    0.03    0.03 ^ clk (in)
     1    0.01                           clk (net)
                  0.05    0.00    0.03 ^ clkbuf_0_clk/A (sky130_fd_sc_hd__clkbuf_16)
                  0.03    0.09    0.12 ^ clkbuf_0_clk/X (sky130_fd_sc_hd__clkbuf_16)
     2    0.02                           clknet_0_clk (net)
                  0.03    0.00    0.12 ^ clkbuf_1_0__f_clk/A (sky130_fd_sc_hd__clkbuf_16)
                  0.04    0.08    0.20 ^ clkbuf_1_0__f_clk/X (sky130_fd_sc_hd__clkbuf_16)
     7    0.03                           clknet_1_0__leaf_clk (net)
                  0.04    0.00    0.20 ^ _485_/CLK (sky130_fd_sc_hd__dfrtp_1)
                  0.05    0.20    0.41 ^ _485_/Q (sky130_fd_sc_hd__dfrtp_1)
     2    0.01                           net30 (net)
                  0.05    0.00    0.41 ^ hold9/A (sky130_fd_sc_hd__dlygate4sd3_1)
                  0.04    0.35    0.76 ^ hold9/X (sky130_fd_sc_hd__dlygate4sd3_1)
     1    0.00                           net48 (net)
                  0.04    0.00    0.76 ^ _464_/B (sky130_fd_sc_hd__and2_1)
                  0.03    0.07    0.83 ^ _464_/X (sky130_fd_sc_hd__and2_1)
     1    0.00                           _182_ (net)
                  0.03    0.00    0.83 ^ _465_/B1 (sky130_fd_sc_hd__a31o_1)
                  0.03    0.05    0.88 ^ _465_/X (sky130_fd_sc_hd__a31o_1)
     1    0.00                           _006_ (net)
                  0.03    0.00    0.88 ^ _485_/D (sky130_fd_sc_hd__dfrtp_1)
                                  0.88   data arrival time

                          0.00    0.00   clock clk (rise edge)
                          0.00    0.00   clock source latency
                  0.05    0.04    0.04 ^ clk (in)
     1    0.01                           clk (net)
                  0.05    0.00    0.04 ^ clkbuf_0_clk/A (sky130_fd_sc_hd__clkbuf_16)
                  0.03    0.09    0.13 ^ clkbuf_0_clk/X (sky130_fd_sc_hd__clkbuf_16)
     2    0.02                           clknet_0_clk (net)
                  0.03    0.00    0.13 ^ clkbuf_1_0__f_clk/A (sky130_fd_sc_hd__clkbuf_16)
                  0.04    0.09    0.23 ^ clkbuf_1_0__f_clk/X (sky130_fd_sc_hd__clkbuf_16)
     7    0.03                           clknet_1_0__leaf_clk (net)
                  0.04    0.00    0.23 ^ _485_/CLK (sky130_fd_sc_hd__dfrtp_1)
                          0.25    0.48   clock uncertainty
                         -0.02    0.45   clock reconvergence pessimism
                         -0.02    0.44   library hold time
                                  0.44   data required time
-----------------------------------------------------------------------------
                                  0.44   data required time
                                 -0.88   data arrival time
-----------------------------------------------------------------------------
                                  0.44   slack (MET)


Startpoint: _491_ (rising edge-triggered flip-flop clocked by clk)
Endpoint: _491_ (rising edge-triggered flip-flop clocked by clk)
Path Group: clk
Path Type: min
Corner: Fastest

Fanout     Cap    Slew   Delay    Time   Description
-----------------------------------------------------------------------------
                          0.00    0.00   clock clk (rise edge)
                          0.00    0.00   clock source latency
                  0.05    0.03    0.03 ^ clk (in)
     1    0.01                           clk (net)
                  0.05    0.00    0.03 ^ clkbuf_0_clk/A (sky130_fd_sc_hd__clkbuf_16)
                  0.03    0.09    0.12 ^ clkbuf_0_clk/X (sky130_fd_sc_hd__clkbuf_16)
     2    0.02                           clknet_0_clk (net)
                  0.03    0.00    0.12 ^ clkbuf_1_0__f_clk/A (sky130_fd_sc_hd__clkbuf_16)
                  0.04    0.08    0.20 ^ clkbuf_1_0__f_clk/X (sky130_fd_sc_hd__clkbuf_16)
     7    0.03                           clknet_1_0__leaf_clk (net)
                  0.04    0.00    0.20 ^ _491_/CLK (sky130_fd_sc_hd__dfrtp_1)
                  0.05    0.20    0.40 ^ _491_/Q (sky130_fd_sc_hd__dfrtp_1)
     2    0.01                           net36 (net)
                  0.05    0.00    0.40 ^ hold6/A (sky130_fd_sc_hd__dlygate4sd3_1)
                  0.04    0.36    0.76 ^ hold6/X (sky130_fd_sc_hd__dlygate4sd3_1)
     1    0.00                           net45 (net)
                  0.04    0.00    0.76 ^ _476_/B (sky130_fd_sc_hd__and2_1)
                  0.03    0.07    0.83 ^ _476_/X (sky130_fd_sc_hd__and2_1)
     1    0.00                           _188_ (net)
                  0.03    0.00    0.83 ^ _477_/B1 (sky130_fd_sc_hd__a31o_1)
                  0.03    0.05    0.88 ^ _477_/X (sky130_fd_sc_hd__a31o_1)
     1    0.00                           _012_ (net)
                  0.03    0.00    0.88 ^ _491_/D (sky130_fd_sc_hd__dfrtp_1)
                                  0.88   data arrival time

                          0.00    0.00   clock clk (rise edge)
                          0.00    0.00   clock source latency
                  0.05    0.04    0.04 ^ clk (in)
     1    0.01                           clk (net)
                  0.05    0.00    0.04 ^ clkbuf_0_clk/A (sky130_fd_sc_hd__clkbuf_16)
                  0.03    0.09    0.13 ^ clkbuf_0_clk/X (sky130_fd_sc_hd__clkbuf_16)
     2    0.02                           clknet_0_clk (net)
                  0.03    0.00    0.13 ^ clkbuf_1_0__f_clk/A (sky130_fd_sc_hd__clkbuf_16)
                  0.04    0.09    0.23 ^ clkbuf_1_0__f_clk/X (sky130_fd_sc_hd__clkbuf_16)
     7    0.03                           clknet_1_0__leaf_clk (net)
                  0.04    0.00    0.23 ^ _491_/CLK (sky130_fd_sc_hd__dfrtp_1)
                          0.25    0.48   clock uncertainty
                         -0.02    0.45   clock reconvergence pessimism
                         -0.02    0.43   library hold time
                                  0.43   data required time
-----------------------------------------------------------------------------
                                  0.43   data required time
                                 -0.88   data arrival time
-----------------------------------------------------------------------------
                                  0.45   slack (MET)


Startpoint: _486_ (rising edge-triggered flip-flop clocked by clk)
Endpoint: _486_ (rising edge-triggered flip-flop clocked by clk)
Path Group: clk
Path Type: min
Corner: Fastest

Fanout     Cap    Slew   Delay    Time   Description
-----------------------------------------------------------------------------
                          0.00    0.00   clock clk (rise edge)
                          0.00    0.00   clock source latency
                  0.05    0.03    0.03 ^ clk (in)
     1    0.01                           clk (net)
                  0.05    0.00    0.03 ^ clkbuf_0_clk/A (sky130_fd_sc_hd__clkbuf_16)
                  0.03    0.09    0.12 ^ clkbuf_0_clk/X (sky130_fd_sc_hd__clkbuf_16)
     2    0.02                           clknet_0_clk (net)
                  0.03    0.00    0.12 ^ clkbuf_1_0__f_clk/A (sky130_fd_sc_hd__clkbuf_16)
                  0.04    0.08    0.20 ^ clkbuf_1_0__f_clk/X (sky130_fd_sc_hd__clkbuf_16)
     7    0.03                           clknet_1_0__leaf_clk (net)
                  0.04    0.00    0.20 ^ _486_/CLK (sky130_fd_sc_hd__dfrtp_1)
                  0.06    0.21    0.41 ^ _486_/Q (sky130_fd_sc_hd__dfrtp_1)
     2    0.01                           net31 (net)
                  0.06    0.00    0.41 ^ hold10/A (sky130_fd_sc_hd__dlygate4sd3_1)
                  0.03    0.35    0.76 ^ hold10/X (sky130_fd_sc_hd__dlygate4sd3_1)
     1    0.00                           net49 (net)
                  0.03    0.00    0.76 ^ _466_/B (sky130_fd_sc_hd__and2_1)
                  0.04    0.07    0.84 ^ _466_/X (sky130_fd_sc_hd__and2_1)
     1    0.00                           _183_ (net)
                  0.04    0.00    0.84 ^ _467_/B1 (sky130_fd_sc_hd__a31o_1)
                  0.02    0.05    0.88 ^ _467_/X (sky130_fd_sc_hd__a31o_1)
     1    0.00                           _007_ (net)
                  0.02    0.00    0.88 ^ _486_/D (sky130_fd_sc_hd__dfrtp_1)
                                  0.88   data arrival time

                          0.00    0.00   clock clk (rise edge)
                          0.00    0.00   clock source latency
                  0.05    0.04    0.04 ^ clk (in)
     1    0.01                           clk (net)
                  0.05    0.00    0.04 ^ clkbuf_0_clk/A (sky130_fd_sc_hd__clkbuf_16)
                  0.03    0.09    0.13 ^ clkbuf_0_clk/X (sky130_fd_sc_hd__clkbuf_16)
     2    0.02                           clknet_0_clk (net)
                  0.03    0.00    0.13 ^ clkbuf_1_0__f_clk/A (sky130_fd_sc_hd__clkbuf_16)
                  0.04    0.09    0.23 ^ clkbuf_1_0__f_clk/X (sky130_fd_sc_hd__clkbuf_16)
     7    0.03                           clknet_1_0__leaf_clk (net)
                  0.04    0.00    0.23 ^ _486_/CLK (sky130_fd_sc_hd__dfrtp_1)
                          0.25    0.48   clock uncertainty
                         -0.02    0.45   clock reconvergence pessimism
                         -0.02    0.44   library hold time
                                  0.44   data required time
-----------------------------------------------------------------------------
                                  0.44   data required time
                                 -0.88   data arrival time
-----------------------------------------------------------------------------
                                  0.45   slack (MET)


Startpoint: _489_ (rising edge-triggered flip-flop clocked by clk)
Endpoint: _489_ (rising edge-triggered flip-flop clocked by clk)
Path Group: clk
Path Type: min
Corner: Fastest

Fanout     Cap    Slew   Delay    Time   Description
-----------------------------------------------------------------------------
                          0.00    0.00   clock clk (rise edge)
                          0.00    0.00   clock source latency
                  0.05    0.03    0.03 ^ clk (in)
     1    0.01                           clk (net)
                  0.05    0.00    0.03 ^ clkbuf_0_clk/A (sky130_fd_sc_hd__clkbuf_16)
                  0.03    0.09    0.12 ^ clkbuf_0_clk/X (sky130_fd_sc_hd__clkbuf_16)
     2    0.02                           clknet_0_clk (net)
                  0.03    0.00    0.12 ^ clkbuf_1_0__f_clk/A (sky130_fd_sc_hd__clkbuf_16)
                  0.04    0.08    0.20 ^ clkbuf_1_0__f_clk/X (sky130_fd_sc_hd__clkbuf_16)
     7    0.03                           clknet_1_0__leaf_clk (net)
                  0.04    0.00    0.20 ^ _489_/CLK (sky130_fd_sc_hd__dfrtp_1)
                  0.06    0.21    0.42 ^ _489_/Q (sky130_fd_sc_hd__dfrtp_1)
     2    0.01                           net34 (net)
                  0.06    0.00    0.42 ^ hold12/A (sky130_fd_sc_hd__dlygate4sd3_1)
                  0.03    0.35    0.77 ^ hold12/X (sky130_fd_sc_hd__dlygate4sd3_1)
     1    0.00                           net51 (net)
                  0.03    0.00    0.77 ^ _472_/B (sky130_fd_sc_hd__and2_1)
                  0.03    0.07    0.84 ^ _472_/X (sky130_fd_sc_hd__and2_1)
     1    0.00                           _186_ (net)
                  0.03    0.00    0.84 ^ _473_/B1 (sky130_fd_sc_hd__a31o_1)
                  0.03    0.05    0.89 ^ _473_/X (sky130_fd_sc_hd__a31o_1)
     1    0.00                           _010_ (net)
                  0.03    0.00    0.89 ^ _489_/D (sky130_fd_sc_hd__dfrtp_1)
                                  0.89   data arrival time

                          0.00    0.00   clock clk (rise edge)
                          0.00    0.00   clock source latency
                  0.05    0.04    0.04 ^ clk (in)
     1    0.01                           clk (net)
                  0.05    0.00    0.04 ^ clkbuf_0_clk/A (sky130_fd_sc_hd__clkbuf_16)
                  0.03    0.09    0.13 ^ clkbuf_0_clk/X (sky130_fd_sc_hd__clkbuf_16)
     2    0.02                           clknet_0_clk (net)
                  0.03    0.00    0.13 ^ clkbuf_1_0__f_clk/A (sky130_fd_sc_hd__clkbuf_16)
                  0.04    0.09    0.23 ^ clkbuf_1_0__f_clk/X (sky130_fd_sc_hd__clkbuf_16)
     7    0.03                           clknet_1_0__leaf_clk (net)
                  0.04    0.00    0.23 ^ _489_/CLK (sky130_fd_sc_hd__dfrtp_1)
                          0.25    0.48   clock uncertainty
                         -0.02    0.45   clock reconvergence pessimism
                         -0.02    0.44   library hold time
                                  0.44   data required time
-----------------------------------------------------------------------------
                                  0.44   data required time
                                 -0.89   data arrival time
-----------------------------------------------------------------------------
                                  0.45   slack (MET)


Startpoint: _490_ (rising edge-triggered flip-flop clocked by clk)
Endpoint: _490_ (rising edge-triggered flip-flop clocked by clk)
Path Group: clk
Path Type: min
Corner: Fastest

Fanout     Cap    Slew   Delay    Time   Description
-----------------------------------------------------------------------------
                          0.00    0.00   clock clk (rise edge)
                          0.00    0.00   clock source latency
                  0.05    0.03    0.03 ^ clk (in)
     1    0.01                           clk (net)
                  0.05    0.00    0.03 ^ clkbuf_0_clk/A (sky130_fd_sc_hd__clkbuf_16)
                  0.03    0.09    0.12 ^ clkbuf_0_clk/X (sky130_fd_sc_hd__clkbuf_16)
     2    0.02                           clknet_0_clk (net)
                  0.03    0.00    0.12 ^ clkbuf_1_0__f_clk/A (sky130_fd_sc_hd__clkbuf_16)
                  0.04    0.08    0.20 ^ clkbuf_1_0__f_clk/X (sky130_fd_sc_hd__clkbuf_16)
     7    0.03                           clknet_1_0__leaf_clk (net)
                  0.04    0.00    0.20 ^ _490_/CLK (sky130_fd_sc_hd__dfrtp_1)
                  0.06    0.21    0.41 ^ _490_/Q (sky130_fd_sc_hd__dfrtp_1)
     2    0.01                           net35 (net)
                  0.06    0.00    0.41 ^ hold8/A (sky130_fd_sc_hd__dlygate4sd3_1)
                  0.04    0.36    0.77 ^ hold8/X (sky130_fd_sc_hd__dlygate4sd3_1)
     1    0.00                           net47 (net)
                  0.04    0.00    0.77 ^ _474_/B (sky130_fd_sc_hd__and2_1)
                  0.03    0.07    0.84 ^ _474_/X (sky130_fd_sc_hd__and2_1)
     1    0.00                           _187_ (net)
                  0.03    0.00    0.84 ^ _475_/B1 (sky130_fd_sc_hd__a31o_1)
                  0.03    0.05    0.89 ^ _475_/X (sky130_fd_sc_hd__a31o_1)
     1    0.00                           _011_ (net)
                  0.03    0.00    0.89 ^ _490_/D (sky130_fd_sc_hd__dfrtp_1)
                                  0.89   data arrival time

                          0.00    0.00   clock clk (rise edge)
                          0.00    0.00   clock source latency
                  0.05    0.04    0.04 ^ clk (in)
     1    0.01                           clk (net)
                  0.05    0.00    0.04 ^ clkbuf_0_clk/A (sky130_fd_sc_hd__clkbuf_16)
                  0.03    0.09    0.13 ^ clkbuf_0_clk/X (sky130_fd_sc_hd__clkbuf_16)
     2    0.02                           clknet_0_clk (net)
                  0.03    0.00    0.13 ^ clkbuf_1_0__f_clk/A (sky130_fd_sc_hd__clkbuf_16)
                  0.04    0.09    0.23 ^ clkbuf_1_0__f_clk/X (sky130_fd_sc_hd__clkbuf_16)
     7    0.03                           clknet_1_0__leaf_clk (net)
                  0.04    0.00    0.23 ^ _490_/CLK (sky130_fd_sc_hd__dfrtp_1)
                          0.25    0.48   clock uncertainty
                         -0.02    0.45   clock reconvergence pessimism
                         -0.02    0.43   library hold time
                                  0.43   data required time
-----------------------------------------------------------------------------
                                  0.43   data required time
                                 -0.89   data arrival time
-----------------------------------------------------------------------------
                                  0.45   slack (MET)


Startpoint: _484_ (rising edge-triggered flip-flop clocked by clk)
Endpoint: _484_ (rising edge-triggered flip-flop clocked by clk)
Path Group: clk
Path Type: min
Corner: Fastest

Fanout     Cap    Slew   Delay    Time   Description
-----------------------------------------------------------------------------
                          0.00    0.00   clock clk (rise edge)
                          0.00    0.00   clock source latency
                  0.05    0.03    0.03 ^ clk (in)
     1    0.01                           clk (net)
                  0.05    0.00    0.03 ^ clkbuf_0_clk/A (sky130_fd_sc_hd__clkbuf_16)
                  0.03    0.09    0.12 ^ clkbuf_0_clk/X (sky130_fd_sc_hd__clkbuf_16)
     2    0.02                           clknet_0_clk (net)
                  0.03    0.00    0.12 ^ clkbuf_1_0__f_clk/A (sky130_fd_sc_hd__clkbuf_16)
                  0.04    0.08    0.20 ^ clkbuf_1_0__f_clk/X (sky130_fd_sc_hd__clkbuf_16)
     7    0.03                           clknet_1_0__leaf_clk (net)
                  0.04    0.00    0.20 ^ _484_/CLK (sky130_fd_sc_hd__dfrtp_1)
                  0.05    0.20    0.41 ^ _484_/Q (sky130_fd_sc_hd__dfrtp_1)
     2    0.01                           net29 (net)
                  0.05    0.00    0.41 ^ hold7/A (sky130_fd_sc_hd__dlygate4sd3_1)
                  0.04    0.36    0.76 ^ hold7/X (sky130_fd_sc_hd__dlygate4sd3_1)
     1    0.00                           net46 (net)
                  0.04    0.00    0.76 ^ _462_/B (sky130_fd_sc_hd__and2_1)
                  0.04    0.08    0.84 ^ _462_/X (sky130_fd_sc_hd__and2_1)
     1    0.00                           _181_ (net)
                  0.04    0.00    0.84 ^ _463_/B1 (sky130_fd_sc_hd__a31o_1)
                  0.03    0.05    0.89 ^ _463_/X (sky130_fd_sc_hd__a31o_1)
     1    0.00                           _005_ (net)
                  0.03    0.00    0.89 ^ _484_/D (sky130_fd_sc_hd__dfrtp_1)
                                  0.89   data arrival time

                          0.00    0.00   clock clk (rise edge)
                          0.00    0.00   clock source latency
                  0.05    0.04    0.04 ^ clk (in)
     1    0.01                           clk (net)
                  0.05    0.00    0.04 ^ clkbuf_0_clk/A (sky130_fd_sc_hd__clkbuf_16)
                  0.03    0.09    0.13 ^ clkbuf_0_clk/X (sky130_fd_sc_hd__clkbuf_16)
     2    0.02                           clknet_0_clk (net)
                  0.03    0.00    0.13 ^ clkbuf_1_0__f_clk/A (sky130_fd_sc_hd__clkbuf_16)
                  0.04    0.09    0.23 ^ clkbuf_1_0__f_clk/X (sky130_fd_sc_hd__clkbuf_16)
     7    0.03                           clknet_1_0__leaf_clk (net)
                  0.04    0.00    0.23 ^ _484_/CLK (sky130_fd_sc_hd__dfrtp_1)
                          0.25    0.48   clock uncertainty
                         -0.02    0.45   clock reconvergence pessimism
                         -0.02    0.44   library hold time
                                  0.44   data required time
-----------------------------------------------------------------------------
                                  0.44   data required time
                                 -0.89   data arrival time
-----------------------------------------------------------------------------
                                  0.46   slack (MET)


Startpoint: rst_n (input port clocked by clk)
Endpoint: _487_ (removal check against rising-edge clock clk)
Path Group: asynchronous
Path Type: min
Corner: Fastest

Fanout     Cap    Slew   Delay    Time   Description
-----------------------------------------------------------------------------
                          0.00    0.00   clock clk (rise edge)
                          0.00    0.00   clock network delay (propagated)
                          5.00    5.00 ^ input external delay
                  0.01    0.01    5.01 ^ rst_n (in)
     1    0.00                           rst_n (net)
                  0.01    0.00    5.01 ^ input10/A (sky130_fd_sc_hd__clkbuf_2)
                  0.11    0.11    5.12 ^ input10/X (sky130_fd_sc_hd__clkbuf_2)
     5    0.02                           net10 (net)
                  0.11    0.00    5.12 ^ _487_/RESET_B (sky130_fd_sc_hd__dfrtp_1)
                                  5.12   data arrival time

                          0.00    0.00   clock clk (rise edge)
                          0.00    0.00   clock source latency
                  0.05    0.04    0.04 ^ clk (in)
     1    0.01                           clk (net)
                  0.05    0.00    0.04 ^ clkbuf_0_clk/A (sky130_fd_sc_hd__clkbuf_16)
                  0.03    0.09    0.13 ^ clkbuf_0_clk/X (sky130_fd_sc_hd__clkbuf_16)
     2    0.02                           clknet_0_clk (net)
                  0.03    0.00    0.13 ^ clkbuf_1_1__f_clk/A (sky130_fd_sc_hd__clkbuf_16)
                  0.04    0.09    0.23 ^ clkbuf_1_1__f_clk/X (sky130_fd_sc_hd__clkbuf_16)
     7    0.03                           clknet_1_1__leaf_clk (net)
                  0.04    0.00    0.23 ^ _487_/CLK (sky130_fd_sc_hd__dfrtp_1)
                          0.25    0.48   clock uncertainty
                          0.00    0.48   clock reconvergence pessimism
                          0.22    0.69   library removal time
                                  0.69   data required time
-----------------------------------------------------------------------------
                                  0.69   data required time
                                 -5.12   data arrival time
-----------------------------------------------------------------------------
                                  4.42   slack (MET)


Startpoint: rst_n (input port clocked by clk)
Endpoint: _485_ (removal check against rising-edge clock clk)
Path Group: asynchronous
Path Type: min
Corner: Fastest

Fanout     Cap    Slew   Delay    Time   Description
-----------------------------------------------------------------------------
                          0.00    0.00   clock clk (rise edge)
                          0.00    0.00   clock network delay (propagated)
                          5.00    5.00 ^ input external delay
                  0.01    0.01    5.01 ^ rst_n (in)
     1    0.00                           rst_n (net)
                  0.01    0.00    5.01 ^ input10/A (sky130_fd_sc_hd__clkbuf_2)
                  0.11    0.11    5.12 ^ input10/X (sky130_fd_sc_hd__clkbuf_2)
     5    0.02                           net10 (net)
                  0.11    0.00    5.12 ^ _485_/RESET_B (sky130_fd_sc_hd__dfrtp_1)
                                  5.12   data arrival time

                          0.00    0.00   clock clk (rise edge)
                          0.00    0.00   clock source latency
                  0.05    0.04    0.04 ^ clk (in)
     1    0.01                           clk (net)
                  0.05    0.00    0.04 ^ clkbuf_0_clk/A (sky130_fd_sc_hd__clkbuf_16)
                  0.03    0.09    0.13 ^ clkbuf_0_clk/X (sky130_fd_sc_hd__clkbuf_16)
     2    0.02                           clknet_0_clk (net)
                  0.03    0.00    0.13 ^ clkbuf_1_0__f_clk/A (sky130_fd_sc_hd__clkbuf_16)
                  0.04    0.09    0.23 ^ clkbuf_1_0__f_clk/X (sky130_fd_sc_hd__clkbuf_16)
     7    0.03                           clknet_1_0__leaf_clk (net)
                  0.04    0.00    0.23 ^ _485_/CLK (sky130_fd_sc_hd__dfrtp_1)
                          0.25    0.48   clock uncertainty
                          0.00    0.48   clock reconvergence pessimism
                          0.22    0.69   library removal time
                                  0.69   data required time
-----------------------------------------------------------------------------
                                  0.69   data required time
                                 -5.12   data arrival time
-----------------------------------------------------------------------------
                                  4.42   slack (MET)


Startpoint: rst_n (input port clocked by clk)
Endpoint: _488_ (removal check against rising-edge clock clk)
Path Group: asynchronous
Path Type: min
Corner: Fastest

Fanout     Cap    Slew   Delay    Time   Description
-----------------------------------------------------------------------------
                          0.00    0.00   clock clk (rise edge)
                          0.00    0.00   clock network delay (propagated)
                          5.00    5.00 ^ input external delay
                  0.01    0.01    5.01 ^ rst_n (in)
     1    0.00                           rst_n (net)
                  0.01    0.00    5.01 ^ input10/A (sky130_fd_sc_hd__clkbuf_2)
                  0.11    0.11    5.12 ^ input10/X (sky130_fd_sc_hd__clkbuf_2)
     5    0.02                           net10 (net)
                  0.11    0.00    5.12 ^ _488_/RESET_B (sky130_fd_sc_hd__dfrtp_1)
                                  5.12   data arrival time

                          0.00    0.00   clock clk (rise edge)
                          0.00    0.00   clock source latency
                  0.05    0.04    0.04 ^ clk (in)
     1    0.01                           clk (net)
                  0.05    0.00    0.04 ^ clkbuf_0_clk/A (sky130_fd_sc_hd__clkbuf_16)
                  0.03    0.09    0.13 ^ clkbuf_0_clk/X (sky130_fd_sc_hd__clkbuf_16)
     2    0.02                           clknet_0_clk (net)
                  0.03    0.00    0.13 ^ clkbuf_1_0__f_clk/A (sky130_fd_sc_hd__clkbuf_16)
                  0.04    0.09    0.23 ^ clkbuf_1_0__f_clk/X (sky130_fd_sc_hd__clkbuf_16)
     7    0.03                           clknet_1_0__leaf_clk (net)
                  0.04    0.00    0.23 ^ _488_/CLK (sky130_fd_sc_hd__dfrtp_1)
                          0.25    0.48   clock uncertainty
                          0.00    0.48   clock reconvergence pessimism
                          0.22    0.69   library removal time
                                  0.69   data required time
-----------------------------------------------------------------------------
                                  0.69   data required time
                                 -5.12   data arrival time
-----------------------------------------------------------------------------
                                  4.42   slack (MET)


Startpoint: rst_n (input port clocked by clk)
Endpoint: _486_ (removal check against rising-edge clock clk)
Path Group: asynchronous
Path Type: min
Corner: Fastest

Fanout     Cap    Slew   Delay    Time   Description
-----------------------------------------------------------------------------
                          0.00    0.00   clock clk (rise edge)
                          0.00    0.00   clock network delay (propagated)
                          5.00    5.00 ^ input external delay
                  0.01    0.01    5.01 ^ rst_n (in)
     1    0.00                           rst_n (net)
                  0.01    0.00    5.01 ^ input10/A (sky130_fd_sc_hd__clkbuf_2)
                  0.11    0.11    5.12 ^ input10/X (sky130_fd_sc_hd__clkbuf_2)
     5    0.02                           net10 (net)
                  0.11    0.00    5.12 ^ _486_/RESET_B (sky130_fd_sc_hd__dfrtp_1)
                                  5.12   data arrival time

                          0.00    0.00   clock clk (rise edge)
                          0.00    0.00   clock source latency
                  0.05    0.04    0.04 ^ clk (in)
     1    0.01                           clk (net)
                  0.05    0.00    0.04 ^ clkbuf_0_clk/A (sky130_fd_sc_hd__clkbuf_16)
                  0.03    0.09    0.13 ^ clkbuf_0_clk/X (sky130_fd_sc_hd__clkbuf_16)
     2    0.02                           clknet_0_clk (net)
                  0.03    0.00    0.13 ^ clkbuf_1_0__f_clk/A (sky130_fd_sc_hd__clkbuf_16)
                  0.04    0.09    0.23 ^ clkbuf_1_0__f_clk/X (sky130_fd_sc_hd__clkbuf_16)
     7    0.03                           clknet_1_0__leaf_clk (net)
                  0.04    0.00    0.23 ^ _486_/CLK (sky130_fd_sc_hd__dfrtp_1)
                          0.25    0.48   clock uncertainty
                          0.00    0.48   clock reconvergence pessimism
                          0.22    0.69   library removal time
                                  0.69   data required time
-----------------------------------------------------------------------------
                                  0.69   data required time
                                 -5.12   data arrival time
-----------------------------------------------------------------------------
                                  4.42   slack (MET)


Startpoint: rst_n (input port clocked by clk)
Endpoint: _481_ (removal check against rising-edge clock clk)
Path Group: asynchronous
Path Type: min
Corner: Fastest

Fanout     Cap    Slew   Delay    Time   Description
-----------------------------------------------------------------------------
                          0.00    0.00   clock clk (rise edge)
                          0.00    0.00   clock network delay (propagated)
                          5.00    5.00 ^ input external delay
                  0.01    0.01    5.01 ^ rst_n (in)
     1    0.00                           rst_n (net)
                  0.01    0.00    5.01 ^ input10/A (sky130_fd_sc_hd__clkbuf_2)
                  0.11    0.11    5.12 ^ input10/X (sky130_fd_sc_hd__clkbuf_2)
     5    0.02                           net10 (net)
                  0.11    0.00    5.12 ^ fanout39/A (sky130_fd_sc_hd__buf_4)
                  0.13    0.15    5.27 ^ fanout39/X (sky130_fd_sc_hd__buf_4)
    10    0.06                           net39 (net)
                  0.13    0.00    5.27 ^ _481_/RESET_B (sky130_fd_sc_hd__dfrtp_1)
                                  5.27   data arrival time

                          0.00    0.00   clock clk (rise edge)
                          0.00    0.00   clock source latency
                  0.05    0.04    0.04 ^ clk (in)
     1    0.01                           clk (net)
                  0.05    0.00    0.04 ^ clkbuf_0_clk/A (sky130_fd_sc_hd__clkbuf_16)
                  0.03    0.09    0.13 ^ clkbuf_0_clk/X (sky130_fd_sc_hd__clkbuf_16)
     2    0.02                           clknet_0_clk (net)
                  0.03    0.00    0.13 ^ clkbuf_1_1__f_clk/A (sky130_fd_sc_hd__clkbuf_16)
                  0.04    0.09    0.23 ^ clkbuf_1_1__f_clk/X (sky130_fd_sc_hd__clkbuf_16)
     7    0.03                           clknet_1_1__leaf_clk (net)
                  0.04    0.00    0.23 ^ _481_/CLK (sky130_fd_sc_hd__dfrtp_1)
                          0.25    0.48   clock uncertainty
                          0.00    0.48   clock reconvergence pessimism
                          0.22    0.70   library removal time
                                  0.70   data required time
-----------------------------------------------------------------------------
                                  0.70   data required time
                                 -5.27   data arrival time
-----------------------------------------------------------------------------
                                  4.57   slack (MET)


Startpoint: rst_n (input port clocked by clk)
Endpoint: _479_ (removal check against rising-edge clock clk)
Path Group: asynchronous
Path Type: min
Corner: Fastest

Fanout     Cap    Slew   Delay    Time   Description
-----------------------------------------------------------------------------
                          0.00    0.00   clock clk (rise edge)
                          0.00    0.00   clock network delay (propagated)
                          5.00    5.00 ^ input external delay
                  0.01    0.01    5.01 ^ rst_n (in)
     1    0.00                           rst_n (net)
                  0.01    0.00    5.01 ^ input10/A (sky130_fd_sc_hd__clkbuf_2)
                  0.11    0.11    5.12 ^ input10/X (sky130_fd_sc_hd__clkbuf_2)
     5    0.02                           net10 (net)
                  0.11    0.00    5.12 ^ fanout39/A (sky130_fd_sc_hd__buf_4)
                  0.13    0.15    5.27 ^ fanout39/X (sky130_fd_sc_hd__buf_4)
    10    0.06                           net39 (net)
                  0.13    0.00    5.27 ^ _479_/RESET_B (sky130_fd_sc_hd__dfrtp_1)
                                  5.27   data arrival time

                          0.00    0.00   clock clk (rise edge)
                          0.00    0.00   clock source latency
                  0.05    0.04    0.04 ^ clk (in)
     1    0.01                           clk (net)
                  0.05    0.00    0.04 ^ clkbuf_0_clk/A (sky130_fd_sc_hd__clkbuf_16)
                  0.03    0.09    0.13 ^ clkbuf_0_clk/X (sky130_fd_sc_hd__clkbuf_16)
     2    0.02                           clknet_0_clk (net)
                  0.03    0.00    0.13 ^ clkbuf_1_1__f_clk/A (sky130_fd_sc_hd__clkbuf_16)
                  0.04    0.09    0.23 ^ clkbuf_1_1__f_clk/X (sky130_fd_sc_hd__clkbuf_16)
     7    0.03                           clknet_1_1__leaf_clk (net)
                  0.04    0.00    0.23 ^ _479_/CLK (sky130_fd_sc_hd__dfrtp_1)
                          0.25    0.48   clock uncertainty
                          0.00    0.48   clock reconvergence pessimism
                          0.22    0.70   library removal time
                                  0.70   data required time
-----------------------------------------------------------------------------
                                  0.70   data required time
                                 -5.27   data arrival time
-----------------------------------------------------------------------------
                                  4.57   slack (MET)


Startpoint: rst_n (input port clocked by clk)
Endpoint: _482_ (removal check against rising-edge clock clk)
Path Group: asynchronous
Path Type: min
Corner: Fastest

Fanout     Cap    Slew   Delay    Time   Description
-----------------------------------------------------------------------------
                          0.00    0.00   clock clk (rise edge)
                          0.00    0.00   clock network delay (propagated)
                          5.00    5.00 ^ input external delay
                  0.01    0.01    5.01 ^ rst_n (in)
     1    0.00                           rst_n (net)
                  0.01    0.00    5.01 ^ input10/A (sky130_fd_sc_hd__clkbuf_2)
                  0.11    0.11    5.12 ^ input10/X (sky130_fd_sc_hd__clkbuf_2)
     5    0.02                           net10 (net)
                  0.11    0.00    5.12 ^ fanout39/A (sky130_fd_sc_hd__buf_4)
                  0.13    0.15    5.27 ^ fanout39/X (sky130_fd_sc_hd__buf_4)
    10    0.06                           net39 (net)
                  0.13    0.00    5.27 ^ _482_/RESET_B (sky130_fd_sc_hd__dfrtp_1)
                                  5.27   data arrival time

                          0.00    0.00   clock clk (rise edge)
                          0.00    0.00   clock source latency
                  0.05    0.04    0.04 ^ clk (in)
     1    0.01                           clk (net)
                  0.05    0.00    0.04 ^ clkbuf_0_clk/A (sky130_fd_sc_hd__clkbuf_16)
                  0.03    0.09    0.13 ^ clkbuf_0_clk/X (sky130_fd_sc_hd__clkbuf_16)
     2    0.02                           clknet_0_clk (net)
                  0.03    0.00    0.13 ^ clkbuf_1_1__f_clk/A (sky130_fd_sc_hd__clkbuf_16)
                  0.04    0.09    0.23 ^ clkbuf_1_1__f_clk/X (sky130_fd_sc_hd__clkbuf_16)
     7    0.03                           clknet_1_1__leaf_clk (net)
                  0.04    0.00    0.23 ^ _482_/CLK (sky130_fd_sc_hd__dfrtp_1)
                          0.25    0.48   clock uncertainty
                          0.00    0.48   clock reconvergence pessimism
                          0.22    0.70   library removal time
                                  0.70   data required time
-----------------------------------------------------------------------------
                                  0.70   data required time
                                 -5.27   data arrival time
-----------------------------------------------------------------------------
                                  4.57   slack (MET)


Startpoint: rst_n (input port clocked by clk)
Endpoint: _483_ (removal check against rising-edge clock clk)
Path Group: asynchronous
Path Type: min
Corner: Fastest

Fanout     Cap    Slew   Delay    Time   Description
-----------------------------------------------------------------------------
                          0.00    0.00   clock clk (rise edge)
                          0.00    0.00   clock network delay (propagated)
                          5.00    5.00 ^ input external delay
                  0.01    0.01    5.01 ^ rst_n (in)
     1    0.00                           rst_n (net)
                  0.01    0.00    5.01 ^ input10/A (sky130_fd_sc_hd__clkbuf_2)
                  0.11    0.11    5.12 ^ input10/X (sky130_fd_sc_hd__clkbuf_2)
     5    0.02                           net10 (net)
                  0.11    0.00    5.12 ^ fanout39/A (sky130_fd_sc_hd__buf_4)
                  0.13    0.15    5.27 ^ fanout39/X (sky130_fd_sc_hd__buf_4)
    10    0.06                           net39 (net)
                  0.13    0.00    5.27 ^ _483_/RESET_B (sky130_fd_sc_hd__dfrtp_1)
                                  5.27   data arrival time

                          0.00    0.00   clock clk (rise edge)
                          0.00    0.00   clock source latency
                  0.05    0.04    0.04 ^ clk (in)
     1    0.01                           clk (net)
                  0.05    0.00    0.04 ^ clkbuf_0_clk/A (sky130_fd_sc_hd__clkbuf_16)
                  0.03    0.09    0.13 ^ clkbuf_0_clk/X (sky130_fd_sc_hd__clkbuf_16)
     2    0.02                           clknet_0_clk (net)
                  0.03    0.00    0.13 ^ clkbuf_1_1__f_clk/A (sky130_fd_sc_hd__clkbuf_16)
                  0.04    0.09    0.23 ^ clkbuf_1_1__f_clk/X (sky130_fd_sc_hd__clkbuf_16)
     7    0.03                           clknet_1_1__leaf_clk (net)
                  0.04    0.00    0.23 ^ _483_/CLK (sky130_fd_sc_hd__dfrtp_1)
                          0.25    0.48   clock uncertainty
                          0.00    0.48   clock reconvergence pessimism
                          0.22    0.70   library removal time
                                  0.70   data required time
-----------------------------------------------------------------------------
                                  0.70   data required time
                                 -5.27   data arrival time
-----------------------------------------------------------------------------
                                  4.57   slack (MET)


Startpoint: rst_n (input port clocked by clk)
Endpoint: _480_ (removal check against rising-edge clock clk)
Path Group: asynchronous
Path Type: min
Corner: Fastest

Fanout     Cap    Slew   Delay    Time   Description
-----------------------------------------------------------------------------
                          0.00    0.00   clock clk (rise edge)
                          0.00    0.00   clock network delay (propagated)
                          5.00    5.00 ^ input external delay
                  0.01    0.01    5.01 ^ rst_n (in)
     1    0.00                           rst_n (net)
                  0.01    0.00    5.01 ^ input10/A (sky130_fd_sc_hd__clkbuf_2)
                  0.11    0.11    5.12 ^ input10/X (sky130_fd_sc_hd__clkbuf_2)
     5    0.02                           net10 (net)
                  0.11    0.00    5.12 ^ fanout39/A (sky130_fd_sc_hd__buf_4)
                  0.13    0.15    5.27 ^ fanout39/X (sky130_fd_sc_hd__buf_4)
    10    0.06                           net39 (net)
                  0.13    0.00    5.27 ^ _480_/RESET_B (sky130_fd_sc_hd__dfrtp_1)
                                  5.27   data arrival time

                          0.00    0.00   clock clk (rise edge)
                          0.00    0.00   clock source latency
                  0.05    0.04    0.04 ^ clk (in)
     1    0.01                           clk (net)
                  0.05    0.00    0.04 ^ clkbuf_0_clk/A (sky130_fd_sc_hd__clkbuf_16)
                  0.03    0.09    0.13 ^ clkbuf_0_clk/X (sky130_fd_sc_hd__clkbuf_16)
     2    0.02                           clknet_0_clk (net)
                  0.03    0.00    0.13 ^ clkbuf_1_1__f_clk/A (sky130_fd_sc_hd__clkbuf_16)
                  0.04    0.09    0.23 ^ clkbuf_1_1__f_clk/X (sky130_fd_sc_hd__clkbuf_16)
     7    0.03                           clknet_1_1__leaf_clk (net)
                  0.04    0.00    0.23 ^ _480_/CLK (sky130_fd_sc_hd__dfrtp_1)
                          0.25    0.48   clock uncertainty
                          0.00    0.48   clock reconvergence pessimism
                          0.22    0.70   library removal time
                                  0.70   data required time
-----------------------------------------------------------------------------
                                  0.70   data required time
                                 -5.27   data arrival time
-----------------------------------------------------------------------------
                                  4.57   slack (MET)


Startpoint: rst_n (input port clocked by clk)
Endpoint: _478_ (removal check against rising-edge clock clk)
Path Group: asynchronous
Path Type: min
Corner: Fastest

Fanout     Cap    Slew   Delay    Time   Description
-----------------------------------------------------------------------------
                          0.00    0.00   clock clk (rise edge)
                          0.00    0.00   clock network delay (propagated)
                          5.00    5.00 ^ input external delay
                  0.01    0.01    5.01 ^ rst_n (in)
     1    0.00                           rst_n (net)
                  0.01    0.00    5.01 ^ input10/A (sky130_fd_sc_hd__clkbuf_2)
                  0.11    0.11    5.12 ^ input10/X (sky130_fd_sc_hd__clkbuf_2)
     5    0.02                           net10 (net)
                  0.11    0.00    5.12 ^ fanout39/A (sky130_fd_sc_hd__buf_4)
                  0.13    0.15    5.27 ^ fanout39/X (sky130_fd_sc_hd__buf_4)
    10    0.06                           net39 (net)
                  0.13    0.00    5.27 ^ _478_/RESET_B (sky130_fd_sc_hd__dfrtp_1)
                                  5.27   data arrival time

                          0.00    0.00   clock clk (rise edge)
                          0.00    0.00   clock source latency
                  0.05    0.04    0.04 ^ clk (in)
     1    0.01                           clk (net)
                  0.05    0.00    0.04 ^ clkbuf_0_clk/A (sky130_fd_sc_hd__clkbuf_16)
                  0.03    0.09    0.13 ^ clkbuf_0_clk/X (sky130_fd_sc_hd__clkbuf_16)
     2    0.02                           clknet_0_clk (net)
                  0.03    0.00    0.13 ^ clkbuf_1_1__f_clk/A (sky130_fd_sc_hd__clkbuf_16)
                  0.04    0.09    0.23 ^ clkbuf_1_1__f_clk/X (sky130_fd_sc_hd__clkbuf_16)
     7    0.03                           clknet_1_1__leaf_clk (net)
                  0.04    0.00    0.23 ^ _478_/CLK (sky130_fd_sc_hd__dfrtp_1)
                          0.25    0.48   clock uncertainty
                          0.00    0.48   clock reconvergence pessimism
                          0.22    0.70   library removal time
                                  0.70   data required time
-----------------------------------------------------------------------------
                                  0.70   data required time
                                 -5.27   data arrival time
-----------------------------------------------------------------------------
                                  4.57   slack (MET)


Startpoint: rst_n (input port clocked by clk)
Endpoint: _491_ (removal check against rising-edge clock clk)
Path Group: asynchronous
Path Type: min
Corner: Fastest

Fanout     Cap    Slew   Delay    Time   Description
-----------------------------------------------------------------------------
                          0.00    0.00   clock clk (rise edge)
                          0.00    0.00   clock network delay (propagated)
                          5.00    5.00 ^ input external delay
                  0.01    0.01    5.01 ^ rst_n (in)
     1    0.00                           rst_n (net)
                  0.01    0.00    5.01 ^ input10/A (sky130_fd_sc_hd__clkbuf_2)
                  0.11    0.11    5.12 ^ input10/X (sky130_fd_sc_hd__clkbuf_2)
     5    0.02                           net10 (net)
                  0.11    0.00    5.12 ^ fanout39/A (sky130_fd_sc_hd__buf_4)
                  0.13    0.15    5.27 ^ fanout39/X (sky130_fd_sc_hd__buf_4)
    10    0.06                           net39 (net)
                  0.13    0.01    5.27 ^ _491_/RESET_B (sky130_fd_sc_hd__dfrtp_1)
                                  5.27   data arrival time

                          0.00    0.00   clock clk (rise edge)
                          0.00    0.00   clock source latency
                  0.05    0.04    0.04 ^ clk (in)
     1    0.01                           clk (net)
                  0.05    0.00    0.04 ^ clkbuf_0_clk/A (sky130_fd_sc_hd__clkbuf_16)
                  0.03    0.09    0.13 ^ clkbuf_0_clk/X (sky130_fd_sc_hd__clkbuf_16)
     2    0.02                           clknet_0_clk (net)
                  0.03    0.00    0.13 ^ clkbuf_1_0__f_clk/A (sky130_fd_sc_hd__clkbuf_16)
                  0.04    0.09    0.23 ^ clkbuf_1_0__f_clk/X (sky130_fd_sc_hd__clkbuf_16)
     7    0.03                           clknet_1_0__leaf_clk (net)
                  0.04    0.00    0.23 ^ _491_/CLK (sky130_fd_sc_hd__dfrtp_1)
                          0.25    0.48   clock uncertainty
                          0.00    0.48   clock reconvergence pessimism
                          0.22    0.70   library removal time
                                  0.70   data required time
-----------------------------------------------------------------------------
                                  0.70   data required time
                                 -5.27   data arrival time
-----------------------------------------------------------------------------
                                  4.57   slack (MET)


Startpoint: rst_n (input port clocked by clk)
Endpoint: _489_ (removal check against rising-edge clock clk)
Path Group: asynchronous
Path Type: min
Corner: Fastest

Fanout     Cap    Slew   Delay    Time   Description
-----------------------------------------------------------------------------
                          0.00    0.00   clock clk (rise edge)
                          0.00    0.00   clock network delay (propagated)
                          5.00    5.00 ^ input external delay
                  0.01    0.01    5.01 ^ rst_n (in)
     1    0.00                           rst_n (net)
                  0.01    0.00    5.01 ^ input10/A (sky130_fd_sc_hd__clkbuf_2)
                  0.11    0.11    5.12 ^ input10/X (sky130_fd_sc_hd__clkbuf_2)
     5    0.02                           net10 (net)
                  0.11    0.00    5.12 ^ fanout39/A (sky130_fd_sc_hd__buf_4)
                  0.13    0.15    5.27 ^ fanout39/X (sky130_fd_sc_hd__buf_4)
    10    0.06                           net39 (net)
                  0.13    0.00    5.27 ^ _489_/RESET_B (sky130_fd_sc_hd__dfrtp_1)
                                  5.27   data arrival time

                          0.00    0.00   clock clk (rise edge)
                          0.00    0.00   clock source latency
                  0.05    0.04    0.04 ^ clk (in)
     1    0.01                           clk (net)
                  0.05    0.00    0.04 ^ clkbuf_0_clk/A (sky130_fd_sc_hd__clkbuf_16)
                  0.03    0.09    0.13 ^ clkbuf_0_clk/X (sky130_fd_sc_hd__clkbuf_16)
     2    0.02                           clknet_0_clk (net)
                  0.03    0.00    0.13 ^ clkbuf_1_0__f_clk/A (sky130_fd_sc_hd__clkbuf_16)
                  0.04    0.09    0.23 ^ clkbuf_1_0__f_clk/X (sky130_fd_sc_hd__clkbuf_16)
     7    0.03                           clknet_1_0__leaf_clk (net)
                  0.04    0.00    0.23 ^ _489_/CLK (sky130_fd_sc_hd__dfrtp_1)
                          0.25    0.48   clock uncertainty
                          0.00    0.48   clock reconvergence pessimism
                          0.22    0.70   library removal time
                                  0.70   data required time
-----------------------------------------------------------------------------
                                  0.70   data required time
                                 -5.27   data arrival time
-----------------------------------------------------------------------------
                                  4.57   slack (MET)


Startpoint: rst_n (input port clocked by clk)
Endpoint: _490_ (removal check against rising-edge clock clk)
Path Group: asynchronous
Path Type: min
Corner: Fastest

Fanout     Cap    Slew   Delay    Time   Description
-----------------------------------------------------------------------------
                          0.00    0.00   clock clk (rise edge)
                          0.00    0.00   clock network delay (propagated)
                          5.00    5.00 ^ input external delay
                  0.01    0.01    5.01 ^ rst_n (in)
     1    0.00                           rst_n (net)
                  0.01    0.00    5.01 ^ input10/A (sky130_fd_sc_hd__clkbuf_2)
                  0.11    0.11    5.12 ^ input10/X (sky130_fd_sc_hd__clkbuf_2)
     5    0.02                           net10 (net)
                  0.11    0.00    5.12 ^ fanout39/A (sky130_fd_sc_hd__buf_4)
                  0.13    0.15    5.27 ^ fanout39/X (sky130_fd_sc_hd__buf_4)
    10    0.06                           net39 (net)
                  0.13    0.01    5.27 ^ _490_/RESET_B (sky130_fd_sc_hd__dfrtp_1)
                                  5.27   data arrival time

                          0.00    0.00   clock clk (rise edge)
                          0.00    0.00   clock source latency
                  0.05    0.04    0.04 ^ clk (in)
     1    0.01                           clk (net)
                  0.05    0.00    0.04 ^ clkbuf_0_clk/A (sky130_fd_sc_hd__clkbuf_16)
                  0.03    0.09    0.13 ^ clkbuf_0_clk/X (sky130_fd_sc_hd__clkbuf_16)
     2    0.02                           clknet_0_clk (net)
                  0.03    0.00    0.13 ^ clkbuf_1_0__f_clk/A (sky130_fd_sc_hd__clkbuf_16)
                  0.04    0.09    0.23 ^ clkbuf_1_0__f_clk/X (sky130_fd_sc_hd__clkbuf_16)
     7    0.03                           clknet_1_0__leaf_clk (net)
                  0.04    0.00    0.23 ^ _490_/CLK (sky130_fd_sc_hd__dfrtp_1)
                          0.25    0.48   clock uncertainty
                          0.00    0.48   clock reconvergence pessimism
                          0.22    0.70   library removal time
                                  0.70   data required time
-----------------------------------------------------------------------------
                                  0.70   data required time
                                 -5.27   data arrival time
-----------------------------------------------------------------------------
                                  4.57   slack (MET)


Startpoint: rst_n (input port clocked by clk)
Endpoint: _484_ (removal check against rising-edge clock clk)
Path Group: asynchronous
Path Type: min
Corner: Fastest

Fanout     Cap    Slew   Delay    Time   Description
-----------------------------------------------------------------------------
                          0.00    0.00   clock clk (rise edge)
                          0.00    0.00   clock network delay (propagated)
                          5.00    5.00 ^ input external delay
                  0.01    0.01    5.01 ^ rst_n (in)
     1    0.00                           rst_n (net)
                  0.01    0.00    5.01 ^ input10/A (sky130_fd_sc_hd__clkbuf_2)
                  0.11    0.11    5.12 ^ input10/X (sky130_fd_sc_hd__clkbuf_2)
     5    0.02                           net10 (net)
                  0.11    0.00    5.12 ^ fanout39/A (sky130_fd_sc_hd__buf_4)
                  0.13    0.15    5.27 ^ fanout39/X (sky130_fd_sc_hd__buf_4)
    10    0.06                           net39 (net)
                  0.13    0.01    5.27 ^ _484_/RESET_B (sky130_fd_sc_hd__dfrtp_1)
                                  5.27   data arrival time

                          0.00    0.00   clock clk (rise edge)
                          0.00    0.00   clock source latency
                  0.05    0.04    0.04 ^ clk (in)
     1    0.01                           clk (net)
                  0.05    0.00    0.04 ^ clkbuf_0_clk/A (sky130_fd_sc_hd__clkbuf_16)
                  0.03    0.09    0.13 ^ clkbuf_0_clk/X (sky130_fd_sc_hd__clkbuf_16)
     2    0.02                           clknet_0_clk (net)
                  0.03    0.00    0.13 ^ clkbuf_1_0__f_clk/A (sky130_fd_sc_hd__clkbuf_16)
                  0.04    0.09    0.23 ^ clkbuf_1_0__f_clk/X (sky130_fd_sc_hd__clkbuf_16)
     7    0.03                           clknet_1_0__leaf_clk (net)
                  0.04    0.00    0.23 ^ _484_/CLK (sky130_fd_sc_hd__dfrtp_1)
                          0.25    0.48   clock uncertainty
                          0.00    0.48   clock reconvergence pessimism
                          0.22    0.70   library removal time
                                  0.70   data required time
-----------------------------------------------------------------------------
                                  0.70   data required time
                                 -5.27   data arrival time
-----------------------------------------------------------------------------
                                  4.57   slack (MET)


Startpoint: valid_in (input port clocked by clk)
Endpoint: _479_ (rising edge-triggered flip-flop clocked by clk)
Path Group: clk
Path Type: min
Corner: Fastest

Fanout     Cap    Slew   Delay    Time   Description
-----------------------------------------------------------------------------
                          0.00    0.00   clock clk (rise edge)
                          0.00    0.00   clock network delay (propagated)
                          5.00    5.00 v input external delay
                  0.01    0.00    5.00 v valid_in (in)
     1    0.00                           valid_in (net)
                  0.01    0.00    5.00 v input23/A (sky130_fd_sc_hd__buf_1)
                  0.08    0.09    5.09 v input23/X (sky130_fd_sc_hd__buf_1)
     2    0.02                           net23 (net)
                  0.08    0.00    5.09 v _479_/D (sky130_fd_sc_hd__dfrtp_1)
                                  5.09   data arrival time

                          0.00    0.00   clock clk (rise edge)
                          0.00    0.00   clock source latency
                  0.05    0.04    0.04 ^ clk (in)
     1    0.01                           clk (net)
                  0.05    0.00    0.04 ^ clkbuf_0_clk/A (sky130_fd_sc_hd__clkbuf_16)
                  0.03    0.09    0.13 ^ clkbuf_0_clk/X (sky130_fd_sc_hd__clkbuf_16)
     2    0.02                           clknet_0_clk (net)
                  0.03    0.00    0.13 ^ clkbuf_1_1__f_clk/A (sky130_fd_sc_hd__clkbuf_16)
                  0.04    0.09    0.23 ^ clkbuf_1_1__f_clk/X (sky130_fd_sc_hd__clkbuf_16)
     7    0.03                           clknet_1_1__leaf_clk (net)
                  0.04    0.00    0.23 ^ _479_/CLK (sky130_fd_sc_hd__dfrtp_1)
                          0.25    0.48   clock uncertainty
                          0.00    0.48   clock reconvergence pessimism
                         -0.05    0.43   library hold time
                                  0.43   data required time
-----------------------------------------------------------------------------
                                  0.43   data required time
                                 -5.09   data arrival time
-----------------------------------------------------------------------------
                                  4.66   slack (MET)


Startpoint: _479_ (rising edge-triggered flip-flop clocked by clk)
Endpoint: valid_out (output port clocked by clk)
Path Group: clk
Path Type: min
Corner: Fastest

Fanout     Cap    Slew   Delay    Time   Description
-----------------------------------------------------------------------------
                          0.00    0.00   clock clk (rise edge)
                          0.00    0.00   clock source latency
                  0.05    0.03    0.03 ^ clk (in)
     1    0.01                           clk (net)
                  0.05    0.00    0.03 ^ clkbuf_0_clk/A (sky130_fd_sc_hd__clkbuf_16)
                  0.03    0.09    0.12 ^ clkbuf_0_clk/X (sky130_fd_sc_hd__clkbuf_16)
     2    0.02                           clknet_0_clk (net)
                  0.03    0.00    0.12 ^ clkbuf_1_1__f_clk/A (sky130_fd_sc_hd__clkbuf_16)
                  0.04    0.09    0.20 ^ clkbuf_1_1__f_clk/X (sky130_fd_sc_hd__clkbuf_16)
     7    0.03                           clknet_1_1__leaf_clk (net)
                  0.04    0.00    0.21 ^ _479_/CLK (sky130_fd_sc_hd__dfrtp_1)
                  0.04    0.19    0.40 ^ _479_/Q (sky130_fd_sc_hd__dfrtp_1)
     1    0.00                           net37 (net)
                  0.04    0.00    0.40 ^ output37/A (sky130_fd_sc_hd__clkbuf_4)
                  0.08    0.12    0.52 ^ output37/X (sky130_fd_sc_hd__clkbuf_4)
     1    0.03                           valid_out (net)
                  0.08    0.00    0.52 ^ valid_out (out)
                                  0.52   data arrival time

                          0.00    0.00   clock clk (rise edge)
                          0.00    0.00   clock network delay (propagated)
                          0.25    0.25   clock uncertainty
                          0.00    0.25   clock reconvergence pessimism
                         -5.00   -4.75   output external delay
                                 -4.75   data required time
-----------------------------------------------------------------------------
                                 -4.75   data required time
                                 -0.52   data arrival time
-----------------------------------------------------------------------------
                                  5.27   slack (MET)


Startpoint: _480_ (rising edge-triggered flip-flop clocked by clk)
Endpoint: int4_out[0] (output port clocked by clk)
Path Group: clk
Path Type: min
Corner: Fastest

Fanout     Cap    Slew   Delay    Time   Description
-----------------------------------------------------------------------------
                          0.00    0.00   clock clk (rise edge)
                          0.00    0.00   clock source latency
                  0.05    0.03    0.03 ^ clk (in)
     1    0.01                           clk (net)
                  0.05    0.00    0.03 ^ clkbuf_0_clk/A (sky130_fd_sc_hd__clkbuf_16)
                  0.03    0.09    0.12 ^ clkbuf_0_clk/X (sky130_fd_sc_hd__clkbuf_16)
     2    0.02                           clknet_0_clk (net)
                  0.03    0.00    0.12 ^ clkbuf_1_1__f_clk/A (sky130_fd_sc_hd__clkbuf_16)
                  0.04    0.09    0.20 ^ clkbuf_1_1__f_clk/X (sky130_fd_sc_hd__clkbuf_16)
     7    0.03                           clknet_1_1__leaf_clk (net)
                  0.04    0.00    0.21 ^ _480_/CLK (sky130_fd_sc_hd__dfrtp_1)
                  0.04    0.20    0.40 ^ _480_/Q (sky130_fd_sc_hd__dfrtp_1)
     2    0.00                           net24 (net)
                  0.04    0.00    0.40 ^ output24/A (sky130_fd_sc_hd__clkbuf_4)
                  0.08    0.12    0.52 ^ output24/X (sky130_fd_sc_hd__clkbuf_4)
     1    0.03                           int4_out[0] (net)
                  0.08    0.00    0.53 ^ int4_out[0] (out)
                                  0.53   data arrival time

                          0.00    0.00   clock clk (rise edge)
                          0.00    0.00   clock network delay (propagated)
                          0.25    0.25   clock uncertainty
                          0.00    0.25   clock reconvergence pessimism
                         -5.00   -4.75   output external delay
                                 -4.75   data required time
-----------------------------------------------------------------------------
                                 -4.75   data required time
                                 -0.53   data arrival time
-----------------------------------------------------------------------------
                                  5.28   slack (MET)


Startpoint: _478_ (rising edge-triggered flip-flop clocked by clk)
Endpoint: is_outlier (output port clocked by clk)
Path Group: clk
Path Type: min
Corner: Fastest

Fanout     Cap    Slew   Delay    Time   Description
-----------------------------------------------------------------------------
                          0.00    0.00   clock clk (rise edge)
                          0.00    0.00   clock source latency
                  0.05    0.03    0.03 ^ clk (in)
     1    0.01                           clk (net)
                  0.05    0.00    0.03 ^ clkbuf_0_clk/A (sky130_fd_sc_hd__clkbuf_16)
                  0.03    0.09    0.12 ^ clkbuf_0_clk/X (sky130_fd_sc_hd__clkbuf_16)
     2    0.02                           clknet_0_clk (net)
                  0.03    0.00    0.12 ^ clkbuf_1_1__f_clk/A (sky130_fd_sc_hd__clkbuf_16)
                  0.04    0.09    0.20 ^ clkbuf_1_1__f_clk/X (sky130_fd_sc_hd__clkbuf_16)
     7    0.03                           clknet_1_1__leaf_clk (net)
                  0.04    0.00    0.20 ^ _478_/CLK (sky130_fd_sc_hd__dfrtp_1)
                  0.04    0.20    0.40 ^ _478_/Q (sky130_fd_sc_hd__dfrtp_1)
     2    0.00                           net28 (net)
                  0.04    0.00    0.40 ^ output28/A (sky130_fd_sc_hd__clkbuf_4)
                  0.08    0.12    0.53 ^ output28/X (sky130_fd_sc_hd__clkbuf_4)
     1    0.03                           is_outlier (net)
                  0.08    0.00    0.53 ^ is_outlier (out)
                                  0.53   data arrival time

                          0.00    0.00   clock clk (rise edge)
                          0.00    0.00   clock network delay (propagated)
                          0.25    0.25   clock uncertainty
                          0.00    0.25   clock reconvergence pessimism
                         -5.00   -4.75   output external delay
                                 -4.75   data required time
-----------------------------------------------------------------------------
                                 -4.75   data required time
                                 -0.53   data arrival time
-----------------------------------------------------------------------------
                                  5.28   slack (MET)


Startpoint: _491_ (rising edge-triggered flip-flop clocked by clk)
Endpoint: sideband_out[7] (output port clocked by clk)
Path Group: clk
Path Type: min
Corner: Fastest

Fanout     Cap    Slew   Delay    Time   Description
-----------------------------------------------------------------------------
                          0.00    0.00   clock clk (rise edge)
                          0.00    0.00   clock source latency
                  0.05    0.03    0.03 ^ clk (in)
     1    0.01                           clk (net)
                  0.05    0.00    0.03 ^ clkbuf_0_clk/A (sky130_fd_sc_hd__clkbuf_16)
                  0.03    0.09    0.12 ^ clkbuf_0_clk/X (sky130_fd_sc_hd__clkbuf_16)
     2    0.02                           clknet_0_clk (net)
                  0.03    0.00    0.12 ^ clkbuf_1_0__f_clk/A (sky130_fd_sc_hd__clkbuf_16)
                  0.04    0.08    0.20 ^ clkbuf_1_0__f_clk/X (sky130_fd_sc_hd__clkbuf_16)
     7    0.03                           clknet_1_0__leaf_clk (net)
                  0.04    0.00    0.20 ^ _491_/CLK (sky130_fd_sc_hd__dfrtp_1)
                  0.05    0.20    0.40 ^ _491_/Q (sky130_fd_sc_hd__dfrtp_1)
     2    0.01                           net36 (net)
                  0.05    0.00    0.40 ^ output36/A (sky130_fd_sc_hd__clkbuf_4)
                  0.08    0.12    0.53 ^ output36/X (sky130_fd_sc_hd__clkbuf_4)
     1    0.03                           sideband_out[7] (net)
                  0.08    0.00    0.53 ^ sideband_out[7] (out)
                                  0.53   data arrival time

                          0.00    0.00   clock clk (rise edge)
                          0.00    0.00   clock network delay (propagated)
                          0.25    0.25   clock uncertainty
                          0.00    0.25   clock reconvergence pessimism
                         -5.00   -4.75   output external delay
                                 -4.75   data required time
-----------------------------------------------------------------------------
                                 -4.75   data required time
                                 -0.53   data arrival time
-----------------------------------------------------------------------------
                                  5.28   slack (MET)


Startpoint: _481_ (rising edge-triggered flip-flop clocked by clk)
Endpoint: int4_out[1] (output port clocked by clk)
Path Group: clk
Path Type: min
Corner: Fastest

Fanout     Cap    Slew   Delay    Time   Description
-----------------------------------------------------------------------------
                          0.00    0.00   clock clk (rise edge)
                          0.00    0.00   clock source latency
                  0.05    0.03    0.03 ^ clk (in)
     1    0.01                           clk (net)
                  0.05    0.00    0.03 ^ clkbuf_0_clk/A (sky130_fd_sc_hd__clkbuf_16)
                  0.03    0.09    0.12 ^ clkbuf_0_clk/X (sky130_fd_sc_hd__clkbuf_16)
     2    0.02                           clknet_0_clk (net)
                  0.03    0.00    0.12 ^ clkbuf_1_1__f_clk/A (sky130_fd_sc_hd__clkbuf_16)
                  0.04    0.09    0.20 ^ clkbuf_1_1__f_clk/X (sky130_fd_sc_hd__clkbuf_16)
     7    0.03                           clknet_1_1__leaf_clk (net)
                  0.04    0.00    0.21 ^ _481_/CLK (sky130_fd_sc_hd__dfrtp_1)
                  0.05    0.20    0.41 ^ _481_/Q (sky130_fd_sc_hd__dfrtp_1)
     2    0.01                           net25 (net)
                  0.05    0.00    0.41 ^ output25/A (sky130_fd_sc_hd__clkbuf_4)
                  0.08    0.12    0.53 ^ output25/X (sky130_fd_sc_hd__clkbuf_4)
     1    0.03                           int4_out[1] (net)
                  0.08    0.00    0.53 ^ int4_out[1] (out)
                                  0.53   data arrival time

                          0.00    0.00   clock clk (rise edge)
                          0.00    0.00   clock network delay (propagated)
                          0.25    0.25   clock uncertainty
                          0.00    0.25   clock reconvergence pessimism
                         -5.00   -4.75   output external delay
                                 -4.75   data required time
-----------------------------------------------------------------------------
                                 -4.75   data required time
                                 -0.53   data arrival time
-----------------------------------------------------------------------------
                                  5.28   slack (MET)


Startpoint: _484_ (rising edge-triggered flip-flop clocked by clk)
Endpoint: sideband_out[0] (output port clocked by clk)
Path Group: clk
Path Type: min
Corner: Fastest

Fanout     Cap    Slew   Delay    Time   Description
-----------------------------------------------------------------------------
                          0.00    0.00   clock clk (rise edge)
                          0.00    0.00   clock source latency
                  0.05    0.03    0.03 ^ clk (in)
     1    0.01                           clk (net)
                  0.05    0.00    0.03 ^ clkbuf_0_clk/A (sky130_fd_sc_hd__clkbuf_16)
                  0.03    0.09    0.12 ^ clkbuf_0_clk/X (sky130_fd_sc_hd__clkbuf_16)
     2    0.02                           clknet_0_clk (net)
                  0.03    0.00    0.12 ^ clkbuf_1_0__f_clk/A (sky130_fd_sc_hd__clkbuf_16)
                  0.04    0.08    0.20 ^ clkbuf_1_0__f_clk/X (sky130_fd_sc_hd__clkbuf_16)
     7    0.03                           clknet_1_0__leaf_clk (net)
                  0.04    0.00    0.20 ^ _484_/CLK (sky130_fd_sc_hd__dfrtp_1)
                  0.05    0.20    0.41 ^ _484_/Q (sky130_fd_sc_hd__dfrtp_1)
     2    0.01                           net29 (net)
                  0.05    0.00    0.41 ^ output29/A (sky130_fd_sc_hd__clkbuf_4)
                  0.08    0.12    0.53 ^ output29/X (sky130_fd_sc_hd__clkbuf_4)
     1    0.03                           sideband_out[0] (net)
                  0.08    0.00    0.53 ^ sideband_out[0] (out)
                                  0.53   data arrival time

                          0.00    0.00   clock clk (rise edge)
                          0.00    0.00   clock network delay (propagated)
                          0.25    0.25   clock uncertainty
                          0.00    0.25   clock reconvergence pessimism
                         -5.00   -4.75   output external delay
                                 -4.75   data required time
-----------------------------------------------------------------------------
                                 -4.75   data required time
                                 -0.53   data arrival time
-----------------------------------------------------------------------------
                                  5.28   slack (MET)


Startpoint: _483_ (rising edge-triggered flip-flop clocked by clk)
Endpoint: int4_out[3] (output port clocked by clk)
Path Group: clk
Path Type: min
Corner: Fastest

Fanout     Cap    Slew   Delay    Time   Description
-----------------------------------------------------------------------------
                          0.00    0.00   clock clk (rise edge)
                          0.00    0.00   clock source latency
                  0.05    0.03    0.03 ^ clk (in)
     1    0.01                           clk (net)
                  0.05    0.00    0.03 ^ clkbuf_0_clk/A (sky130_fd_sc_hd__clkbuf_16)
                  0.03    0.09    0.12 ^ clkbuf_0_clk/X (sky130_fd_sc_hd__clkbuf_16)
     2    0.02                           clknet_0_clk (net)
                  0.03    0.00    0.12 ^ clkbuf_1_1__f_clk/A (sky130_fd_sc_hd__clkbuf_16)
                  0.04    0.09    0.20 ^ clkbuf_1_1__f_clk/X (sky130_fd_sc_hd__clkbuf_16)
     7    0.03                           clknet_1_1__leaf_clk (net)
                  0.04    0.00    0.21 ^ _483_/CLK (sky130_fd_sc_hd__dfrtp_1)
                  0.05    0.20    0.41 ^ _483_/Q (sky130_fd_sc_hd__dfrtp_1)
     2    0.01                           net27 (net)
                  0.05    0.00    0.41 ^ output27/A (sky130_fd_sc_hd__clkbuf_4)
                  0.08    0.12    0.53 ^ output27/X (sky130_fd_sc_hd__clkbuf_4)
     1    0.03                           int4_out[3] (net)
                  0.08    0.00    0.53 ^ int4_out[3] (out)
                                  0.53   data arrival time

                          0.00    0.00   clock clk (rise edge)
                          0.00    0.00   clock network delay (propagated)
                          0.25    0.25   clock uncertainty
                          0.00    0.25   clock reconvergence pessimism
                         -5.00   -4.75   output external delay
                                 -4.75   data required time
-----------------------------------------------------------------------------
                                 -4.75   data required time
                                 -0.53   data arrival time
-----------------------------------------------------------------------------
                                  5.28   slack (MET)


Startpoint: _482_ (rising edge-triggered flip-flop clocked by clk)
Endpoint: int4_out[2] (output port clocked by clk)
Path Group: clk
Path Type: min
Corner: Fastest

Fanout     Cap    Slew   Delay    Time   Description
-----------------------------------------------------------------------------
                          0.00    0.00   clock clk (rise edge)
                          0.00    0.00   clock source latency
                  0.05    0.03    0.03 ^ clk (in)
     1    0.01                           clk (net)
                  0.05    0.00    0.03 ^ clkbuf_0_clk/A (sky130_fd_sc_hd__clkbuf_16)
                  0.03    0.09    0.12 ^ clkbuf_0_clk/X (sky130_fd_sc_hd__clkbuf_16)
     2    0.02                           clknet_0_clk (net)
                  0.03    0.00    0.12 ^ clkbuf_1_1__f_clk/A (sky130_fd_sc_hd__clkbuf_16)
                  0.04    0.09    0.20 ^ clkbuf_1_1__f_clk/X (sky130_fd_sc_hd__clkbuf_16)
     7    0.03                           clknet_1_1__leaf_clk (net)
                  0.04    0.00    0.21 ^ _482_/CLK (sky130_fd_sc_hd__dfrtp_1)
                  0.05    0.21    0.41 ^ _482_/Q (sky130_fd_sc_hd__dfrtp_1)
     2    0.01                           net26 (net)
                  0.05    0.00    0.41 ^ output26/A (sky130_fd_sc_hd__clkbuf_4)
                  0.08    0.13    0.54 ^ output26/X (sky130_fd_sc_hd__clkbuf_4)
     1    0.03                           int4_out[2] (net)
                  0.08    0.00    0.54 ^ int4_out[2] (out)
                                  0.54   data arrival time

                          0.00    0.00   clock clk (rise edge)
                          0.00    0.00   clock network delay (propagated)
                          0.25    0.25   clock uncertainty
                          0.00    0.25   clock reconvergence pessimism
                         -5.00   -4.75   output external delay
                                 -4.75   data required time
-----------------------------------------------------------------------------
                                 -4.75   data required time
                                 -0.54   data arrival time
-----------------------------------------------------------------------------
                                  5.29   slack (MET)


Startpoint: _490_ (rising edge-triggered flip-flop clocked by clk)
Endpoint: sideband_out[6] (output port clocked by clk)
Path Group: clk
Path Type: min
Corner: Fastest

Fanout     Cap    Slew   Delay    Time   Description
-----------------------------------------------------------------------------
                          0.00    0.00   clock clk (rise edge)
                          0.00    0.00   clock source latency
                  0.05    0.03    0.03 ^ clk (in)
     1    0.01                           clk (net)
                  0.05    0.00    0.03 ^ clkbuf_0_clk/A (sky130_fd_sc_hd__clkbuf_16)
                  0.03    0.09    0.12 ^ clkbuf_0_clk/X (sky130_fd_sc_hd__clkbuf_16)
     2    0.02                           clknet_0_clk (net)
                  0.03    0.00    0.12 ^ clkbuf_1_0__f_clk/A (sky130_fd_sc_hd__clkbuf_16)
                  0.04    0.08    0.20 ^ clkbuf_1_0__f_clk/X (sky130_fd_sc_hd__clkbuf_16)
     7    0.03                           clknet_1_0__leaf_clk (net)
                  0.04    0.00    0.20 ^ _490_/CLK (sky130_fd_sc_hd__dfrtp_1)
                  0.06    0.21    0.41 ^ _490_/Q (sky130_fd_sc_hd__dfrtp_1)
     2    0.01                           net35 (net)
                  0.06    0.00    0.41 ^ output35/A (sky130_fd_sc_hd__clkbuf_4)
                  0.08    0.13    0.54 ^ output35/X (sky130_fd_sc_hd__clkbuf_4)
     1    0.03                           sideband_out[6] (net)
                  0.08    0.00    0.54 ^ sideband_out[6] (out)
                                  0.54   data arrival time

                          0.00    0.00   clock clk (rise edge)
                          0.00    0.00   clock network delay (propagated)
                          0.25    0.25   clock uncertainty
                          0.00    0.25   clock reconvergence pessimism
                         -5.00   -4.75   output external delay
                                 -4.75   data required time
-----------------------------------------------------------------------------
                                 -4.75   data required time
                                 -0.54   data arrival time
-----------------------------------------------------------------------------
                                  5.29   slack (MET)


Startpoint: _486_ (rising edge-triggered flip-flop clocked by clk)
Endpoint: sideband_out[2] (output port clocked by clk)
Path Group: clk
Path Type: min
Corner: Fastest

Fanout     Cap    Slew   Delay    Time   Description
-----------------------------------------------------------------------------
                          0.00    0.00   clock clk (rise edge)
                          0.00    0.00   clock source latency
                  0.05    0.03    0.03 ^ clk (in)
     1    0.01                           clk (net)
                  0.05    0.00    0.03 ^ clkbuf_0_clk/A (sky130_fd_sc_hd__clkbuf_16)
                  0.03    0.09    0.12 ^ clkbuf_0_clk/X (sky130_fd_sc_hd__clkbuf_16)
     2    0.02                           clknet_0_clk (net)
                  0.03    0.00    0.12 ^ clkbuf_1_0__f_clk/A (sky130_fd_sc_hd__clkbuf_16)
                  0.04    0.08    0.20 ^ clkbuf_1_0__f_clk/X (sky130_fd_sc_hd__clkbuf_16)
     7    0.03                           clknet_1_0__leaf_clk (net)
                  0.04    0.00    0.20 ^ _486_/CLK (sky130_fd_sc_hd__dfrtp_1)
                  0.06    0.21    0.41 ^ _486_/Q (sky130_fd_sc_hd__dfrtp_1)
     2    0.01                           net31 (net)
                  0.06    0.00    0.41 ^ output31/A (sky130_fd_sc_hd__clkbuf_4)
                  0.09    0.13    0.54 ^ output31/X (sky130_fd_sc_hd__clkbuf_4)
     1    0.03                           sideband_out[2] (net)
                  0.09    0.00    0.54 ^ sideband_out[2] (out)
                                  0.54   data arrival time

                          0.00    0.00   clock clk (rise edge)
                          0.00    0.00   clock network delay (propagated)
                          0.25    0.25   clock uncertainty
                          0.00    0.25   clock reconvergence pessimism
                         -5.00   -4.75   output external delay
                                 -4.75   data required time
-----------------------------------------------------------------------------
                                 -4.75   data required time
                                 -0.54   data arrival time
-----------------------------------------------------------------------------
                                  5.29   slack (MET)


Startpoint: _488_ (rising edge-triggered flip-flop clocked by clk)
Endpoint: sideband_out[4] (output port clocked by clk)
Path Group: clk
Path Type: min
Corner: Fastest

Fanout     Cap    Slew   Delay    Time   Description
-----------------------------------------------------------------------------
                          0.00    0.00   clock clk (rise edge)
                          0.00    0.00   clock source latency
                  0.05    0.03    0.03 ^ clk (in)
     1    0.01                           clk (net)
                  0.05    0.00    0.03 ^ clkbuf_0_clk/A (sky130_fd_sc_hd__clkbuf_16)
                  0.03    0.09    0.12 ^ clkbuf_0_clk/X (sky130_fd_sc_hd__clkbuf_16)
     2    0.02                           clknet_0_clk (net)
                  0.03    0.00    0.12 ^ clkbuf_1_0__f_clk/A (sky130_fd_sc_hd__clkbuf_16)
                  0.04    0.08    0.20 ^ clkbuf_1_0__f_clk/X (sky130_fd_sc_hd__clkbuf_16)
     7    0.03                           clknet_1_0__leaf_clk (net)
                  0.04    0.00    0.20 ^ _488_/CLK (sky130_fd_sc_hd__dfrtp_1)
                  0.04    0.22    0.43 v _488_/Q (sky130_fd_sc_hd__dfrtp_1)
     2    0.01                           net33 (net)
                  0.04    0.00    0.43 v output33/A (sky130_fd_sc_hd__buf_2)
                  0.06    0.11    0.54 v output33/X (sky130_fd_sc_hd__buf_2)
     1    0.03                           sideband_out[4] (net)
                  0.06    0.00    0.54 v sideband_out[4] (out)
                                  0.54   data arrival time

                          0.00    0.00   clock clk (rise edge)
                          0.00    0.00   clock network delay (propagated)
                          0.25    0.25   clock uncertainty
                          0.00    0.25   clock reconvergence pessimism
                         -5.00   -4.75   output external delay
                                 -4.75   data required time
-----------------------------------------------------------------------------
                                 -4.75   data required time
                                 -0.54   data arrival time
-----------------------------------------------------------------------------
                                  5.29   slack (MET)


Startpoint: _485_ (rising edge-triggered flip-flop clocked by clk)
Endpoint: sideband_out[1] (output port clocked by clk)
Path Group: clk
Path Type: min
Corner: Fastest

Fanout     Cap    Slew   Delay    Time   Description
-----------------------------------------------------------------------------
                          0.00    0.00   clock clk (rise edge)
                          0.00    0.00   clock source latency
                  0.05    0.03    0.03 ^ clk (in)
     1    0.01                           clk (net)
                  0.05    0.00    0.03 ^ clkbuf_0_clk/A (sky130_fd_sc_hd__clkbuf_16)
                  0.03    0.09    0.12 ^ clkbuf_0_clk/X (sky130_fd_sc_hd__clkbuf_16)
     2    0.02                           clknet_0_clk (net)
                  0.03    0.00    0.12 ^ clkbuf_1_0__f_clk/A (sky130_fd_sc_hd__clkbuf_16)
                  0.04    0.08    0.20 ^ clkbuf_1_0__f_clk/X (sky130_fd_sc_hd__clkbuf_16)
     7    0.03                           clknet_1_0__leaf_clk (net)
                  0.04    0.00    0.20 ^ _485_/CLK (sky130_fd_sc_hd__dfrtp_1)
                  0.04    0.22    0.43 v _485_/Q (sky130_fd_sc_hd__dfrtp_1)
     2    0.01                           net30 (net)
                  0.04    0.00    0.43 v output30/A (sky130_fd_sc_hd__buf_2)
                  0.06    0.11    0.54 v output30/X (sky130_fd_sc_hd__buf_2)
     1    0.03                           sideband_out[1] (net)
                  0.06    0.00    0.54 v sideband_out[1] (out)
                                  0.54   data arrival time

                          0.00    0.00   clock clk (rise edge)
                          0.00    0.00   clock network delay (propagated)
                          0.25    0.25   clock uncertainty
                          0.00    0.25   clock reconvergence pessimism
                         -5.00   -4.75   output external delay
                                 -4.75   data required time
-----------------------------------------------------------------------------
                                 -4.75   data required time
                                 -0.54   data arrival time
-----------------------------------------------------------------------------
                                  5.29   slack (MET)


Startpoint: _489_ (rising edge-triggered flip-flop clocked by clk)
Endpoint: sideband_out[5] (output port clocked by clk)
Path Group: clk
Path Type: min
Corner: Fastest

Fanout     Cap    Slew   Delay    Time   Description
-----------------------------------------------------------------------------
                          0.00    0.00   clock clk (rise edge)
                          0.00    0.00   clock source latency
                  0.05    0.03    0.03 ^ clk (in)
     1    0.01                           clk (net)
                  0.05    0.00    0.03 ^ clkbuf_0_clk/A (sky130_fd_sc_hd__clkbuf_16)
                  0.03    0.09    0.12 ^ clkbuf_0_clk/X (sky130_fd_sc_hd__clkbuf_16)
     2    0.02                           clknet_0_clk (net)
                  0.03    0.00    0.12 ^ clkbuf_1_0__f_clk/A (sky130_fd_sc_hd__clkbuf_16)
                  0.04    0.08    0.20 ^ clkbuf_1_0__f_clk/X (sky130_fd_sc_hd__clkbuf_16)
     7    0.03                           clknet_1_0__leaf_clk (net)
                  0.04    0.00    0.20 ^ _489_/CLK (sky130_fd_sc_hd__dfrtp_1)
                  0.06    0.21    0.42 ^ _489_/Q (sky130_fd_sc_hd__dfrtp_1)
     2    0.01                           net34 (net)
                  0.06    0.00    0.42 ^ output34/A (sky130_fd_sc_hd__clkbuf_4)
                  0.08    0.13    0.54 ^ output34/X (sky130_fd_sc_hd__clkbuf_4)
     1    0.03                           sideband_out[5] (net)
                  0.08    0.00    0.54 ^ sideband_out[5] (out)
                                  0.54   data arrival time

                          0.00    0.00   clock clk (rise edge)
                          0.00    0.00   clock network delay (propagated)
                          0.25    0.25   clock uncertainty
                          0.00    0.25   clock reconvergence pessimism
                         -5.00   -4.75   output external delay
                                 -4.75   data required time
-----------------------------------------------------------------------------
                                 -4.75   data required time
                                 -0.54   data arrival time
-----------------------------------------------------------------------------
                                  5.29   slack (MET)


Startpoint: _487_ (rising edge-triggered flip-flop clocked by clk)
Endpoint: sideband_out[3] (output port clocked by clk)
Path Group: clk
Path Type: min
Corner: Fastest

Fanout     Cap    Slew   Delay    Time   Description
-----------------------------------------------------------------------------
                          0.00    0.00   clock clk (rise edge)
                          0.00    0.00   clock source latency
                  0.05    0.03    0.03 ^ clk (in)
     1    0.01                           clk (net)
                  0.05    0.00    0.03 ^ clkbuf_0_clk/A (sky130_fd_sc_hd__clkbuf_16)
                  0.03    0.09    0.12 ^ clkbuf_0_clk/X (sky130_fd_sc_hd__clkbuf_16)
     2    0.02                           clknet_0_clk (net)
                  0.03    0.00    0.12 ^ clkbuf_1_1__f_clk/A (sky130_fd_sc_hd__clkbuf_16)
                  0.04    0.09    0.20 ^ clkbuf_1_1__f_clk/X (sky130_fd_sc_hd__clkbuf_16)
     7    0.03                           clknet_1_1__leaf_clk (net)
                  0.04    0.00    0.21 ^ _487_/CLK (sky130_fd_sc_hd__dfrtp_1)
                  0.08    0.23    0.43 ^ _487_/Q (sky130_fd_sc_hd__dfrtp_1)
     2    0.01                           net32 (net)
                  0.08    0.00    0.43 ^ output32/A (sky130_fd_sc_hd__clkbuf_4)
                  0.08    0.13    0.56 ^ output32/X (sky130_fd_sc_hd__clkbuf_4)
     1    0.03                           sideband_out[3] (net)
                  0.08    0.00    0.56 ^ sideband_out[3] (out)
                                  0.56   data arrival time

                          0.00    0.00   clock clk (rise edge)
                          0.00    0.00   clock network delay (propagated)
                          0.25    0.25   clock uncertainty
                          0.00    0.25   clock reconvergence pessimism
                         -5.00   -4.75   output external delay
                                 -4.75   data required time
-----------------------------------------------------------------------------
                                 -4.75   data required time
                                 -0.56   data arrival time
-----------------------------------------------------------------------------
                                  5.31   slack (MET)



======================= Slowest Corner ===================================

Startpoint: _487_ (rising edge-triggered flip-flop clocked by clk)
Endpoint: _487_ (rising edge-triggered flip-flop clocked by clk)
Path Group: clk
Path Type: min
Corner: Slowest

Fanout     Cap    Slew   Delay    Time   Description
-----------------------------------------------------------------------------
                          0.00    0.00   clock clk (rise edge)
                          0.00    0.00   clock source latency
                  0.11    0.07    0.07 ^ clk (in)
     1    0.01                           clk (net)
                  0.11    0.00    0.07 ^ clkbuf_0_clk/A (sky130_fd_sc_hd__clkbuf_16)
                  0.07    0.23    0.29 ^ clkbuf_0_clk/X (sky130_fd_sc_hd__clkbuf_16)
     2    0.02                           clknet_0_clk (net)
                  0.07    0.00    0.29 ^ clkbuf_1_1__f_clk/A (sky130_fd_sc_hd__clkbuf_16)
                  0.08    0.22    0.51 ^ clkbuf_1_1__f_clk/X (sky130_fd_sc_hd__clkbuf_16)
     7    0.03                           clknet_1_1__leaf_clk (net)
                  0.08    0.00    0.51 ^ _487_/CLK (sky130_fd_sc_hd__dfrtp_1)
                  0.17    0.69    1.20 ^ _487_/Q (sky130_fd_sc_hd__dfrtp_1)
     2    0.01                           net32 (net)
                  0.17    0.00    1.20 ^ _468_/B (sky130_fd_sc_hd__and2_1)
                  0.08    0.25    1.45 ^ _468_/X (sky130_fd_sc_hd__and2_1)
     1    0.00                           _184_ (net)
                  0.08    0.00    1.45 ^ _469_/B1 (sky130_fd_sc_hd__a31o_1)
                  0.06    0.15    1.60 ^ _469_/X (sky130_fd_sc_hd__a31o_1)
     1    0.00                           _008_ (net)
                  0.06    0.00    1.60 ^ _487_/D (sky130_fd_sc_hd__dfrtp_1)
                                  1.60   data arrival time

                          0.00    0.00   clock clk (rise edge)
                          0.00    0.00   clock source latency
                  0.11    0.07    0.07 ^ clk (in)
     1    0.01                           clk (net)
                  0.11    0.00    0.07 ^ clkbuf_0_clk/A (sky130_fd_sc_hd__clkbuf_16)
                  0.07    0.25    0.32 ^ clkbuf_0_clk/X (sky130_fd_sc_hd__clkbuf_16)
     2    0.02                           clknet_0_clk (net)
                  0.07    0.00    0.32 ^ clkbuf_1_1__f_clk/A (sky130_fd_sc_hd__clkbuf_16)
                  0.08    0.24    0.57 ^ clkbuf_1_1__f_clk/X (sky130_fd_sc_hd__clkbuf_16)
     7    0.03                           clknet_1_1__leaf_clk (net)
                  0.08    0.00    0.57 ^ _487_/CLK (sky130_fd_sc_hd__dfrtp_1)
                          0.25    0.82   clock uncertainty
                         -0.05    0.76   clock reconvergence pessimism
                         -0.07    0.69   library hold time
                                  0.69   data required time
-----------------------------------------------------------------------------
                                  0.69   data required time
                                 -1.60   data arrival time
-----------------------------------------------------------------------------
                                  0.91   slack (MET)


Startpoint: _478_ (rising edge-triggered flip-flop clocked by clk)
Endpoint: _478_ (rising edge-triggered flip-flop clocked by clk)
Path Group: clk
Path Type: min
Corner: Slowest

Fanout     Cap    Slew   Delay    Time   Description
-----------------------------------------------------------------------------
                          0.00    0.00   clock clk (rise edge)
                          0.00    0.00   clock source latency
                  0.11    0.07    0.07 ^ clk (in)
     1    0.01                           clk (net)
                  0.11    0.00    0.07 ^ clkbuf_0_clk/A (sky130_fd_sc_hd__clkbuf_16)
                  0.07    0.23    0.29 ^ clkbuf_0_clk/X (sky130_fd_sc_hd__clkbuf_16)
     2    0.02                           clknet_0_clk (net)
                  0.07    0.00    0.29 ^ clkbuf_1_1__f_clk/A (sky130_fd_sc_hd__clkbuf_16)
                  0.08    0.22    0.51 ^ clkbuf_1_1__f_clk/X (sky130_fd_sc_hd__clkbuf_16)
     7    0.03                           clknet_1_1__leaf_clk (net)
                  0.08    0.00    0.51 ^ _478_/CLK (sky130_fd_sc_hd__dfrtp_1)
                  0.10    0.63    1.14 ^ _478_/Q (sky130_fd_sc_hd__dfrtp_1)
     2    0.00                           net28 (net)
                  0.10    0.00    1.14 ^ hold2/A (sky130_fd_sc_hd__dlygate4sd3_1)
                  0.09    1.00    2.14 ^ hold2/X (sky130_fd_sc_hd__dlygate4sd3_1)
     1    0.00                           net41 (net)
                  0.09    0.00    2.14 ^ _279_/A1 (sky130_fd_sc_hd__o21ba_1)
                  0.07    0.24    2.38 ^ _279_/X (sky130_fd_sc_hd__o21ba_1)
     1    0.00                           _000_ (net)
                  0.07    0.00    2.38 ^ _478_/D (sky130_fd_sc_hd__dfrtp_1)
                                  2.38   data arrival time

                          0.00    0.00   clock clk (rise edge)
                          0.00    0.00   clock source latency
                  0.11    0.07    0.07 ^ clk (in)
     1    0.01                           clk (net)
                  0.11    0.00    0.07 ^ clkbuf_0_clk/A (sky130_fd_sc_hd__clkbuf_16)
                  0.07    0.25    0.32 ^ clkbuf_0_clk/X (sky130_fd_sc_hd__clkbuf_16)
     2    0.02                           clknet_0_clk (net)
                  0.07    0.00    0.32 ^ clkbuf_1_1__f_clk/A (sky130_fd_sc_hd__clkbuf_16)
                  0.08    0.24    0.57 ^ clkbuf_1_1__f_clk/X (sky130_fd_sc_hd__clkbuf_16)
     7    0.03                           clknet_1_1__leaf_clk (net)
                  0.08    0.00    0.57 ^ _478_/CLK (sky130_fd_sc_hd__dfrtp_1)
                          0.25    0.82   clock uncertainty
                         -0.05    0.76   clock reconvergence pessimism
                         -0.08    0.69   library hold time
                                  0.69   data required time
-----------------------------------------------------------------------------
                                  0.69   data required time
                                 -2.38   data arrival time
-----------------------------------------------------------------------------
                                  1.69   slack (MET)


Startpoint: _480_ (rising edge-triggered flip-flop clocked by clk)
Endpoint: _480_ (rising edge-triggered flip-flop clocked by clk)
Path Group: clk
Path Type: min
Corner: Slowest

Fanout     Cap    Slew   Delay    Time   Description
-----------------------------------------------------------------------------
                          0.00    0.00   clock clk (rise edge)
                          0.00    0.00   clock source latency
                  0.11    0.07    0.07 ^ clk (in)
     1    0.01                           clk (net)
                  0.11    0.00    0.07 ^ clkbuf_0_clk/A (sky130_fd_sc_hd__clkbuf_16)
                  0.07    0.23    0.29 ^ clkbuf_0_clk/X (sky130_fd_sc_hd__clkbuf_16)
     2    0.02                           clknet_0_clk (net)
                  0.07    0.00    0.29 ^ clkbuf_1_1__f_clk/A (sky130_fd_sc_hd__clkbuf_16)
                  0.08    0.22    0.51 ^ clkbuf_1_1__f_clk/X (sky130_fd_sc_hd__clkbuf_16)
     7    0.03                           clknet_1_1__leaf_clk (net)
                  0.08    0.00    0.51 ^ _480_/CLK (sky130_fd_sc_hd__dfrtp_1)
                  0.10    0.63    1.14 ^ _480_/Q (sky130_fd_sc_hd__dfrtp_1)
     2    0.00                           net24 (net)
                  0.10    0.00    1.14 ^ hold1/A (sky130_fd_sc_hd__dlygate4sd3_1)
                  0.09    1.00    2.14 ^ hold1/X (sky130_fd_sc_hd__dlygate4sd3_1)
     1    0.00                           net40 (net)
                  0.09    0.00    2.14 ^ _452_/A2 (sky130_fd_sc_hd__a22o_1)
                  0.07    0.26    2.40 ^ _452_/X (sky130_fd_sc_hd__a22o_1)
     1    0.00                           _001_ (net)
                  0.07    0.00    2.40 ^ _480_/D (sky130_fd_sc_hd__dfrtp_1)
                                  2.40   data arrival time

                          0.00    0.00   clock clk (rise edge)
                          0.00    0.00   clock source latency
                  0.11    0.07    0.07 ^ clk (in)
     1    0.01                           clk (net)
                  0.11    0.00    0.07 ^ clkbuf_0_clk/A (sky130_fd_sc_hd__clkbuf_16)
                  0.07    0.25    0.32 ^ clkbuf_0_clk/X (sky130_fd_sc_hd__clkbuf_16)
     2    0.02                           clknet_0_clk (net)
                  0.07    0.00    0.32 ^ clkbuf_1_1__f_clk/A (sky130_fd_sc_hd__clkbuf_16)
                  0.08    0.24    0.57 ^ clkbuf_1_1__f_clk/X (sky130_fd_sc_hd__clkbuf_16)
     7    0.03                           clknet_1_1__leaf_clk (net)
                  0.08    0.00    0.57 ^ _480_/CLK (sky130_fd_sc_hd__dfrtp_1)
                          0.25    0.82   clock uncertainty
                         -0.05    0.76   clock reconvergence pessimism
                         -0.08    0.69   library hold time
                                  0.69   data required time
-----------------------------------------------------------------------------
                                  0.69   data required time
                                 -2.40   data arrival time
-----------------------------------------------------------------------------
                                  1.71   slack (MET)


Startpoint: _483_ (rising edge-triggered flip-flop clocked by clk)
Endpoint: _483_ (rising edge-triggered flip-flop clocked by clk)
Path Group: clk
Path Type: min
Corner: Slowest

Fanout     Cap    Slew   Delay    Time   Description
-----------------------------------------------------------------------------
                          0.00    0.00   clock clk (rise edge)
                          0.00    0.00   clock source latency
                  0.11    0.07    0.07 ^ clk (in)
     1    0.01                           clk (net)
                  0.11    0.00    0.07 ^ clkbuf_0_clk/A (sky130_fd_sc_hd__clkbuf_16)
                  0.07    0.23    0.29 ^ clkbuf_0_clk/X (sky130_fd_sc_hd__clkbuf_16)
     2    0.02                           clknet_0_clk (net)
                  0.07    0.00    0.29 ^ clkbuf_1_1__f_clk/A (sky130_fd_sc_hd__clkbuf_16)
                  0.08    0.22    0.51 ^ clkbuf_1_1__f_clk/X (sky130_fd_sc_hd__clkbuf_16)
     7    0.03                           clknet_1_1__leaf_clk (net)
                  0.08    0.00    0.51 ^ _483_/CLK (sky130_fd_sc_hd__dfrtp_1)
                  0.11    0.64    1.15 ^ _483_/Q (sky130_fd_sc_hd__dfrtp_1)
     2    0.01                           net27 (net)
                  0.11    0.00    1.15 ^ hold3/A (sky130_fd_sc_hd__dlygate4sd3_1)
                  0.09    1.00    2.16 ^ hold3/X (sky130_fd_sc_hd__dlygate4sd3_1)
     1    0.00                           net42 (net)
                  0.09    0.00    2.16 ^ _461_/A2 (sky130_fd_sc_hd__a22o_1)
                  0.07    0.26    2.42 ^ _461_/X (sky130_fd_sc_hd__a22o_1)
     1    0.00                           _004_ (net)
                  0.07    0.00    2.42 ^ _483_/D (sky130_fd_sc_hd__dfrtp_1)
                                  2.42   data arrival time

                          0.00    0.00   clock clk (rise edge)
                          0.00    0.00   clock source latency
                  0.11    0.07    0.07 ^ clk (in)
     1    0.01                           clk (net)
                  0.11    0.00    0.07 ^ clkbuf_0_clk/A (sky130_fd_sc_hd__clkbuf_16)
                  0.07    0.25    0.32 ^ clkbuf_0_clk/X (sky130_fd_sc_hd__clkbuf_16)
     2    0.02                           clknet_0_clk (net)
                  0.07    0.00    0.32 ^ clkbuf_1_1__f_clk/A (sky130_fd_sc_hd__clkbuf_16)
                  0.08    0.24    0.57 ^ clkbuf_1_1__f_clk/X (sky130_fd_sc_hd__clkbuf_16)
     7    0.03                           clknet_1_1__leaf_clk (net)
                  0.08    0.00    0.57 ^ _483_/CLK (sky130_fd_sc_hd__dfrtp_1)
                          0.25    0.82   clock uncertainty
                         -0.05    0.76   clock reconvergence pessimism
                         -0.08    0.69   library hold time
                                  0.69   data required time
-----------------------------------------------------------------------------
                                  0.69   data required time
                                 -2.42   data arrival time
-----------------------------------------------------------------------------
                                  1.73   slack (MET)


Startpoint: _481_ (rising edge-triggered flip-flop clocked by clk)
Endpoint: _481_ (rising edge-triggered flip-flop clocked by clk)
Path Group: clk
Path Type: min
Corner: Slowest

Fanout     Cap    Slew   Delay    Time   Description
-----------------------------------------------------------------------------
                          0.00    0.00   clock clk (rise edge)
                          0.00    0.00   clock source latency
                  0.11    0.07    0.07 ^ clk (in)
     1    0.01                           clk (net)
                  0.11    0.00    0.07 ^ clkbuf_0_clk/A (sky130_fd_sc_hd__clkbuf_16)
                  0.07    0.23    0.29 ^ clkbuf_0_clk/X (sky130_fd_sc_hd__clkbuf_16)
     2    0.02                           clknet_0_clk (net)
                  0.07    0.00    0.29 ^ clkbuf_1_1__f_clk/A (sky130_fd_sc_hd__clkbuf_16)
                  0.08    0.22    0.51 ^ clkbuf_1_1__f_clk/X (sky130_fd_sc_hd__clkbuf_16)
     7    0.03                           clknet_1_1__leaf_clk (net)
                  0.08    0.00    0.51 ^ _481_/CLK (sky130_fd_sc_hd__dfrtp_1)
                  0.11    0.64    1.15 ^ _481_/Q (sky130_fd_sc_hd__dfrtp_1)
     2    0.01                           net25 (net)
                  0.11    0.00    1.15 ^ hold4/A (sky130_fd_sc_hd__dlygate4sd3_1)
                  0.10    1.01    2.16 ^ hold4/X (sky130_fd_sc_hd__dlygate4sd3_1)
     1    0.00                           net43 (net)
                  0.10    0.00    2.16 ^ _455_/A2 (sky130_fd_sc_hd__a22o_1)
                  0.07    0.26    2.42 ^ _455_/X (sky130_fd_sc_hd__a22o_1)
     1    0.00                           _002_ (net)
                  0.07    0.00    2.42 ^ _481_/D (sky130_fd_sc_hd__dfrtp_1)
                                  2.42   data arrival time

                          0.00    0.00   clock clk (rise edge)
                          0.00    0.00   clock source latency
                  0.11    0.07    0.07 ^ clk (in)
     1    0.01                           clk (net)
                  0.11    0.00    0.07 ^ clkbuf_0_clk/A (sky130_fd_sc_hd__clkbuf_16)
                  0.07    0.25    0.32 ^ clkbuf_0_clk/X (sky130_fd_sc_hd__clkbuf_16)
     2    0.02                           clknet_0_clk (net)
                  0.07    0.00    0.32 ^ clkbuf_1_1__f_clk/A (sky130_fd_sc_hd__clkbuf_16)
                  0.08    0.24    0.57 ^ clkbuf_1_1__f_clk/X (sky130_fd_sc_hd__clkbuf_16)
     7    0.03                           clknet_1_1__leaf_clk (net)
                  0.08    0.00    0.57 ^ _481_/CLK (sky130_fd_sc_hd__dfrtp_1)
                          0.25    0.82   clock uncertainty
                         -0.05    0.76   clock reconvergence pessimism
                         -0.08    0.69   library hold time
                                  0.69   data required time
-----------------------------------------------------------------------------
                                  0.69   data required time
                                 -2.42   data arrival time
-----------------------------------------------------------------------------
                                  1.73   slack (MET)


Startpoint: _482_ (rising edge-triggered flip-flop clocked by clk)
Endpoint: _482_ (rising edge-triggered flip-flop clocked by clk)
Path Group: clk
Path Type: min
Corner: Slowest

Fanout     Cap    Slew   Delay    Time   Description
-----------------------------------------------------------------------------
                          0.00    0.00   clock clk (rise edge)
                          0.00    0.00   clock source latency
                  0.11    0.07    0.07 ^ clk (in)
     1    0.01                           clk (net)
                  0.11    0.00    0.07 ^ clkbuf_0_clk/A (sky130_fd_sc_hd__clkbuf_16)
                  0.07    0.23    0.29 ^ clkbuf_0_clk/X (sky130_fd_sc_hd__clkbuf_16)
     2    0.02                           clknet_0_clk (net)
                  0.07    0.00    0.29 ^ clkbuf_1_1__f_clk/A (sky130_fd_sc_hd__clkbuf_16)
                  0.08    0.22    0.51 ^ clkbuf_1_1__f_clk/X (sky130_fd_sc_hd__clkbuf_16)
     7    0.03                           clknet_1_1__leaf_clk (net)
                  0.08    0.00    0.51 ^ _482_/CLK (sky130_fd_sc_hd__dfrtp_1)
                  0.12    0.65    1.16 ^ _482_/Q (sky130_fd_sc_hd__dfrtp_1)
     2    0.01                           net26 (net)
                  0.12    0.00    1.16 ^ hold5/A (sky130_fd_sc_hd__dlygate4sd3_1)
                  0.10    1.02    2.18 ^ hold5/X (sky130_fd_sc_hd__dlygate4sd3_1)
     1    0.00                           net44 (net)
                  0.10    0.00    2.18 ^ _459_/A2 (sky130_fd_sc_hd__a22o_1)
                  0.07    0.27    2.45 ^ _459_/X (sky130_fd_sc_hd__a22o_1)
     1    0.00                           _003_ (net)
                  0.07    0.00    2.45 ^ _482_/D (sky130_fd_sc_hd__dfrtp_1)
                                  2.45   data arrival time

                          0.00    0.00   clock clk (rise edge)
                          0.00    0.00   clock source latency
                  0.11    0.07    0.07 ^ clk (in)
     1    0.01                           clk (net)
                  0.11    0.00    0.07 ^ clkbuf_0_clk/A (sky130_fd_sc_hd__clkbuf_16)
                  0.07    0.25    0.32 ^ clkbuf_0_clk/X (sky130_fd_sc_hd__clkbuf_16)
     2    0.02                           clknet_0_clk (net)
                  0.07    0.00    0.32 ^ clkbuf_1_1__f_clk/A (sky130_fd_sc_hd__clkbuf_16)
                  0.08    0.24    0.57 ^ clkbuf_1_1__f_clk/X (sky130_fd_sc_hd__clkbuf_16)
     7    0.03                           clknet_1_1__leaf_clk (net)
                  0.08    0.00    0.57 ^ _482_/CLK (sky130_fd_sc_hd__dfrtp_1)
                          0.25    0.82   clock uncertainty
                         -0.05    0.76   clock reconvergence pessimism
                         -0.08    0.69   library hold time
                                  0.69   data required time
-----------------------------------------------------------------------------
                                  0.69   data required time
                                 -2.45   data arrival time
-----------------------------------------------------------------------------
                                  1.76   slack (MET)


Startpoint: _488_ (rising edge-triggered flip-flop clocked by clk)
Endpoint: _488_ (rising edge-triggered flip-flop clocked by clk)
Path Group: clk
Path Type: min
Corner: Slowest

Fanout     Cap    Slew   Delay    Time   Description
-----------------------------------------------------------------------------
                          0.00    0.00   clock clk (rise edge)
                          0.00    0.00   clock source latency
                  0.11    0.07    0.07 ^ clk (in)
     1    0.01                           clk (net)
                  0.11    0.00    0.07 ^ clkbuf_0_clk/A (sky130_fd_sc_hd__clkbuf_16)
                  0.07    0.23    0.29 ^ clkbuf_0_clk/X (sky130_fd_sc_hd__clkbuf_16)
     2    0.02                           clknet_0_clk (net)
                  0.07    0.00    0.29 ^ clkbuf_1_0__f_clk/A (sky130_fd_sc_hd__clkbuf_16)
                  0.07    0.22    0.51 ^ clkbuf_1_0__f_clk/X (sky130_fd_sc_hd__clkbuf_16)
     7    0.03                           clknet_1_0__leaf_clk (net)
                  0.07    0.00    0.51 ^ _488_/CLK (sky130_fd_sc_hd__dfrtp_1)
                  0.11    0.64    1.15 ^ _488_/Q (sky130_fd_sc_hd__dfrtp_1)
     2    0.01                           net33 (net)
                  0.11    0.00    1.15 ^ hold11/A (sky130_fd_sc_hd__dlygate4sd3_1)
                  0.08    0.99    2.14 ^ hold11/X (sky130_fd_sc_hd__dlygate4sd3_1)
     1    0.00                           net50 (net)
                  0.08    0.00    2.14 ^ _470_/B (sky130_fd_sc_hd__and2_1)
                  0.08    0.22    2.37 ^ _470_/X (sky130_fd_sc_hd__and2_1)
     1    0.00                           _185_ (net)
                  0.08    0.00    2.37 ^ _471_/B1 (sky130_fd_sc_hd__a31o_1)
                  0.07    0.15    2.52 ^ _471_/X (sky130_fd_sc_hd__a31o_1)
     1    0.00                           _009_ (net)
                  0.07    0.00    2.52 ^ _488_/D (sky130_fd_sc_hd__dfrtp_1)
                                  2.52   data arrival time

                          0.00    0.00   clock clk (rise edge)
                          0.00    0.00   clock source latency
                  0.11    0.07    0.07 ^ clk (in)
     1    0.01                           clk (net)
                  0.11    0.00    0.07 ^ clkbuf_0_clk/A (sky130_fd_sc_hd__clkbuf_16)
                  0.07    0.25    0.32 ^ clkbuf_0_clk/X (sky130_fd_sc_hd__clkbuf_16)
     2    0.02                           clknet_0_clk (net)
                  0.07    0.00    0.32 ^ clkbuf_1_0__f_clk/A (sky130_fd_sc_hd__clkbuf_16)
                  0.07    0.24    0.56 ^ clkbuf_1_0__f_clk/X (sky130_fd_sc_hd__clkbuf_16)
     7    0.03                           clknet_1_0__leaf_clk (net)
                  0.07    0.00    0.57 ^ _488_/CLK (sky130_fd_sc_hd__dfrtp_1)
                          0.25    0.82   clock uncertainty
                         -0.05    0.76   clock reconvergence pessimism
                         -0.08    0.69   library hold time
                                  0.69   data required time
-----------------------------------------------------------------------------
                                  0.69   data required time
                                 -2.52   data arrival time
-----------------------------------------------------------------------------
                                  1.83   slack (MET)


Startpoint: _485_ (rising edge-triggered flip-flop clocked by clk)
Endpoint: _485_ (rising edge-triggered flip-flop clocked by clk)
Path Group: clk
Path Type: min
Corner: Slowest

Fanout     Cap    Slew   Delay    Time   Description
-----------------------------------------------------------------------------
                          0.00    0.00   clock clk (rise edge)
                          0.00    0.00   clock source latency
                  0.11    0.07    0.07 ^ clk (in)
     1    0.01                           clk (net)
                  0.11    0.00    0.07 ^ clkbuf_0_clk/A (sky130_fd_sc_hd__clkbuf_16)
                  0.07    0.23    0.29 ^ clkbuf_0_clk/X (sky130_fd_sc_hd__clkbuf_16)
     2    0.02                           clknet_0_clk (net)
                  0.07    0.00    0.29 ^ clkbuf_1_0__f_clk/A (sky130_fd_sc_hd__clkbuf_16)
                  0.07    0.22    0.51 ^ clkbuf_1_0__f_clk/X (sky130_fd_sc_hd__clkbuf_16)
     7    0.03                           clknet_1_0__leaf_clk (net)
                  0.07    0.00    0.51 ^ _485_/CLK (sky130_fd_sc_hd__dfrtp_1)
                  0.12    0.64    1.15 ^ _485_/Q (sky130_fd_sc_hd__dfrtp_1)
     2    0.01                           net30 (net)
                  0.12    0.00    1.15 ^ hold9/A (sky130_fd_sc_hd__dlygate4sd3_1)
                  0.09    1.00    2.15 ^ hold9/X (sky130_fd_sc_hd__dlygate4sd3_1)
     1    0.00                           net48 (net)
                  0.09    0.00    2.15 ^ _464_/B (sky130_fd_sc_hd__and2_1)
                  0.08    0.22    2.37 ^ _464_/X (sky130_fd_sc_hd__and2_1)
     1    0.00                           _182_ (net)
                  0.08    0.00    2.37 ^ _465_/B1 (sky130_fd_sc_hd__a31o_1)
                  0.07    0.15    2.52 ^ _465_/X (sky130_fd_sc_hd__a31o_1)
     1    0.00                           _006_ (net)
                  0.07    0.00    2.52 ^ _485_/D (sky130_fd_sc_hd__dfrtp_1)
                                  2.52   data arrival time

                          0.00    0.00   clock clk (rise edge)
                          0.00    0.00   clock source latency
                  0.11    0.07    0.07 ^ clk (in)
     1    0.01                           clk (net)
                  0.11    0.00    0.07 ^ clkbuf_0_clk/A (sky130_fd_sc_hd__clkbuf_16)
                  0.07    0.25    0.32 ^ clkbuf_0_clk/X (sky130_fd_sc_hd__clkbuf_16)
     2    0.02                           clknet_0_clk (net)
                  0.07    0.00    0.32 ^ clkbuf_1_0__f_clk/A (sky130_fd_sc_hd__clkbuf_16)
                  0.07    0.24    0.56 ^ clkbuf_1_0__f_clk/X (sky130_fd_sc_hd__clkbuf_16)
     7    0.03                           clknet_1_0__leaf_clk (net)
                  0.07    0.00    0.57 ^ _485_/CLK (sky130_fd_sc_hd__dfrtp_1)
                          0.25    0.82   clock uncertainty
                         -0.05    0.76   clock reconvergence pessimism
                         -0.08    0.69   library hold time
                                  0.69   data required time
-----------------------------------------------------------------------------
                                  0.69   data required time
                                 -2.52   data arrival time
-----------------------------------------------------------------------------
                                  1.83   slack (MET)


Startpoint: _491_ (rising edge-triggered flip-flop clocked by clk)
Endpoint: _491_ (rising edge-triggered flip-flop clocked by clk)
Path Group: clk
Path Type: min
Corner: Slowest

Fanout     Cap    Slew   Delay    Time   Description
-----------------------------------------------------------------------------
                          0.00    0.00   clock clk (rise edge)
                          0.00    0.00   clock source latency
                  0.11    0.07    0.07 ^ clk (in)
     1    0.01                           clk (net)
                  0.11    0.00    0.07 ^ clkbuf_0_clk/A (sky130_fd_sc_hd__clkbuf_16)
                  0.07    0.23    0.29 ^ clkbuf_0_clk/X (sky130_fd_sc_hd__clkbuf_16)
     2    0.02                           clknet_0_clk (net)
                  0.07    0.00    0.29 ^ clkbuf_1_0__f_clk/A (sky130_fd_sc_hd__clkbuf_16)
                  0.07    0.22    0.51 ^ clkbuf_1_0__f_clk/X (sky130_fd_sc_hd__clkbuf_16)
     7    0.03                           clknet_1_0__leaf_clk (net)
                  0.07    0.00    0.51 ^ _491_/CLK (sky130_fd_sc_hd__dfrtp_1)
                  0.11    0.63    1.14 ^ _491_/Q (sky130_fd_sc_hd__dfrtp_1)
     2    0.01                           net36 (net)
                  0.11    0.00    1.14 ^ hold6/A (sky130_fd_sc_hd__dlygate4sd3_1)
                  0.10    1.01    2.15 ^ hold6/X (sky130_fd_sc_hd__dlygate4sd3_1)
     1    0.00                           net45 (net)
                  0.10    0.00    2.15 ^ _476_/B (sky130_fd_sc_hd__and2_1)
                  0.08    0.22    2.38 ^ _476_/X (sky130_fd_sc_hd__and2_1)
     1    0.00                           _188_ (net)
                  0.08    0.00    2.38 ^ _477_/B1 (sky130_fd_sc_hd__a31o_1)
                  0.07    0.15    2.53 ^ _477_/X (sky130_fd_sc_hd__a31o_1)
     1    0.00                           _012_ (net)
                  0.07    0.00    2.53 ^ _491_/D (sky130_fd_sc_hd__dfrtp_1)
                                  2.53   data arrival time

                          0.00    0.00   clock clk (rise edge)
                          0.00    0.00   clock source latency
                  0.11    0.07    0.07 ^ clk (in)
     1    0.01                           clk (net)
                  0.11    0.00    0.07 ^ clkbuf_0_clk/A (sky130_fd_sc_hd__clkbuf_16)
                  0.07    0.25    0.32 ^ clkbuf_0_clk/X (sky130_fd_sc_hd__clkbuf_16)
     2    0.02                           clknet_0_clk (net)
                  0.07    0.00    0.32 ^ clkbuf_1_0__f_clk/A (sky130_fd_sc_hd__clkbuf_16)
                  0.07    0.24    0.56 ^ clkbuf_1_0__f_clk/X (sky130_fd_sc_hd__clkbuf_16)
     7    0.03                           clknet_1_0__leaf_clk (net)
                  0.07    0.00    0.57 ^ _491_/CLK (sky130_fd_sc_hd__dfrtp_1)
                          0.25    0.82   clock uncertainty
                         -0.05    0.76   clock reconvergence pessimism
                         -0.08    0.69   library hold time
                                  0.69   data required time
-----------------------------------------------------------------------------
                                  0.69   data required time
                                 -2.53   data arrival time
-----------------------------------------------------------------------------
                                  1.84   slack (MET)


Startpoint: _486_ (rising edge-triggered flip-flop clocked by clk)
Endpoint: _486_ (rising edge-triggered flip-flop clocked by clk)
Path Group: clk
Path Type: min
Corner: Slowest

Fanout     Cap    Slew   Delay    Time   Description
-----------------------------------------------------------------------------
                          0.00    0.00   clock clk (rise edge)
                          0.00    0.00   clock source latency
                  0.11    0.07    0.07 ^ clk (in)
     1    0.01                           clk (net)
                  0.11    0.00    0.07 ^ clkbuf_0_clk/A (sky130_fd_sc_hd__clkbuf_16)
                  0.07    0.23    0.29 ^ clkbuf_0_clk/X (sky130_fd_sc_hd__clkbuf_16)
     2    0.02                           clknet_0_clk (net)
                  0.07    0.00    0.29 ^ clkbuf_1_0__f_clk/A (sky130_fd_sc_hd__clkbuf_16)
                  0.07    0.22    0.51 ^ clkbuf_1_0__f_clk/X (sky130_fd_sc_hd__clkbuf_16)
     7    0.03                           clknet_1_0__leaf_clk (net)
                  0.07    0.00    0.51 ^ _486_/CLK (sky130_fd_sc_hd__dfrtp_1)
                  0.12    0.65    1.16 ^ _486_/Q (sky130_fd_sc_hd__dfrtp_1)
     2    0.01                           net31 (net)
                  0.12    0.00    1.16 ^ hold10/A (sky130_fd_sc_hd__dlygate4sd3_1)
                  0.08    1.00    2.16 ^ hold10/X (sky130_fd_sc_hd__dlygate4sd3_1)
     1    0.00                           net49 (net)
                  0.08    0.00    2.16 ^ _466_/B (sky130_fd_sc_hd__and2_1)
                  0.09    0.22    2.38 ^ _466_/X (sky130_fd_sc_hd__and2_1)
     1    0.00                           _183_ (net)
                  0.09    0.00    2.38 ^ _467_/B1 (sky130_fd_sc_hd__a31o_1)
                  0.06    0.15    2.53 ^ _467_/X (sky130_fd_sc_hd__a31o_1)
     1    0.00                           _007_ (net)
                  0.06    0.00    2.53 ^ _486_/D (sky130_fd_sc_hd__dfrtp_1)
                                  2.53   data arrival time

                          0.00    0.00   clock clk (rise edge)
                          0.00    0.00   clock source latency
                  0.11    0.07    0.07 ^ clk (in)
     1    0.01                           clk (net)
                  0.11    0.00    0.07 ^ clkbuf_0_clk/A (sky130_fd_sc_hd__clkbuf_16)
                  0.07    0.25    0.32 ^ clkbuf_0_clk/X (sky130_fd_sc_hd__clkbuf_16)
     2    0.02                           clknet_0_clk (net)
                  0.07    0.00    0.32 ^ clkbuf_1_0__f_clk/A (sky130_fd_sc_hd__clkbuf_16)
                  0.07    0.24    0.56 ^ clkbuf_1_0__f_clk/X (sky130_fd_sc_hd__clkbuf_16)
     7    0.03                           clknet_1_0__leaf_clk (net)
                  0.07    0.00    0.57 ^ _486_/CLK (sky130_fd_sc_hd__dfrtp_1)
                          0.25    0.82   clock uncertainty
                         -0.05    0.76   clock reconvergence pessimism
                         -0.07    0.69   library hold time
                                  0.69   data required time
-----------------------------------------------------------------------------
                                  0.69   data required time
                                 -2.53   data arrival time
-----------------------------------------------------------------------------
                                  1.84   slack (MET)


Startpoint: _489_ (rising edge-triggered flip-flop clocked by clk)
Endpoint: _489_ (rising edge-triggered flip-flop clocked by clk)
Path Group: clk
Path Type: min
Corner: Slowest

Fanout     Cap    Slew   Delay    Time   Description
-----------------------------------------------------------------------------
                          0.00    0.00   clock clk (rise edge)
                          0.00    0.00   clock source latency
                  0.11    0.07    0.07 ^ clk (in)
     1    0.01                           clk (net)
                  0.11    0.00    0.07 ^ clkbuf_0_clk/A (sky130_fd_sc_hd__clkbuf_16)
                  0.07    0.23    0.29 ^ clkbuf_0_clk/X (sky130_fd_sc_hd__clkbuf_16)
     2    0.02                           clknet_0_clk (net)
                  0.07    0.00    0.29 ^ clkbuf_1_0__f_clk/A (sky130_fd_sc_hd__clkbuf_16)
                  0.07    0.22    0.51 ^ clkbuf_1_0__f_clk/X (sky130_fd_sc_hd__clkbuf_16)
     7    0.03                           clknet_1_0__leaf_clk (net)
                  0.07    0.00    0.51 ^ _489_/CLK (sky130_fd_sc_hd__dfrtp_1)
                  0.14    0.66    1.17 ^ _489_/Q (sky130_fd_sc_hd__dfrtp_1)
     2    0.01                           net34 (net)
                  0.14    0.00    1.17 ^ hold12/A (sky130_fd_sc_hd__dlygate4sd3_1)
                  0.08    1.00    2.17 ^ hold12/X (sky130_fd_sc_hd__dlygate4sd3_1)
     1    0.00                           net51 (net)
                  0.08    0.00    2.17 ^ _472_/B (sky130_fd_sc_hd__and2_1)
                  0.08    0.22    2.39 ^ _472_/X (sky130_fd_sc_hd__and2_1)
     1    0.00                           _186_ (net)
                  0.08    0.00    2.39 ^ _473_/B1 (sky130_fd_sc_hd__a31o_1)
                  0.06    0.15    2.54 ^ _473_/X (sky130_fd_sc_hd__a31o_1)
     1    0.00                           _010_ (net)
                  0.06    0.00    2.54 ^ _489_/D (sky130_fd_sc_hd__dfrtp_1)
                                  2.54   data arrival time

                          0.00    0.00   clock clk (rise edge)
                          0.00    0.00   clock source latency
                  0.11    0.07    0.07 ^ clk (in)
     1    0.01                           clk (net)
                  0.11    0.00    0.07 ^ clkbuf_0_clk/A (sky130_fd_sc_hd__clkbuf_16)
                  0.07    0.25    0.32 ^ clkbuf_0_clk/X (sky130_fd_sc_hd__clkbuf_16)
     2    0.02                           clknet_0_clk (net)
                  0.07    0.00    0.32 ^ clkbuf_1_0__f_clk/A (sky130_fd_sc_hd__clkbuf_16)
                  0.07    0.24    0.56 ^ clkbuf_1_0__f_clk/X (sky130_fd_sc_hd__clkbuf_16)
     7    0.03                           clknet_1_0__leaf_clk (net)
                  0.07    0.00    0.57 ^ _489_/CLK (sky130_fd_sc_hd__dfrtp_1)
                          0.25    0.82   clock uncertainty
                         -0.05    0.76   clock reconvergence pessimism
                         -0.07    0.69   library hold time
                                  0.69   data required time
-----------------------------------------------------------------------------
                                  0.69   data required time
                                 -2.54   data arrival time
-----------------------------------------------------------------------------
                                  1.85   slack (MET)


Startpoint: _490_ (rising edge-triggered flip-flop clocked by clk)
Endpoint: _490_ (rising edge-triggered flip-flop clocked by clk)
Path Group: clk
Path Type: min
Corner: Slowest

Fanout     Cap    Slew   Delay    Time   Description
-----------------------------------------------------------------------------
                          0.00    0.00   clock clk (rise edge)
                          0.00    0.00   clock source latency
                  0.11    0.07    0.07 ^ clk (in)
     1    0.01                           clk (net)
                  0.11    0.00    0.07 ^ clkbuf_0_clk/A (sky130_fd_sc_hd__clkbuf_16)
                  0.07    0.23    0.29 ^ clkbuf_0_clk/X (sky130_fd_sc_hd__clkbuf_16)
     2    0.02                           clknet_0_clk (net)
                  0.07    0.00    0.29 ^ clkbuf_1_0__f_clk/A (sky130_fd_sc_hd__clkbuf_16)
                  0.07    0.22    0.51 ^ clkbuf_1_0__f_clk/X (sky130_fd_sc_hd__clkbuf_16)
     7    0.03                           clknet_1_0__leaf_clk (net)
                  0.07    0.00    0.51 ^ _490_/CLK (sky130_fd_sc_hd__dfrtp_1)
                  0.12    0.65    1.16 ^ _490_/Q (sky130_fd_sc_hd__dfrtp_1)
     2    0.01                           net35 (net)
                  0.12    0.00    1.16 ^ hold8/A (sky130_fd_sc_hd__dlygate4sd3_1)
                  0.09    1.00    2.16 ^ hold8/X (sky130_fd_sc_hd__dlygate4sd3_1)
     1    0.00                           net47 (net)
                  0.09    0.00    2.16 ^ _474_/B (sky130_fd_sc_hd__and2_1)
                  0.08    0.22    2.39 ^ _474_/X (sky130_fd_sc_hd__and2_1)
     1    0.00                           _187_ (net)
                  0.08    0.00    2.39 ^ _475_/B1 (sky130_fd_sc_hd__a31o_1)
                  0.07    0.16    2.54 ^ _475_/X (sky130_fd_sc_hd__a31o_1)
     1    0.00                           _011_ (net)
                  0.07    0.00    2.54 ^ _490_/D (sky130_fd_sc_hd__dfrtp_1)
                                  2.54   data arrival time

                          0.00    0.00   clock clk (rise edge)
                          0.00    0.00   clock source latency
                  0.11    0.07    0.07 ^ clk (in)
     1    0.01                           clk (net)
                  0.11    0.00    0.07 ^ clkbuf_0_clk/A (sky130_fd_sc_hd__clkbuf_16)
                  0.07    0.25    0.32 ^ clkbuf_0_clk/X (sky130_fd_sc_hd__clkbuf_16)
     2    0.02                           clknet_0_clk (net)
                  0.07    0.00    0.32 ^ clkbuf_1_0__f_clk/A (sky130_fd_sc_hd__clkbuf_16)
                  0.07    0.24    0.56 ^ clkbuf_1_0__f_clk/X (sky130_fd_sc_hd__clkbuf_16)
     7    0.03                           clknet_1_0__leaf_clk (net)
                  0.07    0.00    0.57 ^ _490_/CLK (sky130_fd_sc_hd__dfrtp_1)
                          0.25    0.82   clock uncertainty
                         -0.05    0.76   clock reconvergence pessimism
                         -0.08    0.69   library hold time
                                  0.69   data required time
-----------------------------------------------------------------------------
                                  0.69   data required time
                                 -2.54   data arrival time
-----------------------------------------------------------------------------
                                  1.86   slack (MET)


Startpoint: _484_ (rising edge-triggered flip-flop clocked by clk)
Endpoint: _484_ (rising edge-triggered flip-flop clocked by clk)
Path Group: clk
Path Type: min
Corner: Slowest

Fanout     Cap    Slew   Delay    Time   Description
-----------------------------------------------------------------------------
                          0.00    0.00   clock clk (rise edge)
                          0.00    0.00   clock source latency
                  0.11    0.07    0.07 ^ clk (in)
     1    0.01                           clk (net)
                  0.11    0.00    0.07 ^ clkbuf_0_clk/A (sky130_fd_sc_hd__clkbuf_16)
                  0.07    0.23    0.29 ^ clkbuf_0_clk/X (sky130_fd_sc_hd__clkbuf_16)
     2    0.02                           clknet_0_clk (net)
                  0.07    0.00    0.29 ^ clkbuf_1_0__f_clk/A (sky130_fd_sc_hd__clkbuf_16)
                  0.07    0.22    0.51 ^ clkbuf_1_0__f_clk/X (sky130_fd_sc_hd__clkbuf_16)
     7    0.03                           clknet_1_0__leaf_clk (net)
                  0.07    0.00    0.51 ^ _484_/CLK (sky130_fd_sc_hd__dfrtp_1)
                  0.11    0.64    1.15 ^ _484_/Q (sky130_fd_sc_hd__dfrtp_1)
     2    0.01                           net29 (net)
                  0.11    0.00    1.15 ^ hold7/A (sky130_fd_sc_hd__dlygate4sd3_1)
                  0.09    1.00    2.15 ^ hold7/X (sky130_fd_sc_hd__dlygate4sd3_1)
     1    0.00                           net46 (net)
                  0.09    0.00    2.15 ^ _462_/B (sky130_fd_sc_hd__and2_1)
                  0.10    0.24    2.39 ^ _462_/X (sky130_fd_sc_hd__and2_1)
     1    0.00                           _181_ (net)
                  0.10    0.00    2.39 ^ _463_/B1 (sky130_fd_sc_hd__a31o_1)
                  0.06    0.16    2.55 ^ _463_/X (sky130_fd_sc_hd__a31o_1)
     1    0.00                           _005_ (net)
                  0.06    0.00    2.55 ^ _484_/D (sky130_fd_sc_hd__dfrtp_1)
                                  2.55   data arrival time

                          0.00    0.00   clock clk (rise edge)
                          0.00    0.00   clock source latency
                  0.11    0.07    0.07 ^ clk (in)
     1    0.01                           clk (net)
                  0.11    0.00    0.07 ^ clkbuf_0_clk/A (sky130_fd_sc_hd__clkbuf_16)
                  0.07    0.25    0.32 ^ clkbuf_0_clk/X (sky130_fd_sc_hd__clkbuf_16)
     2    0.02                           clknet_0_clk (net)
                  0.07    0.00    0.32 ^ clkbuf_1_0__f_clk/A (sky130_fd_sc_hd__clkbuf_16)
                  0.07    0.24    0.56 ^ clkbuf_1_0__f_clk/X (sky130_fd_sc_hd__clkbuf_16)
     7    0.03                           clknet_1_0__leaf_clk (net)
                  0.07    0.00    0.57 ^ _484_/CLK (sky130_fd_sc_hd__dfrtp_1)
                          0.25    0.82   clock uncertainty
                         -0.05    0.76   clock reconvergence pessimism
                         -0.07    0.69   library hold time
                                  0.69   data required time
-----------------------------------------------------------------------------
                                  0.69   data required time
                                 -2.55   data arrival time
-----------------------------------------------------------------------------
                                  1.86   slack (MET)


Startpoint: rst_n (input port clocked by clk)
Endpoint: _487_ (removal check against rising-edge clock clk)
Path Group: asynchronous
Path Type: min
Corner: Slowest

Fanout     Cap    Slew   Delay    Time   Description
-----------------------------------------------------------------------------
                          0.00    0.00   clock clk (rise edge)
                          0.00    0.00   clock network delay (propagated)
                          5.00    5.00 ^ input external delay
                  0.03    0.02    5.02 ^ rst_n (in)
     1    0.00                           rst_n (net)
                  0.03    0.00    5.02 ^ input10/A (sky130_fd_sc_hd__clkbuf_2)
                  0.21    0.26    5.28 ^ input10/X (sky130_fd_sc_hd__clkbuf_2)
     5    0.02                           net10 (net)
                  0.21    0.00    5.28 ^ _487_/RESET_B (sky130_fd_sc_hd__dfrtp_1)
                                  5.28   data arrival time

                          0.00    0.00   clock clk (rise edge)
                          0.00    0.00   clock source latency
                  0.11    0.07    0.07 ^ clk (in)
     1    0.01                           clk (net)
                  0.11    0.00    0.07 ^ clkbuf_0_clk/A (sky130_fd_sc_hd__clkbuf_16)
                  0.07    0.25    0.32 ^ clkbuf_0_clk/X (sky130_fd_sc_hd__clkbuf_16)
     2    0.02                           clknet_0_clk (net)
                  0.07    0.00    0.32 ^ clkbuf_1_1__f_clk/A (sky130_fd_sc_hd__clkbuf_16)
                  0.08    0.24    0.57 ^ clkbuf_1_1__f_clk/X (sky130_fd_sc_hd__clkbuf_16)
     7    0.03                           clknet_1_1__leaf_clk (net)
                  0.08    0.00    0.57 ^ _487_/CLK (sky130_fd_sc_hd__dfrtp_1)
                          0.25    0.82   clock uncertainty
                          0.00    0.82   clock reconvergence pessimism
                          0.70    1.52   library removal time
                                  1.52   data required time
-----------------------------------------------------------------------------
                                  1.52   data required time
                                 -5.28   data arrival time
-----------------------------------------------------------------------------
                                  3.76   slack (MET)


Startpoint: rst_n (input port clocked by clk)
Endpoint: _485_ (removal check against rising-edge clock clk)
Path Group: asynchronous
Path Type: min
Corner: Slowest

Fanout     Cap    Slew   Delay    Time   Description
-----------------------------------------------------------------------------
                          0.00    0.00   clock clk (rise edge)
                          0.00    0.00   clock network delay (propagated)
                          5.00    5.00 ^ input external delay
                  0.03    0.02    5.02 ^ rst_n (in)
     1    0.00                           rst_n (net)
                  0.03    0.00    5.02 ^ input10/A (sky130_fd_sc_hd__clkbuf_2)
                  0.21    0.26    5.28 ^ input10/X (sky130_fd_sc_hd__clkbuf_2)
     5    0.02                           net10 (net)
                  0.21    0.00    5.28 ^ _485_/RESET_B (sky130_fd_sc_hd__dfrtp_1)
                                  5.28   data arrival time

                          0.00    0.00   clock clk (rise edge)
                          0.00    0.00   clock source latency
                  0.11    0.07    0.07 ^ clk (in)
     1    0.01                           clk (net)
                  0.11    0.00    0.07 ^ clkbuf_0_clk/A (sky130_fd_sc_hd__clkbuf_16)
                  0.07    0.25    0.32 ^ clkbuf_0_clk/X (sky130_fd_sc_hd__clkbuf_16)
     2    0.02                           clknet_0_clk (net)
                  0.07    0.00    0.32 ^ clkbuf_1_0__f_clk/A (sky130_fd_sc_hd__clkbuf_16)
                  0.07    0.24    0.56 ^ clkbuf_1_0__f_clk/X (sky130_fd_sc_hd__clkbuf_16)
     7    0.03                           clknet_1_0__leaf_clk (net)
                  0.07    0.00    0.57 ^ _485_/CLK (sky130_fd_sc_hd__dfrtp_1)
                          0.25    0.82   clock uncertainty
                          0.00    0.82   clock reconvergence pessimism
                          0.70    1.52   library removal time
                                  1.52   data required time
-----------------------------------------------------------------------------
                                  1.52   data required time
                                 -5.28   data arrival time
-----------------------------------------------------------------------------
                                  3.76   slack (MET)


Startpoint: rst_n (input port clocked by clk)
Endpoint: _488_ (removal check against rising-edge clock clk)
Path Group: asynchronous
Path Type: min
Corner: Slowest

Fanout     Cap    Slew   Delay    Time   Description
-----------------------------------------------------------------------------
                          0.00    0.00   clock clk (rise edge)
                          0.00    0.00   clock network delay (propagated)
                          5.00    5.00 ^ input external delay
                  0.03    0.02    5.02 ^ rst_n (in)
     1    0.00                           rst_n (net)
                  0.03    0.00    5.02 ^ input10/A (sky130_fd_sc_hd__clkbuf_2)
                  0.21    0.26    5.28 ^ input10/X (sky130_fd_sc_hd__clkbuf_2)
     5    0.02                           net10 (net)
                  0.21    0.00    5.28 ^ _488_/RESET_B (sky130_fd_sc_hd__dfrtp_1)
                                  5.28   data arrival time

                          0.00    0.00   clock clk (rise edge)
                          0.00    0.00   clock source latency
                  0.11    0.07    0.07 ^ clk (in)
     1    0.01                           clk (net)
                  0.11    0.00    0.07 ^ clkbuf_0_clk/A (sky130_fd_sc_hd__clkbuf_16)
                  0.07    0.25    0.32 ^ clkbuf_0_clk/X (sky130_fd_sc_hd__clkbuf_16)
     2    0.02                           clknet_0_clk (net)
                  0.07    0.00    0.32 ^ clkbuf_1_0__f_clk/A (sky130_fd_sc_hd__clkbuf_16)
                  0.07    0.24    0.56 ^ clkbuf_1_0__f_clk/X (sky130_fd_sc_hd__clkbuf_16)
     7    0.03                           clknet_1_0__leaf_clk (net)
                  0.07    0.00    0.57 ^ _488_/CLK (sky130_fd_sc_hd__dfrtp_1)
                          0.25    0.82   clock uncertainty
                          0.00    0.82   clock reconvergence pessimism
                          0.70    1.52   library removal time
                                  1.52   data required time
-----------------------------------------------------------------------------
                                  1.52   data required time
                                 -5.28   data arrival time
-----------------------------------------------------------------------------
                                  3.76   slack (MET)


Startpoint: rst_n (input port clocked by clk)
Endpoint: _486_ (removal check against rising-edge clock clk)
Path Group: asynchronous
Path Type: min
Corner: Slowest

Fanout     Cap    Slew   Delay    Time   Description
-----------------------------------------------------------------------------
                          0.00    0.00   clock clk (rise edge)
                          0.00    0.00   clock network delay (propagated)
                          5.00    5.00 ^ input external delay
                  0.03    0.02    5.02 ^ rst_n (in)
     1    0.00                           rst_n (net)
                  0.03    0.00    5.02 ^ input10/A (sky130_fd_sc_hd__clkbuf_2)
                  0.21    0.26    5.28 ^ input10/X (sky130_fd_sc_hd__clkbuf_2)
     5    0.02                           net10 (net)
                  0.21    0.00    5.28 ^ _486_/RESET_B (sky130_fd_sc_hd__dfrtp_1)
                                  5.28   data arrival time

                          0.00    0.00   clock clk (rise edge)
                          0.00    0.00   clock source latency
                  0.11    0.07    0.07 ^ clk (in)
     1    0.01                           clk (net)
                  0.11    0.00    0.07 ^ clkbuf_0_clk/A (sky130_fd_sc_hd__clkbuf_16)
                  0.07    0.25    0.32 ^ clkbuf_0_clk/X (sky130_fd_sc_hd__clkbuf_16)
     2    0.02                           clknet_0_clk (net)
                  0.07    0.00    0.32 ^ clkbuf_1_0__f_clk/A (sky130_fd_sc_hd__clkbuf_16)
                  0.07    0.24    0.56 ^ clkbuf_1_0__f_clk/X (sky130_fd_sc_hd__clkbuf_16)
     7    0.03                           clknet_1_0__leaf_clk (net)
                  0.07    0.00    0.57 ^ _486_/CLK (sky130_fd_sc_hd__dfrtp_1)
                          0.25    0.82   clock uncertainty
                          0.00    0.82   clock reconvergence pessimism
                          0.70    1.52   library removal time
                                  1.52   data required time
-----------------------------------------------------------------------------
                                  1.52   data required time
                                 -5.28   data arrival time
-----------------------------------------------------------------------------
                                  3.76   slack (MET)


Startpoint: rst_n (input port clocked by clk)
Endpoint: _481_ (removal check against rising-edge clock clk)
Path Group: asynchronous
Path Type: min
Corner: Slowest

Fanout     Cap    Slew   Delay    Time   Description
-----------------------------------------------------------------------------
                          0.00    0.00   clock clk (rise edge)
                          0.00    0.00   clock network delay (propagated)
                          5.00    5.00 ^ input external delay
                  0.03    0.02    5.02 ^ rst_n (in)
     1    0.00                           rst_n (net)
                  0.03    0.00    5.02 ^ input10/A (sky130_fd_sc_hd__clkbuf_2)
                  0.21    0.26    5.28 ^ input10/X (sky130_fd_sc_hd__clkbuf_2)
     5    0.02                           net10 (net)
                  0.21    0.00    5.28 ^ fanout39/A (sky130_fd_sc_hd__buf_4)
                  0.25    0.39    5.66 ^ fanout39/X (sky130_fd_sc_hd__buf_4)
    10    0.06                           net39 (net)
                  0.25    0.00    5.66 ^ _481_/RESET_B (sky130_fd_sc_hd__dfrtp_1)
                                  5.66   data arrival time

                          0.00    0.00   clock clk (rise edge)
                          0.00    0.00   clock source latency
                  0.11    0.07    0.07 ^ clk (in)
     1    0.01                           clk (net)
                  0.11    0.00    0.07 ^ clkbuf_0_clk/A (sky130_fd_sc_hd__clkbuf_16)
                  0.07    0.25    0.32 ^ clkbuf_0_clk/X (sky130_fd_sc_hd__clkbuf_16)
     2    0.02                           clknet_0_clk (net)
                  0.07    0.00    0.32 ^ clkbuf_1_1__f_clk/A (sky130_fd_sc_hd__clkbuf_16)
                  0.08    0.24    0.57 ^ clkbuf_1_1__f_clk/X (sky130_fd_sc_hd__clkbuf_16)
     7    0.03                           clknet_1_1__leaf_clk (net)
                  0.08    0.00    0.57 ^ _481_/CLK (sky130_fd_sc_hd__dfrtp_1)
                          0.25    0.82   clock uncertainty
                          0.00    0.82   clock reconvergence pessimism
                          0.72    1.53   library removal time
                                  1.53   data required time
-----------------------------------------------------------------------------
                                  1.53   data required time
                                 -5.66   data arrival time
-----------------------------------------------------------------------------
                                  4.13   slack (MET)


Startpoint: rst_n (input port clocked by clk)
Endpoint: _479_ (removal check against rising-edge clock clk)
Path Group: asynchronous
Path Type: min
Corner: Slowest

Fanout     Cap    Slew   Delay    Time   Description
-----------------------------------------------------------------------------
                          0.00    0.00   clock clk (rise edge)
                          0.00    0.00   clock network delay (propagated)
                          5.00    5.00 ^ input external delay
                  0.03    0.02    5.02 ^ rst_n (in)
     1    0.00                           rst_n (net)
                  0.03    0.00    5.02 ^ input10/A (sky130_fd_sc_hd__clkbuf_2)
                  0.21    0.26    5.28 ^ input10/X (sky130_fd_sc_hd__clkbuf_2)
     5    0.02                           net10 (net)
                  0.21    0.00    5.28 ^ fanout39/A (sky130_fd_sc_hd__buf_4)
                  0.25    0.39    5.66 ^ fanout39/X (sky130_fd_sc_hd__buf_4)
    10    0.06                           net39 (net)
                  0.25    0.00    5.66 ^ _479_/RESET_B (sky130_fd_sc_hd__dfrtp_1)
                                  5.66   data arrival time

                          0.00    0.00   clock clk (rise edge)
                          0.00    0.00   clock source latency
                  0.11    0.07    0.07 ^ clk (in)
     1    0.01                           clk (net)
                  0.11    0.00    0.07 ^ clkbuf_0_clk/A (sky130_fd_sc_hd__clkbuf_16)
                  0.07    0.25    0.32 ^ clkbuf_0_clk/X (sky130_fd_sc_hd__clkbuf_16)
     2    0.02                           clknet_0_clk (net)
                  0.07    0.00    0.32 ^ clkbuf_1_1__f_clk/A (sky130_fd_sc_hd__clkbuf_16)
                  0.08    0.24    0.57 ^ clkbuf_1_1__f_clk/X (sky130_fd_sc_hd__clkbuf_16)
     7    0.03                           clknet_1_1__leaf_clk (net)
                  0.08    0.00    0.57 ^ _479_/CLK (sky130_fd_sc_hd__dfrtp_1)
                          0.25    0.82   clock uncertainty
                          0.00    0.82   clock reconvergence pessimism
                          0.72    1.53   library removal time
                                  1.53   data required time
-----------------------------------------------------------------------------
                                  1.53   data required time
                                 -5.66   data arrival time
-----------------------------------------------------------------------------
                                  4.13   slack (MET)


Startpoint: rst_n (input port clocked by clk)
Endpoint: _482_ (removal check against rising-edge clock clk)
Path Group: asynchronous
Path Type: min
Corner: Slowest

Fanout     Cap    Slew   Delay    Time   Description
-----------------------------------------------------------------------------
                          0.00    0.00   clock clk (rise edge)
                          0.00    0.00   clock network delay (propagated)
                          5.00    5.00 ^ input external delay
                  0.03    0.02    5.02 ^ rst_n (in)
     1    0.00                           rst_n (net)
                  0.03    0.00    5.02 ^ input10/A (sky130_fd_sc_hd__clkbuf_2)
                  0.21    0.26    5.28 ^ input10/X (sky130_fd_sc_hd__clkbuf_2)
     5    0.02                           net10 (net)
                  0.21    0.00    5.28 ^ fanout39/A (sky130_fd_sc_hd__buf_4)
                  0.25    0.39    5.66 ^ fanout39/X (sky130_fd_sc_hd__buf_4)
    10    0.06                           net39 (net)
                  0.25    0.00    5.67 ^ _482_/RESET_B (sky130_fd_sc_hd__dfrtp_1)
                                  5.67   data arrival time

                          0.00    0.00   clock clk (rise edge)
                          0.00    0.00   clock source latency
                  0.11    0.07    0.07 ^ clk (in)
     1    0.01                           clk (net)
                  0.11    0.00    0.07 ^ clkbuf_0_clk/A (sky130_fd_sc_hd__clkbuf_16)
                  0.07    0.25    0.32 ^ clkbuf_0_clk/X (sky130_fd_sc_hd__clkbuf_16)
     2    0.02                           clknet_0_clk (net)
                  0.07    0.00    0.32 ^ clkbuf_1_1__f_clk/A (sky130_fd_sc_hd__clkbuf_16)
                  0.08    0.24    0.57 ^ clkbuf_1_1__f_clk/X (sky130_fd_sc_hd__clkbuf_16)
     7    0.03                           clknet_1_1__leaf_clk (net)
                  0.08    0.00    0.57 ^ _482_/CLK (sky130_fd_sc_hd__dfrtp_1)
                          0.25    0.82   clock uncertainty
                          0.00    0.82   clock reconvergence pessimism
                          0.72    1.53   library removal time
                                  1.53   data required time
-----------------------------------------------------------------------------
                                  1.53   data required time
                                 -5.67   data arrival time
-----------------------------------------------------------------------------
                                  4.13   slack (MET)


Startpoint: rst_n (input port clocked by clk)
Endpoint: _483_ (removal check against rising-edge clock clk)
Path Group: asynchronous
Path Type: min
Corner: Slowest

Fanout     Cap    Slew   Delay    Time   Description
-----------------------------------------------------------------------------
                          0.00    0.00   clock clk (rise edge)
                          0.00    0.00   clock network delay (propagated)
                          5.00    5.00 ^ input external delay
                  0.03    0.02    5.02 ^ rst_n (in)
     1    0.00                           rst_n (net)
                  0.03    0.00    5.02 ^ input10/A (sky130_fd_sc_hd__clkbuf_2)
                  0.21    0.26    5.28 ^ input10/X (sky130_fd_sc_hd__clkbuf_2)
     5    0.02                           net10 (net)
                  0.21    0.00    5.28 ^ fanout39/A (sky130_fd_sc_hd__buf_4)
                  0.25    0.39    5.66 ^ fanout39/X (sky130_fd_sc_hd__buf_4)
    10    0.06                           net39 (net)
                  0.25    0.00    5.67 ^ _483_/RESET_B (sky130_fd_sc_hd__dfrtp_1)
                                  5.67   data arrival time

                          0.00    0.00   clock clk (rise edge)
                          0.00    0.00   clock source latency
                  0.11    0.07    0.07 ^ clk (in)
     1    0.01                           clk (net)
                  0.11    0.00    0.07 ^ clkbuf_0_clk/A (sky130_fd_sc_hd__clkbuf_16)
                  0.07    0.25    0.32 ^ clkbuf_0_clk/X (sky130_fd_sc_hd__clkbuf_16)
     2    0.02                           clknet_0_clk (net)
                  0.07    0.00    0.32 ^ clkbuf_1_1__f_clk/A (sky130_fd_sc_hd__clkbuf_16)
                  0.08    0.24    0.57 ^ clkbuf_1_1__f_clk/X (sky130_fd_sc_hd__clkbuf_16)
     7    0.03                           clknet_1_1__leaf_clk (net)
                  0.08    0.00    0.57 ^ _483_/CLK (sky130_fd_sc_hd__dfrtp_1)
                          0.25    0.82   clock uncertainty
                          0.00    0.82   clock reconvergence pessimism
                          0.72    1.53   library removal time
                                  1.53   data required time
-----------------------------------------------------------------------------
                                  1.53   data required time
                                 -5.67   data arrival time
-----------------------------------------------------------------------------
                                  4.13   slack (MET)


Startpoint: rst_n (input port clocked by clk)
Endpoint: _480_ (removal check against rising-edge clock clk)
Path Group: asynchronous
Path Type: min
Corner: Slowest

Fanout     Cap    Slew   Delay    Time   Description
-----------------------------------------------------------------------------
                          0.00    0.00   clock clk (rise edge)
                          0.00    0.00   clock network delay (propagated)
                          5.00    5.00 ^ input external delay
                  0.03    0.02    5.02 ^ rst_n (in)
     1    0.00                           rst_n (net)
                  0.03    0.00    5.02 ^ input10/A (sky130_fd_sc_hd__clkbuf_2)
                  0.21    0.26    5.28 ^ input10/X (sky130_fd_sc_hd__clkbuf_2)
     5    0.02                           net10 (net)
                  0.21    0.00    5.28 ^ fanout39/A (sky130_fd_sc_hd__buf_4)
                  0.25    0.39    5.66 ^ fanout39/X (sky130_fd_sc_hd__buf_4)
    10    0.06                           net39 (net)
                  0.25    0.00    5.67 ^ _480_/RESET_B (sky130_fd_sc_hd__dfrtp_1)
                                  5.67   data arrival time

                          0.00    0.00   clock clk (rise edge)
                          0.00    0.00   clock source latency
                  0.11    0.07    0.07 ^ clk (in)
     1    0.01                           clk (net)
                  0.11    0.00    0.07 ^ clkbuf_0_clk/A (sky130_fd_sc_hd__clkbuf_16)
                  0.07    0.25    0.32 ^ clkbuf_0_clk/X (sky130_fd_sc_hd__clkbuf_16)
     2    0.02                           clknet_0_clk (net)
                  0.07    0.00    0.32 ^ clkbuf_1_1__f_clk/A (sky130_fd_sc_hd__clkbuf_16)
                  0.08    0.24    0.57 ^ clkbuf_1_1__f_clk/X (sky130_fd_sc_hd__clkbuf_16)
     7    0.03                           clknet_1_1__leaf_clk (net)
                  0.08    0.00    0.57 ^ _480_/CLK (sky130_fd_sc_hd__dfrtp_1)
                          0.25    0.82   clock uncertainty
                          0.00    0.82   clock reconvergence pessimism
                          0.72    1.53   library removal time
                                  1.53   data required time
-----------------------------------------------------------------------------
                                  1.53   data required time
                                 -5.67   data arrival time
-----------------------------------------------------------------------------
                                  4.13   slack (MET)


Startpoint: rst_n (input port clocked by clk)
Endpoint: _478_ (removal check against rising-edge clock clk)
Path Group: asynchronous
Path Type: min
Corner: Slowest

Fanout     Cap    Slew   Delay    Time   Description
-----------------------------------------------------------------------------
                          0.00    0.00   clock clk (rise edge)
                          0.00    0.00   clock network delay (propagated)
                          5.00    5.00 ^ input external delay
                  0.03    0.02    5.02 ^ rst_n (in)
     1    0.00                           rst_n (net)
                  0.03    0.00    5.02 ^ input10/A (sky130_fd_sc_hd__clkbuf_2)
                  0.21    0.26    5.28 ^ input10/X (sky130_fd_sc_hd__clkbuf_2)
     5    0.02                           net10 (net)
                  0.21    0.00    5.28 ^ fanout39/A (sky130_fd_sc_hd__buf_4)
                  0.25    0.39    5.66 ^ fanout39/X (sky130_fd_sc_hd__buf_4)
    10    0.06                           net39 (net)
                  0.25    0.00    5.67 ^ _478_/RESET_B (sky130_fd_sc_hd__dfrtp_1)
                                  5.67   data arrival time

                          0.00    0.00   clock clk (rise edge)
                          0.00    0.00   clock source latency
                  0.11    0.07    0.07 ^ clk (in)
     1    0.01                           clk (net)
                  0.11    0.00    0.07 ^ clkbuf_0_clk/A (sky130_fd_sc_hd__clkbuf_16)
                  0.07    0.25    0.32 ^ clkbuf_0_clk/X (sky130_fd_sc_hd__clkbuf_16)
     2    0.02                           clknet_0_clk (net)
                  0.07    0.00    0.32 ^ clkbuf_1_1__f_clk/A (sky130_fd_sc_hd__clkbuf_16)
                  0.08    0.24    0.57 ^ clkbuf_1_1__f_clk/X (sky130_fd_sc_hd__clkbuf_16)
     7    0.03                           clknet_1_1__leaf_clk (net)
                  0.08    0.00    0.57 ^ _478_/CLK (sky130_fd_sc_hd__dfrtp_1)
                          0.25    0.82   clock uncertainty
                          0.00    0.82   clock reconvergence pessimism
                          0.72    1.53   library removal time
                                  1.53   data required time
-----------------------------------------------------------------------------
                                  1.53   data required time
                                 -5.67   data arrival time
-----------------------------------------------------------------------------
                                  4.13   slack (MET)


Startpoint: rst_n (input port clocked by clk)
Endpoint: _491_ (removal check against rising-edge clock clk)
Path Group: asynchronous
Path Type: min
Corner: Slowest

Fanout     Cap    Slew   Delay    Time   Description
-----------------------------------------------------------------------------
                          0.00    0.00   clock clk (rise edge)
                          0.00    0.00   clock network delay (propagated)
                          5.00    5.00 ^ input external delay
                  0.03    0.02    5.02 ^ rst_n (in)
     1    0.00                           rst_n (net)
                  0.03    0.00    5.02 ^ input10/A (sky130_fd_sc_hd__clkbuf_2)
                  0.21    0.26    5.28 ^ input10/X (sky130_fd_sc_hd__clkbuf_2)
     5    0.02                           net10 (net)
                  0.21    0.00    5.28 ^ fanout39/A (sky130_fd_sc_hd__buf_4)
                  0.25    0.39    5.66 ^ fanout39/X (sky130_fd_sc_hd__buf_4)
    10    0.06                           net39 (net)
                  0.25    0.00    5.67 ^ _491_/RESET_B (sky130_fd_sc_hd__dfrtp_1)
                                  5.67   data arrival time

                          0.00    0.00   clock clk (rise edge)
                          0.00    0.00   clock source latency
                  0.11    0.07    0.07 ^ clk (in)
     1    0.01                           clk (net)
                  0.11    0.00    0.07 ^ clkbuf_0_clk/A (sky130_fd_sc_hd__clkbuf_16)
                  0.07    0.25    0.32 ^ clkbuf_0_clk/X (sky130_fd_sc_hd__clkbuf_16)
     2    0.02                           clknet_0_clk (net)
                  0.07    0.00    0.32 ^ clkbuf_1_0__f_clk/A (sky130_fd_sc_hd__clkbuf_16)
                  0.07    0.24    0.56 ^ clkbuf_1_0__f_clk/X (sky130_fd_sc_hd__clkbuf_16)
     7    0.03                           clknet_1_0__leaf_clk (net)
                  0.07    0.00    0.57 ^ _491_/CLK (sky130_fd_sc_hd__dfrtp_1)
                          0.25    0.82   clock uncertainty
                          0.00    0.82   clock reconvergence pessimism
                          0.72    1.53   library removal time
                                  1.53   data required time
-----------------------------------------------------------------------------
                                  1.53   data required time
                                 -5.67   data arrival time
-----------------------------------------------------------------------------
                                  4.14   slack (MET)


Startpoint: rst_n (input port clocked by clk)
Endpoint: _489_ (removal check against rising-edge clock clk)
Path Group: asynchronous
Path Type: min
Corner: Slowest

Fanout     Cap    Slew   Delay    Time   Description
-----------------------------------------------------------------------------
                          0.00    0.00   clock clk (rise edge)
                          0.00    0.00   clock network delay (propagated)
                          5.00    5.00 ^ input external delay
                  0.03    0.02    5.02 ^ rst_n (in)
     1    0.00                           rst_n (net)
                  0.03    0.00    5.02 ^ input10/A (sky130_fd_sc_hd__clkbuf_2)
                  0.21    0.26    5.28 ^ input10/X (sky130_fd_sc_hd__clkbuf_2)
     5    0.02                           net10 (net)
                  0.21    0.00    5.28 ^ fanout39/A (sky130_fd_sc_hd__buf_4)
                  0.25    0.39    5.66 ^ fanout39/X (sky130_fd_sc_hd__buf_4)
    10    0.06                           net39 (net)
                  0.25    0.00    5.67 ^ _489_/RESET_B (sky130_fd_sc_hd__dfrtp_1)
                                  5.67   data arrival time

                          0.00    0.00   clock clk (rise edge)
                          0.00    0.00   clock source latency
                  0.11    0.07    0.07 ^ clk (in)
     1    0.01                           clk (net)
                  0.11    0.00    0.07 ^ clkbuf_0_clk/A (sky130_fd_sc_hd__clkbuf_16)
                  0.07    0.25    0.32 ^ clkbuf_0_clk/X (sky130_fd_sc_hd__clkbuf_16)
     2    0.02                           clknet_0_clk (net)
                  0.07    0.00    0.32 ^ clkbuf_1_0__f_clk/A (sky130_fd_sc_hd__clkbuf_16)
                  0.07    0.24    0.56 ^ clkbuf_1_0__f_clk/X (sky130_fd_sc_hd__clkbuf_16)
     7    0.03                           clknet_1_0__leaf_clk (net)
                  0.07    0.00    0.57 ^ _489_/CLK (sky130_fd_sc_hd__dfrtp_1)
                          0.25    0.82   clock uncertainty
                          0.00    0.82   clock reconvergence pessimism
                          0.72    1.53   library removal time
                                  1.53   data required time
-----------------------------------------------------------------------------
                                  1.53   data required time
                                 -5.67   data arrival time
-----------------------------------------------------------------------------
                                  4.14   slack (MET)


Startpoint: rst_n (input port clocked by clk)
Endpoint: _490_ (removal check against rising-edge clock clk)
Path Group: asynchronous
Path Type: min
Corner: Slowest

Fanout     Cap    Slew   Delay    Time   Description
-----------------------------------------------------------------------------
                          0.00    0.00   clock clk (rise edge)
                          0.00    0.00   clock network delay (propagated)
                          5.00    5.00 ^ input external delay
                  0.03    0.02    5.02 ^ rst_n (in)
     1    0.00                           rst_n (net)
                  0.03    0.00    5.02 ^ input10/A (sky130_fd_sc_hd__clkbuf_2)
                  0.21    0.26    5.28 ^ input10/X (sky130_fd_sc_hd__clkbuf_2)
     5    0.02                           net10 (net)
                  0.21    0.00    5.28 ^ fanout39/A (sky130_fd_sc_hd__buf_4)
                  0.25    0.39    5.66 ^ fanout39/X (sky130_fd_sc_hd__buf_4)
    10    0.06                           net39 (net)
                  0.25    0.00    5.67 ^ _490_/RESET_B (sky130_fd_sc_hd__dfrtp_1)
                                  5.67   data arrival time

                          0.00    0.00   clock clk (rise edge)
                          0.00    0.00   clock source latency
                  0.11    0.07    0.07 ^ clk (in)
     1    0.01                           clk (net)
                  0.11    0.00    0.07 ^ clkbuf_0_clk/A (sky130_fd_sc_hd__clkbuf_16)
                  0.07    0.25    0.32 ^ clkbuf_0_clk/X (sky130_fd_sc_hd__clkbuf_16)
     2    0.02                           clknet_0_clk (net)
                  0.07    0.00    0.32 ^ clkbuf_1_0__f_clk/A (sky130_fd_sc_hd__clkbuf_16)
                  0.07    0.24    0.56 ^ clkbuf_1_0__f_clk/X (sky130_fd_sc_hd__clkbuf_16)
     7    0.03                           clknet_1_0__leaf_clk (net)
                  0.07    0.00    0.57 ^ _490_/CLK (sky130_fd_sc_hd__dfrtp_1)
                          0.25    0.82   clock uncertainty
                          0.00    0.82   clock reconvergence pessimism
                          0.72    1.53   library removal time
                                  1.53   data required time
-----------------------------------------------------------------------------
                                  1.53   data required time
                                 -5.67   data arrival time
-----------------------------------------------------------------------------
                                  4.14   slack (MET)


Startpoint: rst_n (input port clocked by clk)
Endpoint: _484_ (removal check against rising-edge clock clk)
Path Group: asynchronous
Path Type: min
Corner: Slowest

Fanout     Cap    Slew   Delay    Time   Description
-----------------------------------------------------------------------------
                          0.00    0.00   clock clk (rise edge)
                          0.00    0.00   clock network delay (propagated)
                          5.00    5.00 ^ input external delay
                  0.03    0.02    5.02 ^ rst_n (in)
     1    0.00                           rst_n (net)
                  0.03    0.00    5.02 ^ input10/A (sky130_fd_sc_hd__clkbuf_2)
                  0.21    0.26    5.28 ^ input10/X (sky130_fd_sc_hd__clkbuf_2)
     5    0.02                           net10 (net)
                  0.21    0.00    5.28 ^ fanout39/A (sky130_fd_sc_hd__buf_4)
                  0.25    0.39    5.66 ^ fanout39/X (sky130_fd_sc_hd__buf_4)
    10    0.06                           net39 (net)
                  0.25    0.00    5.67 ^ _484_/RESET_B (sky130_fd_sc_hd__dfrtp_1)
                                  5.67   data arrival time

                          0.00    0.00   clock clk (rise edge)
                          0.00    0.00   clock source latency
                  0.11    0.07    0.07 ^ clk (in)
     1    0.01                           clk (net)
                  0.11    0.00    0.07 ^ clkbuf_0_clk/A (sky130_fd_sc_hd__clkbuf_16)
                  0.07    0.25    0.32 ^ clkbuf_0_clk/X (sky130_fd_sc_hd__clkbuf_16)
     2    0.02                           clknet_0_clk (net)
                  0.07    0.00    0.32 ^ clkbuf_1_0__f_clk/A (sky130_fd_sc_hd__clkbuf_16)
                  0.07    0.24    0.56 ^ clkbuf_1_0__f_clk/X (sky130_fd_sc_hd__clkbuf_16)
     7    0.03                           clknet_1_0__leaf_clk (net)
                  0.07    0.00    0.57 ^ _484_/CLK (sky130_fd_sc_hd__dfrtp_1)
                          0.25    0.82   clock uncertainty
                          0.00    0.82   clock reconvergence pessimism
                          0.72    1.53   library removal time
                                  1.53   data required time
-----------------------------------------------------------------------------
                                  1.53   data required time
                                 -5.67   data arrival time
-----------------------------------------------------------------------------
                                  4.14   slack (MET)


Startpoint: valid_in (input port clocked by clk)
Endpoint: _479_ (rising edge-triggered flip-flop clocked by clk)
Path Group: clk
Path Type: min
Corner: Slowest

Fanout     Cap    Slew   Delay    Time   Description
-----------------------------------------------------------------------------
                          0.00    0.00   clock clk (rise edge)
                          0.00    0.00   clock network delay (propagated)
                          5.00    5.00 v input external delay
                  0.02    0.01    5.01 v valid_in (in)
     1    0.00                           valid_in (net)
                  0.02    0.00    5.01 v input23/A (sky130_fd_sc_hd__buf_1)
                  0.22    0.26    5.27 v input23/X (sky130_fd_sc_hd__buf_1)
     2    0.02                           net23 (net)
                  0.22    0.00    5.27 v _479_/D (sky130_fd_sc_hd__dfrtp_1)
                                  5.27   data arrival time

                          0.00    0.00   clock clk (rise edge)
                          0.00    0.00   clock source latency
                  0.11    0.07    0.07 ^ clk (in)
     1    0.01                           clk (net)
                  0.11    0.00    0.07 ^ clkbuf_0_clk/A (sky130_fd_sc_hd__clkbuf_16)
                  0.07    0.25    0.32 ^ clkbuf_0_clk/X (sky130_fd_sc_hd__clkbuf_16)
     2    0.02                           clknet_0_clk (net)
                  0.07    0.00    0.32 ^ clkbuf_1_1__f_clk/A (sky130_fd_sc_hd__clkbuf_16)
                  0.08    0.24    0.57 ^ clkbuf_1_1__f_clk/X (sky130_fd_sc_hd__clkbuf_16)
     7    0.03                           clknet_1_1__leaf_clk (net)
                  0.08    0.00    0.57 ^ _479_/CLK (sky130_fd_sc_hd__dfrtp_1)
                          0.25    0.82   clock uncertainty
                          0.00    0.82   clock reconvergence pessimism
                         -0.15    0.67   library hold time
                                  0.67   data required time
-----------------------------------------------------------------------------
                                  0.67   data required time
                                 -5.27   data arrival time
-----------------------------------------------------------------------------
                                  4.60   slack (MET)


Startpoint: _479_ (rising edge-triggered flip-flop clocked by clk)
Endpoint: valid_out (output port clocked by clk)
Path Group: clk
Path Type: min
Corner: Slowest

Fanout     Cap    Slew   Delay    Time   Description
-----------------------------------------------------------------------------
                          0.00    0.00   clock clk (rise edge)
                          0.00    0.00   clock source latency
                  0.11    0.07    0.07 ^ clk (in)
     1    0.01                           clk (net)
                  0.11    0.00    0.07 ^ clkbuf_0_clk/A (sky130_fd_sc_hd__clkbuf_16)
                  0.07    0.23    0.29 ^ clkbuf_0_clk/X (sky130_fd_sc_hd__clkbuf_16)
     2    0.02                           clknet_0_clk (net)
                  0.07    0.00    0.29 ^ clkbuf_1_1__f_clk/A (sky130_fd_sc_hd__clkbuf_16)
                  0.08    0.22    0.51 ^ clkbuf_1_1__f_clk/X (sky130_fd_sc_hd__clkbuf_16)
     7    0.03                           clknet_1_1__leaf_clk (net)
                  0.08    0.00    0.51 ^ _479_/CLK (sky130_fd_sc_hd__dfrtp_1)
                  0.09    0.62    1.13 ^ _479_/Q (sky130_fd_sc_hd__dfrtp_1)
     1    0.00                           net37 (net)
                  0.09    0.00    1.13 ^ output37/A (sky130_fd_sc_hd__clkbuf_4)
                  0.18    0.32    1.45 ^ output37/X (sky130_fd_sc_hd__clkbuf_4)
     1    0.03                           valid_out (net)
                  0.18    0.00    1.45 ^ valid_out (out)
                                  1.45   data arrival time

                          0.00    0.00   clock clk (rise edge)
                          0.00    0.00   clock network delay (propagated)
                          0.25    0.25   clock uncertainty
                          0.00    0.25   clock reconvergence pessimism
                         -5.00   -4.75   output external delay
                                 -4.75   data required time
-----------------------------------------------------------------------------
                                 -4.75   data required time
                                 -1.45   data arrival time
-----------------------------------------------------------------------------
                                  6.20   slack (MET)


Startpoint: _480_ (rising edge-triggered flip-flop clocked by clk)
Endpoint: int4_out[0] (output port clocked by clk)
Path Group: clk
Path Type: min
Corner: Slowest

Fanout     Cap    Slew   Delay    Time   Description
-----------------------------------------------------------------------------
                          0.00    0.00   clock clk (rise edge)
                          0.00    0.00   clock source latency
                  0.11    0.07    0.07 ^ clk (in)
     1    0.01                           clk (net)
                  0.11    0.00    0.07 ^ clkbuf_0_clk/A (sky130_fd_sc_hd__clkbuf_16)
                  0.07    0.23    0.29 ^ clkbuf_0_clk/X (sky130_fd_sc_hd__clkbuf_16)
     2    0.02                           clknet_0_clk (net)
                  0.07    0.00    0.29 ^ clkbuf_1_1__f_clk/A (sky130_fd_sc_hd__clkbuf_16)
                  0.08    0.22    0.51 ^ clkbuf_1_1__f_clk/X (sky130_fd_sc_hd__clkbuf_16)
     7    0.03                           clknet_1_1__leaf_clk (net)
                  0.08    0.00    0.51 ^ _480_/CLK (sky130_fd_sc_hd__dfrtp_1)
                  0.10    0.63    1.14 ^ _480_/Q (sky130_fd_sc_hd__dfrtp_1)
     2    0.00                           net24 (net)
                  0.10    0.00    1.14 ^ output24/A (sky130_fd_sc_hd__clkbuf_4)
                  0.18    0.32    1.46 ^ output24/X (sky130_fd_sc_hd__clkbuf_4)
     1    0.03                           int4_out[0] (net)
                  0.18    0.00    1.46 ^ int4_out[0] (out)
                                  1.46   data arrival time

                          0.00    0.00   clock clk (rise edge)
                          0.00    0.00   clock network delay (propagated)
                          0.25    0.25   clock uncertainty
                          0.00    0.25   clock reconvergence pessimism
                         -5.00   -4.75   output external delay
                                 -4.75   data required time
-----------------------------------------------------------------------------
                                 -4.75   data required time
                                 -1.46   data arrival time
-----------------------------------------------------------------------------
                                  6.21   slack (MET)


Startpoint: _478_ (rising edge-triggered flip-flop clocked by clk)
Endpoint: is_outlier (output port clocked by clk)
Path Group: clk
Path Type: min
Corner: Slowest

Fanout     Cap    Slew   Delay    Time   Description
-----------------------------------------------------------------------------
                          0.00    0.00   clock clk (rise edge)
                          0.00    0.00   clock source latency
                  0.11    0.07    0.07 ^ clk (in)
     1    0.01                           clk (net)
                  0.11    0.00    0.07 ^ clkbuf_0_clk/A (sky130_fd_sc_hd__clkbuf_16)
                  0.07    0.23    0.29 ^ clkbuf_0_clk/X (sky130_fd_sc_hd__clkbuf_16)
     2    0.02                           clknet_0_clk (net)
                  0.07    0.00    0.29 ^ clkbuf_1_1__f_clk/A (sky130_fd_sc_hd__clkbuf_16)
                  0.08    0.22    0.51 ^ clkbuf_1_1__f_clk/X (sky130_fd_sc_hd__clkbuf_16)
     7    0.03                           clknet_1_1__leaf_clk (net)
                  0.08    0.00    0.51 ^ _478_/CLK (sky130_fd_sc_hd__dfrtp_1)
                  0.10    0.63    1.14 ^ _478_/Q (sky130_fd_sc_hd__dfrtp_1)
     2    0.00                           net28 (net)
                  0.10    0.00    1.14 ^ output28/A (sky130_fd_sc_hd__clkbuf_4)
                  0.18    0.33    1.47 ^ output28/X (sky130_fd_sc_hd__clkbuf_4)
     1    0.03                           is_outlier (net)
                  0.18    0.00    1.47 ^ is_outlier (out)
                                  1.47   data arrival time

                          0.00    0.00   clock clk (rise edge)
                          0.00    0.00   clock network delay (propagated)
                          0.25    0.25   clock uncertainty
                          0.00    0.25   clock reconvergence pessimism
                         -5.00   -4.75   output external delay
                                 -4.75   data required time
-----------------------------------------------------------------------------
                                 -4.75   data required time
                                 -1.47   data arrival time
-----------------------------------------------------------------------------
                                  6.22   slack (MET)


Startpoint: _491_ (rising edge-triggered flip-flop clocked by clk)
Endpoint: sideband_out[7] (output port clocked by clk)
Path Group: clk
Path Type: min
Corner: Slowest

Fanout     Cap    Slew   Delay    Time   Description
-----------------------------------------------------------------------------
                          0.00    0.00   clock clk (rise edge)
                          0.00    0.00   clock source latency
                  0.11    0.07    0.07 ^ clk (in)
     1    0.01                           clk (net)
                  0.11    0.00    0.07 ^ clkbuf_0_clk/A (sky130_fd_sc_hd__clkbuf_16)
                  0.07    0.23    0.29 ^ clkbuf_0_clk/X (sky130_fd_sc_hd__clkbuf_16)
     2    0.02                           clknet_0_clk (net)
                  0.07    0.00    0.29 ^ clkbuf_1_0__f_clk/A (sky130_fd_sc_hd__clkbuf_16)
                  0.07    0.22    0.51 ^ clkbuf_1_0__f_clk/X (sky130_fd_sc_hd__clkbuf_16)
     7    0.03                           clknet_1_0__leaf_clk (net)
                  0.07    0.00    0.51 ^ _491_/CLK (sky130_fd_sc_hd__dfrtp_1)
                  0.11    0.63    1.14 ^ _491_/Q (sky130_fd_sc_hd__dfrtp_1)
     2    0.01                           net36 (net)
                  0.11    0.00    1.14 ^ output36/A (sky130_fd_sc_hd__clkbuf_4)
                  0.18    0.33    1.47 ^ output36/X (sky130_fd_sc_hd__clkbuf_4)
     1    0.03                           sideband_out[7] (net)
                  0.18    0.00    1.47 ^ sideband_out[7] (out)
                                  1.47   data arrival time

                          0.00    0.00   clock clk (rise edge)
                          0.00    0.00   clock network delay (propagated)
                          0.25    0.25   clock uncertainty
                          0.00    0.25   clock reconvergence pessimism
                         -5.00   -4.75   output external delay
                                 -4.75   data required time
-----------------------------------------------------------------------------
                                 -4.75   data required time
                                 -1.47   data arrival time
-----------------------------------------------------------------------------
                                  6.22   slack (MET)


Startpoint: _481_ (rising edge-triggered flip-flop clocked by clk)
Endpoint: int4_out[1] (output port clocked by clk)
Path Group: clk
Path Type: min
Corner: Slowest

Fanout     Cap    Slew   Delay    Time   Description
-----------------------------------------------------------------------------
                          0.00    0.00   clock clk (rise edge)
                          0.00    0.00   clock source latency
                  0.11    0.07    0.07 ^ clk (in)
     1    0.01                           clk (net)
                  0.11    0.00    0.07 ^ clkbuf_0_clk/A (sky130_fd_sc_hd__clkbuf_16)
                  0.07    0.23    0.29 ^ clkbuf_0_clk/X (sky130_fd_sc_hd__clkbuf_16)
     2    0.02                           clknet_0_clk (net)
                  0.07    0.00    0.29 ^ clkbuf_1_1__f_clk/A (sky130_fd_sc_hd__clkbuf_16)
                  0.08    0.22    0.51 ^ clkbuf_1_1__f_clk/X (sky130_fd_sc_hd__clkbuf_16)
     7    0.03                           clknet_1_1__leaf_clk (net)
                  0.08    0.00    0.51 ^ _481_/CLK (sky130_fd_sc_hd__dfrtp_1)
                  0.11    0.64    1.15 ^ _481_/Q (sky130_fd_sc_hd__dfrtp_1)
     2    0.01                           net25 (net)
                  0.11    0.00    1.15 ^ output25/A (sky130_fd_sc_hd__clkbuf_4)
                  0.18    0.33    1.48 ^ output25/X (sky130_fd_sc_hd__clkbuf_4)
     1    0.03                           int4_out[1] (net)
                  0.18    0.00    1.48 ^ int4_out[1] (out)
                                  1.48   data arrival time

                          0.00    0.00   clock clk (rise edge)
                          0.00    0.00   clock network delay (propagated)
                          0.25    0.25   clock uncertainty
                          0.00    0.25   clock reconvergence pessimism
                         -5.00   -4.75   output external delay
                                 -4.75   data required time
-----------------------------------------------------------------------------
                                 -4.75   data required time
                                 -1.48   data arrival time
-----------------------------------------------------------------------------
                                  6.23   slack (MET)


Startpoint: _484_ (rising edge-triggered flip-flop clocked by clk)
Endpoint: sideband_out[0] (output port clocked by clk)
Path Group: clk
Path Type: min
Corner: Slowest

Fanout     Cap    Slew   Delay    Time   Description
-----------------------------------------------------------------------------
                          0.00    0.00   clock clk (rise edge)
                          0.00    0.00   clock source latency
                  0.11    0.07    0.07 ^ clk (in)
     1    0.01                           clk (net)
                  0.11    0.00    0.07 ^ clkbuf_0_clk/A (sky130_fd_sc_hd__clkbuf_16)
                  0.07    0.23    0.29 ^ clkbuf_0_clk/X (sky130_fd_sc_hd__clkbuf_16)
     2    0.02                           clknet_0_clk (net)
                  0.07    0.00    0.29 ^ clkbuf_1_0__f_clk/A (sky130_fd_sc_hd__clkbuf_16)
                  0.07    0.22    0.51 ^ clkbuf_1_0__f_clk/X (sky130_fd_sc_hd__clkbuf_16)
     7    0.03                           clknet_1_0__leaf_clk (net)
                  0.07    0.00    0.51 ^ _484_/CLK (sky130_fd_sc_hd__dfrtp_1)
                  0.11    0.64    1.15 ^ _484_/Q (sky130_fd_sc_hd__dfrtp_1)
     2    0.01                           net29 (net)
                  0.11    0.00    1.15 ^ output29/A (sky130_fd_sc_hd__clkbuf_4)
                  0.18    0.33    1.48 ^ output29/X (sky130_fd_sc_hd__clkbuf_4)
     1    0.03                           sideband_out[0] (net)
                  0.18    0.00    1.48 ^ sideband_out[0] (out)
                                  1.48   data arrival time

                          0.00    0.00   clock clk (rise edge)
                          0.00    0.00   clock network delay (propagated)
                          0.25    0.25   clock uncertainty
                          0.00    0.25   clock reconvergence pessimism
                         -5.00   -4.75   output external delay
                                 -4.75   data required time
-----------------------------------------------------------------------------
                                 -4.75   data required time
                                 -1.48   data arrival time
-----------------------------------------------------------------------------
                                  6.23   slack (MET)


Startpoint: _483_ (rising edge-triggered flip-flop clocked by clk)
Endpoint: int4_out[3] (output port clocked by clk)
Path Group: clk
Path Type: min
Corner: Slowest

Fanout     Cap    Slew   Delay    Time   Description
-----------------------------------------------------------------------------
                          0.00    0.00   clock clk (rise edge)
                          0.00    0.00   clock source latency
                  0.11    0.07    0.07 ^ clk (in)
     1    0.01                           clk (net)
                  0.11    0.00    0.07 ^ clkbuf_0_clk/A (sky130_fd_sc_hd__clkbuf_16)
                  0.07    0.23    0.29 ^ clkbuf_0_clk/X (sky130_fd_sc_hd__clkbuf_16)
     2    0.02                           clknet_0_clk (net)
                  0.07    0.00    0.29 ^ clkbuf_1_1__f_clk/A (sky130_fd_sc_hd__clkbuf_16)
                  0.08    0.22    0.51 ^ clkbuf_1_1__f_clk/X (sky130_fd_sc_hd__clkbuf_16)
     7    0.03                           clknet_1_1__leaf_clk (net)
                  0.08    0.00    0.51 ^ _483_/CLK (sky130_fd_sc_hd__dfrtp_1)
                  0.11    0.64    1.15 ^ _483_/Q (sky130_fd_sc_hd__dfrtp_1)
     2    0.01                           net27 (net)
                  0.11    0.00    1.15 ^ output27/A (sky130_fd_sc_hd__clkbuf_4)
                  0.18    0.33    1.48 ^ output27/X (sky130_fd_sc_hd__clkbuf_4)
     1    0.03                           int4_out[3] (net)
                  0.18    0.00    1.48 ^ int4_out[3] (out)
                                  1.48   data arrival time

                          0.00    0.00   clock clk (rise edge)
                          0.00    0.00   clock network delay (propagated)
                          0.25    0.25   clock uncertainty
                          0.00    0.25   clock reconvergence pessimism
                         -5.00   -4.75   output external delay
                                 -4.75   data required time
-----------------------------------------------------------------------------
                                 -4.75   data required time
                                 -1.48   data arrival time
-----------------------------------------------------------------------------
                                  6.23   slack (MET)


Startpoint: _482_ (rising edge-triggered flip-flop clocked by clk)
Endpoint: int4_out[2] (output port clocked by clk)
Path Group: clk
Path Type: min
Corner: Slowest

Fanout     Cap    Slew   Delay    Time   Description
-----------------------------------------------------------------------------
                          0.00    0.00   clock clk (rise edge)
                          0.00    0.00   clock source latency
                  0.11    0.07    0.07 ^ clk (in)
     1    0.01                           clk (net)
                  0.11    0.00    0.07 ^ clkbuf_0_clk/A (sky130_fd_sc_hd__clkbuf_16)
                  0.07    0.23    0.29 ^ clkbuf_0_clk/X (sky130_fd_sc_hd__clkbuf_16)
     2    0.02                           clknet_0_clk (net)
                  0.07    0.00    0.29 ^ clkbuf_1_1__f_clk/A (sky130_fd_sc_hd__clkbuf_16)
                  0.08    0.22    0.51 ^ clkbuf_1_1__f_clk/X (sky130_fd_sc_hd__clkbuf_16)
     7    0.03                           clknet_1_1__leaf_clk (net)
                  0.08    0.00    0.51 ^ _482_/CLK (sky130_fd_sc_hd__dfrtp_1)
                  0.12    0.65    1.16 ^ _482_/Q (sky130_fd_sc_hd__dfrtp_1)
     2    0.01                           net26 (net)
                  0.12    0.00    1.16 ^ output26/A (sky130_fd_sc_hd__clkbuf_4)
                  0.18    0.33    1.49 ^ output26/X (sky130_fd_sc_hd__clkbuf_4)
     1    0.03                           int4_out[2] (net)
                  0.18    0.00    1.49 ^ int4_out[2] (out)
                                  1.49   data arrival time

                          0.00    0.00   clock clk (rise edge)
                          0.00    0.00   clock network delay (propagated)
                          0.25    0.25   clock uncertainty
                          0.00    0.25   clock reconvergence pessimism
                         -5.00   -4.75   output external delay
                                 -4.75   data required time
-----------------------------------------------------------------------------
                                 -4.75   data required time
                                 -1.49   data arrival time
-----------------------------------------------------------------------------
                                  6.24   slack (MET)


Startpoint: _488_ (rising edge-triggered flip-flop clocked by clk)
Endpoint: sideband_out[4] (output port clocked by clk)
Path Group: clk
Path Type: min
Corner: Slowest

Fanout     Cap    Slew   Delay    Time   Description
-----------------------------------------------------------------------------
                          0.00    0.00   clock clk (rise edge)
                          0.00    0.00   clock source latency
                  0.11    0.07    0.07 ^ clk (in)
     1    0.01                           clk (net)
                  0.11    0.00    0.07 ^ clkbuf_0_clk/A (sky130_fd_sc_hd__clkbuf_16)
                  0.07    0.23    0.29 ^ clkbuf_0_clk/X (sky130_fd_sc_hd__clkbuf_16)
     2    0.02                           clknet_0_clk (net)
                  0.07    0.00    0.29 ^ clkbuf_1_0__f_clk/A (sky130_fd_sc_hd__clkbuf_16)
                  0.07    0.22    0.51 ^ clkbuf_1_0__f_clk/X (sky130_fd_sc_hd__clkbuf_16)
     7    0.03                           clknet_1_0__leaf_clk (net)
                  0.07    0.00    0.51 ^ _488_/CLK (sky130_fd_sc_hd__dfrtp_1)
                  0.11    0.64    1.15 ^ _488_/Q (sky130_fd_sc_hd__dfrtp_1)
     2    0.01                           net33 (net)
                  0.11    0.00    1.15 ^ output33/A (sky130_fd_sc_hd__buf_2)
                  0.27    0.34    1.50 ^ output33/X (sky130_fd_sc_hd__buf_2)
     1    0.03                           sideband_out[4] (net)
                  0.27    0.00    1.50 ^ sideband_out[4] (out)
                                  1.50   data arrival time

                          0.00    0.00   clock clk (rise edge)
                          0.00    0.00   clock network delay (propagated)
                          0.25    0.25   clock uncertainty
                          0.00    0.25   clock reconvergence pessimism
                         -5.00   -4.75   output external delay
                                 -4.75   data required time
-----------------------------------------------------------------------------
                                 -4.75   data required time
                                 -1.50   data arrival time
-----------------------------------------------------------------------------
                                  6.25   slack (MET)


Startpoint: _490_ (rising edge-triggered flip-flop clocked by clk)
Endpoint: sideband_out[6] (output port clocked by clk)
Path Group: clk
Path Type: min
Corner: Slowest

Fanout     Cap    Slew   Delay    Time   Description
-----------------------------------------------------------------------------
                          0.00    0.00   clock clk (rise edge)
                          0.00    0.00   clock source latency
                  0.11    0.07    0.07 ^ clk (in)
     1    0.01                           clk (net)
                  0.11    0.00    0.07 ^ clkbuf_0_clk/A (sky130_fd_sc_hd__clkbuf_16)
                  0.07    0.23    0.29 ^ clkbuf_0_clk/X (sky130_fd_sc_hd__clkbuf_16)
     2    0.02                           clknet_0_clk (net)
                  0.07    0.00    0.29 ^ clkbuf_1_0__f_clk/A (sky130_fd_sc_hd__clkbuf_16)
                  0.07    0.22    0.51 ^ clkbuf_1_0__f_clk/X (sky130_fd_sc_hd__clkbuf_16)
     7    0.03                           clknet_1_0__leaf_clk (net)
                  0.07    0.00    0.51 ^ _490_/CLK (sky130_fd_sc_hd__dfrtp_1)
                  0.12    0.65    1.16 ^ _490_/Q (sky130_fd_sc_hd__dfrtp_1)
     2    0.01                           net35 (net)
                  0.12    0.00    1.16 ^ output35/A (sky130_fd_sc_hd__clkbuf_4)
                  0.18    0.34    1.50 ^ output35/X (sky130_fd_sc_hd__clkbuf_4)
     1    0.03                           sideband_out[6] (net)
                  0.18    0.00    1.50 ^ sideband_out[6] (out)
                                  1.50   data arrival time

                          0.00    0.00   clock clk (rise edge)
                          0.00    0.00   clock network delay (propagated)
                          0.25    0.25   clock uncertainty
                          0.00    0.25   clock reconvergence pessimism
                         -5.00   -4.75   output external delay
                                 -4.75   data required time
-----------------------------------------------------------------------------
                                 -4.75   data required time
                                 -1.50   data arrival time
-----------------------------------------------------------------------------
                                  6.25   slack (MET)


Startpoint: _486_ (rising edge-triggered flip-flop clocked by clk)
Endpoint: sideband_out[2] (output port clocked by clk)
Path Group: clk
Path Type: min
Corner: Slowest

Fanout     Cap    Slew   Delay    Time   Description
-----------------------------------------------------------------------------
                          0.00    0.00   clock clk (rise edge)
                          0.00    0.00   clock source latency
                  0.11    0.07    0.07 ^ clk (in)
     1    0.01                           clk (net)
                  0.11    0.00    0.07 ^ clkbuf_0_clk/A (sky130_fd_sc_hd__clkbuf_16)
                  0.07    0.23    0.29 ^ clkbuf_0_clk/X (sky130_fd_sc_hd__clkbuf_16)
     2    0.02                           clknet_0_clk (net)
                  0.07    0.00    0.29 ^ clkbuf_1_0__f_clk/A (sky130_fd_sc_hd__clkbuf_16)
                  0.07    0.22    0.51 ^ clkbuf_1_0__f_clk/X (sky130_fd_sc_hd__clkbuf_16)
     7    0.03                           clknet_1_0__leaf_clk (net)
                  0.07    0.00    0.51 ^ _486_/CLK (sky130_fd_sc_hd__dfrtp_1)
                  0.12    0.65    1.16 ^ _486_/Q (sky130_fd_sc_hd__dfrtp_1)
     2    0.01                           net31 (net)
                  0.12    0.00    1.16 ^ output31/A (sky130_fd_sc_hd__clkbuf_4)
                  0.18    0.34    1.50 ^ output31/X (sky130_fd_sc_hd__clkbuf_4)
     1    0.03                           sideband_out[2] (net)
                  0.18    0.00    1.50 ^ sideband_out[2] (out)
                                  1.50   data arrival time

                          0.00    0.00   clock clk (rise edge)
                          0.00    0.00   clock network delay (propagated)
                          0.25    0.25   clock uncertainty
                          0.00    0.25   clock reconvergence pessimism
                         -5.00   -4.75   output external delay
                                 -4.75   data required time
-----------------------------------------------------------------------------
                                 -4.75   data required time
                                 -1.50   data arrival time
-----------------------------------------------------------------------------
                                  6.25   slack (MET)


Startpoint: _485_ (rising edge-triggered flip-flop clocked by clk)
Endpoint: sideband_out[1] (output port clocked by clk)
Path Group: clk
Path Type: min
Corner: Slowest

Fanout     Cap    Slew   Delay    Time   Description
-----------------------------------------------------------------------------
                          0.00    0.00   clock clk (rise edge)
                          0.00    0.00   clock source latency
                  0.11    0.07    0.07 ^ clk (in)
     1    0.01                           clk (net)
                  0.11    0.00    0.07 ^ clkbuf_0_clk/A (sky130_fd_sc_hd__clkbuf_16)
                  0.07    0.23    0.29 ^ clkbuf_0_clk/X (sky130_fd_sc_hd__clkbuf_16)
     2    0.02                           clknet_0_clk (net)
                  0.07    0.00    0.29 ^ clkbuf_1_0__f_clk/A (sky130_fd_sc_hd__clkbuf_16)
                  0.07    0.22    0.51 ^ clkbuf_1_0__f_clk/X (sky130_fd_sc_hd__clkbuf_16)
     7    0.03                           clknet_1_0__leaf_clk (net)
                  0.07    0.00    0.51 ^ _485_/CLK (sky130_fd_sc_hd__dfrtp_1)
                  0.12    0.64    1.15 ^ _485_/Q (sky130_fd_sc_hd__dfrtp_1)
     2    0.01                           net30 (net)
                  0.12    0.00    1.15 ^ output30/A (sky130_fd_sc_hd__buf_2)
                  0.27    0.35    1.50 ^ output30/X (sky130_fd_sc_hd__buf_2)
     1    0.03                           sideband_out[1] (net)
                  0.27    0.00    1.50 ^ sideband_out[1] (out)
                                  1.50   data arrival time

                          0.00    0.00   clock clk (rise edge)
                          0.00    0.00   clock network delay (propagated)
                          0.25    0.25   clock uncertainty
                          0.00    0.25   clock reconvergence pessimism
                         -5.00   -4.75   output external delay
                                 -4.75   data required time
-----------------------------------------------------------------------------
                                 -4.75   data required time
                                 -1.50   data arrival time
-----------------------------------------------------------------------------
                                  6.25   slack (MET)


Startpoint: _489_ (rising edge-triggered flip-flop clocked by clk)
Endpoint: sideband_out[5] (output port clocked by clk)
Path Group: clk
Path Type: min
Corner: Slowest

Fanout     Cap    Slew   Delay    Time   Description
-----------------------------------------------------------------------------
                          0.00    0.00   clock clk (rise edge)
                          0.00    0.00   clock source latency
                  0.11    0.07    0.07 ^ clk (in)
     1    0.01                           clk (net)
                  0.11    0.00    0.07 ^ clkbuf_0_clk/A (sky130_fd_sc_hd__clkbuf_16)
                  0.07    0.23    0.29 ^ clkbuf_0_clk/X (sky130_fd_sc_hd__clkbuf_16)
     2    0.02                           clknet_0_clk (net)
                  0.07    0.00    0.29 ^ clkbuf_1_0__f_clk/A (sky130_fd_sc_hd__clkbuf_16)
                  0.07    0.22    0.51 ^ clkbuf_1_0__f_clk/X (sky130_fd_sc_hd__clkbuf_16)
     7    0.03                           clknet_1_0__leaf_clk (net)
                  0.07    0.00    0.51 ^ _489_/CLK (sky130_fd_sc_hd__dfrtp_1)
                  0.14    0.66    1.17 ^ _489_/Q (sky130_fd_sc_hd__dfrtp_1)
     2    0.01                           net34 (net)
                  0.14    0.00    1.17 ^ output34/A (sky130_fd_sc_hd__clkbuf_4)
                  0.18    0.34    1.51 ^ output34/X (sky130_fd_sc_hd__clkbuf_4)
     1    0.03                           sideband_out[5] (net)
                  0.18    0.00    1.51 ^ sideband_out[5] (out)
                                  1.51   data arrival time

                          0.00    0.00   clock clk (rise edge)
                          0.00    0.00   clock network delay (propagated)
                          0.25    0.25   clock uncertainty
                          0.00    0.25   clock reconvergence pessimism
                         -5.00   -4.75   output external delay
                                 -4.75   data required time
-----------------------------------------------------------------------------
                                 -4.75   data required time
                                 -1.51   data arrival time
-----------------------------------------------------------------------------
                                  6.26   slack (MET)


Startpoint: _487_ (rising edge-triggered flip-flop clocked by clk)
Endpoint: sideband_out[3] (output port clocked by clk)
Path Group: clk
Path Type: min
Corner: Slowest

Fanout     Cap    Slew   Delay    Time   Description
-----------------------------------------------------------------------------
                          0.00    0.00   clock clk (rise edge)
                          0.00    0.00   clock source latency
                  0.11    0.07    0.07 ^ clk (in)
     1    0.01                           clk (net)
                  0.11    0.00    0.07 ^ clkbuf_0_clk/A (sky130_fd_sc_hd__clkbuf_16)
                  0.07    0.23    0.29 ^ clkbuf_0_clk/X (sky130_fd_sc_hd__clkbuf_16)
     2    0.02                           clknet_0_clk (net)
                  0.07    0.00    0.29 ^ clkbuf_1_1__f_clk/A (sky130_fd_sc_hd__clkbuf_16)
                  0.08    0.22    0.51 ^ clkbuf_1_1__f_clk/X (sky130_fd_sc_hd__clkbuf_16)
     7    0.03                           clknet_1_1__leaf_clk (net)
                  0.08    0.00    0.51 ^ _487_/CLK (sky130_fd_sc_hd__dfrtp_1)
                  0.17    0.69    1.20 ^ _487_/Q (sky130_fd_sc_hd__dfrtp_1)
     2    0.01                           net32 (net)
                  0.17    0.00    1.20 ^ output32/A (sky130_fd_sc_hd__clkbuf_4)
                  0.18    0.36    1.56 ^ output32/X (sky130_fd_sc_hd__clkbuf_4)
     1    0.03                           sideband_out[3] (net)
                  0.18    0.00    1.56 ^ sideband_out[3] (out)
                                  1.56   data arrival time

                          0.00    0.00   clock clk (rise edge)
                          0.00    0.00   clock network delay (propagated)
                          0.25    0.25   clock uncertainty
                          0.00    0.25   clock reconvergence pessimism
                         -5.00   -4.75   output external delay
                                 -4.75   data required time
-----------------------------------------------------------------------------
                                 -4.75   data required time
                                 -1.56   data arrival time
-----------------------------------------------------------------------------
                                  6.31   slack (MET)



======================= Typical Corner ===================================

Startpoint: _487_ (rising edge-triggered flip-flop clocked by clk)
Endpoint: _487_ (rising edge-triggered flip-flop clocked by clk)
Path Group: clk
Path Type: min
Corner: Typical

Fanout     Cap    Slew   Delay    Time   Description
-----------------------------------------------------------------------------
                          0.00    0.00   clock clk (rise edge)
                          0.00    0.00   clock source latency
                  0.07    0.04    0.04 ^ clk (in)
     1    0.01                           clk (net)
                  0.07    0.00    0.04 ^ clkbuf_0_clk/A (sky130_fd_sc_hd__clkbuf_16)
                  0.04    0.13    0.17 ^ clkbuf_0_clk/X (sky130_fd_sc_hd__clkbuf_16)
     2    0.02                           clknet_0_clk (net)
                  0.04    0.00    0.17 ^ clkbuf_1_1__f_clk/A (sky130_fd_sc_hd__clkbuf_16)
                  0.05    0.13    0.30 ^ clkbuf_1_1__f_clk/X (sky130_fd_sc_hd__clkbuf_16)
     7    0.03                           clknet_1_1__leaf_clk (net)
                  0.05    0.00    0.30 ^ _487_/CLK (sky130_fd_sc_hd__dfrtp_1)
                  0.10    0.35    0.65 ^ _487_/Q (sky130_fd_sc_hd__dfrtp_1)
     2    0.01                           net32 (net)
                  0.10    0.00    0.65 ^ _468_/B (sky130_fd_sc_hd__and2_1)
                  0.04    0.12    0.77 ^ _468_/X (sky130_fd_sc_hd__and2_1)
     1    0.00                           _184_ (net)
                  0.04    0.00    0.77 ^ _469_/B1 (sky130_fd_sc_hd__a31o_1)
                  0.04    0.08    0.85 ^ _469_/X (sky130_fd_sc_hd__a31o_1)
     1    0.00                           _008_ (net)
                  0.04    0.00    0.85 ^ _487_/D (sky130_fd_sc_hd__dfrtp_1)
                                  0.85   data arrival time

                          0.00    0.00   clock clk (rise edge)
                          0.00    0.00   clock source latency
                  0.07    0.05    0.05 ^ clk (in)
     1    0.01                           clk (net)
                  0.07    0.00    0.05 ^ clkbuf_0_clk/A (sky130_fd_sc_hd__clkbuf_16)
                  0.04    0.14    0.19 ^ clkbuf_0_clk/X (sky130_fd_sc_hd__clkbuf_16)
     2    0.02                           clknet_0_clk (net)
                  0.04    0.00    0.19 ^ clkbuf_1_1__f_clk/A (sky130_fd_sc_hd__clkbuf_16)
                  0.05    0.14    0.33 ^ clkbuf_1_1__f_clk/X (sky130_fd_sc_hd__clkbuf_16)
     7    0.03                           clknet_1_1__leaf_clk (net)
                  0.05    0.00    0.33 ^ _487_/CLK (sky130_fd_sc_hd__dfrtp_1)
                          0.25    0.58   clock uncertainty
                         -0.03    0.55   clock reconvergence pessimism
                         -0.03    0.51   library hold time
                                  0.51   data required time
-----------------------------------------------------------------------------
                                  0.51   data required time
                                 -0.85   data arrival time
-----------------------------------------------------------------------------
                                  0.34   slack (MET)


Startpoint: _478_ (rising edge-triggered flip-flop clocked by clk)
Endpoint: _478_ (rising edge-triggered flip-flop clocked by clk)
Path Group: clk
Path Type: min
Corner: Typical

Fanout     Cap    Slew   Delay    Time   Description
-----------------------------------------------------------------------------
                          0.00    0.00   clock clk (rise edge)
                          0.00    0.00   clock source latency
                  0.07    0.04    0.04 ^ clk (in)
     1    0.01                           clk (net)
                  0.07    0.00    0.04 ^ clkbuf_0_clk/A (sky130_fd_sc_hd__clkbuf_16)
                  0.04    0.13    0.17 ^ clkbuf_0_clk/X (sky130_fd_sc_hd__clkbuf_16)
     2    0.02                           clknet_0_clk (net)
                  0.04    0.00    0.17 ^ clkbuf_1_1__f_clk/A (sky130_fd_sc_hd__clkbuf_16)
                  0.05    0.13    0.30 ^ clkbuf_1_1__f_clk/X (sky130_fd_sc_hd__clkbuf_16)
     7    0.03                           clknet_1_1__leaf_clk (net)
                  0.05    0.00    0.30 ^ _478_/CLK (sky130_fd_sc_hd__dfrtp_1)
                  0.06    0.31    0.61 ^ _478_/Q (sky130_fd_sc_hd__dfrtp_1)
     2    0.00                           net28 (net)
                  0.06    0.00    0.61 ^ hold2/A (sky130_fd_sc_hd__dlygate4sd3_1)
                  0.05    0.51    1.12 ^ hold2/X (sky130_fd_sc_hd__dlygate4sd3_1)
     1    0.00                           net41 (net)
                  0.05    0.00    1.12 ^ _279_/A1 (sky130_fd_sc_hd__o21ba_1)
                  0.04    0.12    1.24 ^ _279_/X (sky130_fd_sc_hd__o21ba_1)
     1    0.00                           _000_ (net)
                  0.04    0.00    1.24 ^ _478_/D (sky130_fd_sc_hd__dfrtp_1)
                                  1.24   data arrival time

                          0.00    0.00   clock clk (rise edge)
                          0.00    0.00   clock source latency
                  0.07    0.05    0.05 ^ clk (in)
     1    0.01                           clk (net)
                  0.07    0.00    0.05 ^ clkbuf_0_clk/A (sky130_fd_sc_hd__clkbuf_16)
                  0.04    0.14    0.19 ^ clkbuf_0_clk/X (sky130_fd_sc_hd__clkbuf_16)
     2    0.02                           clknet_0_clk (net)
                  0.04    0.00    0.19 ^ clkbuf_1_1__f_clk/A (sky130_fd_sc_hd__clkbuf_16)
                  0.05    0.14    0.33 ^ clkbuf_1_1__f_clk/X (sky130_fd_sc_hd__clkbuf_16)
     7    0.03                           clknet_1_1__leaf_clk (net)
                  0.05    0.00    0.33 ^ _478_/CLK (sky130_fd_sc_hd__dfrtp_1)
                          0.25    0.58   clock uncertainty
                         -0.03    0.55   clock reconvergence pessimism
                         -0.03    0.51   library hold time
                                  0.51   data required time
-----------------------------------------------------------------------------
                                  0.51   data required time
                                 -1.24   data arrival time
-----------------------------------------------------------------------------
                                  0.72   slack (MET)


Startpoint: _480_ (rising edge-triggered flip-flop clocked by clk)
Endpoint: _480_ (rising edge-triggered flip-flop clocked by clk)
Path Group: clk
Path Type: min
Corner: Typical

Fanout     Cap    Slew   Delay    Time   Description
-----------------------------------------------------------------------------
                          0.00    0.00   clock clk (rise edge)
                          0.00    0.00   clock source latency
                  0.07    0.04    0.04 ^ clk (in)
     1    0.01                           clk (net)
                  0.07    0.00    0.04 ^ clkbuf_0_clk/A (sky130_fd_sc_hd__clkbuf_16)
                  0.04    0.13    0.17 ^ clkbuf_0_clk/X (sky130_fd_sc_hd__clkbuf_16)
     2    0.02                           clknet_0_clk (net)
                  0.04    0.00    0.17 ^ clkbuf_1_1__f_clk/A (sky130_fd_sc_hd__clkbuf_16)
                  0.05    0.13    0.30 ^ clkbuf_1_1__f_clk/X (sky130_fd_sc_hd__clkbuf_16)
     7    0.03                           clknet_1_1__leaf_clk (net)
                  0.05    0.00    0.30 ^ _480_/CLK (sky130_fd_sc_hd__dfrtp_1)
                  0.06    0.31    0.61 ^ _480_/Q (sky130_fd_sc_hd__dfrtp_1)
     2    0.00                           net24 (net)
                  0.06    0.00    0.61 ^ hold1/A (sky130_fd_sc_hd__dlygate4sd3_1)
                  0.05    0.51    1.12 ^ hold1/X (sky130_fd_sc_hd__dlygate4sd3_1)
     1    0.00                           net40 (net)
                  0.05    0.00    1.12 ^ _452_/A2 (sky130_fd_sc_hd__a22o_1)
                  0.04    0.12    1.24 ^ _452_/X (sky130_fd_sc_hd__a22o_1)
     1    0.00                           _001_ (net)
                  0.04    0.00    1.24 ^ _480_/D (sky130_fd_sc_hd__dfrtp_1)
                                  1.24   data arrival time

                          0.00    0.00   clock clk (rise edge)
                          0.00    0.00   clock source latency
                  0.07    0.05    0.05 ^ clk (in)
     1    0.01                           clk (net)
                  0.07    0.00    0.05 ^ clkbuf_0_clk/A (sky130_fd_sc_hd__clkbuf_16)
                  0.04    0.14    0.19 ^ clkbuf_0_clk/X (sky130_fd_sc_hd__clkbuf_16)
     2    0.02                           clknet_0_clk (net)
                  0.04    0.00    0.19 ^ clkbuf_1_1__f_clk/A (sky130_fd_sc_hd__clkbuf_16)
                  0.05    0.14    0.33 ^ clkbuf_1_1__f_clk/X (sky130_fd_sc_hd__clkbuf_16)
     7    0.03                           clknet_1_1__leaf_clk (net)
                  0.05    0.00    0.33 ^ _480_/CLK (sky130_fd_sc_hd__dfrtp_1)
                          0.25    0.58   clock uncertainty
                         -0.03    0.55   clock reconvergence pessimism
                         -0.03    0.51   library hold time
                                  0.51   data required time
-----------------------------------------------------------------------------
                                  0.51   data required time
                                 -1.24   data arrival time
-----------------------------------------------------------------------------
                                  0.73   slack (MET)


Startpoint: _483_ (rising edge-triggered flip-flop clocked by clk)
Endpoint: _483_ (rising edge-triggered flip-flop clocked by clk)
Path Group: clk
Path Type: min
Corner: Typical

Fanout     Cap    Slew   Delay    Time   Description
-----------------------------------------------------------------------------
                          0.00    0.00   clock clk (rise edge)
                          0.00    0.00   clock source latency
                  0.07    0.04    0.04 ^ clk (in)
     1    0.01                           clk (net)
                  0.07    0.00    0.04 ^ clkbuf_0_clk/A (sky130_fd_sc_hd__clkbuf_16)
                  0.04    0.13    0.17 ^ clkbuf_0_clk/X (sky130_fd_sc_hd__clkbuf_16)
     2    0.02                           clknet_0_clk (net)
                  0.04    0.00    0.17 ^ clkbuf_1_1__f_clk/A (sky130_fd_sc_hd__clkbuf_16)
                  0.05    0.13    0.30 ^ clkbuf_1_1__f_clk/X (sky130_fd_sc_hd__clkbuf_16)
     7    0.03                           clknet_1_1__leaf_clk (net)
                  0.05    0.00    0.30 ^ _483_/CLK (sky130_fd_sc_hd__dfrtp_1)
                  0.07    0.32    0.62 ^ _483_/Q (sky130_fd_sc_hd__dfrtp_1)
     2    0.01                           net27 (net)
                  0.07    0.00    0.62 ^ hold3/A (sky130_fd_sc_hd__dlygate4sd3_1)
                  0.05    0.51    1.13 ^ hold3/X (sky130_fd_sc_hd__dlygate4sd3_1)
     1    0.00                           net42 (net)
                  0.05    0.00    1.13 ^ _461_/A2 (sky130_fd_sc_hd__a22o_1)
                  0.04    0.12    1.25 ^ _461_/X (sky130_fd_sc_hd__a22o_1)
     1    0.00                           _004_ (net)
                  0.04    0.00    1.25 ^ _483_/D (sky130_fd_sc_hd__dfrtp_1)
                                  1.25   data arrival time

                          0.00    0.00   clock clk (rise edge)
                          0.00    0.00   clock source latency
                  0.07    0.05    0.05 ^ clk (in)
     1    0.01                           clk (net)
                  0.07    0.00    0.05 ^ clkbuf_0_clk/A (sky130_fd_sc_hd__clkbuf_16)
                  0.04    0.14    0.19 ^ clkbuf_0_clk/X (sky130_fd_sc_hd__clkbuf_16)
     2    0.02                           clknet_0_clk (net)
                  0.04    0.00    0.19 ^ clkbuf_1_1__f_clk/A (sky130_fd_sc_hd__clkbuf_16)
                  0.05    0.14    0.33 ^ clkbuf_1_1__f_clk/X (sky130_fd_sc_hd__clkbuf_16)
     7    0.03                           clknet_1_1__leaf_clk (net)
                  0.05    0.00    0.33 ^ _483_/CLK (sky130_fd_sc_hd__dfrtp_1)
                          0.25    0.58   clock uncertainty
                         -0.03    0.55   clock reconvergence pessimism
                         -0.03    0.51   library hold time
                                  0.51   data required time
-----------------------------------------------------------------------------
                                  0.51   data required time
                                 -1.25   data arrival time
-----------------------------------------------------------------------------
                                  0.74   slack (MET)


Startpoint: _481_ (rising edge-triggered flip-flop clocked by clk)
Endpoint: _481_ (rising edge-triggered flip-flop clocked by clk)
Path Group: clk
Path Type: min
Corner: Typical

Fanout     Cap    Slew   Delay    Time   Description
-----------------------------------------------------------------------------
                          0.00    0.00   clock clk (rise edge)
                          0.00    0.00   clock source latency
                  0.07    0.04    0.04 ^ clk (in)
     1    0.01                           clk (net)
                  0.07    0.00    0.04 ^ clkbuf_0_clk/A (sky130_fd_sc_hd__clkbuf_16)
                  0.04    0.13    0.17 ^ clkbuf_0_clk/X (sky130_fd_sc_hd__clkbuf_16)
     2    0.02                           clknet_0_clk (net)
                  0.04    0.00    0.17 ^ clkbuf_1_1__f_clk/A (sky130_fd_sc_hd__clkbuf_16)
                  0.05    0.13    0.30 ^ clkbuf_1_1__f_clk/X (sky130_fd_sc_hd__clkbuf_16)
     7    0.03                           clknet_1_1__leaf_clk (net)
                  0.05    0.00    0.30 ^ _481_/CLK (sky130_fd_sc_hd__dfrtp_1)
                  0.07    0.32    0.62 ^ _481_/Q (sky130_fd_sc_hd__dfrtp_1)
     2    0.01                           net25 (net)
                  0.07    0.00    0.62 ^ hold4/A (sky130_fd_sc_hd__dlygate4sd3_1)
                  0.06    0.52    1.13 ^ hold4/X (sky130_fd_sc_hd__dlygate4sd3_1)
     1    0.00                           net43 (net)
                  0.06    0.00    1.13 ^ _455_/A2 (sky130_fd_sc_hd__a22o_1)
                  0.04    0.12    1.26 ^ _455_/X (sky130_fd_sc_hd__a22o_1)
     1    0.00                           _002_ (net)
                  0.04    0.00    1.26 ^ _481_/D (sky130_fd_sc_hd__dfrtp_1)
                                  1.26   data arrival time

                          0.00    0.00   clock clk (rise edge)
                          0.00    0.00   clock source latency
                  0.07    0.05    0.05 ^ clk (in)
     1    0.01                           clk (net)
                  0.07    0.00    0.05 ^ clkbuf_0_clk/A (sky130_fd_sc_hd__clkbuf_16)
                  0.04    0.14    0.19 ^ clkbuf_0_clk/X (sky130_fd_sc_hd__clkbuf_16)
     2    0.02                           clknet_0_clk (net)
                  0.04    0.00    0.19 ^ clkbuf_1_1__f_clk/A (sky130_fd_sc_hd__clkbuf_16)
                  0.05    0.14    0.33 ^ clkbuf_1_1__f_clk/X (sky130_fd_sc_hd__clkbuf_16)
     7    0.03                           clknet_1_1__leaf_clk (net)
                  0.05    0.00    0.33 ^ _481_/CLK (sky130_fd_sc_hd__dfrtp_1)
                          0.25    0.58   clock uncertainty
                         -0.03    0.55   clock reconvergence pessimism
                         -0.03    0.51   library hold time
                                  0.51   data required time
-----------------------------------------------------------------------------
                                  0.51   data required time
                                 -1.26   data arrival time
-----------------------------------------------------------------------------
                                  0.74   slack (MET)


Startpoint: _482_ (rising edge-triggered flip-flop clocked by clk)
Endpoint: _482_ (rising edge-triggered flip-flop clocked by clk)
Path Group: clk
Path Type: min
Corner: Typical

Fanout     Cap    Slew   Delay    Time   Description
-----------------------------------------------------------------------------
                          0.00    0.00   clock clk (rise edge)
                          0.00    0.00   clock source latency
                  0.07    0.04    0.04 ^ clk (in)
     1    0.01                           clk (net)
                  0.07    0.00    0.04 ^ clkbuf_0_clk/A (sky130_fd_sc_hd__clkbuf_16)
                  0.04    0.13    0.17 ^ clkbuf_0_clk/X (sky130_fd_sc_hd__clkbuf_16)
     2    0.02                           clknet_0_clk (net)
                  0.04    0.00    0.17 ^ clkbuf_1_1__f_clk/A (sky130_fd_sc_hd__clkbuf_16)
                  0.05    0.13    0.30 ^ clkbuf_1_1__f_clk/X (sky130_fd_sc_hd__clkbuf_16)
     7    0.03                           clknet_1_1__leaf_clk (net)
                  0.05    0.00    0.30 ^ _482_/CLK (sky130_fd_sc_hd__dfrtp_1)
                  0.07    0.32    0.62 ^ _482_/Q (sky130_fd_sc_hd__dfrtp_1)
     2    0.01                           net26 (net)
                  0.07    0.00    0.62 ^ hold5/A (sky130_fd_sc_hd__dlygate4sd3_1)
                  0.06    0.52    1.14 ^ hold5/X (sky130_fd_sc_hd__dlygate4sd3_1)
     1    0.00                           net44 (net)
                  0.06    0.00    1.14 ^ _459_/A2 (sky130_fd_sc_hd__a22o_1)
                  0.04    0.13    1.27 ^ _459_/X (sky130_fd_sc_hd__a22o_1)
     1    0.00                           _003_ (net)
                  0.04    0.00    1.27 ^ _482_/D (sky130_fd_sc_hd__dfrtp_1)
                                  1.27   data arrival time

                          0.00    0.00   clock clk (rise edge)
                          0.00    0.00   clock source latency
                  0.07    0.05    0.05 ^ clk (in)
     1    0.01                           clk (net)
                  0.07    0.00    0.05 ^ clkbuf_0_clk/A (sky130_fd_sc_hd__clkbuf_16)
                  0.04    0.14    0.19 ^ clkbuf_0_clk/X (sky130_fd_sc_hd__clkbuf_16)
     2    0.02                           clknet_0_clk (net)
                  0.04    0.00    0.19 ^ clkbuf_1_1__f_clk/A (sky130_fd_sc_hd__clkbuf_16)
                  0.05    0.14    0.33 ^ clkbuf_1_1__f_clk/X (sky130_fd_sc_hd__clkbuf_16)
     7    0.03                           clknet_1_1__leaf_clk (net)
                  0.05    0.00    0.33 ^ _482_/CLK (sky130_fd_sc_hd__dfrtp_1)
                          0.25    0.58   clock uncertainty
                         -0.03    0.55   clock reconvergence pessimism
                         -0.03    0.51   library hold time
                                  0.51   data required time
-----------------------------------------------------------------------------
                                  0.51   data required time
                                 -1.27   data arrival time
-----------------------------------------------------------------------------
                                  0.76   slack (MET)


Startpoint: _488_ (rising edge-triggered flip-flop clocked by clk)
Endpoint: _488_ (rising edge-triggered flip-flop clocked by clk)
Path Group: clk
Path Type: min
Corner: Typical

Fanout     Cap    Slew   Delay    Time   Description
-----------------------------------------------------------------------------
                          0.00    0.00   clock clk (rise edge)
                          0.00    0.00   clock source latency
                  0.07    0.04    0.04 ^ clk (in)
     1    0.01                           clk (net)
                  0.07    0.00    0.04 ^ clkbuf_0_clk/A (sky130_fd_sc_hd__clkbuf_16)
                  0.04    0.13    0.17 ^ clkbuf_0_clk/X (sky130_fd_sc_hd__clkbuf_16)
     2    0.02                           clknet_0_clk (net)
                  0.04    0.00    0.17 ^ clkbuf_1_0__f_clk/A (sky130_fd_sc_hd__clkbuf_16)
                  0.05    0.12    0.29 ^ clkbuf_1_0__f_clk/X (sky130_fd_sc_hd__clkbuf_16)
     7    0.03                           clknet_1_0__leaf_clk (net)
                  0.05    0.00    0.30 ^ _488_/CLK (sky130_fd_sc_hd__dfrtp_1)
                  0.07    0.32    0.62 ^ _488_/Q (sky130_fd_sc_hd__dfrtp_1)
     2    0.01                           net33 (net)
                  0.07    0.00    0.62 ^ hold11/A (sky130_fd_sc_hd__dlygate4sd3_1)
                  0.05    0.51    1.12 ^ hold11/X (sky130_fd_sc_hd__dlygate4sd3_1)
     1    0.00                           net50 (net)
                  0.05    0.00    1.12 ^ _470_/B (sky130_fd_sc_hd__and2_1)
                  0.05    0.11    1.23 ^ _470_/X (sky130_fd_sc_hd__and2_1)
     1    0.00                           _185_ (net)
                  0.05    0.00    1.23 ^ _471_/B1 (sky130_fd_sc_hd__a31o_1)
                  0.04    0.08    1.32 ^ _471_/X (sky130_fd_sc_hd__a31o_1)
     1    0.00                           _009_ (net)
                  0.04    0.00    1.32 ^ _488_/D (sky130_fd_sc_hd__dfrtp_1)
                                  1.32   data arrival time

                          0.00    0.00   clock clk (rise edge)
                          0.00    0.00   clock source latency
                  0.07    0.05    0.05 ^ clk (in)
     1    0.01                           clk (net)
                  0.07    0.00    0.05 ^ clkbuf_0_clk/A (sky130_fd_sc_hd__clkbuf_16)
                  0.04    0.14    0.19 ^ clkbuf_0_clk/X (sky130_fd_sc_hd__clkbuf_16)
     2    0.02                           clknet_0_clk (net)
                  0.04    0.00    0.19 ^ clkbuf_1_0__f_clk/A (sky130_fd_sc_hd__clkbuf_16)
                  0.05    0.14    0.33 ^ clkbuf_1_0__f_clk/X (sky130_fd_sc_hd__clkbuf_16)
     7    0.03                           clknet_1_0__leaf_clk (net)
                  0.05    0.00    0.33 ^ _488_/CLK (sky130_fd_sc_hd__dfrtp_1)
                          0.25    0.58   clock uncertainty
                         -0.03    0.55   clock reconvergence pessimism
                         -0.03    0.51   library hold time
                                  0.51   data required time
-----------------------------------------------------------------------------
                                  0.51   data required time
                                 -1.32   data arrival time
-----------------------------------------------------------------------------
                                  0.80   slack (MET)


Startpoint: _485_ (rising edge-triggered flip-flop clocked by clk)
Endpoint: _485_ (rising edge-triggered flip-flop clocked by clk)
Path Group: clk
Path Type: min
Corner: Typical

Fanout     Cap    Slew   Delay    Time   Description
-----------------------------------------------------------------------------
                          0.00    0.00   clock clk (rise edge)
                          0.00    0.00   clock source latency
                  0.07    0.04    0.04 ^ clk (in)
     1    0.01                           clk (net)
                  0.07    0.00    0.04 ^ clkbuf_0_clk/A (sky130_fd_sc_hd__clkbuf_16)
                  0.04    0.13    0.17 ^ clkbuf_0_clk/X (sky130_fd_sc_hd__clkbuf_16)
     2    0.02                           clknet_0_clk (net)
                  0.04    0.00    0.17 ^ clkbuf_1_0__f_clk/A (sky130_fd_sc_hd__clkbuf_16)
                  0.05    0.12    0.29 ^ clkbuf_1_0__f_clk/X (sky130_fd_sc_hd__clkbuf_16)
     7    0.03                           clknet_1_0__leaf_clk (net)
                  0.05    0.00    0.30 ^ _485_/CLK (sky130_fd_sc_hd__dfrtp_1)
                  0.07    0.32    0.62 ^ _485_/Q (sky130_fd_sc_hd__dfrtp_1)
     2    0.01                           net30 (net)
                  0.07    0.00    0.62 ^ hold9/A (sky130_fd_sc_hd__dlygate4sd3_1)
                  0.05    0.51    1.13 ^ hold9/X (sky130_fd_sc_hd__dlygate4sd3_1)
     1    0.00                           net48 (net)
                  0.05    0.00    1.13 ^ _464_/B (sky130_fd_sc_hd__and2_1)
                  0.04    0.11    1.24 ^ _464_/X (sky130_fd_sc_hd__and2_1)
     1    0.00                           _182_ (net)
                  0.04    0.00    1.24 ^ _465_/B1 (sky130_fd_sc_hd__a31o_1)
                  0.04    0.08    1.32 ^ _465_/X (sky130_fd_sc_hd__a31o_1)
     1    0.00                           _006_ (net)
                  0.04    0.00    1.32 ^ _485_/D (sky130_fd_sc_hd__dfrtp_1)
                                  1.32   data arrival time

                          0.00    0.00   clock clk (rise edge)
                          0.00    0.00   clock source latency
                  0.07    0.05    0.05 ^ clk (in)
     1    0.01                           clk (net)
                  0.07    0.00    0.05 ^ clkbuf_0_clk/A (sky130_fd_sc_hd__clkbuf_16)
                  0.04    0.14    0.19 ^ clkbuf_0_clk/X (sky130_fd_sc_hd__clkbuf_16)
     2    0.02                           clknet_0_clk (net)
                  0.04    0.00    0.19 ^ clkbuf_1_0__f_clk/A (sky130_fd_sc_hd__clkbuf_16)
                  0.05    0.14    0.33 ^ clkbuf_1_0__f_clk/X (sky130_fd_sc_hd__clkbuf_16)
     7    0.03                           clknet_1_0__leaf_clk (net)
                  0.05    0.00    0.33 ^ _485_/CLK (sky130_fd_sc_hd__dfrtp_1)
                          0.25    0.58   clock uncertainty
                         -0.03    0.55   clock reconvergence pessimism
                         -0.03    0.51   library hold time
                                  0.51   data required time
-----------------------------------------------------------------------------
                                  0.51   data required time
                                 -1.32   data arrival time
-----------------------------------------------------------------------------
                                  0.81   slack (MET)


Startpoint: _491_ (rising edge-triggered flip-flop clocked by clk)
Endpoint: _491_ (rising edge-triggered flip-flop clocked by clk)
Path Group: clk
Path Type: min
Corner: Typical

Fanout     Cap    Slew   Delay    Time   Description
-----------------------------------------------------------------------------
                          0.00    0.00   clock clk (rise edge)
                          0.00    0.00   clock source latency
                  0.07    0.04    0.04 ^ clk (in)
     1    0.01                           clk (net)
                  0.07    0.00    0.04 ^ clkbuf_0_clk/A (sky130_fd_sc_hd__clkbuf_16)
                  0.04    0.13    0.17 ^ clkbuf_0_clk/X (sky130_fd_sc_hd__clkbuf_16)
     2    0.02                           clknet_0_clk (net)
                  0.04    0.00    0.17 ^ clkbuf_1_0__f_clk/A (sky130_fd_sc_hd__clkbuf_16)
                  0.05    0.12    0.29 ^ clkbuf_1_0__f_clk/X (sky130_fd_sc_hd__clkbuf_16)
     7    0.03                           clknet_1_0__leaf_clk (net)
                  0.05    0.00    0.30 ^ _491_/CLK (sky130_fd_sc_hd__dfrtp_1)
                  0.06    0.32    0.61 ^ _491_/Q (sky130_fd_sc_hd__dfrtp_1)
     2    0.01                           net36 (net)
                  0.06    0.00    0.61 ^ hold6/A (sky130_fd_sc_hd__dlygate4sd3_1)
                  0.06    0.52    1.13 ^ hold6/X (sky130_fd_sc_hd__dlygate4sd3_1)
     1    0.00                           net45 (net)
                  0.06    0.00    1.13 ^ _476_/B (sky130_fd_sc_hd__and2_1)
                  0.05    0.11    1.24 ^ _476_/X (sky130_fd_sc_hd__and2_1)
     1    0.00                           _188_ (net)
                  0.05    0.00    1.24 ^ _477_/B1 (sky130_fd_sc_hd__a31o_1)
                  0.04    0.08    1.32 ^ _477_/X (sky130_fd_sc_hd__a31o_1)
     1    0.00                           _012_ (net)
                  0.04    0.00    1.32 ^ _491_/D (sky130_fd_sc_hd__dfrtp_1)
                                  1.32   data arrival time

                          0.00    0.00   clock clk (rise edge)
                          0.00    0.00   clock source latency
                  0.07    0.05    0.05 ^ clk (in)
     1    0.01                           clk (net)
                  0.07    0.00    0.05 ^ clkbuf_0_clk/A (sky130_fd_sc_hd__clkbuf_16)
                  0.04    0.14    0.19 ^ clkbuf_0_clk/X (sky130_fd_sc_hd__clkbuf_16)
     2    0.02                           clknet_0_clk (net)
                  0.04    0.00    0.19 ^ clkbuf_1_0__f_clk/A (sky130_fd_sc_hd__clkbuf_16)
                  0.05    0.14    0.33 ^ clkbuf_1_0__f_clk/X (sky130_fd_sc_hd__clkbuf_16)
     7    0.03                           clknet_1_0__leaf_clk (net)
                  0.05    0.00    0.33 ^ _491_/CLK (sky130_fd_sc_hd__dfrtp_1)
                          0.25    0.58   clock uncertainty
                         -0.03    0.55   clock reconvergence pessimism
                         -0.03    0.51   library hold time
                                  0.51   data required time
-----------------------------------------------------------------------------
                                  0.51   data required time
                                 -1.32   data arrival time
-----------------------------------------------------------------------------
                                  0.81   slack (MET)


Startpoint: _486_ (rising edge-triggered flip-flop clocked by clk)
Endpoint: _486_ (rising edge-triggered flip-flop clocked by clk)
Path Group: clk
Path Type: min
Corner: Typical

Fanout     Cap    Slew   Delay    Time   Description
-----------------------------------------------------------------------------
                          0.00    0.00   clock clk (rise edge)
                          0.00    0.00   clock source latency
                  0.07    0.04    0.04 ^ clk (in)
     1    0.01                           clk (net)
                  0.07    0.00    0.04 ^ clkbuf_0_clk/A (sky130_fd_sc_hd__clkbuf_16)
                  0.04    0.13    0.17 ^ clkbuf_0_clk/X (sky130_fd_sc_hd__clkbuf_16)
     2    0.02                           clknet_0_clk (net)
                  0.04    0.00    0.17 ^ clkbuf_1_0__f_clk/A (sky130_fd_sc_hd__clkbuf_16)
                  0.05    0.12    0.29 ^ clkbuf_1_0__f_clk/X (sky130_fd_sc_hd__clkbuf_16)
     7    0.03                           clknet_1_0__leaf_clk (net)
                  0.05    0.00    0.30 ^ _486_/CLK (sky130_fd_sc_hd__dfrtp_1)
                  0.08    0.33    0.62 ^ _486_/Q (sky130_fd_sc_hd__dfrtp_1)
     2    0.01                           net31 (net)
                  0.08    0.00    0.62 ^ hold10/A (sky130_fd_sc_hd__dlygate4sd3_1)
                  0.05    0.51    1.13 ^ hold10/X (sky130_fd_sc_hd__dlygate4sd3_1)
     1    0.00                           net49 (net)
                  0.05    0.00    1.13 ^ _466_/B (sky130_fd_sc_hd__and2_1)
                  0.05    0.11    1.24 ^ _466_/X (sky130_fd_sc_hd__and2_1)
     1    0.00                           _183_ (net)
                  0.05    0.00    1.24 ^ _467_/B1 (sky130_fd_sc_hd__a31o_1)
                  0.04    0.08    1.32 ^ _467_/X (sky130_fd_sc_hd__a31o_1)
     1    0.00                           _007_ (net)
                  0.04    0.00    1.32 ^ _486_/D (sky130_fd_sc_hd__dfrtp_1)
                                  1.32   data arrival time

                          0.00    0.00   clock clk (rise edge)
                          0.00    0.00   clock source latency
                  0.07    0.05    0.05 ^ clk (in)
     1    0.01                           clk (net)
                  0.07    0.00    0.05 ^ clkbuf_0_clk/A (sky130_fd_sc_hd__clkbuf_16)
                  0.04    0.14    0.19 ^ clkbuf_0_clk/X (sky130_fd_sc_hd__clkbuf_16)
     2    0.02                           clknet_0_clk (net)
                  0.04    0.00    0.19 ^ clkbuf_1_0__f_clk/A (sky130_fd_sc_hd__clkbuf_16)
                  0.05    0.14    0.33 ^ clkbuf_1_0__f_clk/X (sky130_fd_sc_hd__clkbuf_16)
     7    0.03                           clknet_1_0__leaf_clk (net)
                  0.05    0.00    0.33 ^ _486_/CLK (sky130_fd_sc_hd__dfrtp_1)
                          0.25    0.58   clock uncertainty
                         -0.03    0.55   clock reconvergence pessimism
                         -0.03    0.51   library hold time
                                  0.51   data required time
-----------------------------------------------------------------------------
                                  0.51   data required time
                                 -1.32   data arrival time
-----------------------------------------------------------------------------
                                  0.81   slack (MET)


Startpoint: _489_ (rising edge-triggered flip-flop clocked by clk)
Endpoint: _489_ (rising edge-triggered flip-flop clocked by clk)
Path Group: clk
Path Type: min
Corner: Typical

Fanout     Cap    Slew   Delay    Time   Description
-----------------------------------------------------------------------------
                          0.00    0.00   clock clk (rise edge)
                          0.00    0.00   clock source latency
                  0.07    0.04    0.04 ^ clk (in)
     1    0.01                           clk (net)
                  0.07    0.00    0.04 ^ clkbuf_0_clk/A (sky130_fd_sc_hd__clkbuf_16)
                  0.04    0.13    0.17 ^ clkbuf_0_clk/X (sky130_fd_sc_hd__clkbuf_16)
     2    0.02                           clknet_0_clk (net)
                  0.04    0.00    0.17 ^ clkbuf_1_0__f_clk/A (sky130_fd_sc_hd__clkbuf_16)
                  0.05    0.12    0.29 ^ clkbuf_1_0__f_clk/X (sky130_fd_sc_hd__clkbuf_16)
     7    0.03                           clknet_1_0__leaf_clk (net)
                  0.05    0.00    0.30 ^ _489_/CLK (sky130_fd_sc_hd__dfrtp_1)
                  0.08    0.33    0.63 ^ _489_/Q (sky130_fd_sc_hd__dfrtp_1)
     2    0.01                           net34 (net)
                  0.08    0.00    0.63 ^ hold12/A (sky130_fd_sc_hd__dlygate4sd3_1)
                  0.05    0.51    1.14 ^ hold12/X (sky130_fd_sc_hd__dlygate4sd3_1)
     1    0.00                           net51 (net)
                  0.05    0.00    1.14 ^ _472_/B (sky130_fd_sc_hd__and2_1)
                  0.05    0.11    1.25 ^ _472_/X (sky130_fd_sc_hd__and2_1)
     1    0.00                           _186_ (net)
                  0.05    0.00    1.25 ^ _473_/B1 (sky130_fd_sc_hd__a31o_1)
                  0.04    0.08    1.33 ^ _473_/X (sky130_fd_sc_hd__a31o_1)
     1    0.00                           _010_ (net)
                  0.04    0.00    1.33 ^ _489_/D (sky130_fd_sc_hd__dfrtp_1)
                                  1.33   data arrival time

                          0.00    0.00   clock clk (rise edge)
                          0.00    0.00   clock source latency
                  0.07    0.05    0.05 ^ clk (in)
     1    0.01                           clk (net)
                  0.07    0.00    0.05 ^ clkbuf_0_clk/A (sky130_fd_sc_hd__clkbuf_16)
                  0.04    0.14    0.19 ^ clkbuf_0_clk/X (sky130_fd_sc_hd__clkbuf_16)
     2    0.02                           clknet_0_clk (net)
                  0.04    0.00    0.19 ^ clkbuf_1_0__f_clk/A (sky130_fd_sc_hd__clkbuf_16)
                  0.05    0.14    0.33 ^ clkbuf_1_0__f_clk/X (sky130_fd_sc_hd__clkbuf_16)
     7    0.03                           clknet_1_0__leaf_clk (net)
                  0.05    0.00    0.33 ^ _489_/CLK (sky130_fd_sc_hd__dfrtp_1)
                          0.25    0.58   clock uncertainty
                         -0.03    0.55   clock reconvergence pessimism
                         -0.03    0.51   library hold time
                                  0.51   data required time
-----------------------------------------------------------------------------
                                  0.51   data required time
                                 -1.33   data arrival time
-----------------------------------------------------------------------------
                                  0.81   slack (MET)


Startpoint: _490_ (rising edge-triggered flip-flop clocked by clk)
Endpoint: _490_ (rising edge-triggered flip-flop clocked by clk)
Path Group: clk
Path Type: min
Corner: Typical

Fanout     Cap    Slew   Delay    Time   Description
-----------------------------------------------------------------------------
                          0.00    0.00   clock clk (rise edge)
                          0.00    0.00   clock source latency
                  0.07    0.04    0.04 ^ clk (in)
     1    0.01                           clk (net)
                  0.07    0.00    0.04 ^ clkbuf_0_clk/A (sky130_fd_sc_hd__clkbuf_16)
                  0.04    0.13    0.17 ^ clkbuf_0_clk/X (sky130_fd_sc_hd__clkbuf_16)
     2    0.02                           clknet_0_clk (net)
                  0.04    0.00    0.17 ^ clkbuf_1_0__f_clk/A (sky130_fd_sc_hd__clkbuf_16)
                  0.05    0.12    0.29 ^ clkbuf_1_0__f_clk/X (sky130_fd_sc_hd__clkbuf_16)
     7    0.03                           clknet_1_0__leaf_clk (net)
                  0.05    0.00    0.30 ^ _490_/CLK (sky130_fd_sc_hd__dfrtp_1)
                  0.08    0.33    0.62 ^ _490_/Q (sky130_fd_sc_hd__dfrtp_1)
     2    0.01                           net35 (net)
                  0.08    0.00    0.62 ^ hold8/A (sky130_fd_sc_hd__dlygate4sd3_1)
                  0.05    0.51    1.13 ^ hold8/X (sky130_fd_sc_hd__dlygate4sd3_1)
     1    0.00                           net47 (net)
                  0.05    0.00    1.13 ^ _474_/B (sky130_fd_sc_hd__and2_1)
                  0.05    0.11    1.25 ^ _474_/X (sky130_fd_sc_hd__and2_1)
     1    0.00                           _187_ (net)
                  0.05    0.00    1.25 ^ _475_/B1 (sky130_fd_sc_hd__a31o_1)
                  0.04    0.08    1.33 ^ _475_/X (sky130_fd_sc_hd__a31o_1)
     1    0.00                           _011_ (net)
                  0.04    0.00    1.33 ^ _490_/D (sky130_fd_sc_hd__dfrtp_1)
                                  1.33   data arrival time

                          0.00    0.00   clock clk (rise edge)
                          0.00    0.00   clock source latency
                  0.07    0.05    0.05 ^ clk (in)
     1    0.01                           clk (net)
                  0.07    0.00    0.05 ^ clkbuf_0_clk/A (sky130_fd_sc_hd__clkbuf_16)
                  0.04    0.14    0.19 ^ clkbuf_0_clk/X (sky130_fd_sc_hd__clkbuf_16)
     2    0.02                           clknet_0_clk (net)
                  0.04    0.00    0.19 ^ clkbuf_1_0__f_clk/A (sky130_fd_sc_hd__clkbuf_16)
                  0.05    0.14    0.33 ^ clkbuf_1_0__f_clk/X (sky130_fd_sc_hd__clkbuf_16)
     7    0.03                           clknet_1_0__leaf_clk (net)
                  0.05    0.00    0.33 ^ _490_/CLK (sky130_fd_sc_hd__dfrtp_1)
                          0.25    0.58   clock uncertainty
                         -0.03    0.55   clock reconvergence pessimism
                         -0.03    0.51   library hold time
                                  0.51   data required time
-----------------------------------------------------------------------------
                                  0.51   data required time
                                 -1.33   data arrival time
-----------------------------------------------------------------------------
                                  0.82   slack (MET)


Startpoint: _484_ (rising edge-triggered flip-flop clocked by clk)
Endpoint: _484_ (rising edge-triggered flip-flop clocked by clk)
Path Group: clk
Path Type: min
Corner: Typical

Fanout     Cap    Slew   Delay    Time   Description
-----------------------------------------------------------------------------
                          0.00    0.00   clock clk (rise edge)
                          0.00    0.00   clock source latency
                  0.07    0.04    0.04 ^ clk (in)
     1    0.01                           clk (net)
                  0.07    0.00    0.04 ^ clkbuf_0_clk/A (sky130_fd_sc_hd__clkbuf_16)
                  0.04    0.13    0.17 ^ clkbuf_0_clk/X (sky130_fd_sc_hd__clkbuf_16)
     2    0.02                           clknet_0_clk (net)
                  0.04    0.00    0.17 ^ clkbuf_1_0__f_clk/A (sky130_fd_sc_hd__clkbuf_16)
                  0.05    0.12    0.29 ^ clkbuf_1_0__f_clk/X (sky130_fd_sc_hd__clkbuf_16)
     7    0.03                           clknet_1_0__leaf_clk (net)
                  0.05    0.00    0.30 ^ _484_/CLK (sky130_fd_sc_hd__dfrtp_1)
                  0.07    0.32    0.62 ^ _484_/Q (sky130_fd_sc_hd__dfrtp_1)
     2    0.01                           net29 (net)
                  0.07    0.00    0.62 ^ hold7/A (sky130_fd_sc_hd__dlygate4sd3_1)
                  0.05    0.51    1.13 ^ hold7/X (sky130_fd_sc_hd__dlygate4sd3_1)
     1    0.00                           net46 (net)
                  0.05    0.00    1.13 ^ _462_/B (sky130_fd_sc_hd__and2_1)
                  0.06    0.12    1.25 ^ _462_/X (sky130_fd_sc_hd__and2_1)
     1    0.00                           _181_ (net)
                  0.06    0.00    1.25 ^ _463_/B1 (sky130_fd_sc_hd__a31o_1)
                  0.04    0.08    1.33 ^ _463_/X (sky130_fd_sc_hd__a31o_1)
     1    0.00                           _005_ (net)
                  0.04    0.00    1.33 ^ _484_/D (sky130_fd_sc_hd__dfrtp_1)
                                  1.33   data arrival time

                          0.00    0.00   clock clk (rise edge)
                          0.00    0.00   clock source latency
                  0.07    0.05    0.05 ^ clk (in)
     1    0.01                           clk (net)
                  0.07    0.00    0.05 ^ clkbuf_0_clk/A (sky130_fd_sc_hd__clkbuf_16)
                  0.04    0.14    0.19 ^ clkbuf_0_clk/X (sky130_fd_sc_hd__clkbuf_16)
     2    0.02                           clknet_0_clk (net)
                  0.04    0.00    0.19 ^ clkbuf_1_0__f_clk/A (sky130_fd_sc_hd__clkbuf_16)
                  0.05    0.14    0.33 ^ clkbuf_1_0__f_clk/X (sky130_fd_sc_hd__clkbuf_16)
     7    0.03                           clknet_1_0__leaf_clk (net)
                  0.05    0.00    0.33 ^ _484_/CLK (sky130_fd_sc_hd__dfrtp_1)
                          0.25    0.58   clock uncertainty
                         -0.03    0.55   clock reconvergence pessimism
                         -0.03    0.51   library hold time
                                  0.51   data required time
-----------------------------------------------------------------------------
                                  0.51   data required time
                                 -1.33   data arrival time
-----------------------------------------------------------------------------
                                  0.82   slack (MET)


Startpoint: rst_n (input port clocked by clk)
Endpoint: _487_ (removal check against rising-edge clock clk)
Path Group: asynchronous
Path Type: min
Corner: Typical

Fanout     Cap    Slew   Delay    Time   Description
-----------------------------------------------------------------------------
                          0.00    0.00   clock clk (rise edge)
                          0.00    0.00   clock network delay (propagated)
                          5.00    5.00 ^ input external delay
                  0.02    0.01    5.01 ^ rst_n (in)
     1    0.00                           rst_n (net)
                  0.02    0.00    5.01 ^ input10/A (sky130_fd_sc_hd__clkbuf_2)
                  0.14    0.16    5.17 ^ input10/X (sky130_fd_sc_hd__clkbuf_2)
     5    0.02                           net10 (net)
                  0.14    0.00    5.17 ^ _487_/RESET_B (sky130_fd_sc_hd__dfrtp_1)
                                  5.17   data arrival time

                          0.00    0.00   clock clk (rise edge)
                          0.00    0.00   clock source latency
                  0.07    0.05    0.05 ^ clk (in)
     1    0.01                           clk (net)
                  0.07    0.00    0.05 ^ clkbuf_0_clk/A (sky130_fd_sc_hd__clkbuf_16)
                  0.04    0.14    0.19 ^ clkbuf_0_clk/X (sky130_fd_sc_hd__clkbuf_16)
     2    0.02                           clknet_0_clk (net)
                  0.04    0.00    0.19 ^ clkbuf_1_1__f_clk/A (sky130_fd_sc_hd__clkbuf_16)
                  0.05    0.14    0.33 ^ clkbuf_1_1__f_clk/X (sky130_fd_sc_hd__clkbuf_16)
     7    0.03                           clknet_1_1__leaf_clk (net)
                  0.05    0.00    0.33 ^ _487_/CLK (sky130_fd_sc_hd__dfrtp_1)
                          0.25    0.58   clock uncertainty
                          0.00    0.58   clock reconvergence pessimism
                          0.35    0.93   library removal time
                                  0.93   data required time
-----------------------------------------------------------------------------
                                  0.93   data required time
                                 -5.17   data arrival time
-----------------------------------------------------------------------------
                                  4.24   slack (MET)


Startpoint: rst_n (input port clocked by clk)
Endpoint: _485_ (removal check against rising-edge clock clk)
Path Group: asynchronous
Path Type: min
Corner: Typical

Fanout     Cap    Slew   Delay    Time   Description
-----------------------------------------------------------------------------
                          0.00    0.00   clock clk (rise edge)
                          0.00    0.00   clock network delay (propagated)
                          5.00    5.00 ^ input external delay
                  0.02    0.01    5.01 ^ rst_n (in)
     1    0.00                           rst_n (net)
                  0.02    0.00    5.01 ^ input10/A (sky130_fd_sc_hd__clkbuf_2)
                  0.14    0.16    5.17 ^ input10/X (sky130_fd_sc_hd__clkbuf_2)
     5    0.02                           net10 (net)
                  0.14    0.00    5.17 ^ _485_/RESET_B (sky130_fd_sc_hd__dfrtp_1)
                                  5.17   data arrival time

                          0.00    0.00   clock clk (rise edge)
                          0.00    0.00   clock source latency
                  0.07    0.05    0.05 ^ clk (in)
     1    0.01                           clk (net)
                  0.07    0.00    0.05 ^ clkbuf_0_clk/A (sky130_fd_sc_hd__clkbuf_16)
                  0.04    0.14    0.19 ^ clkbuf_0_clk/X (sky130_fd_sc_hd__clkbuf_16)
     2    0.02                           clknet_0_clk (net)
                  0.04    0.00    0.19 ^ clkbuf_1_0__f_clk/A (sky130_fd_sc_hd__clkbuf_16)
                  0.05    0.14    0.33 ^ clkbuf_1_0__f_clk/X (sky130_fd_sc_hd__clkbuf_16)
     7    0.03                           clknet_1_0__leaf_clk (net)
                  0.05    0.00    0.33 ^ _485_/CLK (sky130_fd_sc_hd__dfrtp_1)
                          0.25    0.58   clock uncertainty
                          0.00    0.58   clock reconvergence pessimism
                          0.35    0.92   library removal time
                                  0.92   data required time
-----------------------------------------------------------------------------
                                  0.92   data required time
                                 -5.17   data arrival time
-----------------------------------------------------------------------------
                                  4.24   slack (MET)


Startpoint: rst_n (input port clocked by clk)
Endpoint: _488_ (removal check against rising-edge clock clk)
Path Group: asynchronous
Path Type: min
Corner: Typical

Fanout     Cap    Slew   Delay    Time   Description
-----------------------------------------------------------------------------
                          0.00    0.00   clock clk (rise edge)
                          0.00    0.00   clock network delay (propagated)
                          5.00    5.00 ^ input external delay
                  0.02    0.01    5.01 ^ rst_n (in)
     1    0.00                           rst_n (net)
                  0.02    0.00    5.01 ^ input10/A (sky130_fd_sc_hd__clkbuf_2)
                  0.14    0.16    5.17 ^ input10/X (sky130_fd_sc_hd__clkbuf_2)
     5    0.02                           net10 (net)
                  0.14    0.00    5.17 ^ _488_/RESET_B (sky130_fd_sc_hd__dfrtp_1)
                                  5.17   data arrival time

                          0.00    0.00   clock clk (rise edge)
                          0.00    0.00   clock source latency
                  0.07    0.05    0.05 ^ clk (in)
     1    0.01                           clk (net)
                  0.07    0.00    0.05 ^ clkbuf_0_clk/A (sky130_fd_sc_hd__clkbuf_16)
                  0.04    0.14    0.19 ^ clkbuf_0_clk/X (sky130_fd_sc_hd__clkbuf_16)
     2    0.02                           clknet_0_clk (net)
                  0.04    0.00    0.19 ^ clkbuf_1_0__f_clk/A (sky130_fd_sc_hd__clkbuf_16)
                  0.05    0.14    0.33 ^ clkbuf_1_0__f_clk/X (sky130_fd_sc_hd__clkbuf_16)
     7    0.03                           clknet_1_0__leaf_clk (net)
                  0.05    0.00    0.33 ^ _488_/CLK (sky130_fd_sc_hd__dfrtp_1)
                          0.25    0.58   clock uncertainty
                          0.00    0.58   clock reconvergence pessimism
                          0.35    0.92   library removal time
                                  0.92   data required time
-----------------------------------------------------------------------------
                                  0.92   data required time
                                 -5.17   data arrival time
-----------------------------------------------------------------------------
                                  4.24   slack (MET)


Startpoint: rst_n (input port clocked by clk)
Endpoint: _486_ (removal check against rising-edge clock clk)
Path Group: asynchronous
Path Type: min
Corner: Typical

Fanout     Cap    Slew   Delay    Time   Description
-----------------------------------------------------------------------------
                          0.00    0.00   clock clk (rise edge)
                          0.00    0.00   clock network delay (propagated)
                          5.00    5.00 ^ input external delay
                  0.02    0.01    5.01 ^ rst_n (in)
     1    0.00                           rst_n (net)
                  0.02    0.00    5.01 ^ input10/A (sky130_fd_sc_hd__clkbuf_2)
                  0.14    0.16    5.17 ^ input10/X (sky130_fd_sc_hd__clkbuf_2)
     5    0.02                           net10 (net)
                  0.14    0.00    5.17 ^ _486_/RESET_B (sky130_fd_sc_hd__dfrtp_1)
                                  5.17   data arrival time

                          0.00    0.00   clock clk (rise edge)
                          0.00    0.00   clock source latency
                  0.07    0.05    0.05 ^ clk (in)
     1    0.01                           clk (net)
                  0.07    0.00    0.05 ^ clkbuf_0_clk/A (sky130_fd_sc_hd__clkbuf_16)
                  0.04    0.14    0.19 ^ clkbuf_0_clk/X (sky130_fd_sc_hd__clkbuf_16)
     2    0.02                           clknet_0_clk (net)
                  0.04    0.00    0.19 ^ clkbuf_1_0__f_clk/A (sky130_fd_sc_hd__clkbuf_16)
                  0.05    0.14    0.33 ^ clkbuf_1_0__f_clk/X (sky130_fd_sc_hd__clkbuf_16)
     7    0.03                           clknet_1_0__leaf_clk (net)
                  0.05    0.00    0.33 ^ _486_/CLK (sky130_fd_sc_hd__dfrtp_1)
                          0.25    0.58   clock uncertainty
                          0.00    0.58   clock reconvergence pessimism
                          0.35    0.92   library removal time
                                  0.92   data required time
-----------------------------------------------------------------------------
                                  0.92   data required time
                                 -5.17   data arrival time
-----------------------------------------------------------------------------
                                  4.24   slack (MET)


Startpoint: rst_n (input port clocked by clk)
Endpoint: _481_ (removal check against rising-edge clock clk)
Path Group: asynchronous
Path Type: min
Corner: Typical

Fanout     Cap    Slew   Delay    Time   Description
-----------------------------------------------------------------------------
                          0.00    0.00   clock clk (rise edge)
                          0.00    0.00   clock network delay (propagated)
                          5.00    5.00 ^ input external delay
                  0.02    0.01    5.01 ^ rst_n (in)
     1    0.00                           rst_n (net)
                  0.02    0.00    5.01 ^ input10/A (sky130_fd_sc_hd__clkbuf_2)
                  0.14    0.16    5.17 ^ input10/X (sky130_fd_sc_hd__clkbuf_2)
     5    0.02                           net10 (net)
                  0.14    0.00    5.17 ^ fanout39/A (sky130_fd_sc_hd__buf_4)
                  0.17    0.22    5.39 ^ fanout39/X (sky130_fd_sc_hd__buf_4)
    10    0.06                           net39 (net)
                  0.17    0.00    5.39 ^ _481_/RESET_B (sky130_fd_sc_hd__dfrtp_1)
                                  5.39   data arrival time

                          0.00    0.00   clock clk (rise edge)
                          0.00    0.00   clock source latency
                  0.07    0.05    0.05 ^ clk (in)
     1    0.01                           clk (net)
                  0.07    0.00    0.05 ^ clkbuf_0_clk/A (sky130_fd_sc_hd__clkbuf_16)
                  0.04    0.14    0.19 ^ clkbuf_0_clk/X (sky130_fd_sc_hd__clkbuf_16)
     2    0.02                           clknet_0_clk (net)
                  0.04    0.00    0.19 ^ clkbuf_1_1__f_clk/A (sky130_fd_sc_hd__clkbuf_16)
                  0.05    0.14    0.33 ^ clkbuf_1_1__f_clk/X (sky130_fd_sc_hd__clkbuf_16)
     7    0.03                           clknet_1_1__leaf_clk (net)
                  0.05    0.00    0.33 ^ _481_/CLK (sky130_fd_sc_hd__dfrtp_1)
                          0.25    0.58   clock uncertainty
                          0.00    0.58   clock reconvergence pessimism
                          0.35    0.93   library removal time
                                  0.93   data required time
-----------------------------------------------------------------------------
                                  0.93   data required time
                                 -5.39   data arrival time
-----------------------------------------------------------------------------
                                  4.46   slack (MET)


Startpoint: rst_n (input port clocked by clk)
Endpoint: _479_ (removal check against rising-edge clock clk)
Path Group: asynchronous
Path Type: min
Corner: Typical

Fanout     Cap    Slew   Delay    Time   Description
-----------------------------------------------------------------------------
                          0.00    0.00   clock clk (rise edge)
                          0.00    0.00   clock network delay (propagated)
                          5.00    5.00 ^ input external delay
                  0.02    0.01    5.01 ^ rst_n (in)
     1    0.00                           rst_n (net)
                  0.02    0.00    5.01 ^ input10/A (sky130_fd_sc_hd__clkbuf_2)
                  0.14    0.16    5.17 ^ input10/X (sky130_fd_sc_hd__clkbuf_2)
     5    0.02                           net10 (net)
                  0.14    0.00    5.17 ^ fanout39/A (sky130_fd_sc_hd__buf_4)
                  0.17    0.22    5.39 ^ fanout39/X (sky130_fd_sc_hd__buf_4)
    10    0.06                           net39 (net)
                  0.17    0.00    5.39 ^ _479_/RESET_B (sky130_fd_sc_hd__dfrtp_1)
                                  5.39   data arrival time

                          0.00    0.00   clock clk (rise edge)
                          0.00    0.00   clock source latency
                  0.07    0.05    0.05 ^ clk (in)
     1    0.01                           clk (net)
                  0.07    0.00    0.05 ^ clkbuf_0_clk/A (sky130_fd_sc_hd__clkbuf_16)
                  0.04    0.14    0.19 ^ clkbuf_0_clk/X (sky130_fd_sc_hd__clkbuf_16)
     2    0.02                           clknet_0_clk (net)
                  0.04    0.00    0.19 ^ clkbuf_1_1__f_clk/A (sky130_fd_sc_hd__clkbuf_16)
                  0.05    0.14    0.33 ^ clkbuf_1_1__f_clk/X (sky130_fd_sc_hd__clkbuf_16)
     7    0.03                           clknet_1_1__leaf_clk (net)
                  0.05    0.00    0.33 ^ _479_/CLK (sky130_fd_sc_hd__dfrtp_1)
                          0.25    0.58   clock uncertainty
                          0.00    0.58   clock reconvergence pessimism
                          0.35    0.93   library removal time
                                  0.93   data required time
-----------------------------------------------------------------------------
                                  0.93   data required time
                                 -5.39   data arrival time
-----------------------------------------------------------------------------
                                  4.46   slack (MET)


Startpoint: rst_n (input port clocked by clk)
Endpoint: _482_ (removal check against rising-edge clock clk)
Path Group: asynchronous
Path Type: min
Corner: Typical

Fanout     Cap    Slew   Delay    Time   Description
-----------------------------------------------------------------------------
                          0.00    0.00   clock clk (rise edge)
                          0.00    0.00   clock network delay (propagated)
                          5.00    5.00 ^ input external delay
                  0.02    0.01    5.01 ^ rst_n (in)
     1    0.00                           rst_n (net)
                  0.02    0.00    5.01 ^ input10/A (sky130_fd_sc_hd__clkbuf_2)
                  0.14    0.16    5.17 ^ input10/X (sky130_fd_sc_hd__clkbuf_2)
     5    0.02                           net10 (net)
                  0.14    0.00    5.17 ^ fanout39/A (sky130_fd_sc_hd__buf_4)
                  0.17    0.22    5.39 ^ fanout39/X (sky130_fd_sc_hd__buf_4)
    10    0.06                           net39 (net)
                  0.17    0.00    5.39 ^ _482_/RESET_B (sky130_fd_sc_hd__dfrtp_1)
                                  5.39   data arrival time

                          0.00    0.00   clock clk (rise edge)
                          0.00    0.00   clock source latency
                  0.07    0.05    0.05 ^ clk (in)
     1    0.01                           clk (net)
                  0.07    0.00    0.05 ^ clkbuf_0_clk/A (sky130_fd_sc_hd__clkbuf_16)
                  0.04    0.14    0.19 ^ clkbuf_0_clk/X (sky130_fd_sc_hd__clkbuf_16)
     2    0.02                           clknet_0_clk (net)
                  0.04    0.00    0.19 ^ clkbuf_1_1__f_clk/A (sky130_fd_sc_hd__clkbuf_16)
                  0.05    0.14    0.33 ^ clkbuf_1_1__f_clk/X (sky130_fd_sc_hd__clkbuf_16)
     7    0.03                           clknet_1_1__leaf_clk (net)
                  0.05    0.00    0.33 ^ _482_/CLK (sky130_fd_sc_hd__dfrtp_1)
                          0.25    0.58   clock uncertainty
                          0.00    0.58   clock reconvergence pessimism
                          0.35    0.93   library removal time
                                  0.93   data required time
-----------------------------------------------------------------------------
                                  0.93   data required time
                                 -5.39   data arrival time
-----------------------------------------------------------------------------
                                  4.46   slack (MET)


Startpoint: rst_n (input port clocked by clk)
Endpoint: _483_ (removal check against rising-edge clock clk)
Path Group: asynchronous
Path Type: min
Corner: Typical

Fanout     Cap    Slew   Delay    Time   Description
-----------------------------------------------------------------------------
                          0.00    0.00   clock clk (rise edge)
                          0.00    0.00   clock network delay (propagated)
                          5.00    5.00 ^ input external delay
                  0.02    0.01    5.01 ^ rst_n (in)
     1    0.00                           rst_n (net)
                  0.02    0.00    5.01 ^ input10/A (sky130_fd_sc_hd__clkbuf_2)
                  0.14    0.16    5.17 ^ input10/X (sky130_fd_sc_hd__clkbuf_2)
     5    0.02                           net10 (net)
                  0.14    0.00    5.17 ^ fanout39/A (sky130_fd_sc_hd__buf_4)
                  0.17    0.22    5.39 ^ fanout39/X (sky130_fd_sc_hd__buf_4)
    10    0.06                           net39 (net)
                  0.17    0.00    5.39 ^ _483_/RESET_B (sky130_fd_sc_hd__dfrtp_1)
                                  5.39   data arrival time

                          0.00    0.00   clock clk (rise edge)
                          0.00    0.00   clock source latency
                  0.07    0.05    0.05 ^ clk (in)
     1    0.01                           clk (net)
                  0.07    0.00    0.05 ^ clkbuf_0_clk/A (sky130_fd_sc_hd__clkbuf_16)
                  0.04    0.14    0.19 ^ clkbuf_0_clk/X (sky130_fd_sc_hd__clkbuf_16)
     2    0.02                           clknet_0_clk (net)
                  0.04    0.00    0.19 ^ clkbuf_1_1__f_clk/A (sky130_fd_sc_hd__clkbuf_16)
                  0.05    0.14    0.33 ^ clkbuf_1_1__f_clk/X (sky130_fd_sc_hd__clkbuf_16)
     7    0.03                           clknet_1_1__leaf_clk (net)
                  0.05    0.00    0.33 ^ _483_/CLK (sky130_fd_sc_hd__dfrtp_1)
                          0.25    0.58   clock uncertainty
                          0.00    0.58   clock reconvergence pessimism
                          0.35    0.93   library removal time
                                  0.93   data required time
-----------------------------------------------------------------------------
                                  0.93   data required time
                                 -5.39   data arrival time
-----------------------------------------------------------------------------
                                  4.46   slack (MET)


Startpoint: rst_n (input port clocked by clk)
Endpoint: _480_ (removal check against rising-edge clock clk)
Path Group: asynchronous
Path Type: min
Corner: Typical

Fanout     Cap    Slew   Delay    Time   Description
-----------------------------------------------------------------------------
                          0.00    0.00   clock clk (rise edge)
                          0.00    0.00   clock network delay (propagated)
                          5.00    5.00 ^ input external delay
                  0.02    0.01    5.01 ^ rst_n (in)
     1    0.00                           rst_n (net)
                  0.02    0.00    5.01 ^ input10/A (sky130_fd_sc_hd__clkbuf_2)
                  0.14    0.16    5.17 ^ input10/X (sky130_fd_sc_hd__clkbuf_2)
     5    0.02                           net10 (net)
                  0.14    0.00    5.17 ^ fanout39/A (sky130_fd_sc_hd__buf_4)
                  0.17    0.22    5.39 ^ fanout39/X (sky130_fd_sc_hd__buf_4)
    10    0.06                           net39 (net)
                  0.17    0.00    5.39 ^ _480_/RESET_B (sky130_fd_sc_hd__dfrtp_1)
                                  5.39   data arrival time

                          0.00    0.00   clock clk (rise edge)
                          0.00    0.00   clock source latency
                  0.07    0.05    0.05 ^ clk (in)
     1    0.01                           clk (net)
                  0.07    0.00    0.05 ^ clkbuf_0_clk/A (sky130_fd_sc_hd__clkbuf_16)
                  0.04    0.14    0.19 ^ clkbuf_0_clk/X (sky130_fd_sc_hd__clkbuf_16)
     2    0.02                           clknet_0_clk (net)
                  0.04    0.00    0.19 ^ clkbuf_1_1__f_clk/A (sky130_fd_sc_hd__clkbuf_16)
                  0.05    0.14    0.33 ^ clkbuf_1_1__f_clk/X (sky130_fd_sc_hd__clkbuf_16)
     7    0.03                           clknet_1_1__leaf_clk (net)
                  0.05    0.00    0.33 ^ _480_/CLK (sky130_fd_sc_hd__dfrtp_1)
                          0.25    0.58   clock uncertainty
                          0.00    0.58   clock reconvergence pessimism
                          0.35    0.93   library removal time
                                  0.93   data required time
-----------------------------------------------------------------------------
                                  0.93   data required time
                                 -5.39   data arrival time
-----------------------------------------------------------------------------
                                  4.46   slack (MET)


Startpoint: rst_n (input port clocked by clk)
Endpoint: _478_ (removal check against rising-edge clock clk)
Path Group: asynchronous
Path Type: min
Corner: Typical

Fanout     Cap    Slew   Delay    Time   Description
-----------------------------------------------------------------------------
                          0.00    0.00   clock clk (rise edge)
                          0.00    0.00   clock network delay (propagated)
                          5.00    5.00 ^ input external delay
                  0.02    0.01    5.01 ^ rst_n (in)
     1    0.00                           rst_n (net)
                  0.02    0.00    5.01 ^ input10/A (sky130_fd_sc_hd__clkbuf_2)
                  0.14    0.16    5.17 ^ input10/X (sky130_fd_sc_hd__clkbuf_2)
     5    0.02                           net10 (net)
                  0.14    0.00    5.17 ^ fanout39/A (sky130_fd_sc_hd__buf_4)
                  0.17    0.22    5.39 ^ fanout39/X (sky130_fd_sc_hd__buf_4)
    10    0.06                           net39 (net)
                  0.17    0.00    5.39 ^ _478_/RESET_B (sky130_fd_sc_hd__dfrtp_1)
                                  5.39   data arrival time

                          0.00    0.00   clock clk (rise edge)
                          0.00    0.00   clock source latency
                  0.07    0.05    0.05 ^ clk (in)
     1    0.01                           clk (net)
                  0.07    0.00    0.05 ^ clkbuf_0_clk/A (sky130_fd_sc_hd__clkbuf_16)
                  0.04    0.14    0.19 ^ clkbuf_0_clk/X (sky130_fd_sc_hd__clkbuf_16)
     2    0.02                           clknet_0_clk (net)
                  0.04    0.00    0.19 ^ clkbuf_1_1__f_clk/A (sky130_fd_sc_hd__clkbuf_16)
                  0.05    0.14    0.33 ^ clkbuf_1_1__f_clk/X (sky130_fd_sc_hd__clkbuf_16)
     7    0.03                           clknet_1_1__leaf_clk (net)
                  0.05    0.00    0.33 ^ _478_/CLK (sky130_fd_sc_hd__dfrtp_1)
                          0.25    0.58   clock uncertainty
                          0.00    0.58   clock reconvergence pessimism
                          0.35    0.93   library removal time
                                  0.93   data required time
-----------------------------------------------------------------------------
                                  0.93   data required time
                                 -5.39   data arrival time
-----------------------------------------------------------------------------
                                  4.46   slack (MET)


Startpoint: rst_n (input port clocked by clk)
Endpoint: _491_ (removal check against rising-edge clock clk)
Path Group: asynchronous
Path Type: min
Corner: Typical

Fanout     Cap    Slew   Delay    Time   Description
-----------------------------------------------------------------------------
                          0.00    0.00   clock clk (rise edge)
                          0.00    0.00   clock network delay (propagated)
                          5.00    5.00 ^ input external delay
                  0.02    0.01    5.01 ^ rst_n (in)
     1    0.00                           rst_n (net)
                  0.02    0.00    5.01 ^ input10/A (sky130_fd_sc_hd__clkbuf_2)
                  0.14    0.16    5.17 ^ input10/X (sky130_fd_sc_hd__clkbuf_2)
     5    0.02                           net10 (net)
                  0.14    0.00    5.17 ^ fanout39/A (sky130_fd_sc_hd__buf_4)
                  0.17    0.22    5.39 ^ fanout39/X (sky130_fd_sc_hd__buf_4)
    10    0.06                           net39 (net)
                  0.17    0.01    5.39 ^ _491_/RESET_B (sky130_fd_sc_hd__dfrtp_1)
                                  5.39   data arrival time

                          0.00    0.00   clock clk (rise edge)
                          0.00    0.00   clock source latency
                  0.07    0.05    0.05 ^ clk (in)
     1    0.01                           clk (net)
                  0.07    0.00    0.05 ^ clkbuf_0_clk/A (sky130_fd_sc_hd__clkbuf_16)
                  0.04    0.14    0.19 ^ clkbuf_0_clk/X (sky130_fd_sc_hd__clkbuf_16)
     2    0.02                           clknet_0_clk (net)
                  0.04    0.00    0.19 ^ clkbuf_1_0__f_clk/A (sky130_fd_sc_hd__clkbuf_16)
                  0.05    0.14    0.33 ^ clkbuf_1_0__f_clk/X (sky130_fd_sc_hd__clkbuf_16)
     7    0.03                           clknet_1_0__leaf_clk (net)
                  0.05    0.00    0.33 ^ _491_/CLK (sky130_fd_sc_hd__dfrtp_1)
                          0.25    0.58   clock uncertainty
                          0.00    0.58   clock reconvergence pessimism
                          0.35    0.93   library removal time
                                  0.93   data required time
-----------------------------------------------------------------------------
                                  0.93   data required time
                                 -5.39   data arrival time
-----------------------------------------------------------------------------
                                  4.46   slack (MET)


Startpoint: rst_n (input port clocked by clk)
Endpoint: _489_ (removal check against rising-edge clock clk)
Path Group: asynchronous
Path Type: min
Corner: Typical

Fanout     Cap    Slew   Delay    Time   Description
-----------------------------------------------------------------------------
                          0.00    0.00   clock clk (rise edge)
                          0.00    0.00   clock network delay (propagated)
                          5.00    5.00 ^ input external delay
                  0.02    0.01    5.01 ^ rst_n (in)
     1    0.00                           rst_n (net)
                  0.02    0.00    5.01 ^ input10/A (sky130_fd_sc_hd__clkbuf_2)
                  0.14    0.16    5.17 ^ input10/X (sky130_fd_sc_hd__clkbuf_2)
     5    0.02                           net10 (net)
                  0.14    0.00    5.17 ^ fanout39/A (sky130_fd_sc_hd__buf_4)
                  0.17    0.22    5.39 ^ fanout39/X (sky130_fd_sc_hd__buf_4)
    10    0.06                           net39 (net)
                  0.17    0.00    5.39 ^ _489_/RESET_B (sky130_fd_sc_hd__dfrtp_1)
                                  5.39   data arrival time

                          0.00    0.00   clock clk (rise edge)
                          0.00    0.00   clock source latency
                  0.07    0.05    0.05 ^ clk (in)
     1    0.01                           clk (net)
                  0.07    0.00    0.05 ^ clkbuf_0_clk/A (sky130_fd_sc_hd__clkbuf_16)
                  0.04    0.14    0.19 ^ clkbuf_0_clk/X (sky130_fd_sc_hd__clkbuf_16)
     2    0.02                           clknet_0_clk (net)
                  0.04    0.00    0.19 ^ clkbuf_1_0__f_clk/A (sky130_fd_sc_hd__clkbuf_16)
                  0.05    0.14    0.33 ^ clkbuf_1_0__f_clk/X (sky130_fd_sc_hd__clkbuf_16)
     7    0.03                           clknet_1_0__leaf_clk (net)
                  0.05    0.00    0.33 ^ _489_/CLK (sky130_fd_sc_hd__dfrtp_1)
                          0.25    0.58   clock uncertainty
                          0.00    0.58   clock reconvergence pessimism
                          0.35    0.93   library removal time
                                  0.93   data required time
-----------------------------------------------------------------------------
                                  0.93   data required time
                                 -5.39   data arrival time
-----------------------------------------------------------------------------
                                  4.46   slack (MET)


Startpoint: rst_n (input port clocked by clk)
Endpoint: _490_ (removal check against rising-edge clock clk)
Path Group: asynchronous
Path Type: min
Corner: Typical

Fanout     Cap    Slew   Delay    Time   Description
-----------------------------------------------------------------------------
                          0.00    0.00   clock clk (rise edge)
                          0.00    0.00   clock network delay (propagated)
                          5.00    5.00 ^ input external delay
                  0.02    0.01    5.01 ^ rst_n (in)
     1    0.00                           rst_n (net)
                  0.02    0.00    5.01 ^ input10/A (sky130_fd_sc_hd__clkbuf_2)
                  0.14    0.16    5.17 ^ input10/X (sky130_fd_sc_hd__clkbuf_2)
     5    0.02                           net10 (net)
                  0.14    0.00    5.17 ^ fanout39/A (sky130_fd_sc_hd__buf_4)
                  0.17    0.22    5.39 ^ fanout39/X (sky130_fd_sc_hd__buf_4)
    10    0.06                           net39 (net)
                  0.17    0.01    5.39 ^ _490_/RESET_B (sky130_fd_sc_hd__dfrtp_1)
                                  5.39   data arrival time

                          0.00    0.00   clock clk (rise edge)
                          0.00    0.00   clock source latency
                  0.07    0.05    0.05 ^ clk (in)
     1    0.01                           clk (net)
                  0.07    0.00    0.05 ^ clkbuf_0_clk/A (sky130_fd_sc_hd__clkbuf_16)
                  0.04    0.14    0.19 ^ clkbuf_0_clk/X (sky130_fd_sc_hd__clkbuf_16)
     2    0.02                           clknet_0_clk (net)
                  0.04    0.00    0.19 ^ clkbuf_1_0__f_clk/A (sky130_fd_sc_hd__clkbuf_16)
                  0.05    0.14    0.33 ^ clkbuf_1_0__f_clk/X (sky130_fd_sc_hd__clkbuf_16)
     7    0.03                           clknet_1_0__leaf_clk (net)
                  0.05    0.00    0.33 ^ _490_/CLK (sky130_fd_sc_hd__dfrtp_1)
                          0.25    0.58   clock uncertainty
                          0.00    0.58   clock reconvergence pessimism
                          0.35    0.93   library removal time
                                  0.93   data required time
-----------------------------------------------------------------------------
                                  0.93   data required time
                                 -5.39   data arrival time
-----------------------------------------------------------------------------
                                  4.46   slack (MET)


Startpoint: rst_n (input port clocked by clk)
Endpoint: _484_ (removal check against rising-edge clock clk)
Path Group: asynchronous
Path Type: min
Corner: Typical

Fanout     Cap    Slew   Delay    Time   Description
-----------------------------------------------------------------------------
                          0.00    0.00   clock clk (rise edge)
                          0.00    0.00   clock network delay (propagated)
                          5.00    5.00 ^ input external delay
                  0.02    0.01    5.01 ^ rst_n (in)
     1    0.00                           rst_n (net)
                  0.02    0.00    5.01 ^ input10/A (sky130_fd_sc_hd__clkbuf_2)
                  0.14    0.16    5.17 ^ input10/X (sky130_fd_sc_hd__clkbuf_2)
     5    0.02                           net10 (net)
                  0.14    0.00    5.17 ^ fanout39/A (sky130_fd_sc_hd__buf_4)
                  0.17    0.22    5.39 ^ fanout39/X (sky130_fd_sc_hd__buf_4)
    10    0.06                           net39 (net)
                  0.17    0.01    5.39 ^ _484_/RESET_B (sky130_fd_sc_hd__dfrtp_1)
                                  5.39   data arrival time

                          0.00    0.00   clock clk (rise edge)
                          0.00    0.00   clock source latency
                  0.07    0.05    0.05 ^ clk (in)
     1    0.01                           clk (net)
                  0.07    0.00    0.05 ^ clkbuf_0_clk/A (sky130_fd_sc_hd__clkbuf_16)
                  0.04    0.14    0.19 ^ clkbuf_0_clk/X (sky130_fd_sc_hd__clkbuf_16)
     2    0.02                           clknet_0_clk (net)
                  0.04    0.00    0.19 ^ clkbuf_1_0__f_clk/A (sky130_fd_sc_hd__clkbuf_16)
                  0.05    0.14    0.33 ^ clkbuf_1_0__f_clk/X (sky130_fd_sc_hd__clkbuf_16)
     7    0.03                           clknet_1_0__leaf_clk (net)
                  0.05    0.00    0.33 ^ _484_/CLK (sky130_fd_sc_hd__dfrtp_1)
                          0.25    0.58   clock uncertainty
                          0.00    0.58   clock reconvergence pessimism
                          0.35    0.93   library removal time
                                  0.93   data required time
-----------------------------------------------------------------------------
                                  0.93   data required time
                                 -5.39   data arrival time
-----------------------------------------------------------------------------
                                  4.46   slack (MET)


Startpoint: valid_in (input port clocked by clk)
Endpoint: _479_ (rising edge-triggered flip-flop clocked by clk)
Path Group: clk
Path Type: min
Corner: Typical

Fanout     Cap    Slew   Delay    Time   Description
-----------------------------------------------------------------------------
                          0.00    0.00   clock clk (rise edge)
                          0.00    0.00   clock network delay (propagated)
                          5.00    5.00 v input external delay
                  0.01    0.00    5.00 v valid_in (in)
     1    0.00                           valid_in (net)
                  0.01    0.00    5.00 v input23/A (sky130_fd_sc_hd__buf_1)
                  0.11    0.14    5.14 v input23/X (sky130_fd_sc_hd__buf_1)
     2    0.02                           net23 (net)
                  0.11    0.00    5.14 v _479_/D (sky130_fd_sc_hd__dfrtp_1)
                                  5.14   data arrival time

                          0.00    0.00   clock clk (rise edge)
                          0.00    0.00   clock source latency
                  0.07    0.05    0.05 ^ clk (in)
     1    0.01                           clk (net)
                  0.07    0.00    0.05 ^ clkbuf_0_clk/A (sky130_fd_sc_hd__clkbuf_16)
                  0.04    0.14    0.19 ^ clkbuf_0_clk/X (sky130_fd_sc_hd__clkbuf_16)
     2    0.02                           clknet_0_clk (net)
                  0.04    0.00    0.19 ^ clkbuf_1_1__f_clk/A (sky130_fd_sc_hd__clkbuf_16)
                  0.05    0.14    0.33 ^ clkbuf_1_1__f_clk/X (sky130_fd_sc_hd__clkbuf_16)
     7    0.03                           clknet_1_1__leaf_clk (net)
                  0.05    0.00    0.33 ^ _479_/CLK (sky130_fd_sc_hd__dfrtp_1)
                          0.25    0.58   clock uncertainty
                          0.00    0.58   clock reconvergence pessimism
                         -0.07    0.50   library hold time
                                  0.50   data required time
-----------------------------------------------------------------------------
                                  0.50   data required time
                                 -5.14   data arrival time
-----------------------------------------------------------------------------
                                  4.64   slack (MET)


Startpoint: _479_ (rising edge-triggered flip-flop clocked by clk)
Endpoint: valid_out (output port clocked by clk)
Path Group: clk
Path Type: min
Corner: Typical

Fanout     Cap    Slew   Delay    Time   Description
-----------------------------------------------------------------------------
                          0.00    0.00   clock clk (rise edge)
                          0.00    0.00   clock source latency
                  0.07    0.04    0.04 ^ clk (in)
     1    0.01                           clk (net)
                  0.07    0.00    0.04 ^ clkbuf_0_clk/A (sky130_fd_sc_hd__clkbuf_16)
                  0.04    0.13    0.17 ^ clkbuf_0_clk/X (sky130_fd_sc_hd__clkbuf_16)
     2    0.02                           clknet_0_clk (net)
                  0.04    0.00    0.17 ^ clkbuf_1_1__f_clk/A (sky130_fd_sc_hd__clkbuf_16)
                  0.05    0.13    0.30 ^ clkbuf_1_1__f_clk/X (sky130_fd_sc_hd__clkbuf_16)
     7    0.03                           clknet_1_1__leaf_clk (net)
                  0.05    0.00    0.30 ^ _479_/CLK (sky130_fd_sc_hd__dfrtp_1)
                  0.05    0.31    0.60 ^ _479_/Q (sky130_fd_sc_hd__dfrtp_1)
     1    0.00                           net37 (net)
                  0.05    0.00    0.60 ^ output37/A (sky130_fd_sc_hd__clkbuf_4)
                  0.11    0.18    0.78 ^ output37/X (sky130_fd_sc_hd__clkbuf_4)
     1    0.03                           valid_out (net)
                  0.11    0.00    0.78 ^ valid_out (out)
                                  0.78   data arrival time

                          0.00    0.00   clock clk (rise edge)
                          0.00    0.00   clock network delay (propagated)
                          0.25    0.25   clock uncertainty
                          0.00    0.25   clock reconvergence pessimism
                         -5.00   -4.75   output external delay
                                 -4.75   data required time
-----------------------------------------------------------------------------
                                 -4.75   data required time
                                 -0.78   data arrival time
-----------------------------------------------------------------------------
                                  5.53   slack (MET)


Startpoint: _480_ (rising edge-triggered flip-flop clocked by clk)
Endpoint: int4_out[0] (output port clocked by clk)
Path Group: clk
Path Type: min
Corner: Typical

Fanout     Cap    Slew   Delay    Time   Description
-----------------------------------------------------------------------------
                          0.00    0.00   clock clk (rise edge)
                          0.00    0.00   clock source latency
                  0.07    0.04    0.04 ^ clk (in)
     1    0.01                           clk (net)
                  0.07    0.00    0.04 ^ clkbuf_0_clk/A (sky130_fd_sc_hd__clkbuf_16)
                  0.04    0.13    0.17 ^ clkbuf_0_clk/X (sky130_fd_sc_hd__clkbuf_16)
     2    0.02                           clknet_0_clk (net)
                  0.04    0.00    0.17 ^ clkbuf_1_1__f_clk/A (sky130_fd_sc_hd__clkbuf_16)
                  0.05    0.13    0.30 ^ clkbuf_1_1__f_clk/X (sky130_fd_sc_hd__clkbuf_16)
     7    0.03                           clknet_1_1__leaf_clk (net)
                  0.05    0.00    0.30 ^ _480_/CLK (sky130_fd_sc_hd__dfrtp_1)
                  0.06    0.31    0.61 ^ _480_/Q (sky130_fd_sc_hd__dfrtp_1)
     2    0.00                           net24 (net)
                  0.06    0.00    0.61 ^ output24/A (sky130_fd_sc_hd__clkbuf_4)
                  0.11    0.18    0.79 ^ output24/X (sky130_fd_sc_hd__clkbuf_4)
     1    0.03                           int4_out[0] (net)
                  0.11    0.00    0.79 ^ int4_out[0] (out)
                                  0.79   data arrival time

                          0.00    0.00   clock clk (rise edge)
                          0.00    0.00   clock network delay (propagated)
                          0.25    0.25   clock uncertainty
                          0.00    0.25   clock reconvergence pessimism
                         -5.00   -4.75   output external delay
                                 -4.75   data required time
-----------------------------------------------------------------------------
                                 -4.75   data required time
                                 -0.79   data arrival time
-----------------------------------------------------------------------------
                                  5.54   slack (MET)


Startpoint: _478_ (rising edge-triggered flip-flop clocked by clk)
Endpoint: is_outlier (output port clocked by clk)
Path Group: clk
Path Type: min
Corner: Typical

Fanout     Cap    Slew   Delay    Time   Description
-----------------------------------------------------------------------------
                          0.00    0.00   clock clk (rise edge)
                          0.00    0.00   clock source latency
                  0.07    0.04    0.04 ^ clk (in)
     1    0.01                           clk (net)
                  0.07    0.00    0.04 ^ clkbuf_0_clk/A (sky130_fd_sc_hd__clkbuf_16)
                  0.04    0.13    0.17 ^ clkbuf_0_clk/X (sky130_fd_sc_hd__clkbuf_16)
     2    0.02                           clknet_0_clk (net)
                  0.04    0.00    0.17 ^ clkbuf_1_1__f_clk/A (sky130_fd_sc_hd__clkbuf_16)
                  0.05    0.13    0.30 ^ clkbuf_1_1__f_clk/X (sky130_fd_sc_hd__clkbuf_16)
     7    0.03                           clknet_1_1__leaf_clk (net)
                  0.05    0.00    0.30 ^ _478_/CLK (sky130_fd_sc_hd__dfrtp_1)
                  0.06    0.31    0.61 ^ _478_/Q (sky130_fd_sc_hd__dfrtp_1)
     2    0.00                           net28 (net)
                  0.06    0.00    0.61 ^ output28/A (sky130_fd_sc_hd__clkbuf_4)
                  0.11    0.18    0.79 ^ output28/X (sky130_fd_sc_hd__clkbuf_4)
     1    0.03                           is_outlier (net)
                  0.11    0.00    0.79 ^ is_outlier (out)
                                  0.79   data arrival time

                          0.00    0.00   clock clk (rise edge)
                          0.00    0.00   clock network delay (propagated)
                          0.25    0.25   clock uncertainty
                          0.00    0.25   clock reconvergence pessimism
                         -5.00   -4.75   output external delay
                                 -4.75   data required time
-----------------------------------------------------------------------------
                                 -4.75   data required time
                                 -0.79   data arrival time
-----------------------------------------------------------------------------
                                  5.54   slack (MET)


Startpoint: _491_ (rising edge-triggered flip-flop clocked by clk)
Endpoint: sideband_out[7] (output port clocked by clk)
Path Group: clk
Path Type: min
Corner: Typical

Fanout     Cap    Slew   Delay    Time   Description
-----------------------------------------------------------------------------
                          0.00    0.00   clock clk (rise edge)
                          0.00    0.00   clock source latency
                  0.07    0.04    0.04 ^ clk (in)
     1    0.01                           clk (net)
                  0.07    0.00    0.04 ^ clkbuf_0_clk/A (sky130_fd_sc_hd__clkbuf_16)
                  0.04    0.13    0.17 ^ clkbuf_0_clk/X (sky130_fd_sc_hd__clkbuf_16)
     2    0.02                           clknet_0_clk (net)
                  0.04    0.00    0.17 ^ clkbuf_1_0__f_clk/A (sky130_fd_sc_hd__clkbuf_16)
                  0.05    0.12    0.29 ^ clkbuf_1_0__f_clk/X (sky130_fd_sc_hd__clkbuf_16)
     7    0.03                           clknet_1_0__leaf_clk (net)
                  0.05    0.00    0.30 ^ _491_/CLK (sky130_fd_sc_hd__dfrtp_1)
                  0.06    0.32    0.61 ^ _491_/Q (sky130_fd_sc_hd__dfrtp_1)
     2    0.01                           net36 (net)
                  0.06    0.00    0.61 ^ output36/A (sky130_fd_sc_hd__clkbuf_4)
                  0.11    0.18    0.79 ^ output36/X (sky130_fd_sc_hd__clkbuf_4)
     1    0.03                           sideband_out[7] (net)
                  0.11    0.00    0.79 ^ sideband_out[7] (out)
                                  0.79   data arrival time

                          0.00    0.00   clock clk (rise edge)
                          0.00    0.00   clock network delay (propagated)
                          0.25    0.25   clock uncertainty
                          0.00    0.25   clock reconvergence pessimism
                         -5.00   -4.75   output external delay
                                 -4.75   data required time
-----------------------------------------------------------------------------
                                 -4.75   data required time
                                 -0.79   data arrival time
-----------------------------------------------------------------------------
                                  5.54   slack (MET)


Startpoint: _481_ (rising edge-triggered flip-flop clocked by clk)
Endpoint: int4_out[1] (output port clocked by clk)
Path Group: clk
Path Type: min
Corner: Typical

Fanout     Cap    Slew   Delay    Time   Description
-----------------------------------------------------------------------------
                          0.00    0.00   clock clk (rise edge)
                          0.00    0.00   clock source latency
                  0.07    0.04    0.04 ^ clk (in)
     1    0.01                           clk (net)
                  0.07    0.00    0.04 ^ clkbuf_0_clk/A (sky130_fd_sc_hd__clkbuf_16)
                  0.04    0.13    0.17 ^ clkbuf_0_clk/X (sky130_fd_sc_hd__clkbuf_16)
     2    0.02                           clknet_0_clk (net)
                  0.04    0.00    0.17 ^ clkbuf_1_1__f_clk/A (sky130_fd_sc_hd__clkbuf_16)
                  0.05    0.13    0.30 ^ clkbuf_1_1__f_clk/X (sky130_fd_sc_hd__clkbuf_16)
     7    0.03                           clknet_1_1__leaf_clk (net)
                  0.05    0.00    0.30 ^ _481_/CLK (sky130_fd_sc_hd__dfrtp_1)
                  0.07    0.32    0.62 ^ _481_/Q (sky130_fd_sc_hd__dfrtp_1)
     2    0.01                           net25 (net)
                  0.07    0.00    0.62 ^ output25/A (sky130_fd_sc_hd__clkbuf_4)
                  0.11    0.18    0.80 ^ output25/X (sky130_fd_sc_hd__clkbuf_4)
     1    0.03                           int4_out[1] (net)
                  0.11    0.00    0.80 ^ int4_out[1] (out)
                                  0.80   data arrival time

                          0.00    0.00   clock clk (rise edge)
                          0.00    0.00   clock network delay (propagated)
                          0.25    0.25   clock uncertainty
                          0.00    0.25   clock reconvergence pessimism
                         -5.00   -4.75   output external delay
                                 -4.75   data required time
-----------------------------------------------------------------------------
                                 -4.75   data required time
                                 -0.80   data arrival time
-----------------------------------------------------------------------------
                                  5.55   slack (MET)


Startpoint: _484_ (rising edge-triggered flip-flop clocked by clk)
Endpoint: sideband_out[0] (output port clocked by clk)
Path Group: clk
Path Type: min
Corner: Typical

Fanout     Cap    Slew   Delay    Time   Description
-----------------------------------------------------------------------------
                          0.00    0.00   clock clk (rise edge)
                          0.00    0.00   clock source latency
                  0.07    0.04    0.04 ^ clk (in)
     1    0.01                           clk (net)
                  0.07    0.00    0.04 ^ clkbuf_0_clk/A (sky130_fd_sc_hd__clkbuf_16)
                  0.04    0.13    0.17 ^ clkbuf_0_clk/X (sky130_fd_sc_hd__clkbuf_16)
     2    0.02                           clknet_0_clk (net)
                  0.04    0.00    0.17 ^ clkbuf_1_0__f_clk/A (sky130_fd_sc_hd__clkbuf_16)
                  0.05    0.12    0.29 ^ clkbuf_1_0__f_clk/X (sky130_fd_sc_hd__clkbuf_16)
     7    0.03                           clknet_1_0__leaf_clk (net)
                  0.05    0.00    0.30 ^ _484_/CLK (sky130_fd_sc_hd__dfrtp_1)
                  0.07    0.32    0.62 ^ _484_/Q (sky130_fd_sc_hd__dfrtp_1)
     2    0.01                           net29 (net)
                  0.07    0.00    0.62 ^ output29/A (sky130_fd_sc_hd__clkbuf_4)
                  0.11    0.18    0.80 ^ output29/X (sky130_fd_sc_hd__clkbuf_4)
     1    0.03                           sideband_out[0] (net)
                  0.11    0.00    0.80 ^ sideband_out[0] (out)
                                  0.80   data arrival time

                          0.00    0.00   clock clk (rise edge)
                          0.00    0.00   clock network delay (propagated)
                          0.25    0.25   clock uncertainty
                          0.00    0.25   clock reconvergence pessimism
                         -5.00   -4.75   output external delay
                                 -4.75   data required time
-----------------------------------------------------------------------------
                                 -4.75   data required time
                                 -0.80   data arrival time
-----------------------------------------------------------------------------
                                  5.55   slack (MET)


Startpoint: _483_ (rising edge-triggered flip-flop clocked by clk)
Endpoint: int4_out[3] (output port clocked by clk)
Path Group: clk
Path Type: min
Corner: Typical

Fanout     Cap    Slew   Delay    Time   Description
-----------------------------------------------------------------------------
                          0.00    0.00   clock clk (rise edge)
                          0.00    0.00   clock source latency
                  0.07    0.04    0.04 ^ clk (in)
     1    0.01                           clk (net)
                  0.07    0.00    0.04 ^ clkbuf_0_clk/A (sky130_fd_sc_hd__clkbuf_16)
                  0.04    0.13    0.17 ^ clkbuf_0_clk/X (sky130_fd_sc_hd__clkbuf_16)
     2    0.02                           clknet_0_clk (net)
                  0.04    0.00    0.17 ^ clkbuf_1_1__f_clk/A (sky130_fd_sc_hd__clkbuf_16)
                  0.05    0.13    0.30 ^ clkbuf_1_1__f_clk/X (sky130_fd_sc_hd__clkbuf_16)
     7    0.03                           clknet_1_1__leaf_clk (net)
                  0.05    0.00    0.30 ^ _483_/CLK (sky130_fd_sc_hd__dfrtp_1)
                  0.07    0.32    0.62 ^ _483_/Q (sky130_fd_sc_hd__dfrtp_1)
     2    0.01                           net27 (net)
                  0.07    0.00    0.62 ^ output27/A (sky130_fd_sc_hd__clkbuf_4)
                  0.11    0.18    0.80 ^ output27/X (sky130_fd_sc_hd__clkbuf_4)
     1    0.03                           int4_out[3] (net)
                  0.11    0.00    0.80 ^ int4_out[3] (out)
                                  0.80   data arrival time

                          0.00    0.00   clock clk (rise edge)
                          0.00    0.00   clock network delay (propagated)
                          0.25    0.25   clock uncertainty
                          0.00    0.25   clock reconvergence pessimism
                         -5.00   -4.75   output external delay
                                 -4.75   data required time
-----------------------------------------------------------------------------
                                 -4.75   data required time
                                 -0.80   data arrival time
-----------------------------------------------------------------------------
                                  5.55   slack (MET)


Startpoint: _482_ (rising edge-triggered flip-flop clocked by clk)
Endpoint: int4_out[2] (output port clocked by clk)
Path Group: clk
Path Type: min
Corner: Typical

Fanout     Cap    Slew   Delay    Time   Description
-----------------------------------------------------------------------------
                          0.00    0.00   clock clk (rise edge)
                          0.00    0.00   clock source latency
                  0.07    0.04    0.04 ^ clk (in)
     1    0.01                           clk (net)
                  0.07    0.00    0.04 ^ clkbuf_0_clk/A (sky130_fd_sc_hd__clkbuf_16)
                  0.04    0.13    0.17 ^ clkbuf_0_clk/X (sky130_fd_sc_hd__clkbuf_16)
     2    0.02                           clknet_0_clk (net)
                  0.04    0.00    0.17 ^ clkbuf_1_1__f_clk/A (sky130_fd_sc_hd__clkbuf_16)
                  0.05    0.13    0.30 ^ clkbuf_1_1__f_clk/X (sky130_fd_sc_hd__clkbuf_16)
     7    0.03                           clknet_1_1__leaf_clk (net)
                  0.05    0.00    0.30 ^ _482_/CLK (sky130_fd_sc_hd__dfrtp_1)
                  0.07    0.32    0.62 ^ _482_/Q (sky130_fd_sc_hd__dfrtp_1)
     2    0.01                           net26 (net)
                  0.07    0.00    0.62 ^ output26/A (sky130_fd_sc_hd__clkbuf_4)
                  0.11    0.19    0.81 ^ output26/X (sky130_fd_sc_hd__clkbuf_4)
     1    0.03                           int4_out[2] (net)
                  0.11    0.00    0.81 ^ int4_out[2] (out)
                                  0.81   data arrival time

                          0.00    0.00   clock clk (rise edge)
                          0.00    0.00   clock network delay (propagated)
                          0.25    0.25   clock uncertainty
                          0.00    0.25   clock reconvergence pessimism
                         -5.00   -4.75   output external delay
                                 -4.75   data required time
-----------------------------------------------------------------------------
                                 -4.75   data required time
                                 -0.81   data arrival time
-----------------------------------------------------------------------------
                                  5.56   slack (MET)


Startpoint: _490_ (rising edge-triggered flip-flop clocked by clk)
Endpoint: sideband_out[6] (output port clocked by clk)
Path Group: clk
Path Type: min
Corner: Typical

Fanout     Cap    Slew   Delay    Time   Description
-----------------------------------------------------------------------------
                          0.00    0.00   clock clk (rise edge)
                          0.00    0.00   clock source latency
                  0.07    0.04    0.04 ^ clk (in)
     1    0.01                           clk (net)
                  0.07    0.00    0.04 ^ clkbuf_0_clk/A (sky130_fd_sc_hd__clkbuf_16)
                  0.04    0.13    0.17 ^ clkbuf_0_clk/X (sky130_fd_sc_hd__clkbuf_16)
     2    0.02                           clknet_0_clk (net)
                  0.04    0.00    0.17 ^ clkbuf_1_0__f_clk/A (sky130_fd_sc_hd__clkbuf_16)
                  0.05    0.12    0.29 ^ clkbuf_1_0__f_clk/X (sky130_fd_sc_hd__clkbuf_16)
     7    0.03                           clknet_1_0__leaf_clk (net)
                  0.05    0.00    0.30 ^ _490_/CLK (sky130_fd_sc_hd__dfrtp_1)
                  0.08    0.33    0.62 ^ _490_/Q (sky130_fd_sc_hd__dfrtp_1)
     2    0.01                           net35 (net)
                  0.08    0.00    0.62 ^ output35/A (sky130_fd_sc_hd__clkbuf_4)
                  0.11    0.19    0.81 ^ output35/X (sky130_fd_sc_hd__clkbuf_4)
     1    0.03                           sideband_out[6] (net)
                  0.11    0.00    0.81 ^ sideband_out[6] (out)
                                  0.81   data arrival time

                          0.00    0.00   clock clk (rise edge)
                          0.00    0.00   clock network delay (propagated)
                          0.25    0.25   clock uncertainty
                          0.00    0.25   clock reconvergence pessimism
                         -5.00   -4.75   output external delay
                                 -4.75   data required time
-----------------------------------------------------------------------------
                                 -4.75   data required time
                                 -0.81   data arrival time
-----------------------------------------------------------------------------
                                  5.56   slack (MET)


Startpoint: _486_ (rising edge-triggered flip-flop clocked by clk)
Endpoint: sideband_out[2] (output port clocked by clk)
Path Group: clk
Path Type: min
Corner: Typical

Fanout     Cap    Slew   Delay    Time   Description
-----------------------------------------------------------------------------
                          0.00    0.00   clock clk (rise edge)
                          0.00    0.00   clock source latency
                  0.07    0.04    0.04 ^ clk (in)
     1    0.01                           clk (net)
                  0.07    0.00    0.04 ^ clkbuf_0_clk/A (sky130_fd_sc_hd__clkbuf_16)
                  0.04    0.13    0.17 ^ clkbuf_0_clk/X (sky130_fd_sc_hd__clkbuf_16)
     2    0.02                           clknet_0_clk (net)
                  0.04    0.00    0.17 ^ clkbuf_1_0__f_clk/A (sky130_fd_sc_hd__clkbuf_16)
                  0.05    0.12    0.29 ^ clkbuf_1_0__f_clk/X (sky130_fd_sc_hd__clkbuf_16)
     7    0.03                           clknet_1_0__leaf_clk (net)
                  0.05    0.00    0.30 ^ _486_/CLK (sky130_fd_sc_hd__dfrtp_1)
                  0.08    0.33    0.62 ^ _486_/Q (sky130_fd_sc_hd__dfrtp_1)
     2    0.01                           net31 (net)
                  0.08    0.00    0.62 ^ output31/A (sky130_fd_sc_hd__clkbuf_4)
                  0.11    0.19    0.81 ^ output31/X (sky130_fd_sc_hd__clkbuf_4)
     1    0.03                           sideband_out[2] (net)
                  0.11    0.00    0.81 ^ sideband_out[2] (out)
                                  0.81   data arrival time

                          0.00    0.00   clock clk (rise edge)
                          0.00    0.00   clock network delay (propagated)
                          0.25    0.25   clock uncertainty
                          0.00    0.25   clock reconvergence pessimism
                         -5.00   -4.75   output external delay
                                 -4.75   data required time
-----------------------------------------------------------------------------
                                 -4.75   data required time
                                 -0.81   data arrival time
-----------------------------------------------------------------------------
                                  5.56   slack (MET)


Startpoint: _488_ (rising edge-triggered flip-flop clocked by clk)
Endpoint: sideband_out[4] (output port clocked by clk)
Path Group: clk
Path Type: min
Corner: Typical

Fanout     Cap    Slew   Delay    Time   Description
-----------------------------------------------------------------------------
                          0.00    0.00   clock clk (rise edge)
                          0.00    0.00   clock source latency
                  0.07    0.04    0.04 ^ clk (in)
     1    0.01                           clk (net)
                  0.07    0.00    0.04 ^ clkbuf_0_clk/A (sky130_fd_sc_hd__clkbuf_16)
                  0.04    0.13    0.17 ^ clkbuf_0_clk/X (sky130_fd_sc_hd__clkbuf_16)
     2    0.02                           clknet_0_clk (net)
                  0.04    0.00    0.17 ^ clkbuf_1_0__f_clk/A (sky130_fd_sc_hd__clkbuf_16)
                  0.05    0.12    0.29 ^ clkbuf_1_0__f_clk/X (sky130_fd_sc_hd__clkbuf_16)
     7    0.03                           clknet_1_0__leaf_clk (net)
                  0.05    0.00    0.30 ^ _488_/CLK (sky130_fd_sc_hd__dfrtp_1)
                  0.07    0.32    0.62 ^ _488_/Q (sky130_fd_sc_hd__dfrtp_1)
     2    0.01                           net33 (net)
                  0.07    0.00    0.62 ^ output33/A (sky130_fd_sc_hd__buf_2)
                  0.17    0.20    0.81 ^ output33/X (sky130_fd_sc_hd__buf_2)
     1    0.03                           sideband_out[4] (net)
                  0.17    0.00    0.81 ^ sideband_out[4] (out)
                                  0.81   data arrival time

                          0.00    0.00   clock clk (rise edge)
                          0.00    0.00   clock network delay (propagated)
                          0.25    0.25   clock uncertainty
                          0.00    0.25   clock reconvergence pessimism
                         -5.00   -4.75   output external delay
                                 -4.75   data required time
-----------------------------------------------------------------------------
                                 -4.75   data required time
                                 -0.81   data arrival time
-----------------------------------------------------------------------------
                                  5.56   slack (MET)


Startpoint: _485_ (rising edge-triggered flip-flop clocked by clk)
Endpoint: sideband_out[1] (output port clocked by clk)
Path Group: clk
Path Type: min
Corner: Typical

Fanout     Cap    Slew   Delay    Time   Description
-----------------------------------------------------------------------------
                          0.00    0.00   clock clk (rise edge)
                          0.00    0.00   clock source latency
                  0.07    0.04    0.04 ^ clk (in)
     1    0.01                           clk (net)
                  0.07    0.00    0.04 ^ clkbuf_0_clk/A (sky130_fd_sc_hd__clkbuf_16)
                  0.04    0.13    0.17 ^ clkbuf_0_clk/X (sky130_fd_sc_hd__clkbuf_16)
     2    0.02                           clknet_0_clk (net)
                  0.04    0.00    0.17 ^ clkbuf_1_0__f_clk/A (sky130_fd_sc_hd__clkbuf_16)
                  0.05    0.12    0.29 ^ clkbuf_1_0__f_clk/X (sky130_fd_sc_hd__clkbuf_16)
     7    0.03                           clknet_1_0__leaf_clk (net)
                  0.05    0.00    0.30 ^ _485_/CLK (sky130_fd_sc_hd__dfrtp_1)
                  0.07    0.32    0.62 ^ _485_/Q (sky130_fd_sc_hd__dfrtp_1)
     2    0.01                           net30 (net)
                  0.07    0.00    0.62 ^ output30/A (sky130_fd_sc_hd__buf_2)
                  0.17    0.20    0.81 ^ output30/X (sky130_fd_sc_hd__buf_2)
     1    0.03                           sideband_out[1] (net)
                  0.17    0.00    0.81 ^ sideband_out[1] (out)
                                  0.81   data arrival time

                          0.00    0.00   clock clk (rise edge)
                          0.00    0.00   clock network delay (propagated)
                          0.25    0.25   clock uncertainty
                          0.00    0.25   clock reconvergence pessimism
                         -5.00   -4.75   output external delay
                                 -4.75   data required time
-----------------------------------------------------------------------------
                                 -4.75   data required time
                                 -0.81   data arrival time
-----------------------------------------------------------------------------
                                  5.56   slack (MET)


Startpoint: _489_ (rising edge-triggered flip-flop clocked by clk)
Endpoint: sideband_out[5] (output port clocked by clk)
Path Group: clk
Path Type: min
Corner: Typical

Fanout     Cap    Slew   Delay    Time   Description
-----------------------------------------------------------------------------
                          0.00    0.00   clock clk (rise edge)
                          0.00    0.00   clock source latency
                  0.07    0.04    0.04 ^ clk (in)
     1    0.01                           clk (net)
                  0.07    0.00    0.04 ^ clkbuf_0_clk/A (sky130_fd_sc_hd__clkbuf_16)
                  0.04    0.13    0.17 ^ clkbuf_0_clk/X (sky130_fd_sc_hd__clkbuf_16)
     2    0.02                           clknet_0_clk (net)
                  0.04    0.00    0.17 ^ clkbuf_1_0__f_clk/A (sky130_fd_sc_hd__clkbuf_16)
                  0.05    0.12    0.29 ^ clkbuf_1_0__f_clk/X (sky130_fd_sc_hd__clkbuf_16)
     7    0.03                           clknet_1_0__leaf_clk (net)
                  0.05    0.00    0.30 ^ _489_/CLK (sky130_fd_sc_hd__dfrtp_1)
                  0.08    0.33    0.63 ^ _489_/Q (sky130_fd_sc_hd__dfrtp_1)
     2    0.01                           net34 (net)
                  0.08    0.00    0.63 ^ output34/A (sky130_fd_sc_hd__clkbuf_4)
                  0.11    0.19    0.82 ^ output34/X (sky130_fd_sc_hd__clkbuf_4)
     1    0.03                           sideband_out[5] (net)
                  0.11    0.00    0.82 ^ sideband_out[5] (out)
                                  0.82   data arrival time

                          0.00    0.00   clock clk (rise edge)
                          0.00    0.00   clock network delay (propagated)
                          0.25    0.25   clock uncertainty
                          0.00    0.25   clock reconvergence pessimism
                         -5.00   -4.75   output external delay
                                 -4.75   data required time
-----------------------------------------------------------------------------
                                 -4.75   data required time
                                 -0.82   data arrival time
-----------------------------------------------------------------------------
                                  5.57   slack (MET)


Startpoint: _487_ (rising edge-triggered flip-flop clocked by clk)
Endpoint: sideband_out[3] (output port clocked by clk)
Path Group: clk
Path Type: min
Corner: Typical

Fanout     Cap    Slew   Delay    Time   Description
-----------------------------------------------------------------------------
                          0.00    0.00   clock clk (rise edge)
                          0.00    0.00   clock source latency
                  0.07    0.04    0.04 ^ clk (in)
     1    0.01                           clk (net)
                  0.07    0.00    0.04 ^ clkbuf_0_clk/A (sky130_fd_sc_hd__clkbuf_16)
                  0.04    0.13    0.17 ^ clkbuf_0_clk/X (sky130_fd_sc_hd__clkbuf_16)
     2    0.02                           clknet_0_clk (net)
                  0.04    0.00    0.17 ^ clkbuf_1_1__f_clk/A (sky130_fd_sc_hd__clkbuf_16)
                  0.05    0.13    0.30 ^ clkbuf_1_1__f_clk/X (sky130_fd_sc_hd__clkbuf_16)
     7    0.03                           clknet_1_1__leaf_clk (net)
                  0.05    0.00    0.30 ^ _487_/CLK (sky130_fd_sc_hd__dfrtp_1)
                  0.10    0.35    0.65 ^ _487_/Q (sky130_fd_sc_hd__dfrtp_1)
     2    0.01                           net32 (net)
                  0.10    0.00    0.65 ^ output32/A (sky130_fd_sc_hd__clkbuf_4)
                  0.11    0.20    0.84 ^ output32/X (sky130_fd_sc_hd__clkbuf_4)
     1    0.03                           sideband_out[3] (net)
                  0.11    0.00    0.84 ^ sideband_out[3] (out)
                                  0.84   data arrival time

                          0.00    0.00   clock clk (rise edge)
                          0.00    0.00   clock network delay (propagated)
                          0.25    0.25   clock uncertainty
                          0.00    0.25   clock reconvergence pessimism
                         -5.00   -4.75   output external delay
                                 -4.75   data required time
-----------------------------------------------------------------------------
                                 -4.75   data required time
                                 -0.84   data arrival time
-----------------------------------------------------------------------------
                                  5.59   slack (MET)



