net,length_um
net18,2083.44
net68,2045.95
net101,1996
net790,1898.5
net112,1847.91
net81,1788.92
net134,1767.39
net54,1756.875
net41,1756.51
net70,1743.66
net69,1704.345
_36677_,1621.085
_15699_,1617.27
net71,1597.64
_15703_,1557.64
_15711_,1542.15
_15483_,1534.36
_15485_,1532.62
_15050_,1510.71
_15701_,1510.33
net38,1506.71
_15058_,1500.41
net77,1495.07
net15,1492.03
net11,1490.26
_15693_,1489.91
_15707_,1487.425
net78,1475.1
_14620_,1464.215
net63,1454.55
_15713_,1447.71
_15048_,1439.44
_14787_,1437.44
_15489_,1437.44
net170,1430.38
net91,1424.57
net17,1409.84
_14955_,1408.99
_14592_,1408.16
_13542_,1406.57
net52,1404.095
_15056_,1394.095
_15479_,1387.425
_15052_,1378.72
_14949_,1378.32
net165,1373.82
_15697_,1373.81
net32,1370.18
net109,1366.985
_14951_,1360.2
net828,1355.835
_15493_,1354.84
_36573_,1354.745
net131,1354.385
_15709_,1350.97
net51,1350.82
_15044_,1347.67
_15705_,1343.27
net154,1339.755
net104,1337.35
_36976_,1331.52
net204,1323.42
_15054_,1323.19
_13706_,1321.5
_15719_,1317.1
_14959_,1315.54
net116,1312.245
net98,1308.78
net217,1307.7
net185,1305.2
_15046_,1296.945
net228,1295.04
_15491_,1293.86
_13624_,1289.92
net189,1283.08
_14025_,1282.66
_14957_,1281.14
_15487_,1276.84
_13375_,1272.555
net183,1270.2
net62,1260.43
net19,1255.22
_15721_,1254.24
_20952_,1253.755
_15715_,1253.51
_14416_,1251.94
_14953_,1251.57
_13947_,1248.64
net168,1247.74
_37181_,1247.55
_21131_,1245.81
_14262_,1245.53
_37239_,1245.32
_19342_,1243.015
net143,1242.04
net33,1237.85
_14183_,1234.3
_13787_,1234.085
_15042_,1233.62
_14727_,1233.22
_14963_,1233.02
_14104_,1229.32
_15038_,1227.99
_14341_,1227.9
net126,1221.72
net4,1216.02
_20940_,1215.45
net2,1211.47
net759,1210.71
_14967_,1210.7
_19412_,1209.4
net20,1208
net9,1206.25
_20350_,1205.85
_14945_,1204.58
net66,1203.12
_14961_,1202.73
_37767_,1202.21
net132,1201.05
net72,1200.44
net176,1190.98
net37,1189.25
_21193_,1184.96
_14947_,1184.45
net87,1180.83
_14937_,1180.05
_19413_,1177.355
_15473_,1176.63
_20941_,1174.8
net24,1174.48
_36799_,1173.55
net177,1173.54
_36060_,1172.44
_14649_,1169.96
_20938_,1167.17
net201,1166.39
net226,1164.095
net90,1161.44
net179,1154.76
_21152_,1154.25
_13464_,1151.03
net122,1148.35
net264,1147.92
net10,1146.15
net93,1143.86
net88,1143.33
net111,1141.105
_15495_,1138.75
net56,1131.54
_21128_,1131.125
net246,1127.9
net31,1127.435
_15501_,1126.8
_13868_,1121.96
net36,1121.215
_15062_,1120.78
_15066_,1119.86
net86,1116.9
_15499_,1116.21
net259,1116.14
_36823_,1115.41
net106,1110.17
_15481_,1109.05
_15497_,1108.66
net34,1108.36
net161,1104.04
_36898_,1097.1
_15064_,1095.73
net263,1092.62
_19692_,1092.415
net50,1092.07
_16976_,1089.445
net107,1089.22
net137,1088.5
net96,1087.85
_19513_,1087.69
_14971_,1086.46
_21130_,1085.41
_20939_,1085.06
_36445_,1083.76
_15060_,1083.73
_36580_,1082.66
_15999_,1079.96
_36151_,1079.84
net74,1079.36
_15717_,1078.84
_15477_,1078.35
_36522_,1077.495
net35,1076.78
net105,1075.16
_36786_,1069.4
_14943_,1067.46
_14757_,1061.82
_15729_,1061.67
_14471_,1061.255
_14505_,1055.72
_20975_,1054.49
net47,1053.22
_19564_,1052.49
_14677_,1049.3
_14965_,1048.29
net235,1047.76
net99,1047.55
_08911_,1047.465
net245,1047.24
_16310_,1047.18
net115,1046.38
_15070_,1043.9
_19251_,1043.44
_36425_,1042.48
net110,1042.39
_35961_,1037.99
_15723_,1035.5
_38824_,1033.765
net251,1033.34
_10163_,1028.945
_36745_,1028
_36087_,1027.69
_15074_,1027.24
net127,1027.06
net144,1025.9
net103,1025.89
_11843_,1024.75
net8,1024.55
_14799_,1024.46
net224,1024.25
net16,1023.565
net89,1023.24
net181,1021.54
net162,1020.26
net174,1020.015
net193,1018.85
_15072_,1018.42
net29,1015.84
_10472_,1015.745
_19409_,1015.38
_19691_,1015.21
_11729_,1014.82
net30,1010.19
net250,1009.98
_35922_,1009.81
net178,1008.03
_20958_,1007.96
_09885_,1004.88
_36139_,1001.7
_21129_,1000.91
_15725_,999.19
net84,998.27
_36057_,993.21
_14803_,990.44
_15068_,989.27
net120,988.95
_11835_,988.85
_36411_,988.31
_14415_,987.45
_10317_,987.3
_18628_,986.695
_14261_,986.62
_36054_,985.81
_19404_,985.64
net57,985.62
net79,984.34
_11744_,983.87
_11809_,983.63
_11869_,982.98
_11833_,981.86
_10141_,981.05
_15503_,980.92
_14805_,978.72
net262,978.22
_15727_,978.115
_36161_,975.71
_19406_,975.03
_37190_,975.005
_11800_,974.15
_19114_,973.7
_07557_,973.225
_18019_,971.89
net102,971.29
net180,969.82
net241,969.34
_14797_,968.95
_19411_,968.78
_14801_,966.88
net94,965.465
_19171_,964.8
_14807_,958.52
_18522_,958.24
_11806_,955.78
_11845_,955.58
_35882_,954.85
net118,954.01
net138,950.42
_36465_,950.06
_36088_,948.69
_36267_,948.48
_11819_,948.47
_14563_,947.94
_11746_,945.75
_11873_,944.5
_11798_,943.76
_21095_,942.19
_19170_,942.18
_18620_,940.25
net125,937.83
_37376_,937.465
_11858_,936.29
net45,935.75
net163,935.43
_35955_,934.095
_36426_,933.19
_14809_,933.15
_11812_,932.63
_36661_,932.155
_18022_,931.09
_10149_,929.15
_38500_,929
_23734_,928.38
_14969_,927.99
_36304_,927.22
net53,925.74
_36144_,925.435
net5,922.66
net258,919.7
_35945_,919.545
_14793_,918.17
_11772_,917.29
_22195_,917.18
net160,915.16
net769,914.91
net145,914.27
net231,912.5
_11741_,912.06
_11750_,911.03
_18530_,910.22
_11814_,910.15
net85,909.24
_36123_,908.44
_20976_,907.23
_14815_,901.41
_36205_,900
_16754_,899.76
net222,899.72
net113,899.54
_19250_,898.45
net220,898.3
_11821_,896.93
_14539_,896.53
_10139_,896.005
_11839_,895.57
net124,894.99
_20972_,894.9
_11837_,892.72
_20994_,892.225
net97,891.84
_11748_,891.36
_15505_,889.63
_18524_,889.62
_36147_,888.635
_14817_,888.425
_20442_,888.39
_27141_,887.24
_36556_,887.15
_13946_,887.02
net210,886.36
_09941_,886.19
_18721_,884.45
_14780_,884.29
net239,882.86
_20974_,882.18
net130,880.7
_18323_,880.4
_18520_,880.26
net149,879.4
_19149_,878.57
_14182_,878.08
_11796_,877.13
_16421_,876.535
net243,876.52
net234,875.46
_11847_,874.08
net121,872.68
_22224_,871.54
_15652_,871.08
_35829_,870.55
_18025_,868.66
net26,868.425
_19111_,868.335
_36145_,867.715
net129,867.12
_16643_,867.07
_19792_,866.66
_11731_,866.535
net233,865.51
_18528_,865.38
_20441_,865.24
net21,864.57
_14340_,863.925
_11802_,863.84
_23478_,863.13
_14470_,863.03
_35959_,862.975
_18325_,861.82
_36866_,858.84
_15307_,858.23
net22,857.58
_14811_,857.3
net60,856.735
net117,856.68
_11823_,856.63
_11768_,856.08
_18425_,854.43
_38664_,853.545
_18331_,852.8
_36485_,852.3
_16088_,851.86
_36928_,851.82
net240,851.62
_20418_,851.335
net13,850.375
_14825_,850.18
_11804_,849.305
net148,848.12
_11752_,848.02
_11770_,847.9
_19248_,846.995
_18618_,846.1
_14813_,845.27
net195,844.66
_36176_,843.87
_37199_,843.7
_18719_,843.33
_18129_,842.4
_36342_,841.925
_19193_,841.87
net249,841.34
_23042_,840.16
_14103_,839.2
_14795_,838.99
_35919_,838.76
_11826_,838.66
_18429_,837.16
_18121_,837.1
_19130_,837.035
_36735_,836.77
_19113_,836.76
_07544_,836.53
_14975_,835.95
_18729_,835.1
_36730_,834.86
_18727_,834.82
_11789_,833.9
net184,832.76
_18723_,832.17
_21126_,831.49
net7,831.45
_22118_,830.66
_20950_,830.035
_36301_,829.885
_37195_,829.77
_10062_,828.66
_36282_,828.5
_18526_,828
_14541_,825.73
_11879_,824.85
_18515_,824.3
_18518_,823.9
_18421_,823.25
_21127_,821.57
_19156_,821.33
net191,821.02
_36038_,820.96
_37100_,820.21
_11774_,818.95
net175,818.8
_07531_,818.37
_36001_,817.89
_10035_,817.38
_18319_,817.35
_36718_,816.43
_36458_,816.17
_18616_,815.51
_20578_,815.38
net209,814.53
_19098_,814.405
_37993_,814.15
net236,813.99
_19516_,813.68
net242,813.32
_19087_,812.57
_11816_,812.16
_21186_,811.865
_09914_,811.57
_08921_,811.285
_36337_,810.745
_36308_,810.41
_16532_,808.44
_14648_,807.805
_11828_,806.95
_21125_,806.59
_36310_,806.58
_20382_,806.5
_14530_,806.44
net75,806.41
_18329_,806.02
net12,805.84
_36274_,805.65
_19175_,805.55
net167,805.46
_18427_,805.02
_18031_,804.68
_19146_,803.29
_18119_,802.47
_18316_,802.185
_08920_,799.645
_19116_,799.18
_18016_,799.1
_23218_,799.06
_18327_,798.66
_13705_,798.58
_21185_,798.13
net247,797.78
_18028_,797.56
_22275_,797.44
_36134_,796.715
_36651_,796.41
net114,796.28
_07545_,794.305
_09945_,793.27
net218,792.34
_18626_,791.69
_09965_,791.29
_11733_,790.6
_36812_,789.605
_36798_,789.43
_09084_,789.375
_18009_,787.755
net133,787.31
_11735_,787.06
net182,786.8
_19408_,786.525
_26562_,785.7
_14024_,785.62
_19151_,785.295
net248,784.03
_36511_,783.64
_36050_,783.39
_19127_,783.145
_19144_,783.03
_19398_,782.59
_35912_,782.075
net139,781.97
_36688_,781.915
_20951_,781.43
_22132_,781.14
_14973_,779.81
_11756_,779.77
_10624_,779.67
_15507_,779.51
_36030_,779.51
net197,779.32
_18822_,778.54
_19147_,778.39
net6,778.34
_26985_,776.93
_36330_,776.58
_19117_,776.5
_18013_,775.18
_18622_,774.71
_14819_,773.5
net39,772.7
_14821_,772.615
_36689_,771.495
_20949_,770.69
net206,767.76
_19333_,766.91
_18321_,766.83
_36351_,763.985
_37834_,763.32
_14726_,762.335
_14676_,762.07
_14619_,761.545
_14823_,759.35
_13786_,759.27
_11856_,758.82
_36717_,757.66
_35927_,757.58
_18419_,757.47
_22206_,757.255
_35886_,756.95
_11877_,756.76
_36063_,754.96
_10060_,754.86
_21021_,754.86
net46,754.78
_09967_,754.15
_11793_,753.21
_19362_,753.02
_18714_,751.22
net225,751.08
_36046_,750.905
_20991_,750.76
_11860_,750.64
_10026_,749.98
_23500_,749.21
_11264_,749.07
_36431_,748.73
_36120_,748.535
_18127_,748.49
_19124_,747.35
net61,746.905
_19176_,746.77
_11875_,746.56
_37182_,746.25
_36162_,745.57
_19177_,745.25
_09092_,745.245
_19222_,744.15
net211,743.61
_13382_,743.35
clknet_3_0_0_clk,742.97
_14617_,742.12
_23736_,741.775
net108,741.39
net156,741.06
_18725_,739.815
_09096_,739.61
_18717_,738.82
_11737_,738.8
_19152_,738.52
_11266_,738.41
_15509_,737.9
_14755_,737.725
_16865_,737.525
_23134_,737.265
_11871_,735.88
_23501_,735.48
net738,735.38
_22299_,735
_18123_,734.74
_36560_,734.41
_35929_,733.98
_36569_,733.965
_19174_,731.93
_25828_,731.9
net146,731.5
_10024_,731.46
net40,731.31
_11776_,730.72
_36726_,729.84
_29528_,729.4
_11849_,728.845
_36335_,728.29
_11762_,728.08
_36143_,727.585
_18624_,727.05
_19099_,726.64
_18423_,725.51
_19249_,725.36
_10945_,725.34
_36484_,723.665
_20992_,723.46
_10037_,722.27
_36437_,722.23
_36610_,722.2
_13867_,721.94
_36294_,721.17
_36666_,721.17
_36559_,720.96
_20440_,720.885
_35887_,720.495
_11791_,720.17
_11851_,719.44
_36454_,718.92
_14724_,718.85
net59,718.08
_14725_,718.025
net65,716.65
_14616_,716.63
_36198_,715.365
_36777_,715.045
_35879_,713.88
_19137_,713.805
_35883_,713.75
_08922_,713.72
_09086_,713.39
_11784_,712.06
_38216_,711.8
_36733_,711.68
_22323_,711.455
_19405_,711.39
_19314_,711.26
_17087_,711.04
_36724_,710.96
net164,710.89
_14674_,710.72
_36523_,710.68
_08914_,709.44
_35991_,709.345
_22113_,709.1
_11782_,708.4
_11778_,708.22
_11780_,708.08
_36760_,708.01
_36181_,707.905
net256,707.66
_13381_,707.15
_39151_,706.52
net252,706.43
net212,706.01
_19291_,705.87
_08200_,705.63
_36307_,705.01
_36856_,704.085
net207,703.18
_25923_,702.76
net216,702.76
_19289_,702.41
_14939_,702.2
_10050_,701.64
_23641_,701.385
_37017_,701.32
_36131_,701.23
_10147_,701.18
_08218_,700.865
_37351_,700.83
net76,700.1
_36316_,700.07
_36188_,699.59
_08908_,698.585
net326,696.34
_21026_,696.32
net173,695.92
net25,695.72
_21151_,695.315
_35988_,694.97
_14618_,693.67
clknet_3_6_0_clk,693.33
_36395_,693.315
_19136_,692.94
_16199_,692.925
net230,692.36
_35937_,691.63
_19110_,691.36
_08428_,691.29
_36285_,691.29
_36826_,690.07
_36119_,689.16
clknet_3_1_0_clk,688.63
_36286_,688.47
_14647_,687.92
net119,687.62
net80,687.06
_11841_,686.51
_10093_,685.92
_36196_,685.77
_11754_,684.94
net43,684.88
_19090_,684.45
_36587_,684.4
_18306_,682.36
_22168_,682.29
net147,682.28
_18818_,682.15
net158,682.06
_18117_,682.05
_08205_,681.805
_19793_,681.5
_18417_,680.23
_18114_,680.13
_09088_,679.91
_22175_,679.78
_08629_,679.66
_18824_,679.36
_36169_,679.33
_19194_,678.97
_36253_,678.68
_08345_,678.18
_11760_,677.92
net49,677.75
_10046_,677.54
_36327_,677.275
_36472_,677.1
_08910_,676.055
_08890_,676.045
_36835_,675.85
clknet_3_2_0_clk,675.66
_11830_,675.65
_18222_,675.52
net92,675.21
_08907_,674.9
_26528_,673.88
_37212_,673.6
_37045_,673.165
_19410_,672.08
_36296_,671.74
_08891_,670.975
_36268_,670.285
_36029_,670.24
_37170_,670.09
_10153_,670.02
_39275_,668.46
_10052_,668.21
_18920_,667.99
_36427_,667.39
_19407_,667.07
_36659_,666.98
_10081_,666.54
_18815_,665.64
net140,665.34
net27,664.39
_36146_,664.04
_36847_,663.55
_21192_,663.29
_36135_,663.02
_11787_,662.78
_19155_,662.61
_18918_,662.12
_36628_,661.8
net789,661.69
net818,661.155
_20996_,660.93
net257,659.04
net159,658.39
_36834_,658.19
_36591_,657.565
net48,657.53
_08912_,657.265
_22138_,657.17
_08913_,656.97
_08915_,656.91
_11272_,656.43
_18613_,656.39
_19138_,656.15
_36660_,655.865
_11739_,655.58
_36531_,655.15
_10039_,654.995
_18828_,654.25
net141,654.22
_18820_,654.2
_19107_,653.03
_10041_,652.36
_10016_,651.51
_19108_,651.16
_36774_,651.075
_08919_,650.73
_10002_,650.53
_18414_,650.18
_18228_,650
_11863_,649.88
_19515_,649.38
_23477_,648.935
_19135_,648.495
_22251_,648.03
_17904_,647.87
_14615_,647.75
net3,647.58
_36164_,646.71
clk,646.18
_25733_,645.375
_20937_,644.43
_13623_,644.32
_11257_,644.1
_18230_,643.79
_19104_,643.79
_18632_,643.72
clknet_0_clk,643.69
_35932_,643.47
_37576_,643.34
_35821_,643.2
net55,642.66
_11831_,642.6
_20997_,641.855
_36250_,641.52
_08316_,641.42
_18125_,641.33
_12004_,641.15
clknet_3_4_0_clk,641.095
_19830_,641.085
net14,641.02
_36845_,640.355
_11758_,640.33
_10151_,639.365
_35223_,638.87
_19145_,638.25
_19244_,638.24
_18928_,638
_18830_,637.98
net198,637.39
_37606_,637.05
_36355_,636.7
_09814_,636.265
_35920_,635.95
_36418_,635.69
_10043_,635.43
_20804_,635.34
_18469_,635.06
_10129_,634.96
_10010_,634.42
_19226_,634.11
_19192_,634.02
net261,632.73
_14645_,632.59
_17898_,632.5
_08916_,632.17
_23304_,631.32
_21022_,631.1
_17933_,630.88
_10077_,630.45
_07549_,630.18
net196,630.15
_17980_,629.59
_21025_,629.44
_37575_,628.81
_18215_,628.06
net208,627.68
_36126_,627.01
_36662_,626.76
_08195_,626.5
net1,626.1
_36604_,626.07
_18926_,625.24
_11508_,624.3
_26327_,624.12
_35830_,624.03
_30256_,623.855
net150,623.58
_36125_,622.395
_22153_,622.19
_11937_,621.21
_20936_,621.13
_17877_,620.14
_36792_,619.89
_36779_,619.41
_10938_,619.08
_36669_,619.08
_11500_,618.675
_18916_,618.44
_11502_,618.22
_11276_,617.52
net815,617.5
_36534_,617.37
_36576_,617.14
_11867_,616.075
_36051_,615.86
_11268_,614.37
_36535_,614.33
_10145_,613.64
net221,613.55
_39048_,612.76
clknet_3_3_0_clk,612.45
net42,611.44
_19403_,611.05
net153,611
_36844_,610.95
_22180_,610.9
_35953_,610.31
_39021_,610.015
clknet_3_5_0_clk,609.96
_10079_,609.175
_16311_,608.72
_36413_,608.31
_36404_,608.29
_38910_,608.27
_13541_,608.18
_36708_,608
_37142_,607.69
_11902_,606.94
_12052_,606.79
_20998_,606.5
_19391_,605.18
_36070_,605.03
_19134_,604.52
net58,604.33
_14753_,604.24
net123,604.23
_08189_,603.76
_37141_,603.58
_11922_,603.52
_36989_,603.395
net199,603.27
_09100_,603.13
_19132_,602.915
_36116_,602.17
_18218_,600.94
_09098_,600.93
_18922_,600.615
_19173_,600.24
_23900_,599.85
_26292_,599.59
_36650_,598.9
_35992_,598.2
net192,596.77
net804,596.43
_10143_,596.33
_36312_,594.75
_19246_,594.52
_07548_,594.02
_36406_,593.14
_11717_,592.78
_16477_,592.33
_36279_,591.36
_11854_,591.21
_11498_,590.11
_22124_,589.9
_36807_,589.11
_09082_,589.055
_36980_,588.76
_36757_,588.69
_19195_,588.505
_20935_,588.34
_35128_,588.21
_36570_,587.925
_36249_,587.52
_38967_,587.12
_35835_,587.05
_36508_,586.82
_36449_,586.78
_36002_,586.77
_35685_,586.65
_22148_,586.425
_18224_,586.41
_08909_,586.325
_28782_,584.395
_36808_,583.95
_22190_,583.74
_20995_,583.73
_10131_,583.56
_36409_,583.55
_18226_,583
_36731_,582.86
net166,582.2
_36349_,582.05
net330,582.03
_39942_,581.88
_37159_,581.8
net23,581.71
_39185_,581.7
net253,581.69
_11505_,581.62
_36247_,580.56
net142,580.36
_19102_,580.355
_11978_,580.1
_17921_,580.095
_19148_,579.96
_08319_,579.73
_20443_,579.44
_23485_,579.255
net227,578.9
_14782_,578.86
_19224_,578.62
_09902_,577.38
_36039_,576.605
_19339_,576.5
_09982_,576.475
_36428_,576.04
_36414_,575.13
_36643_,574.55
_37920_,574.48
_08210_,574.33
_11616_,574.06
_37447_,573.8
clknet_3_7_0_clk,573.43
_09959_,573.13
_19844_,571.585
_38916_,571.41
_09868_,571.1
_08214_,570.18
_11865_,569.72
_36996_,569.25
_12244_,569.075
_11785_,568.81
_37753_,568.54
_37249_,568.38
_20934_,568.31
_36055_,567.895
_27305_,567.76
_18913_,567.66
_36984_,567.21
_10619_,567.15
_19341_,567.03
_36450_,566.215
_34167_,566.08
_36772_,565.99
_40161_,565.86
_08169_,565.76
_10181_,565.32
_08168_,564.91
_39943_,564.79
_34687_,564.735
_19340_,564.72
_36974_,564.45
_18151_,564.19
_10772_,563.89
_36010_,563.775
_35911_,563.77
_36636_,563.6
_36178_,563.4
_18924_,563.07
_18220_,562.91
_07532_,562.69
_35828_,562.42
_36306_,561.73
_16632_,561.63
_11766_,561.52
_36504_,561.055
_36945_,560.78
_37250_,560.35
_11270_,560.1
_38998_,559.32
_22364_,558.965
_36621_,558.91
_37666_,558.88
_36081_,558.33
_39142_,557.08
_36284_,556.95
_11284_,556.69
_08217_,556.19
u_softmax.weights_flat\[20\],556.08
_36609_,555.68
_14785_,555.585
_36132_,555.58
_36538_,555.165
_37177_,555.16
_11398_,554.01
net100,553.82
_36153_,553.5
_11494_,552.86
_08355_,552.64
_11093_,552.59
_08903_,552.53
_39257_,552.36
_00000_,552.04
_18826_,550.87
_38435_,550.5
net169,550.31
_39277_,550.22
_36305_,549.88
net128,549.74
_36719_,549.68
_08181_,548.915
_38590_,548.07
_23899_,547.92
_37399_,547.835
_36317_,547.45
_11504_,547.06
_23309_,546.97
net788,546.815
_08190_,546.45
_35989_,546.32
_36597_,544.82
net255,544.78
_08183_,544.63
net213,544.44
_36199_,544.3
_11392_,544.24
_08918_,544.01
_09995_,543.96
_39036_,543.86
net44,543.7
_17906_,543.64
_35924_,543.33
_36300_,543.095
_38947_,543.05
_18950_,542.81
_36089_,542.79
_09961_,541.82
_36033_,540.71
net791,540.47
_35124_,540.14
_36028_,540.09
_18305_,539.79
_19343_,539.24
net286,538.95
_35117_,538.74
_37036_,538.04
net223,538
_10611_,537.99
_36107_,536.9
_36667_,536.83
_14675_,536.795
_09094_,536.035
_19223_,535.59
_28780_,535.16
net151,534.68
net64,534.63
u_softmax.weights_flat\[21\],533.98
_14754_,533.85
_36171_,533.81
net188,533.48
_08199_,533.21
net232,532.94
net95,532.08
_28781_,532.03
_39143_,531.81
_36334_,531.34
_35931_,531.295
_39610_,531.265
_35910_,531.17
_36846_,530.53
_17780_,530.48
_40150_,530.14
_11111_,529.58
net260,529.58
_17896_,529.395
_36072_,529.1
_36152_,529.1
_37096_,528.405
_25108_,526.985
_36025_,526.82
_37067_,526.47
net157,525.68
_19205_,525.58
_17902_,525.41
_16155_,525.29
_11387_,524.29
_36578_,524.21
_35888_,524.2
_38625_,524.06
_19292_,524.035
_15998_,523.75
net186,523.74
_17900_,523.63
_11512_,523.23
_07554_,523
_10095_,522.435
_38010_,521.46
_36299_,520.66
_14588_,520.54
_36937_,520.42
_36713_,519.955
_35865_,519.75
_19150_,519.58
_11705_,519.575
_38433_,519.4
_38968_,519.32
net244,519.2
_36985_,518.89
_36654_,518.82
_17807_,518.42
_38931_,518.35
_11322_,516.975
net237,516.88
_10790_,516.78
_38878_,516.49
_09038_,516.42
net172,516
_36693_,515.24
_11510_,515.16
_08215_,513.78
_36211_,513.57
_36853_,513.285
_09894_,513.075
_14590_,513.07
_36403_,512.77
_21949_,512.745
_10369_,512.7
_14673_,512.36
_36491_,512.33
_19105_,511.74
_36275_,510.945
_37412_,510.88
_23447_,510.735
_39023_,510.665
_17979_,510.6
_07542_,510.095
_36130_,509.16
_19172_,509.035
_36221_,507.86
_17894_,507.34
_36441_,507.07
_40163_,507.05
_39170_,506.55
_14589_,506.4
_35256_,506.07
_39731_,505.86
_07547_,505.27
_36579_,504.57
_36592_,503.95
net327,502.82
_36232_,502.33
_11541_,502.13
_09876_,501.94
_34391_,501.605
_36527_,500.75
_32686_,498.7
_09924_,498.655
net277,498.54
_12739_,498.41
_14646_,498.3
net287,497.9
_37740_,497.77
_11652_,497.745
_17932_,497.735
_39152_,497.61
_19290_,497.005
_36642_,495.81
_18468_,494.68
_11274_,494.62
_14786_,494.5
_16943_,494.5
_14723_,494.455
_19294_,494.38
_36601_,493.99
_17909_,493.74
_37401_,493.66
_36313_,493.64
_36496_,493.43
_36008_,493.3
_36345_,493.18
_37891_,492.545
_36259_,492.44
_10761_,492.295
_35998_,492.28
_37542_,492.14
_35930_,491.855
_19265_,491.3
_09835_,491.11
_36967_,490.96
net266,490.07
_35982_,490.045
_11429_,489.93
_10940_,489.655
_37888_,489.405
_36490_,489.265
_36217_,489.25
_12960_,488.58
_37630_,488.36
_08896_,488.28
_37345_,488.27
_11113_,487.805
_17708_,487.63
_36884_,487.51
_36027_,487.49
_39092_,487.475
_36953_,487.25
_10770_,487.2
_36633_,487.12
net215,486.46
_37565_,485.435
net229,485.05
_36552_,484.86
_21024_,484.81
_09028_,484.71
_10792_,484.475
_36646_,484.04
_37192_,483.835
_37069_,483.68
net238,483.6
_35824_,483.41
_10914_,483.235
_37276_,482.815
_13026_,482.63
_38516_,481.66
_12596_,481.6
_08209_,481.095
_10158_,480.74
net205,480.52
_17493_,480.21
_17855_,479.14
_13170_,478.08
_38286_,477.84
_36352_,477.385
_32734_,477.085
_36206_,476.76
_09102_,476.49
_39494_,476.375
_11279_,476.23
_35940_,475.99
_39327_,475.65
_35624_,475.165
_36127_,475.09
_36140_,474.91
_36318_,474.82
net612,474.76
_19088_,474.52
_35975_,474.32
_40193_,474.195
_38895_,473.78
net219,473.48
_11544_,473.1
net155,472.88
_36699_,472.875
_39258_,472.605
_08204_,472.27
_36074_,472.27
_38969_,471.595
_36115_,471.51
_10402_,471.46
_10664_,471.43
_11563_,471.23
clknet_2_0_0_clk,470.91
_33572_,470.62
_32118_,470.565
_36261_,470.46
_37051_,470.41
_19247_,470.11
_28658_,470.1
_36673_,470.025
u_softmax.weights_flat\[22\],469.98
_36603_,469.415
_38879_,469.16
_17779_,468.99
_17890_,468.935
net194,468.86
_11881_,468.7
_36168_,468.58
_09017_,468.48
_35366_,467.97
_39732_,467.68
clknet_2_1_0_clk,467.56
_36353_,467.29
_12530_,467.22
net280,467.07
_12673_,467.06
u_softmax.weights_flat\[28\],466.62
_32633_,466.58
_19293_,466.51
_08897_,466.5
_33484_,466.07
net279,465.7
_12220_,465.66
_28733_,465.66
_26927_,465.545
_10465_,464.84
_11643_,464.59
_14591_,464.08
_36014_,463.59
_36423_,463.32
_38747_,463.15
_10115_,462.545
_33588_,461.83
_40160_,461.36
u_softmax.weights_flat\[25\],461.27
_08313_,460.985
_36479_,460.91
_17957_,460.81
_20439_,460.645
_43641_,460.62
_35206_,460.54
_35214_,460.47
_12310_,460.33
_28736_,460.14
_14644_,460.1
_35995_,460.01
_37413_,460.01
_35208_,459.955
_14783_,459.45
_14305_,459.42
net290,458.4
_11101_,458.35
_27482_,458.27
_29218_,458.11
_44270_,458.08
_19154_,457.88
_12060_,457.82
_36586_,457.74
_35017_,457.38
_39135_,457.12
_40130_,457.12
net832,457.005
_09020_,456.89
_14431_,456.78
_23307_,456.635
net190,456.62
_37578_,456.32
_17888_,456.295
_37103_,456.075
_13104_,456.06
_08367_,455.96
_38909_,455.93
_40203_,455.3
u_softmax.weights_flat\[29\],455.14
_10265_,454.97
_35533_,454.97
_28815_,454.61
_36332_,454.4
_10312_,453.97
_39150_,453.87
net254,453.78
_36172_,453.55
_36820_,453.375
_36765_,453.1
_32608_,452.7
_38932_,452.655
net171,452.38
_13080_,452.34
_35967_,452.34
_36207_,452.34
_09014_,452.245
_15997_,452.16
_17110_,451.965
_28657_,451.755
_08179_,451.57
_08353_,451.54
_39053_,451.39
_36658_,451.31
_09009_,450.75
_08517_,450.68
_18787_,450.08
_23308_,450.08
_36574_,449.965
_39724_,449.81
_10780_,449.735
_10681_,449.695
_39064_,449.695
_36869_,449.57
_39145_,449.4
_32660_,449.04
_36007_,448.94
_08318_,448.35
_28814_,448.295
_09900_,448.06
_39521_,448.04
_14226_,448.02
_34686_,447.87
_16011_,447.775
_37580_,447.745
_17784_,447.68
_36764_,447.63
_37215_,447.6
_36142_,447.55
_35082_,447.54
_38999_,447.24
_11884_,446.92
_19209_,446.87
_36149_,446.845
_36532_,446.615
_36543_,446.5
_32659_,446.195
_18631_,446.16
u_softmax.weights_flat\[24\],445.815
_23955_,445.7
_37444_,445.61
_33553_,445.2
_39104_,445.145
_40128_,444.84
_38911_,444.8
_36625_,444.315
_37371_,444.29
_08392_,444.23
_36701_,444.22
u_softmax.weights_flat\[19\],443.935
_17945_,443.76
u_softmax.weights_flat\[23\],443.705
_37062_,443.47
_39073_,443.335
net67,443.155
_36367_,442.87
_07551_,442.27
net82,441.89
_10515_,441.885
_11942_,441.87
_11910_,441.4
_37592_,440.88
_10111_,440.52
_35990_,440.28
_35974_,439.945
_36739_,439.92
_37655_,439.88
_37149_,439.78
_36710_,439.16
_35818_,439.14
_37579_,438.85
_36497_,438.6
_37043_,438.225
_39011_,438.1
net768,437.97
_36863_,437.69
_19101_,436.56
_38882_,435.98
net187,435.98
_36753_,435.94
_12649_,435.87
_36407_,435.73
_08182_,435.71
_27721_,435.5
_35880_,435.36
_08194_,434.545
_35227_,434.52
net203,433.74
_14374_,433.14
_35344_,433.14
_09029_,432.66
_36369_,432.47
_09274_,432.39
_33560_,432.2
_19153_,431.76
_35684_,431.76
_36942_,431.7
_38741_,431.67
net322,431.28
_33190_,430.84
_36897_,430.835
net276,430.74
_35823_,430.535
_17348_,430.29
_11046_,430.24
_36890_,430.1
_35464_,429.81
net296,429.78
_25084_,429.38
_36200_,429.3
_35946_,429.155
_36674_,428.915
_32720_,428.885
_27646_,428.84
_17795_,428.72
_17830_,428.55
net278,428.345
_28790_,428.205
_37485_,428.135
_09888_,427.935
_42209_,427.76
_33277_,427.64
_39319_,427.615
_39214_,427.51
net283,427.495
_36773_,427.26
_36705_,427.09
_28672_,426.66
_34384_,426.3
_35643_,425.99
_12506_,425.66
_11291_,425.24
_19208_,425.1
_09019_,425.08
_42916_,424.98
_09011_,424.54
_08393_,424.43
net695,424.215
_32614_,423.96
_09813_,423.67
_09026_,423.59
_10725_,423.56
_33206_,423.56
_20600_,423.51
_14788_,423.44
u_softmax.weights_flat\[26\],422.82
_39872_,422.65
_11765_,422.31
_09031_,422.115
_14147_,421.695
_32761_,421.665
_36043_,421.54
_14784_,421.23
_35884_,421.21
clknet_7_53__leaf_clk,421.13
_36372_,420.955
_39222_,420.175
_36052_,419.87
_14758_,419.74
_10572_,418.85
_28627_,418.68
clknet_2_3_0_clk,418.53
u_softmax.weights_flat\[18\],418.42
_36483_,418.14
_35550_,418.1
_38868_,417.94
_40960_,417.81
_32299_,417.28
_36656_,416.905
_17419_,416.85
_35950_,416.71
_36938_,416.28
_36105_,414.98
_29861_,414.76
_08317_,414.58
_08170_,414.57
_36323_,414.37
_35935_,414.03
_14756_,413.545
_32622_,413.54
_32784_,413.505
_10073_,413.35
_37414_,413.29
_32054_,413.17
_38730_,413.15
_08892_,413.13
_33197_,413.1
_28626_,412.33
_10018_,412.055
_11002_,411.99
_36219_,411.95
_12817_,411.6
_36329_,411.55
_29726_,411.51
_11348_,410.07
_28735_,409.985
_11091_,409.57
_28674_,409.465
_09890_,409.23
_32259_,409.1
_36136_,408.975
_36637_,408.815
_38867_,408.575
_36948_,408.01
_37640_,407.92
_32674_,407.355
_38946_,407.2
_37403_,407.13
_35881_,407.075
_39004_,407.05
_37574_,406.97
_11163_,406.655
_36632_,404.865
_36410_,404.715
_36702_,404.7
_36174_,404.535
_37573_,404.25
_35994_,403.92
_35943_,403.895
_11455_,403.835
_35513_,403.72
_39091_,403.66
_36686_,402.88
_38046_,402.83
_28718_,402.7
u_softmax.weights_flat\[2\],402.5
_36133_,402.49
_39144_,402.34
_32628_,402.09
_33179_,401.99
_38912_,401.925
_35878_,401.62
_40787_,401.16
_08213_,401.06
_11611_,400.935
_42884_,400.8
_34895_,400.55
u_score_dp.mac_gen\[5\].u_mac.accum_out\[15\],400.54
_09898_,400.43
_33172_,400.14
_22247_,399.585
net135,399.28
_32613_,399.205
_37219_,398.545
_37646_,398.52
_10192_,398.5
_11677_,398.16
_36830_,397.975
_36251_,397.92
_36103_,397.8
_11571_,397.76
_36325_,397.75
_17819_,397.56
_09884_,397.48
_36464_,397.42
_10836_,397.28
_09016_,396.96
_32029_,396.69
clknet_2_2_0_clk,396.62
net274,396.43
_36042_,396.2
_08413_,395.97
_10901_,395.42
_40246_,395.42
_34684_,395.34
u_softmax.weights_flat\[3\],395.24
net285,395.07
_36208_,394.99
net281,394.69
_28673_,394.44
_39502_,394.36
_36003_,394.28
_19089_,394.26
_09836_,394.14
_35850_,393.98
_36082_,393.94
_39039_,393.8
_26894_,393.72
_09904_,393.575
_12034_,393.22
_17637_,392.91
_16954_,392.36
_37872_,391.8
_36589_,391.76
_36295_,391.56
_22248_,391.55
_11722_,391.38
u_softmax.weights_flat\[27\],390.835
_38744_,390.69
_09025_,390.665
_13081_,390.6
_28629_,390.335
_36838_,390.29
_32609_,389.885
_09963_,389.85
_09896_,389.78
_35018_,389.4
_29792_,389.3
_37701_,389.07
net819,388.97
_37241_,388.88
_14068_,388.74
_09937_,388.73
_09033_,388.67
_36416_,388.54
_19086_,388.46
u_softmax.weights_flat\[44\],388.36
net288,388.355
_32728_,388.3
_28779_,388.265
net743,388.25
_14218_,387.72
_37551_,387.71
_33579_,387.68
_36828_,387.5
_36795_,387.06
_11496_,386.58
_32625_,386.415
_38997_,386.41
net202,386.4
_40560_,386.195
_09992_,386.18
_35951_,386.02
_39928_,385.46
_19126_,385.44
_38924_,385.43
_22254_,385.42
_36264_,385.39
_22211_,384.58
_37406_,384.575
_32634_,384.56
_37218_,384.475
_20993_,384.46
_43603_,384.405
_36593_,384.34
_13909_,384.11
_14297_,383.88
_32699_,383.765
_09838_,383.465
_37415_,382.86
_36680_,382.82
_36723_,382.695
_36549_,382.65
_35314_,382.555
_35897_,382.46
_37922_,382.195
_36220_,381.85
_23484_,381.725
_09032_,381.655
_25934_,381.47
_37544_,381.04
u_softmax.weights_flat\[4\],380.84
_35416_,380.83
_35873_,380.8
_19436_,380.71
_16666_,380.46
_35130_,380.06
_09013_,380.04
_17143_,380.025
_35005_,379.72
_32683_,379.61
_10020_,379.36
_42913_,379.26
u_softmax.weights_flat\[33\],378.76
_36815_,378.695
_42979_,378.56
_32666_,378.32
u_softmax.weights_flat\[36\],377.98
_38434_,377.57
u_softmax.weights_flat\[17\],377.45
_36013_,376.985
_09850_,376.945
_43600_,376.86
_14730_,376.62
_32642_,376.475
_19245_,376.355
_08391_,376.21
_28719_,375.96
_37150_,375.86
_38898_,375.65
_10028_,375.565
_33607_,375.43
_35906_,375.39
_39894_,375.28
_39420_,375.26
_36009_,375.13
_13560_,374.9
_35834_,374.3
_39496_,374.26
_41554_,374.26
_36913_,374.21
_38958_,374
_09984_,373.96
_39520_,373.815
_40923_,373.8
_28741_,373.65
_39074_,373.49
_35851_,373.44
_36175_,373.295
_11562_,373.27
_13989_,373.2
_12650_,373.15
_22302_,373.14
_34102_,373.02
_37625_,373.01
_33270_,372.9
_16655_,372.73
_17876_,372.725
_24464_,372.65
_32154_,372.6
_32703_,372.57
_08315_,372.28
_32206_,372.22
_33302_,372.2
_09852_,371.685
_28816_,371.645
_28744_,371.52
_17565_,371.46
_12936_,371.26
_16644_,371.23
_35136_,370.555
_17278_,370.41
net292,370.4
_12255_,370.29
_35610_,370.08
_36309_,369.88
_36141_,369.84
_42212_,369.465
_39513_,369.46
_43629_,369.435
_36594_,369.3
_36813_,368.93
_12387_,368.69
_32668_,368.61
_08320_,368.565
_08354_,368.56
_37156_,368.51
u_weighted_dp.accum_valid,368.45
net152,368.42
_40862_,368.29
_33164_,368.24
clknet_7_104__leaf_clk,367.92
_37555_,367.88
_07540_,367.645
_36083_,367.53
_36417_,367.095
_31090_,366.97
net793,366.92
_25338_,366.88
_32610_,366.88
_36613_,366.31
_09848_,366.3
_17843_,366.235
_07541_,366.175
_12068_,365.43
u_score_dp.mac_gen\[9\].u_mac.accum_out\[15\],365.36
_09912_,365.08
_41594_,364.93
_36749_,364.82
_36354_,364.66
_36124_,364.64
_36005_,364.21
_28717_,364.17
_07553_,364.16
_36183_,364.14
_35852_,364.03
_37492_,363.91
_36507_,363.76
_16455_,363.64
_38740_,363.55
_23991_,363.37
_37863_,362.99
_32623_,362.895
_09997_,362.85
_36242_,362.53
_14940_,362.49
u_softmax.weights_flat\[7\],362.48
_15140_,362.41
_32864_,362.28
_35978_,362.14
net812,362.13
_10419_,362.095
_38926_,362.075
_35918_,361.99
_09949_,361.86
_09892_,361.76
_08358_,361.47
_40920_,361.06
_35328_,360.84
_08936_,360.46
_43594_,360.45
_10058_,360.12
_14139_,359.72
net787,359.14
_36620_,359.05
_16322_,358.99
_09027_,358.77
_17132_,358.76
_36024_,358.76
_36216_,358.52
_39093_,358.34
_08394_,358.33
_36357_,358.16
_28646_,358.1
_36759_,358.09
_23898_,357.94
_36809_,357.89
_33543_,357.66
_09906_,357.64
_36611_,357.05
_34244_,356.99
_09010_,356.92
_15654_,356.73
_13404_,356.36
_36328_,355.995
_44276_,355.98
_08198_,355.52
_09839_,355.1
_36930_,355.1
u_softmax.weights_flat\[8\],354.78
_33500_,354.735
_20973_,354.66
_37188_,354.29
_38287_,354.23
_32650_,354.22
_39401_,354.11
_38031_,354.05
_35014_,353.965
_33844_,353.83
_08193_,353.73
_36076_,353.03
_13322_,353.02
_10344_,352.97
_10401_,352.81
_15732_,352.7
_12793_,352.63
_32637_,352.57
u_softmax.weights_flat\[5\],352.56
clknet_7_101__leaf_clk,352.39
_14728_,352.18
_13313_,352.1
_13828_,351.82
_36026_,351.415
_36112_,351.39
_36877_,351.325
u_softmax.weights_flat\[35\],351.24
_37628_,351.17
_36685_,351.095
_12883_,351.04
_12232_,350.84
_36095_,350.71
_10499_,350.61
_37214_,350.55
_34458_,350.49
_37232_,350.41
_09909_,350.2
_17842_,350.155
_09947_,350.06
_11260_,349.95
_36729_,349.8
_36215_,349.55
_38288_,349.5
_38884_,349.39
_33373_,349.11
_36929_,349.08
_40857_,349.04
_32685_,348.77
_10125_,348.76
_37063_,348.72
_36794_,348.6
_09018_,348.58
clknet_7_62__leaf_clk,348.51
_13491_,348.38
_40912_,348.19
_34667_,348.07
_36519_,347.975
_36056_,347.9
_28778_,347.18
_28720_,347.1
_36085_,346.93
_33305_,346.9
_41648_,346.54
u_softmax.weights_flat\[9\],346.3
_19125_,346.14
_35970_,346.1
net749,345.995
_09932_,345.58
_10022_,345.58
_15632_,345.25
clknet_7_8__leaf_clk,345.22
_33508_,345.205
_10467_,345.1
u_softmax.weights_flat\[30\],345.06
_34246_,344.95
_14060_,344.86
_10033_,344.8
_36037_,344.54
_37321_,344.48
_35120_,344.43
_36011_,344.33
_22933_,344.165
_09840_,343.995
_18150_,343.8
_10031_,343.58
_08359_,343.28
_35817_,343.25
_23926_,343.245
_28641_,343.19
clknet_7_102__leaf_clk,343.17
_36992_,343.085
_32797_,342.84
_12221_,342.77
_37491_,342.74
u_weighted_dp.clear_mac,342.58
_13981_,341.48
_37460_,341.25
net320,341.2
_20363_,341.17
_34893_,340.93
_36061_,340.92
_27119_,340.9
_10106_,340.695
_33394_,340.51
_35172_,340.48
_32088_,340.42
_16433_,340.4
_13264_,340.23
_32651_,339.98
_35928_,339.95
_35721_,339.93
_08352_,339.9
_22359_,339.85
_10066_,339.445
_31467_,339.3
_10108_,339.22
_12794_,339.05
_21620_,338.935
_10117_,338.76
net733,338.75
_10123_,338.6
_17908_,338.53
_21042_,338.49
_38899_,338.31
_09844_,338.245
_09930_,338.22
_36602_,338.22
_09928_,338.16
_13413_,338.04
_28667_,338.02
net282,338.01
_14752_,338.005
u_softmax.weights_flat\[32\],337.99
_37251_,337.58
_11682_,337.19
net457,336.895
_36463_,336.78
_33628_,336.64
_36571_,336.44
_35211_,336.26
_08346_,335.905
_43682_,335.88
_09334_,335.86
_13482_,335.62
_37994_,335.11
_37124_,335.06
_14700_,334.96
u_softmax.weights_flat\[0\],334.92
_37521_,334.68
_42912_,334.515
_15039_,334.095
_42987_,333.94
_38966_,333.915
_36747_,333.855
_40951_,333.77
_08939_,333.74
_34781_,333.52
net291,333.36
_36084_,332.89
_08369_,332.87
_37289_,332.74
_16810_,332.66
_36590_,332.625
_42889_,332.42
_32626_,332.335
net284,332.2
_38883_,332.13
_38915_,332.075
_32657_,331.85
clknet_7_99__leaf_clk,331.84
_09943_,331.77
_09847_,331.355
_08208_,331.34
_36921_,331.245
_29370_,331.2
_39067_,331.1
_19133_,331.03
_12486_,330.99
_28734_,330.94
_17220_,330.865
_33562_,330.82
_13901_,330.8
_36692_,330.765
_36227_,330.59
_17421_,330.53
_20763_,330.02
_08904_,329.98
_32653_,329.58
_35300_,329.46
_11912_,329.02
_35981_,328.93
_08203_,328.92
clknet_7_1__leaf_clk,328.88
_34800_,328.845
_28640_,328.79
_36137_,328.72
_09024_,328.445
_16799_,328.2
_35460_,328.06
_36906_,327.9
_36159_,327.43
u_softmax.weights_flat\[60\],327.385
_09021_,327.28
_33622_,326.99
_12343_,326.93
_28642_,326.87
net446,326.82
_13378_,326.62
_42915_,326.4
_37722_,326.38
state\[2\],326.06
_37845_,325.98
_32654_,325.95
_43047_,325.84
_33536_,325.835
_35968_,325.805
clknet_7_63__leaf_clk,325.785
_15369_,325.78
_28643_,325.72
_38872_,325.51
_35787_,325.32
_13309_,325.26
_36225_,324.84
_32629_,324.345
clknet_7_98__leaf_clk,324.3
_17856_,324.17
_28787_,324.095
_14585_,324.08
_12684_,323.84
_13649_,323.82
_12541_,323.77
_37638_,323.73
_36983_,323.635
_38733_,323.325
net297,323.24
_10075_,323.15
_10127_,323.03
_12728_,322.74
_13747_,322.72
_10946_,322.7
_29311_,322.68
_09953_,322.62
net28,322.53
_36746_,322.435
_37293_,321.995
_09851_,321.975
_35770_,321.78
_20018_,321.74
_23306_,321.51
_10119_,321.46
_22241_,321.19
_21780_,321
_35971_,320.92
_35941_,320.895
_39408_,320.78
_13569_,320.52
_10133_,320.49
_32681_,320.08
_15937_,320.01
_28648_,319.74
clknet_7_105__leaf_clk,319.63
_35996_,319.555
_41516_,319.3
clknet_7_120__leaf_clk,319.25
_37596_,319.16
_41638_,319.15
_10221_,318.84
_35980_,318.69
_10529_,318.65
_36297_,318.61
_36797_,318.59
_08360_,318.35
_37599_,318.265
_39085_,318.24
_38074_,318.21
_32682_,318.14
_41618_,317.85
_17944_,317.69
net325,317.615
clknet_7_66__leaf_clk,317.56
_13640_,317.47
net712,317.42
_33667_,317.39
_10577_,317.31
_15653_,317.31
_36600_,317.235
_35164_,317.22
_42321_,317.04
_28721_,316.94
_42364_,316.91
_12507_,316.75
_10625_,316.67
_32631_,316.46
_38865_,316.44
_39423_,316.11
_16832_,316.04
_10431_,316.02
_35917_,315.97
_36711_,315.875
_36064_,315.85
_39532_,315.78
_42310_,315.78
_08236_,315.6
_32707_,315.495
u_weighted_dp.mac_gen\[0\].u_mac.accum_out\[16\],315.38
_32701_,315.35
_35281_,315.295
_38903_,315.15
_36775_,315.075
_36566_,314.98
_37843_,314.97
_36655_,314.95
_33156_,314.92
_08188_,314.82
_36182_,314.54
_42369_,314.44
net294,314.4
_35040_,314.33
_16177_,314.18
_14543_,314.15
_13721_,313.74
_16166_,313.69
_38982_,313.67
_33751_,313.36
_12937_,313.33
_09934_,313.275
_42953_,313.155
_33401_,313.08
_37292_,313.08
_33525_,313.05
_29189_,313.02
_10762_,312.72
_36871_,312.645
_37869_,312.61
_23993_,312.44
_36991_,312.24
_41537_,312.18
_22965_,312.13
_24550_,312.08
_34138_,312.03
_34227_,311.94
u_softmax.weights_flat\[37\],311.9
_30973_,311.88
_14672_,311.84
net669,311.66
_24191_,311.36
u_score_dp.mac_gen\[9\].u_mac.accum_out\[14\],311.06
_35872_,310.96
_15474_,310.85
_10135_,310.83
_12069_,310.71
_36065_,310.685
_08167_,310.58
_17831_,310.485
_40149_,310.465
_36326_,310.455
_40296_,310.28
_36936_,310.2
_10374_,310.16
_37166_,309.56
_13126_,309.22
net587,309.16
net324,308.99
_25160_,308.65
_35973_,308.65
_32621_,308.6
_28630_,308.57
_43644_,308.51
u_softmax.weights_flat\[41\],308.415
clknet_7_55__leaf_clk,308.39
_17920_,308.295
_40818_,308.17
_09936_,308.05
_41550_,308.04
_42892_,308.04
net340,308
_08228_,307.94
_15286_,307.84
_09993_,307.81
_10308_,307.52
_31260_,307.425
_12266_,307.41
_32663_,307.325
_33422_,307.255
_35874_,307.25
_39029_,307.105
_20436_,306.97
_32655_,306.89
_36101_,306.81
net730,306.68
u_softmax.weights_flat\[16\],306.65
_39063_,306.46
_11920_,306.36
_40124_,306.19
_39530_,306.01
_35904_,305.95
_42951_,305.93
_11218_,305.635
_32640_,305.26
net293,305.26
_42908_,305.02
u_softmax.weights_flat\[1\],304.91
_36111_,304.7
_11217_,304.59
_31162_,304.485
_34155_,304.36
net275,304.155
_36226_,304.055
_15857_,304.05
_09454_,304.04
_10960_,304.04
clknet_7_95__leaf_clk,303.8
_16133_,303.76
net583,303.68
clknet_7_31__leaf_clk,303.66
_09355_,303.56
_16743_,303.46
net826,303.39
_28786_,303.26
net200,303.16
_10121_,303.15
_16066_,303.11
_09918_,303.04
net323,302.95
u_softmax.valid_out,302.94
_32647_,302.87
u_score_dp.mac_gen\[12\].u_mac.accum_out\[12\],302.84
_38592_,302.72
u_softmax.weights_flat\[45\],302.68
_36881_,302.62
_25738_,302.47
u_softmax.weights_flat\[6\],302.34
_36049_,302.16
_28631_,302.14
_40115_,302.08
_17806_,301.37
_10103_,301.24
_43630_,301.16
_15475_,300.43
u_weighted_dp.mac_gen\[0\].u_mac.accum_out\[17\],300.295
_16144_,300.22
_39081_,300.18
net581,299.98
_13115_,299.85
_32632_,299.785
_33410_,299.74
_10845_,299.695
_12706_,299.63
_37014_,299.435
_37226_,299.26
_35313_,298.84
_10896_,298.6
_18949_,298.56
_16022_,298.46
u_weighted_dp.mac_gen\[0\].u_mac.accum_out\[15\],298.46
_35923_,298.44
_36557_,298.32
_13385_,298.3
_32731_,298.21
_32624_,298.2
_40847_,297.94
net520,297.72
_39462_,297.715
_35903_,297.68
_11599_,297.495
_37176_,297.395
_16388_,297.31
net455,297.16
_09849_,297.06
_41660_,296.96
_37030_,296.95
_35871_,296.92
_32708_,296.62
_36652_,296.6
_13159_,296.56
_09922_,296.54
clknet_7_23__leaf_clk,296.535
_33147_,296.375
net641,296.335
_13730_,296.25
net633,296.02
_12948_,295.86
_39422_,295.85
_08390_,295.84
_32730_,295.78
_37306_,295.76
_19091_,295.69
net515,295.6
_34296_,295.55
_36260_,295.45
_28820_,295.42
net635,295.42
_10460_,295.21
_10006_,295.16
_38120_,295.13
_42886_,295.11
_10849_,294.68
_16721_,294.6
u_score_dp.mac_gen\[12\].u_mac.accum_out\[13\],294.6
_43035_,294.575
_10056_,294.09
_10963_,294.04
_16211_,293.845
_21023_,293.83
_14938_,293.61
u_score_dp.mac_gen\[9\].u_mac.accum_out\[12\],293.37
_08389_,293.175
_42976_,293.12
net567,292.98
_35512_,292.9
_40255_,292.86
u_softmax.weights_flat\[13\],292.7
u_score_dp.mac_gen\[9\].u_mac.accum_out\[13\],292.68
_09015_,292.645
_32690_,292.64
net460,292.61
_34649_,292.44
_41513_,292.4
_41592_,292.4
u_score_dp.mac_gen\[12\].u_mac.accum_out\[14\],292.32
clknet_7_52__leaf_clk,292.18
_37390_,292.165
net526,292.12
_38750_,292.1
net214,292.1
_35877_,292.09
_09969_,291.92
_43708_,291.92
net643,291.88
_13820_,291.82
_39388_,291.815
_41620_,291.77
_32646_,291.65
_32643_,291.64
_40121_,291.63
_36939_,291.57
_36315_,291.56
_17349_,291.52
_08225_,291.48
_09083_,291.46
clknet_7_16__leaf_clk,291.36
clknet_7_17__leaf_clk,291.31
net470,291.08
_39461_,291
_36177_,290.845
_23560_,290.84
_12299_,290.82
u_score_dp.mac_gen\[12\].u_mac.accum_out\[11\],290.7
net637,290.66
u_score_dp.mac_gen\[12\].u_mac.accum_out\[10\],290.5
_13739_,290.26
_43748_,290.2
_36970_,290.025
clknet_7_10__leaf_clk,290.02
_11670_,289.92
_16965_,289.92
_33777_,289.8
_10973_,289.765
net494,289.6
_36768_,289.46
_16977_,289.44
_13137_,289.34
clknet_7_20__leaf_clk,289.335
_40848_,289.2
clknet_7_15__leaf_clk,289.12
_42182_,289.06
_32726_,288.98
_39529_,288.96
_38925_,288.86
net732,288.74
net574,288.7
net400,288.64
_08893_,288.6
_36048_,288.48
_36017_,288.46
_13802_,288.41
_38513_,288.29
net585,288.24
_21748_,288.215
_43019_,288.06
_35095_,287.905
clknet_7_5__leaf_clk,287.885
_16566_,287.76
_17231_,287.73
_35820_,287.63
_09886_,287.47
net341,287.26
net561,287.2
_08253_,287.155
_08242_,287.06
_09030_,286.99
_36691_,286.91
clknet_7_70__leaf_clk,286.71
_28647_,286.69
_23897_,286.57
_35977_,286.52
_16410_,286.5
_37815_,286.445
_10070_,286.4
_12695_,286.18
_35226_,286.12
_11882_,286.09
_19225_,285.965
net522,285.96
net718,285.89
_15390_,285.72
_17422_,285.66
_34348_,285.64
net505,285.64
_40229_,285.515
_43596_,285.44
_34896_,285.42
_16910_,285.18
net398,285.18
_23372_,285.1
_09939_,284.92
_36435_,284.86
net513,284.82
clknet_7_11__leaf_clk,284.74
net647,284.66
_12061_,284.59
clknet_7_0__leaf_clk,284.53
net371,284.375
net593,284.26
_36696_,283.94
_42242_,283.94
_36501_,283.93
net530,283.92
_16377_,283.86
net524,283.86
_36096_,283.855
_30597_,283.76
_16854_,283.7
net590,283.64
_33449_,283.59
net649,283.57
_35107_,283.56
_09957_,283.55
_37060_,283.52
clknet_7_100__leaf_clk,283.51
_11581_,283.38
_32627_,283.33
_39577_,283.28
_35944_,283.16
_12420_,282.97
_12518_,282.95
clknet_7_4__leaf_clk,282.81
net395,282.71
_11728_,282.52
net533,282.51
_18078_,282.49
_12661_,282.4
_32639_,282.4
_09872_,282.38
_17794_,282.38
net597,282.18
_35862_,282.15
net402,282.04
_34794_,281.9
_18715_,281.88
_36622_,281.745
net449,281.6
_37237_,281.55
_13203_,281.46
_38118_,281.18
net507,281.16
net782,281.12
_13883_,281.08
_25530_,280.92
net465,280.84
net373,280.78
_09920_,280.66
clknet_7_69__leaf_clk,280.59
net572,280.58
_11300_,280.56
_36069_,280.55
_12629_,280.39
_15753_,280.27
_11991_,280.185
_14873_,279.9
_11807_,279.85
_22515_,279.84
_40122_,279.65
_12585_,279.54
clknet_7_33__leaf_clk,279.51
_38732_,279.48
net511,279.46
_36018_,279.445
_38749_,279.41
_10720_,279.4
_23451_,279.35
net452,279.3
_32630_,279.24
_33260_,279.24
_11215_,279.15
net273,279.09
_09867_,279.03
net468,278.92
_28628_,278.85
u_softmax.weights_flat\[31\],278.73
_12872_,278.7
net463,278.66
clknet_7_6__leaf_clk,278.63
_11483_,278.605
_34793_,278.505
_30564_,278.48
net716,278.46
_16000_,278.41
net645,278.34
_18786_,278.315
net319,278.28
clknet_7_21__leaf_clk,278.235
net528,278.17
_37600_,278.16
net483,278.09
_35785_,278.06
_10651_,277.945
_36451_,277.9
_14722_,277.705
_12792_,277.68
u_score_dp.mac_gen\[9\].u_mac.accum_out\[11\],277.68
_37290_,277.58
_37227_,277.4
_15077_,277.375
_35669_,277.34
_08241_,277.335
_36361_,277.31
_11919_,277.24
_11949_,277.085
_37180_,276.87
_07538_,276.79
_36629_,276.7
net517,276.58
_10639_,276.51
_16921_,276.49
net440,276.26
_11418_,276.24
_32679_,276.21
_39375_,276.2
_35894_,276.15
_15592_,276.13
_38084_,276.04
_15120_,276.035
_39504_,275.92
_16488_,275.77
clknet_7_2__leaf_clk,275.68
net434,275.66
_16266_,275.6
_09869_,275.58
_30450_,275.4
_36875_,275.355
net835,275.295
_36324_,275.245
_11825_,275.205
net570,275.04
net576,275
_32648_,274.915
_36346_,274.915
u_softmax.weights_flat\[38\],274.88
_32694_,274.87
_10700_,274.84
_12178_,274.74
_17844_,274.7
_09955_,274.62
_28725_,274.56
_36971_,274.26
net588,274.22
_32652_,274.17
net438,274.14
_32684_,273.915
_35574_,273.83
_09343_,273.7
clknet_7_85__leaf_clk,273.5
_11166_,273.475
_13059_,273.45
_36424_,273.44
_10701_,273.42
_36102_,273.28
_13892_,273.24
_09845_,273.19
net729,273.135
_16188_,273.12
_29988_,273.06
_16577_,272.9
_12288_,272.83
_32638_,272.8
net780,272.68
_26996_,272.64
_34177_,272.63
_37203_,272.54
_08917_,272.27
_13811_,272.24
net539,272.08
net495,272.04
_11034_,272.02
_32667_,272.01
_37148_,271.98
u_softmax.weights_flat\[42\],271.9
_10068_,271.88
_31481_,271.76
_37046_,271.645
_11948_,271.585
_17956_,271.55
_37543_,271.32
_10517_,271.27
_33801_,271.21
_35875_,271.2
_33758_,271.07
_11818_,271.03
_10361_,270.93
_43705_,270.93
_22805_,270.91
_09342_,270.785
_38237_,270.6
_35896_,270.595
clknet_7_107__leaf_clk,270.58
_36780_,270.57
_37700_,270.48
_08235_,270.4
_11956_,270.4
_42982_,270.37
net795,270.18
_28637_,270.17
_33767_,270.06
_40961_,269.845
_43788_,269.7
_36581_,269.61
_32676_,269.455
clknet_7_12__leaf_clk,269.4
_33150_,269.31
_16466_,269.26
_11285_,269.23
_36179_,269.105
_28785_,269.1
clknet_7_94__leaf_clk,269.03
_11911_,268.91
_16111_,268.85
_39416_,268.78
_09978_,268.62
_28692_,268.62
_36994_,268.56
_09980_,268.525
_15412_,268.44
net436,268.42
_36796_,268.415
_36474_,268.37
_16988_,268.28
clknet_7_54__leaf_clk,268.23
_34172_,268.16
_08296_,268.115
_37703_,267.88
_35114_,267.875
_40821_,267.86
_25706_,267.85
net544,267.82
_39446_,267.785
_09951_,267.73
_17121_,267.4
_32710_,267.4
_15119_,267.38
_36434_,267.31
_38117_,267.3
_15774_,267.28
_08222_,267.26
clknet_7_80__leaf_clk,267.15
_10844_,267.11
_13243_,267.07
_32644_,267.06
_08238_,266.96
_42207_,266.88
_41511_,266.82
_37162_,266.76
_39329_,266.66
_29443_,266.605
_30925_,266.51
net394,266.4
_36727_,266.355
_00234_,266.28
_16233_,266.14
_36962_,266.11
net591,265.92
net405,265.9
net742,265.875
_09114_,265.86
_41538_,265.76
_32671_,265.7
_10640_,265.65
_10875_,265.64
_36867_,265.49
u_score_dp.mac_gen\[5\].u_mac.accum_out\[14\],265.425
_16755_,265.415
_17783_,265.295
_15018_,265.06
net496,265.06
_16732_,265.02
clknet_7_125__leaf_clk,264.86
_14760_,264.78
_10961_,264.71
_39086_,264.705
_08368_,264.61
_17818_,264.46
_32697_,264.41
_36475_,264.34
_11742_,264.24
net467,264.2
_27031_,264.04
_26954_,263.98
_08527_,263.96
_12839_,263.92
_16588_,263.86
net418,263.8
_14538_,263.72
_35766_,263.62
_12982_,263.56
net784,263.43
_33490_,263.37
_12916_,263.32
_08231_,263.2
_14042_,263.14
net514,263.1
_36000_,263.08
clknet_7_84__leaf_clk,262.99
clknet_7_14__leaf_clk,262.91
_29506_,262.88
net493,262.74
_33599_,262.645
_25707_,262.61
_08180_,262.56
_40812_,262.56
_12563_,262.42
_09976_,262.32
_12552_,262.31
_32678_,262.19
_12189_,262.09
_13963_,262.015
_36927_,261.81
_36624_,261.76
net671,261.7
net474,261.635
_08255_,261.6
_09694_,261.48
_28869_,261.36
_33146_,261.28
net364,261.1
_17010_,260.92
_10072_,260.8
net459,260.68
u_weighted_dp.mac_gen\[0\].u_mac.accum_out\[14\],260.655
_12042_,260.65
_41551_,260.65
_32669_,260.115
_18559_,260
net715,259.915
_36194_,259.9
_11022_,259.865
_11031_,259.855
_10318_,259.84
_36399_,259.7
_16555_,259.6
net376,259.56
u_softmax.weights_flat\[14\],259.48
_16932_,259.44
_36668_,259.34
net391,259.34
_22169_,259.335
_10897_,259.11
_32696_,258.875
_37160_,258.62
net419,258.38
_12077_,258.28
_36097_,258.055
net397,257.96
_11442_,257.92
_38807_,257.84
_36671_,257.76
_37713_,257.68
_15673_,257.58
_42213_,257.56
_11565_,257.49
net481,257.34
clknet_7_109__leaf_clk,257.06
_21753_,256.92
clknet_7_113__leaf_clk,256.91
_10487_,256.86
_18396_,256.74
net721,256.64
_12167_,256.63
_12772_,256.46
_35848_,256.21
_42896_,256.16
_36075_,256.15
_36634_,256.13
net448,256.1
net713,255.92
_32687_,255.6
_42294_,255.58
net559,255.57
_40230_,255.52
u_softmax.weights_flat\[34\],255.52
_14751_,255.45
net454,255.38
_33252_,255.345
_36321_,255.18
clknet_7_112__leaf_clk,255.18
_35819_,255.1
_10012_,255.06
net432,255.04
net502,255.03
_13103_,255
_33355_,254.92
_32691_,254.82
_13972_,254.815
_13004_,254.805
_16444_,254.795
_14721_,254.77
_14595_,254.72
net380,254.58
_16422_,254.48
net631,254.48
_14529_,254.44
_38039_,254.41
u_score_dp.mac_gen\[9\].u_mac.accum_out\[10\],254.38
net451,254.34
_21586_,254.24
_31687_,254.24
_10473_,254.19
_35670_,254.13
net407,254.07
_36293_,253.97
_16255_,253.96
net303,253.9
_42354_,253.8
_09970_,253.74
net753,253.68
_33845_,253.54
_15956_,253.52
net464,253.42
u_softmax.weights_flat\[46\],253.4
_12828_,253.28
_10099_,253.26
_12064_,253.18
_09999_,253.095
u_score_dp.mac_gen\[7\].u_mac.accum_out\[13\],253
_36902_,252.81
_10484_,252.78
_32693_,252.765
net410,252.6
_32677_,252.5
clknet_7_78__leaf_clk,252.32
clknet_7_43__leaf_clk,252.28
clknet_7_74__leaf_clk,252.07
clknet_7_83__leaf_clk,252.06
_17404_,252
_37553_,251.955
_23313_,251.9
_12363_,251.775
clknet_7_76__leaf_clk,251.75
_25485_,251.74
_42895_,251.65
u_score_dp.mac_gen\[7\].u_mac.accum_out\[0\],251.635
_09843_,251.58
_09990_,251.46
net523,251.45
_16244_,251.44
_12032_,251.39
_15309_,251.15
_10924_,251.095
_10888_,251.08
u_score_dp.mac_gen\[12\].u_mac.accum_out\[4\],251.08
_13380_,251.02
_36829_,250.95
_38043_,250.93
clknet_7_34__leaf_clk,250.8
_32656_,250.76
_17242_,250.695
_16710_,250.645
_31720_,250.48
u_score_dp.mac_gen\[11\].u_mac.accum_out\[11\],250.38
_36870_,250.25
clknet_7_56__leaf_clk,250.22
_15202_,250.18
_34179_,250.16
clknet_7_40__leaf_clk,250.115
_00233_,250.08
_12398_,250.08
_12453_,250.08
net536,250.08
_15511_,250.06
_38983_,249.985
_37184_,249.81
net295,249.73
_37298_,249.7
_32675_,249.64
_36585_,249.51
_40106_,249.415
net461,249.4
u_score_dp.mac_gen\[12\].u_mac.accum_out\[3\],249.39
_39569_,249.32
_10064_,249.155
u_score_dp.mac_gen\[7\].u_mac.accum_out\[14\],249.14
_36365_,249.04
_25723_,249.03
_32692_,249.02
net136,249.02
_40820_,248.9
u_softmax.weights_flat\[10\],248.84
_15612_,248.53
clknet_7_81__leaf_clk,248.48
_10745_,248.24
_24044_,248.08
_08758_,248.055
clknet_7_79__leaf_clk,248.05
net363,247.8
_36331_,247.63
net550,247.62
_36073_,247.58
net589,247.54
net445,247.48
_30837_,247.46
_32711_,247.4
_35863_,247.355
clknet_7_42__leaf_clk,247.35
u_score_dp.mac_gen\[7\].u_mac.accum_out\[1\],247.34
_36071_,247.3
_11466_,247.21
_15591_,247.17
_15411_,247.1
_16777_,247.08
_32695_,247.08
_43593_,247.04
_30375_,246.94
_34526_,246.94
_22727_,246.935
net661,246.93
_37405_,246.725
_17477_,246.64
_07536_,246.62
_44207_,246.59
_14750_,246.245
_31109_,246.24
_42253_,246.13
_11583_,246.12
_33740_,246.08
_12134_,246.07
_10137_,246
_17958_,245.96
_11892_,245.895
_37879_,245.885
net504,245.88
clknet_7_36__leaf_clk,245.88
_11564_,245.87
_12089_,245.695
_14051_,245.535
_17910_,245.53
_11918_,245.37
_10253_,245.345
_16333_,245.32
_11640_,245.085
u_score_dp.mac_gen\[5\].u_mac.accum_out\[7\],244.86
net506,244.71
_31555_,244.665
_32641_,244.6
_32709_,244.53
_13586_,244.52
u_weighted_dp.mac_gen\[0\].u_mac.accum_out\[13\],244.49
net571,244.46
net361,244.34
_13015_,244.2
_17176_,244.14
clknet_7_60__leaf_clk,244.05
_15936_,243.995
net403,243.9
_42978_,243.8
_39452_,243.7
_09972_,243.68
_43699_,243.6
_11335_,243.47
_14200_,243.34
_17796_,243.04
_38065_,243.04
_26494_,242.92
_37175_,242.915
_17878_,242.77
u_score_dp.mac_gen\[5\].u_mac.accum_out\[11\],242.665
_34991_,242.63
_17264_,242.59
_16222_,242.56
clknet_7_106__leaf_clk,242.47
clknet_7_22__leaf_clk,242.445
net372,242.36
_37921_,242.35
_30517_,242.27
_20368_,242.23
_30053_,242.15
_37231_,242.08
net563,242.02
_14121_,241.94
_10209_,241.47
_10554_,241.44
_08293_,241.375
_17566_,241.34
_37917_,241.3
_37786_,241.22
net549,241.19
_36006_,241.04
_19206_,241.02
_20409_,241.02
_11407_,240.99
_36190_,240.885
clknet_7_103__leaf_clk,240.83
net408,240.7
net644,240.7
_36694_,240.63
net433,240.6
_33091_,240.48
u_softmax.weights_flat\[40\],240.47
net745,240.36
_30982_,240.355
_14130_,240.3
net384,240.28
_16610_,240.22
clknet_7_27__leaf_clk,240.13
_36905_,240.12
clknet_7_82__leaf_clk,240.08
_43129_,240.035
_12529_,239.985
_14917_,239.98
_08928_,239.925
_09012_,239.92
_08261_,239.9
clknet_7_18__leaf_clk,239.84
_11359_,239.77
_32665_,239.76
_35822_,239.72
clknet_7_116__leaf_clk,239.7
_16821_,239.57
_37531_,239.51
_08256_,239.49
_10710_,239.43
u_score_dp.mac_gen\[12\].u_mac.accum_out\[5\],239.24
_15040_,239.07
_35744_,239
_33234_,238.93
_24135_,238.84
_38949_,238.78
_00232_,238.68
_10054_,238.68
u_score_dp.mac_gen\[11\].u_mac.accum_out\[10\],238.68
_34387_,238.66
_14830_,238.63
_32903_,238.62
_10711_,238.59
_32664_,238.48
_09344_,238.42
net399,238.36
_19160_,238.3
_30407_,238.3
net508,238.27
clknet_7_19__leaf_clk,238.13
_44293_,238.06
_21083_,237.96
_12442_,237.88
_27532_,237.875
u_weighted_dp.mac_gen\[1\].u_mac.accum_out\[5\],237.875
_00235_,237.86
_09986_,237.86
u_softmax.weights_flat\[47\],237.84
_11202_,237.82
_15733_,237.82
_09574_,237.8
net642,237.8
_37757_,237.77
_14827_,237.68
_08299_,237.555
_12066_,237.545
net435,237.365
_43643_,237.31
_15308_,237.285
_13666_,237.24
_10164_,237.14
_16288_,237.14
_42902_,237.115
_17187_,237.11
_09846_,237.085
_39451_,236.94
net541,236.755
_38735_,236.665
_15370_,236.64
_35889_,236.6
_11909_,236.56
_36596_,236.35
u_score_dp.mac_gen\[12\].u_mac.accum_out\[15\],236.22
_12059_,236.2
_32680_,236.17
_36564_,236.12
u_score_dp.mac_gen\[11\].u_mac.accum_out\[14\],236.07
net573,236.06
_12431_,235.915
_12200_,235.845
_42900_,235.82
net456,235.76
_11622_,235.74
_24515_,235.705
u_score_dp.mac_gen\[7\].u_mac.accum_out\[7\],235.69
_15631_,235.67
_08252_,235.625
net409,235.5
_43681_,235.475
_34284_,235.375
net756,235.35
_08237_,235.18
net605,234.98
_13658_,234.9
_12971_,234.88
u_softmax.weights_flat\[12\],234.88
_32636_,234.87
clknet_7_68__leaf_clk,234.785
_25144_,234.78
_11205_,234.66
u_score_dp.mac_gen\[11\].u_mac.accum_out\[12\],234.62
net529,234.58
net420,234.38
_11241_,234.28
_34113_,234.27
_19417_,234.26
_36738_,234.15
_15837_,234.12
_33219_,234.1
_15775_,233.99
_33808_,233.84
_32753_,233.715
_37193_,233.68
_34718_,233.66
_11192_,233.64
clknet_7_122__leaf_clk,233.4
_36371_,233.24
_12101_,233.19
_07631_,233.115
_37026_,233.11
_14679_,233.07
net516,233.01
_11795_,232.94
net558,232.92
_16866_,232.9
net553,232.9
net377,232.86
_12574_,232.815
_37243_,232.66
clknet_7_77__leaf_clk,232.55
_32704_,232.53
_36876_,232.52
u_weighted_dp.mac_gen\[1\].u_mac.accum_out\[6\],232.49
_30943_,232.48
_12277_,232.45
clknet_7_32__leaf_clk,232.4
_19366_,232.34
_33342_,232.315
_17764_,232.245
_35278_,232.22
_35341_,232.22
_42942_,232.125
_27701_,232.11
_33651_,232.07
net547,232.055
net638,232.04
_09281_,232.02
_14651_,231.83
clknet_7_124__leaf_clk,231.81
clknet_7_123__leaf_clk,231.77
_17333_,231.62
clknet_7_118__leaf_clk,231.54
_36254_,231.48
_33141_,231.325
_12321_,231.26
_15836_,231.17
net595,231.1
_41168_,231.03
net425,230.995
_15078_,230.98
_37859_,230.94
_36505_,230.93
_40742_,230.915
_41507_,230.84
_15551_,230.66
net562,230.54
_15978_,230.46
net582,230.42
_39414_,230.38
_10558_,230.32
_15391_,230.08
net675,230.02
_09841_,229.99
u_score_dp.mac_gen\[7\].u_mac.accum_out\[9\],229.98
_11916_,229.88
_10175_,229.83
u_score_dp.mac_gen\[11\].u_mac.accum_out\[13\],229.78
net512,229.635
net422,229.62
u_score_dp.mac_gen\[7\].u_mac.accum_out\[3\],229.54
_10332_,229.355
_31592_,229.325
_16399_,229.18
_09284_,229.04
net627,228.93
clknet_7_67__leaf_clk,228.9
u_score_dp.mac_gen\[7\].u_mac.accum_out\[12\],228.87
net599,228.83
_11311_,228.75
_11341_,228.64
_10686_,228.56
net527,228.52
net632,228.46
_37880_,228.41
_37066_,228.315
_42986_,228.16
_09295_,228.12
_10687_,228.12
_36118_,228.07
net657,228.04
_37954_,227.95
_44274_,227.9
_11472_,227.88
_11811_,227.68
u_score_dp.mac_gen\[7\].u_mac.accum_out\[4\],227.64
_14680_,227.54
_31110_,227.48
_42284_,227.15
u_score_dp.mac_gen\[7\].u_mac.accum_out\[2\],227.1
_36004_,227.095
_34455_,227.09
_08273_,227.04
net426,227.02
net462,226.96
_32670_,226.91
_35956_,226.81
_33038_,226.76
net810,226.73
_10285_,226.705
u_softmax.weights_flat\[39\],226.52
u_score_dp.mac_gen\[7\].u_mac.accum_out\[10\],226.485
u_score_dp.mac_gen\[7\].u_mac.accum_out\[5\],226.44
_36155_,226.405
_16033_,226.35
_08246_,226.3
_12332_,226.24
_10005_,226.15
_42318_,226.135
_16899_,226.02
u_softmax.weights_flat\[48\],225.82
_10029_,225.74
_26316_,225.7
net421,225.66
clknet_7_111__leaf_clk,225.58
_08994_,225.57
net639,225.555
_32705_,225.47
u_score_dp.mac_gen\[7\].u_mac.accum_out\[11\],225.305
_36754_,225.28
net594,225.28
_13384_,225.23
_44279_,225.16
_38471_,225.11
_11473_,225.06
_09463_,224.94
_10928_,224.91
_32698_,224.8
u_softmax.weights_flat\[11\],224.76
_39417_,224.65
_34230_,224.62
_28120_,224.58
net555,224.58
_17832_,224.4
_34753_,224.4
_34169_,224.38
_33045_,224.35
_15896_,224.33
_09974_,224.1
_11997_,224.1
u_softmax.weights_flat\[49\],224.1
_14209_,224.04
_08900_,223.96
_25258_,223.94
_35983_,223.825
_11629_,223.82
net272,223.66
_10333_,223.59
_11032_,223.58
_36541_,223.54
clknet_7_9__leaf_clk,223.54
net717,223.53
net393,223.48
_08302_,223.4
net381,223.37
_36683_,223.34
u_score_dp.mac_gen\[5\].u_mac.accum_out\[9\],223.3
_36170_,223.29
_12672_,223.28
_25216_,223.23
_07633_,223.16
_28666_,223.085
_36784_,223.08
u_score_dp.mac_gen\[5\].u_mac.accum_out\[5\],223.04
u_score_dp.mac_gen\[5\].u_mac.accum_out\[8\],223.04
_37158_,222.9
net575,222.85
u_weighted_dp.mac_gen\[0\].u_mac.accum_out\[12\],222.72
net621,222.72
_37114_,222.62
_23542_,222.46
_30645_,222.45
_25739_,222.41
_40743_,222.41
_28739_,222.195
_07534_,222.18
net534,222.12
_09300_,221.96
_37665_,221.9
_33317_,221.895
_11998_,221.88
_08277_,221.725
_36562_,221.59
_37167_,221.58
_09926_,221.52
_36047_,221.38
_36742_,221.31
clknet_7_110__leaf_clk,221.31
_32661_,221.275
net427,221.24
u_score_dp.mac_gen\[5\].u_mac.accum_out\[10\],221.235
_40858_,221.04
_11532_,220.975
_10045_,220.93
net565,220.8
_38469_,220.73
net401,220.62
_10488_,220.61
_36915_,220.55
net584,220.53
_14701_,220.475
_36810_,220.465
_36818_,220.46
net719,220.42
_25304_,220.34
u_softmax.valid_in,220.34
_10101_,220.31
_25256_,220.235
_17891_,220.2
_12156_,220.195
_11506_,220.08
_09315_,220
_09514_,220
_16077_,219.91
_38334_,219.88
_11342_,219.77
_11852_,219.765
_36901_,219.75
_42254_,219.74
_10593_,219.72
_10589_,219.66
clknet_7_72__leaf_clk,219.66
_38783_,219.56
_17065_,219.535
_17549_,219.48
_10831_,219.3
_32688_,219.21
_36401_,219.17
_14594_,219.15
_36741_,219.1
_11967_,219.06
clknet_7_13__leaf_clk,219.01
_16122_,218.9
_11914_,218.87
net592,218.82
_11689_,218.745
_10393_,218.66
_11448_,218.64
_10990_,218.55
_07583_,218.48
_36492_,218.4
net634,218.06
_11924_,218.05
_24628_,217.96
_33841_,217.96
_12243_,217.81
_16621_,217.8
_35890_,217.785
_32828_,217.76
_29899_,217.62
_33470_,217.62
_38445_,217.62
_08362_,217.58
_14279_,217.58
_17209_,217.58
u_score_dp.mac_gen\[15\].u_mac.accum_out\[6\],217.58
_42234_,217.54
_16277_,217.52
net510,217.49
net450,217.47
_14624_,217.44
_42909_,217.44
_40984_,217.43
_11723_,217.335
_19402_,217.32
u_score_dp.mac_gen\[9\].u_mac.accum_out\[9\],217.3
_34168_,217.295
_19213_,217.275
net453,217.24
_32856_,217.16
net614,217.08
_10288_,217.05
_32986_,217.05
u_score_dp.mac_gen\[9\].u_mac.accum_out\[8\],217.015
_32689_,217.01
_33142_,217.005
net786,216.95
_27487_,216.94
net545,216.915
_24577_,216.9
_08549_,216.825
net648,216.78
_09907_,216.65
_12409_,216.64
_37857_,216.635
_42905_,216.62
net610,216.61
_37236_,216.44
_37202_,216.38
_37000_,216.24
_12058_,216.235
_12618_,216.2
_15368_,216.025
_10003_,216.005
_07535_,215.94
_25724_,215.7
_10559_,215.65
_10241_,215.64
clknet_7_51__leaf_clk,215.58
net677,215.44
net519,215.28
net429,215.26
_09101_,215.25
clknet_7_115__leaf_clk,215.14
net412,215.12
_09988_,215.1
_08374_,215.08
_36068_,215.08
_10405_,215.065
_10403_,214.96
_17682_,214.94
_36553_,214.77
_12112_,214.64
_31071_,214.58
u_score_dp.mac_gen\[6\].u_mac.accum_out\[15\],214.58
_12717_,214.53
_10440_,214.46
_17054_,214.45
net720,214.44
_12761_,214.34
_28669_,214.28
_13037_,214.2
_19131_,214.14
u_score_dp.mac_gen\[11\].u_mac.accum_out\[15\],214.1
net302,214.04
net602,214.03
u_score_dp.mac_gen\[14\].u_mac.accum_out\[6\],213.9
_28635_,213.88
_10957_,213.86
_10178_,213.78
_23437_,213.66
_08226_,213.58
_09695_,213.58
_17444_,213.54
_11862_,213.51
net491,213.5
_31727_,213.48
_11925_,213.32
_17693_,213.26
_38950_,212.95
_17621_,212.84
_16677_,212.8
_32886_,212.8
_08173_,212.69
_38077_,212.65
_11449_,212.64
clknet_7_61__leaf_clk,212.55
_12065_,212.42
net478,212.42
_37710_,212.33
_29796_,212.3
_22740_,212.15
_10085_,212.04
_28860_,211.97
_10008_,211.96
clknet_7_96__leaf_clk,211.92
_37564_,211.89
_17610_,211.86
net83,211.86
net603,211.86
_18188_,211.82
net685,211.78
_28668_,211.72
_10797_,211.57
_25811_,211.47
u_score_dp.mac_gen\[5\].u_mac.accum_out\[4\],211.44
_23318_,211.38
_12905_,211.375
_07602_,211.2
_11153_,211.19
u_softmax.weights_flat\[62\],211.18
_14288_,211.08
_28129_,210.84
_11556_,210.76
_32765_,210.71
_36644_,210.63
_09283_,210.56
net471,210.5
_07763_,210.44
_11165_,210.38
_17154_,210.32
_22772_,210.24
_34106_,210.165
_36402_,210.04
net269,210.04
_33518_,209.9
net525,209.88
_33108_,209.86
_36565_,209.79
_37185_,209.74
_15328_,209.7
_08280_,209.62
_36681_,209.6
_44267_,209.595
_12850_,209.56
_10832_,209.5
u_score_dp.mac_gen\[7\].u_mac.accum_out\[8\],209.315
u_score_dp.mac_gen\[12\].u_mac.accum_out\[9\],209.28
clknet_7_30__leaf_clk,209.26
_24552_,209.16
_15019_,208.98
_11521_,208.975
_10436_,208.94
_10049_,208.91
_17753_,208.875
net752,208.78
_36781_,208.76
clknet_7_65__leaf_clk,208.735
_35743_,208.72
_18987_,208.62
_11243_,208.56
_25781_,208.53
u_score_dp.mac_gen\[2\].u_mac.accum_out\[10\],208.5
_36740_,208.42
_09282_,208.325
net560,208.28
net640,208.28
_31216_,208.22
_20945_,208.215
_36243_,208.2
_08288_,208.08
_08361_,207.985
_23305_,207.94
_14941_,207.855
_31640_,207.665
_23548_,207.66
clknet_7_7__leaf_clk,207.56
_08284_,207.44
_21012_,207.34
_08932_,207.3
_23397_,207.26
_10871_,207.255
_10250_,207.21
net437,207.18
net268,207.16
_12073_,207.1
net469,207.1
u_softmax.weights_flat\[43\],207.06
_08258_,206.95
net777,206.93
q\[86\]\[7\],206.82
_33242_,206.78
_17466_,206.69
_31983_,206.43
_09099_,206.4
_37194_,206.37
net480,206.33
_36649_,206.3
_11329_,205.98
_15611_,205.955
_35593_,205.84
net651,205.8
net650,205.63
net557,205.62
net509,205.52
_23490_,205.465
_15674_,205.44
_34098_,205.32
_14593_,205.3
_08262_,205.13
_34181_,205.1
_09294_,205.06
_25106_,204.98
_11328_,204.965
_15224_,204.9
_23489_,204.76
_38850_,204.73
net382,204.68
_36687_,204.64
_31121_,204.61
net618,204.55
_41632_,204.54
net606,204.5
clknet_7_24__leaf_clk,204.5
_24104_,204.495
_25747_,204.495
_08899_,204.4
_43880_,204.36
_11664_,204.355
_32748_,204.345
_33731_,204.255
clknet_7_127__leaf_clk,204.22
net623,204.21
_36398_,204.165
_17709_,204.07
net552,204.06
_28740_,204.04
net498,203.98
_12015_,203.97
net601,203.92
u_score_dp.mac_gen\[5\].u_mac.accum_out\[13\],203.9
clknet_7_3__leaf_clk,203.89
_23395_,203.87
_20582_,203.835
_11763_,203.82
_36944_,203.78
_23329_,203.76
_20543_,203.7
net387,203.7
net423,203.62
u_score_dp.mac_gen\[0\].u_mac.accum_out\[14\],203.6
_36228_,203.52
_40232_,203.44
net569,203.4
_17946_,203.36
_12145_,203.18
u_score_dp.mac_gen\[2\].u_mac.accum_out\[9\],202.98
_30951_,202.89
_37697_,202.87
u_score_dp.mac_gen\[0\].u_mac.accum_out\[6\],202.76
_35838_,202.68
_10548_,202.63
net658,202.45
_24537_,202.42
_07584_,202.4
_26313_,202.32
_23902_,202.26
_26540_,202.16
net608,202.15
_25181_,201.92
_15512_,201.9
_32702_,201.895
net607,201.895
_09535_,201.83
_32706_,201.8
net616,201.78
_08330_,201.74
_32845_,201.69
net586,201.63
_28767_,201.62
_10923_,201.44
net500,201.4
_24053_,201.3
u_softmax.weights_flat\[54\],201.295
_41508_,201.24
_22154_,201.23
_15203_,201.135
_20525_,201.085
_21081_,201.04
u_score_dp.mac_gen\[7\].u_mac.accum_out\[6\],200.98
_27671_,200.9
_44292_,200.72
_10001_,200.67
_09702_,200.545
_08223_,200.54
_10281_,200.5
_20373_,200.47
_32700_,200.42
_31179_,200.335
_14829_,200.3
_37896_,200.22
net548,200.115
_16100_,200.06
_37221_,199.96
_32645_,199.92
_33381_,199.88
_10441_,199.74
_32649_,199.74
net598,199.68
_26311_,199.47
_21190_,199.445
_37222_,199.34
_15329_,199.295
_11943_,199.29
_12894_,199.22
_27565_,199.14
_37386_,199.1
_12959_,199.05
net827,199.05
_15098_,199.04
_11393_,198.96
_15265_,198.92
net655,198.87
_14895_,198.84
_11089_,198.82
_09913_,198.7
_20483_,198.68
net735,198.625
_15877_,198.58
_15017_,198.51
_11658_,198.48
_08308_,198.4
_36782_,198.29
_36272_,198.28
_34645_,198.175
net673,198.14
net630,198.1
_19211_,198.06
_38713_,197.91
net289,197.87
u_softmax.weights_flat\[63\],197.78
net750,197.76
_23544_,197.72
_37343_,197.64
_11189_,197.6
net551,197.58
_37310_,197.54
net646,197.45
_32658_,197.43
_36954_,197.405
_37055_,197.37
_37821_,197.37
clknet_7_87__leaf_clk,197.26
_11617_,197.24
_36157_,197.24
_37320_,197.18
_10870_,197.17
_08164_,197.15
net476,196.81
_37262_,196.71
_35869_,196.69
_26413_,196.63
_40480_,196.6
_29486_,196.56
net823,196.54
_10669_,196.52
u_softmax.weights_flat\[15\],196.5
_34092_,196.455
u_softmax.weights_flat\[52\],196.44
_36804_,196.42
_11695_,196.415
_12072_,196.36
_23341_,196.34
_12364_,196.26
u_score_dp.mac_gen\[5\].u_mac.accum_out\[6\],196.21
_12750_,196.14
_21002_,196.13
_25129_,196.04
_30348_,196.02
_42118_,195.98
_32946_,195.955
u_weighted_dp.mac_gen\[1\].u_mac.accum_out\[13\],195.94
_36503_,195.93
_36859_,195.895
_14356_,195.835
_38113_,195.83
net739,195.74
_37370_,195.705
_31020_,195.62
_42906_,195.62
_19255_,195.61
_11191_,195.55
_44290_,195.48
_24592_,195.365
_10862_,195.18
clknet_7_86__leaf_clk,195.1
_33135_,194.96
_09056_,194.88
_35609_,194.86
_35905_,194.85
_09842_,194.84
net833,194.8
_32743_,194.76
_17922_,194.715
clknet_7_71__leaf_clk,194.35
_27476_,194.31
_37294_,194.29
_36187_,194.14
net543,194.14
_13463_,194
_23960_,194
_17889_,193.885
_21722_,193.88
_32635_,193.8
_13247_,193.74
_30974_,193.73
net781,193.7
_10883_,193.64
_09754_,193.57
u_weighted_dp.mac_gen\[1\].u_mac.accum_out\[12\],193.51
_15223_,193.48
_08584_,193.42
_34646_,193.2
_15161_,193.16
_13508_,193.06
net531,193.06
net299,193.05
clknet_7_26__leaf_clk,192.93
_10884_,192.88
_12607_,192.88
clknet_7_38__leaf_clk,192.78
_19863_,192.68
_41492_,192.66
_38789_,192.54
_25210_,192.45
_35914_,192.45
clknet_7_49__leaf_clk,192.43
_09325_,192.42
_15349_,192.345
_35071_,192.27
_17494_,192.21
_11589_,192.2
_23938_,192.18
_37870_,192.18
_38271_,192.17
_33683_,192.155
clknet_7_119__leaf_clk,192.04
_13289_,191.99
_38096_,191.96
net663,191.95
_23408_,191.86
clknet_7_28__leaf_clk,191.82
_17516_,191.8
_37480_,191.68
_15287_,191.66
_08450_,191.605
_28928_,191.555
_10329_,191.43
_28163_,191.38
_28110_,191.34
_16355_,191.3
u_softmax.weights_flat\[51\],191.28
_41510_,191.24
net691,191.2
_13048_,191.14
_36595_,190.85
_22733_,190.845
_17322_,190.8
_36969_,190.725
_09462_,190.7
_11204_,190.66
_38245_,190.65
_11707_,190.59
_34627_,190.55
_36053_,190.49
_16877_,190.48
u_score_dp.mac_gen\[12\].u_mac.accum_out\[8\],190.48
_30984_,190.475
net734,190.47
_10182_,190.32
u_score_dp.mac_gen\[5\].u_mac.accum_out\[12\],190.305
_12475_,190.28
_19228_,190.1
_17371_,190.04
_22758_,190.04
u_score_dp.mac_gen\[12\].u_mac.accum_out\[6\],189.85
_15139_,189.775
_32089_,189.66
net318,189.605
_38731_,189.44
net604,189.38
_13332_,189.34
_40619_,189.22
_20392_,189.15
_26328_,189.08
_17393_,188.96
u_score_dp.mac_gen\[15\].u_mac.accum_out\[8\],188.86
_18669_,188.7
_17638_,188.58
_35936_,188.56
u_score_dp.mac_gen\[0\].u_mac.accum_out\[5\],188.54
_36598_,188.535
_44288_,188.48
_17866_,188.465
_09280_,188.43
_21045_,188.28
_12056_,188.255
_10636_,188.185
net678,188.14
_14851_,188.12
scaled_scores\[10\]\[5\],188.035
_21010_,188.02
_16299_,187.93
net475,187.92
_09696_,187.915
_19143_,187.84
scaled_scores\[10\]\[7\],187.84
_14426_,187.83
_15454_,187.8
_42879_,187.78
_37029_,187.76
u_weighted_dp.mac_gen\[4\].u_mac.accum_out\[16\],187.67
_20577_,187.66
net554,187.58
_28117_,187.49
_36615_,187.48
_40811_,187.46
u_weighted_dp.mac_gen\[4\].u_mac.accum_out\[13\],187.45
_20980_,187.43
_36551_,187.36
_11927_,187.33
u_score_dp.mac_gen\[7\].u_mac.accum_out\[15\],187.3
net778,187.27
_24622_,187.05
net538,186.95
_38115_,186.93
_12067_,186.685
net482,186.65
_36750_,186.52
_34189_,186.49
_09394_,186.4
_38166_,186.33
_08259_,186.22
clknet_7_48__leaf_clk,186.22
_22741_,185.9
_27027_,185.895
_09917_,185.88
_36252_,185.88
_21097_,185.83
_16699_,185.74
_15245_,185.72
_28934_,185.72
_31614_,185.6
_25150_,185.56
_36197_,185.52
net615,185.505
_37734_,185.44
u_score_dp.mac_gen\[5\].u_mac.accum_out\[3\],185.44
net767,185.42
_17660_,185.36
_09175_,185.28
_36695_,185.26
net501,185.22
_34492_,185.14
net600,185.125
_27084_,185.11
_34039_,185.08
_33321_,185.02
_38058_,185.01
_11908_,184.98
net311,184.86
_26314_,184.67
_36672_,184.67
_15957_,184.66
_14852_,184.635
_16843_,184.58
_26409_,184.47
_33021_,184.44
net722,184.44
_09882_,184.42
_22791_,184.395
_24094_,184.28
u_weighted_dp.mac_gen\[1\].u_mac.accum_out\[11\],184.28
_33333_,184.26
_09703_,184.23
u_softmax.weights_flat\[56\],184.22
net686,184.06
_20410_,183.98
_28070_,183.98
_23546_,183.97
_37050_,183.94
_34975_,183.92
_35737_,183.91
_17538_,183.86
_18577_,183.86
_32155_,183.845
clknet_7_57__leaf_clk,183.84
_16344_,183.805
_22822_,183.72
_08363_,183.715
net370,183.65
_42244_,183.62
_11244_,183.57
net564,183.37
_26460_,183.36
_13277_,183.3
_09878_,183.25
_14365_,183.22
_27474_,183.215
_21028_,183.12
_28095_,183.12
u_score_dp.mac_gen\[0\].u_mac.accum_out\[15\],183.06
net317,183.04
_28237_,183.025
_39698_,183.02
net535,183.02
_38079_,182.95
_25812_,182.89
_32135_,182.89
_21624_,182.88
u_softmax.weights_flat\[57\],182.88
_34962_,182.78
_24562_,182.765
_11514_,182.635
u_weighted_dp.mac_gen\[1\].u_mac.accum_out\[4\],182.56
_17165_,182.45
_38403_,182.38
_09097_,182.35
_38634_,182.27
_19846_,182.22
_25718_,182.17
u_score_dp.mac_gen\[2\].u_mac.accum_out\[12\],182.1
net666,182.085
_08429_,182.04
_17032_,181.98
_20585_,181.94
_09050_,181.88
_15371_,181.78
_19833_,181.78
_27507_,181.74
_17099_,181.7
_22811_,181.7
_33932_,181.7
_27479_,181.64
_32898_,181.58
_14977_,181.515
_38709_,181.49
_17820_,181.37
_19253_,181.34
_43602_,181.32
u_softmax.weights_flat\[61\],181.32
_21597_,181.285
_09093_,181.28
_11150_,181.22
_22256_,181.2
_15266_,181.18
_19876_,181.18
_08351_,181.12
_23912_,181.115
net458,181.08
_08297_,180.84
clknet_7_64__leaf_clk,180.84
_26530_,180.835
net472,180.82
_17043_,180.76
_31498_,180.725
q\[118\]\[7\],180.72
u_score_dp.mac_gen\[2\].u_mac.accum_out\[8\],180.685
_08350_,180.64
_28131_,180.62
_20422_,180.58
_27498_,180.54
_11907_,180.52
_21626_,180.425
net758,180.425
_08633_,180.36
_37117_,180.25
_21637_,180.24
net473,180.24
_37307_,180.21
_11139_,180.08
_09323_,180.05
_10406_,180.05
_15754_,180.04
net636,180.02
_28279_,179.94
net652,179.84
_11917_,179.755
_08950_,179.56
_35954_,179.5
_25780_,179.42
u_weighted_dp.mac_gen\[0\].u_mac.accum_out\[11\],179.42
_08166_,179.39
net521,179.32
u_weighted_dp.mac_gen\[1\].u_mac.accum_out\[3\],179.3
net625,179.295
net653,179.14
_23320_,179.13
_17505_,179.06
_38103_,179.04
_09634_,178.98
_33226_,178.96
_22779_,178.84
net477,178.7
_34703_,178.58
scaled_scores\[63\]\[5\],178.52
_38341_,178.51
_28160_,178.44
net679,178.415
_08171_,178.36
_38563_,178.28
_38158_,178.26
u_weighted_dp.mac_gen\[4\].u_mac.accum_out\[14\],178.26
_34247_,178.185
_07539_,178.145
_30310_,178.07
_14652_,178.06
clknet_7_97__leaf_clk,177.99
_08435_,177.95
_10819_,177.9
u_weighted_dp.mac_gen\[1\].u_mac.accum_out\[17\],177.9
_08589_,177.8
_28662_,177.8
net624,177.8
_34863_,177.67
_15731_,177.615
_39573_,177.6
_34588_,177.25
_15552_,177.135
net396,177.05
_07669_,177.04
_36848_,177.02
net611,176.8
_34892_,176.66
_12993_,176.48
_34345_,176.36
_28227_,176.34
_09118_,176.32
net731,176.25
net619,176.21
net757,176.19
_34211_,176.17
_37800_,176.17
_28278_,176.14
net596,176.12
_31662_,175.88
_41483_,175.88
_38071_,175.87
u_weighted_dp.mac_gen\[1\].u_mac.accum_out\[14\],175.86
u_score_dp.mac_gen\[2\].u_mac.accum_out\[11\],175.77
net428,175.61
_30598_,175.58
clknet_7_41__leaf_clk,175.54
clknet_7_35__leaf_clk,175.53
_36614_,175.49
_21587_,175.45
_36706_,175.415
net773,175.35
_22744_,175.25
_15856_,175.22
_14587_,175.19
_32789_,175.19
_36322_,175.16
_08935_,175.14
_09080_,175.14
_18096_,175.12
net315,175.08
_08494_,175.045
_19961_,174.94
_24090_,174.94
_16499_,174.91
_18440_,174.9
net628,174.9
_09880_,174.83
_34035_,174.83
_08233_,174.82
_23970_,174.76
_23894_,174.72
_12861_,174.7
_18633_,174.68
net424,174.65
_16788_,174.605
_13578_,174.6
_17854_,174.55
_13340_,174.54
_34034_,174.5
_37263_,174.46
_20956_,174.28
_25935_,174.235
_24051_,174.16
_21013_,174.13
_17934_,174.12
_25719_,174.095
_27032_,174.08
_10741_,174.035
_25121_,174.035
_35913_,173.98
_25765_,173.9
u_weighted_dp.mac_gen\[1\].u_mac.accum_out\[15\],173.89
_24748_,173.87
_12062_,173.82
_13341_,173.82
_27606_,173.82
net654,173.74
clknet_7_39__leaf_clk,173.72
_14504_,173.7
_12805_,173.68
clknet_7_108__leaf_clk,173.67
_21554_,173.655
_36292_,173.6
_09655_,173.58
_22181_,173.525
_13430_,173.52
clknet_7_88__leaf_clk,173.5
net350,173.44
_20633_,173.41
_27017_,173.4
_25214_,173.36
_31007_,173.24
_23398_,173.22
u_score_dp.mac_gen\[13\].u_mac.accum_out\[6\],173.1
_10179_,172.96
_28145_,172.96
_30047_,172.96
_37053_,172.93
_09382_,172.83
_24519_,172.68
_11137_,172.645
_14896_,172.58
_33940_,172.575
_18651_,172.56
_33324_,172.48
_09637_,172.42
_14566_,172.38
_20593_,172.37
k_row\[0\],172.255
_08229_,172.24
_32605_,172.24
_34110_,172.24
_28283_,172.19
_30493_,172.18
net314,172.06
net674,172.05
_08399_,172.02
clknet_7_50__leaf_clk,172
_37793_,171.96
_24747_,171.92
_30353_,171.9
_09464_,171.89
_07572_,171.86
_36630_,171.84
_24520_,171.83
_10091_,171.82
_38866_,171.8
_09697_,171.78
_35575_,171.78
_15916_,171.74
net727,171.54
_09115_,171.4
net546,171.34
_16510_,171.325
net439,171.29
_25894_,171.26
_28075_,171.25
_22809_,171.2
u_score_dp.mac_gen\[2\].u_mac.accum_out\[7\],171.2
_14423_,171.12
_09235_,171.02
_29814_,170.94
_26384_,170.895
u_weighted_dp.mac_gen\[1\].u_mac.accum_out\[16\],170.8
_32978_,170.79
net664,170.78
scaled_scores\[10\]\[9\],170.77
_31815_,170.71
_08933_,170.7
_19778_,170.655
_37104_,170.61
_08983_,170.55
_17785_,170.44
_14918_,170.42
_40739_,170.36
_34983_,170.33
_34735_,170.29
_19182_,170.24
clknet_7_117__leaf_clk,170.2
_15897_,170.16
_19825_,170.16
_15099_,170.06
_25807_,170.04
_27506_,170
_31721_,170
_38011_,169.9
u_score_dp.mac_gen\[8\].u_mac.accum_out\[15\],169.86
net447,169.795
_22724_,169.7
_35290_,169.64
net378,169.48
net497,169.46
_19267_,169.44
net783,169.425
_21573_,169.38
_26955_,169.38
net499,169.38
net687,169.32
_19095_,169.31
net620,169.215
_31021_,168.99
_32934_,168.97
q\[93\]\[0\],168.955
_17731_,168.93
_13422_,168.89
_07604_,168.88
net489,168.86
net693,168.78
net309,168.64
_34466_,168.56
net741,168.54
_38067_,168.4
_11228_,168.33
net709,168.3
_33098_,168.24
clknet_7_58__leaf_clk,168.22
net805,168.22
_37910_,168.15
_33363_,168.14
_36339_,168.115
_28693_,168.1
_11377_,168.09
_09455_,168
_33598_,168
net751,167.95
scaled_scores\[16\]\[12\],167.92
_21060_,167.82
_22938_,167.82
_40813_,167.75
net672,167.52
_31489_,167.48
_20502_,167.43
_36836_,167.3
_12816_,167.255
_24534_,167.24
_08364_,167.205
_25805_,167.2
_16599_,167.16
_30141_,167.1
net366,167.1
_09354_,167.08
_31009_,167.02
_10014_,166.98
_09456_,166.95
_10535_,166.88
_41582_,166.76
u_score_dp.mac_gen\[15\].u_mac.accum_out\[9\],166.755
u_score_dp.mac_gen\[8\].u_mac.accum_out\[13\],166.755
_42216_,166.75
_30365_,166.66
_25803_,166.55
_14874_,166.54
_25929_,166.535
_29813_,166.46
_13500_,166.44
_32662_,166.385
_08416_,166.22
_11671_,166.22
scaled_scores\[63\]\[4\],166.2
_37830_,166.18
_18951_,166.08
_22246_,165.93
_34766_,165.92
_13263_,165.82
net385,165.78
_35435_,165.77
_31641_,165.64
_38539_,165.47
_10047_,165.45
_31062_,165.415
u_softmax.weights_flat\[58\],165.4
_33143_,165.34
_31574_,165.3
_24098_,165.29
_35056_,165.24
_13345_,165.22
_11399_,165.19
net629,165.16
_17981_,165.14
_28625_,165.095
_11067_,165.075
_25892_,165.03
_24046_,165.01
_19791_,164.98
net577,164.935
u_weighted_dp.mac_gen\[5\].u_mac.accum_out\[9\],164.86
net764,164.84
_26358_,164.83
_19068_,164.82
_19835_,164.52
_37223_,164.52
_15244_,164.5
u_score_dp.mac_gen\[11\].u_mac.accum_out\[3\],164.4
_38050_,164.37
net369,164.35
_28847_,164.34
_21596_,164.26
_11292_,164.17
_24522_,164.06
_33682_,164.06
_36883_,164.06
_17455_,163.97
_37772_,163.94
_37047_,163.92
u_score_dp.mac_gen\[2\].u_mac.accum_out\[13\],163.9
_11066_,163.8
_25334_,163.8
_09636_,163.72
_27603_,163.66
_29542_,163.65
_25711_,163.54
net542,163.48
_08247_,163.4
_09715_,163.335
_42206_,163.28
_28927_,163.265
_26917_,163.18
_36466_,163.18
clknet_7_93__leaf_clk,163.16
_28645_,163.14
_11262_,163.07
_38183_,163.015
_36319_,162.99
net723,162.95
_09367_,162.92
net312,162.9
_37369_,162.86
_29823_,162.545
_38315_,162.52
_08294_,162.465
_44227_,162.42
_32100_,162.38
_12078_,162.36
u_weighted_dp.mac_gen\[4\].u_mac.accum_out\[17\],162.36
_28726_,162.27
_42243_,162.24
_17845_,162.2
net360,162.14
_34183_,162.07
_09635_,162.04
net724,161.94
_23896_,161.92
u_weighted_dp.mac_gen\[4\].u_mac.accum_out\[12\],161.9
_33785_,161.89
_19181_,161.82
_27585_,161.8
_27608_,161.78
_27582_,161.76
u_weighted_dp.mac_gen\[7\].u_mac.accum_out\[15\],161.66
_13271_,161.62
_23918_,161.62
_35080_,161.555
_28063_,161.55
_08635_,161.475
_25339_,161.45
_28109_,161.4
_11400_,161.36
_21547_,161.34
net486,161.33
net532,161.28
_17433_,161.24
_28196_,161.24
_18841_,161.22
_19811_,161.205
_28093_,161.2
clknet_7_25__leaf_clk,161.17
_33001_,161.09
_31540_,161.07
u_softmax.weights_flat\[53\],161.07
_21682_,160.98
_38106_,160.92
_36034_,160.915
_36616_,160.9
_29806_,160.895
_34474_,160.84
u_weighted_dp.mac_gen\[4\].u_mac.accum_out\[11\],160.75
net710,160.72
_25302_,160.7
_28132_,160.7
_31232_,160.7
_31539_,160.7
_08334_,160.68
_19214_,160.61
_17649_,160.42
_08372_,160.4
_17300_,160.395
net556,160.34
net305,160.32
_30451_,160.23
u_score_dp.mac_gen\[11\].u_mac.accum_out\[4\],160.2
u_score_dp.accum_valid,160.18
_19836_,160.125
_26933_,160.125
_26319_,159.945
_35102_,159.92
_34202_,159.77
_34038_,159.7
_38369_,159.69
_09577_,159.68
_28119_,159.4
_30432_,159.32
_34162_,159.28
_20503_,159.24
_36623_,159.18
_08582_,159.16
_39387_,159
_23905_,158.95
_07576_,158.92
clknet_7_91__leaf_clk,158.91
_08905_,158.665
_39313_,158.66
_28080_,158.62
_38212_,158.6
net667,158.59
_18161_,158.49
_36728_,158.455
_09372_,158.42
_35277_,158.42
_36189_,158.42
_28248_,158.38
u_weighted_dp.mac_gen\[6\].u_mac.accum_out\[8\],158.36
_38529_,158.3
_08492_,158.17
u_score_dp.mac_gen\[15\].u_mac.accum_out\[7\],158.16
_16055_,158.1
_23969_,158.04
net725,158.03
_19347_,158.015
_42954_,157.99
_10104_,157.88
_23332_,157.85
_33714_,157.82
_35706_,157.72
_23931_,157.67
_10915_,157.66
_24529_,157.62
_19142_,157.6
_22125_,157.58
_35976_,157.42
u_score_dp.mac_gen\[12\].u_mac.accum_out\[2\],157.42
u_weighted_dp.mac_gen\[4\].u_mac.accum_out\[15\],157.42
_17720_,157.41
_18960_,157.36
_38441_,157.25
_08961_,157.24
_38012_,157.17
_11904_,157.1
_35461_,157.04
_17289_,156.92
_38644_,156.87
_13079_,156.86
_29866_,156.86
u_score_dp.mac_gen\[15\].u_mac.accum_out\[10\],156.82
_20423_,156.72
_32069_,156.63
_37038_,156.62
_09915_,156.615
_36986_,156.58
_22139_,156.565
out_row\[0\],156.52
_28183_,156.5
_10379_,156.44
_38014_,156.375
_11601_,156.36
_10534_,156.28
_08239_,156.11
_37744_,155.96
clknet_7_37__leaf_clk,155.89
net617,155.82
_09396_,155.72
_11293_,155.72
_09346_,155.6
_08938_,155.58
_14477_,155.58
_08547_,155.525
_25886_,155.46
_34043_,155.4
_37745_,155.285
_09351_,155.22
_09357_,155.2
_10112_,155.18
_08327_,155.14
_16544_,155.1
_24524_,155.04
_26899_,155.01
_15876_,154.975
u_weighted_dp.mac_gen\[7\].u_mac.accum_out\[16\],154.96
_34828_,154.94
_14495_,154.92
_25712_,154.91
_37789_,154.86
_11366_,154.84
_25247_,154.8
_20460_,154.76
_38764_,154.7
scaled_scores\[0\]\[2\],154.7
_33865_,154.68
_34606_,154.68
_19200_,154.66
_36793_,154.65
_17577_,154.615
_30518_,154.53
q\[116\]\[7\],154.49
_20420_,154.36
_36106_,154.35
_09337_,154.32
_19096_,154.3
_36468_,154.295
_09755_,154.29
_08232_,154.265
_36712_,154.26
_24532_,154.25
_17277_,154.18
_31008_,154.12
_25254_,154.07
_09397_,153.98
clknet_7_75__leaf_clk,153.96
_31616_,153.88
_08281_,153.86
_12063_,153.86
_15572_,153.78
_36408_,153.78
_17588_,153.74
_35573_,153.72
net668,153.695
net389,153.675
_10617_,153.66
_40395_,153.6
_32044_,153.595
_33407_,153.56
net700,153.54
_20929_,153.38
_29900_,153.38
_38851_,153.365
_18458_,153.36
_17968_,153.335
_11913_,153.33
_33330_,153.32
u_weighted_dp.mac_gen\[2\].u_mac.accum_out\[8\],153.28
u_score_dp.mac_gen\[14\].u_mac.accum_out\[8\],153.275
_31233_,153.24
_37529_,153.2
_27471_,153.16
_38325_,153.13
net746,153.12
u_score_dp.mac_gen\[2\].u_mac.accum_out\[1\],153.02
_34427_,152.92
_34373_,152.89
u_score_dp.mac_gen\[2\].u_mac.accum_out\[0\],152.695
net737,152.68
net443,152.64
_22793_,152.62
u_score_dp.mac_gen\[2\].u_mac.accum_out\[3\],152.55
_09162_,152.395
_36156_,152.395
_29967_,152.38
_09523_,152.35
q\[84\]\[7\],152.32
net662,152.26
_27601_,152.24
_38651_,151.81
_34142_,151.66
u_weighted_dp.mac_gen\[7\].u_mac.accum_out\[9\],151.6
u_score_dp.mac_gen\[12\].u_mac.accum_out\[7\],151.52
_43642_,151.48
u_score_dp.mac_gen\[8\].u_mac.accum_out\[12\],151.46
u_weighted_dp.mac_gen\[1\].u_mac.accum_out\[7\],151.455
_22942_,151.42
_09163_,151.37
_33307_,151.35
_38746_,151.32
_17527_,151.3
_08303_,151.22
_12053_,151.22
_20360_,151.22
_38105_,151.2
_30904_,151.12
k_row\[1\],151.12
_18060_,151.08
_27561_,151.08
_14978_,151.04
clknet_7_114__leaf_clk,151
_21003_,150.96
_33077_,150.86
net404,150.86
_34258_,150.7
_34164_,150.68
_26450_,150.675
_08398_,150.64
_35029_,150.64
_08476_,150.56
_21555_,150.52
u_weighted_dp.mac_gen\[2\].u_mac.accum_out\[9\],150.36
_33065_,150.34
u_score_dp.mac_gen\[4\].u_mac.accum_out\[15\],150.34
_09377_,150.26
_28181_,150.2
q\[125\]\[0\],150.08
_37901_,150.06
q\[86\]\[1\],150.05
_08448_,149.98
_27699_,149.98
u_weighted_dp.mac_gen\[6\].u_mac.accum_out\[13\],149.98
_40768_,149.9
_33370_,149.88
_37325_,149.86
_33070_,149.76
_09576_,149.73
_08452_,149.69
_24136_,149.67
_28068_,149.58
_36040_,149.435
_09516_,149.36
_18541_,149.36
_10097_,149.295
_22794_,149.28
u_score_dp.mac_gen\[2\].u_mac.accum_out\[2\],149.28
_37197_,149.22
_41525_,149.2
_29837_,149.055
_30604_,149.02
_09575_,148.92
_17867_,148.84
clknet_7_29__leaf_clk,148.75
net441,148.68
_38235_,148.65
_35382_,148.585
_36448_,148.54
_31554_,148.5
u_score_dp.mac_gen\[14\].u_mac.accum_out\[9\],148.5
_34214_,148.495
u_score_dp.mac_gen\[6\].u_mac.accum_out\[4\],148.44
_35578_,148.4
_36961_,148.4
u_score_dp.mac_gen\[14\].u_mac.accum_out\[15\],148.38
_35808_,148.34
_22907_,148.21
_36289_,148.18
_31556_,148.12
_34101_,148.05
_37707_,148.04
net676,148.035
_32036_,147.89
_38472_,147.84
_19180_,147.8
net660,147.78
_07672_,147.74
_38173_,147.74
_31573_,147.68
_18859_,147.66
_28292_,147.63
_12022_,147.62
_37245_,147.6
_31594_,147.585
_11915_,147.56
u_weighted_dp.mac_gen\[0\].u_mac.accum_out\[4\],147.54
_23368_,147.53
u_score_dp.mac_gen\[2\].u_mac.accum_out\[6\],147.51
net694,147.45
_10746_,147.44
_33398_,147.42
_33036_,147.4
net665,147.29
_20447_,147.24
_08306_,147.2
_43598_,147.14
_33778_,147.105
_38188_,147.1
_38299_,147.095
_36066_,147.08
_08285_,147.07
_18449_,147.07
_20959_,146.92
_09517_,146.9
_10380_,146.88
u_score_dp.mac_gen\[1\].u_mac.accum_out\[15\],146.82
u_score_dp.mac_gen\[9\].u_mac.accum_out\[6\],146.78
_12021_,146.7
_21559_,146.7
_41417_,146.66
_12464_,146.64
_10251_,146.6
net537,146.56
_38282_,146.48
_38777_,146.415
_19415_,146.38
_11069_,146.37
_31493_,146.24
_28671_,146.22
_08923_,146.02
_09362_,146.02
_27541_,145.9
net670,145.9
_27518_,145.875
scaled_scores\[16\]\[14\],145.86
_34263_,145.81
net307,145.8
_08495_,145.795
_15160_,145.76
_32351_,145.74
u_score_dp.mac_gen\[12\].u_mac.accum_out\[1\],145.74
_30370_,145.64
_32737_,145.64
_36262_,145.58
_18431_,145.54
_28663_,145.5
_10858_,145.49
u_weighted_dp.mac_gen\[5\].u_mac.accum_out\[8\],145.47
_28245_,145.44
_36900_,145.29
_09515_,145.26
_24131_,145.14
_18996_,145.12
net466,145.095
_35343_,145.09
_30417_,145.08
u_score_dp.mac_gen\[14\].u_mac.accum_out\[5\],145.08
net566,145.06
_36481_,144.98
scaled_scores\[8\]\[3\],144.96
_30599_,144.95
net379,144.92
_09360_,144.88
_28226_,144.88
_22304_,144.855
u_score_dp.mac_gen\[14\].u_mac.accum_out\[7\],144.8
_23350_,144.78
_36878_,144.62
_34315_,144.615
net684,144.58
_33703_,144.52
_36975_,144.31
_08289_,144.24
_37900_,144.15
_11176_,143.97
u_score_dp.mac_gen\[14\].u_mac.accum_out\[13\],143.96
_37253_,143.76
clknet_leaf_571_clk,143.76
net442,143.635
_10286_,143.59
u_score_dp.mac_gen\[0\].u_mac.accum_out\[4\],143.59
_09140_,143.36
_09395_,143.36
_42164_,143.275
u_weighted_dp.mac_gen\[4\].u_mac.accum_out\[10\],143.225
_17088_,143.215
_18277_,143.14
_34077_,143.1
_08335_,143
_22824_,143
net702,142.995
u_score_dp.mac_gen\[1\].u_mac.accum_out\[14\],142.96
_11007_,142.84
u_softmax.weights_flat\[59\],142.84
_17311_,142.82
_17360_,142.76
_17742_,142.76
_22781_,142.76
_30427_,142.72
_26904_,142.645
_28147_,142.54
net771,142.51
_11906_,142.46
clknet_leaf_318_clk,142.455
_38047_,142.43
_38504_,142.42
_11365_,142.375
clknet_leaf_28_clk,142.21
_21606_,142.18
_42163_,142.16
_40815_,142.135
_31072_,142.08
_35916_,142.06
_09335_,142
_25112_,142
_24805_,141.96
_09336_,141.84
_19809_,141.82
_20391_,141.775
_16688_,141.7
net417,141.68
_32918_,141.66
_28894_,141.625
_42148_,141.61
_17671_,141.44
_36734_,141.38
u_weighted_dp.mac_gen\[0\].u_mac.accum_out\[5\],141.375
_36291_,141.28
_35861_,141.19
u_weighted_dp.mac_gen\[0\].u_mac.accum_out\[10\],141.09
_44257_,141.06
_14623_,141.05
_32208_,140.99
_19797_,140.96
_25294_,140.92
_41555_,140.82
_34153_,140.8
_35465_,140.8
_29942_,140.79
u_weighted_dp.mac_gen\[6\].u_mac.accum_out\[14\],140.78
_37368_,140.76
u_weighted_dp.mac_gen\[7\].u_mac.accum_out\[13\],140.76
_34970_,140.71
_10791_,140.61
_11179_,140.605
_30903_,140.58
_18415_,140.56
_30433_,140.51
_10818_,140.46
_35498_,140.35
_38068_,140.3
_07729_,140.22
_09103_,140.19
_37328_,140.14
_28282_,140.04
_34532_,140.02
_07695_,139.9
_38593_,139.88
_35047_,139.82
_28711_,139.81
u_score_dp.mac_gen\[6\].u_mac.accum_out\[7\],139.66
_31590_,139.64
_29346_,139.57
_32018_,139.56
_39649_,139.52
q_row\[0\],139.52
_14998_,139.51
_24669_,139.51
_36895_,139.44
_14565_,139.24
u_weighted_dp.mac_gen\[6\].u_mac.accum_out\[15\],139.24
_08266_,139.21
_19865_,139.2
_38033_,139.2
_09475_,139.17
_16888_,139.1
_09415_,139.06
_26417_,139.05
_40244_,139
_20445_,138.96
_24205_,138.955
_43851_,138.86
u_weighted_dp.mac_gen\[1\].u_mac.accum_out\[8\],138.82
_22324_,138.79
u_weighted_dp.mac_gen\[0\].u_mac.accum_out\[3\],138.76
_38038_,138.68
_36767_,138.67
_24525_,138.58
q\[126\]\[6\],138.58
clknet_7_44__leaf_clk,138.55
_28107_,138.46
_36302_,138.44
_34965_,138.4
_36493_,138.24
_29818_,138.22
_35739_,138.2
_34835_,138.18
_40810_,138.16
_19783_,138.1
_44255_,138.1
_21594_,138.08
net626,137.965
_24700_,137.905
_44237_,137.9
_32951_,137.86
_31511_,137.8
_18758_,137.76
u_weighted_dp.mac_gen\[7\].u_mac.accum_out\[17\],137.75
clknet_leaf_759_clk,137.72
u_score_dp.mac_gen\[14\].u_mac.accum_out\[10\],137.7
_37769_,137.67
_23410_,137.62
_36536_,137.46
_28071_,137.38
u_weighted_dp.mac_gen\[4\].u_mac.accum_out\[9\],137.31
_21570_,137.3
_12055_,137.175
_09402_,137.025
scaled_scores\[9\]\[0\],137.005
net2006,136.92
_30909_,136.91
_24149_,136.9
_19995_,136.87
_19121_,136.7
_09595_,136.64
_20458_,136.63
_36888_,136.56
_31685_,136.5
_37530_,136.34
u_score_dp.mac_gen\[8\].u_mac.accum_out\[6\],136.32
_36857_,136.3
net485,136.3
_25128_,136.215
u_weighted_dp.mac_gen\[6\].u_mac.accum_out\[11\],136.18
_11550_,136.11
_09757_,136.08
_34136_,136.02
_08433_,136
_36665_,135.97
_10594_,135.955
u_weighted_dp.mac_gen\[2\].u_mac.accum_out\[5\],135.95
clknet_leaf_289_clk,135.89
_19122_,135.79
_32869_,135.76
clknet_leaf_130_clk,135.695
_37841_,135.64
_28743_,135.6
_09522_,135.56
_33998_,135.52
_13374_,135.46
_31550_,135.44
_36612_,135.38
_33008_,135.37
u_score_dp.clear_mac,135.36
_32758_,135.32
q\[31\]\[4\],135.29
_18197_,135.28
_36736_,135.19
_39715_,135.14
_30467_,134.98
u_score_dp.mac_gen\[6\].u_mac.accum_out\[3\],134.98
_13092_,134.96
_23937_,134.94
_40126_,134.86
_32874_,134.76
net697,134.76
clknet_leaf_525_clk,134.74
_29355_,134.72
_35891_,134.7
_16044_,134.66
u_score_dp.mac_gen\[9\].u_mac.accum_out\[7\],134.65
_37796_,134.58
_09120_,134.54
u_score_dp.mac_gen\[15\].u_mac.accum_out\[4\],134.52
_21609_,134.49
u_weighted_dp.mac_gen\[6\].u_mac.accum_out\[12\],134.44
u_score_dp.mac_gen\[2\].u_mac.accum_out\[5\],134.435
_32971_,134.36
_36827_,134.26
_22728_,134.19
_36533_,134.18
_37317_,134.18
_15816_,134.16
net706,134.12
_36276_,134.11
_25746_,134.06
_07731_,134.02
_31512_,133.98
_15532_,133.96
_12070_,133.92
_19298_,133.915
_09403_,133.9
u_weighted_dp.mac_gen\[2\].u_mac.accum_out\[4\],133.875
_15817_,133.84
net406,133.82
u_weighted_dp.mac_gen\[1\].u_mac.accum_out\[10\],133.74
u_weighted_dp.mac_gen\[5\].u_mac.accum_out\[11\],133.72
net392,133.66
raw_scores\[63\]\[10\],133.52
_33742_,133.48
_12071_,133.43
_32929_,133.4
_11114_,133.37
_18532_,133.36
_19014_,133.34
_29918_,133.34
_32802_,133.3
_28182_,133.28
_08274_,133.23
u_score_dp.mac_gen\[15\].u_mac.accum_out\[5\],133.17
u_score_dp.mac_gen\[13\].u_mac.accum_out\[15\],133.16
_14731_,133.12
_18131_,133.07
_11112_,133.04
_38091_,133
_27530_,132.94
_09154_,132.9
_13298_,132.9
_25440_,132.9
_18268_,132.78
u_softmax.weights_flat\[55\],132.72
clknet_leaf_555_clk,132.715
_39501_,132.71
_33096_,132.68
net609,132.66
_27542_,132.6
_35962_,132.54
net703,132.5
_34457_,132.47
_20408_,132.465
_21099_,132.44
u_score_dp.mac_gen\[8\].u_mac.accum_out\[14\],132.415
_22756_,132.32
_38350_,132.3
_38726_,132.24
_37735_,132.18
clknet_7_59__leaf_clk,132.15
u_score_dp.mac_gen\[9\].u_mac.accum_out\[5\],132.12
_16089_,132.06
q_row\[1\],131.965
scaled_scores\[4\]\[13\],131.945
_30389_,131.94
_38246_,131.82
clknet_leaf_320_clk,131.74
_26336_,131.68
_35192_,131.68
v\[12\]\[4\],131.6
_20594_,131.57
_07701_,131.52
u_weighted_dp.mac_gen\[2\].u_mac.accum_out\[11\],131.5
_20933_,131.49
scaled_scores\[16\]\[15\],131.41
u_weighted_dp.mac_gen\[1\].u_mac.accum_out\[2\],131.34
_09074_,131.32
u_weighted_dp.mac_gen\[2\].u_mac.accum_out\[6\],131.22
_08278_,131.21
_40223_,131.16
_11921_,131.14
_09457_,131.1
clknet_leaf_561_clk,131
_33719_,130.96
_19032_,130.93
_33106_,130.92
_08178_,130.88
u_weighted_dp.mac_gen\[7\].u_mac.accum_out\[8\],130.88
u_weighted_dp.mac_gen\[7\].u_mac.accum_out\[12\],130.84
_10110_,130.74
_27529_,130.69
_22745_,130.64
_38456_,130.63
_09493_,130.58
net696,130.575
_38487_,130.57
_11178_,130.465
net854,130.46
_33675_,130.43
_08269_,130.37
_38894_,130.35
_11010_,130.3
_16366_,130.29
clknet_leaf_234_clk,130.27
_36478_,130.21
_35484_,130.16
_08024_,130.15
_37804_,130.08
_25456_,130.06
_33924_,129.935
_33054_,129.9
u_weighted_dp.mac_gen\[0\].u_mac.accum_out\[6\],129.9
_32035_,129.88
_09341_,129.84
u_score_dp.mac_gen\[0\].u_mac.accum_out\[12\],129.82
net503,129.82
net785,129.8
_08972_,129.76
_37969_,129.76
q\[118\]\[1\],129.72
_09404_,129.7
clknet_7_121__leaf_clk,129.58
net688,129.5
_28281_,129.48
_27473_,129.42
_35686_,129.28
_26351_,129.26
u_weighted_dp.mac_gen\[7\].u_mac.accum_out\[14\],129.22
_30373_,129.2
_43670_,129.14
_10226_,129.06
u_weighted_dp.mac_gen\[2\].u_mac.accum_out\[7\],129.055
_16766_,129.04
_11008_,129.01
_19141_,128.94
_23300_,128.92
_35868_,128.85
_29853_,128.82
_25148_,128.78
clknet_7_126__leaf_clk,128.77
_35860_,128.695
_09138_,128.62
u_score_dp.mac_gen\[13\].u_mac.accum_out\[5\],128.59
_40421_,128.58
_17076_,128.48
_16533_,128.44
_40030_,128.44
_33419_,128.42
u_score_dp.mac_gen\[2\].u_mac.accum_out\[4\],128.4
_30942_,128.38
scaled_scores\[9\]\[1\],128.34
_35960_,128.3
_38407_,128.3
u_score_dp.mac_gen\[0\].u_mac.accum_out\[7\],128.29
net568,128.28
_09583_,128.18
u_score_dp.mac_gen\[14\].u_mac.accum_out\[12\],128.04
_37204_,128.01
_27486_,127.96
u_score_dp.mac_gen\[13\].u_mac.accum_out\[14\],127.9
net699,127.88
_37286_,127.7
_28925_,127.48
u_score_dp.mac_gen\[15\].u_mac.accum_out\[12\],127.48
_35216_,127.44
_30048_,127.315
_33080_,127.27
_18307_,127.26
net613,127.18
_29881_,127.08
_35969_,127.08
_09756_,127.05
_33006_,127.04
_11140_,127.015
_13181_,126.97
_33034_,126.95
_13272_,126.9
clknet_leaf_397_clk,126.9
scaled_scores\[10\]\[13\],126.88
_35514_,126.8
_39967_,126.74
_34042_,126.735
u_weighted_dp.mac_gen\[0\].u_mac.accum_out\[2\],126.65
_32940_,126.64
u_score_dp.mac_gen\[12\].u_mac.accum_out\[0\],126.63
_34612_,126.62
_32917_,126.6
_35443_,126.58
_11062_,126.55
_43501_,126.48
_37238_,126.44
_37274_,126.425
u_score_dp.mac_gen\[6\].u_mac.accum_out\[11\],126.36
_38510_,126.32
_13302_,126.31
_10806_,126.21
_24762_,126.18
_25988_,126.16
_19999_,126.08
_36894_,126.06
_17253_,125.96
_22792_,125.9
u_weighted_dp.mac_gen\[7\].u_mac.accum_out\[11\],125.9
_07799_,125.88
_35740_,125.835
_10227_,125.76
_07797_,125.7
_12054_,125.68
_26318_,125.64
_22780_,125.58
_31722_,125.56
u_score_dp.mac_gen\[13\].u_mac.accum_out\[9\],125.48
clknet_7_89__leaf_clk,125.4
_27653_,125.38
_18904_,125.34
net308,125.3
_10229_,125.28
_32837_,125.18
_38351_,125.13
_34540_,125.06
u_weighted_dp.mac_gen\[4\].u_mac.accum_out\[8\],125.04
clknet_leaf_484_clk,125.02
_36690_,124.99
_37914_,124.98
_43570_,124.98
_32993_,124.96
_42136_,124.94
_12386_,124.89
_28706_,124.89
_18895_,124.76
_42205_,124.76
_28277_,124.69
_30650_,124.66
u_score_dp.mac_gen\[13\].u_mac.accum_out\[12\],124.62
_32714_,124.58
_11903_,124.575
_19059_,124.48
_22276_,124.455
clknet_leaf_894_clk,124.44
_28246_,124.4
_42151_,124.38
_15531_,124.33
_37997_,124.26
_36320_,124.175
_37805_,124.14
_37709_,124.12
_38001_,124.12
_28276_,124.1
_19268_,124.09
_27516_,124.08
_40794_,124.06
_35111_,124.03
_11984_,124.02
clknet_leaf_356_clk,124.02
_35689_,124
_19005_,123.98
_24710_,123.98
_39644_,123.98
u_score_dp.mac_gen\[6\].u_mac.accum_out\[6\],123.96
u_score_dp.mac_gen\[8\].u_mac.accum_out\[11\],123.935
_35763_,123.84
u_weighted_dp.mac_gen\[5\].u_mac.accum_out\[12\],123.83
clknet_7_73__leaf_clk,123.81
_33905_,123.755
_10810_,123.74
_33028_,123.74
u_score_dp.mac_gen\[11\].u_mac.accum_out\[6\],123.72
u_score_dp.mac_gen\[0\].u_mac.accum_out\[3\],123.68
_21063_,123.63
u_score_dp.mac_gen\[13\].u_mac.accum_out\[10\],123.63
_34269_,123.62
_36394_,123.58
_32777_,123.56
u_score_dp.mac_gen\[0\].u_mac.accum_out\[11\],123.52
_32881_,123.5
_37205_,123.36
_08300_,123.34
u_weighted_dp.mac_gen\[2\].u_mac.accum_out\[10\],123.315
_33505_,123.3
_29916_,123.16
_13192_,123.1
_14997_,123.08
_38232_,123.01
_33467_,122.86
net265,122.84
_07961_,122.74
_36641_,122.74
_19998_,122.72
_09214_,122.7
_37275_,122.66
_38535_,122.66
_43125_,122.64
_38076_,122.62
_19390_,122.615
u_score_dp.mac_gen\[13\].u_mac.accum_out\[8\],122.6
_10114_,122.5
_20407_,122.42
clknet_leaf_87_clk,122.4
net707,122.36
_39973_,122.34
_09582_,122.235
_09062_,122.16
_13148_,122.12
_19319_,122.11
_24160_,122.1
net310,122.06
clknet_leaf_243_clk,122.03
_19798_,121.92
clknet_leaf_452_clk,121.88
_26911_,121.87
_11435_,121.85
_38175_,121.81
_27543_,121.76
_37323_,121.74
_09584_,121.7
_33784_,121.68
_22889_,121.56
_36755_,121.555
_38614_,121.53
_09700_,121.52
_28161_,121.52
_11985_,121.5
_25111_,121.5
scaled_scores\[0\]\[3\],121.5
_11923_,121.47
_29287_,121.47
u_score_dp.mac_gen\[15\].u_mac.accum_out\[11\],121.36
_36907_,121.24
net744,121.23
_09407_,121.2
_15571_,121.2
_17021_,121.18
_30562_,121.12
_23456_,121.1
_39125_,121.1
_14761_,121.08
_18497_,121.08
_44240_,121.04
_21135_,121.02
_17821_,121
_39993_,120.97
_27703_,120.96
_19254_,120.94
_40784_,120.93
_09828_,120.92
_37752_,120.9
_26932_,120.88
_35439_,120.86
_38581_,120.86
_38187_,120.83
_33872_,120.81
_12057_,120.78
_25292_,120.62
_29309_,120.6
_27495_,120.59
_18378_,120.54
_25179_,120.54
_33267_,120.5
clknet_leaf_222_clk,120.46
clknet_leaf_574_clk,120.46
_18886_,120.44
_26910_,120.44
_11436_,120.4
_30908_,120.34
_40791_,120.34
_13405_,120.32
_08475_,120.28
_37297_,120.255
_30595_,120.24
_30926_,120.135
_27563_,120.1
_27515_,120.08
_31006_,120.08
_21757_,120.06
u_weighted_dp.mac_gen\[2\].u_mac.accum_out\[3\],120.06
_09704_,120
scaled_scores\[1\]\[2\],119.98
clknet_leaf_476_clk,119.98
_27651_,119.96
_34047_,119.96
_40737_,119.96
clknet_leaf_825_clk,119.96
_35057_,119.94
_15976_,119.9
_31496_,119.88
u_weighted_dp.mac_gen\[6\].u_mac.accum_out\[9\],119.86
clknet_leaf_899_clk,119.86
_17935_,119.82
_21206_,119.81
_34786_,119.8
scaled_scores\[25\]\[9\],119.735
_15433_,119.7
clknet_leaf_707_clk,119.645
_18506_,119.56
_22810_,119.46
_10823_,119.39
_33377_,119.32
_20680_,119.3
_27768_,119.3
u_weighted_dp.mac_gen\[5\].u_mac.accum_out\[6\],119.26
clknet_leaf_76_clk,119.22
_33058_,119.14
_13318_,119.13
_28225_,119.04
_09340_,118.98
_29273_,118.94
_09222_,118.935
_27485_,118.9
_34998_,118.88
_23561_,118.85
_25209_,118.84
_37808_,118.84
_35867_,118.8
clknet_leaf_557_clk,118.8
_18140_,118.78
_27504_,118.77
clknet_leaf_690_clk,118.715
_34801_,118.7
u_score_dp.mac_gen\[15\].u_mac.accum_out\[13\],118.7
clknet_leaf_147_clk,118.68
scaled_scores\[8\]\[2\],118.65
_15348_,118.635
net705,118.62
u_weighted_dp.mac_gen\[6\].u_mac.accum_out\[6\],118.6
_23340_,118.57
_27767_,118.53
_32892_,118.48
u_weighted_dp.mac_gen\[6\].u_mac.accum_out\[10\],118.48
_34488_,118.475
_32068_,118.44
_29508_,118.4
_09644_,118.36
_11905_,118.29
_27478_,118.16
_14791_,118.14
net760,118.11
_09091_,118.1
clknet_6_2_0_clk,118.09
_36995_,118.03
clknet_leaf_481_clk,117.89
_09701_,117.86
_40097_,117.86
_26334_,117.74
_12375_,117.72
_38455_,117.72
_37189_,117.67
_08030_,117.62
_31528_,117.56
_35958_,117.56
u_weighted_dp.mac_gen\[0\].u_mac.accum_out\[9\],117.56
_31718_,117.54
_22782_,117.52
scaled_scores\[10\]\[11\],117.46
clknet_leaf_22_clk,117.44
clknet_leaf_811_clk,117.4
_36180_,117.38
_09487_,117.36
_09502_,117.36
_27517_,117.33
_18216_,117.3
_34256_,117.27
_34829_,117.24
clknet_leaf_768_clk,117.24
_21062_,117.2
_32976_,117.18
_29317_,117.17
_11485_,117.16
_36059_,117.08
_21662_,117.07
_32294_,117.06
clknet_leaf_777_clk,117.04
_38098_,117.03
_36255_,117
_08240_,116.94
_37267_,116.94
_31476_,116.9
clknet_leaf_493_clk,116.88
_40719_,116.86
clknet_leaf_504_clk,116.86
u_score_dp.mac_gen\[13\].u_mac.accum_out\[11\],116.84
clknet_leaf_831_clk,116.82
_34499_,116.81
u_score_dp.mac_gen\[11\].u_mac.accum_out\[8\],116.77
_19050_,116.755
_21287_,116.725
_21145_,116.68
_36455_,116.63
clknet_leaf_462_clk,116.575
_28822_,116.55
clknet_leaf_806_clk,116.515
_32619_,116.44
clknet_leaf_599_clk,116.44
_29388_,116.42
u_score_dp.mac_gen\[11\].u_mac.accum_out\[9\],116.34
_37151_,116.32
_29879_,116.28
_09111_,116.22
u_score_dp.mac_gen\[13\].u_mac.accum_out\[4\],116.2
_10857_,116.16
_09512_,116.14
_11126_,116.08
u_weighted_dp.mac_gen\[6\].u_mac.accum_out\[16\],116.02
_19161_,116
q\[15\]\[4\],115.9
_37354_,115.86
_37948_,115.86
_38818_,115.86
_38461_,115.84
_17599_,115.82
u_score_dp.mac_gen\[14\].u_mac.accum_out\[4\],115.695
_11152_,115.66
u_score_dp.mac_gen\[6\].u_mac.accum_out\[9\],115.56
_37486_,115.485
_22846_,115.46
_16999_,115.43
_29238_,115.42
_14357_,115.28
_28079_,115.27
_35345_,115.26
_33883_,115.235
_28118_,115.22
_35237_,115.18
_35004_,115.16
_35895_,115.12
_30471_,115.04
_34529_,114.96
_36023_,114.96
_39700_,114.96
_35841_,114.95
_21719_,114.94
_27128_,114.88
_23331_,114.86
_26895_,114.84
_29441_,114.82
_36825_,114.82
_24517_,114.78
_11127_,114.77
_30044_,114.77
net383,114.69
net304,114.66
_14408_,114.58
_34966_,114.56
_08550_,114.555
_33440_,114.54
_26411_,114.5
clknet_leaf_98_clk,114.34
_22845_,114.28
_38474_,114.16
_29880_,114.1
_18614_,114.09
_23010_,114.07
q_row\[2\],114.07
_40417_,114.06
clknet_leaf_332_clk,114.06
_11124_,114.04
scaled_scores\[8\]\[0\],114.04
_34082_,114.03
clknet_leaf_631_clk,114
_33693_,113.96
u_score_dp.mac_gen\[1\].u_mac.accum_out\[7\],113.96
_15734_,113.9
_29233_,113.84
u_score_dp.mac_gen\[6\].u_mac.accum_out\[5\],113.82
net762,113.78
_37958_,113.76
_35825_,113.74
_33805_,113.72
u_score_dp.mac_gen\[6\].u_mac.accum_out\[14\],113.65
_18051_,113.64
_37746_,113.61
_16521_,113.58
clknet_leaf_867_clk,113.52
u_score_dp.mac_gen\[14\].u_mac.accum_out\[11\],113.46
_17382_,113.4
_36618_,113.38
_33093_,113.37
_14410_,113.36
_35901_,113.36
_29964_,113.34
_07927_,113.23
_23930_,113.18
_39581_,113.14
_39595_,113.12
clknet_leaf_11_clk,113.1
_09524_,113.04
clknet_leaf_9_clk,113.04
_17947_,112.96
scaled_scores\[27\]\[13\],112.92
clknet_leaf_386_clk,112.895
_15977_,112.88
_37357_,112.8
_33869_,112.78
_39321_,112.78
_36400_,112.77
scaled_scores\[4\]\[9\],112.74
_37247_,112.73
_33764_,112.7
_09223_,112.61
_28108_,112.54
_38524_,112.38
_26356_,112.37
clknet_7_45__leaf_clk,112.36
_16200_,112.24
_33585_,112.2
_09224_,112.16
_19921_,112.16
_36776_,112.16
_17923_,112.14
k\[123\]\[2\],112.08
clknet_6_46_0_clk,112.02
_33960_,112
clknet_leaf_887_clk,111.9
_35749_,111.795
_15695_,111.71
_37791_,111.7
_12123_,111.685
_14614_,111.67
clknet_leaf_647_clk,111.64
clknet_leaf_542_clk,111.6
_18105_,111.54
_29312_,111.54
k\[91\]\[2\],111.54
clknet_leaf_304_clk,111.54
_20355_,111.51
clknet_leaf_228_clk,111.48
u_score_dp.mac_gen\[14\].u_mac.accum_out\[14\],111.335
_19789_,111.32
_40808_,111.3
clknet_leaf_269_clk,111.28
clknet_leaf_871_clk,111.275
net298,111.24
clknet_leaf_293_clk,111.22
clknet_leaf_501_clk,111.18
_22133_,111.155
_18969_,111.08
u_weighted_dp.mac_gen\[3\].u_mac.accum_out\[6\],110.98
clknet_leaf_299_clk,110.97
_34866_,110.95
clknet_leaf_573_clk,110.94
_07993_,110.86
_38169_,110.86
_39047_,110.86
u_weighted_dp.mac_gen\[3\].u_mac.accum_out\[5\],110.86
_10909_,110.84
clknet_leaf_241_clk,110.84
_21595_,110.82
u_weighted_dp.mac_gen\[7\].u_mac.accum_out\[10\],110.82
clknet_leaf_393_clk,110.82
clknet_6_18_0_clk,110.8
_39597_,110.74
_30366_,110.73
clknet_leaf_424_clk,110.72
_33993_,110.7
clknet_leaf_636_clk,110.64
_31638_,110.6
clknet_leaf_826_clk,110.6
_33094_,110.56
_18069_,110.54
_28846_,110.51
u_score_dp.mac_gen\[13\].u_mac.accum_out\[13\],110.49
_28892_,110.46
clknet_leaf_187_clk,110.46
_31471_,110.43
_33874_,110.41
_18152_,110.37
_09483_,110.36
_38264_,110.36
_22369_,110.31
_18642_,110.24
_21607_,110.22
_23321_,110.2
_14335_,110.14
_18678_,110.14
_40249_,110.14
_33665_,110.12
clknet_leaf_506_clk,110
clknet_6_3_0_clk,110
_29344_,109.98
u_score_dp.mac_gen\[15\].u_mac.accum_out\[15\],109.975
_08449_,109.9
_28094_,109.88
clknet_leaf_498_clk,109.88
_39994_,109.86
clknet_leaf_584_clk,109.82
_09380_,109.8
_37210_,109.77
_09308_,109.74
_31160_,109.72
clknet_leaf_71_clk,109.7
_18087_,109.64
_18179_,109.62
scaled_scores\[9\]\[4\],109.535
_33710_,109.52
_40164_,109.5
u_score_dp.mac_gen\[11\].u_mac.accum_out\[5\],109.46
_29882_,109.44
_33071_,109.36
_17797_,109.35
_13746_,109.34
_37760_,109.26
_29232_,109.24
_23436_,109.22
_34841_,109.18
_38045_,109.18
_21542_,109.14
_29801_,109.12
clknet_leaf_68_clk,109.12
_33026_,109.1
_39122_,109.04
_37179_,108.98
clknet_leaf_868_clk,108.95
_09400_,108.9
clknet_leaf_220_clk,108.88
_19877_,108.86
_35843_,108.86
_33100_,108.83
_25703_,108.82
_39126_,108.8
_09155_,108.715
_39735_,108.7
clknet_leaf_527_clk,108.7
u_score_dp.mac_gen\[1\].u_mac.accum_out\[9\],108.68
q\[125\]\[6\],108.65
_18696_,108.64
_36638_,108.6
clknet_leaf_650_clk,108.6
_28750_,108.58
_38144_,108.53
_09764_,108.485
_35915_,108.415
_30098_,108.395
_37258_,108.28
scaled_scores\[27\]\[9\],108.28
_38800_,108.25
_19231_,108.18
_37747_,108.18
clknet_leaf_833_clk,108.18
_09164_,108.12
_21571_,108.12
_23693_,108.115
_38387_,108.08
_31488_,108.06
_29917_,108.02
clknet_leaf_583_clk,108.02
_14790_,107.99
clknet_leaf_648_clk,107.92
_17833_,107.9
u_weighted_dp.mac_gen\[3\].u_mac.accum_out\[7\],107.9
_30356_,107.86
_30491_,107.86
_26551_,107.78
_27505_,107.78
_40797_,107.74
net656,107.74
clknet_leaf_829_clk,107.74
_37312_,107.64
_13436_,107.63
_32815_,107.62
clknet_leaf_387_clk,107.56
_18568_,107.54
_33061_,107.54
clknet_leaf_64_clk,107.52
_20981_,107.465
_36839_,107.465
_25720_,107.44
_15181_,107.42
clknet_leaf_453_clk,107.42
_20540_,107.34
u_score_dp.mac_gen\[6\].u_mac.accum_out\[2\],107.32
_18868_,107.3
scaled_scores\[8\]\[1\],107.24
_31161_,107.22
_38600_,107.21
_14333_,107.14
_37535_,107.125
_35280_,107.12
_33042_,107.04
_10083_,107.02
_33550_,106.94
_15796_,106.9
_22355_,106.9
_39814_,106.86
_19212_,106.84
_22823_,106.82
clknet_leaf_430_clk,106.75
_35116_,106.73
_07999_,106.7
clknet_leaf_413_clk,106.7
_33132_,106.66
clknet_leaf_250_clk,106.655
_18232_,106.62
_29484_,106.62
_27574_,106.58
_26535_,106.48
_29275_,106.47
clknet_leaf_905_clk,106.455
_38241_,106.44
_27035_,106.4
_33225_,106.38
clknet_leaf_127_clk,106.38
_35025_,106.36
_34847_,106.33
_14038_,106.31
_31719_,106.28
_30013_,106.265
_30919_,106.26
_32968_,106.26
net740,106.24
_09520_,106.22
_40658_,106.22
clknet_leaf_445_clk,106.185
_14256_,106.16
clknet_leaf_547_clk,106.12
_10793_,106.095
_22945_,106.08
_32989_,106.02
_32998_,106
_38611_,105.92
clknet_leaf_471_clk,105.895
clknet_leaf_306_clk,105.88
_31525_,105.87
_35840_,105.82
clknet_leaf_31_clk,105.82
clknet_leaf_514_clk,105.82
_13314_,105.8
_33063_,105.78
clknet_leaf_391_clk,105.76
clknet_leaf_904_clk,105.7
clknet_leaf_475_clk,105.69
_11230_,105.675
clknet_leaf_233_clk,105.62
_29345_,105.61
_24096_,105.58
_23314_,105.565
_38396_,105.53
_30921_,105.335
_18387_,105.18
clknet_leaf_188_clk,105.18
_22738_,105.16
net748,105.16
clknet_leaf_186_clk,104.965
_26938_,104.96
_07933_,104.94
_33738_,104.92
_38776_,104.92
_22959_,104.89
_28749_,104.885
clknet_leaf_754_clk,104.88
_37556_,104.76
clknet_leaf_443_clk,104.7
_29250_,104.62
_36577_,104.54
_34396_,104.515
_27531_,104.48
_19430_,104.475
_37785_,104.46
clknet_leaf_205_clk,104.46
_25734_,104.455
_18978_,104.44
net747,104.4
_36350_,104.34
_33081_,104.32
_33104_,104.26
_31772_,104.22
_39713_,104.22
_38368_,104.185
_09401_,104.16
_22471_,104.1
_33749_,104.06
scaled_scores\[16\]\[13\],104.02
_22731_,104
_33428_,104
_31482_,103.96
_34346_,103.96
_35558_,103.96
_35892_,103.94
_37877_,103.91
clknet_leaf_526_clk,103.88
_07967_,103.84
_28078_,103.83
_14117_,103.82
_18259_,103.72
clknet_leaf_490_clk,103.69
_15432_,103.68
_33360_,103.64
_39511_,103.62
_40788_,103.62
_19041_,103.57
_14280_,103.5
clknet_leaf_434_clk,103.49
_43420_,103.48
_27264_,103.4
_37984_,103.36
_28069_,103.26
u_weighted_dp.mac_gen\[2\].u_mac.accum_out\[12\],103.24
clknet_leaf_415_clk,103.24
_21191_,103.225
_40328_,103.22
_18816_,103.205
_28096_,103.2
clknet_leaf_451_clk,103.195
clknet_leaf_144_clk,103.18
_09507_,103.17
_36979_,103.16
clknet_leaf_651_clk,103.155
_44186_,103.12
clknet_leaf_298_clk,103.095
_36926_,103.04
clknet_leaf_288_clk,102.96
_14254_,102.94
clknet_leaf_206_clk,102.88
_38401_,102.85
_28768_,102.84
_28797_,102.77
_28636_,102.76
q\[88\]\[6\],102.76
clknet_leaf_162_clk,102.76
u_softmax.weights_flat\[50\],102.72
_09497_,102.7
_38146_,102.67
clknet_7_90__leaf_clk,102.62
_18788_,102.6
net708,102.6
_19199_,102.58
_42173_,102.58
clknet_leaf_400_clk,102.52
clknet_leaf_358_clk,102.5
clknet_leaf_446_clk,102.48
_20962_,102.42
clknet_leaf_551_clk,102.38
_35168_,102.36
_34513_,102.29
clknet_leaf_278_clk,102.24
clknet_leaf_772_clk,102.24
_27044_,102.2
clknet_leaf_517_clk,102.06
_31499_,102.04
_18286_,101.99
_37283_,101.98
scaled_scores\[10\]\[15\],101.94
clknet_leaf_785_clk,101.94
_19426_,101.9
_38616_,101.865
_21761_,101.84
_25103_,101.84
_26333_,101.84
_39672_,101.84
clknet_leaf_337_clk,101.84
clknet_leaf_204_clk,101.835
_33446_,101.82
_28339_,101.8
_10089_,101.76
_19920_,101.72
_14544_,101.7
_18930_,101.62
_35576_,101.62
_36737_,101.56
_18586_,101.54
_14205_,101.42
_26779_,101.42
_30539_,101.42
clknet_leaf_8_clk,101.42
_09642_,101.365
_33773_,101.355
_09275_,101.345
_21543_,101.26
_20573_,101.22
_34073_,101.11
_35826_,101.11
_35837_,101.1
_18342_,101.09
_25249_,101.08
_36195_,101.08
_32182_,101.04
_30011_,101.01
clknet_leaf_192_clk,100.98
_36950_,100.96
_38378_,100.885
clknet_6_21_0_clk,100.85
clknet_leaf_819_clk,100.84
_23048_,100.82
_38059_,100.82
_35092_,100.73
_29258_,100.72
_34987_,100.7
_09643_,100.63
_17809_,100.615
u_weighted_dp.mac_gen\[0\].u_mac.accum_out\[8\],100.58
clknet_leaf_382_clk,100.495
_29797_,100.47
clknet_6_36_0_clk,100.46
_28794_,100.42
scaled_scores\[9\]\[9\],100.36
clknet_leaf_185_clk,100.36
_39753_,100.32
clknet_leaf_427_clk,100.28
_37452_,100.24
_19901_,100.22
_19318_,100.21
_38494_,100.16
clknet_leaf_668_clk,100.16
_09085_,100.14
_20354_,100.14
_37775_,100.11
_21560_,100.1
_33689_,100
_28748_,99.96
clknet_leaf_199_clk,99.94
_33004_,99.88
_38961_,99.86
clknet_leaf_2_clk,99.86
_08064_,99.81
_35833_,99.8
_36542_,99.78
_25293_,99.74
_28680_,99.73
clknet_leaf_823_clk,99.73
_40697_,99.7
_38799_,99.69
_38505_,99.67
clknet_leaf_531_clk,99.65
_33912_,99.64
clknet_leaf_491_clk,99.62
_18767_,99.6
clknet_leaf_311_clk,99.58
_29251_,99.54
clknet_leaf_151_clk,99.54
net816,99.54
_17857_,99.53
clknet_6_61_0_clk,99.53
_24662_,99.52
_28197_,99.52
clknet_leaf_895_clk,99.52
_14463_,99.5
q\[125\]\[5\],99.5
_14201_,99.46
_23349_,99.44
_36154_,99.44
net792,99.4
clknet_leaf_431_clk,99.38
_36278_,99.36
_09128_,99.34
_13437_,99.34
clknet_leaf_898_clk,99.34
_33514_,99.32
clknet_leaf_168_clk,99.3
clknet_leaf_414_clk,99.3
clknet_leaf_596_clk,99.18
_37071_,99.14
_09603_,99.12
clknet_leaf_611_clk,99.1
_29252_,99.03
_21241_,99.02
_36822_,98.96
_20957_,98.9
net830,98.87
clknet_leaf_780_clk,98.84
_23904_,98.78
_33848_,98.78
_37818_,98.78
clknet_leaf_919_clk,98.74
_39756_,98.68
_24159_,98.66
_34062_,98.45
_34827_,98.39
_32736_,98.32
_09216_,98.3
scaled_scores\[63\]\[3\],98.3
_39121_,98.295
_36122_,98.25
clknet_leaf_709_clk,98.2
clknet_leaf_203_clk,98.165
_17969_,98.16
_25998_,98.135
_31108_,98.12
clknet_leaf_798_clk,98.12
clknet_6_4_0_clk,98.11
clknet_6_16_0_clk,98.09
clknet_leaf_830_clk,98.08
_15453_,98.06
_32019_,98.04
_38176_,97.99
_40037_,97.98
clknet_leaf_200_clk,97.94
_29920_,97.9
scaled_scores\[1\]\[0\],97.84
u_weighted_dp.mac_gen\[0\].u_mac.accum_out\[1\],97.84
clknet_6_54_0_clk,97.82
_21995_,97.8
clknet_leaf_616_clk,97.8
_38181_,97.76
_33728_,97.7
_32991_,97.68
_26898_,97.64
q\[114\]\[2\],97.615
_42881_,97.545
_34462_,97.54
_30406_,97.52
_30971_,97.5
_18914_,97.48
_26085_,97.48
_17879_,97.415
_24589_,97.32
scaled_scores\[34\]\[11\],97.32
_22867_,97.28
_27669_,97.28
_35846_,97.275
clknet_leaf_202_clk,97.255
clknet_leaf_556_clk,97.25
clknet_leaf_216_clk,97.19
_36855_,97.12
_34477_,97.1
_09217_,97.02
clknet_leaf_184_clk,96.98
u_weighted_dp.mac_gen\[2\].u_mac.accum_out\[2\],96.96
_25404_,96.955
_20387_,96.95
_19786_,96.86
clknet_leaf_115_clk,96.82
net386,96.81
_28548_,96.79
_18516_,96.7
_15694_,96.69
_07792_,96.66
_25762_,96.645
u_score_dp.mac_gen\[0\].u_mac.accum_out\[10\],96.6
clknet_leaf_671_clk,96.58
clknet_6_45_0_clk,96.57
_26965_,96.56
_32233_,96.56
_25360_,96.48
_31060_,96.46
scaled_scores\[0\]\[9\],96.44
clknet_leaf_169_clk,96.415
_28654_,96.36
_18939_,96.34
_42904_,96.34
_39120_,96.305
_37885_,96.24
_29341_,96.2
_29454_,96.19
_37427_,96.18
_26133_,96.14
scaled_scores\[8\]\[9\],96.14
_14502_,96.12
clknet_leaf_294_clk,95.98
_17959_,95.96
clknet_leaf_882_clk,95.94
clknet_leaf_139_clk,95.935
clknet_6_20_0_clk,95.93
net772,95.89
_30468_,95.88
_37738_,95.825
clknet_leaf_277_clk,95.8
_37924_,95.75
_10910_,95.7
_25120_,95.64
_26461_,95.6
_33606_,95.58
_29963_,95.55
_17198_,95.52
_21253_,95.52
clknet_leaf_402_clk,95.52
clknet_leaf_672_clk,95.5
_33145_,95.48
clknet_leaf_528_clk,95.48
_23411_,95.465
clknet_leaf_630_clk,95.46
_34087_,95.425
_30944_,95.41
_30349_,95.375
_37397_,95.34
clknet_leaf_422_clk,95.34
clknet_leaf_565_clk,95.34
clknet_6_62_0_clk,95.32
_28066_,95.3
_34040_,95.3
clknet_leaf_271_clk,95.3
_22944_,95.2
_09521_,95.18
_22119_,95.16
clknet_6_38_0_clk,95.11
clknet_6_24_0_clk,95.1
u_score_dp.mac_gen\[6\].u_mac.accum_out\[10\],95.06
_09492_,95.04
clknet_leaf_310_clk,95
_33024_,94.98
clknet_leaf_884_clk,94.98
net300,94.96
q\[126\]\[5\],94.94
clknet_leaf_502_clk,94.94
_39809_,94.92
_39292_,94.9
net701,94.9
_36290_,94.88
_40010_,94.82
_38159_,94.81
q\[94\]\[6\],94.785
_36572_,94.775
u_weighted_dp.mac_gen\[7\].u_mac.accum_out\[6\],94.74
_32305_,94.6
clknet_leaf_73_clk,94.6
_42186_,94.58
u_weighted_dp.mac_gen\[6\].u_mac.accum_out\[17\],94.58
_36990_,94.56
clknet_leaf_888_clk,94.555
_18295_,94.54
_33958_,94.54
_28616_,94.52
_14382_,94.5
_26952_,94.46
_43120_,94.4
_13827_,94.34
_33078_,94.34
_32974_,94.32
_38365_,94.32
net763,94.32
u_score_dp.mac_gen\[15\].u_mac.accum_out\[3\],94.3
_27484_,94.26
_29234_,94.25
clknet_leaf_66_clk,94.24
_39159_,94.22
clknet_leaf_604_clk,94.22
clknet_leaf_924_clk,94.21
u_score_dp.mac_gen\[1\].u_mac.accum_out\[10\],94.2
clknet_leaf_628_clk,94.2
_34989_,94.18
_37419_,94.18
clknet_leaf_866_clk,94.16
clknet_leaf_747_clk,94.14
_42096_,94.09
_38438_,94.06
_13594_,94.04
clknet_leaf_13_clk,94.04
_19654_,94.035
clknet_leaf_133_clk,93.98
_18241_,93.94
_37944_,93.9
q\[85\]\[7\],93.88
clknet_6_58_0_clk,93.87
clknet_leaf_174_clk,93.84
_09433_,93.8
_14266_,93.76
clknet_leaf_613_clk,93.76
u_score_dp.mac_gen\[8\].u_mac.accum_out\[5\],93.66
clknet_leaf_536_clk,93.66
clknet_6_31_0_clk,93.65
_14284_,93.59
_19389_,93.58
clknet_leaf_129_clk,93.58
clknet_leaf_80_clk,93.56
_37269_,93.55
_14196_,93.5
_08307_,93.48
_32606_,93.48
_36605_,93.48
clknet_leaf_341_clk,93.46
_18550_,93.44
clknet_leaf_786_clk,93.43
_09333_,93.42
_08185_,93.4
clknet_7_47__leaf_clk,93.36
_12074_,93.34
_18832_,93.335
_34080_,93.33
_19140_,93.26
scaled_scores\[57\]\[15\],93.195
u_weighted_dp.mac_gen\[1\].u_mac.accum_out\[9\],93.19
_37146_,93.18
clknet_leaf_442_clk,93.16
_32817_,93.12
_34497_,93.12
_37091_,93.1
clknet_leaf_533_clk,93.1
_23505_,93.08
_43479_,93.08
clknet_leaf_259_clk,93.07
clknet_leaf_300_clk,93.07
clknet_leaf_435_clk,93.06
net388,93.03
_37761_,93
_15182_,92.98
_09763_,92.955
_27086_,92.94
_33829_,92.94
clknet_6_26_0_clk,92.91
_34490_,92.88
_29310_,92.72
clknet_leaf_249_clk,92.7
_19023_,92.65
u_score_dp.mac_gen\[0\].u_mac.accum_out\[9\],92.62
clknet_leaf_512_clk,92.6
_36697_,92.595
clknet_leaf_85_clk,92.57
_36031_,92.54
scaled_scores\[60\]\[3\],92.54
clknet_leaf_218_clk,92.535
_25809_,92.52
clknet_leaf_537_clk,92.52
net809,92.5
u_score_dp.mac_gen\[8\].u_mac.accum_out\[8\],92.44
clknet_leaf_873_clk,92.43
_43332_,92.42
_09760_,92.385
_43730_,92.33
_39402_,92.32
clknet_leaf_883_clk,92.32
_13826_,92.26
clknet_leaf_74_clk,92.24
_07835_,92.18
_38780_,92.18
_13515_,92.14
_20946_,92.12
clknet_6_0_0_clk,92.12
_37183_,92.06
net692,92.02
_33492_,91.955
clknet_leaf_60_clk,91.92
clknet_leaf_673_clk,91.92
clknet_leaf_918_clk,91.92
net1824,91.88
_24671_,91.86
net704,91.86
clknet_leaf_7_clk,91.84
clknet_leaf_464_clk,91.84
_39542_,91.82
q\[83\]\[7\],91.76
v\[33\]\[4\],91.745
_18405_,91.69
_09156_,91.68
scaled_scores\[25\]\[8\],91.68
clknet_6_52_0_clk,91.68
_36922_,91.67
clknet_leaf_610_clk,91.67
clknet_leaf_472_clk,91.64
_21572_,91.6
net770,91.6
_21770_,91.59
u_score_dp.mac_gen\[0\].u_mac.accum_out\[13\],91.59
_20963_,91.56
_35577_,91.56
_19230_,91.54
_22847_,91.52
net754,91.52
_35090_,91.48
_36430_,91.42
clknet_leaf_105_clk,91.42
_33203_,91.4
_33621_,91.34
clknet_leaf_872_clk,91.34
_08375_,91.3
_33892_,91.27
_38862_,91.26
_32878_,91.24
scaled_scores\[16\]\[16\],91.24
_35811_,91.22
_36766_,91.22
net683,91.2
clknet_leaf_23_clk,91.2
clknet_leaf_815_clk,91.2
_18250_,91.14
clknet_leaf_858_clk,91.14
u_score_dp.mac_gen\[0\].u_mac.accum_out\[2\],91.12
_21774_,91.11
_18470_,91.1
_28652_,91.1
_38863_,91.09
_28244_,91.08
_23435_,91.04
clknet_6_10_0_clk,91.04
_23549_,91
clknet_leaf_412_clk,91
net726,90.99
_13592_,90.98
_18369_,90.935
clknet_leaf_180_clk,90.92
_34251_,90.86
clknet_leaf_118_clk,90.855
_31107_,90.82
clknet_leaf_659_clk,90.78
_27132_,90.74
u_weighted_dp.mac_gen\[4\].u_mac.accum_out\[6\],90.72
clknet_leaf_559_clk,90.72
clknet_leaf_682_clk,90.7
_35041_,90.68
_10802_,90.66
clknet_leaf_359_clk,90.655
clknet_leaf_93_clk,90.63
u_score_dp.mac_gen\[9\].u_mac.accum_out\[4\],90.62
_22904_,90.58
_33842_,90.58
_32941_,90.52
_25403_,90.48
_33980_,90.42
clknet_leaf_392_clk,90.42
_36763_,90.4
u_score_dp.mac_gen\[0\].u_mac.accum_out\[8\],90.4
_18042_,90.26
_32055_,90.26
_38488_,90.21
_17911_,90.2
_09277_,90.18
_31059_,90.18
_38318_,90.16
_13959_,90.1
_08035_,90.08
_09215_,90.08
_42874_,90.055
_21462_,90.04
_35001_,90.025
_39534_,90.02
clknet_leaf_865_clk,90.02
_34487_,90.01
_36288_,90.005
_37979_,90
_38604_,90
clknet_leaf_3_clk,90
_34598_,89.98
u_score_dp.mac_gen\[1\].u_mac.accum_out\[11\],89.98
_13514_,89.94
q\[94\]\[5\],89.925
_09157_,89.91
_29807_,89.9
clknet_leaf_425_clk,89.88
_19468_,89.86
scaled_scores\[25\]\[12\],89.825
_29805_,89.82
clknet_leaf_649_clk,89.78
_28083_,89.775
_36366_,89.75
_37105_,89.68
_09563_,89.65
_19788_,89.62
_36032_,89.61
clknet_leaf_136_clk,89.58
_07954_,89.54
_27904_,89.54
_38222_,89.54
_34137_,89.52
_37795_,89.48
_38386_,89.48
u_score_dp.mac_gen\[8\].u_mac.accum_out\[3\],89.46
_09548_,89.42
clknet_6_12_0_clk,89.41
_08249_,89.38
u_weighted_dp.mac_gen\[5\].u_mac.accum_out\[5\],89.38
_38618_,89.36
clknet_leaf_215_clk,89.36
_30405_,89.32
_42492_,89.3
_09762_,89.285
q\[90\]\[1\],89.26
_37957_,89.2
_23339_,89.16
_37140_,89.16
_10310_,89.12
_10804_,89.08
scaled_scores\[30\]\[5\],89.06
net73,89.06
_09309_,89.02
u_weighted_dp.mac_gen\[4\].u_mac.accum_out\[5\],88.99
_21862_,88.98
_35864_,88.96
_09761_,88.94
_22468_,88.94
_25107_,88.905
_36429_,88.9
u_score_dp.mac_gen\[1\].u_mac.accum_out\[12\],88.86
_20364_,88.84
_34538_,88.84
_29347_,88.78
_39442_,88.76
_36716_,88.725
clknet_leaf_342_clk,88.7
net411,88.66
scaled_scores\[1\]\[9\],88.64
_37420_,88.62
_38779_,88.62
_35885_,88.6
clknet_leaf_757_clk,88.57
_18033_,88.56
clknet_leaf_914_clk,88.56
_40503_,88.55
_08270_,88.48
_38728_,88.48
clknet_leaf_541_clk,88.46
net814,88.45
_29822_,88.44
_33194_,88.44
_30416_,88.38
clknet_leaf_646_clk,88.375
net775,88.34
_38182_,88.28
_13561_,88.26
_25149_,88.26
_33734_,88.25
clknet_leaf_892_clk,88.24
_09613_,88.22
_36184_,88.22
scaled_scores\[30\]\[9\],88.2
u_score_dp.mac_gen\[10\].u_mac.accum_out\[6\],88.18
u_score_dp.mac_gen\[6\].u_mac.accum_out\[8\],88.18
clknet_7_46__leaf_clk,88.18
_09089_,88.14
q\[114\]\[3\],88.12
clknet_leaf_321_clk,88.1
_21158_,88.095
_34980_,88.08
_34594_,88.075
_31472_,88.02
_25849_,87.98
clknet_leaf_438_clk,87.96
clknet_6_34_0_clk,87.95
clknet_leaf_485_clk,87.94
clknet_leaf_621_clk,87.94
clknet_leaf_663_clk,87.94
net540,87.9
_28146_,87.86
_44231_,87.8
_07555_,87.78
clknet_leaf_323_clk,87.78
_09488_,87.76
scaled_scores\[17\]\[13\],87.76
_32893_,87.75
_15795_,87.74
clknet_leaf_43_clk,87.74
_13665_,87.7
_20681_,87.62
_30374_,87.6
_09460_,87.58
_37475_,87.58
_38006_,87.54
clknet_6_40_0_clk,87.53
_19521_,87.47
_39833_,87.44
clknet_leaf_925_clk,87.42
_09531_,87.36
_10805_,87.35
_43374_,87.32
_21031_,87.24
clknet_leaf_523_clk,87.2
clknet_leaf_291_clk,87.19
clknet_leaf_363_clk,87.15
_28844_,87.1
_34033_,87.1
clknet_leaf_266_clk,87.08
_08175_,87.06
clknet_leaf_590_clk,87.06
_43272_,87
clknet_leaf_67_clk,86.96
_37768_,86.93
_37882_,86.9
clknet_6_8_0_clk,86.89
_13884_,86.88
clknet_leaf_52_clk,86.86
_32030_,86.82
_18749_,86.8
_37049_,86.78
_32113_,86.74
_43353_,86.74
v\[33\]\[7\],86.725
clknet_leaf_242_clk,86.7
_09314_,86.62
_38157_,86.56
clknet_leaf_146_clk,86.56
clknet_6_56_0_clk,86.53
_10087_,86.52
_27581_,86.52
q\[126\]\[0\],86.52
clknet_leaf_765_clk,86.52
_24629_,86.515
_30402_,86.5
_38623_,86.5
_19808_,86.48
clknet_leaf_810_clk,86.48
clknet_leaf_637_clk,86.44
_28793_,86.4
_39933_,86.4
_19849_,86.38
clknet_leaf_492_clk,86.38
clknet_leaf_788_clk,86.38
_42418_,86.375
_09292_,86.34
clknet_leaf_487_clk,86.3
_39726_,86.28
clknet_leaf_42_clk,86.28
_08248_,86.15
_32937_,86.14
_38063_,86.14
_29259_,86.06
clknet_leaf_879_clk,86.04
clknet_leaf_15_clk,86.02
net1859,86.02
clknet_leaf_891_clk,86
clknet_leaf_746_clk,85.98
clknet_leaf_503_clk,85.97
scaled_scores\[34\]\[13\],85.96
_30046_,85.94
_32839_,85.94
_24590_,85.93
_09498_,85.92
_18027_,85.92
_23696_,85.92
_18206_,85.9
q\[120\]\[6\],85.8
net689,85.8
_36016_,85.78
u_score_dp.mac_gen\[1\].u_mac.accum_out\[6\],85.705
_13807_,85.69
_36045_,85.64
_43651_,85.64
_34358_,85.62
u_score_dp.mac_gen\[9\].u_mac.accum_out\[3\],85.6
_07837_,85.58
_37174_,85.54
clknet_leaf_448_clk,85.54
_42211_,85.52
clknet_leaf_10_clk,85.48
clknet_leaf_773_clk,85.46
_20723_,85.36
clknet_leaf_25_clk,85.34
_37668_,85.32
_19991_,85.3
clknet_6_22_0_clk,85.3
_42800_,85.24
net271,85.24
_33171_,85.18
_33949_,85.18
clknet_leaf_44_clk,85.18
net1874,85.18
_14126_,85.17
_20012_,85.17
_18170_,85.16
_34580_,85.16
_10895_,85.15
clknet_6_37_0_clk,85.15
_26505_,85.14
clknet_leaf_516_clk,85.14
clknet_leaf_766_clk,85.12
net362,85.08
_09087_,85.03
_25141_,85.02
_36924_,84.985
_43116_,84.98
scaled_scores\[63\]\[17\],84.98
_38225_,84.97
u_score_dp.mac_gen\[8\].u_mac.accum_out\[4\],84.96
_33558_,84.92
u_weighted_dp.mac_gen\[5\].u_mac.accum_out\[13\],84.9
u_weighted_dp.mac_gen\[4\].u_mac.accum_out\[3\],84.855
_42458_,84.84
_34469_,84.8
clknet_leaf_97_clk,84.8
clknet_leaf_600_clk,84.76
clknet_leaf_828_clk,84.74
_19725_,84.72
_35212_,84.72
net1336,84.72
_37308_,84.7
clknet_leaf_593_clk,84.7
clknet_leaf_549_clk,84.68
clknet_leaf_56_clk,84.65
scaled_scores\[47\]\[7\],84.645
_41475_,84.64
_18604_,84.61
_25709_,84.61
_36841_,84.6
_39615_,84.595
_34485_,84.58
_20386_,84.56
u_weighted_dp.mac_gen\[4\].u_mac.accum_out\[2\],84.56
_20567_,84.54
_14122_,84.52
_13879_,84.5
u_score_dp.mac_gen\[8\].u_mac.accum_out\[10\],84.49
_09461_,84.48
_33688_,84.48
_36121_,84.475
_08583_,84.46
_41552_,84.46
_38782_,84.44
clknet_leaf_432_clk,84.44
_30972_,84.42
_38716_,84.4
_39725_,84.4
_34979_,84.35
clknet_leaf_760_clk,84.34
_19179_,84.32
scaled_scores\[4\]\[11\],84.32
_34556_,84.28
clknet_leaf_302_clk,84.28
_33163_,84.26
_14366_,84.24
_13745_,84.22
_39784_,84.22
q\[93\]\[1\],84.2
_23911_,84.14
clknet_leaf_684_clk,84.14
clknet_6_17_0_clk,84.11
clknet_leaf_72_clk,84.105
clknet_leaf_148_clk,84.095
_09532_,84.08
clknet_6_50_0_clk,84.07
_09503_,84.02
_18731_,84.02
clknet_leaf_530_clk,83.96
u_weighted_dp.mac_gen\[4\].u_mac.accum_out\[1\],83.94
_18595_,83.92
_25178_,83.89
_34825_,83.89
_22419_,83.88
_34459_,83.88
_34527_,83.88
_09276_,83.87
_30133_,83.86
_08309_,83.84
_37953_,83.84
_32296_,83.82
_39158_,83.82
_35768_,83.76
_39751_,83.76
scaled_scores\[34\]\[15\],83.76
u_score_dp.mac_gen\[10\].u_mac.accum_out\[5\],83.75
_32807_,83.72
_08417_,83.7
_25147_,83.7
_28789_,83.7
_33169_,83.64
clknet_leaf_510_clk,83.64
clknet_leaf_614_clk,83.64
clknet_6_29_0_clk,83.63
_22737_,83.62
_35870_,83.62
clknet_leaf_245_clk,83.62
clknet_leaf_385_clk,83.62
_19427_,83.57
_40792_,83.555
_43267_,83.54
_36819_,83.52
_42461_,83.5
v\[12\]\[5\],83.5
u_score_dp.mac_gen\[14\].u_mac.accum_out\[3\],83.48
u_score_dp.mac_gen\[15\].u_mac.accum_out\[14\],83.46
_37119_,83.42
_09802_,83.38
clknet_leaf_612_clk,83.34
_35275_,83.33
clknet_leaf_128_clk,83.32
_36771_,83.31
q\[31\]\[1\],83.28
clknet_leaf_639_clk,83.24
_27584_,83.22
_28130_,83.22
_38376_,83.22
clknet_leaf_603_clk,83.2
_40174_,83.18
_14177_,83.16
clknet_leaf_91_clk,83.12
clknet_leaf_421_clk,83.1
_24163_,83.09
_37173_,83.085
_35330_,83.06
_22807_,83.02
scaled_scores\[25\]\[13\],83.02
clknet_leaf_221_clk,83
clknet_7_92__leaf_clk,83
_37331_,82.96
_38586_,82.96
u_score_dp.mac_gen\[1\].u_mac.accum_out\[13\],82.96
net765,82.96
_14267_,82.94
_27496_,82.9
clknet_6_32_0_clk,82.87
_37730_,82.86
_34064_,82.81
clknet_leaf_33_clk,82.8
clknet_leaf_808_clk,82.8
_35165_,82.79
clknet_leaf_869_clk,82.76
_36338_,82.72
_38758_,82.68
_09641_,82.65
_26326_,82.64
_36787_,82.63
_27266_,82.62
_37968_,82.6
scaled_scores\[16\]\[17\],82.56
clknet_6_48_0_clk,82.54
clknet_leaf_680_clk,82.51
_19229_,82.5
q\[93\]\[6\],82.485
_07806_,82.48
_33269_,82.48
_28678_,82.46
clknet_leaf_813_clk,82.46
_13968_,82.43
_25213_,82.42
_25127_,82.38
_36963_,82.38
_36244_,82.35
net479,82.34
_17808_,82.32
clknet_leaf_874_clk,82.32
_09249_,82.3
u_weighted_dp.mac_gen\[0\].u_mac.valid_in,82.28
clknet_leaf_449_clk,82.28
_39721_,82.2
clknet_leaf_124_clk,82.2
_07863_,82.18
clknet_6_44_0_clk,82.17
_18806_,82.12
clknet_leaf_737_clk,82.08
_21812_,82.06
u_weighted_dp.mac_gen\[4\].u_mac.accum_out\[4\],82.06
_38540_,82.03
clknet_leaf_419_clk,81.96
_20063_,81.94
_23987_,81.92
clknet_leaf_65_clk,81.92
_22610_,81.9
clknet_leaf_265_clk,81.88
clknet_leaf_181_clk,81.86
clknet_leaf_605_clk,81.86
_37394_,81.84
_18850_,81.82
_22955_,81.815
scaled_scores\[54\]\[8\],81.8
_35072_,81.79
clknet_leaf_585_clk,81.79
_18360_,81.78
_33661_,81.78
u_weighted_dp.mac_gen\[5\].u_mac.accum_out\[7\],81.76
clknet_leaf_27_clk,81.72
clknet_leaf_62_clk,81.72
_08055_,81.7
_08034_,81.68
q\[90\]\[6\],81.665
v\[64\]\[5\],81.66
clknet_leaf_140_clk,81.62
_13565_,81.61
_26684_,81.58
_09459_,81.56
_43337_,81.51
_40806_,81.5
v\[33\]\[6\],81.485
_38367_,81.46
clknet_leaf_37_clk,81.46
_32205_,81.44
q\[115\]\[7\],81.44
clknet_leaf_109_clk,81.42
clknet_leaf_719_clk,81.42
_39682_,81.36
clknet_leaf_30_clk,81.32
clknet_leaf_465_clk,81.3
_25951_,81.285
_12100_,81.22
clknet_leaf_689_clk,81.195
_38520_,81.16
clknet_leaf_928_clk,81.14
u_weighted_dp.mac_gen\[6\].u_mac.accum_out\[7\],81.1
_42657_,81.09
_24006_,81.08
_38545_,81.07
net484,81.06
clknet_6_23_0_clk,81.06
_09068_,81
_38413_,81
clknet_leaf_519_clk,80.98
clknet_leaf_740_clk,80.98
clknet_leaf_163_clk,80.96
_33678_,80.9
_43307_,80.9
clknet_leaf_38_clk,80.9
_15917_,80.875
clknet_leaf_274_clk,80.86
clknet_leaf_483_clk,80.84
_36982_,80.825
_09519_,80.76
net728,80.76
_34601_,80.73
_43335_,80.72
_26859_,80.68
_25997_,80.6
clknet_leaf_513_clk,80.58
q\[122\]\[1\],80.54
_34478_,80.535
_34586_,80.52
_34808_,80.5
clknet_leaf_40_clk,80.49
_33178_,80.4
_36947_,80.4
clknet_leaf_253_clk,80.4
q\[93\]\[5\],80.385
_19864_,80.38
_34907_,80.38
_37244_,80.38
clknet_leaf_921_clk,80.38
_08579_,80.36
_27705_,80.36
_38440_,80.355
_33088_,80.32
_33798_,80.32
_39447_,80.32
_33856_,80.3
net416,80.295
scaled_scores\[63\]\[0\],80.28
_14501_,80.245
_33977_,80.24
clknet_leaf_79_clk,80.23
q\[125\]\[1\],80.22
_32840_,80.2
_35448_,80.2
clknet_leaf_211_clk,80.19
_18010_,80.16
_27708_,80.16
_09612_,80.06
_38578_,80.06
clknet_leaf_706_clk,80.06
_18877_,80.04
_33862_,80.04
clknet_leaf_53_clk,80
clknet_leaf_602_clk,79.99
_34274_,79.975
_24704_,79.96
_34568_,79.96
_38711_,79.93
clknet_leaf_675_clk,79.92
_34592_,79.86
_10798_,79.78
_18351_,79.78
clknet_leaf_6_clk,79.77
_09580_,79.76
_20008_,79.76
_29397_,79.74
clknet_leaf_848_clk,79.74
_14466_,79.7
clknet_leaf_191_clk,79.7
clknet_leaf_459_clk,79.68
_08250_,79.66
_22249_,79.66
_19790_,79.62
clknet_leaf_280_clk,79.615
clknet_leaf_41_clk,79.595
_09220_,79.58
_35339_,79.58
_34270_,79.57
_33914_,79.555
clknet_leaf_114_clk,79.545
_09640_,79.54
_10920_,79.54
_34502_,79.54
_21153_,79.5
_32723_,79.5
_36744_,79.48
_39858_,79.48
clknet_leaf_805_clk,79.48
_38801_,79.46
_14175_,79.44
_11231_,79.42
_18797_,79.4
clknet_leaf_878_clk,79.4
clknet_leaf_96_clk,79.36
_34551_,79.33
_33522_,79.32
_36470_,79.32
_41575_,79.28
clknet_leaf_286_clk,79.28
_20000_,79.26
clknet_leaf_273_clk,79.26
_08101_,79.245
_20811_,79.24
_31591_,79.24
_14047_,79.23
_09160_,79.2
_37788_,79.16
_09474_,79.14
_43235_,79.14
u_weighted_dp.mac_gen\[4\].u_mac.accum_out\[0\],79.1
_09095_,79.06
clknet_6_6_0_clk,79.01
_37169_,79.005
_13803_,78.98
_30431_,78.94
_34376_,78.92
clknet_leaf_661_clk,78.92
_14850_,78.88
_17892_,78.88
_40754_,78.84
clknet_leaf_196_clk,78.82
_27652_,78.79
clknet_leaf_816_clk,78.785
_37671_,78.78
_34994_,78.755
_37691_,78.74
_38839_,78.74
clknet_leaf_681_clk,78.74
u_score_dp.mac_gen\[8\].u_mac.accum_out\[9\],78.72
clknet_leaf_336_clk,78.72
clknet_6_53_0_clk,78.69
_13338_,78.68
clknet_leaf_889_clk,78.65
k\[76\]\[4\],78.64
_08267_,78.58
_09792_,78.58
_29399_,78.58
_40758_,78.56
clknet_leaf_287_clk,78.5
clknet_leaf_330_clk,78.5
_19077_,78.46
_32770_,78.44
_14621_,78.4
_26552_,78.4
_33337_,78.4
_32914_,78.38
_33677_,78.38
net796,78.38
clknet_leaf_890_clk,78.275
_09812_,78.26
_29316_,78.26
clknet_leaf_627_clk,78.24
clknet_leaf_248_clk,78.22
_09221_,78.2
_20999_,78.2
clknet_leaf_716_clk,78.18
_25948_,78.16
_23181_,78.14
clknet_leaf_634_clk,78.06
clknet_leaf_214_clk,78.04
_09581_,78.035
_32823_,77.96
_39926_,77.96
clknet_leaf_236_clk,77.96
scaled_scores\[0\]\[8\],77.92
_29239_,77.91
_19120_,77.9
scaled_scores\[60\]\[2\],77.9
clknet_leaf_683_clk,77.9
_33672_,77.88
clknet_leaf_885_clk,77.88
_34836_,77.87
_25145_,77.86
_30515_,77.8
scaled_scores\[63\]\[15\],77.8
_35902_,77.78
_37273_,77.78
clknet_6_60_0_clk,77.77
_27776_,77.76
_19958_,77.7
clknet_leaf_609_clk,77.68
scaled_scores\[54\]\[2\],77.66
_34826_,77.62
clknet_leaf_779_clk,77.6
u_weighted_dp.mac_gen\[7\].u_mac.accum_out\[3\],77.595
net270,77.58
clknet_leaf_488_clk,77.58
_35518_,77.56
_38522_,77.56
clknet_leaf_441_clk,77.56
clknet_6_41_0_clk,77.56
_17781_,77.55
clknet_leaf_920_clk,77.54
_34512_,77.5
_22274_,77.46
clknet_leaf_749_clk,77.46
q\[122\]\[6\],77.4
net811,77.38
_43171_,77.37
_25844_,77.36
_37102_,77.36
_40361_,77.36
_08039_,77.34
_33075_,77.32
clknet_leaf_267_clk,77.32
_08230_,77.28
clknet_6_51_0_clk,77.27
_38568_,77.21
clknet_6_1_0_clk,77.19
clknet_leaf_922_clk,77.16
clknet_leaf_141_clk,77.14
clknet_leaf_582_clk,77.14
clknet_leaf_75_clk,77.105
clknet_leaf_84_clk,77.1
_29389_,77.02
_34577_,77.02
_33697_,77
_37711_,77
_38254_,76.99
_26355_,76.98
_33067_,76.95
k\[76\]\[3\],76.94
clknet_leaf_479_clk,76.93
_40148_,76.92
_22755_,76.9
_34931_,76.9
scaled_scores\[25\]\[7\],76.9
clknet_leaf_70_clk,76.895
clknet_leaf_762_clk,76.88
clknet_6_19_0_clk,76.86
clknet_leaf_132_clk,76.855
_33047_,76.85
_33648_,76.84
clknet_leaf_428_clk,76.78
_38211_,76.76
_39839_,76.75
_25852_,76.74
_41397_,76.74
clknet_leaf_164_clk,76.74
_31530_,76.72
clknet_leaf_193_clk,76.72
clknet_leaf_797_clk,76.72
clknet_leaf_812_clk,76.72
_37005_,76.715
_18115_,76.7
clknet_leaf_94_clk,76.68
clknet_6_55_0_clk,76.65
_27583_,76.62
_34468_,76.62
_37965_,76.61
_36833_,76.6
_08328_,76.58
_23394_,76.56
_26593_,76.56
v\[12\]\[3\],76.56
_09352_,76.54
_19847_,76.54
_33195_,76.54
_25710_,76.52
_33540_,76.52
clknet_leaf_458_clk,76.5
clknet_leaf_119_clk,76.48
clknet_leaf_608_clk,76.48
clknet_leaf_377_clk,76.42
_33239_,76.4
clknet_leaf_463_clk,76.4
_25491_,76.34
clknet_leaf_846_clk,76.34
_38343_,76.32
_29014_,76.3
clknet_leaf_915_clk,76.3
_38597_,76.29
_07855_,76.26
_09598_,76.26
_37664_,76.26
_42623_,76.26
_40214_,76.24
scaled_scores\[33\]\[16\],76.21
clknet_6_13_0_clk,76.18
scaled_scores\[17\]\[1\],76.12
_09313_,76.1
_34993_,76.06
_38022_,76.05
clknet_leaf_379_clk,76.025
_32833_,75.98
_14781_,75.97
_34600_,75.96
_09287_,75.94
_38258_,75.94
clknet_leaf_99_clk,75.92
_44001_,75.9
_28795_,75.88
_34261_,75.86
q\[82\]\[2\],75.755
_33188_,75.74
clknet_leaf_917_clk,75.74
_33249_,75.72
_25359_,75.68
_38231_,75.68
clknet_leaf_322_clk,75.68
k\[108\]\[3\],75.66
net755,75.65
_24619_,75.64
_28064_,75.64
_34097_,75.64
_09299_,75.62
_33251_,75.62
clknet_leaf_580_clk,75.57
clknet_leaf_329_clk,75.56
_09378_,75.54
clknet_leaf_255_clk,75.54
_33023_,75.5
_40054_,75.5
clknet_leaf_117_clk,75.5
_28677_,75.4
_38475_,75.4
_24848_,75.38
clknet_leaf_576_clk,75.38
_38635_,75.36
scaled_scores\[63\]\[16\],75.36
_37268_,75.34
clknet_leaf_334_clk,75.34
_29824_,75.32
_33326_,75.28
_36517_,75.28
_42190_,75.26
clknet_leaf_635_clk,75.26
clknet_leaf_822_clk,75.26
_09526_,75.24
_28082_,75.24
_37886_,75.22
clknet_leaf_578_clk,75.22
net490,75.2
u_score_dp.mac_gen\[14\].u_mac.accum_out\[2\],75.18
_34842_,75.17
clknet_leaf_121_clk,75.14
_24535_,75.1
_34967_,75.1
_38815_,75.1
net316,75.08
_29481_,75.06
clknet_leaf_240_clk,75.06
clknet_6_33_0_clk,75.06
scaled_scores\[25\]\[15\],75.04
clknet_leaf_21_clk,75.04
_27514_,75.02
clknet_leaf_364_clk,75
_22131_,74.98
_34531_,74.94
clknet_leaf_260_clk,74.92
_32866_,74.91
clknet_leaf_305_clk,74.9
clknet_leaf_317_clk,74.895
clknet_leaf_508_clk,74.895
_08324_,74.88
_29855_,74.8
_13722_,74.76
_33275_,74.76
_34067_,74.74
_33010_,74.72
clknet_leaf_227_clk,74.68
_33003_,74.66
clknet_leaf_86_clk,74.64
_38026_,74.58
clknet_leaf_12_clk,74.56
clknet_leaf_688_clk,74.54
_30430_,74.52
clknet_leaf_524_clk,74.52
clknet_leaf_388_clk,74.5
_43152_,74.49
_29485_,74.48
_22825_,74.44
_09161_,74.42
_42984_,74.42
clknet_leaf_606_clk,74.42
_38009_,74.35
_24561_,74.34
_38321_,74.34
_33972_,74.32
u_weighted_dp.mac_gen\[1\].u_mac.accum_out\[0\],74.32
_09672_,74.3
_28144_,74.3
_31057_,74.26
_32043_,74.26
clknet_leaf_378_clk,74.24
_28979_,74.2
q\[94\]\[0\],74.185
_25888_,74.18
clknet_leaf_1_clk,74.18
clknet_6_15_0_clk,74.17
raw_scores\[63\]\[11\],74.1
clknet_leaf_175_clk,74.075
clknet_leaf_131_clk,74.04
_37678_,73.98
clknet_leaf_838_clk,73.965
_09368_,73.96
_35948_,73.92
_09293_,73.86
_28336_,73.81
_20446_,73.8
net690,73.78
_34074_,73.765
clknet_leaf_784_clk,73.76
_21771_,73.745
_12935_,73.68
_24530_,73.68
_37706_,73.68
_38502_,73.68
clknet_leaf_290_clk,73.68
_29396_,73.64
_35671_,73.635
scaled_scores\[11\]\[11\],73.6
u_score_dp.mac_gen\[6\].u_mac.accum_out\[13\],73.56
_43049_,73.54
scaled_scores\[25\]\[11\],73.5
_09418_,73.44
_29274_,73.44
clknet_leaf_665_clk,73.44
clknet_leaf_601_clk,73.42
_14043_,73.4
_33241_,73.4
_34304_,73.38
_33176_,73.34
_26536_,73.3
_29804_,73.3
clknet_leaf_307_clk,73.3
clknet_leaf_145_clk,73.295
u_score_dp.mac_gen\[13\].u_mac.accum_out\[7\],73.27
clknet_leaf_624_clk,73.26
_38797_,73.255
_26731_,73.24
_38425_,73.16
clknet_leaf_340_clk,73.14
clknet_6_43_0_clk,73.14
_38481_,73.12
clknet_leaf_381_clk,73.12
_17999_,73.1
_36862_,73.1
_36923_,73.08
u_weighted_dp.mac_gen\[2\].u_mac.accum_out\[14\],73.06
clknet_leaf_907_clk,73.055
_22768_,73.02
_20444_,73
_20566_,73
_25303_,73
_24893_,72.98
_09592_,72.96
_33205_,72.94
clknet_leaf_103_clk,72.92
_33136_,72.9
clknet_leaf_563_clk,72.9
_08493_,72.88
_21660_,72.88
_22946_,72.88
clknet_leaf_897_clk,72.88
_23407_,72.86
_33840_,72.86
clknet_leaf_126_clk,72.795
_32905_,72.78
_27605_,72.76
clknet_leaf_416_clk,72.76
_35449_,72.74
scaled_scores\[47\]\[4\],72.74
_20523_,72.7
_40755_,72.7
u_weighted_dp.mac_gen\[6\].u_mac.accum_out\[5\],72.7
_24986_,72.69
_18317_,72.68
u_score_dp.mac_gen\[3\].u_mac.accum_out\[8\],72.68
_38855_,72.66
clknet_leaf_295_clk,72.66
scaled_scores\[47\]\[5\],72.64
_18660_,72.6
clknet_leaf_411_clk,72.6
scaled_scores\[17\]\[12\],72.58
net359,72.56
clknet_leaf_335_clk,72.545
_19519_,72.5
_09256_,72.48
_37022_,72.46
scaled_scores\[10\]\[1\],72.46
_09482_,72.44
_33157_,72.44
_32405_,72.43
_29961_,72.4
_13726_,72.39
_43143_,72.38
clknet_leaf_691_clk,72.38
clknet_6_42_0_clk,72.38
_35966_,72.37
_34119_,72.33
_34252_,72.31
_13339_,72.29
scaled_scores\[3\]\[5\],72.285
clknet_leaf_149_clk,72.28
_43093_,72.26
clknet_leaf_383_clk,72.24
_23367_,72.22
clknet_leaf_401_clk,72.2
clknet_leaf_534_clk,72.2
_37952_,72.18
clknet_leaf_863_clk,72.17
_43459_,72.16
clknet_leaf_51_clk,72.16
_38686_,72.14
q\[15\]\[1\],72.14
clknet_leaf_460_clk,72.13
_36191_,72.12
_21539_,72.04
_29286_,72.02
clknet_leaf_0_clk,72.02
_09661_,72
_33813_,72
_38420_,72
_10801_,71.93
u_weighted_dp.mac_gen\[0\].u_mac.accum_out\[0\],71.92
_43562_,71.9
clknet_leaf_539_clk,71.9
clknet_leaf_859_clk,71.88
_36917_,71.84
_35563_,71.83
u_score_dp.mac_gen\[3\].u_mac.accum_out\[5\],71.78
_24814_,71.76
_38108_,71.76
_08054_,71.74
_33759_,71.74
clknet_leaf_46_clk,71.74
clknet_leaf_90_clk,71.74
_31686_,71.7
net578,71.7
clknet_leaf_197_clk,71.68
_09288_,71.66
scaled_scores\[25\]\[10\],71.66
_36806_,71.64
clknet_leaf_29_clk,71.62
clknet_leaf_594_clk,71.62
clknet_leaf_818_clk,71.62
clknet_leaf_59_clk,71.615
_38410_,71.54
scaled_scores\[17\]\[4\],71.54
_38037_,71.52
_41547_,71.5
_39998_,71.48
scaled_scores\[0\]\[4\],71.48
_37342_,71.46
_36547_,71.44
_24260_,71.43
clknet_leaf_116_clk,71.42
_23908_,71.4
u_score_dp.mac_gen\[0\].u_mac.valid_in,71.38
clknet_leaf_496_clk,71.37
_24291_,71.36
u_weighted_dp.mac_gen\[5\].u_mac.accum_out\[4\],71.36
clknet_leaf_179_clk,71.34
_33055_,71.305
_14148_,71.3
scaled_scores\[17\]\[15\],71.3
_22939_,71.28
_37423_,71.28
_39463_,71.26
u_weighted_dp.mac_gen\[2\].u_mac.accum_out\[13\],71.26
clknet_leaf_474_clk,71.23
clknet_leaf_478_clk,71.22
clknet_6_25_0_clk,71.21
_34519_,71.2
_34467_,71.18
_21625_,71.12
_33990_,71.12
_35463_,71.08
scaled_scores\[9\]\[2\],71.08
clknet_leaf_18_clk,71.08
clknet_leaf_58_clk,71.08
_40412_,71.07
_38773_,71.06
clknet_leaf_450_clk,71.06
clknet_leaf_223_clk,71.03
_21754_,71.02
_35810_,70.98
_09705_,70.96
clknet_leaf_862_clk,70.96
_28929_,70.905
clknet_leaf_19_clk,70.9
_09446_,70.88
clknet_leaf_567_clk,70.88
clknet_leaf_276_clk,70.875
_34036_,70.86
_37235_,70.84
clknet_leaf_405_clk,70.84
_11167_,70.8
_34824_,70.8
_09329_,70.78
clknet_leaf_505_clk,70.76
u_weighted_dp.mac_gen\[2\].u_mac.accum_out\[15\],70.72
clknet_leaf_486_clk,70.72
_34971_,70.7
_37653_,70.68
clknet_leaf_207_clk,70.665
clknet_leaf_575_clk,70.665
_36035_,70.66
_19997_,70.62
_21030_,70.58
_40309_,70.58
clknet_leaf_283_clk,70.58
_33882_,70.54
clknet_leaf_161_clk,70.54
clknet_leaf_279_clk,70.535
clknet_leaf_92_clk,70.52
_13907_,70.5
_21759_,70.5
clknet_leaf_641_clk,70.5
_13431_,70.48
_34837_,70.46
_40695_,70.42
_34116_,70.4
_14097_,70.38
clknet_leaf_122_clk,70.38
net579,70.28
clknet_leaf_418_clk,70.28
_37835_,70.26
clknet_6_39_0_clk,70.25
_13964_,70.24
_24518_,70.24
scaled_scores\[48\]\[3\],70.24
_30357_,70.22
_37446_,70.205
_36086_,70.2
clknet_leaf_532_clk,70.2
clknet_leaf_618_clk,70.2
_40197_,70.16
_39696_,70.15
clknet_leaf_24_clk,70.15
_43092_,70.12
_33755_,70.1
_37457_,70.1
_09782_,70.08
_40429_,70.08
_09770_,70.06
_27756_,70.06
_32782_,70.02
_32757_,69.98
clknet_leaf_152_clk,69.98
_27467_,69.96
_30685_,69.92
_33971_,69.92
_34460_,69.92
u_weighted_dp.mac_gen\[5\].u_mac.accum_out\[14\],69.92
clknet_leaf_782_clk,69.92
_32361_,69.91
_37257_,69.9
clknet_leaf_189_clk,69.895
_14096_,69.86
clknet_leaf_406_clk,69.86
clknet_leaf_579_clk,69.84
clknet_leaf_325_clk,69.82
_35809_,69.815
_38517_,69.8
clknet_leaf_473_clk,69.8
_39541_,69.78
_21187_,69.74
_25255_,69.74
_26369_,69.72
_37254_,69.72
_13641_,69.7
_37416_,69.7
_38024_,69.7
k\[108\]\[4\],69.64
clknet_leaf_297_clk,69.62
_09438_,69.6
_32965_,69.59
_12219_,69.56
_22870_,69.56
clknet_leaf_182_clk,69.555
clknet_leaf_32_clk,69.52
_08100_,69.5
clknet_leaf_877_clk,69.5
clknet_leaf_461_clk,69.495
scaled_scores\[51\]\[8\],69.48
_34090_,69.46
clknet_leaf_403_clk,69.44
clknet_leaf_752_clk,69.44
clknet_leaf_104_clk,69.43
_33040_,69.42
_27540_,69.4
_43621_,69.4
_18776_,69.38
clknet_leaf_134_clk,69.38
_34354_,69.365
_14124_,69.36
_23545_,69.36
_24588_,69.36
_09677_,69.34
_23328_,69.32
_39937_,69.3
clknet_leaf_210_clk,69.3
clknet_leaf_454_clk,69.3
_19943_,69.28
_35738_,69.28
_42483_,69.26
clknet_leaf_656_clk,69.26
clknet_leaf_268_clk,69.255
_25248_,69.24
clknet_leaf_667_clk,69.22
_32794_,69.2
_40191_,69.2
_10156_,69.18
_18687_,69.18
_24620_,69.165
_21548_,69.16
_33911_,69.16
clknet_leaf_150_clk,69.12
clknet_leaf_440_clk,69.08
clknet_leaf_901_clk,69.08
_22956_,69.065
_40771_,69.02
u_score_dp.state\[1\],68.96
clknet_leaf_589_clk,68.96
_14369_,68.94
_40679_,68.92
_40359_,68.88
_43095_,68.88
_34659_,68.87
clknet_leaf_258_clk,68.82
clknet_leaf_509_clk,68.82
_37936_,68.79
_20691_,68.76
_33204_,68.74
_19363_,68.72
_28709_,68.715
_11155_,68.7
_32983_,68.7
_40287_,68.7
_20351_,68.68
_30012_,68.68
clknet_leaf_468_clk,68.68
_07644_,68.62
_32732_,68.62
_33059_,68.615
_36419_,68.6
net345,68.6
scaled_scores\[10\]\[2\],68.58
clknet_6_5_0_clk,68.58
clknet_leaf_629_clk,68.56
_20232_,68.48
clknet_leaf_520_clk,68.48
_10919_,68.44
_09686_,68.36
clknet_leaf_201_clk,68.36
q\[82\]\[3\],68.34
_32153_,68.28
_33223_,68.26
_08445_,68.24
_21638_,68.24
_23317_,68.24
_41418_,68.24
_38523_,68.2
clknet_leaf_676_clk,68.2
clknet_leaf_550_clk,68.16
_43385_,68.155
clknet_leaf_545_clk,68.14
clknet_leaf_840_clk,68.12
_09153_,68.1
_09622_,68.08
_37764_,68.08
_34056_,68.02
net580,67.98
clknet_leaf_763_clk,67.96
clknet_leaf_620_clk,67.94
_26350_,67.88
_25887_,67.86
_34514_,67.86
_37054_,67.86
_33392_,67.82
_36554_,67.82
_39336_,67.82
u_weighted_dp.mac_gen\[7\].u_mac.accum_out\[5\],67.82
_19469_,67.79
_34377_,67.79
scaled_scores\[1\]\[8\],67.78
_40279_,67.715
_32992_,67.7
raw_scores\[63\]\[9\],67.7
clknet_leaf_178_clk,67.7
clknet_leaf_190_clk,67.7
clknet_leaf_494_clk,67.68
_33974_,67.64
clknet_leaf_500_clk,67.64
_33906_,67.62
_29354_,67.54
_37186_,67.54
scaled_scores\[54\]\[4\],67.54
clknet_leaf_263_clk,67.535
_26503_,67.52
scaled_scores\[51\]\[10\],67.52
_11128_,67.49
_42179_,67.49
clknet_leaf_36_clk,67.48
clknet_leaf_552_clk,67.48
clknet_leaf_615_clk,67.48
_23389_,67.47
_43477_,67.46
clknet_leaf_88_clk,67.46
clknet_leaf_750_clk,67.46
_30376_,67.44
_11239_,67.4
_39127_,67.4
u_score_dp.mac_gen\[1\].u_mac.accum_out\[8\],67.385
clknet_leaf_365_clk,67.38
clknet_leaf_640_clk,67.38
clknet_leaf_670_clk,67.38
clknet_leaf_778_clk,67.34
_36899_,67.33
u_weighted_dp.mac_gen\[7\].u_mac.accum_out\[1\],67.33
_34273_,67.32
_40332_,67.31
_09741_,67.22
clknet_leaf_45_clk,67.22
clknet_leaf_692_clk,67.18
clknet_leaf_5_clk,67.16
_22866_,67.12
_09130_,67.1
clknet_leaf_172_clk,67.1
clknet_leaf_543_clk,67.1
clknet_leaf_900_clk,67.1
_36212_,67.09
_34055_,67.085
clknet_leaf_771_clk,67.065
net7549,67.06
clknet_leaf_546_clk,67.04
_22730_,67.02
_34996_,67.02
_34651_,67
_42184_,67
clknet_leaf_389_clk,66.99
clknet_leaf_39_clk,66.98
_40213_,66.96
scaled_scores\[1\]\[3\],66.96
_36314_,66.94
_36880_,66.9
_38588_,66.9
q\[114\]\[6\],66.9
_37929_,66.88
net313,66.86
clknet_leaf_447_clk,66.86
_41488_,66.82
_37963_,66.8
_38294_,66.8
_39269_,66.8
clknet_leaf_591_clk,66.8
clknet_leaf_226_clk,66.78
clknet_leaf_511_clk,66.76
clknet_leaf_183_clk,66.74
clknet_leaf_270_clk,66.7
_32871_,66.68
scaled_scores\[47\]\[9\],66.66
clknet_leaf_123_clk,66.64
_33891_,66.62
v\[2\]\[6\],66.62
clknet_leaf_285_clk,66.62
clknet_6_9_0_clk,66.59
_40192_,66.58
_09710_,66.54
_26007_,66.54
u_weighted_dp.mac_gen\[2\].u_mac.accum_out\[1\],66.52
_38140_,66.5
_37541_,66.49
_21825_,66.48
_31635_,66.48
scaled_scores\[0\]\[13\],66.48
_09373_,66.44
_34191_,66.42
clknet_leaf_55_clk,66.42
_13908_,66.4
_21704_,66.4
_23016_,66.4
scaled_scores\[34\]\[17\],66.38
clknet_6_11_0_clk,66.37
clknet_leaf_856_clk,66.36
_08373_,66.34
clknet_leaf_654_clk,66.33
_39544_,66.32
_42952_,66.28
_27308_,66.24
clknet_leaf_81_clk,66.24
_08640_,66.22
_34147_,66.22
_28067_,66.205
_40198_,66.2
_40241_,66.2
scaled_scores\[25\]\[4\],66.2
net808,66.2
_21678_,66.18
clknet_leaf_138_clk,66.18
clknet_leaf_669_clk,66.18
clknet_leaf_390_clk,66.16
clknet_leaf_261_clk,66.14
_32949_,66.12
_37435_,66.12
clknet_leaf_82_clk,66.12
_35947_,66.02
_33082_,66
_23654_,65.995
_22827_,65.98
_24560_,65.98
_09767_,65.96
_40062_,65.96
clknet_leaf_106_clk,65.94
_19481_,65.935
_26415_,65.92
clknet_leaf_333_clk,65.895
_35566_,65.86
clknet_leaf_166_clk,65.855
_18021_,65.84
_33577_,65.84
clknet_leaf_781_clk,65.84
clknet_leaf_799_clk,65.84
_14123_,65.82
_26370_,65.82
clknet_6_30_0_clk,65.81
_24743_,65.8
clknet_leaf_137_clk,65.8
_34561_,65.76
_37490_,65.76
clknet_leaf_909_clk,65.76
_25059_,65.7
_09421_,65.66
_25737_,65.66
_08548_,65.64
clknet_leaf_314_clk,65.64
clknet_leaf_554_clk,65.64
_35827_,65.62
clknet_leaf_398_clk,65.62
scaled_scores\[55\]\[16\],65.6
_34480_,65.58
_38778_,65.56
clknet_leaf_643_clk,65.56
_36280_,65.55
_37449_,65.55
_33880_,65.52
_42821_,65.52
u_weighted_dp.mac_gen\[7\].u_mac.accum_out\[2\],65.52
clknet_leaf_588_clk,65.44
clknet_leaf_911_clk,65.44
_27877_,65.42
_25113_,65.4
_09410_,65.37
_28275_,65.34
u_score_dp.mac_gen\[3\].u_mac.accum_out\[13\],65.34
_28710_,65.32
_43671_,65.31
_09772_,65.3
clknet_leaf_803_clk,65.3
_42189_,65.28
_43004_,65.28
clknet_leaf_89_clk,65.28
_43141_,65.19
_26493_,65.18
u_weighted_dp.mac_gen\[2\].u_mac.accum_out\[0\],65.14
clknet_leaf_569_clk,65.14
clknet_leaf_893_clk,65.12
_37439_,65.09
clknet_leaf_758_clk,65.09
_25459_,65.06
_34277_,65.06
clknet_leaf_923_clk,65.06
scaled_scores\[25\]\[3\],65.04
clknet_leaf_807_clk,65.04
_22297_,65.02
_34611_,64.98
clknet_leaf_34_clk,64.98
clknet_leaf_789_clk,64.96
_28327_,64.94
scaled_scores\[48\]\[5\],64.94
_13674_,64.92
_36893_,64.92
clknet_leaf_224_clk,64.92
_43368_,64.9
clknet_leaf_272_clk,64.875
_33018_,64.86
clknet_leaf_16_clk,64.86
_36265_,64.84
clknet_leaf_176_clk,64.84
clknet_leaf_809_clk,64.84
_40171_,64.78
_35037_,64.77
_08311_,64.76
_20457_,64.76
_40055_,64.76
clknet_leaf_776_clk,64.76
_36514_,64.74
clknet_leaf_832_clk,64.74
_36640_,64.72
clknet_leaf_303_clk,64.72
clknet_leaf_821_clk,64.72
_24536_,64.7
_20574_,64.68
_43721_,64.68
_43078_,64.66
_34618_,64.64
clknet_leaf_564_clk,64.64
_34578_,64.62
clknet_leaf_568_clk,64.62
_36606_,64.6
clknet_leaf_167_clk,64.6
clknet_leaf_792_clk,64.6
_13888_,64.58
_33315_,64.54
_40280_,64.52
clknet_leaf_61_clk,64.52
_33704_,64.5
u_weighted_dp.mac_gen\[3\].u_mac.accum_out\[8\],64.48
_37932_,64.46
_31529_,64.42
_32988_,64.4
scaled_scores\[8\]\[8\],64.4
_22858_,64.38
_35801_,64.38
clknet_6_35_0_clk,64.38
_32966_,64.36
scaled_scores\[30\]\[7\],64.36
scaled_scores\[55\]\[0\],64.36
_36544_,64.345
clknet_leaf_328_clk,64.34
clknet_leaf_232_clk,64.32
_22207_,64.3
_38566_,64.3
clknet_leaf_394_clk,64.28
q\[90\]\[0\],64.26
_27503_,64.24
_29249_,64.24
_34069_,64.24
_34838_,64.235
clknet_leaf_49_clk,64.22
_37152_,64.18
_38727_,64.16
clknet_leaf_521_clk,64.16
_33198_,64.14
clknet_leaf_860_clk,64.12
u_score_dp.mac_gen\[10\].u_mac.accum_out\[14\],64.08
clknet_leaf_78_clk,64.07
clknet_leaf_906_clk,64.07
net492,64.04
_38301_,64.02
clknet_leaf_444_clk,64
_13672_,63.995
_37802_,63.98
u_weighted_dp.mac_gen\[1\].u_mac.accum_out\[1\],63.86
clknet_leaf_540_clk,63.86
_38201_,63.84
_19157_,63.82
_35866_,63.82
_14203_,63.8
_18024_,63.8
_32995_,63.8
_33258_,63.8
clknet_leaf_213_clk,63.8
clknet_leaf_712_clk,63.8
_10916_,63.78
_14828_,63.76
_38645_,63.76
_08059_,63.74
_08291_,63.72
_41566_,63.72
_09585_,63.68
clknet_leaf_20_clk,63.68
clknet_leaf_756_clk,63.68
_27117_,63.64
_43592_,63.615
_37663_,63.61
_19824_,63.6
_43110_,63.6
clknet_leaf_237_clk,63.58
clknet_leaf_433_clk,63.56
_35688_,63.54
_10917_,63.52
_32890_,63.5
clknet_leaf_677_clk,63.49
_29550_,63.465
_33946_,63.46
clknet_leaf_301_clk,63.46
_28373_,63.44
_38701_,63.44
_36477_,63.42
_38262_,63.42
clknet_leaf_408_clk,63.42
clknet_leaf_880_clk,63.42
clknet_6_28_0_clk,63.42
clknet_leaf_135_clk,63.4
_09145_,63.39
_38070_,63.38
_38384_,63.38
net7664,63.38
_40422_,63.34
_33904_,63.32
_20880_,63.3
_37472_,63.275
_37725_,63.26
_37731_,63.26
clknet_leaf_457_clk,63.24
clknet_leaf_466_clk,63.235
_17990_,63.22
_34984_,63.22
clknet_leaf_404_clk,63.2
_21831_,63.12
clknet_leaf_896_clk,63.12
_33534_,63.06
v\[12\]\[6\],63.06
_34525_,63.04
clknet_leaf_231_clk,63.04
clknet_leaf_499_clk,63.04
_43094_,63.02
_28074_,63
clknet_leaf_774_clk,62.99
_11157_,62.98
_14289_,62.98
_33627_,62.98
clknet_leaf_817_clk,62.98
_26937_,62.92
_31497_,62.92
_40089_,62.92
_13376_,62.9
net776,62.9
clknet_leaf_617_clk,62.9
_11159_,62.88
_27074_,62.88
u_score_dp.mac_gen\[11\].u_mac.accum_out\[7\],62.88
clknet_leaf_4_clk,62.88
clknet_6_47_0_clk,62.88
clknet_leaf_195_clk,62.86
_18333_,62.82
_32738_,62.8
u_score_dp.mac_gen\[15\].u_mac.accum_out\[2\],62.8
clknet_leaf_497_clk,62.8
clknet_leaf_570_clk,62.8
_33170_,62.78
clknet_leaf_560_clk,62.76
net306,62.74
clknet_leaf_653_clk,62.72
_30596_,62.7
clknet_leaf_319_clk,62.7
_38715_,62.64
_32087_,62.58
_30516_,62.5
_40410_,62.5
clknet_leaf_748_clk,62.5
clknet_leaf_125_clk,62.44
_11123_,62.42
_36044_,62.42
_28845_,62.32
k\[9\]\[4\],62.3
u_score_dp.mac_gen\[2\].u_mac.accum_out\[15\],62.255
clknet_leaf_655_clk,62.22
clknet_leaf_711_clk,62.22
_36444_,62.2
_29402_,62.19
u_score_dp.mac_gen\[13\].u_mac.accum_out\[2\],62.16
_11216_,62.15
clknet_leaf_100_clk,62.13
_38082_,62.1
_19845_,62.08
_09432_,62.02
_30688_,62.02
_40770_,62.02
net659,62.02
clknet_leaf_456_clk,62.02
_23757_,62
clknet_leaf_835_clk,62
_29473_,61.98
scaled_scores\[9\]\[6\],61.96
clknet_leaf_426_clk,61.94
k\[23\]\[7\],61.93
_19834_,61.92
_38681_,61.92
clknet_leaf_455_clk,61.92
_36805_,61.9
u_score_dp.mac_gen\[4\].u_mac.accum_out\[7\],61.9
_29017_,61.88
_42561_,61.875
_43722_,61.875
_35173_,61.86
_09617_,61.84
u_score_dp.mac_gen\[1\].u_mac.accum_out\[5\],61.835
_21556_,61.78
_11185_,61.76
_38383_,61.76
clknet_leaf_662_clk,61.74
_33296_,61.72
_43464_,61.72
_41571_,61.7
_26476_,61.69
clknet_leaf_544_clk,61.69
_34969_,61.64
_33030_,61.62
_33828_,61.62
clknet_leaf_63_clk,61.62
_14301_,61.58
scaled_scores\[24\]\[14\],61.58
_38196_,61.56
_40393_,61.53
_42188_,61.52
_34849_,61.51
_27528_,61.5
_34072_,61.48
clknet_leaf_827_clk,61.48
clknet_6_49_0_clk,61.48
_32818_,61.46
_33942_,61.46
clknet_leaf_666_clk,61.46
_33129_,61.44
_37081_,61.43
_39562_,61.42
u_weighted_dp.mac_gen\[5\].u_mac.accum_out\[3\],61.4
_22861_,61.38
net518,61.37
_32371_,61.35
clknet_leaf_881_clk,61.32
_39290_,61.3
clknet_leaf_209_clk,61.3
net622,61.26
_36263_,61.245
clknet_leaf_373_clk,61.24
_37309_,61.18
u_score_dp.mac_gen\[4\].u_mac.accum_out\[6\],61.16
clknet_leaf_50_clk,61.14
clknet_leaf_769_clk,61.14
_29398_,61.12
_36918_,61.12
_23296_,61.08
scaled_scores\[25\]\[1\],61.08
clknet_leaf_246_clk,61.08
net2098,61.08
_07852_,61.04
_37191_,61.04
clknet_leaf_251_clk,61
_33586_,60.98
scaled_scores\[63\]\[2\],60.96
clknet_leaf_619_clk,60.94
clknet_leaf_622_clk,60.94
_33155_,60.92
clknet_leaf_566_clk,60.92
_08906_,60.905
_35807_,60.9
clknet_leaf_548_clk,60.88
_37624_,60.86
_40051_,60.86
clknet_leaf_744_clk,60.86
scaled_scores\[60\]\[7\],60.84
_37682_,60.81
_39512_,60.8
net825,60.8
_33855_,60.76
_38798_,60.74
_24707_,60.7
_43097_,60.7
q\[86\]\[5\],60.68
_34972_,60.67
_38249_,60.66
clknet_leaf_437_clk,60.66
u_weighted_dp.mac_gen\[2\].u_mac.accum_out\[17\],60.64
u_score_dp.mac_gen\[6\].u_mac.accum_out\[12\],60.625
_19781_,60.62
_23346_,60.62
_39936_,60.62
scaled_scores\[1\]\[1\],60.62
_09171_,60.6
_25206_,60.6
_09607_,60.58
_33161_,60.58
scaled_scores\[32\]\[14\],60.56
clknet_leaf_282_clk,60.56
clknet_leaf_429_clk,60.55
_31553_,60.54
_31715_,60.52
_38675_,60.5
_09651_,60.48
clknet_leaf_77_clk,60.48
_18030_,60.47
scaled_scores\[27\]\[11\],60.47
_19777_,60.46
_24945_,60.44
_34271_,60.44
_26009_,60.435
clknet_leaf_761_clk,60.42
_34084_,60.405
_34471_,60.4
_42203_,60.4
clknet_leaf_292_clk,60.32
clknet_6_14_0_clk,60.27
_20524_,60.26
_28747_,60.26
_24005_,60.24
_34078_,60.24
_10803_,60.23
clknet_leaf_26_clk,60.23
clknet_leaf_326_clk,60.22
clknet_leaf_244_clk,60.2
clknet_leaf_529_clk,60.18
_27670_,60.16
_34059_,60.16
_11246_,60.14
_37453_,60.14
clknet_leaf_101_clk,60.14
_20786_,60.1
_36653_,60.095
clknet_leaf_686_clk,60.08
_37097_,60.07
_21860_,60.04
_38227_,60.04
_28653_,60.025
scaled_scores\[9\]\[3\],60.02
clknet_leaf_753_clk,60.02
_11122_,60
_33109_,60
_10808_,59.96
_11154_,59.94
clknet_leaf_916_clk,59.94
_09448_,59.9
clknet_leaf_645_clk,59.9
clknet_leaf_660_clk,59.9
_09442_,59.86
_29272_,59.86
_39166_,59.86
_33442_,59.85
_36269_,59.845
_20069_,59.82
_21197_,59.8
_33180_,59.8
_09472_,59.78
_21661_,59.78
_23371_,59.78
_34051_,59.78
_24858_,59.755
_08050_,59.74
k\[7\]\[7\],59.74
net829,59.73
_38326_,59.72
_36229_,59.7
_43471_,59.7
scaled_scores\[13\]\[7\],59.7
_10918_,59.68
_09632_,59.66
_24911_,59.66
_24043_,59.64
clknet_leaf_633_clk,59.64
clknet_leaf_410_clk,59.62
_14586_,59.58
_43845_,59.58
clknet_leaf_351_clk,59.58
clknet_leaf_767_clk,59.52
clknet_leaf_538_clk,59.5
_22916_,59.48
_24337_,59.48
_42439_,59.46
_11133_,59.45
_21070_,59.45
_36487_,59.44
_28092_,59.42
_33064_,59.38
_24547_,59.36
_24666_,59.36
clknet_leaf_926_clk,59.36
clknet_leaf_644_clk,59.34
_34278_,59.305
_20383_,59.28
clknet_leaf_252_clk,59.28
clknet_leaf_371_clk,59.26
clknet_leaf_587_clk,59.26
_33837_,59.24
_14131_,59.22
_24161_,59.2
clknet_leaf_910_clk,59.2
_09597_,59.18
_09654_,59.18
_37810_,59.18
_42964_,59.16
clknet_leaf_824_clk,59.16
clknet_leaf_112_clk,59.14
_32790_,59.1
_34802_,59.1
_08234_,59.08
_09412_,59.06
_09682_,59.04
_14202_,59.04
_33722_,59.04
clknet_leaf_247_clk,59.04
clknet_leaf_315_clk,59.04
u_weighted_dp.mac_gen\[7\].u_mac.accum_out\[4\],59.02
_34250_,59
_37396_,58.98
_38172_,58.98
_34593_,58.96
net7884,58.96
_25457_,58.88
_44208_,58.88
clknet_leaf_95_clk,58.88
_09261_,58.86
scaled_scores\[56\]\[7\],58.86
_32969_,58.82
_29021_,58.815
clknet_leaf_790_clk,58.8
_30512_,58.78
_29491_,58.74
_37076_,58.74
_38607_,58.74
scaled_scores\[18\]\[1\],58.68
u_weighted_dp.mac_gen\[6\].u_mac.accum_out\[3\],58.66
_19738_,58.64
_22863_,58.64
_38575_,58.62
clknet_leaf_837_clk,58.595
_09807_,58.58
_37999_,58.58
_09731_,58.56
_10926_,58.56
clknet_leaf_264_clk,58.56
_35925_,58.5
_09565_,58.46
_43104_,58.44
clknet_leaf_469_clk,58.42
clknet_leaf_693_clk,58.42
clknet_6_7_0_clk,58.42
_13273_,58.4
_37304_,58.4
_28841_,58.38
u_score_dp.mac_gen\[13\].u_mac.accum_out\[3\],58.38
_36972_,58.34
_09540_,58.32
_39405_,58.32
clknet_leaf_324_clk,58.32
_43098_,58.28
clknet_leaf_171_clk,58.28
_38657_,58.26
clknet_6_63_0_clk,58.24
clknet_leaf_518_clk,58.22
_09691_,58.2
_24770_,58.18
_34111_,58.17
_38569_,58.16
_39828_,58.16
clknet_leaf_562_clk,58.16
clknet_6_57_0_clk,58.14
_32783_,58.13
_41242_,58.1
_14210_,58.08
u_weighted_dp.mac_gen\[3\].u_mac.accum_out\[14\],58.08
u_weighted_dp.mac_gen\[3\].u_mac.accum_out\[4\],58.08
clknet_leaf_254_clk,58.08
clknet_leaf_708_clk,58.075
clknet_leaf_903_clk,58.06
_30692_,58.02
net766,58.02
scaled_scores\[4\]\[8\],58
_38100_,57.98
_42201_,57.98
clknet_leaf_586_clk,57.97
_19487_,57.96
scaled_scores\[1\]\[4\],57.94
_41522_,57.92
_14052_,57.86
_33300_,57.86
_33864_,57.86
_24661_,57.82
_33358_,57.78
clknet_leaf_553_clk,57.78
_34264_,57.775
_13645_,57.77
q\[9\]\[1\],57.74
clknet_leaf_120_clk,57.74
clknet_leaf_558_clk,57.74
_38558_,57.72
clknet_leaf_836_clk,57.69
_09657_,57.68
_08042_,57.66
_28219_,57.66
_36558_,57.66
_40048_,57.66
_09727_,57.64
_19196_,57.64
u_score_dp.mac_gen\[8\].u_mac.accum_out\[7\],57.64
clknet_leaf_657_clk,57.64
_30136_,57.63
_38643_,57.62
_34475_,57.6
clknet_leaf_598_clk,57.6
_20370_,57.56
u_score_dp.mac_gen\[3\].u_mac.accum_out\[3\],57.56
_34567_,57.525
_34555_,57.52
clknet_leaf_839_clk,57.52
_09667_,57.5
_39167_,57.5
clknet_leaf_800_clk,57.5
_19917_,57.48
_25808_,57.48
_33576_,57.48
_20499_,57.46
_28198_,57.44
_34248_,57.44
clknet_leaf_296_clk,57.42
_39830_,57.39
_08301_,57.38
clknet_leaf_331_clk,57.38
_32718_,57.36
_33885_,57.34
_11129_,57.32
_34360_,57.32
_35750_,57.32
_35157_,57.3
clknet_leaf_775_clk,57.3
_36368_,57.28
clknet_leaf_572_clk,57.28
_37108_,57.26
scaled_scores\[1\]\[6\],57.26
_23312_,57.22
_37225_,57.22
_39797_,57.22
_35333_,57.18
_35746_,57.18
_37018_,57.18
scaled_scores\[60\]\[6\],57.18
_09572_,57.16
_37489_,57.145
_39345_,57.14
_43005_,57.1
clknet_leaf_592_clk,57.1
_39342_,57.085
scaled_scores\[56\]\[9\],57.075
_21044_,57.06
_29966_,57.06
_43508_,57.04
_33153_,57.02
_42940_,57
clknet_leaf_679_clk,57
q\[25\]\[6\],56.98
clknet_leaf_876_clk,56.98
u_score_dp.mac_gen\[2\].u_mac.accum_out\[14\],56.96
_14073_,56.94
clknet_leaf_886_clk,56.94
scaled_scores\[60\]\[10\],56.88
u_score_dp.mac_gen\[10\].u_mac.accum_out\[3\],56.88
_30078_,56.86
_34978_,56.86
_39767_,56.86
u_weighted_dp.mac_gen\[6\].u_mac.accum_out\[4\],56.86
_27274_,56.84
_32923_,56.84
_34920_,56.84
_25893_,56.82
_43026_,56.815
_32953_,56.8
scaled_scores\[25\]\[2\],56.78
_14152_,56.76
scaled_scores\[40\]\[10\],56.76
clknet_leaf_674_clk,56.755
_35907_,56.74
clknet_leaf_595_clk,56.7
_19227_,56.68
clknet_leaf_755_clk,56.68
_10864_,56.66
u_score_dp.mac_gen\[3\].u_mac.accum_out\[11\],56.645
_09187_,56.64
_26550_,56.62
_43366_,56.62
u_score_dp.mac_gen\[6\].u_mac.accum_out\[1\],56.62
_31480_,56.6
_36167_,56.6
clknet_leaf_372_clk,56.6
_43348_,56.59
_33670_,56.56
_39418_,56.54
_40882_,56.54
_09209_,56.5
_10807_,56.5
clknet_leaf_407_clk,56.5
_43076_,56.48
clknet_leaf_256_clk,56.48
clknet_leaf_652_clk,56.48
_35767_,56.435
_13270_,56.43
_09662_,56.42
_37594_,56.4
_37715_,56.4
scaled_scores\[63\]\[12\],56.38
_34681_,56.34
clknet_leaf_597_clk,56.34
_09470_,56.32
_18012_,56.3
_27704_,56.3
_34964_,56.3
clknet_leaf_791_clk,56.26
q\[9\]\[6\],56.24
clknet_leaf_703_clk,56.24
_22739_,56.18
_36919_,56.18
_41705_,56.18
scaled_scores\[25\]\[5\],56.18
_34194_,56.17
_28622_,56.16
scaled_scores\[17\]\[11\],56.16
_29468_,56.14
_30563_,56.14
_39790_,56.14
_38492_,56.1
_09388_,56.06
_33839_,56.06
_34508_,56.06
_39545_,56.06
_40816_,56.06
scaled_scores\[25\]\[14\],56.06
_32117_,56.02
_39378_,56.02
_39782_,56.02
scaled_scores\[55\]\[1\],56.02
_38666_,55.98
u_score_dp.mac_gen\[3\].u_mac.accum_out\[7\],55.98
_34807_,55.96
_36584_,55.94
_40321_,55.94
u_score_dp.mac_gen\[0\].u_mac.accum_out\[1\],55.92
scaled_scores\[54\]\[14\],55.88
_38207_,55.86
scaled_scores\[4\]\[14\],55.86
clknet_leaf_312_clk,55.84
clknet_leaf_384_clk,55.82
_38507_,55.8
clknet_leaf_173_clk,55.78
clknet_leaf_577_clk,55.78
clknet_leaf_908_clk,55.76
_08176_,55.72
clknet_leaf_347_clk,55.72
_24095_,55.7
_11237_,55.66
_38792_,55.66
_28062_,55.64
clknet_leaf_153_clk,55.64
_09611_,55.62
_26916_,55.62
_21117_,55.6
_32290_,55.6
scaled_scores\[4\]\[16\],55.6
_39868_,55.59
u_score_dp.mac_gen\[8\].u_mac.accum_out\[2\],55.58
clknet_leaf_632_clk,55.57
_20371_,55.56
q\[85\]\[2\],55.54
_39555_,55.52
_44168_,55.52
u_weighted_dp.mac_gen\[3\].u_mac.accum_out\[0\],55.52
net301,55.5
clknet_leaf_664_clk,55.5
k\[38\]\[7\],55.48
_32920_,55.4
scaled_scores\[6\]\[5\],55.385
scaled_scores\[33\]\[17\],55.38
_10921_,55.36
_33955_,55.36
q\[9\]\[7\],55.36
_39527_,55.34
_41275_,55.34
clknet_leaf_477_clk,55.34
_09272_,55.32
clknet_leaf_625_clk,55.32
_09405_,55.3
_19988_,55.3
clknet_leaf_700_clk,55.26
_09267_,55.22
_33154_,55.22
_37518_,55.22
u_score_dp.mac_gen\[3\].u_mac.accum_out\[12\],55.185
_21636_,55.16
_32977_,55.16
_40447_,55.16
scaled_scores\[63\]\[9\],55.16
_23927_,55.14
_40905_,55.14
_24254_,55.12
_11183_,55.1
_21813_,55.08
_08227_,55.06
_41908_,55.06
clknet_leaf_262_clk,55.04
_24703_,55.02
u_score_dp.mac_gen\[10\].u_mac.accum_out\[10\],55.02
_37255_,55.015
clknet_leaf_870_clk,55.01
_34093_,55
scaled_scores\[54\]\[12\],55
clknet_leaf_156_clk,55
_21121_,54.94
net736,54.93
_33921_,54.92
_10814_,54.86
_32611_,54.84
_09871_,54.835
_41147_,54.81
_11125_,54.8
net888,54.8
_09477_,54.78
_25110_,54.78
_18008_,54.76
clknet_leaf_281_clk,54.7
_30359_,54.68
_38698_,54.68
_43466_,54.66
_34564_,54.65
_23936_,54.64
clknet_leaf_834_clk,54.64
_10796_,54.6
_22732_,54.59
_34085_,54.57
_41480_,54.525
_26501_,54.5
_34589_,54.46
_37670_,54.46
_37787_,54.46
_19810_,54.45
clknet_leaf_739_clk,54.45
_36500_,54.44
_09827_,54.42
_32620_,54.42
_33402_,54.4
_27600_,54.34
_33843_,54.34
_24660_,54.32
_38814_,54.28
_28156_,54.26
clknet_leaf_257_clk,54.26
_38150_,54.24
_22997_,54.22
_33110_,54.22
_32258_,54.18
q\[115\]\[1\],54.18
_43293_,54.12
_09797_,54.1
_39467_,54.08
clknet_6_59_0_clk,54.06
_09671_,54.04
scaled_scores\[54\]\[10\],53.98
_38547_,53.96
_21059_,53.94
_21530_,53.94
_23988_,53.92
_44204_,53.92
u_score_dp.mac_gen\[5\].u_mac.accum_out\[0\],53.91
scaled_scores\[8\]\[4\],53.9
_19942_,53.88
_18488_,53.86
_27562_,53.84
_36722_,53.8
_39760_,53.8
clknet_leaf_374_clk,53.8
clknet_leaf_436_clk,53.8
_27470_,53.76
_29821_,53.76
_38833_,53.76
_34484_,53.75
_38160_,53.72
net871,53.72
_37533_,53.68
scaled_scores\[52\]\[1\],53.68
u_score_dp.mac_gen\[5\].u_mac.accum_out\[2\],53.68
_21680_,53.66
_35758_,53.625
_32778_,53.62
scaled_scores\[54\]\[17\],53.58
_09513_,53.56
_19782_,53.56
clknet_leaf_327_clk,53.56
_18740_,53.54
_33432_,53.52
_38202_,53.52
_43062_,53.52
_24252_,53.5
_36516_,53.5
_36993_,53.5
_33515_,53.48
_42204_,53.48
_37911_,53.47
_19930_,53.44
_23415_,53.44
u_score_dp.mac_gen\[8\].u_mac.accum_out\[1\],53.44
_09211_,53.42
_29231_,53.42
_33097_,53.42
out\[69\]\[6\],53.42
_41156_,53.4
_43967_,53.38
_11238_,53.36
_41164_,53.36
scaled_scores\[56\]\[8\],53.36
clknet_leaf_57_clk,53.36
clknet_leaf_851_clk,53.36
_33272_,53.33
_34364_,53.3
_38827_,53.3
_43291_,53.3
_09476_,53.28
_21971_,53.28
_37926_,53.28
_29496_,53.26
_34694_,53.26
_42407_,53.26
_36150_,53.24
_37937_,53.24
u_score_dp.mac_gen\[10\].u_mac.accum_out\[11\],53.22
_34253_,53.18
clknet_leaf_395_clk,53.18
_14427_,53.17
_34830_,53.17
_37198_,53.16
_29013_,53.12
_38296_,53.12
out\[109\]\[0\],53.12
clknet_leaf_607_clk,53.12
_30358_,53.08
u_score_dp.mac_gen\[3\].u_mac.accum_out\[15\],53.06
_19210_,53.04
_29876_,53.04
_39574_,53.04
scaled_scores\[59\]\[7\],53.04
clknet_leaf_208_clk,53.04
_32942_,53.02
_37476_,53.02
clknet_leaf_480_clk,53.02
_24936_,53
net856,53
_26930_,52.96
_31479_,52.96
u_score_dp.mac_gen\[10\].u_mac.accum_out\[12\],52.96
clknet_leaf_275_clk,52.96
clknet_leaf_399_clk,52.96
_29465_,52.94
u_score_dp.mac_gen\[4\].u_mac.accum_out\[3\],52.89
_09231_,52.88
_40194_,52.88
u_score_dp.mac_gen\[8\].u_mac.accum_out\[0\],52.88
u_weighted_dp.mac_gen\[3\].u_mac.accum_out\[11\],52.88
_09312_,52.86
u_weighted_dp.mac_gen\[5\].u_mac.accum_out\[10\],52.86
_11118_,52.85
_32180_,52.85
_12076_,52.84
_39676_,52.84
_40222_,52.84
clknet_leaf_338_clk,52.84
_32831_,52.8
k\[9\]\[6\],52.76
_38534_,52.7
_41876_,52.7
_25102_,52.68
net779,52.67
_20572_,52.66
_34280_,52.63
clknet_leaf_489_clk,52.62
_35309_,52.61
_39919_,52.58
_09041_,52.54
clknet_leaf_642_clk,52.54
clknet_leaf_368_clk,52.52
_26539_,52.51
clknet_leaf_515_clk,52.5
_09423_,52.48
u_weighted_dp.mac_gen\[4\].u_mac.accum_out\[7\],52.46
_32980_,52.44
_36439_,52.42
u_score_dp.mac_gen\[4\].u_mac.accum_out\[4\],52.42
clknet_leaf_696_clk,52.42
_40365_,52.365
clknet_leaf_396_clk,52.36
clknet_leaf_623_clk,52.36
_26381_,52.34
_37126_,52.34
clknet_leaf_230_clk,52.34
clknet_leaf_581_clk,52.34
clknet_leaf_417_clk,52.32
_21027_,52.3
clknet_leaf_284_clk,52.3
scaled_scores\[56\]\[12\],52.28
_30489_,52.24
_08174_,52.22
_22544_,52.22
scaled_scores\[55\]\[3\],52.19
_09666_,52.18
_09133_,52.16
_42485_,52.14
scaled_scores\[50\]\[9\],52.14
_35547_,52.12
net774,52.09
_23521_,52.08
_33417_,52.045
_39899_,52.02
scaled_scores\[6\]\[9\],52.005
_33487_,52
scaled_scores\[63\]\[14\],52
clknet_leaf_902_clk,52
_09746_,51.98
u_weighted_dp.mac_gen\[3\].u_mac.accum_out\[12\],51.98
_32022_,51.94
_20925_,51.92
_35853_,51.87
_31069_,51.86
_44184_,51.86
_26842_,51.84
_09687_,51.82
_38422_,51.82
_09273_,51.8
_13796_,51.8
_21605_,51.8
clknet_leaf_339_clk,51.8
clknet_leaf_787_clk,51.8
_35921_,51.78
_38064_,51.78
clknet_leaf_842_clk,51.76
clknet_leaf_861_clk,51.74
_23547_,51.72
_09547_,51.7
_09242_,51.66
_35246_,51.66
_43467_,51.66
scaled_scores\[51\]\[3\],51.66
_35418_,51.64
clknet_leaf_638_clk,51.64
_14478_,51.62
_32796_,51.62
_38035_,51.62
_27494_,51.58
_37082_,51.56
_20419_,51.54
clknet_leaf_423_clk,51.54
_38281_,51.5
u_weighted_dp.mac_gen\[7\].u_mac.accum_out\[0\],51.5
clknet_leaf_17_clk,51.44
_09422_,51.42
_22771_,51.42
_24274_,51.42
_32350_,51.42
clknet_leaf_751_clk,51.42
u_weighted_dp.mac_gen\[3\].u_mac.accum_out\[9\],51.4
_19269_,51.38
scaled_scores\[47\]\[6\],51.34
_22223_,51.32
_33545_,51.3
_37567_,51.29
clknet_leaf_212_clk,51.28
_24857_,51.275
_27180_,51.26
_09717_,51.24
q\[85\]\[4\],51.205
_11134_,51.2
_31587_,51.2
v\[33\]\[1\],51.195
_08418_,51.16
_19832_,51.16
q\[83\]\[2\],51.14
_44100_,51.12
_33511_,51.1
_42971_,51.1
_09601_,51.06
u_score_dp.mac_gen\[9\].u_mac.accum_out\[2\],51.05
_34367_,51.04
_33593_,51.02
_14435_,51
_08563_,50.96
scaled_scores\[25\]\[6\],50.94
u_score_dp.mac_gen\[1\].u_mac.accum_out\[3\],50.94
_30939_,50.92
_18015_,50.88
scaled_scores\[63\]\[7\],50.88
_35287_,50.86
q\[122\]\[0\],50.84
_29442_,50.81
_10800_,50.8
_22194_,50.8
_37677_,50.78
clknet_leaf_344_clk,50.78
_22821_,50.76
_35068_,50.74
_32830_,50.72
_37288_,50.71
_24052_,50.7
_29138_,50.7
_31821_,50.7
clknet_leaf_54_clk,50.7
_37657_,50.68
_44284_,50.66
_20390_,50.64
_24499_,50.62
_24240_,50.6
_34060_,50.59
_25335_,50.58
_09591_,50.56
_33027_,50.56
_43240_,50.54
_33503_,50.52
clknet_leaf_47_clk,50.52
clknet_leaf_110_clk,50.5
_44215_,50.495
_34353_,50.46
_41157_,50.46
u_score_dp.mac_gen\[3\].u_mac.accum_out\[9\],50.46
_20367_,50.44
u_score_dp.mac_gen\[3\].u_mac.accum_out\[14\],50.44
clknet_leaf_159_clk,50.44
_14017_,50.42
_32713_,50.42
_35963_,50.42
_21250_,50.395
out\[69\]\[7\],50.38
_08305_,50.36
_30388_,50.36
clknet_leaf_353_clk,50.36
_26589_,50.28
_21123_,50.26
_29850_,50.26
_33177_,50.26
_09165_,50.24
clknet_leaf_170_clk,50.2
_43465_,50.18
_09263_,50.16
_09557_,50.16
_13409_,50.16
scaled_scores\[9\]\[17\],50.14
_38362_,50.13
_37915_,50.12
k\[88\]\[0\],50.12
_21584_,50.08
_33538_,50.08
v\[2\]\[2\],50.08
_37229_,50.06
_39656_,50.06
scaled_scores\[54\]\[1\],50.06
out\[109\]\[1\],50
clknet_leaf_366_clk,50
clknet_leaf_507_clk,50
_32964_,49.98
scaled_scores\[49\]\[15\],49.98
_25395_,49.96
_33519_,49.96
clknet_leaf_820_clk,49.95
_22411_,49.94
clknet_leaf_35_clk,49.94
_33014_,49.92
_33555_,49.92
_33925_,49.92
clknet_leaf_730_clk,49.9
_08566_,49.88
_22538_,49.88
_30559_,49.88
v\[12\]\[7\],49.88
_38476_,49.87
_29865_,49.86
_26230_,49.82
_27475_,49.82
_37002_,49.82
_43543_,49.79
_09251_,49.78
_37528_,49.78
_30592_,49.74
_33217_,49.74
clknet_leaf_814_clk,49.74
scaled_scores\[60\]\[14\],49.72
_22947_,49.71
clknet_leaf_194_clk,49.7
_30140_,49.66
_21608_,49.62
scaled_scores\[54\]\[6\],49.62
u_weighted_dp.mac_gen\[3\].u_mac.accum_out\[10\],49.615
_21161_,49.6
_43261_,49.58
scaled_scores\[9\]\[12\],49.56
_18705_,49.54
_25458_,49.54
raw_scores\[47\]\[10\],49.54
scaled_scores\[24\]\[15\],49.54
_09681_,49.52
_36311_,49.52
_34833_,49.51
_42822_,49.46
_09436_,49.44
_10859_,49.44
_28076_,49.44
_38373_,49.44
clknet_leaf_626_clk,49.44
_09471_,49.42
_39204_,49.42
scaled_scores\[50\]\[13\],49.38
_09562_,49.36
u_weighted_dp.mac_gen\[6\].u_mac.accum_out\[2\],49.36
_19630_,49.32
clknet_leaf_685_clk,49.32
_11235_,49.3
_08298_,49.28
_39786_,49.28
_09347_,49.25
u_score_dp.mac_gen\[3\].u_mac.accum_out\[2\],49.24
scaled_scores\[26\]\[11\],49.22
u_score_dp.mac_gen\[4\].u_mac.accum_out\[14\],49.22
_43162_,49.2
clknet_leaf_699_clk,49.2
_38192_,49.185
_35402_,49.16
_40008_,49.16
q\[117\]\[7\],49.16
_30691_,49.12
scaled_scores\[13\]\[9\],49.12
_22420_,49.1
clknet_leaf_346_clk,49.06
_08571_,49.04
_11151_,49.04
_21623_,49.04
_38661_,49.04
_33951_,49
_38655_,48.97
_20346_,48.94
_10848_,48.92
_43640_,48.91
scaled_scores\[59\]\[0\],48.88
_23488_,48.86
_37272_,48.86
raw_scores\[63\]\[8\],48.86
_40917_,48.84
_37027_,48.82
_09663_,48.78
_11149_,48.78
_25717_,48.78
_09386_,48.74
u_weighted_dp.mac_gen\[3\].u_mac.accum_out\[13\],48.73
_28383_,48.72
_33478_,48.72
_37147_,48.72
_34265_,48.7
clknet_leaf_857_clk,48.7
_34407_,48.66
_37322_,48.66
_41548_,48.66
q\[85\]\[6\],48.645
_28180_,48.64
_39742_,48.64
_09339_,48.635
_30019_,48.62
_38051_,48.62
_09590_,48.58
_43192_,48.57
_33563_,48.56
_38148_,48.56
clknet_leaf_354_clk,48.56
_37708_,48.545
_21875_,48.54
_29192_,48.54
clknet_leaf_160_clk,48.54
clknet_leaf_927_clk,48.5
_09718_,48.48
_27083_,48.48
_36960_,48.46
scaled_scores\[37\]\[3\],48.46
_09508_,48.44
_28651_,48.42
_09426_,48.38
_30950_,48.38
_32047_,48.38
_37296_,48.38
_39991_,48.36
q\[115\]\[2\],48.36
scaled_scores\[63\]\[1\],48.36
clknet_leaf_380_clk,48.36
scaled_scores\[17\]\[7\],48.34
_36210_,48.31
q\[117\]\[2\],48.3
_28106_,48.28
_32907_,48.28
_29940_,48.24
_13266_,48.22
scaled_scores\[1\]\[7\],48.2
scaled_scores\[9\]\[8\],48.185
clknet_leaf_235_clk,48.18
_36785_,48.16
clknet_leaf_783_clk,48.155
scaled_scores\[26\]\[5\],48.14
u_weighted_dp.mac_gen\[3\].u_mac.accum_out\[3\],48.14
u_weighted_dp.mac_gen\[0\].u_mac.accum_out\[7\],48.12
_36608_,48.1
_41491_,48.08
_37282_,48.04
_37790_,48.04
_21639_,48.02
_36966_,48.02
q\[120\]\[7\],48.02
_19900_,47.98
_34977_,47.98
_44201_,47.96
_37721_,47.94
_08152_,47.92
_24868_,47.88
_30969_,47.88
_40120_,47.84
_10856_,47.8
_36347_,47.8
scaled_scores\[53\]\[16\],47.8
_09319_,47.78
_23261_,47.78
scaled_scores\[10\]\[0\],47.78
_24663_,47.775
_38085_,47.76
_37016_,47.72
_37976_,47.72
_27912_,47.7
_33830_,47.7
q\[118\]\[5\],47.68
clknet_leaf_467_clk,47.68
clknet_leaf_482_clk,47.68
_11177_,47.66
v\[2\]\[4\],47.62
_30469_,47.6
net877,47.6
clknet_leaf_733_clk,47.58
_09645_,47.56
clknet_leaf_738_clk,47.56
scaled_scores\[4\]\[10\],47.54
_20100_,47.52
clknet_leaf_535_clk,47.52
_34591_,47.5
_22778_,47.48
_34544_,47.48
_38036_,47.46
_38285_,47.455
net349,47.45
_10850_,47.44
_30929_,47.44
scaled_scores\[32\]\[11\],47.44
_28679_,47.43
u_score_dp.mac_gen\[4\].u_mac.accum_out\[13\],47.42
_37724_,47.385
_28524_,47.38
clknet_leaf_850_clk,47.38
_11158_,47.37
_34259_,47.36
_09728_,47.28
_22341_,47.28
out\[109\]\[3\],47.28
_14849_,47.26
_34193_,47.26
_09192_,47.24
_38349_,47.24
_37074_,47.22
u_weighted_dp.mac_gen\[5\].u_mac.accum_out\[16\],47.2
_11170_,47.18
scaled_scores\[9\]\[7\],47.18
_32116_,47.14
_34741_,47.14
_36343_,47.14
_26448_,47.1
_30045_,47.1
net6054,47.1
_34963_,47.08
_19397_,47.06
_08283_,47.04
q\[82\]\[6\],47.04
scaled_scores\[48\]\[2\],47.04
_21552_,47.02
_33923_,47.02
_36769_,46.98
_09390_,46.96
_10863_,46.94
_27072_,46.94
_36218_,46.94
_35087_,46.92
_23920_,46.9
_28315_,46.9
_33327_,46.9
_43180_,46.9
_20580_,46.88
_32769_,46.86
scaled_scores\[54\]\[16\],46.86
_26383_,46.84
_36789_,46.84
_40645_,46.84
_24213_,46.82
_34366_,46.8
_38391_,46.8
_19588_,46.78
_25412_,46.78
_32353_,46.78
clknet_leaf_522_clk,46.78
_25804_,46.76
_34673_,46.76
_36631_,46.76
clknet_leaf_843_clk,46.76
q\[88\]\[7\],46.745
_34472_,46.72
scaled_scores\[17\]\[0\],46.72
clknet_leaf_658_clk,46.72
_38656_,46.7
_19297_,46.68
_25162_,46.68
_37696_,46.68
scaled_scores\[13\]\[15\],46.68
scaled_scores\[26\]\[2\],46.68
_43312_,46.66
_40861_,46.64
scaled_scores\[0\]\[12\],46.64
_13995_,46.62
_29878_,46.62
_37153_,46.62
_09268_,46.6
_34124_,46.6
_35337_,46.58
_37007_,46.54
clknet_leaf_694_clk,46.52
_40312_,46.5
_42117_,46.5
_22279_,46.495
_09602_,46.48
_26414_,46.48
_39624_,46.48
clknet_leaf_154_clk,46.48
_33465_,46.47
_32926_,46.46
scaled_scores\[21\]\[9\],46.46
_26367_,46.44
_39435_,46.44
_09626_,46.435
_39881_,46.42
_24948_,46.41
_38486_,46.4
_25843_,46.38
_29306_,46.38
_41413_,46.34
_42149_,46.34
_25101_,46.32
_43132_,46.29
_32872_,46.28
u_score_dp.mac_gen\[3\].u_mac.accum_out\[1\],46.26
_10816_,46.24
_42815_,46.24
_14536_,46.22
_34647_,46.22
_09254_,46.18
_15159_,46.18
_23037_,46.18
_26348_,46.18
_35908_,46.1
_36209_,46.1
_09431_,46.06
_31158_,46.06
_09417_,46.04
_11175_,46.04
_34691_,46.04
_19794_,46.02
_22808_,46.02
_39666_,46.02
_42111_,46.02
_13798_,46
_08489_,45.98
clknet_leaf_710_clk,45.98
clknet_leaf_912_clk,45.98
_39424_,45.96
_21245_,45.94
_09481_,45.92
_26266_,45.92
_36015_,45.92
clknet_leaf_717_clk,45.92
_39453_,45.9
_37041_,45.89
_24232_,45.875
_37164_,45.86
_35077_,45.83
scaled_scores\[55\]\[5\],45.82
_22757_,45.8
_43438_,45.8
_39234_,45.76
_14310_,45.72
_20406_,45.72
_09615_,45.7
_34899_,45.7
_23338_,45.69
_22797_,45.68
_33350_,45.68
_34566_,45.66
_13259_,45.64
_23465_,45.64
_26410_,45.64
clknet_leaf_309_clk,45.64
clknet_leaf_695_clk,45.64
clknet_leaf_864_clk,45.64
_42681_,45.62
_35457_,45.6
_10911_,45.56
_22077_,45.56
q\[84\]\[1\],45.54
clknet_leaf_143_clk,45.535
k\[25\]\[4\],45.52
_34378_,45.51
_34995_,45.48
out\[126\]\[7\],45.48
_28331_,45.44
_33684_,45.44
_22981_,45.42
_41485_,45.42
_20359_,45.4
_11184_,45.36
_21203_,45.36
_09202_,45.34
_40698_,45.34
_18018_,45.3
_24516_,45.3
_33875_,45.3
clknet_leaf_69_clk,45.3
_23515_,45.27
_10155_,45.26
_39874_,45.26
_10865_,45.24
_39849_,45.22
_22109_,45.18
_25779_,45.18
_37003_,45.18
clknet_leaf_229_clk,45.18
_26117_,45.14
_38316_,45.13
_40045_,45.12
q\[25\]\[7\],45.12
_19534_,45.1
_43034_,45.1
clknet_leaf_742_clk,45.1
_07810_,45.08
_31308_,45.08
_38088_,45.08
_11240_,45.06
_09870_,45.045
_09646_,45.04
_36626_,45.04
_10927_,45.02
_36555_,45
v\[117\]\[5\],45
clknet_leaf_741_clk,44.98
clknet_leaf_795_clk,44.98
_34260_,44.96
_37346_,44.92
u_weighted_dp.mac_gen\[5\].u_mac.accum_out\[15\],44.92
_36858_,44.895
_27168_,44.89
_35292_,44.89
_43157_,44.89
scaled_scores\[17\]\[3\],44.88
scaled_scores\[8\]\[5\],44.88
net681,44.88
_28058_,44.86
_32148_,44.82
_33375_,44.82
_40760_,44.82
q\[86\]\[3\],44.82
_09751_,44.8
_27762_,44.8
_33310_,44.76
_28195_,44.72
_00227_,44.7
_09370_,44.7
_32064_,44.7
_14456_,44.66
_33232_,44.66
clknet_leaf_796_clk,44.66
clknet_leaf_794_clk,44.64
_20353_,44.6
_29230_,44.6
scaled_scores\[60\]\[0\],44.6
scaled_scores\[60\]\[5\],44.6
_19092_,44.58
_33196_,44.58
scaled_scores\[9\]\[16\],44.56
net682,44.54
u_score_dp.mac_gen\[5\].u_mac.accum_out\[1\],44.51
_21089_,44.49
_09551_,44.48
scaled_scores\[1\]\[13\],44.48
_29965_,44.46
_31018_,44.46
_31235_,44.46
_32779_,44.46
clknet_leaf_728_clk,44.46
_37626_,44.44
_44214_,44.44
_38250_,44.43
_27602_,44.42
_09427_,44.4
_09567_,44.36
_09606_,44.36
_23458_,44.36
_38300_,44.36
u_score_dp.mac_gen\[3\].u_mac.accum_out\[10\],44.36
u_weighted_dp.mac_gen\[6\].u_mac.accum_out\[1\],44.36
_27472_,44.34
_32254_,44.34
_35289_,44.34
_40025_,44.34
_09737_,44.32
u_score_dp.mac_gen\[4\].u_mac.accum_out\[5\],44.26
u_weighted_dp.mac_gen\[2\].u_mac.accum_out\[16\],44.26
_09692_,44.24
_30918_,44.24
_28926_,44.22
_32883_,44.22
_33559_,44.22
_07550_,44.16
_26335_,44.14
_33867_,44.14
_07537_,44.135
clknet_leaf_439_clk,44.135
_09208_,44.12
_09411_,44.12
_09605_,44.12
_09765_,44.12
_37733_,44.12
net344,44.12
clknet_leaf_725_clk,44.12
_33319_,44.11
_21681_,44.1
_26931_,44.1
_20311_,44.08
_23579_,44.08
_39333_,44.08
_39979_,44.08
_40323_,44.08
_34596_,44.06
q\[114\]\[7\],44.06
scaled_scores\[51\]\[2\],44.06
_31004_,44.04
_33276_,44.04
clknet_leaf_83_clk,44.04
_34988_,43.98
_37683_,43.98
_34461_,43.96
_43454_,43.96
_44283_,43.96
scaled_scores\[46\]\[6\],43.945
_23958_,43.94
_14018_,43.93
_26903_,43.92
_10846_,43.9
_38304_,43.9
net2114,43.9
_35704_,43.88
_38015_,43.88
_09392_,43.82
_20389_,43.8
_33570_,43.8
_33879_,43.8
scaled_scores\[48\]\[1\],43.785
_19577_,43.76
_19821_,43.76
sm_cycle\[1\],43.76
q\[118\]\[0\],43.74
_20643_,43.73
_11180_,43.72
_38624_,43.7
_32298_,43.66
scaled_scores\[50\]\[15\],43.66
_35373_,43.64
_37883_,43.64
k\[25\]\[6\],43.64
v\[87\]\[3\],43.64
_23506_,43.63
_20009_,43.61
_40078_,43.6
scaled_scores\[6\]\[11\],43.6
_34046_,43.58
clknet_leaf_764_clk,43.56
v\[32\]\[4\],43.54
_33735_,43.52
_40094_,43.515
_26312_,43.5
_37797_,43.5
_21685_,43.46
_24913_,43.46
_37813_,43.46
_33988_,43.44
_09721_,43.42
scaled_scores\[7\]\[5\],43.405
_37213_,43.4
_09393_,43.38
_09722_,43.38
_09800_,43.38
_29458_,43.37
_20890_,43.36
_26497_,43.36
clknet_leaf_495_clk,43.36
_25027_,43.34
_36415_,43.34
_36896_,43.34
_37389_,43.34
_43424_,43.32
_28025_,43.3
_29395_,43.3
_37044_,43.3
_37157_,43.3
_21934_,43.28
_21092_,43.26
_24097_,43.24
_34165_,43.24
scaled_scores\[34\]\[9\],43.22
u_score_dp.mac_gen\[10\].u_mac.accum_out\[8\],43.22
clknet_leaf_14_clk,43.22
_23959_,43.18
_41906_,43.18
scaled_scores\[26\]\[1\],43.16
scaled_scores\[60\]\[9\],43.16
q\[117\]\[0\],43.14
clknet_leaf_102_clk,43.14
_38622_,43.12
_42119_,43.12
_38817_,43.08
_41175_,43.08
clknet_leaf_678_clk,43.08
_09676_,43.06
_25130_,43.06
_35993_,43.06
_19542_,43.02
_43510_,43.02
u_score_dp.mac_gen\[4\].u_mac.accum_out\[12\],43.005
_29438_,43
_42907_,43
_35306_,42.98
_43476_,42.98
_09621_,42.94
_14231_,42.94
_42910_,42.93
_09738_,42.92
_33858_,42.92
_09596_,42.9
_09752_,42.88
_42208_,42.88
u_weighted_dp.mac_gen\[5\].u_mac.accum_out\[2\],42.88
_38360_,42.85
_24953_,42.84
_30941_,42.84
_26755_,42.82
_38464_,42.82
q\[91\]\[0\],42.805
_25772_,42.8
_27700_,42.8
_33729_,42.78
clknet_leaf_198_clk,42.78
_09391_,42.76
_29171_,42.76
_40620_,42.74
_43441_,42.74
_23157_,42.735
_21889_,42.72
_24493_,42.72
_39630_,42.72
u_score_dp.mac_gen\[10\].u_mac.accum_out\[9\],42.72
u_score_dp.mac_gen\[11\].u_mac.accum_out\[2\],42.72
_24320_,42.7
_34986_,42.7
_32712_,42.68
_20482_,42.64
_27432_,42.62
_41217_,42.58
scaled_scores\[60\]\[1\],42.58
_44094_,42.57
u_weighted_dp.mac_gen\[5\].u_mac.accum_out\[1\],42.57
_13559_,42.54
_26436_,42.54
_33244_,42.54
_33930_,42.54
_42453_,42.54
clknet_leaf_875_clk,42.54
_32616_,42.49
_38261_,42.48
u_weighted_dp.mac_gen\[3\].u_mac.accum_out\[1\],42.48
_09246_,42.46
_12362_,42.46
_25229_,42.46
_36824_,42.46
_39820_,42.46
scaled_scores\[17\]\[6\],42.46
_23852_,42.44
_33690_,42.44
_33760_,42.43
_35532_,42.42
raw_scores\[12\]\[14\],42.42
clknet_leaf_308_clk,42.42
_07597_,42.4
_30386_,42.4
_30684_,42.38
scaled_scores\[9\]\[10\],42.38
u_score_dp.mac_gen\[4\].u_mac.accum_out\[9\],42.38
v\[86\]\[7\],42.38
_36860_,42.34
_21297_,42.32
_22416_,42.32
_25177_,42.32
_29271_,42.32
u_score_dp.mac_gen\[10\].u_mac.accum_out\[13\],42.3
_19887_,42.26
_31639_,42.26
_43041_,42.26
clknet_leaf_313_clk,42.26
_23409_,42.24
_27130_,42.24
scaled_scores\[55\]\[17\],42.24
clknet_leaf_470_clk,42.24
_25067_,42.22
u_score_dp.mac_gen\[13\].u_mac.accum_out\[1\],42.22
u_score_dp.mac_gen\[1\].u_mac.accum_out\[0\],42.21
_21872_,42.2
_38526_,42.2
_43399_,42.2
_38252_,42.18
_13795_,42.16
_33208_,42.14
_43790_,42.14
u_score_dp.mac_gen\[1\].u_mac.accum_out\[2\],42.14
_23125_,42.12
_13487_,42.08
_20050_,42.08
_36627_,42.06
_25080_,42.04
_38198_,42.02
_43537_,42.02
_34845_,42
_09510_,41.96
_27839_,41.96
v\[112\]\[5\],41.96
_09570_,41.94
_15306_,41.94
_39008_,41.94
v\[118\]\[5\],41.94
_37510_,41.92
_27886_,41.88
_37620_,41.88
_09616_,41.86
_38449_,41.86
clknet_6_27_0_clk,41.83
scaled_scores\[27\]\[7\],41.82
_29113_,41.8
_34653_,41.8
scaled_scores\[32\]\[17\],41.8
_09538_,41.74
_34912_,41.73
_09736_,41.72
_41390_,41.72
_35009_,41.7
u_weighted_dp.mac_gen\[3\].u_mac.accum_out\[17\],41.69
_08004_,41.68
_20575_,41.68
_22576_,41.68
_33412_,41.68
q\[25\]\[1\],41.68
_28128_,41.66
_29970_,41.65
q\[85\]\[0\],41.64
_19826_,41.62
_24099_,41.62
clknet_leaf_714_clk,41.62
_36932_,41.6
q\[116\]\[1\],41.6
_11232_,41.58
_23608_,41.58
_22348_,41.56
_39822_,41.56
scaled_scores\[48\]\[0\],41.56
scaled_scores\[10\]\[3\],41.52
_28318_,41.42
_33528_,41.42
scaled_scores\[25\]\[17\],41.42
_14522_,41.4
net7883,41.39
_32803_,41.38
_34500_,41.38
_42780_,41.38
_11141_,41.36
_37021_,41.36
_43146_,41.36
_21219_,41.32
_27675_,41.32
_21541_,41.28
net3446,41.28
_09450_,41.26
_31527_,41.26
_38670_,41.26
_26477_,41.24
_44089_,41.24
_20501_,41.2
_42716_,41.2
_36568_,41.18
_43255_,41.18
_25117_,41.16
_14227_,41.12
_11121_,41.1
_09587_,41.08
_19401_,41.08
_23543_,41.08
_24134_,41.08
_25291_,41.08
u_score_dp.mac_gen\[10\].u_mac.accum_out\[4\],41.05
k\[114\]\[6\],41.04
_35242_,41.03
_09447_,41.02
scaled_scores\[26\]\[7\],41.02
_29854_,40.98
_41140_,40.97
_36271_,40.96
_09435_,40.94
_21353_,40.94
_30729_,40.94
_33786_,40.92
_41005_,40.92
_41455_,40.92
_09043_,40.9
scaled_scores\[40\]\[15\],40.9
_33140_,40.845
_13435_,40.82
_37867_,40.82
_43178_,40.805
_38594_,40.8
scaled_scores\[31\]\[6\],40.8
_09631_,40.78
clknet_leaf_48_clk,40.78
_27544_,40.765
_08104_,40.76
_19315_,40.76
_19548_,40.74
_34276_,40.74
scaled_scores\[51\]\[6\],40.74
_31003_,40.72
_34255_,40.72
_32754_,40.715
_09237_,40.7
_09586_,40.7
_14064_,40.68
_19201_,40.68
_19990_,40.68
_21506_,40.68
_33007_,40.68
_39232_,40.68
_11148_,40.66
_24746_,40.66
_33535_,40.56
_36238_,40.54
scaled_scores\[17\]\[10\],40.54
_20665_,40.52
_39009_,40.52
scaled_scores\[0\]\[6\],40.52
_22833_,40.5
_36128_,40.5
_08491_,40.48
_38203_,40.48
_40027_,40.47
scaled_scores\[40\]\[4\],40.46
_09466_,40.44
_19740_,40.44
_32805_,40.44
_41535_,40.44
_37033_,40.43
_39686_,40.42
_43431_,40.42
u_score_dp.mac_gen\[4\].u_mac.accum_out\[10\],40.42
_09148_,40.36
_35078_,40.36
_38143_,40.36
_35474_,40.34
_08570_,40.32
scaled_scores\[48\]\[4\],40.32
v\[2\]\[1\],40.32
clknet_leaf_724_clk,40.3
_42818_,40.28
u_weighted_dp.mac_gen\[6\].u_mac.accum_out\[0\],40.28
_09332_,40.24
_30464_,40.24
_38109_,40.235
_32291_,40.22
_39118_,40.205
_15180_,40.2
_36561_,40.2
_39465_,40.2
_40746_,40.2
_28959_,40.18
_29482_,40.18
_25069_,40.16
_09561_,40.14
scaled_scores\[60\]\[8\],40.14
_09196_,40.12
_30132_,40.12
u_weighted_dp.mac_gen\[3\].u_mac.accum_out\[16\],40.12
_13921_,40.1
_34156_,40.1
_35802_,40.09
_09207_,40.08
_09387_,40.06
_11135_,40.06
_29987_,40.06
_43073_,40.06
scaled_scores\[0\]\[5\],40.06
_21163_,40.05
_33934_,40.04
_33873_,40.02
_43439_,40.02
_43567_,40.01
_31774_,40
_34375_,40
_20296_,39.98
_25799_,39.96
_37912_,39.96
_33832_,39.94
_35949_,39.94
_37206_,39.94
clknet_leaf_913_clk,39.94
_20314_,39.92
_33107_,39.92
_33696_,39.92
q\[20\]\[6\],39.92
_23509_,39.9
_26457_,39.9
_27287_,39.9
_38411_,39.885
_21583_,39.86
_23916_,39.86
_40283_,39.86
scaled_scores\[35\]\[9\],39.86
net1927,39.86
_25072_,39.84
_27042_,39.84
_43864_,39.84
_08705_,39.82
_42114_,39.82
scaled_scores\[38\]\[14\],39.82
_27931_,39.78
_30784_,39.78
clknet_leaf_239_clk,39.78
_27003_,39.76
_31852_,39.76
_36816_,39.76
_11236_,39.74
net806,39.74
_09505_,39.72
_20570_,39.72
scaled_scores\[6\]\[7\],39.705
_19852_,39.7
_24521_,39.7
_32567_,39.7
_42750_,39.7
_22692_,39.68
_40102_,39.68
_07635_,39.66
_27696_,39.66
_41747_,39.64
_43154_,39.62
_30524_,39.6
_39428_,39.6
_43799_,39.6
k\[69\]\[6\],39.6
_31279_,39.595
_33016_,39.56
_38223_,39.52
scaled_scores\[63\]\[8\],39.52
_38576_,39.5
u_score_dp.mac_gen\[10\].u_mac.accum_out\[2\],39.5
_23396_,39.48
_43195_,39.48
scaled_scores\[34\]\[14\],39.48
_23522_,39.475
_11161_,39.46
_24451_,39.46
_33181_,39.46
_35764_,39.44
_26762_,39.42
_43027_,39.42
_14533_,39.4
clknet_leaf_111_clk,39.4
scaled_scores\[37\]\[14\],39.39
_24744_,39.36
clknet_leaf_731_clk,39.36
_37128_,39.34
scaled_scores\[8\]\[17\],39.32
_35485_,39.3
_42798_,39.3
_09248_,39.28
_35051_,39.26
_13509_,39.24
_43033_,39.23
scaled_scores\[54\]\[0\],39.2
u_score_dp.mac_gen\[10\].u_mac.accum_out\[0\],39.18
_08287_,39.16
_10838_,39.16
_22136_,39.16
_28170_,39.16
_09406_,39.14
_12075_,39.14
_40716_,39.13
_09650_,39.12
_23869_,39.12
_44113_,39.12
scaled_scores\[51\]\[1\],39.12
_42094_,39.08
scaled_scores\[1\]\[5\],39.08
v\[12\]\[2\],39.08
clknet_leaf_177_clk,39.08
net761,39.07
_40472_,39.04
_08371_,39
_34506_,38.98
_30178_,38.96
u_score_dp.mac_gen\[14\].u_mac.accum_out\[0\],38.95
_19328_,38.94
_35633_,38.94
scaled_scores\[59\]\[6\],38.94
clknet_leaf_409_clk,38.94
_31769_,38.92
_34482_,38.92
_22122_,38.9
_25563_,38.9
_29812_,38.9
_33619_,38.9
v\[2\]\[5\],38.9
_43429_,38.88
scaled_scores\[18\]\[0\],38.86
_25658_,38.82
_42183_,38.82
_28012_,38.8
_32099_,38.8
_32132_,38.8
_08643_,38.78
_38495_,38.78
_26305_,38.76
_37641_,38.74
_42075_,38.74
_29190_,38.72
_30521_,38.715
_35074_,38.71
_33705_,38.7
_35842_,38.7
_27499_,38.67
_33609_,38.665
scaled_scores\[26\]\[17\],38.64
scaled_scores\[37\]\[2\],38.625
_29675_,38.62
_42851_,38.62
_43910_,38.62
_11136_,38.6
_27887_,38.6
_33523_,38.6
_37073_,38.6
q\[116\]\[5\],38.6
scaled_scores\[60\]\[11\],38.6
_37407_,38.58
_39671_,38.58
_33715_,38.54
_40561_,38.54
scaled_scores\[26\]\[3\],38.54
u_score_dp.mac_gen\[6\].u_mac.accum_out\[0\],38.54
_09414_,38.52
_38451_,38.52
_23580_,38.5
_37496_,38.5
_21593_,38.48
_26273_,38.48
_29294_,38.48
_38138_,38.48
_38244_,38.48
net2370,38.48
_35899_,38.46
_25048_,38.45
_11610_,38.42
_40485_,38.42
_25568_,38.415
_33199_,38.375
_22344_,38.37
_39716_,38.37
_20347_,38.36
_43380_,38.34
clknet_leaf_736_clk,38.33
_40364_,38.32
_36872_,38.28
_39711_,38.28
_34368_,38.26
_09500_,38.24
_26555_,38.24
_35112_,38.24
_36246_,38.24
_20098_,38.22
_08003_,38.2
_19500_,38.2
_31330_,38.16
scaled_scores\[17\]\[16\],38.14
scaled_scores\[18\]\[17\],38.14
_26449_,38.12
_43181_,38.12
_31157_,38.1
_40603_,38.1
_08221_,38.08
_39717_,38.08
scaled_scores\[34\]\[12\],38.08
_32746_,38.04
_39681_,38.04
_19266_,38.02
_23617_,38
_36675_,38
u_weighted_dp.mac_gen\[7\].u_mac.accum_out\[7\],38
_09177_,37.98
_30901_,37.98
clknet_leaf_745_clk,37.96
net2105,37.94
scaled_scores\[52\]\[15\],37.92
_39823_,37.88
net698,37.88
_08713_,37.86
_29913_,37.86
_30906_,37.855
_27720_,37.84
_24169_,37.82
_43895_,37.82
scaled_scores\[6\]\[15\],37.82
_27021_,37.805
_33878_,37.8
_09810_,37.78
_33233_,37.78
_35262_,37.78
_37404_,37.78
scaled_scores\[27\]\[5\],37.78
scaled_scores\[9\]\[11\],37.78
scaled_scores\[12\]\[15\],37.74
_40557_,37.72
_19848_,37.68
_35620_,37.68
_29718_,37.67
_08724_,37.66
_25073_,37.66
_25698_,37.66
_39307_,37.66
scaled_scores\[24\]\[17\],37.66
_33345_,37.64
_36223_,37.64
_37364_,37.64
_44098_,37.6
_30920_,37.58
_32283_,37.58
_37590_,37.58
_08314_,37.57
_10839_,37.56
_21335_,37.56
_23887_,37.56
_28321_,37.56
_31682_,37.56
q\[59\]\[5\],37.555
_27043_,37.54
_32152_,37.54
scaled_scores\[41\]\[3\],37.54
_22357_,37.52
_37856_,37.52
_38329_,37.51
_34520_,37.5
_43590_,37.5
_21156_,37.48
scaled_scores\[59\]\[3\],37.48
_42860_,37.46
out\[18\]\[2\],37.46
u_score_dp.mac_gen\[13\].u_mac.accum_out\[0\],37.46
_14222_,37.44
_25956_,37.44
_26944_,37.44
_27445_,37.44
_36911_,37.44
net2687,37.44
_07871_,37.42
_25916_,37.42
_30738_,37.42
_34063_,37.42
_38375_,37.4
_20819_,37.395
_32282_,37.38
_13346_,37.36
_19506_,37.36
q\[85\]\[5\],37.36
v\[118\]\[1\],37.36
net1917,37.36
_20208_,37.35
scaled_scores\[24\]\[10\],37.34
scaled_scores\[26\]\[6\],37.34
v\[33\]\[5\],37.325
_22865_,37.32
_33913_,37.32
_44096_,37.32
_30127_,37.3
_37887_,37.3
_25877_,37.28
_13310_,37.27
_33424_,37.26
_35230_,37.26
_14458_,37.24
_21928_,37.24
_41191_,37.24
_34923_,37.22
_07869_,37.2
_22570_,37.2
_33939_,37.2
_30809_,37.18
_23319_,37.16
_24546_,37.16
_36078_,37.16
_38213_,37.16
_40749_,37.14
_30147_,37.13
_39916_,37.12
_22584_,37.105
_23512_,37.105
_08411_,37.1
_09023_,37.1
_19094_,37.1
_23370_,37.1
_33366_,37.1
u_score_dp.mac_gen\[1\].u_mac.accum_out\[4\],37.095
_07768_,37.08
_09496_,37.08
_11169_,37.08
_28889_,37.08
_36887_,37.08
_33335_,37.07
_13758_,37.06
_25788_,37.045
_08580_,37.04
_26676_,37.04
_08594_,37.02
_19452_,37.02
_32025_,37.02
_33396_,37.02
_33498_,37.02
_37998_,37.02
_38788_,37.02
_09180_,37
_10813_,36.98
_38496_,36.98
_33297_,36.97
_35496_,36.94
scaled_scores\[26\]\[13\],36.92
_33646_,36.91
_21536_,36.9
_35426_,36.9
net880,36.9
_34575_,36.89
_09264_,36.88
_20142_,36.88
_24874_,36.88
_26272_,36.86
_38584_,36.86
_41979_,36.84
_37430_,36.82
clknet_leaf_355_clk,36.8
_07601_,36.78
net374,36.76
_38128_,36.74
out\[69\]\[1\],36.74
_34094_,36.735
_20596_,36.73
_37728_,36.72
_37233_,36.68
scaled_scores\[38\]\[8\],36.68
_24407_,36.665
_09243_,36.66
scaled_scores\[9\]\[5\],36.66
_13790_,36.64
_21939_,36.64
_38684_,36.64
_27942_,36.62
_11120_,36.6
_32173_,36.6
_43145_,36.6
_19716_,36.58
_29532_,36.58
_09259_,36.54
_09451_,36.54
_10989_,36.53
_11164_,36.52
_28804_,36.52
v\[2\]\[3\],36.52
_34668_,36.515
out_col\[0\],36.48
_07609_,36.46
_40814_,36.46
_25469_,36.45
_07634_,36.44
_25473_,36.44
_39147_,36.44
_39358_,36.44
_41204_,36.44
_34557_,36.43
_40618_,36.42
net7409,36.42
_39844_,36.41
scaled_scores\[21\]\[7\],36.4
_08172_,36.32
_20711_,36.32
_25930_,36.32
_33662_,36.32
_35269_,36.32
_40983_,36.32
_25005_,36.315
_19862_,36.3
_33483_,36.28
scaled_scores\[18\]\[3\],36.28
_09465_,36.26
_25931_,36.26
_26797_,36.26
_30955_,36.26
scaled_scores\[49\]\[14\],36.26
net1981,36.26
_11495_,36.24
_24825_,36.24
_25432_,36.24
_29836_,36.24
scaled_scores\[17\]\[17\],36.24
scaled_scores\[53\]\[6\],36.24
_19618_,36.22
raw_scores\[39\]\[19\],36.2
net1864,36.2
_21590_,36.18
_28116_,36.18
_27688_,36.16
_31597_,36.16
_33996_,36.16
_36934_,36.16
_38131_,36.16
scaled_scores\[31\]\[8\],36.16
_40536_,36.15
_08681_,36.14
_35089_,36.14
scaled_scores\[37\]\[15\],36.14
_28299_,36.13
_09780_,36.12
_19322_,36.12
_22962_,36.12
_25725_,36.1
_32049_,36.1
_33517_,36.1
_09198_,36.08
_23769_,36.08
_32085_,36.08
_39112_,36.08
scaled_scores\[60\]\[15\],36.08
_38337_,36.07
_28273_,36.06
_33477_,36.055
_20470_,36.04
_33796_,36.04
_39215_,36.04
_24276_,36.02
_29582_,36.02
_40519_,36
_43173_,36
_21817_,35.98
_33130_,35.98
clknet_leaf_727_clk,35.98
_20733_,35.96
_31932_,35.96
_32906_,35.96
net6300,35.96
scaled_scores\[36\]\[0\],35.945
_41339_,35.94
scaled_scores\[25\]\[16\],35.94
scaled_scores\[52\]\[0\],35.94
_07630_,35.92
_19237_,35.92
_27939_,35.92
_29975_,35.9
_43526_,35.9
scaled_scores\[37\]\[10\],35.88
_33228_,35.87
_25250_,35.86
_34765_,35.86
_28153_,35.84
_32801_,35.84
scaled_scores\[9\]\[13\],35.84
u_weighted_dp.mac_gen\[5\].u_mac.accum_out\[17\],35.84
_27846_,35.81
_26553_,35.8
_37025_,35.8
_32149_,35.78
_35334_,35.78
_39310_,35.78
_40839_,35.74
scaled_scores\[23\]\[8\],35.74
_07774_,35.72
_37925_,35.72
scaled_scores\[37\]\[5\],35.72
_08130_,35.7
scaled_scores\[33\]\[14\],35.7
_24878_,35.68
_35806_,35.68
_40476_,35.68
_19421_,35.64
clknet_leaf_420_clk,35.64
_34843_,35.63
_25617_,35.62
out\[77\]\[7\],35.62
_27371_,35.58
_09271_,35.56
_23779_,35.56
_33308_,35.56
_43175_,35.56
_09485_,35.54
_25159_,35.54
_30867_,35.54
_10853_,35.52
_13307_,35.52
_22558_,35.52
_40459_,35.52
scaled_scores\[17\]\[5\],35.52
_40067_,35.48
_09258_,35.46
_31282_,35.46
scaled_scores\[26\]\[9\],35.46
net1901,35.46
_42748_,35.44
_08587_,35.42
clknet_leaf_929_clk,35.42
_21783_,35.415
_21264_,35.38
_36077_,35.38
u_score_dp.mac_gen\[0\].u_mac.accum_out\[0\],35.38
_32050_,35.34
_38519_,35.34
_14074_,35.31
_21009_,35.3
_22123_,35.3
_37442_,35.3
scaled_scores\[30\]\[6\],35.3
_23704_,35.28
_32203_,35.28
_40600_,35.28
clknet_leaf_720_clk,35.27
_14076_,35.26
_32020_,35.26
u_weighted_dp.mac_gen\[3\].u_mac.accum_out\[15\],35.26
_27444_,35.25
_41433_,35.24
_24158_,35.22
_29697_,35.22
_33899_,35.22
scaled_scores\[62\]\[17\],35.22
clknet_leaf_361_clk,35.22
_14143_,35.18
_19346_,35.18
_32891_,35.18
_08558_,35.175
_25726_,35.16
_30008_,35.16
_30448_,35.16
scaled_scores\[32\]\[16\],35.145
_33430_,35.14
clknet_leaf_705_clk,35.14
q\[31\]\[6\],35.12
_24130_,35.11
clknet_leaf_107_clk,35.11
_35174_,35.1
scaled_scores\[56\]\[14\],35.1
_28274_,35.08
_09244_,35.06
_21183_,35.06
_38790_,35.06
_43070_,35.06
out\[126\]\[6\],35.06
_22064_,35.04
_37978_,35.04
_09067_,35.02
_31243_,35.02
_31801_,35
u_score_dp.mac_gen\[15\].u_mac.accum_out\[1\],35
out\[9\]\[4\],34.97
_26396_,34.96
_31739_,34.96
_10852_,34.94
_21545_,34.92
_23405_,34.92
_26492_,34.92
_28450_,34.92
_41870_,34.92
scaled_scores\[0\]\[14\],34.92
_24505_,34.9
_24815_,34.9
_34404_,34.9
_21396_,34.88
_23356_,34.88
_29356_,34.88
_32848_,34.88
scaled_scores\[51\]\[0\],34.88
scaled_scores\[61\]\[10\],34.88
_19473_,34.86
_22958_,34.84
_39818_,34.84
_09437_,34.82
_09559_,34.82
_24270_,34.82
_38859_,34.82
_41193_,34.82
_43077_,34.82
_28081_,34.8
_29745_,34.8
_30041_,34.8
scaled_scores\[47\]\[1\],34.8
_32234_,34.76
_41068_,34.76
_43997_,34.74
_31105_,34.72
_13915_,34.71
_39684_,34.7
out\[29\]\[0\],34.7
u_score_dp.mac_gen\[4\].u_mac.accum_out\[8\],34.685
_09452_,34.68
_28400_,34.68
_34521_,34.68
_38589_,34.68
clknet_leaf_698_clk,34.68
_22785_,34.66
_23723_,34.66
_24559_,34.66
_19376_,34.65
q\[91\]\[2\],34.645
_40473_,34.64
_43285_,34.64
out\[29\]\[1\],34.64
scaled_scores\[17\]\[8\],34.64
_30135_,34.62
_33482_,34.62
_35321_,34.6
_38277_,34.6
_44170_,34.6
_20478_,34.58
_13347_,34.56
_20121_,34.56
_32444_,34.56
_33753_,34.555
_30698_,34.54
_43327_,34.54
_13923_,34.535
_22444_,34.52
_28388_,34.52
k\[7\]\[4\],34.52
_22510_,34.51
_36256_,34.5
_37519_,34.5
_11116_,34.48
_36721_,34.48
_40605_,34.48
_37613_,34.46
_44221_,34.46
_30259_,34.45
_30414_,34.44
u_score_dp.mac_gen\[4\].u_mac.accum_out\[11\],34.44
_27668_,34.42
_27944_,34.42
_44260_,34.4
_23611_,34.38
_44047_,34.38
_36405_,34.37
_39076_,34.37
_28065_,34.34
_07765_,34.33
_26391_,34.32
_33804_,34.32
_36257_,34.32
_41436_,34.32
_42679_,34.32
_19599_,34.305
_23002_,34.3
_28216_,34.3
_31324_,34.3
_33380_,34.3
_34419_,34.3
q\[22\]\[0\],34.3
scaled_scores\[35\]\[5\],34.3
_41398_,34.295
_14383_,34.28
_29898_,34.28
_42045_,34.28
_21281_,34.27
_20404_,34.26
_31429_,34.26
_20667_,34.25
_24193_,34.24
_35398_,34.24
_37854_,34.23
_23169_,34.22
_37451_,34.22
_34068_,34.2
_40017_,34.2
_15651_,34.18
_25165_,34.18
_25985_,34.18
_39199_,34.18
_40879_,34.17
_43520_,34.16
net7887,34.16
_08329_,34.14
_23035_,34.14
_32744_,34.14
_42947_,34.14
net1947,34.14
_08160_,34.12
_09181_,34.12
_20155_,34.1
_23817_,34.1
_35115_,34.1
_37326_,34.1
_39139_,34.1
out\[109\]\[2\],34.1
v\[2\]\[0\],34.1
_28922_,34.08
_34079_,34.08
_42515_,34.08
_26861_,34.075
_31063_,34.06
_35412_,34.05
_07878_,34.04
_28823_,34.04
_38355_,34.04
scaled_scores\[20\]\[9\],34.04
_21649_,34
_23846_,34
net1913,34
_20055_,33.98
_21196_,33.98
_21292_,33.96
_43975_,33.96
_27792_,33.94
_29025_,33.94
_35656_,33.94
_38826_,33.94
_09375_,33.92
_28421_,33.92
scaled_scores\[29\]\[7\],33.92
_09623_,33.9
_29452_,33.9
_09227_,33.88
clknet_leaf_722_clk,33.88
clknet_leaf_841_clk,33.88
_08245_,33.86
_21393_,33.86
_40507_,33.86
_09226_,33.84
_24763_,33.84
_24860_,33.84
_27698_,33.84
_39705_,33.84
_21505_,33.82
_41553_,33.82
_38256_,33.81
_09049_,33.8
_35327_,33.8
_09785_,33.78
scaled_scores\[53\]\[13\],33.78
clknet_leaf_155_clk,33.78
_08276_,33.775
_25415_,33.76
_23707_,33.74
scaled_scores\[26\]\[16\],33.74
net2154,33.74
scaled_scores\[30\]\[4\],33.72
_09206_,33.7
_11144_,33.7
_31088_,33.68
scaled_scores\[1\]\[12\],33.66
_35293_,33.64
_37087_,33.64
_40284_,33.64
out_col\[3\],33.64
q\[123\]\[0\],33.64
_20583_,33.635
_23843_,33.62
_23966_,33.62
_32481_,33.62
_19558_,33.61
_33548_,33.6
_38450_,33.6
out_col\[2\],33.6
_25946_,33.56
_36108_,33.56
_35335_,33.55
_10254_,33.54
_26243_,33.54
_42043_,33.54
_08457_,33.52
_38632_,33.52
_09668_,33.5
_11117_,33.5
_22074_,33.5
_34379_,33.49
_08474_,33.48
_34976_,33.48
_36020_,33.48
_08339_,33.46
_09627_,33.46
_10755_,33.46
_21094_,33.46
_21096_,33.46
_33458_,33.46
_08670_,33.44
_09239_,33.44
_35336_,33.44
_14492_,33.42
_22689_,33.42
_34095_,33.42
_37500_,33.42
_42296_,33.42
_43182_,33.42
_44114_,33.42
_10830_,33.4
_20075_,33.4
_37281_,33.4
_40607_,33.4
_42648_,33.4
_42856_,33.4
_19531_,33.38
_21959_,33.38
_34710_,33.38
_39363_,33.365
_21438_,33.36
_26323_,33.34
clknet_leaf_225_clk,33.335
_33138_,33.32
_10825_,33.3
_35338_,33.3
_38017_,33.3
_11234_,33.28
_28059_,33.28
_40502_,33.28
_38431_,33.26
_41297_,33.26
scaled_scores\[14\]\[7\],33.26
_09750_,33.24
_09795_,33.24
_20842_,33.22
scaled_scores\[26\]\[14\],33.22
_23330_,33.2
_28253_,33.2
_33655_,33.19
_34559_,33.19
_19899_,33.18
_33166_,33.18
_33443_,33.17
_23029_,33.16
_31986_,33.16
_20166_,33.14
_41995_,33.1
k\[86\]\[1\],33.1
scaled_scores\[60\]\[4\],33.1
_36904_,33.085
_32178_,33.08
_29584_,33.06
out\[29\]\[2\],33.06
scaled_scores\[8\]\[6\],33.04
_21728_,33.02
scaled_scores\[17\]\[9\],33.02
_27734_,33.015
_09625_,33
_09652_,33
_26686_,32.98
_37516_,32.98
_28488_,32.975
v\[33\]\[2\],32.965
_32201_,32.96
_21779_,32.94
_32932_,32.94
_41955_,32.94
_22395_,32.935
_35765_,32.93
_24731_,32.92
_25476_,32.92
_31657_,32.92
_37866_,32.92
_39343_,32.92
v\[117\]\[4\],32.92
u_score_dp.mac_gen\[9\].u_mac.accum_out\[1\],32.91
_13667_,32.9
_24482_,32.9
_25628_,32.9
_26649_,32.9
_33902_,32.88
_35065_,32.88
_37601_,32.88
_41755_,32.88
_08735_,32.86
_13937_,32.86
_30139_,32.86
_33698_,32.84
_35452_,32.83
_31838_,32.82
_33037_,32.82
k\[105\]\[4\],32.82
_08338_,32.8
_21080_,32.8
_32397_,32.8
_38443_,32.8
scaled_scores\[59\]\[17\],32.8
_34509_,32.795
_11035_,32.78
_41019_,32.78
scaled_scores\[16\]\[6\],32.78
_23046_,32.76
_42887_,32.76
_43897_,32.76
_29027_,32.75
_21242_,32.74
_41008_,32.74
scaled_scores\[53\]\[17\],32.72
_29968_,32.7
_39195_,32.7
_28855_,32.68
_20240_,32.66
_23145_,32.66
_44187_,32.66
q\[83\]\[5\],32.66
_41159_,32.65
v\[32\]\[7\],32.645
_23009_,32.62
_33479_,32.62
_38692_,32.62
_08664_,32.6
_09546_,32.6
_25001_,32.6
_25559_,32.6
_26696_,32.6
_30911_,32.6
_08471_,32.58
_21269_,32.58
_25211_,32.58
_38170_,32.58
u_score_dp.mac_gen\[11\].u_mac.accum_out\[1\],32.58
scaled_scores\[60\]\[12\],32.57
_08852_,32.56
_09233_,32.54
_13306_,32.52
_28357_,32.52
_33383_,32.52
_07571_,32.5
_23901_,32.5
_24885_,32.5
_36204_,32.5
_37583_,32.5
net357,32.49
_31637_,32.48
_33349_,32.48
_13973_,32.46
_34852_,32.46
_43310_,32.46
q\[116\]\[3\],32.46
scaled_scores\[10\]\[4\],32.46
_28007_,32.45
_27497_,32.44
_09550_,32.42
_25666_,32.42
_26882_,32.42
_37299_,32.42
_38125_,32.42
_26225_,32.4
_42948_,32.4
net7889,32.4
_25478_,32.38
_33139_,32.38
_35933_,32.38
_37165_,32.38
_37440_,32.38
_29178_,32.35
_21767_,32.34
_34973_,32.34
scaled_scores\[27\]\[1\],32.34
scaled_scores\[4\]\[1\],32.34
_08419_,32.32
_11186_,32.32
_26239_,32.32
_26953_,32.3
_34597_,32.3
_20512_,32.275
_10811_,32.26
_22541_,32.26
_22876_,32.26
_26638_,32.26
_29342_,32.26
_09776_,32.24
_39448_,32.24
u_score_dp.mac_gen\[15\].u_mac.accum_out\[0\],32.24
_23573_,32.22
_24732_,32.22
_28937_,32.22
_35667_,32.22
k\[101\]\[6\],32.22
v\[12\]\[0\],32.22
_20094_,32.21
_33866_,32.2
scaled_scores\[14\]\[9\],32.19
_09806_,32.18
_27015_,32.18
_09766_,32.16
_29803_,32.16
_11209_,32.14
k\[82\]\[6\],32.14
_27127_,32.12
_34674_,32.12
_37588_,32.12
_39468_,32.1
_41894_,32.1
_09445_,32.08
_20222_,32.08
_21917_,32.08
_30346_,32.06
clknet_leaf_357_clk,32.06
_07759_,32.04
_23516_,32.04
_25035_,32.04
_27014_,32.04
_33353_,32.04
clknet_leaf_704_clk,32.04
_24963_,32.02
_44154_,32.02
_31178_,32
scaled_scores\[26\]\[0\],32
_27182_,31.98
_32798_,31.98
_41236_,31.98
_09218_,31.96
scaled_scores\[9\]\[15\],31.96
_09328_,31.92
_21842_,31.92
_08184_,31.9
_09536_,31.9
raw_scores\[33\]\[13\],31.9
_09236_,31.88
_39841_,31.88
_39369_,31.87
_21865_,31.84
_38561_,31.84
q\[70\]\[5\],31.84
u_score_dp.mac_gen\[9\].u_mac.accum_out\[0\],31.82
_09453_,31.8
_29326_,31.78
_08290_,31.76
_40713_,31.76
_35351_,31.75
_40779_,31.74
scaled_scores\[54\]\[3\],31.74
net2374,31.74
_21580_,31.72
q\[30\]\[3\],31.72
_23022_,31.7
_25514_,31.7
_32145_,31.7
_32230_,31.7
_34501_,31.7
_39061_,31.7
clknet_leaf_238_clk,31.7
clknet_leaf_697_clk,31.7
_36373_,31.68
_39261_,31.68
_39775_,31.68
_42010_,31.68
_22350_,31.66
_25133_,31.66
_28531_,31.66
_37840_,31.66
_26706_,31.64
_13840_,31.62
_21652_,31.62
_24478_,31.62
_20110_,31.61
_38021_,31.6
_09816_,31.58
_21082_,31.58
_25330_,31.58
_09194_,31.56
_44031_,31.56
net415,31.56
_26885_,31.54
_32257_,31.54
_37903_,31.54
_40265_,31.54
_41761_,31.53
_35332_,31.525
_13278_,31.52
_31339_,31.52
_38551_,31.52
net6098,31.52
_24817_,31.5
_33600_,31.485
_27545_,31.48
_36388_,31.48
_09225_,31.46
_42823_,31.46
scaled_scores\[18\]\[2\],31.46
u_score_dp.mac_gen\[14\].u_mac.accum_out\[1\],31.46
_23615_,31.45
_07972_,31.44
_09656_,31.44
_32899_,31.44
_22493_,31.42
_27062_,31.42
_29256_,31.415
_41178_,31.41
_24010_,31.4
_26458_,31.4
_29305_,31.4
_21502_,31.39
_26532_,31.375
_40248_,31.37
_26173_,31.36
_32456_,31.36
_32799_,31.36
clknet_leaf_844_clk,31.36
_13731_,31.34
_29348_,31.34
_32174_,31.34
_34571_,31.34
_40387_,31.34
_42959_,31.34
raw_scores\[33\]\[5\],31.34
_19980_,31.32
_32607_,31.32
scaled_scores\[41\]\[9\],31.3
_19774_,31.28
_38847_,31.28
_08721_,31.26
_22742_,31.26
_30051_,31.26
_34560_,31.26
_35847_,31.26
scaled_scores\[33\]\[12\],31.26
_38856_,31.25
_38178_,31.24
_40007_,31.24
_19279_,31.22
_19735_,31.22
_20714_,31.22
_22917_,31.22
_19552_,31.21
u_score_dp.mac_gen\[10\].u_mac.accum_out\[15\],31.21
_26429_,31.2
_32041_,31.2
u_weighted_dp.mac_gen\[3\].u_mac.accum_out\[2\],31.19
_22414_,31.18
_08144_,31.16
_30317_,31.16
q\[31\]\[2\],31.16
scaled_scores\[56\]\[15\],31.15
_38336_,31.14
_25246_,31.12
q\[29\]\[3\],31.12
_27607_,31.1
_41310_,31.1
_41539_,31.1
_27290_,31.08
_28159_,31.08
_44136_,31.06
k\[37\]\[6\],31.06
scaled_scores\[56\]\[1\],31.06
_35831_,31.04
_08098_,31.025
_31470_,31.02
_37862_,31.02
_41047_,31.02
_24881_,31
_31130_,31
scaled_scores\[25\]\[0\],31
_19550_,30.98
_33918_,30.98
_35805_,30.98
_24683_,30.96
_42153_,30.96
_42570_,30.96
_43498_,30.95
_26066_,30.945
_23161_,30.94
_37513_,30.94
_08439_,30.92
_21426_,30.92
_23889_,30.92
_24100_,30.92
_35832_,30.92
_43545_,30.92
_43957_,30.92
_29530_,30.9
net1881,30.9
scaled_scores\[36\]\[3\],30.885
_13917_,30.88
_21919_,30.88
_13650_,30.875
_26294_,30.86
_40340_,30.86
_13258_,30.84
_34631_,30.84
_39629_,30.84
_40776_,30.84
out\[125\]\[7\],30.84
_41379_,30.82
_09525_,30.8
_20384_,30.8
scaled_scores\[26\]\[8\],30.8
_42903_,30.79
_23311_,30.78
_24883_,30.78
_35430_,30.77
_07812_,30.76
_13481_,30.76
_24653_,30.76
_32130_,30.76
_27589_,30.74
_33221_,30.74
_34007_,30.74
scaled_scores\[7\]\[6\],30.74
_21167_,30.725
_39662_,30.72
_25329_,30.7
_09726_,30.68
_43003_,30.67
_26972_,30.66
_34096_,30.66
scaled_scores\[4\]\[15\],30.66
_07660_,30.64
_30475_,30.64
_32819_,30.64
_40354_,30.64
_08576_,30.62
_11211_,30.62
_19280_,30.62
_19507_,30.62
_13997_,30.61
_27350_,30.6
_37099_,30.6
k\[54\]\[7\],30.6
_27621_,30.58
_42390_,30.575
_11021_,30.56
_20932_,30.56
_39920_,30.56
_19163_,30.55
_20372_,30.54
_20082_,30.52
_22952_,30.52
_38765_,30.52
scaled_scores\[37\]\[4\],30.52
v\[115\]\[5\],30.52
_07706_,30.515
_07864_,30.5
_32873_,30.5
_08464_,30.48
_42546_,30.48
_13753_,30.475
_23266_,30.475
_24452_,30.46
_30314_,30.46
_34003_,30.44
_38809_,30.44
scaled_scores\[11\]\[15\],30.44
_33192_,30.435
_09495_,30.42
_24959_,30.42
_35318_,30.42
_36114_,30.42
v\[118\]\[4\],30.42
_26591_,30.4
_38638_,30.38
q\[103\]\[7\],30.38
_11172_,30.36
_19878_,30.36
_36520_,30.36
_09440_,30.34
_14720_,30.34
_24626_,30.34
scaled_scores\[61\]\[13\],30.34
net390,30.34
_31833_,30.32
_36158_,30.32
_38137_,30.32
_43017_,30.32
_31907_,30.3
_07612_,30.28
_09811_,30.28
_21047_,30.28
_23535_,30.28
_26537_,30.28
_27170_,30.28
_40592_,30.28
scaled_scores\[20\]\[8\],30.28
scaled_scores\[39\]\[4\],30.28
_28111_,30.26
_32084_,30.26
_26075_,30.22
_33871_,30.22
_40238_,30.22
out\[18\]\[7\],30.22
_19252_,30.2
_29228_,30.2
_36488_,30.2
_40609_,30.2
_41020_,30.2
_42170_,30.2
_38846_,30.19
_13664_,30.16
_23876_,30.16
_25362_,30.16
_27112_,30.16
_19498_,30.14
_27007_,30.14
_10654_,30.13
_25272_,30.12
_27694_,30.12
_30037_,30.12
_34494_,30.12
_41473_,30.12
_43257_,30.12
_20327_,30.1
_32423_,30.1
_33610_,30.1
_40239_,30.1
q\[53\]\[0\],30.1
net1671,30.1
_08008_,30.08
_22172_,30.08
_31150_,30.08
_34048_,30.08
_43802_,30.08
_44106_,30.08
_22424_,30.06
_32312_,30.06
_40119_,30.06
clknet_leaf_770_clk,30.06
_22003_,30.04
_31861_,30.04
_39909_,30.04
_33626_,30.02
_27724_,30.01
_20123_,30
_22479_,30
_40866_,30
scaled_scores\[4\]\[12\],30
_40369_,29.99
_14306_,29.98
_21931_,29.98
_25635_,29.98
_26901_,29.98
_43517_,29.98
_24316_,29.97
_22351_,29.96
_29834_,29.96
net5790,29.96
_10051_,29.94
_22398_,29.94
_38340_,29.94
_40657_,29.94
_33403_,29.92
_34549_,29.92
_39164_,29.92
_22717_,29.9
_38414_,29.9
scaled_scores\[36\]\[8\],29.885
_26909_,29.88
_27217_,29.88
_32973_,29.88
_43496_,29.88
scaled_scores\[52\]\[14\],29.88
_22834_,29.875
v\[33\]\[0\],29.865
_35695_,29.86
_36843_,29.86
v\[117\]\[3\],29.86
_32286_,29.84
_38642_,29.84
_39390_,29.84
_20220_,29.835
_14521_,29.82
_31259_,29.82
_43581_,29.82
q\[118\]\[3\],29.82
_11182_,29.8
_32380_,29.8
_34869_,29.8
net7888,29.8
_21585_,29.78
_09556_,29.76
_19517_,29.76
_22812_,29.76
_28150_,29.76
_38180_,29.76
_19545_,29.755
_19270_,29.74
scaled_scores\[63\]\[11\],29.74
clknet_leaf_352_clk,29.74
sm_cycle\[3\],29.72
_09443_,29.7
_25700_,29.7
_33601_,29.7
_41451_,29.7
scaled_scores\[31\]\[13\],29.7
_25325_,29.68
_07561_,29.67
_28424_,29.67
_28389_,29.66
_35007_,29.66
net267,29.66
_09104_,29.64
_09210_,29.64
_29689_,29.64
_31824_,29.64
_33617_,29.64
u_score_dp.mac_gen\[11\].u_mac.accum_out\[0\],29.63
_08727_,29.62
_19555_,29.62
_23391_,29.62
_22032_,29.6
_43577_,29.6
_11145_,29.58
_26353_,29.58
_42553_,29.58
_14498_,29.555
_22636_,29.54
_22878_,29.54
_29009_,29.54
_34381_,29.54
_38269_,29.54
_41078_,29.54
_31103_,29.52
_43160_,29.52
_21364_,29.515
_29394_,29.5
_29863_,29.5
_31984_,29.5
_19560_,29.48
_40706_,29.48
scaled_scores\[56\]\[0\],29.48
v\[112\]\[6\],29.46
_24241_,29.44
_25826_,29.44
q\[95\]\[4\],29.44
_09350_,29.42
_37851_,29.42
_09365_,29.4
_23721_,29.4
_26548_,29.4
_40845_,29.38
_09266_,29.36
_19416_,29.36
_33926_,29.36
_21240_,29.34
raw_scores\[7\]\[16\],29.34
_10691_,29.32
_22913_,29.32
v\[80\]\[6\],29.32
net329,29.32
_13939_,29.315
_24692_,29.31
_25385_,29.3
_39778_,29.3
_41308_,29.3
_24008_,29.29
_39033_,29.29
_09310_,29.28
_26412_,29.28
_27409_,29.28
_30463_,29.28
_08271_,29.26
_09501_,29.26
_22508_,29.26
_23626_,29.26
_24969_,29.26
_38226_,29.26
scaled_scores\[26\]\[12\],29.24
_26020_,29.22
_08142_,29.2
_10414_,29.2
_13893_,29.2
_31575_,29.2
_20230_,29.18
_32357_,29.18
_33574_,29.18
_33581_,29.18
_41461_,29.18
out\[111\]\[3\],29.18
_26070_,29.16
_26602_,29.16
_35714_,29.16
_38257_,29.16
_39593_,29.16
_24870_,29.14
_27245_,29.14
_28257_,29.14
_30574_,29.14
_43250_,29.14
_28665_,29.12
_24955_,29.08
_42167_,29.08
_08365_,29.06
_10840_,29.06
_32053_,29.06
_33214_,29.06
_36752_,29.06
_38310_,29.06
_23767_,29.05
_31365_,29.04
_43223_,29.04
_38217_,29.02
_13812_,29
_26146_,29
_26481_,29
_40303_,29
weights\[22\]\[5\],29
scaled_scores\[7\]\[7\],28.985
_07938_,28.98
_23190_,28.98
_33546_,28.98
_41408_,28.98
_44209_,28.98
_19642_,28.96
_21315_,28.96
_29504_,28.96
_40428_,28.96
_35434_,28.94
_40652_,28.94
_31972_,28.935
_27415_,28.93
_43782_,28.92
q\[111\]\[0\],28.92
k\[21\]\[0\],28.91
_18479_,28.9
_20683_,28.9
_30757_,28.9
_25793_,28.88
_28931_,28.88
_29721_,28.88
_30560_,28.88
_35254_,28.88
_19464_,28.86
_34734_,28.86
_40733_,28.86
scaled_scores\[7\]\[8\],28.855
_37015_,28.84
_38844_,28.82
_09428_,28.8
_28587_,28.8
_28893_,28.8
_32793_,28.8
_22499_,28.78
sm_cycle\[0\],28.78
_08321_,28.76
_22775_,28.76
_31626_,28.76
_38268_,28.76
_09184_,28.74
_25518_,28.74
_30696_,28.74
_32852_,28.74
_33917_,28.74
k\[21\]\[1\],28.74
_09716_,28.72
_27861_,28.7
_28309_,28.7
_31211_,28.7
_24077_,28.68
_25096_,28.68
_34543_,28.68
scaled_scores\[54\]\[13\],28.68
_09371_,28.66
_11220_,28.66
_19879_,28.66
_20062_,28.66
_21053_,28.66
_26674_,28.66
_32402_,28.66
_43317_,28.66
_21791_,28.64
_13494_,28.625
_19579_,28.62
_22340_,28.62
_22560_,28.62
_23634_,28.62
_42943_,28.62
q\[21\]\[0\],28.62
_09790_,28.6
_32354_,28.6
_34756_,28.6
_34821_,28.6
_40409_,28.6
_20679_,28.58
_27521_,28.58
_29387_,28.58
_30452_,28.58
scaled_scores\[15\]\[0\],28.58
_09247_,28.56
_13483_,28.56
_25924_,28.56
_34279_,28.54
_40685_,28.54
scaled_scores\[37\]\[16\],28.54
clknet_leaf_316_clk,28.54
_19662_,28.53
_08556_,28.52
_38483_,28.52
_42936_,28.52
_20141_,28.5
_33847_,28.5
_37454_,28.5
u_score_dp.mac_gen\[10\].u_mac.accum_out\[7\],28.5
_19590_,28.48
_20914_,28.48
_22097_,28.48
_22720_,28.48
_38276_,28.46
_42585_,28.46
_21067_,28.45
_21001_,28.44
_30687_,28.44
_35659_,28.44
out\[109\]\[5\],28.44
_21046_,28.42
scaled_scores\[61\]\[14\],28.42
_09768_,28.38
scaled_scores\[35\]\[8\],28.38
net5485,28.38
_19465_,28.36
_36914_,28.36
_43653_,28.36
_27456_,28.34
_28073_,28.34
_42469_,28.34
_23038_,28.32
_31087_,28.32
_30635_,28.3
_40533_,28.3
k\[5\]\[2\],28.3
_19493_,28.28
_25745_,28.28
_26073_,28.28
_26843_,28.28
_29293_,28.28
_33850_,28.28
_38195_,28.28
_40681_,28.28
_41503_,28.28
_32822_,28.26
_11249_,28.24
scaled_scores\[36\]\[6\],28.24
clknet_leaf_734_clk,28.24
_09441_,28.22
_10712_,28.22
_23264_,28.22
_34999_,28.22
_36698_,28.21
_09322_,28.2
_25026_,28.2
_39376_,28.2
_42316_,28.2
_22871_,28.18
_26869_,28.18
_30324_,28.18
_10855_,28.16
_26465_,28.16
_28289_,28.16
_29577_,28.16
_09778_,28.145
_07906_,28.14
_32553_,28.14
_37316_,28.14
_31752_,28.12
_43595_,28.12
q\[25\]\[3\],28.12
_21252_,28.1
_29058_,28.1
_23285_,28.08
_26708_,28.08
_21844_,28.06
_22937_,28.06
_27641_,28.06
_32134_,28.06
_38460_,28.06
scaled_scores\[53\]\[12\],28.06
_22680_,28.05
_09416_,28.045
_11143_,28.04
_39483_,28.04
_41880_,28.04
scaled_scores\[19\]\[7\],28.04
_19711_,28.02
_22574_,28.02
_22769_,28.02
_24457_,28.02
_41414_,28.02
u_score_dp.mac_gen\[4\].u_mac.accum_out\[0\],28.02
_24917_,28
_41471_,28
_42410_,28
_42891_,28
out\[18\]\[5\],28
_13265_,27.98
_28027_,27.98
_29795_,27.98
_41774_,27.98
_08140_,27.975
_24078_,27.96
_25756_,27.96
_33285_,27.96
_34876_,27.96
_39458_,27.96
_20191_,27.94
_23333_,27.94
_25305_,27.94
_26447_,27.94
_29664_,27.94
_34352_,27.92
_36370_,27.92
_42852_,27.92
_30470_,27.91
_22474_,27.9
_26143_,27.9
_29237_,27.9
_29610_,27.9
_30478_,27.9
_34572_,27.9
_09555_,27.88
_09706_,27.88
_14001_,27.88
_26459_,27.88
_33551_,27.88
_43360_,27.88
_43772_,27.88
net351,27.88
q\[82\]\[1\],27.865
_13275_,27.86
_13985_,27.86
_19965_,27.86
_20005_,27.86
_24563_,27.86
_26605_,27.86
_29637_,27.86
_43347_,27.86
out\[39\]\[6\],27.845
_42131_,27.84
_33915_,27.83
_25925_,27.82
_35267_,27.82
_36495_,27.82
_26922_,27.81
_23448_,27.8
_24122_,27.8
_39558_,27.8
_26097_,27.795
_21935_,27.78
_43784_,27.78
net1980,27.78
_35106_,27.76
_32308_,27.74
scaled_scores\[10\]\[6\],27.74
q\[115\]\[5\],27.72
scaled_scores\[18\]\[6\],27.72
_24833_,27.71
_09073_,27.7
_09168_,27.7
_09709_,27.7
_23079_,27.7
_30364_,27.7
v\[113\]\[2\],27.7
_11224_,27.69
_08095_,27.68
_26248_,27.68
_27332_,27.68
_30511_,27.68
_35597_,27.68
scaled_scores\[59\]\[1\],27.68
_11131_,27.66
_21777_,27.66
v\[50\]\[0\],27.66
_39052_,27.64
_44022_,27.64
out\[102\]\[4\],27.64
clknet_leaf_369_clk,27.64
_11147_,27.62
_26802_,27.62
_28821_,27.62
_29725_,27.62
_33211_,27.62
_41743_,27.62
_25301_,27.6
_40212_,27.6
_33590_,27.595
_23725_,27.585
_20477_,27.58
_38248_,27.58
_41457_,27.58
k\[19\]\[6\],27.58
q\[63\]\[4\],27.58
_19912_,27.575
_09349_,27.56
_22790_,27.56
_26408_,27.56
_29284_,27.56
_34992_,27.56
_40123_,27.56
_41599_,27.56
net1781,27.56
_10708_,27.54
_27614_,27.54
_28479_,27.53
_21134_,27.52
_23388_,27.52
_23678_,27.52
_31104_,27.52
weights\[28\]\[7\],27.52
_43377_,27.51
scaled_scores\[5\]\[9\],27.505
_27919_,27.5
_29385_,27.5
_33547_,27.5
_33493_,27.485
_19619_,27.48
_34785_,27.48
_36432_,27.48
_36879_,27.48
_42227_,27.48
_28363_,27.45
_25885_,27.44
_32800_,27.44
_41865_,27.44
_42478_,27.44
scaled_scores\[26\]\[15\],27.44
_41415_,27.425
_38298_,27.42
_08473_,27.4
_20589_,27.4
_37539_,27.38
raw_scores\[22\]\[5\],27.38
q\[90\]\[7\],27.365
scaled_scores\[5\]\[11\],27.365
_20611_,27.36
_25002_,27.36
_30601_,27.36
_39083_,27.36
_41467_,27.36
_20157_,27.32
_24932_,27.32
_35249_,27.32
_35654_,27.32
scaled_scores\[17\]\[14\],27.32
scaled_scores\[1\]\[10\],27.32
_21398_,27.3
_23946_,27.3
_42446_,27.3
_23681_,27.28
_24019_,27.28
_24346_,27.28
scaled_scores\[31\]\[5\],27.28
_23835_,27.26
_29011_,27.26
_29044_,27.26
_32576_,27.26
k\[31\]\[7\],27.26
v\[107\]\[5\],27.26
_35972_,27.25
_28570_,27.24
_41076_,27.24
_36978_,27.23
_09775_,27.22
_23812_,27.22
_33268_,27.22
_38858_,27.22
_09182_,27.2
_09229_,27.2
_14291_,27.2
_23795_,27.2
_35554_,27.2
_37702_,27.2
_40896_,27.2
_43309_,27.2
_24321_,27.18
v\[86\]\[3\],27.18
_20726_,27.16
_20848_,27.16
_37393_,27.16
_26113_,27.155
_14091_,27.14
_24891_,27.14
_27632_,27.14
_41972_,27.14
clknet_leaf_801_clk,27.14
_20709_,27.13
_27712_,27.12
_35411_,27.12
_37609_,27.12
_38945_,27.12
_32210_,27.11
_13513_,27.1
_23450_,27.1
_27164_,27.1
_33062_,27.1
_33314_,27.1
_40969_,27.1
_41292_,27.1
_43690_,27.1
_08504_,27.08
_19203_,27.08
_19649_,27.08
_40334_,27.08
_23363_,27.06
scaled_scores\[26\]\[4\],27.06
scaled_scores\[8\]\[7\],27.06
_11247_,27.04
_26950_,27.04
_19987_,27.02
_29030_,27.02
k\[37\]\[5\],27.02
_13621_,27
_19100_,27
_19925_,27
_33311_,27
_40002_,27
_43344_,27
_10737_,26.98
_25832_,26.98
_26538_,26.98
_33671_,26.98
_39509_,26.98
_44171_,26.98
k\[7\]\[1\],26.98
v\[59\]\[4\],26.98
_23431_,26.96
_24632_,26.96
_26310_,26.96
_26807_,26.96
out\[111\]\[2\],26.96
_22450_,26.94
_35458_,26.94
_35311_,26.93
_21406_,26.92
_27411_,26.92
_23633_,26.9
_24679_,26.9
_34070_,26.9
out\[17\]\[2\],26.9
v\[118\]\[3\],26.9
_21943_,26.88
_23468_,26.88
_30871_,26.88
_39489_,26.86
_43265_,26.86
_14893_,26.84
_21756_,26.84
k\[91\]\[3\],26.84
_25122_,26.82
_31318_,26.82
_38452_,26.82
_40610_,26.82
v\[86\]\[4\],26.82
_09179_,26.8
_20507_,26.8
_42785_,26.8
_32165_,26.79
_20731_,26.78
_32382_,26.78
_34413_,26.78
_37314_,26.78
_41015_,26.78
net7032,26.78
_34170_,26.77
_42405_,26.77
_36283_,26.76
_36440_,26.76
_08937_,26.74
_21402_,26.74
_24656_,26.74
_33975_,26.74
_43907_,26.74
_39059_,26.725
_13369_,26.72
_22593_,26.72
_31787_,26.72
_34518_,26.72
_42262_,26.72
_43174_,26.72
_24150_,26.7
_27446_,26.7
_27592_,26.7
_40643_,26.7
_23414_,26.68
_23797_,26.68
_25268_,26.68
_26647_,26.66
_27053_,26.66
_33991_,26.66
_35194_,26.66
_40651_,26.66
scaled_scores\[35\]\[1\],26.66
_32751_,26.64
_32821_,26.64
_40555_,26.63
_19634_,26.62
_32963_,26.62
_37831_,26.62
_42353_,26.62
_29046_,26.61
_39384_,26.605
_09228_,26.6
_35219_,26.6
_41458_,26.6
q\[127\]\[3\],26.6
clknet_leaf_343_clk,26.6
scaled_scores\[41\]\[6\],26.59
_23627_,26.58
_25036_,26.58
_34361_,26.58
_35011_,26.56
_35446_,26.56
_36903_,26.56
_41519_,26.56
_37758_,26.55
scaled_scores\[47\]\[17\],26.545
_08787_,26.54
_09491_,26.54
_23170_,26.54
_28162_,26.54
_25109_,26.52
_25891_,26.52
_27373_,26.52
_34374_,26.52
_34911_,26.52
_36864_,26.52
_40541_,26.52
_41198_,26.51
_08490_,26.5
_26719_,26.5
_33085_,26.5
_38165_,26.5
q\[84\]\[3\],26.485
_10820_,26.48
_26144_,26.48
_30836_,26.48
_43331_,26.48
scaled_scores\[39\]\[6\],26.48
net2128,26.48
_41017_,26.46
v\[7\]\[0\],26.46
_08263_,26.44
_09321_,26.44
_22505_,26.44
_27881_,26.44
_33687_,26.44
net794,26.44
_29693_,26.435
_32303_,26.42
_42579_,26.42
_40011_,26.41
scaled_scores\[36\]\[14\],26.405
_08110_,26.4
_35384_,26.4
_35407_,26.4
_40381_,26.4
_41803_,26.4
_23089_,26.38
_30085_,26.38
_39481_,26.38
_28472_,26.37
_23895_,26.36
_32982_,26.36
_09324_,26.34
_10413_,26.34
_33701_,26.34
_38762_,26.34
_41521_,26.34
q\[4\]\[7\],26.34
_41947_,26.33
_10357_,26.32
_32092_,26.32
_41842_,26.32
_08057_,26.3
_26856_,26.3
_27894_,26.3
_29236_,26.3
_29248_,26.3
_29636_,26.3
_38023_,26.3
_39869_,26.3
_22117_,26.28
_23631_,26.28
_25207_,26.28
_40260_,26.28
_41733_,26.28
v\[13\]\[4\],26.28
_08279_,26.26
_42239_,26.26
_44079_,26.26
scaled_scores\[18\]\[12\],26.26
scaled_scores\[60\]\[13\],26.26
_24360_,26.25
_26660_,26.25
_10829_,26.24
_26210_,26.24
_29373_,26.24
out\[2\]\[4\],26.24
out\[68\]\[0\],26.24
v\[8\]\[5\],26.23
_19967_,26.22
_20506_,26.22
_22151_,26.22
_24604_,26.22
_39293_,26.22
_14436_,26.2
_21308_,26.2
_21508_,26.2
_25578_,26.2
_26129_,26.2
_37089_,26.2
_41317_,26.2
_22334_,26.19
_08431_,26.18
_08816_,26.18
_10828_,26.18
_29499_,26.18
_32425_,26.18
_23385_,26.175
_22647_,26.16
_10795_,26.15
_20539_,26.14
_23044_,26.14
_27152_,26.14
_29811_,26.14
_32276_,26.14
_33072_,26.14
_35786_,26.14
_39469_,26.14
_39559_,26.14
_31327_,26.12
_35938_,26.12
_41353_,26.12
q\[87\]\[0\],26.12
scaled_scores\[22\]\[2\],26.12
_25802_,26.1
_26039_,26.1
out\[17\]\[7\],26.1
q\[21\]\[1\],26.1
scaled_scores\[20\]\[5\],26.1
scaled_scores\[39\]\[1\],26.1
_19992_,26.08
_24062_,26.08
_26398_,26.08
_26716_,26.08
_34237_,26.08
_39695_,26.08
_44262_,26.08
_41576_,26.07
_20704_,26.06
_36526_,26.06
_39747_,26.06
_40539_,26.06
scaled_scores\[43\]\[16\],26.06
net807,26.06
_09265_,26.04
_10053_,26.04
_20113_,26.04
_21456_,26.04
_23164_,26.04
_24007_,26.04
_31965_,26.04
_26095_,26.03
scaled_scores\[42\]\[16\],26.025
_26197_,26.02
_33772_,26.02
_35942_,26.02
_43378_,26.02
_26168_,26.01
_41978_,26
scaled_scores\[51\]\[7\],26
v\[118\]\[7\],26
_25441_,25.98
_27840_,25.98
_34650_,25.98
_38439_,25.98
scaled_scores\[31\]\[12\],25.98
scaled_scores\[37\]\[8\],25.98
_33769_,25.97
_19729_,25.96
_31709_,25.96
_33846_,25.96
_41029_,25.96
k\[111\]\[1\],25.96
out\[18\]\[6\],25.96
_21243_,25.94
_27794_,25.94
_28402_,25.94
_31900_,25.94
net5859,25.94
_31559_,25.92
_38791_,25.92
k\[109\]\[3\],25.92
_39914_,25.9
_42417_,25.9
_24112_,25.89
k\[52\]\[4\],25.89
_39955_,25.88
_34862_,25.865
_31046_,25.86
_38295_,25.86
_43390_,25.86
_09304_,25.84
_20979_,25.84
_33399_,25.84
_39457_,25.84
_26399_,25.835
_13957_,25.82
_24722_,25.82
_30843_,25.82
_41332_,25.82
_19480_,25.81
_19377_,25.8
_22976_,25.8
_27790_,25.8
_33429_,25.8
net883,25.8
_19563_,25.79
_14378_,25.78
scaled_scores\[20\]\[4\],25.78
clknet_leaf_367_clk,25.78
net1218,25.78
_20090_,25.76
_24411_,25.76
_25118_,25.76
_26833_,25.76
_09193_,25.74
_35022_,25.74
_41196_,25.74
k\[103\]\[0\],25.74
scaled_scores\[2\]\[14\],25.74
scaled_scores\[1\]\[15\],25.735
_20196_,25.72
_21249_,25.72
_26712_,25.72
_44244_,25.72
_34528_,25.715
_10935_,25.7
_20638_,25.7
_34816_,25.7
_39055_,25.7
_41212_,25.7
scaled_scores\[36\]\[4\],25.7
_13851_,25.68
_24594_,25.68
_29106_,25.68
net6498,25.68
q\[127\]\[5\],25.67
_08141_,25.66
_22686_,25.66
_23591_,25.66
_32253_,25.66
_39368_,25.66
raw_scores\[30\]\[16\],25.66
_08665_,25.65
_10718_,25.64
_09966_,25.635
_28487_,25.62
_37617_,25.62
_41207_,25.62
_09552_,25.6
_22016_,25.6
_23303_,25.6
_30802_,25.6
k\[53\]\[0\],25.585
_39499_,25.575
_39913_,25.56
_41419_,25.56
raw_scores\[27\]\[14\],25.56
_31435_,25.54
_35718_,25.54
_37552_,25.54
_40496_,25.54
_08745_,25.52
_14493_,25.52
_25365_,25.52
_38719_,25.52
_39783_,25.52
_41171_,25.52
_25437_,25.5
_27344_,25.5
_31153_,25.5
_25435_,25.49
_13451_,25.48
_37604_,25.48
_39805_,25.48
_43766_,25.48
_26857_,25.465
_37972_,25.46
k\[8\]\[4\],25.46
_20297_,25.44
_30679_,25.44
_31389_,25.44
_34406_,25.44
_41809_,25.44
q\[20\]\[5\],25.44
_26556_,25.42
_27917_,25.42
_34292_,25.42
_41614_,25.42
scaled_scores\[19\]\[11\],25.42
_28381_,25.41
_11138_,25.4
_22554_,25.4
_38354_,25.4
_23364_,25.395
_19317_,25.38
_25715_,25.38
_28603_,25.38
_32612_,25.38
u_score_dp.mac_gen\[4\].u_mac.accum_out\[2\],25.38
net2156,25.38
_08719_,25.36
_19484_,25.36
_19675_,25.36
_23915_,25.36
_40071_,25.36
_20752_,25.34
_22516_,25.34
_23600_,25.34
_27884_,25.34
_29393_,25.34
_31660_,25.34
scaled_scores\[49\]\[11\],25.34
_30680_,25.33
_25647_,25.32
_30618_,25.32
_31055_,25.32
_35504_,25.32
_38417_,25.32
_20319_,25.3
_27719_,25.3
_31855_,25.3
_37692_,25.3
_39589_,25.3
clknet_leaf_350_clk,25.3
net3349,25.3
_20289_,25.28
_22591_,25.28
_33289_,25.28
_33973_,25.28
_37718_,25.28
scaled_scores\[21\]\[15\],25.28
_34479_,25.27
_13836_,25.265
_10826_,25.26
_25088_,25.26
_32851_,25.26
_33952_,25.26
_38370_,25.26
_08677_,25.255
_20325_,25.24
_29364_,25.24
_38521_,25.24
scaled_scores\[56\]\[3\],25.24
scaled_scores\[36\]\[2\],25.225
_08045_,25.22
_11195_,25.22
_26813_,25.22
_27690_,25.22
_30145_,25.22
_38987_,25.22
_43130_,25.22
_22331_,25.2
_27987_,25.2
_33566_,25.2
_08446_,25.18
_10885_,25.18
_21898_,25.18
_22006_,25.18
_23171_,25.18
_23789_,25.18
_36442_,25.18
_38608_,25.18
_40869_,25.18
out\[6\]\[2\],25.18
_30383_,25.165
_07914_,25.16
_11115_,25.16
_32040_,25.16
_35909_,25.16
_21610_,25.14
_25890_,25.14
_24408_,25.13
_30588_,25.12
_40766_,25.12
_08107_,25.1
_13770_,25.1
_24448_,25.1
_28474_,25.1
_30023_,25.1
_30181_,25.1
out\[28\]\[6\],25.1
net1063,25.1
_20056_,25.08
_38828_,25.08
v\[64\]\[2\],25.08
_22209_,25.075
_37945_,25.065
_08325_,25.06
_34103_,25.06
_37505_,25.06
_40068_,25.06
_43528_,25.05
_09199_,25.04
_29809_,25.04
_33436_,25.04
_33456_,25.04
net1745,25.04
_09549_,25.035
_07859_,25.02
_19511_,25.02
_30538_,25.02
weights\[17\]\[0\],25.02
_23090_,25.01
_24390_,25.005
_27970_,25.005
_41423_,25
scaled_scores\[27\]\[3\],25
_20494_,24.98
_20669_,24.98
_23120_,24.98
_25853_,24.98
_29116_,24.98
_37336_,24.98
_37379_,24.98
k\[71\]\[0\],24.98
_14338_,24.96
_21861_,24.96
_23972_,24.96
_25760_,24.96
_33849_,24.96
_40525_,24.96
k\[21\]\[5\],24.955
_09169_,24.94
_22403_,24.94
_28829_,24.94
_23202_,24.92
_26786_,24.92
scaled_scores\[37\]\[6\],24.92
_24366_,24.91
_09511_,24.9
_10289_,24.9
_10766_,24.9
_19418_,24.9
_23733_,24.9
_26838_,24.9
_29451_,24.9
_32875_,24.9
scaled_scores\[63\]\[10\],24.9
_19770_,24.88
_22322_,24.88
_25065_,24.88
_29566_,24.88
_32836_,24.88
_35647_,24.88
_38994_,24.88
_44265_,24.88
k\[120\]\[0\],24.88
_19644_,24.86
_23025_,24.86
_30864_,24.86
_30874_,24.86
_34553_,24.86
_27380_,24.85
_00449_,24.845
v\[32\]\[0\],24.845
_13355_,24.84
_19496_,24.84
_23251_,24.84
_28355_,24.84
_28577_,24.84
_32028_,24.84
_32109_,24.84
_32902_,24.84
_33057_,24.84
_43882_,24.84
_28404_,24.82
_32896_,24.82
_41903_,24.82
_36968_,24.805
_10748_,24.8
_30968_,24.8
_32901_,24.8
scaled_scores\[38\]\[6\],24.8
_24435_,24.78
_27420_,24.78
_40795_,24.78
_35110_,24.76
_31113_,24.755
_09150_,24.74
_23472_,24.74
_27388_,24.74
_27555_,24.74
_28850_,24.74
_29453_,24.74
_33087_,24.74
_39821_,24.74
_43656_,24.74
k\[53\]\[5\],24.74
_09230_,24.72
_23399_,24.72
_32197_,24.72
_40874_,24.72
_42719_,24.72
_25154_,24.71
_14871_,24.7
_19639_,24.7
_29318_,24.7
_40853_,24.7
_42422_,24.7
out\[77\]\[6\],24.7
_08075_,24.68
_09366_,24.68
_14429_,24.68
_29521_,24.68
_34158_,24.68
v\[29\]\[6\],24.68
_26283_,24.66
_31147_,24.66
_39518_,24.66
scaled_scores\[27\]\[0\],24.66
scaled_scores\[27\]\[2\],24.66
scaled_scores\[37\]\[12\],24.66
_21762_,24.64
_28284_,24.64
_30299_,24.64
_35250_,24.64
_23674_,24.635
_21750_,24.62
_24810_,24.62
_27550_,24.62
_28566_,24.62
_32398_,24.62
_37450_,24.62
_10347_,24.6
_13276_,24.6
_41003_,24.6
_42507_,24.585
_09079_,24.58
_09805_,24.58
_10767_,24.58
_25372_,24.58
_27662_,24.58
_31468_,24.58
_31814_,24.58
_42402_,24.58
k\[9\]\[1\],24.58
raw_scores\[29\]\[14\],24.58
_08857_,24.56
_28169_,24.56
_32458_,24.56
_41065_,24.56
q\[18\]\[6\],24.56
_24989_,24.555
_39588_,24.55
_09719_,24.54
_22389_,24.54
_22702_,24.54
_23075_,24.54
_23770_,24.54
_25856_,24.54
_40888_,24.54
_43555_,24.54
_26435_,24.53
_21985_,24.52
_24041_,24.52
_27186_,24.52
_30010_,24.52
_33158_,24.52
_36509_,24.52
_41974_,24.52
out\[17\]\[0\],24.52
net2637,24.52
_26446_,24.5
_29852_,24.5
_11162_,24.48
_19915_,24.48
_25423_,24.48
_29763_,24.48
_39137_,24.48
_41437_,24.48
out\[113\]\[2\],24.48
weights\[33\]\[5\],24.45
_21550_,24.44
_33870_,24.44
_40294_,24.44
scaled_scores\[61\]\[12\],24.44
_19952_,24.42
_37477_,24.42
_38669_,24.42
_27796_,24.415
_26915_,24.4
net711,24.4
scaled_scores\[7\]\[14\],24.385
_25570_,24.38
_27702_,24.38
_29368_,24.38
k\[85\]\[6\],24.37
_19771_,24.36
_21818_,24.36
_23061_,24.36
_25687_,24.36
_35295_,24.36
_41439_,24.36
_08902_,24.34
_21098_,24.34
_33799_,24.34
_37032_,24.34
_40690_,24.34
_43144_,24.34
scaled_scores\[12\]\[7\],24.34
scaled_scores\[20\]\[13\],24.34
v\[123\]\[3\],24.34
clknet_leaf_847_clk,24.34
_20215_,24.335
_20581_,24.32
_28335_,24.32
_31321_,24.32
_41524_,24.32
_42802_,24.32
net6835,24.32
_09356_,24.31
_36393_,24.31
_21101_,24.3
_22837_,24.3
_24349_,24.3
_24625_,24.3
_30052_,24.3
_42331_,24.3
_20748_,24.28
_24414_,24.28
_32045_,24.28
_34399_,24.28
_43715_,24.28
net367,24.28
v\[49\]\[4\],24.27
_10905_,24.26
_20276_,24.26
_28438_,24.26
_33950_,24.26
_39636_,24.26
_40185_,24.26
_41935_,24.26
v\[49\]\[5\],24.26
_24029_,24.25
_20553_,24.24
_20873_,24.24
_25313_,24.24
_30128_,24.24
_38154_,24.24
net1778,24.24
_19433_,24.23
_09823_,24.22
_10387_,24.22
_34706_,24.22
_36645_,24.22
_37661_,24.22
_38537_,24.22
_10985_,24.2
_23166_,24.2
_29101_,24.2
_29507_,24.2
_39273_,24.2
_40443_,24.2
net1169,24.2
_23694_,24.19
_19736_,24.18
_42549_,24.18
scaled_scores\[7\]\[16\],24.18
clknet_leaf_793_clk,24.18
_20093_,24.16
_22881_,24.16
_28345_,24.16
_31987_,24.16
_44051_,24.16
_21416_,24.15
_08341_,24.14
_08798_,24.14
_29760_,24.14
_34721_,24.14
_38214_,24.14
_41579_,24.14
_43349_,24.14
_40330_,24.13
weights\[30\]\[5\],24.125
_35555_,24.105
_09628_,24.1
_20793_,24.1
_23787_,24.1
_24069_,24.1
_37522_,24.1
_10841_,24.09
_13577_,24.08
_29315_,24.08
_34900_,24.08
_43981_,24.08
q\[103\]\[1\],24.08
scaled_scores\[63\]\[6\],24.08
_20424_,24.06
_23444_,24.06
_25153_,24.06
_28604_,24.06
_30453_,24.06
_38397_,24.06
_43369_,24.06
_27360_,24.055
_23425_,24.04
_26583_,24.04
raw_scores\[6\]\[16\],24.04
scaled_scores\[40\]\[14\],24.04
_09173_,24.02
_09817_,24.02
_13842_,24.02
_21078_,24.02
_30584_,24.02
_38805_,24.02
_41546_,24.02
q\[18\]\[0\],24.02
scaled_scores\[21\]\[2\],24.02
net866,24.02
_29993_,24.015
_08578_,24
_08632_,24
_19240_,24
_22408_,24
_23903_,24
_09784_,23.98
_10822_,23.98
_20799_,23.98
_23637_,23.98
_24234_,23.98
_24782_,23.98
_26124_,23.98
_35455_,23.98
_40744_,23.98
_24305_,23.97
_28367_,23.97
_10595_,23.96
_22410_,23.96
_33265_,23.96
_41729_,23.96
net846,23.96
_19669_,23.95
_07589_,23.94
_19870_,23.94
_25016_,23.94
_27676_,23.94
_34637_,23.94
_09684_,23.92
_10663_,23.92
_20398_,23.92
_25947_,23.92
_38795_,23.92
k\[108\]\[2\],23.92
k\[22\]\[6\],23.92
q\[7\]\[1\],23.92
_22252_,23.9
_23730_,23.9
_25899_,23.9
_27424_,23.9
_31410_,23.9
_32122_,23.9
_33343_,23.9
_40021_,23.9
k\[76\]\[0\],23.9
_27450_,23.895
_19977_,23.88
_22545_,23.88
_26361_,23.88
_26568_,23.88
_28690_,23.88
_31192_,23.88
_34934_,23.88
_37612_,23.88
q\[105\]\[6\],23.88
net355,23.88
_22485_,23.875
_10728_,23.86
_27333_,23.86
_35003_,23.86
k\[40\]\[2\],23.86
net2171,23.86
scaled_scores\[35\]\[3\],23.845
_07694_,23.84
_07880_,23.84
_10455_,23.84
_19296_,23.84
_21450_,23.84
_21731_,23.84
_23747_,23.84
_33637_,23.84
_35395_,23.84
_36530_,23.84
_43636_,23.84
net5437,23.84
_07638_,23.82
_09530_,23.82
_15249_,23.82
_41655_,23.82
k\[33\]\[3\],23.82
scaled_scores\[14\]\[5\],23.82
_24639_,23.815
_34832_,23.805
v\[32\]\[5\],23.805
_10837_,23.8
_24109_,23.8
_26764_,23.8
_38838_,23.8
_43534_,23.8
k\[25\]\[2\],23.8
k\[5\]\[4\],23.8
clknet_leaf_702_clk,23.8
_32571_,23.78
_37618_,23.78
_20029_,23.775
_40523_,23.77
scaled_scores\[3\]\[9\],23.765
_08615_,23.76
_19700_,23.76
_26925_,23.76
_29119_,23.76
_38723_,23.76
_42566_,23.76
_44143_,23.76
scaled_scores\[36\]\[1\],23.745
scaled_scores\[48\]\[8\],23.745
_09788_,23.74
_21691_,23.74
_29698_,23.74
_30065_,23.74
_36341_,23.74
q\[20\]\[0\],23.74
_39653_,23.735
_08540_,23.72
_14007_,23.72
_14086_,23.72
_20253_,23.72
_24055_,23.72
_33279_,23.72
_30750_,23.71
_33900_,23.71
_10886_,23.7
_27400_,23.7
_32424_,23.7
_35099_,23.7
k\[6\]\[2\],23.7
q\[22\]\[6\],23.7
v\[100\]\[5\],23.7
weights\[22\]\[7\],23.7
_22059_,23.68
k\[52\]\[3\],23.68
_10260_,23.66
_13288_,23.66
_39807_,23.66
net859,23.66
_26205_,23.655
q\[85\]\[3\],23.645
_19866_,23.64
_28537_,23.64
_30494_,23.64
_31295_,23.64
_37550_,23.64
_40932_,23.64
_43661_,23.64
v\[8\]\[2\],23.64
_41134_,23.625
_08304_,23.62
_11187_,23.62
_30265_,23.62
_32463_,23.61
_25050_,23.6
_29264_,23.6
_33174_,23.6
u_score_dp.mac_gen\[1\].u_mac.accum_out\[1\],23.6
_21899_,23.595
_26164_,23.595
_22205_,23.59
_25542_,23.58
_28638_,23.58
_35427_,23.58
_37935_,23.58
_41296_,23.58
_41381_,23.58
q\[102\]\[6\],23.58
q\[4\]\[0\],23.58
_08707_,23.56
_19978_,23.56
_22552_,23.56
_27413_,23.56
_34401_,23.56
scaled_scores\[48\]\[11\],23.56
q\[63\]\[1\],23.545
scaled_scores\[35\]\[6\],23.545
_22620_,23.54
_24739_,23.54
v\[34\]\[0\],23.54
net7174,23.54
_21360_,23.53
_21154_,23.52
_21418_,23.52
_25748_,23.52
_25846_,23.52
_29477_,23.52
_31773_,23.52
_40854_,23.52
net1640,23.52
_10584_,23.51
_11174_,23.5
_23274_,23.5
_25676_,23.5
_26354_,23.5
_34918_,23.5
_35387_,23.5
_43685_,23.5
_43884_,23.5
_29885_,23.475
_30292_,23.47
_24242_,23.46
_42811_,23.46
_43209_,23.46
_44285_,23.46
net1837,23.46
_21265_,23.44
_21546_,23.44
_22137_,23.44
_31169_,23.44
_33365_,23.44
_42824_,23.44
_34754_,23.435
scaled_scores\[35\]\[4\],23.425
_19884_,23.42
_20066_,23.42
_22975_,23.42
_23024_,23.42
_29474_,23.42
_33981_,23.42
_36461_,23.42
_42505_,23.42
sm_cycle\[2\],23.42
_07722_,23.4
_22923_,23.4
_33462_,23.4
_34295_,23.4
raw_scores\[53\]\[12\],23.4
_42925_,23.39
k\[81\]\[0\],23.385
v\[32\]\[1\],23.385
_07815_,23.38
_09119_,23.38
_09689_,23.38
_10698_,23.38
_13855_,23.38
_20893_,23.38
_21011_,23.38
_25424_,23.38
_25481_,23.38
_34573_,23.38
_37809_,23.38
q\[19\]\[4\],23.38
net1805,23.38
_36067_,23.37
scaled_scores\[5\]\[5\],23.365
_23851_,23.36
_27135_,23.36
_28796_,23.36
_31609_,23.36
_33254_,23.36
_39788_,23.36
out\[24\]\[2\],23.36
q\[3\]\[5\],23.36
_19941_,23.34
_24302_,23.34
_43547_,23.34
clknet_leaf_158_clk,23.34
_20304_,23.32
_23085_,23.32
_31347_,23.32
_33236_,23.32
weights\[29\]\[0\],23.315
_21404_,23.3
_21442_,23.3
_25191_,23.3
_30806_,23.3
_34024_,23.3
_35305_,23.3
_39831_,23.3
_42332_,23.3
_44117_,23.3
clknet_leaf_375_clk,23.3
_41971_,23.285
_20335_,23.28
_23982_,23.28
_24876_,23.28
_27024_,23.28
_29297_,23.28
_00718_,23.265
_19720_,23.26
_29335_,23.26
q\[116\]\[2\],23.26
scaled_scores\[55\]\[7\],23.26
_11207_,23.24
_41445_,23.24
_44101_,23.24
_34655_,23.23
v\[32\]\[2\],23.225
_21567_,23.22
_21824_,23.22
_27644_,23.22
_39996_,23.22
_40574_,23.22
_32722_,23.2
_22513_,23.18
_26233_,23.18
_40552_,23.18
_41109_,23.18
_42137_,23.18
k\[0\]\[4\],23.18
k\[69\]\[7\],23.18
_21271_,23.16
_31997_,23.16
_32447_,23.16
_32853_,23.16
_40616_,23.16
net1654,23.16
_22452_,23.14
_23189_,23.14
_23724_,23.14
_26215_,23.14
_27218_,23.14
_37771_,23.14
_41863_,23.14
_42282_,23.14
_44193_,23.14
net2070,23.14
_08251_,23.13
_10575_,23.13
k\[116\]\[5\],23.13
_09647_,23.12
_22931_,23.12
_23027_,23.12
_31779_,23.12
_40356_,23.12
_08497_,23.1
_20660_,23.1
_24960_,23.1
_25605_,23.1
_26130_,23.1
k\[42\]\[4\],23.09
q\[86\]\[0\],23.085
_08763_,23.08
_09801_,23.08
_24827_,23.08
_26068_,23.08
_27549_,23.08
_31181_,23.08
raw_scores\[43\]\[19\],23.08
v\[18\]\[4\],23.08
net5563,23.08
_08848_,23.06
_14430_,23.06
_20534_,23.06
_21359_,23.06
_25814_,23.06
_28312_,23.06
_32199_,23.06
k\[116\]\[6\],23.06
k\[98\]\[1\],23.06
q\[28\]\[3\],23.06
_13326_,23.05
_42990_,23.05
_08451_,23.04
_19460_,23.04
_22752_,23.04
_23802_,23.04
_24725_,23.04
_28301_,23.04
_36908_,23.04
_39394_,23.04
_41698_,23.04
_42240_,23.04
_23554_,23.02
_23690_,23.02
_24119_,23.02
_28261_,23.02
_29193_,23.02
_29766_,23.02
_31172_,23.02
_32441_,23.02
_41512_,23.02
_42893_,23.02
_24850_,23
_26662_,23
_40863_,23
_08461_,22.98
_19888_,22.98
_25909_,22.98
_27066_,22.98
_28247_,22.98
_27071_,22.96
_40903_,22.96
out\[96\]\[6\],22.96
v\[13\]\[2\],22.96
net874,22.96
net6439,22.96
_39689_,22.95
_43719_,22.95
_20129_,22.94
_21975_,22.94
_22167_,22.94
_23775_,22.94
_25927_,22.94
_28419_,22.94
_33312_,22.94
_37913_,22.94
_42120_,22.94
net6594,22.94
_07920_,22.93
_25387_,22.925
_08257_,22.92
_08733_,22.92
_21954_,22.92
_26908_,22.92
_27909_,22.92
_28307_,22.92
_33162_,22.92
_33340_,22.92
_33378_,22.92
_40076_,22.92
net3994,22.92
_23661_,22.9
_25489_,22.9
_28428_,22.9
_34186_,22.9
q\[18\]\[4\],22.9
scaled_scores\[31\]\[11\],22.9
_25589_,22.88
_26620_,22.88
_27089_,22.88
_34690_,22.88
_42672_,22.88
v\[19\]\[2\],22.88
_26800_,22.87
_10824_,22.86
_29478_,22.86
_29552_,22.86
_31788_,22.86
_34326_,22.86
_34530_,22.86
_37461_,22.86
_40083_,22.86
scaled_scores\[26\]\[10\],22.86
_25281_,22.85
_20027_,22.84
_20426_,22.84
_22618_,22.84
k\[107\]\[1\],22.84
_30526_,22.835
_25361_,22.83
_10566_,22.82
_23419_,22.82
_24022_,22.82
_26442_,22.82
_35591_,22.82
_43488_,22.82
k\[38\]\[3\],22.82
_42463_,22.81
q\[63\]\[5\],22.805
_10547_,22.8
_26652_,22.8
_35849_,22.8
scaled_scores\[21\]\[5\],22.8
net6519,22.8
_13402_,22.78
_24017_,22.78
_27247_,22.78
_34925_,22.78
_41300_,22.78
scaled_scores\[27\]\[12\],22.78
_41041_,22.77
_23173_,22.76
_25932_,22.76
_27493_,22.76
_27774_,22.76
_30067_,22.76
_37040_,22.76
out\[29\]\[3\],22.76
_21413_,22.75
_09278_,22.74
_20662_,22.74
_28322_,22.74
_30730_,22.74
_31611_,22.74
_31807_,22.74
_40013_,22.74
v\[60\]\[0\],22.74
_21616_,22.72
_24026_,22.72
_24182_,22.72
_28760_,22.72
_30859_,22.72
_32469_,22.72
_33182_,22.72
_34622_,22.72
_40211_,22.72
scaled_scores\[53\]\[11\],22.72
scaled_scores\[61\]\[17\],22.72
_13636_,22.7
_22840_,22.7
_27686_,22.7
_36379_,22.7
_38185_,22.7
_43306_,22.7
_33652_,22.69
_34853_,22.685
_19637_,22.68
_35560_,22.68
_37266_,22.68
out\[8\]\[6\],22.68
v\[40\]\[7\],22.68
_25368_,22.66
_26019_,22.66
_32812_,22.66
_43818_,22.66
net4541,22.66
_10815_,22.64
_23129_,22.64
_23713_,22.64
_23953_,22.64
_24990_,22.64
_37570_,22.64
_39940_,22.64
out\[78\]\[6\],22.64
_21891_,22.635
_22595_,22.635
_39374_,22.63
_08614_,22.62
_22566_,22.62
_23935_,22.62
_24299_,22.62
_24389_,22.62
_32269_,22.62
_33807_,22.62
_35893_,22.61
_11160_,22.6
_11210_,22.6
_23013_,22.6
_23302_,22.6
_33089_,22.6
_43669_,22.6
k\[32\]\[1\],22.6
k\[3\]\[3\],22.585
_07899_,22.58
_08868_,22.58
_23432_,22.58
_23630_,22.58
_24540_,22.58
_43246_,22.58
scaled_scores\[38\]\[16\],22.58
scaled_scores\[53\]\[15\],22.58
scaled_scores\[54\]\[5\],22.58
_29927_,22.575
_25499_,22.56
_26002_,22.56
_31414_,22.56
_33151_,22.56
_38484_,22.56
_39526_,22.56
out\[37\]\[7\],22.56
v\[115\]\[7\],22.56
out\[37\]\[5\],22.545
_14329_,22.54
_25349_,22.54
_27965_,22.54
_29686_,22.54
_30593_,22.54
out\[102\]\[2\],22.54
raw_scores\[5\]\[15\],22.54
v\[114\]\[2\],22.54
v\[59\]\[2\],22.54
_01856_,22.535
_07894_,22.52
_08648_,22.52
_25487_,22.52
_26257_,22.52
_39524_,22.52
_39612_,22.52
_43381_,22.52
raw_scores\[57\]\[13\],22.52
_39495_,22.51
scaled_scores\[47\]\[3\],22.505
_09330_,22.5
_11225_,22.5
_14392_,22.5
_25837_,22.5
_34000_,22.5
k\[69\]\[3\],22.5
_27374_,22.49
_19775_,22.48
_23566_,22.48
_23752_,22.48
_30411_,22.48
_30772_,22.48
_34936_,22.48
_37349_,22.48
scaled_scores\[15\]\[3\],22.48
_22026_,22.46
_24742_,22.46
_27795_,22.46
_31119_,22.46
_34779_,22.46
_34844_,22.46
_39847_,22.46
_40087_,22.46
raw_scores\[57\]\[12\],22.46
net6726,22.46
_10656_,22.44
_26734_,22.44
_35508_,22.44
_35516_,22.44
_39491_,22.44
_41239_,22.44
_20473_,22.42
_33591_,22.42
_34955_,22.42
_41466_,22.42
q\[114\]\[5\],22.42
_09711_,22.4
_09732_,22.4
_13966_,22.4
_30099_,22.4
_32196_,22.4
k\[53\]\[6\],22.4
q\[112\]\[3\],22.4
_27079_,22.38
_30547_,22.38
_34709_,22.38
_35604_,22.38
_26914_,22.36
_27639_,22.36
_28445_,22.36
_33770_,22.36
v\[99\]\[3\],22.36
_00711_,22.345
_10922_,22.34
_22325_,22.34
_24126_,22.34
_28344_,22.34
_28452_,22.34
_29261_,22.34
_33264_,22.34
_39984_,22.34
q\[8\]\[4\],22.34
scaled_scores\[62\]\[1\],22.34
_09566_,22.32
_13839_,22.32
_25611_,22.32
_26162_,22.32
q\[45\]\[3\],22.32
_35606_,22.31
_09307_,22.3
_22300_,22.3
_41930_,22.3
scaled_scores\[59\]\[9\],22.3
v\[50\]\[3\],22.295
_08637_,22.29
_30932_,22.28
_33382_,22.28
_36166_,22.28
_36874_,22.28
_41872_,22.28
_42757_,22.28
v\[64\]\[1\],22.28
_20563_,22.275
_25969_,22.265
_24444_,22.26
_26360_,22.26
k\[79\]\[6\],22.26
_11193_,22.24
_22795_,22.24
_24905_,22.24
_26385_,22.24
_34787_,22.24
_41644_,22.24
_42841_,22.24
scaled_scores\[57\]\[16\],22.24
net5581,22.24
net7886,22.24
_20177_,22.225
_09649_,22.22
_10078_,22.22
_10255_,22.22
_21314_,22.22
_21843_,22.22
_29548_,22.22
out\[2\]\[5\],22.22
scaled_scores\[15\]\[13\],22.22
_26773_,22.21
_09678_,22.2
_21953_,22.2
_23759_,22.2
_24721_,22.2
_24831_,22.2
_27395_,22.2
_40883_,22.2
_20942_,22.18
_21980_,22.18
_23056_,22.18
_28492_,22.18
_34935_,22.18
_40196_,22.18
scaled_scores\[35\]\[2\],22.18
_24777_,22.16
_25253_,22.16
_25575_,22.16
_27798_,22.16
_30915_,22.16
_40251_,22.16
_43675_,22.16
_26697_,22.155
_39090_,22.15
_21983_,22.14
_23421_,22.14
_24455_,22.14
_39870_,22.14
_41184_,22.14
_42795_,22.14
out\[118\]\[7\],22.14
scaled_scores\[39\]\[7\],22.14
_10694_,22.12
_23999_,22.12
_31156_,22.12
_37827_,22.12
_39953_,22.12
_43785_,22.12
k\[45\]\[3\],22.12
_35035_,22.11
_14170_,22.1
_24401_,22.1
_25740_,22.1
_30768_,22.1
_41161_,22.1
_41344_,22.1
_43320_,22.09
_20190_,22.08
_23246_,22.08
_27198_,22.08
_27954_,22.08
_30130_,22.08
_43214_,22.08
out\[105\]\[6\],22.08
q\[122\]\[7\],22.08
scaled_scores\[31\]\[15\],22.08
scaled_scores\[32\]\[15\],22.08
scaled_scores\[41\]\[0\],22.08
net5978,22.08
_42551_,22.07
scaled_scores\[47\]\[10\],22.065
_07988_,22.06
_19168_,22.06
_20316_,22.06
_32919_,22.06
_22179_,22.04
_23376_,22.04
_29097_,22.04
_30084_,22.04
_30591_,22.04
_40186_,22.04
_41186_,22.04
_41420_,22.04
_43521_,22.04
k\[54\]\[1\],22.04
scaled_scores\[13\]\[14\],22.04
scaled_scores\[36\]\[15\],22.04
_30311_,22.03
_24031_,22.02
_24450_,22.02
_27746_,22.02
_29181_,22.02
_30829_,22.02
_32097_,22.02
_37672_,22.02
_41845_,22.02
_42718_,22.02
_34441_,22.015
_08524_,22
_10048_,22
_19304_,22
_21061_,22
_23842_,22
_27200_,22
_29144_,22
_31386_,22
_33286_,22
_34321_,22
_41218_,22
scaled_scores\[32\]\[1\],22
_27971_,21.98
_31990_,21.98
_40073_,21.98
_40491_,21.98
_27842_,21.975
_08557_,21.97
_21372_,21.97
_39344_,21.97
_26509_,21.96
_30105_,21.96
_32086_,21.96
_32483_,21.96
k\[127\]\[5\],21.96
scaled_scores\[8\]\[16\],21.96
_25297_,21.94
_31002_,21.94
v\[82\]\[1\],21.94
scaled_scores\[4\]\[7\],21.925
_10799_,21.92
_14368_,21.92
_21592_,21.92
_22676_,21.92
_27895_,21.92
_28546_,21.92
_30410_,21.92
_33806_,21.92
_36546_,21.92
k\[108\]\[1\],21.92
scaled_scores\[37\]\[17\],21.92
_13361_,21.9
_21386_,21.9
_41316_,21.89
_11173_,21.88
_22268_,21.88
_26671_,21.88
_31477_,21.88
_33653_,21.88
_39865_,21.88
scaled_scores\[22\]\[13\],21.88
_25470_,21.86
_29642_,21.86
_30042_,21.86
_33262_,21.86
_43855_,21.86
_43878_,21.86
_25608_,21.855
_11352_,21.84
_19756_,21.84
_20747_,21.84
_23886_,21.84
_25274_,21.84
_26994_,21.84
_29461_,21.84
_40085_,21.84
k\[68\]\[3\],21.84
net820,21.84
_29386_,21.82
_35360_,21.82
net2169,21.82
net2799,21.82
_34081_,21.815
_10270_,21.8
_10933_,21.8
_13499_,21.8
_20498_,21.8
_24923_,21.8
_33726_,21.8
_35091_,21.8
q\[120\]\[1\],21.8
_41151_,21.795
_01551_,21.785
_24204_,21.78
_25236_,21.78
_25392_,21.78
_26207_,21.78
_31314_,21.78
_34692_,21.78
_37388_,21.78
out\[109\]\[4\],21.78
out\[118\]\[2\],21.78
_25054_,21.765
_21732_,21.76
_23033_,21.76
_23656_,21.76
_24684_,21.76
_24685_,21.76
_25438_,21.76
_27213_,21.76
_42633_,21.76
q\[53\]\[3\],21.76
scaled_scores\[40\]\[7\],21.76
u_score_dp.mac_gen\[3\].u_mac.accum_out\[4\],21.745
_21850_,21.74
_27788_,21.74
_28569_,21.74
_39400_,21.74
_41067_,21.74
out\[115\]\[0\],21.74
q\[75\]\[0\],21.74
raw_scores\[28\]\[2\],21.74
scaled_scores\[55\]\[8\],21.74
_39762_,21.73
k\[123\]\[3\],21.73
_41030_,21.725
_08282_,21.72
_10967_,21.72
_26666_,21.72
_26828_,21.72
_27361_,21.72
_29533_,21.72
_34057_,21.72
_35898_,21.72
_37986_,21.72
scaled_scores\[20\]\[7\],21.72
_23563_,21.71
_44014_,21.71
_19769_,21.7
_19971_,21.7
_25493_,21.7
_26382_,21.7
_28306_,21.7
_30643_,21.7
_31245_,21.7
_40747_,21.7
_40893_,21.7
_43546_,21.7
_43645_,21.7
_43940_,21.7
v\[48\]\[2\],21.7
_24573_,21.69
_13359_,21.68
_17104_,21.68
_24211_,21.68
_28008_,21.68
_29539_,21.68
_29768_,21.68
_30959_,21.68
_32580_,21.68
k\[117\]\[6\],21.68
out\[68\]\[3\],21.68
scaled_scores\[40\]\[6\],21.68
_33821_,21.675
v\[96\]\[0\],21.675
_09252_,21.66
_09253_,21.66
_09286_,21.66
_10338_,21.66
_20080_,21.66
_27804_,21.66
_35569_,21.66
_40494_,21.66
_22407_,21.64
_23739_,21.64
_27106_,21.64
_29559_,21.64
_30555_,21.64
_32131_,21.64
scaled_scores\[55\]\[12\],21.64
net5640,21.64
_07640_,21.62
_09458_,21.62
_19167_,21.62
_24465_,21.62
_41216_,21.62
q\[31\]\[5\],21.62
scaled_scores\[40\]\[16\],21.62
net6713,21.62
_08414_,21.6
_26178_,21.6
_30050_,21.6
_30967_,21.6
_35260_,21.6
_37569_,21.6
_41811_,21.6
out\[0\]\[0\],21.6
net2844,21.59
_09090_,21.58
_09419_,21.58
_09638_,21.58
_23058_,21.58
_29440_,21.58
_30187_,21.58
_31693_,21.58
_32061_,21.58
_33368_,21.58
_34669_,21.58
_42835_,21.58
k\[118\]\[2\],21.58
scaled_scores\[31\]\[7\],21.58
net868,21.58
net2252,21.58
_34171_,21.57
v\[32\]\[6\],21.565
_20742_,21.56
_21184_,21.56
_23242_,21.56
_26203_,21.56
_26975_,21.56
_27376_,21.56
_33183_,21.56
_31840_,21.54
_33810_,21.54
_38794_,21.54
_41279_,21.54
_41888_,21.54
k\[113\]\[0\],21.54
q\[26\]\[4\],21.54
net4657,21.54
_14213_,21.52
_21612_,21.52
_26029_,21.52
_26700_,21.52
_29488_,21.52
_34719_,21.52
_43551_,21.52
k\[22\]\[2\],21.52
q\[92\]\[4\],21.52
net6246,21.52
_19429_,21.5
_27568_,21.5
_28325_,21.5
_28507_,21.5
_32052_,21.5
_10200_,21.48
_20517_,21.48
_20977_,21.48
_21324_,21.48
_29247_,21.48
_39079_,21.48
_40588_,21.48
_42064_,21.48
out\[17\]\[3\],21.48
scaled_scores\[43\]\[14\],21.48
_37172_,21.465
_11130_,21.46
_19758_,21.46
_21356_,21.46
_25716_,21.46
_26086_,21.46
_27959_,21.46
_28900_,21.46
_29227_,21.46
_32520_,21.46
_35772_,21.46
_39178_,21.46
_42613_,21.46
_42746_,21.46
out\[6\]\[7\],21.46
q\[121\]\[2\],21.46
scaled_scores\[5\]\[3\],21.46
_31257_,21.45
_22146_,21.44
_23384_,21.44
_23557_,21.44
_30887_,21.44
_33887_,21.44
_39393_,21.44
_43574_,21.44
out\[113\]\[5\],21.44
_23766_,21.43
_41034_,21.43
_21004_,21.42
_24406_,21.42
_24427_,21.42
_26521_,21.42
_32820_,21.42
_39003_,21.42
_42464_,21.42
_43138_,21.42
out\[16\]\[0\],21.42
_29072_,21.4
_38399_,21.4
_40414_,21.4
scaled_scores\[6\]\[3\],21.4
v\[109\]\[5\],21.4
scaled_scores\[22\]\[5\],21.39
_30759_,21.38
v\[23\]\[3\],21.38
net5214,21.38
_08412_,21.36
_10392_,21.36
_19856_,21.36
_34548_,21.36
scaled_scores\[13\]\[5\],21.36
_19164_,21.34
_20168_,21.34
_21277_,21.34
_24251_,21.34
_34434_,21.34
_40904_,21.34
scaled_scores\[56\]\[4\],21.34
_33050_,21.33
_26527_,21.32
_26984_,21.32
_33884_,21.32
_38359_,21.32
_40700_,21.32
k\[117\]\[2\],21.32
_08066_,21.3
_20459_,21.3
_22630_,21.3
_24362_,21.3
_25525_,21.3
_28347_,21.3
_28877_,21.3
_40302_,21.3
scaled_scores\[32\]\[12\],21.3
net2087,21.3
net7462,21.3
_21804_,21.28
_29627_,21.28
_29755_,21.28
_34032_,21.28
_39370_,21.28
_40155_,21.28
_42379_,21.28
scaled_scores\[39\]\[3\],21.28
scaled_scores\[62\]\[0\],21.28
_28377_,21.275
_44242_,21.27
_21657_,21.26
_24607_,21.26
_27693_,21.26
_30100_,21.26
_32862_,21.26
_38891_,21.26
_40368_,21.26
raw_scores\[4\]\[2\],21.26
_37660_,21.25
_08011_,21.24
_08562_,21.24
_25600_,21.24
_26896_,21.24
_41639_,21.24
_42006_,21.24
k\[113\]\[1\],21.24
k\[124\]\[3\],21.24
k\[76\]\[1\],21.24
scaled_scores\[35\]\[16\],21.24
scaled_scores\[62\]\[5\],21.23
v\[17\]\[1\],21.225
_09072_,21.22
_11221_,21.22
_23976_,21.22
_27941_,21.22
_29949_,21.22
_30980_,21.22
_35086_,21.22
_36397_,21.22
_38988_,21.22
_39078_,21.22
v\[105\]\[7\],21.22
_02051_,21.205
_20233_,21.2
_21038_,21.2
_33629_,21.2
_42583_,21.2
net821,21.2
net5095,21.2
_22490_,21.19
_25052_,21.19
_13720_,21.18
_21316_,21.18
_21668_,21.18
_22176_,21.18
_23950_,21.18
_24618_,21.18
_27926_,21.18
_31133_,21.18
_39020_,21.18
_43052_,21.18
scaled_scores\[36\]\[13\],21.18
scaled_scores\[55\]\[4\],21.18
_08757_,21.175
_11077_,21.16
_14250_,21.16
_24259_,21.16
_29409_,21.16
_33471_,21.16
_41352_,21.16
_43136_,21.16
scaled_scores\[24\]\[3\],21.16
_10269_,21.14
_26770_,21.14
_29934_,21.14
_30898_,21.14
_33717_,21.14
_39044_,21.14
_40112_,21.14
k\[75\]\[1\],21.14
scaled_scores\[19\]\[5\],21.14
_32936_,21.125
_08573_,21.12
_09219_,21.12
_23382_,21.12
_23893_,21.12
_25560_,21.12
_30607_,21.12
_33927_,21.12
_34058_,21.12
_34266_,21.12
_34349_,21.12
_41478_,21.12
v\[126\]\[6\],21.12
scaled_scores\[45\]\[8\],21.115
_23247_,21.11
_25397_,21.1
scaled_scores\[56\]\[6\],21.1
v\[97\]\[1\],21.1
_23014_,21.08
_23373_,21.08
_23466_,21.08
_24548_,21.08
_29439_,21.08
_35683_,21.08
_40350_,21.08
scaled_scores\[39\]\[17\],21.08
net3672,21.08
_21978_,21.065
_10245_,21.06
_19805_,21.06
_20869_,21.06
_26900_,21.06
_35397_,21.06
_41663_,21.06
_29415_,21.05
_08683_,21.04
_10827_,21.04
_10880_,21.04
_14165_,21.04
_19985_,21.04
_20546_,21.04
_23845_,21.04
_31042_,21.04
_33494_,21.04
_34749_,21.04
k\[18\]\[0\],21.04
k\[73\]\[5\],21.04
out\[108\]\[7\],21.04
clknet_leaf_845_clk,21.04
v\[6\]\[4\],21.035
_42890_,21.03
_10641_,21.02
_20847_,21.02
_25619_,21.02
_27681_,21.02
_28792_,21.02
_29383_,21.02
_35727_,21.02
_37488_,21.02
_43703_,21.02
k\[2\]\[7\],21.02
_19972_,21
_21535_,21
_23504_,21
_27591_,21
_39211_,21
_43397_,21
net2361,21
_37417_,20.99
_09504_,20.98
_21411_,20.98
_23675_,20.98
_27576_,20.98
_27586_,20.98
_30016_,20.98
_31237_,20.98
_33733_,20.98
_42192_,20.98
_26127_,20.97
_07762_,20.96
_09747_,20.96
_10430_,20.96
_21574_,20.96
_22527_,20.96
_25506_,20.96
_31040_,20.96
_31975_,20.96
_39034_,20.96
_39397_,20.96
_40825_,20.96
net1550,20.96
_24578_,20.95
_08019_,20.94
_13717_,20.94
_21501_,20.94
_33640_,20.94
_35707_,20.94
scaled_scores\[31\]\[2\],20.94
_29146_,20.93
_28022_,20.92
_28763_,20.92
_31547_,20.92
_41038_,20.92
k\[112\]\[7\],20.92
out\[83\]\[3\],20.92
q\[19\]\[6\],20.92
_27412_,20.91
_08332_,20.9
_10668_,20.9
_21676_,20.9
_23433_,20.9
_29802_,20.9
_37561_,20.9
_39609_,20.9
_40765_,20.9
_41715_,20.9
_43200_,20.9
raw_scores\[37\]\[15\],20.9
scaled_scores\[48\]\[13\],20.9
_13882_,20.88
_20172_,20.88
_23652_,20.88
_34210_,20.88
_34547_,20.88
k\[114\]\[1\],20.88
out\[103\]\[6\],20.88
out\[5\]\[3\],20.88
scaled_scores\[19\]\[3\],20.88
scaled_scores\[3\]\[2\],20.88
v\[6\]\[6\],20.88
net353,20.88
_24841_,20.87
_07893_,20.86
_09774_,20.86
_10301_,20.86
_20710_,20.86
_20955_,20.86
_22385_,20.86
_33413_,20.86
_42375_,20.86
_42713_,20.86
_43166_,20.86
_43405_,20.86
_43831_,20.86
net2365,20.86
_25333_,20.84
_28838_,20.84
_29590_,20.84
_34294_,20.84
_37443_,20.84
_38587_,20.84
_43627_,20.84
_43838_,20.84
_43853_,20.84
_34554_,20.825
_42078_,20.825
_11203_,20.82
_19926_,20.82
_26534_,20.82
_42076_,20.82
_42144_,20.82
_43358_,20.82
_14749_,20.8
_24317_,20.8
_27564_,20.8
_30255_,20.8
_36362_,20.8
_41875_,20.8
v\[99\]\[1\],20.8
net3356,20.8
k\[116\]\[7\],20.79
_19485_,20.78
_22641_,20.78
_27041_,20.78
_28948_,20.78
_31464_,20.78
_32739_,20.78
_37849_,20.78
_38278_,20.78
_41696_,20.78
scaled_scores\[20\]\[15\],20.78
net1854,20.78
_11073_,20.76
_14480_,20.76
_21422_,20.76
_25867_,20.76
_28897_,20.76
_30741_,20.76
_31120_,20.76
_33512_,20.76
_33604_,20.76
out\[121\]\[4\],20.76
weights\[53\]\[1\],20.76
_08260_,20.74
_08440_,20.74
_19773_,20.74
_38573_,20.74
_40169_,20.74
v\[114\]\[1\],20.74
net3115,20.74
_19165_,20.72
_26921_,20.72
_27913_,20.72
_41453_,20.72
_44008_,20.72
weights\[42\]\[1\],20.705
_13570_,20.7
_19361_,20.7
_29475_,20.7
_30233_,20.7
_33247_,20.7
_35126_,20.7
_36682_,20.7
_41913_,20.7
scaled_scores\[3\]\[16\],20.7
net2217,20.7
_35491_,20.69
scaled_scores\[40\]\[1\],20.685
_26067_,20.68
_33613_,20.68
out\[27\]\[5\],20.68
net1934,20.68
_38135_,20.67
_13255_,20.66
_19695_,20.66
_23358_,20.66
_23362_,20.66
_24093_,20.66
_27843_,20.66
_31317_,20.66
_43313_,20.66
k_row\[2\],20.66
scaled_scores\[60\]\[16\],20.66
net5703,20.66
out\[89\]\[7\],20.655
_10511_,20.65
_09345_,20.64
_20659_,20.64
_24964_,20.64
_33408_,20.64
_33724_,20.64
_34129_,20.64
_42845_,20.64
scaled_scores\[55\]\[9\],20.64
scaled_scores\[61\]\[11\],20.64
_20011_,20.62
_20388_,20.62
_20875_,20.62
_22328_,20.62
_33922_,20.62
_41681_,20.62
out\[103\]\[0\],20.62
out\[76\]\[6\],20.62
v\[77\]\[7\],20.62
net6850,20.62
_30850_,20.615
_33530_,20.61
_07885_,20.6
_21232_,20.6
_23464_,20.6
_24020_,20.6
_28660_,20.6
_31910_,20.6
_41944_,20.6
out\[102\]\[7\],20.6
q\[6\]\[3\],20.6
v\[127\]\[6\],20.6
_42729_,20.59
_00953_,20.585
q\[88\]\[5\],20.585
_11057_,20.58
_13585_,20.58
_22316_,20.58
_24809_,20.58
_24871_,20.58
_29843_,20.58
_33131_,20.58
q\[3\]\[2\],20.58
scaled_scores\[0\]\[17\],20.58
weights\[19\]\[2\],20.58
net3057,20.58
_30055_,20.57
_41680_,20.57
_25967_,20.565
_33451_,20.56
_35054_,20.56
_37048_,20.56
_38477_,20.56
_13834_,20.54
_14379_,20.54
_14915_,20.54
_23538_,20.54
_24758_,20.54
_28270_,20.54
_32573_,20.54
_40081_,20.54
_40257_,20.54
_40379_,20.54
scaled_scores\[14\]\[13\],20.54
_40056_,20.53
_20631_,20.52
_21294_,20.52
_24328_,20.52
_28326_,20.52
_33117_,20.52
_33594_,20.52
_39965_,20.52
_40397_,20.52
weights\[4\]\[7\],20.52
_19603_,20.51
_11036_,20.5
_24336_,20.5
_24613_,20.5
_25834_,20.5
_29360_,20.5
_29624_,20.5
_30095_,20.5
_30434_,20.5
out\[18\]\[0\],20.5
out\[9\]\[6\],20.5
scaled_scores\[6\]\[2\],20.5
weights\[4\]\[0\],20.5
_31146_,20.49
_21333_,20.48
_27975_,20.48
_28369_,20.48
_31955_,20.48
_40467_,20.48
_26114_,20.47
_37865_,20.47
_21338_,20.46
_21627_,20.46
_22926_,20.46
_24289_,20.46
_24702_,20.46
_25869_,20.46
_38707_,20.46
_42155_,20.46
out\[31\]\[7\],20.46
_40952_,20.45
_09486_,20.44
_19382_,20.44
_25351_,20.44
_31708_,20.44
_33802_,20.44
_41201_,20.44
_41273_,20.44
scaled_scores\[37\]\[11\],20.44
weights\[32\]\[2\],20.44
_35403_,20.43
_08656_,20.42
_21198_,20.42
_23947_,20.42
_29324_,20.42
_35179_,20.42
_35628_,20.42
_37874_,20.42
_43340_,20.42
q\[119\]\[3\],20.42
v\[48\]\[3\],20.415
_24331_,20.41
_33112_,20.41
_44247_,20.41
_25790_,20.4
_27161_,20.4
_28090_,20.4
_28981_,20.4
_29919_,20.4
_36886_,20.4
_38769_,20.4
scaled_scores\[32\]\[13\],20.4
scaled_scores\[36\]\[12\],20.4
scaled_scores\[4\]\[17\],20.4
net1754,20.4
_36582_,20.39
k\[89\]\[7\],20.385
scaled_scores\[38\]\[10\],20.385
_20247_,20.38
_21194_,20.38
_22910_,20.38
_24686_,20.38
_25225_,20.38
_27672_,20.38
_30948_,20.38
_43343_,20.38
k\[20\]\[5\],20.38
k\[39\]\[6\],20.38
scaled_scores\[24\]\[6\],20.38
scaled_scores\[29\]\[17\],20.38
v\[43\]\[7\],20.38
net2829,20.38
_10764_,20.36
_20616_,20.36
_21645_,20.36
_25626_,20.36
_42279_,20.36
_42934_,20.36
k\[6\]\[7\],20.36
_26032_,20.355
_39584_,20.355
_24333_,20.35
_02193_,20.345
_08701_,20.34
_10736_,20.34
_24048_,20.34
_26078_,20.34
_30492_,20.34
_30786_,20.34
_32832_,20.34
_40663_,20.34
v\[100\]\[0\],20.34
net4459,20.34
net5327,20.34
_14346_,20.32
_21655_,20.32
_23720_,20.32
_29794_,20.32
_31884_,20.32
_33954_,20.32
_37538_,20.32
_40093_,20.32
_43560_,20.32
_08510_,20.3
_10276_,20.3
_24016_,20.3
_25311_,20.3
_30347_,20.3
_30481_,20.3
_30989_,20.3
net2924,20.3
_21673_,20.29
_34614_,20.29
_09569_,20.28
_21810_,20.28
_24668_,20.28
_25146_,20.28
_26531_,20.28
_29864_,20.28
_29896_,20.28
_39220_,20.28
_39427_,20.28
k\[68\]\[2\],20.28
_26767_,20.26
_29308_,20.26
_30163_,20.26
_39264_,20.26
k\[25\]\[0\],20.26
scaled_scores\[13\]\[11\],20.26
u_score_dp.mac_gen\[3\].u_mac.accum_out\[6\],20.26
v\[97\]\[4\],20.245
_10978_,20.24
_20078_,20.24
_24146_,20.24
_30150_,20.24
_30446_,20.24
_40105_,20.24
_40236_,20.24
_43346_,20.24
scaled_scores\[31\]\[4\],20.24
scaled_scores\[56\]\[17\],20.24
scaled_scores\[57\]\[12\],20.24
v\[27\]\[0\],20.24
_30916_,20.23
_19447_,20.225
_09047_,20.22
_14412_,20.22
_27085_,20.22
_29340_,20.22
_33189_,20.22
_33294_,20.22
_33854_,20.22
_37380_,20.22
_37540_,20.22
_41281_,20.22
k\[95\]\[1\],20.22
v\[13\]\[3\],20.22
net1720,20.22
_35814_,20.21
_25212_,20.2
_33246_,20.2
_37520_,20.2
_38394_,20.2
scaled_scores\[55\]\[15\],20.2
_40190_,20.195
_24598_,20.18
_27764_,20.18
_29090_,20.18
_42449_,20.18
_08343_,20.16
_15049_,20.16
_21332_,20.16
_24287_,20.16
_26134_,20.16
_27088_,20.16
_28807_,20.16
_31208_,20.16
_31301_,20.16
_39627_,20.16
q\[39\]\[4\],20.16
net3634,20.16
_08841_,20.14
_10223_,20.14
_26255_,20.14
_32465_,20.14
_39318_,20.14
_43303_,20.14
v\[23\]\[6\],20.14
weights\[8\]\[6\],20.14
_10562_,20.13
_11132_,20.13
_21431_,20.12
_22801_,20.12
_24931_,20.12
_25654_,20.12
_25672_,20.12
_25675_,20.12
_27773_,20.12
_42105_,20.12
out\[118\]\[3\],20.12
v\[113\]\[3\],20.12
v\[122\]\[2\],20.12
_34796_,20.115
_09107_,20.1
_13461_,20.1
_20435_,20.1
_21822_,20.1
_25682_,20.1
_33159_,20.1
_36390_,20.1
net2969,20.1
_25453_,20.09
_34178_,20.085
_25049_,20.08
_26849_,20.08
_27689_,20.08
_31186_,20.08
_43147_,20.08
_43872_,20.08
weights\[7\]\[1\],20.08
_14016_,20.075
_19964_,20.075
_20034_,20.06
_21366_,20.06
_26835_,20.06
_29938_,20.06
_30185_,20.06
_30917_,20.06
_33031_,20.06
_35180_,20.06
out\[106\]\[4\],20.06
net5930,20.06
_25192_,20.04
_26244_,20.04
_27595_,20.04
_30795_,20.04
_31836_,20.04
k\[113\]\[6\],20.04
k\[29\]\[4\],20.04
scaled_scores\[28\]\[11\],20.04
net1636,20.04
net2265,20.04
_23890_,20.035
_14528_,20.02
_21656_,20.02
_23639_,20.02
_24453_,20.02
_27202_,20.02
_28324_,20.02
_31115_,20.02
_34610_,20.02
_43773_,20.02
k\[85\]\[5\],20.02
net5121,20.02
_08376_,20
_10456_,20
_11808_,20
_14271_,20
_21622_,20
_25928_,20
_26222_,20
_31700_,20
_31804_,20
_33919_,20
_34291_,20
_34903_,20
_39404_,20
out\[113\]\[7\],20
q\[25\]\[0\],20
_22098_,19.98
_22844_,19.98
_30282_,19.98
_31469_,19.98
_37008_,19.98
_41976_,19.98
_43695_,19.98
_44175_,19.98
net6038,19.98
_35352_,19.975
_08127_,19.96
_22588_,19.96
_24852_,19.96
_35709_,19.96
k\[85\]\[7\],19.96
out\[28\]\[2\],19.96
out\[98\]\[5\],19.96
q\[69\]\[4\],19.96
scaled_scores\[58\]\[2\],19.96
_25034_,19.95
_08425_,19.94
_25374_,19.94
_26154_,19.94
_31417_,19.94
_32186_,19.94
k\[89\]\[1\],19.94
net2572,19.94
_19128_,19.925
v\[64\]\[6\],19.925
_20224_,19.92
_21858_,19.92
_22872_,19.92
_26287_,19.92
_34403_,19.92
_42665_,19.92
_41128_,19.915
_19238_,19.9
_20500_,19.9
_23467_,19.9
_29313_,19.9
_32930_,19.9
_36333_,19.9
_38164_,19.9
_43969_,19.9
q\[120\]\[5\],19.9
v\[58\]\[3\],19.9
net5324,19.9
_13755_,19.88
_19370_,19.88
_23082_,19.88
_26321_,19.88
_28770_,19.88
_37523_,19.88
k\[48\]\[2\],19.88
out\[7\]\[1\],19.88
net1598,19.88
_25502_,19.875
_10311_,19.87
_14424_,19.87
_35140_,19.87
_19889_,19.86
_27738_,19.86
_33229_,19.86
_35060_,19.86
_39188_,19.86
_40878_,19.86
_41778_,19.86
_41877_,19.86
_09142_,19.84
_09279_,19.84
_19183_,19.84
_27013_,19.84
_28812_,19.84
_29270_,19.84
_32747_,19.84
_34275_,19.84
_36648_,19.84
_37549_,19.84
_40134_,19.84
_08422_,19.82
_11229_,19.82
_14316_,19.82
_20004_,19.82
_20874_,19.82
_23848_,19.82
_24484_,19.82
_25993_,19.82
_28406_,19.82
_32575_,19.82
weights\[51\]\[3\],19.82
net5567,19.82
_25580_,19.81
_13421_,19.8
_20217_,19.8
_26366_,19.8
_31005_,19.8
_39017_,19.8
_43858_,19.8
_08759_,19.78
_21790_,19.78
_24681_,19.78
_25328_,19.78
_26621_,19.78
_33691_,19.78
_34018_,19.78
_36725_,19.78
_43689_,19.78
_43930_,19.78
k\[22\]\[5\],19.78
net7364,19.78
_37695_,19.775
_27052_,19.77
_42611_,19.765
_22501_,19.76
_27815_,19.76
_30954_,19.76
_35392_,19.76
_37458_,19.76
scaled_scores\[18\]\[14\],19.76
v\[82\]\[0\],19.76
scaled_scores\[35\]\[17\],19.745
_11206_,19.74
_11242_,19.74
_12648_,19.74
_20467_,19.74
_21793_,19.74
_23114_,19.74
_33529_,19.74
_33868_,19.74
_40521_,19.74
_42157_,19.74
q\[119\]\[6\],19.74
q\[121\]\[5\],19.74
scaled_scores\[18\]\[4\],19.74
_29799_,19.73
_21221_,19.725
_19474_,19.72
_21445_,19.72
_21848_,19.72
_24387_,19.72
_27076_,19.72
_31255_,19.72
_34444_,19.72
_35473_,19.72
_36098_,19.72
_31337_,19.715
_36443_,19.715
state\[1\],19.715
_35505_,19.71
_42315_,19.71
scaled_scores\[42\]\[15\],19.705
_11248_,19.7
_21914_,19.7
_25242_,19.7
_31938_,19.7
_38309_,19.7
_42862_,19.7
scaled_scores\[16\]\[4\],19.7
net5433,19.7
_31043_,19.69
_20042_,19.68
_20547_,19.68
_23105_,19.68
_29214_,19.68
_29382_,19.68
_35255_,19.68
_44026_,19.68
q\[79\]\[0\],19.68
net5150,19.68
net6550,19.68
_13715_,19.66
_22884_,19.66
_23684_,19.66
_23907_,19.66
_28620_,19.66
_32967_,19.66
_34382_,19.66
_35320_,19.66
out\[83\]\[1\],19.66
raw_scores\[37\]\[13\],19.66
scaled_scores\[35\]\[11\],19.66
net2396,19.66
_08776_,19.65
_20719_,19.65
_08467_,19.64
_09108_,19.64
_09787_,19.64
_19861_,19.64
_28410_,19.64
_28769_,19.64
_29660_,19.64
_31994_,19.64
_38948_,19.64
_42519_,19.64
out\[7\]\[7\],19.64
scaled_scores\[57\]\[9\],19.64
_25906_,19.635
k\[24\]\[6\],19.625
_13523_,19.62
_19178_,19.62
_21256_,19.62
_40968_,19.62
k\[77\]\[0\],19.62
k\[95\]\[7\],19.62
out\[65\]\[2\],19.62
net895,19.62
_31123_,19.61
_08295_,19.6
_09537_,19.6
_25354_,19.6
_27852_,19.6
_29873_,19.6
_30461_,19.6
_33712_,19.6
_34946_,19.6
_36202_,19.6
_36714_,19.6
_40626_,19.6
_43674_,19.6
scaled_scores\[30\]\[10\],19.6
_39888_,19.595
_08020_,19.58
_08502_,19.58
_22638_,19.58
_30815_,19.58
_32556_,19.58
_35143_,19.58
_36892_,19.58
_42999_,19.58
_44000_,19.58
k\[29\]\[3\],19.58
q\[37\]\[0\],19.58
scaled_scores\[24\]\[5\],19.58
net5715,19.58
_25126_,19.56
_25520_,19.56
_29924_,19.56
_30079_,19.56
_31891_,19.56
_33859_,19.56
_37072_,19.56
_42097_,19.56
scaled_scores\[40\]\[5\],19.56
net1939,19.56
_25007_,19.545
_13784_,19.54
_14678_,19.54
_21950_,19.54
_24717_,19.54
_25778_,19.54
_34012_,19.54
_42686_,19.54
_42725_,19.54
_43974_,19.54
out\[110\]\[3\],19.54
out\[126\]\[3\],19.54
scaled_scores\[1\]\[16\],19.54
scaled_scores\[49\]\[4\],19.54
_20052_,19.53
_24115_,19.53
_22710_,19.52
_26613_,19.52
_32719_,19.52
_33938_,19.52
_35494_,19.52
_39051_,19.52
_40594_,19.52
_40709_,19.52
_41572_,19.52
_41844_,19.52
_42063_,19.52
weights\[48\]\[4\],19.52
_26081_,19.51
_33793_,19.51
_37432_,19.505
k\[19\]\[1\],19.505
weights\[46\]\[2\],19.505
_08740_,19.5
_10843_,19.5
_20271_,19.5
_23074_,19.5
_23761_,19.5
_27162_,19.5
_27289_,19.5
_28806_,19.5
_36185_,19.5
_42702_,19.5
out\[96\]\[4\],19.5
_38280_,19.495
_26069_,19.49
_19996_,19.48
_25186_,19.48
_26654_,19.48
_27618_,19.48
_30440_,19.48
_30902_,19.48
_31437_,19.48
_39206_,19.48
_40188_,19.48
_43914_,19.48
scaled_scores\[0\]\[16\],19.475
_21303_,19.47
_32804_,19.47
_09673_,19.46
_14602_,19.46
_28077_,19.46
_39005_,19.46
_42041_,19.46
net4546,19.46
_26176_,19.45
weights\[28\]\[3\],19.445
_09213_,19.44
_10867_,19.44
_13639_,19.44
_14407_,19.44
_20706_,19.44
_21168_,19.44
_22671_,19.44
_30313_,19.44
_31946_,19.44
raw_scores\[55\]\[17\],19.44
net1335,19.44
net2022,19.44
net7190,19.43
_20967_,19.42
_23003_,19.42
_23940_,19.42
_25020_,19.42
_33017_,19.42
_36104_,19.42
_40182_,19.42
_43559_,19.42
q\[123\]\[7\],19.42
raw_scores\[28\]\[3\],19.42
_07714_,19.4
_08244_,19.4
_08323_,19.4
_11090_,19.4
_20698_,19.4
_22562_,19.4
_29372_,19.4
_31284_,19.4
_33200_,19.4
_34002_,19.4
_34006_,19.4
_43112_,19.4
q\[119\]\[4\],19.4
q\[53\]\[4\],19.4
scaled_scores\[53\]\[1\],19.4
_43043_,19.39
v\[16\]\[5\],19.385
_26749_,19.38
_27552_,19.38
_34470_,19.38
_42215_,19.38
k\[98\]\[3\],19.38
v\[117\]\[6\],19.38
v\[80\]\[2\],19.38
v\[8\]\[3\],19.38
net2064,19.38
net2991,19.38
_33723_,19.375
_31753_,19.37
_10851_,19.36
_14199_,19.36
_19234_,19.36
_29895_,19.36
_31152_,19.36
_40402_,19.36
_40925_,19.36
_42273_,19.36
_42738_,19.36
raw_scores\[19\]\[17\],19.36
scaled_scores\[36\]\[17\],19.36
weights\[62\]\[4\],19.36
weights\[6\]\[0\],19.36
_24994_,19.355
scaled_scores\[7\]\[2\],19.355
_09968_,19.34
_20212_,19.34
_28171_,19.34
_29061_,19.34
_30721_,19.34
_33248_,19.34
_40843_,19.34
_44163_,19.34
q\[73\]\[1\],19.34
v\[116\]\[4\],19.34
net4111,19.34
scaled_scores\[43\]\[13\],19.325
_08885_,19.32
_13323_,19.32
_22936_,19.32
_23469_,19.32
_26973_,19.32
_38933_,19.32
_42158_,19.32
_42303_,19.32
_42400_,19.32
_43553_,19.32
_43572_,19.32
_43815_,19.32
_44084_,19.32
out\[107\]\[0\],19.32
scaled_scores\[7\]\[3\],19.32
_11354_,19.3
_13702_,19.3
_21318_,19.3
_24462_,19.3
_24544_,19.3
_25261_,19.3
_25594_,19.3
_39883_,19.3
_43950_,19.3
q\[0\]\[5\],19.3
q\[102\]\[4\],19.3
q\[11\]\[1\],19.3
weights\[7\]\[5\],19.3
_10080_,19.295
_09786_,19.28
_09996_,19.28
_23985_,19.28
_24706_,19.28
_25603_,19.28
_26204_,19.28
_28757_,19.28
_31091_,19.28
_37462_,19.28
_41365_,19.28
k\[103\]\[1\],19.28
k\[37\]\[2\],19.28
net414,19.28
net2344,19.28
v\[114\]\[3\],19.27
_08684_,19.26
_10432_,19.26
_19601_,19.26
_28259_,19.26
_34584_,19.26
_37662_,19.26
_38485_,19.26
_43854_,19.26
out\[113\]\[3\],19.26
scaled_scores\[51\]\[14\],19.26
v\[90\]\[5\],19.26
_25981_,19.245
_09619_,19.24
_22460_,19.24
_22988_,19.24
_23365_,19.24
_27239_,19.24
_28164_,19.24
_39411_,19.24
_42049_,19.24
q\[78\]\[4\],19.24
net1393,19.24
_43189_,19.23
_10132_,19.22
_11251_,19.22
_25215_,19.22
_35559_,19.22
_39877_,19.22
q\[72\]\[3\],19.22
net4532,19.22
_33454_,19.205
_08716_,19.2
_09658_,19.2
_10531_,19.2
_15103_,19.2
_23849_,19.2
_24967_,19.2
_28465_,19.2
_31433_,19.2
_38228_,19.2
_41914_,19.2
out\[23\]\[7\],19.2
net4447,19.2
_20227_,19.18
_21488_,19.18
_31406_,19.18
_35680_,19.18
_39413_,19.18
_41867_,19.18
out\[67\]\[3\],19.18
q\[33\]\[7\],19.18
net2095,19.18
_09808_,19.16
_10899_,19.16
_16918_,19.16
_22556_,19.16
_27834_,19.16
_31703_,19.16
_35138_,19.16
_40036_,19.16
_42287_,19.16
scaled_scores\[5\]\[16\],19.16
v\[103\]\[4\],19.16
v\[87\]\[5\],19.16
net6319,19.16
_24978_,19.14
_27858_,19.14
_38665_,19.14
k\[92\]\[6\],19.14
raw_scores\[60\]\[4\],19.14
v\[118\]\[2\],19.13
_11716_,19.12
_12769_,19.12
_13582_,19.12
_13877_,19.12
_14212_,19.12
_20613_,19.12
_21064_,19.12
_27835_,19.12
_30097_,19.12
_30486_,19.12
_32827_,19.12
_43691_,19.12
out\[22\]\[3\],19.12
out\[88\]\[7\],19.12
_29943_,19.115
_08477_,19.1
_13962_,19.1
_32381_,19.1
_32774_,19.1
_35477_,19.1
_42781_,19.1
q\[124\]\[4\],19.1
weights\[5\]\[6\],19.1
_09055_,19.08
_13331_,19.08
_21355_,19.08
_22528_,19.08
_26329_,19.08
_26573_,19.08
_29450_,19.08
_32507_,19.08
_33907_,19.08
_35551_,19.08
_36462_,19.08
out\[18\]\[1\],19.08
weights\[8\]\[0\],19.08
net348,19.08
_24635_,19.075
_22919_,19.07
_25450_,19.07
_30778_,19.07
_00952_,19.065
_19323_,19.06
_22421_,19.06
_23860_,19.06
_24504_,19.06
_28005_,19.06
_29527_,19.06
_31649_,19.06
_42264_,19.06
_43989_,19.06
net2186,19.06
_20293_,19.045
_19528_,19.04
_25515_,19.04
_26679_,19.04
_27899_,19.04
_29858_,19.04
_35317_,19.04
_35466_,19.04
_40452_,19.04
_40482_,19.04
_42500_,19.04
out\[96\]\[5\],19.04
scaled_scores\[28\]\[13\],19.04
v\[83\]\[6\],19.04
_02272_,19.025
_20750_,19.02
_26317_,19.02
_27510_,19.02
_33460_,19.02
_37377_,19.02
_43247_,19.02
net1246,19.02
_07677_,19.01
_35779_,19.01
_19652_,19
_19891_,19
_28265_,19
_31667_,19
_34855_,19
_35579_,19
_40349_,19
_40859_,19
_43951_,19
scaled_scores\[0\]\[11\],19
v\[106\]\[0\],19
net6294,19
_08794_,18.98
_10461_,18.98
_16436_,18.98
_22660_,18.98
_23077_,18.98
_23682_,18.98
_28353_,18.98
_29067_,18.98
_33660_,18.98
_33720_,18.98
_37078_,18.98
_42107_,18.98
k\[72\]\[3\],18.98
net834,18.98
_41406_,18.975
_25528_,18.97
_36266_,18.97
_43571_,18.97
out\[44\]\[4\],18.965
weights\[41\]\[0\],18.965
_09699_,18.96
_21182_,18.96
_24066_,18.96
_26490_,18.96
_27365_,18.96
_31864_,18.96
_33706_,18.96
_36041_,18.96
_37799_,18.96
_39012_,18.96
_43394_,18.96
q\[5\]\[7\],18.96
scaled_scores\[20\]\[3\],18.96
v\[8\]\[1\],18.96
_07728_,18.94
_08048_,18.94
_27866_,18.94
_29579_,18.94
_32042_,18.94
_32112_,18.94
_35534_,18.94
_42292_,18.94
scaled_scores\[13\]\[0\],18.94
_19459_,18.92
_21451_,18.92
_22229_,18.92
_25006_,18.92
_31101_,18.92
_35421_,18.92
_40630_,18.92
_42281_,18.92
_42764_,18.92
_44162_,18.92
u_score_dp.mac_gen\[10\].u_mac.accum_out\[1\],18.92
_04432_,18.905
_10882_,18.9
_21866_,18.9
_21901_,18.9
_24128_,18.9
_28574_,18.9
_37138_,18.9
_40720_,18.9
q\[84\]\[5\],18.9
net7060,18.9
_27781_,18.89
_31913_,18.89
_14352_,18.88
_21408_,18.88
_21944_,18.88
_23402_,18.88
_27727_,18.88
_38239_,18.88
_41285_,18.88
_41346_,18.88
_42543_,18.88
out\[121\]\[6\],18.88
out\[32\]\[1\],18.88
scaled_scores\[15\]\[17\],18.88
_19109_,18.86
_22688_,18.86
_32024_,18.86
_32038_,18.86
_32366_,18.86
_32407_,18.86
_34546_,18.86
_35673_,18.86
k\[44\]\[5\],18.86
k\[46\]\[4\],18.86
out\[28\]\[4\],18.86
v\[38\]\[4\],18.86
v\[45\]\[2\],18.86
net6959,18.86
_24797_,18.85
_41268_,18.85
_41725_,18.85
_19097_,18.845
_10268_,18.84
_13367_,18.84
_29079_,18.84
_31546_,18.84
_33255_,18.84
_40454_,18.84
_41984_,18.84
_42245_,18.84
k\[127\]\[3\],18.84
net4547,18.84
_08094_,18.83
_11171_,18.82
_20103_,18.82
_23541_,18.82
_23729_,18.82
_25057_,18.82
_26340_,18.82
_30026_,18.82
_35229_,18.82
_38132_,18.82
_39254_,18.82
_41849_,18.82
_42827_,18.82
q\[109\]\[3\],18.82
q\[5\]\[1\],18.82
raw_scores\[33\]\[11\],18.82
scaled_scores\[2\]\[0\],18.82
scaled_scores\[62\]\[6\],18.82
net1506,18.82
_22075_,18.8
_22365_,18.8
_22524_,18.8
_34782_,18.8
_42438_,18.8
scaled_scores\[11\]\[3\],18.8
scaled_scores\[21\]\[14\],18.8
net6960,18.8
_40955_,18.795
_10397_,18.78
_13927_,18.78
_28528_,18.78
_31819_,18.78
_31823_,18.78
_32467_,18.78
_43991_,18.78
_44197_,18.78
k\[75\]\[5\],18.78
raw_scores\[7\]\[6\],18.78
scaled_scores\[18\]\[16\],18.78
v\[48\]\[0\],18.78
net2442,18.78
net2737,18.78
_10195_,18.76
_10769_,18.76
_11146_,18.76
_13703_,18.76
_19529_,18.76
_27004_,18.76
_27547_,18.76
_31981_,18.76
_36751_,18.76
_39606_,18.76
_41846_,18.76
_42629_,18.76
net3205,18.76
_20185_,18.75
_01771_,18.745
q\[84\]\[4\],18.745
_13362_,18.74
_13865_,18.74
_19425_,18.74
_21890_,18.74
_25095_,18.74
_27937_,18.74
_33896_,18.74
_35854_,18.74
k\[16\]\[4\],18.74
out\[115\]\[6\],18.74
q\[119\]\[2\],18.74
q\[66\]\[2\],18.74
weights\[5\]\[3\],18.74
net7813,18.74
_23745_,18.735
k\[83\]\[5\],18.73
_11254_,18.72
_21000_,18.72
_25817_,18.72
_29437_,18.72
_33616_,18.72
_36732_,18.72
scaled_scores\[1\]\[11\],18.72
scaled_scores\[58\]\[1\],18.72
weights\[24\]\[1\],18.72
net5575,18.72
_27303_,18.71
_40143_,18.71
weights\[46\]\[3\],18.705
_10812_,18.7
_19596_,18.7
_21112_,18.7
_24929_,18.7
_25015_,18.7
_26119_,18.7
_26471_,18.7
_27184_,18.7
_27233_,18.7
_27925_,18.7
_28803_,18.7
_33224_,18.7
_38130_,18.7
_40427_,18.7
_42255_,18.7
_44183_,18.7
k\[15\]\[1\],18.7
k\[33\]\[1\],18.7
k\[95\]\[4\],18.7
out\[49\]\[7\],18.7
u_score_dp.mac_gen\[4\].u_mac.accum_out\[1\],18.7
v\[58\]\[5\],18.7
net3151,18.7
net5545,18.7
_42767_,18.69
_10608_,18.68
_20429_,18.68
_23874_,18.68
_25531_,18.68
_32032_,18.68
_34910_,18.68
_39200_,18.68
_41727_,18.68
scaled_scores\[2\]\[1\],18.68
_24239_,18.67
scaled_scores\[50\]\[8\],18.67
_10604_,18.66
_14171_,18.66
_20245_,18.66
_27932_,18.66
_28338_,18.66
_29285_,18.66
_30761_,18.66
_33281_,18.66
_34930_,18.66
_41138_,18.66
_42250_,18.66
_44194_,18.66
k\[68\]\[1\],18.66
scaled_scores\[38\]\[12\],18.66
v\[120\]\[5\],18.66
v\[26\]\[6\],18.66
net1662,18.66
net1968,18.66
_28722_,18.655
_39421_,18.655
k\[6\]\[3\],18.65
_02285_,18.645
q\[63\]\[3\],18.645
_21261_,18.64
_26713_,18.64
_32095_,18.64
_32328_,18.64
_34216_,18.64
_37163_,18.64
_42029_,18.64
_42804_,18.64
_43058_,18.64
_33644_,18.635
_09166_,18.63
_13965_,18.62
_20173_,18.62
_30899_,18.62
_34107_,18.62
_38075_,18.62
_39412_,18.62
_43949_,18.62
k\[19\]\[4\],18.62
k\[96\]\[4\],18.62
q\[118\]\[4\],18.62
q\[7\]\[4\],18.62
weights\[2\]\[3\],18.62
_08131_,18.6
_08752_,18.6
_11041_,18.6
_23718_,18.6
_33344_,18.6
_34851_,18.6
_38617_,18.6
_39710_,18.6
_40107_,18.6
_40940_,18.6
v\[20\]\[6\],18.6
_10246_,18.58
_13455_,18.58
_19388_,18.58
_21109_,18.58
_22294_,18.58
_22372_,18.58
_42128_,18.58
out\[115\]\[3\],18.58
v\[107\]\[1\],18.58
_19512_,18.575
out\[44\]\[2\],18.565
_08612_,18.56
_12505_,18.56
_14517_,18.56
_19278_,18.56
_24574_,18.56
_30947_,18.56
scaled_scores\[60\]\[17\],18.56
net2714,18.56
net2955,18.56
_23041_,18.55
_13539_,18.54
_21340_,18.54
_27034_,18.54
_27281_,18.54
_28497_,18.54
_30641_,18.54
_30962_,18.54
_34022_,18.54
_34369_,18.54
_34541_,18.54
_35602_,18.54
_38083_,18.54
_39266_,18.54
raw_scores\[43\]\[13\],18.54
clknet_leaf_802_clk,18.54
net2194,18.54
_38979_,18.525
out\[38\]\[7\],18.525
_08162_,18.52
_09660_,18.52
_10913_,18.52
_26511_,18.52
_26875_,18.52
_34362_,18.52
_39110_,18.52
_42272_,18.52
scaled_scores\[24\]\[8\],18.52
scaled_scores\[29\]\[15\],18.52
scaled_scores\[56\]\[2\],18.52
v\[61\]\[1\],18.52
net1792,18.52
_08423_,18.51
_11070_,18.5
_11198_,18.5
_21941_,18.5
_29830_,18.5
_30361_,18.5
_39356_,18.5
out\[119\]\[7\],18.5
out\[78\]\[3\],18.5
scaled_scores\[50\]\[7\],18.5
v\[112\]\[4\],18.5
v\[122\]\[0\],18.5
v\[125\]\[1\],18.5
net988,18.5
net7093,18.5
scaled_scores\[38\]\[9\],18.49
_23532_,18.48
_23590_,18.48
_24761_,18.48
_28043_,18.48
_36486_,18.48
_38620_,18.48
_39002_,18.48
_40777_,18.48
_41982_,18.48
out\[69\]\[4\],18.48
q\[98\]\[4\],18.48
net5216,18.48
_27823_,18.47
k\[26\]\[1\],18.465
_10891_,18.46
_17991_,18.46
_20221_,18.46
_21640_,18.46
_23055_,18.46
_24015_,18.46
_25342_,18.46
_32252_,18.46
_33476_,18.46
_33788_,18.46
_33827_,18.46
_33967_,18.46
_36356_,18.46
net2232,18.46
_44280_,18.45
raw_scores\[42\]\[5\],18.45
_19594_,18.44
_20903_,18.44
_21444_,18.44
_21893_,18.44
_26034_,18.44
_27292_,18.44
_33293_,18.44
_38804_,18.44
_39114_,18.44
out\[17\]\[5\],18.44
out\[6\]\[3\],18.44
scaled_scores\[20\]\[2\],18.44
v\[41\]\[2\],18.44
_27779_,18.43
_02183_,18.425
q\[54\]\[0\],18.425
_08863_,18.42
_09141_,18.42
_20072_,18.42
_20259_,18.42
_21173_,18.42
_21180_,18.42
_21380_,18.42
_27091_,18.42
_29314_,18.42
_35252_,18.42
_39772_,18.42
_40978_,18.42
_41526_,18.42
net1942,18.42
net2062,18.42
net5399,18.42
net7295,18.42
_41183_,18.41
_07103_,18.4
_09052_,18.4
_11223_,18.4
_16136_,18.4
_20716_,18.4
_22285_,18.4
_25806_,18.4
_37748_,18.4
_42104_,18.4
_43800_,18.4
_44015_,18.4
k\[67\]\[6\],18.4
k\[68\]\[6\],18.4
k\[76\]\[2\],18.4
scaled_scores\[62\]\[15\],18.4
v\[30\]\[3\],18.4
net2149,18.4
net4176,18.4
net5916,18.4
_39415_,18.395
_11200_,18.39
k\[103\]\[4\],18.39
_03138_,18.385
_08515_,18.38
_20268_,18.38
_34822_,18.38
_40772_,18.38
_43836_,18.38
q\[50\]\[4\],18.38
v\[105\]\[2\],18.38
_08469_,18.37
_28656_,18.365
_08722_,18.36
_13429_,18.36
_19743_,18.36
_20520_,18.36
_24179_,18.36
_34199_,18.36
_37822_,18.36
_40225_,18.36
q\[124\]\[0\],18.36
weights\[34\]\[2\],18.36
net2963,18.36
_19448_,18.35
_08082_,18.34
_24325_,18.34
_31678_,18.34
_34517_,18.34
_38893_,18.34
_39398_,18.34
scaled_scores\[52\]\[6\],18.34
weights\[38\]\[1\],18.34
_10936_,18.33
_42789_,18.33
k\[57\]\[2\],18.325
_08796_,18.32
_20576_,18.32
_25897_,18.32
_28985_,18.32
_39026_,18.32
_41049_,18.32
_42441_,18.32
_43842_,18.32
_44102_,18.32
scaled_scores\[16\]\[11\],18.32
net6819,18.32
_41664_,18.31
v\[72\]\[6\],18.31
weights\[20\]\[7\],18.31
v\[33\]\[3\],18.305
_30382_,18.3
_33895_,18.3
_34028_,18.3
_36022_,18.3
_37112_,18.3
_38953_,18.3
_08103_,18.28
_09363_,18.28
_13584_,18.28
_19198_,18.28
_22653_,18.28
_24919_,18.28
_30869_,18.28
_39987_,18.28
k\[101\]\[0\],18.28
v\[46\]\[6\],18.28
net4105,18.28
_09139_,18.26
_19385_,18.26
_21368_,18.26
_21849_,18.26
_21996_,18.26
_31552_,18.26
_34493_,18.26
_41348_,18.26
_41986_,18.26
_43304_,18.26
out\[12\]\[1\],18.26
q\[76\]\[1\],18.26
v\[90\]\[6\],18.26
q\[95\]\[7\],18.245
scaled_scores\[43\]\[15\],18.245
_09861_,18.24
_13398_,18.24
_20761_,18.24
_21310_,18.24
_21466_,18.24
_21846_,18.24
_24469_,18.24
_25702_,18.24
_27847_,18.24
_35592_,18.24
q\[12\]\[1\],18.24
scaled_scores\[3\]\[17\],18.24
weights\[9\]\[1\],18.24
net5557,18.24
_31940_,18.235
raw_scores\[28\]\[13\],18.23
_08598_,18.22
_09064_,18.22
_19354_,18.22
_22951_,18.22
_23342_,18.22
_27133_,18.22
_33794_,18.22
_36245_,18.22
_39834_,18.22
_41277_,18.22
_43155_,18.22
q\[22\]\[1\],18.22
net1723,18.22
net5570,18.22
_41688_,18.21
q\[92\]\[0\],18.205
_12524_,18.2
_14022_,18.2
_23034_,18.2
_29253_,18.2
_44034_,18.2
scaled_scores\[3\]\[15\],18.195
_43554_,18.19
q\[84\]\[0\],18.185
_10560_,18.18
_26504_,18.18
_29053_,18.18
_29384_,18.18
_31487_,18.18
_33645_,18.18
_38408_,18.18
_42195_,18.18
scaled_scores\[24\]\[12\],18.18
net5286,18.18
k\[38\]\[1\],18.175
_32427_,18.17
_09326_,18.16
_20292_,18.16
_23934_,18.16
_25448_,18.16
_25728_,18.16
_27267_,18.16
_30543_,18.16
_40201_,18.16
_42428_,18.16
k\[14\]\[4\],18.16
v\[58\]\[7\],18.16
net1876,18.16
net4142,18.16
_24374_,18.15
_27802_,18.15
_00958_,18.145
_08370_,18.14
_16119_,18.14
_23773_,18.14
_27766_,18.14
_30923_,18.14
_37136_,18.14
_39314_,18.14
_43679_,18.14
_43835_,18.14
k\[52\]\[2\],18.14
out\[109\]\[7\],18.14
out\[58\]\[6\],18.14
out\[69\]\[0\],18.14
net1230,18.14
net1989,18.14
k\[81\]\[2\],18.125
_08224_,18.12
_20187_,18.12
_27968_,18.12
_29817_,18.12
_39654_,18.12
_40819_,18.12
_41912_,18.12
_42070_,18.12
_42509_,18.12
_42701_,18.12
k\[51\]\[7\],18.12
net1180,18.12
net3588,18.12
net5998,18.12
_21896_,18.115
_07985_,18.105
_10561_,18.1
_22022_,18.1
_22088_,18.1
_25161_,18.1
_28350_,18.1
_28568_,18.1
_29184_,18.1
_33953_,18.1
_35274_,18.1
_38259_,18.1
_42320_,18.1
_43449_,18.1
q\[41\]\[2\],18.1
scaled_scores\[27\]\[8\],18.1
scaled_scores\[29\]\[4\],18.1
v\[82\]\[2\],18.1
_23762_,18.095
k\[105\]\[0\],18.095
_32475_,18.09
_34432_,18.09
_41616_,18.09
v\[72\]\[3\],18.09
_03537_,18.085
_08053_,18.08
_09122_,18.08
_10157_,18.08
_10231_,18.08
_13886_,18.08
_23219_,18.08
_23497_,18.08
_25257_,18.08
_28167_,18.08
_29196_,18.08
_29819_,18.08
_30251_,18.08
_31490_,18.08
_34605_,18.08
_37647_,18.08
_40456_,18.08
_41313_,18.08
_43718_,18.08
k\[114\]\[2\],18.08
v\[36\]\[3\],18.08
_20697_,18.075
q\[61\]\[2\],18.075
_19882_,18.065
_10422_,18.06
_11245_,18.06
_19994_,18.06
_22079_,18.06
_23244_,18.06
_23650_,18.06
_25642_,18.06
_28980_,18.06
_29070_,18.06
_29955_,18.06
_35775_,18.06
_37693_,18.06
_40470_,18.06
k\[102\]\[6\],18.06
_06052_,18.045
_09174_,18.04
_25000_,18.04
_26768_,18.04
_27020_,18.04
_30656_,18.04
_30832_,18.04
_32126_,18.04
_34874_,18.04
_39018_,18.04
out\[13\]\[4\],18.04
out\[17\]\[6\],18.04
weights\[57\]\[7\],18.04
net1447,18.04
net1472,18.04
net2650,18.04
_42384_,18.035
_43276_,18.03
_34175_,18.025
_08866_,18.02
_20365_,18.02
_25058_,18.02
_25688_,18.02
_25764_,18.02
_27890_,18.02
_28482_,18.02
_29303_,18.02
_31730_,18.02
_35209_,18.02
_39300_,18.02
_42220_,18.02
_43877_,18.02
scaled_scores\[56\]\[5\],18.02
v\[19\]\[0\],18.02
clknet_leaf_345_clk,18.02
net3873,18.02
_39853_,18.005
_08514_,18
_13469_,18
_20357_,18
_20362_,18
_21071_,18
_22055_,18
_22853_,18
_23221_,18
_25773_,18
_27822_,18
_30558_,18
_31288_,18
_34272_,18
_39905_,18
_41177_,18
_42548_,18
_24538_,17.99
_25751_,17.99
_07937_,17.98
_08021_,17.98
_14386_,17.98
_20559_,17.98
_26065_,17.98
_29255_,17.98
_29619_,17.98
_38163_,17.98
_41107_,17.98
_41141_,17.98
scaled_scores\[55\]\[2\],17.98
v\[61\]\[4\],17.98
net3011,17.98
scaled_scores\[7\]\[9\],17.965
_08844_,17.96
_24582_,17.96
_33048_,17.96
_34325_,17.96
_35030_,17.96
_40889_,17.96
_40897_,17.96
_40939_,17.96
_41395_,17.96
k\[41\]\[2\],17.96
k\[50\]\[1\],17.96
net2439,17.96
_08077_,17.94
_20684_,17.94
_24569_,17.94
_24928_,17.94
_25535_,17.94
_25727_,17.94
_26315_,17.94
_33527_,17.94
_35562_,17.94
_41839_,17.94
_43606_,17.94
out\[11\]\[2\],17.94
out\[3\]\[1\],17.94
q\[126\]\[1\],17.94
v\[68\]\[4\],17.94
weights\[22\]\[2\],17.94
_08544_,17.92
_08854_,17.92
_13113_,17.92
_14080_,17.92
_16124_,17.92
_21686_,17.92
_24037_,17.92
_25616_,17.92
_28867_,17.92
_31092_,17.92
_32204_,17.92
_33245_,17.92
_35440_,17.92
_38737_,17.92
scaled_scores\[50\]\[5\],17.92
v\[22\]\[2\],17.92
_19188_,17.915
_10833_,17.9
_19369_,17.9
_21718_,17.9
_23644_,17.9
_28399_,17.9
_28575_,17.9
_38962_,17.9
k\[10\]\[0\],17.9
k\[94\]\[0\],17.9
raw_scores\[51\]\[7\],17.9
net3498,17.9
_01169_,17.885
_14259_,17.88
_19841_,17.88
_26024_,17.88
_26559_,17.88
_38179_,17.88
_43324_,17.88
_43756_,17.88
scaled_scores\[14\]\[15\],17.88
net3250,17.88
_25547_,17.875
_31659_,17.875
_31857_,17.875
_42919_,17.87
out\[41\]\[5\],17.87
_13856_,17.86
_22694_,17.86
_22715_,17.86
_23576_,17.86
_24386_,17.86
_29243_,17.86
_31093_,17.86
_35024_,17.86
_39182_,17.86
k\[41\]\[4\],17.86
v\[126\]\[7\],17.86
weights\[35\]\[3\],17.86
net2911,17.86
net6221,17.86
_30605_,17.85
_09873_,17.84
_10407_,17.84
_20108_,17.84
_24292_,17.84
_29416_,17.84
_30164_,17.84
_30429_,17.84
_33438_,17.84
_38881_,17.84
_39324_,17.84
q\[15\]\[6\],17.84
scaled_scores\[12\]\[9\],17.84
_28536_,17.82
_36192_,17.82
out\[127\]\[1\],17.82
q\[35\]\[3\],17.82
scaled_scores\[6\]\[8\],17.82
v\[104\]\[1\],17.82
v\[109\]\[1\],17.82
net5384,17.82
_25047_,17.81
_23353_,17.8
_26170_,17.8
_26918_,17.8
_31443_,17.8
_33033_,17.8
_34897_,17.8
_37898_,17.8
net7436,17.8
net7700,17.8
_11088_,17.78
_19651_,17.78
_20051_,17.78
_20091_,17.78
_24687_,17.78
_25203_,17.78
_26667_,17.78
_28874_,17.78
_30639_,17.78
_30886_,17.78
_31830_,17.78
_32010_,17.78
_33488_,17.78
_42026_,17.78
_42412_,17.78
_42970_,17.78
_43122_,17.78
_43700_,17.78
q\[41\]\[7\],17.78
v\[27\]\[7\],17.78
net1149,17.78
net1606,17.78
net1676,17.78
net3150,17.78
_08543_,17.76
_21213_,17.76
_21746_,17.76
_24392_,17.76
_27572_,17.76
_39364_,17.76
_39826_,17.76
k\[100\]\[0\],17.76
_42670_,17.755
q\[59\]\[1\],17.745
_08254_,17.74
_19275_,17.74
_19386_,17.74
_21646_,17.74
_29216_,17.74
_33639_,17.74
_36148_,17.74
_40075_,17.74
_40318_,17.74
_43946_,17.74
k\[34\]\[7\],17.74
k\[87\]\[1\],17.74
v\[120\]\[6\],17.74
v\[74\]\[6\],17.74
net337,17.74
net2519,17.74
net3437,17.74
_21517_,17.735
_30236_,17.735
_40991_,17.735
_42769_,17.73
scaled_scores\[41\]\[2\],17.73
net5685,17.73
_00446_,17.725
_22057_,17.72
_23788_,17.72
_24882_,17.72
_44033_,17.72
net2588,17.72
_30092_,17.715
k\[54\]\[0\],17.715
_23146_,17.7
_25265_,17.7
_27511_,17.7
_27871_,17.7
_29229_,17.7
_30350_,17.7
_33506_,17.7
_33860_,17.7
_35816_,17.7
_41746_,17.7
_42152_,17.7
_42668_,17.7
k\[22\]\[0\],17.7
out\[79\]\[7\],17.7
q\[47\]\[3\],17.7
v\[80\]\[1\],17.7
net1960,17.7
net5233,17.7
_07650_,17.68
_10302_,17.68
_11708_,17.68
_23992_,17.68
_25029_,17.68
_26515_,17.68
_27150_,17.68
_28207_,17.68
_34818_,17.68
net3648,17.68
_33658_,17.67
_08028_,17.66
_08697_,17.66
_09730_,17.66
_20306_,17.66
_23081_,17.66
_26863_,17.66
_31309_,17.66
_31603_,17.66
_31898_,17.66
_39205_,17.66
_43819_,17.66
k\[24\]\[3\],17.66
weights\[14\]\[5\],17.66
net850,17.66
net4966,17.66
_31585_,17.65
_10763_,17.64
_14311_,17.64
_19159_,17.64
_26964_,17.64
_27408_,17.64
_29757_,17.64
_31849_,17.64
_33745_,17.64
_33947_,17.64
_36770_,17.64
_40856_,17.64
_42489_,17.64
k\[31\]\[6\],17.64
out\[26\]\[5\],17.64
out\[7\]\[4\],17.64
v\[89\]\[4\],17.64
net841,17.64
net4042,17.64
_32472_,17.63
q\[58\]\[0\],17.625
_09983_,17.62
_20430_,17.62
_22240_,17.62
_22455_,17.62
_24129_,17.62
_24591_,17.62
_24925_,17.62
_26005_,17.62
_26743_,17.62
_26805_,17.62
_28572_,17.62
_29666_,17.62
_31124_,17.62
_31398_,17.62
_34437_,17.62
_37093_,17.62
_41442_,17.62
_42305_,17.62
_44029_,17.62
out\[120\]\[1\],17.62
q\[115\]\[4\],17.62
v\[67\]\[5\],17.62
k\[92\]\[3\],17.615
_38426_,17.61
_09203_,17.6
_09543_,17.6
_10304_,17.6
_10817_,17.6
_14153_,17.6
_19780_,17.6
_20077_,17.6
_23989_,17.6
_26202_,17.6
_30094_,17.6
_32672_,17.6
_33079_,17.6
_33582_,17.6
_34926_,17.6
_35142_,17.6
_43613_,17.6
out\[33\]\[5\],17.6
_22487_,17.59
_03375_,17.585
_11026_,17.58
_16942_,17.58
_21602_,17.58
_23819_,17.58
_27381_,17.58
_42440_,17.58
k\[42\]\[1\],17.58
q\[32\]\[6\],17.58
raw_scores\[62\]\[15\],17.58
v\[4\]\[6\],17.58
net933,17.58
net3143,17.58
_22667_,17.57
weights\[27\]\[6\],17.565
_07723_,17.56
_21157_,17.56
_26185_,17.56
_27749_,17.56
_32249_,17.56
_35662_,17.56
scaled_scores\[0\]\[1\],17.56
v\[125\]\[4\],17.56
net849,17.56
net1972,17.56
net2053,17.56
_21845_,17.55
v\[17\]\[3\],17.545
_09398_,17.54
_14180_,17.54
_20046_,17.54
_29020_,17.54
_40734_,17.54
_41917_,17.54
k\[75\]\[3\],17.54
k\[84\]\[1\],17.54
out\[39\]\[5\],17.54
q\[50\]\[6\],17.54
net333,17.54
net2857,17.54
_13566_,17.53
k\[59\]\[4\],17.525
_08062_,17.52
_21882_,17.52
_22208_,17.52
_23214_,17.52
_25656_,17.52
_32142_,17.52
_33263_,17.52
_39295_,17.52
_41438_,17.52
_41964_,17.52
_42834_,17.52
_44054_,17.52
out\[15\]\[1\],17.52
out\[23\]\[5\],17.52
out\[71\]\[2\],17.52
q\[48\]\[1\],17.52
v\[58\]\[2\],17.52
net6184,17.52
_19663_,17.51
_09434_,17.5
_22201_,17.5
_24313_,17.5
_31252_,17.5
_41320_,17.5
_43222_,17.5
_44155_,17.5
out\[77\]\[2\],17.5
raw_scores\[29\]\[4\],17.5
scaled_scores\[51\]\[4\],17.5
v\[41\]\[5\],17.5
weights\[26\]\[5\],17.5
net5041,17.5
_28458_,17.495
scaled_scores\[46\]\[5\],17.495
_28394_,17.49
_35538_,17.485
_39080_,17.485
k\[26\]\[6\],17.485
_07830_,17.48
_08574_,17.48
_14422_,17.48
_24541_,17.48
_26295_,17.48
_26808_,17.48
_31895_,17.48
_33909_,17.48
_39419_,17.48
_40333_,17.48
_43203_,17.48
k\[31\]\[4\],17.48
scaled_scores\[0\]\[10\],17.48
scaled_scores\[11\]\[6\],17.48
scaled_scores\[28\]\[10\],17.48
v\[39\]\[2\],17.48
_24736_,17.47
out\[42\]\[5\],17.465
scaled_scores\[47\]\[0\],17.465
_15818_,17.46
_21742_,17.46
_28251_,17.46
_30484_,17.46
_30576_,17.46
_37988_,17.46
_38767_,17.46
_40596_,17.46
_42810_,17.46
k\[124\]\[5\],17.46
v\[1\]\[5\],17.46
net991,17.46
_19575_,17.455
_10489_,17.44
_11256_,17.44
_13293_,17.44
_22454_,17.44
_25083_,17.44
_27634_,17.44
_28243_,17.44
_33983_,17.44
_35340_,17.44
_37095_,17.44
_38660_,17.44
_40522_,17.44
_43492_,17.44
out\[119\]\[6\],17.44
scaled_scores\[11\]\[13\],17.44
v\[108\]\[1\],17.44
_11219_,17.42
_17788_,17.42
_24173_,17.42
_25219_,17.42
_27340_,17.42
_34324_,17.42
_36837_,17.42
_39837_,17.42
_40405_,17.42
_42019_,17.42
q\[20\]\[4\],17.42
scaled_scores\[11\]\[16\],17.42
v\[60\]\[4\],17.42
_10180_,17.4
_11025_,17.4
_11213_,17.4
_16582_,17.4
_19344_,17.4
_20469_,17.4
_23258_,17.4
_24117_,17.4
_26704_,17.4
_29426_,17.4
_32216_,17.4
_32981_,17.4
_42728_,17.4
_43427_,17.4
k\[10\]\[5\],17.4
q\[107\]\[4\],17.4
v\[123\]\[1\],17.4
v\[83\]\[1\],17.4
net5892,17.4
_31180_,17.39
_43204_,17.385
q\[89\]\[4\],17.385
_05246_,17.38
_08784_,17.38
_10297_,17.38
_24765_,17.38
_28449_,17.38
_29165_,17.38
_38055_,17.38
scaled_scores\[62\]\[2\],17.38
_31945_,17.365
_13765_,17.36
_13970_,17.36
_19897_,17.36
_20139_,17.36
_20287_,17.36
_23569_,17.36
_32374_,17.36
_35220_,17.36
_35741_,17.36
_36239_,17.36
_41588_,17.36
k\[70\]\[3\],17.36
out\[111\]\[0\],17.36
out\[18\]\[4\],17.36
q\[10\]\[1\],17.36
q\[124\]\[6\],17.36
q\[24\]\[5\],17.36
v\[89\]\[1\],17.36
net2910,17.36
out\[125\]\[1\],17.35
_03768_,17.345
_19646_,17.34
_24497_,17.34
scaled_scores\[15\]\[1\],17.34
scaled_scores\[62\]\[9\],17.34
net5158,17.34
_07952_,17.335
_24114_,17.335
_10906_,17.33
_15248_,17.33
_20675_,17.33
v\[118\]\[0\],17.325
_13632_,17.32
_20127_,17.32
_21114_,17.32
_23858_,17.32
_24382_,17.32
_24468_,17.32
_27225_,17.32
_27248_,17.32
_30983_,17.32
_31278_,17.32
_41882_,17.32
k\[96\]\[7\],17.32
out\[8\]\[1\],17.32
q\[110\]\[5\],17.32
weights\[58\]\[0\],17.32
net3156,17.32
net4365,17.32
_25296_,17.31
_13998_,17.3
_25783_,17.3
_30550_,17.3
q\[51\]\[1\],17.3
scaled_scores\[47\]\[8\],17.3
_41223_,17.29
_07654_,17.28
_08650_,17.28
_27658_,17.28
_27994_,17.28
_29596_,17.28
_30221_,17.28
_30993_,17.28
_32389_,17.28
_34397_,17.28
_43389_,17.28
out\[26\]\[6\],17.28
q\[40\]\[4\],17.28
raw_scores\[45\]\[13\],17.28
scaled_scores\[45\]\[1\],17.28
net2706,17.28
_17672_,17.26
_25003_,17.26
_25125_,17.26
_27406_,17.26
_32147_,17.26
_32279_,17.26
_39923_,17.26
_40774_,17.26
q\[22\]\[3\],17.26
q\[35\]\[7\],17.26
q\[63\]\[6\],17.245
weights\[29\]\[2\],17.245
_09241_,17.24
_10667_,17.24
_11222_,17.24
_20137_,17.24
_21467_,17.24
_24576_,17.24
_25115_,17.24
_30567_,17.24
_33707_,17.24
_34875_,17.24
_38736_,17.24
_40455_,17.24
k\[43\]\[5\],17.24
net1332,17.24
net1885,17.24
net1945,17.24
net2629,17.24
_10542_,17.22
_28220_,17.22
_31373_,17.22
scaled_scores\[10\]\[17\],17.22
net6570,17.22
_19712_,17.2
_20176_,17.2
_21710_,17.2
_29086_,17.2
_29104_,17.2
_29791_,17.2
_31644_,17.2
_32514_,17.2
_33944_,17.2
_42655_,17.2
k\[127\]\[7\],17.2
scaled_scores\[48\]\[7\],17.2
v\[26\]\[4\],17.2
v\[76\]\[3\],17.195
scaled_scores\[12\]\[0\],17.185
_09110_,17.18
_20841_,17.18
_22417_,17.18
_25933_,17.18
_25966_,17.18
_26736_,17.18
_27192_,17.18
_34405_,17.18
_39490_,17.18
_42339_,17.18
_42843_,17.18
k\[16\]\[2\],17.18
k\[5\]\[3\],17.18
scaled_scores\[62\]\[7\],17.18
net3102,17.18
net5945,17.18
k\[51\]\[5\],17.165
q\[89\]\[7\],17.165
_22864_,17.16
_25551_,17.16
_25865_,17.16
_27665_,17.16
_27758_,17.16
_30933_,17.16
_32861_,17.16
_34086_,17.16
_41667_,17.16
_43376_,17.16
scaled_scores\[41\]\[13\],17.16
scaled_scores\[43\]\[5\],17.16
net5008,17.16
_30996_,17.155
k\[95\]\[5\],17.155
weights\[43\]\[4\],17.145
_09131_,17.14
_18986_,17.14
_19570_,17.14
_23176_,17.14
_25875_,17.14
_28687_,17.14
_30701_,17.14
_34123_,17.14
_41211_,17.14
_42599_,17.14
_44009_,17.14
_44190_,17.14
k\[30\]\[0\],17.14
q\[27\]\[0\],17.14
net2083,17.14
net2226,17.14
net5322,17.14
_32325_,17.135
_19435_,17.13
_01490_,17.125
weights\[46\]\[7\],17.125
_08791_,17.12
_15430_,17.12
_28585_,17.12
_31383_,17.12
_32960_,17.12
_38980_,17.12
_41999_,17.12
_44246_,17.12
out\[53\]\[5\],17.12
q\[19\]\[5\],17.12
raw_scores\[51\]\[3\],17.12
v\[21\]\[5\],17.12
weights\[2\]\[0\],17.12
weights\[55\]\[5\],17.12
net2010,17.12
net2076,17.12
net2849,17.12
_40018_,17.11
_07970_,17.1
_08512_,17.1
_09670_,17.1
_23040_,17.1
_23126_,17.1
_24284_,17.1
_24376_,17.1
_26325_,17.1
_26759_,17.1
_28512_,17.1
_30118_,17.1
_38739_,17.1
_40831_,17.1
_41549_,17.1
_43228_,17.1
_43672_,17.1
k\[35\]\[7\],17.1
weights\[52\]\[1\],17.1
net321,17.1
net5520,17.1
_26726_,17.09
k\[18\]\[6\],17.085
weights\[30\]\[7\],17.085
_13713_,17.08
_14134_,17.08
_19445_,17.08
_19749_,17.08
_21429_,17.08
_21726_,17.08
_24071_,17.08
_25197_,17.08
_28230_,17.08
_28751_,17.08
_32314_,17.08
_32742_,17.08
_33299_,17.08
_34398_,17.08
_34412_,17.08
_40272_,17.08
_40837_,17.08
q\[57\]\[3\],17.08
scaled_scores\[54\]\[11\],17.08
net1613,17.08
net3130,17.08
net5125,17.08
net5547,17.08
weights\[41\]\[3\],17.065
_09149_,17.06
_10426_,17.06
_20286_,17.06
_23063_,17.06
_23069_,17.06
_26629_,17.06
_27943_,17.06
_28125_,17.06
_31355_,17.06
_33441_,17.06
_35984_,17.06
_39294_,17.06
_41719_,17.06
v\[13\]\[7\],17.06
v\[1\]\[7\],17.06
v\[20\]\[0\],17.06
v\[7\]\[1\],17.06
weights\[38\]\[3\],17.06
net3861,17.06
_40566_,17.05
_01937_,17.045
v\[6\]\[1\],17.045
_24943_,17.04
_27857_,17.04
_41251_,17.04
k\[114\]\[4\],17.04
k\[27\]\[7\],17.04
k\[92\]\[5\],17.04
_18482_,17.02
_24527_,17.02
_26935_,17.02
_28412_,17.02
_30509_,17.02
_30561_,17.02
_31125_,17.02
_35482_,17.02
_35812_,17.02
_40723_,17.02
_41527_,17.02
_43288_,17.02
k\[22\]\[7\],17.02
k\[27\]\[5\],17.02
k\[36\]\[3\],17.02
k\[64\]\[3\],17.02
q\[19\]\[2\],17.02
scaled_scores\[15\]\[14\],17.02
v\[1\]\[1\],17.02
net998,17.02
_26588_,17.01
scaled_scores\[5\]\[7\],17.005
_08860_,17
_11214_,17
_14278_,17
_16893_,17
_21960_,17
_22658_,17
_23441_,17
_26274_,17
_30987_,17
_31246_,17
_34217_,17
_40513_,17
_40798_,17
_42869_,17
scaled_scores\[35\]\[14\],17
net1030,17
net4221,17
net5168,17
net5515,17
net6288,17
_26810_,16.99
weights\[46\]\[4\],16.985
_08384_,16.98
_10502_,16.98
_13752_,16.98
_22381_,16.98
_23863_,16.98
_30210_,16.98
_31411_,16.98
_35108_,16.98
_44087_,16.98
q\[105\]\[7\],16.98
scaled_scores\[0\]\[7\],16.98
scaled_scores\[21\]\[3\],16.98
scaled_scores\[57\]\[17\],16.98
v\[115\]\[0\],16.98
_10854_,16.96
_20624_,16.96
_24972_,16.96
_26799_,16.96
_27422_,16.96
_28263_,16.96
_29573_,16.96
_34814_,16.96
_35456_,16.96
_38028_,16.96
_40782_,16.96
_40935_,16.96
scaled_scores\[19\]\[4\],16.96
weights\[8\]\[7\],16.96
net7393,16.96
_40906_,16.95
scaled_scores\[55\]\[14\],16.95
k\[24\]\[5\],16.945
k\[90\]\[4\],16.945
v\[70\]\[3\],16.945
weights\[42\]\[6\],16.945
_22483_,16.94
_23924_,16.94
_24221_,16.94
_26787_,16.94
_30396_,16.94
_31298_,16.94
_32232_,16.94
_33455_,16.94
_33819_,16.94
_35453_,16.94
_41608_,16.94
_42373_,16.94
k\[110\]\[2\],16.94
k\[22\]\[3\],16.94
k\[34\]\[3\],16.94
out\[102\]\[0\],16.94
out\[4\]\[1\],16.94
out\[83\]\[0\],16.94
scaled_scores\[24\]\[16\],16.94
net2326,16.94
net4990,16.94
net5969,16.94
_30745_,16.935
_40580_,16.935
_28579_,16.93
_43764_,16.93
_13684_,16.92
_19818_,16.92
_20015_,16.92
_20489_,16.92
_29498_,16.92
_30958_,16.92
_33782_,16.92
_42955_,16.92
_43866_,16.92
_44027_,16.92
net2153,16.92
net2432,16.92
net5424,16.92
net5491,16.92
net7000,16.92
_37501_,16.905
q\[92\]\[3\],16.905
scaled_scores\[48\]\[9\],16.905
v\[16\]\[6\],16.905
_08156_,16.9
_10997_,16.9
_18148_,16.9
_22040_,16.9
_37980_,16.9
_38984_,16.9
_40735_,16.9
_42377_,16.9
k\[31\]\[1\],16.9
scaled_scores\[35\]\[15\],16.9
v\[87\]\[2\],16.9
v\[88\]\[2\],16.9
net3273,16.9
_13601_,16.895
_35109_,16.89
_09167_,16.88
_09633_,16.88
_21490_,16.88
_29420_,16.88
_33624_,16.88
_38432_,16.88
_43134_,16.88
out\[110\]\[1\],16.88
v\[106\]\[6\],16.88
v\[48\]\[4\],16.88
v\[61\]\[3\],16.88
v\[86\]\[2\],16.88
net3204,16.88
net6365,16.88
_19681_,16.86
_20084_,16.86
_22577_,16.86
_23719_,16.86
_24795_,16.86
_26284_,16.86
_28972_,16.86
_37545_,16.86
_41699_,16.86
_41801_,16.86
_42481_,16.86
_43803_,16.86
k\[32\]\[7\],16.86
scaled_scores\[35\]\[12\],16.86
v\[7\]\[3\],16.86
weights\[17\]\[2\],16.86
net2097,16.86
net2513,16.86
_21478_,16.84
_26839_,16.84
_28166_,16.84
_29392_,16.84
_30579_,16.84
_31711_,16.84
_33630_,16.84
_37819_,16.84
_41322_,16.84
weights\[61\]\[5\],16.84
net2383,16.84
net2672,16.84
net3537,16.84
net4082,16.84
_08379_,16.83
weights\[29\]\[1\],16.825
_10307_,16.82
_10567_,16.82
_14174_,16.82
_22004_,16.82
_22971_,16.82
_30190_,16.82
_31802_,16.82
_32136_,16.82
_43761_,16.82
scaled_scores\[30\]\[14\],16.82
scaled_scores\[53\]\[0\],16.82
weights\[15\]\[6\],16.82
net1995,16.82
net6107,16.82
_33611_,16.815
_01048_,16.805
_01546_,16.8
_08146_,16.8
_09204_,16.8
_20381_,16.8
_20985_,16.8
_29586_,16.8
_30602_,16.8
_31269_,16.8
_38511_,16.8
_41470_,16.8
_43248_,16.8
_43286_,16.8
k\[33\]\[6\],16.8
k\[53\]\[1\],16.8
out\[23\]\[3\],16.8
raw_scores\[60\]\[6\],16.8
scaled_scores\[34\]\[3\],16.8
v\[61\]\[2\],16.8
net1964,16.8
_24072_,16.79
_24255_,16.785
_11085_,16.78
_14159_,16.78
_18810_,16.78
_20544_,16.78
_21491_,16.78
_21618_,16.78
_24353_,16.78
_25170_,16.78
_29810_,16.78
_29923_,16.78
_32293_,16.78
_35587_,16.78
_42455_,16.78
_42547_,16.78
_42768_,16.78
_43364_,16.78
out\[66\]\[2\],16.78
raw_scores\[31\]\[6\],16.78
scaled_scores\[28\]\[8\],16.78
v\[57\]\[6\],16.78
weights\[19\]\[4\],16.78
net3006,16.78
k\[82\]\[1\],16.775
_01862_,16.765
weights\[24\]\[5\],16.765
_10931_,16.76
_13516_,16.76
_18006_,16.76
_21564_,16.76
_22787_,16.76
_23275_,16.76
_24835_,16.76
_24909_,16.76
_25013_,16.76
_26393_,16.76
_30104_,16.76
_30302_,16.76
_30534_,16.76
_33237_,16.76
_33427_,16.76
_41167_,16.76
_41314_,16.76
_43660_,16.76
raw_scores\[12\]\[5\],16.76
scaled_scores\[10\]\[8\],16.76
net2015,16.76
net6478,16.76
_38400_,16.75
_13932_,16.74
_22617_,16.74
_26815_,16.74
_28810_,16.74
_29727_,16.74
_42844_,16.74
k\[67\]\[5\],16.74
v\[7\]\[4\],16.74
k\[18\]\[3\],16.735
_10176_,16.72
_19860_,16.72
_20790_,16.72
_21311_,16.72
_21363_,16.72
_22161_,16.72
_26041_,16.72
_26107_,16.72
_26179_,16.72
_26850_,16.72
_27687_,16.72
_27980_,16.72
_28426_,16.72
_28464_,16.72
_35013_,16.72
_35379_,16.72
_39210_,16.72
_40505_,16.72
_40732_,16.72
_41969_,16.72
_42926_,16.72
_43433_,16.72
k\[5\]\[7\],16.72
scaled_scores\[18\]\[10\],16.72
v\[69\]\[4\],16.72
weights\[37\]\[5\],16.72
net889,16.72
net5106,16.72
_26388_,16.71
q\[94\]\[2\],16.71
_00003_,16.7
_08092_,16.7
_08388_,16.7
_14136_,16.7
_15791_,16.7
_17810_,16.7
_21018_,16.7
_23738_,16.7
_24032_,16.7
_25644_,16.7
_30753_,16.7
_32164_,16.7
_32948_,16.7
_36384_,16.7
_39203_,16.7
_42289_,16.7
_43973_,16.7
out\[93\]\[4\],16.7
q\[11\]\[6\],16.7
v\[97\]\[5\],16.7
weights\[6\]\[5\],16.7
net1951,16.7
net2221,16.7
net2854,16.7
_13447_,16.695
_01734_,16.685
_01975_,16.685
_39571_,16.685
_08622_,16.68
_14391_,16.68
_16101_,16.68
_17073_,16.68
_24280_,16.68
_26403_,16.68
_28035_,16.68
_28485_,16.68
_33111_,16.68
_35663_,16.68
_40937_,16.68
k\[38\]\[6\],16.68
net6888,16.68
_21880_,16.675
_30613_,16.675
_13256_,16.67
_21329_,16.67
_27849_,16.67
_30400_,16.67
_43277_,16.67
_10794_,16.66
_13604_,16.66
_19717_,16.66
_26592_,16.66
_28378_,16.66
_29952_,16.66
_33452_,16.66
_33620_,16.66
_33744_,16.66
_35424_,16.66
_42432_,16.66
_43231_,16.66
_43301_,16.66
q\[22\]\[4\],16.66
weights\[10\]\[0\],16.66
net2657,16.66
net5425,16.66
_33935_,16.655
_39071_,16.655
_07567_,16.64
_14003_,16.64
_20097_,16.64
_20640_,16.64
_20838_,16.64
_21202_,16.64
_22648_,16.64
_30536_,16.64
_30603_,16.64
_30876_,16.64
_42067_,16.64
_43167_,16.64
q\[27\]\[3\],16.64
v\[46\]\[2\],16.64
net5352,16.64
net5597,16.64
net5846,16.64
_07059_,16.625
_10197_,16.62
_10451_,16.62
_10874_,16.62
_21388_,16.62
_27203_,16.62
_28533_,16.62
_29703_,16.62
_30956_,16.62
_32265_,16.62
_35263_,16.62
_36987_,16.62
_40252_,16.62
_43519_,16.62
q\[117\]\[1\],16.62
q\[2\]\[3\],16.62
q\[86\]\[4\],16.62
scaled_scores\[34\]\[6\],16.62
net2467,16.62
scaled_scores\[32\]\[0\],16.615
_07432_,16.6
_09289_,16.6
_10536_,16.6
_10861_,16.6
_11208_,16.6
_13316_,16.6
_17707_,16.6
_21215_,16.6
_23722_,16.6
_28490_,16.6
_30790_,16.6
_32410_,16.6
_38218_,16.6
_38260_,16.6
_39348_,16.6
q\[113\]\[6\],16.6
scaled_scores\[0\]\[15\],16.6
scaled_scores\[10\]\[12\],16.6
v\[11\]\[3\],16.6
v\[12\]\[1\],16.6
weights\[6\]\[7\],16.6
_26083_,16.595
_41463_,16.595
_32540_,16.59
_03499_,16.585
_22986_,16.58
_23732_,16.58
_23810_,16.58
_26822_,16.58
_31519_,16.58
_41490_,16.58
k\[47\]\[2\],16.58
out\[81\]\[5\],16.58
q\[113\]\[5\],16.58
q\[36\]\[6\],16.58
raw_scores\[29\]\[11\],16.58
net2125,16.58
net3785,16.58
net4225,16.58
k\[59\]\[2\],16.575
_13311_,16.57
_00624_,16.565
out\[40\]\[5\],16.565
_07824_,16.56
_13377_,16.56
_20272_,16.56
_20290_,16.56
_27260_,16.56
_32854_,16.56
_32924_,16.56
_33230_,16.56
_33288_,16.56
_34218_,16.56
_34550_,16.56
_35540_,16.56
_41665_,16.56
q\[36\]\[2\],16.56
q\[38\]\[4\],16.56
scaled_scores\[40\]\[12\],16.56
weights\[38\]\[5\],16.56
net4222,16.56
net4376,16.56
_13833_,16.55
q\[98\]\[1\],16.55
_09946_,16.54
_14481_,16.54
_19804_,16.54
_20352_,16.54
_22929_,16.54
_26228_,16.54
_28581_,16.54
_33101_,16.54
scaled_scores\[37\]\[9\],16.54
net2810,16.54
net3594,16.54
scaled_scores\[4\]\[5\],16.525
_01049_,16.52
_10309_,16.52
_13587_,16.52
_19713_,16.52
_23355_,16.52
_24269_,16.52
_33565_,16.52
_37763_,16.52
_43942_,16.52
k\[74\]\[6\],16.52
weights\[5\]\[5\],16.52
net1239,16.52
net2321,16.52
_07950_,16.5
_10869_,16.5
_13686_,16.5
_14413_,16.5
_20623_,16.5
_28977_,16.5
_29705_,16.5
_30657_,16.5
_31368_,16.5
_32062_,16.5
_32167_,16.5
_32240_,16.5
_32808_,16.5
_41364_,16.5
k\[63\]\[7\],16.5
_21222_,16.49
_34445_,16.49
_01923_,16.485
_02260_,16.485
_03932_,16.485
_10113_,16.48
_10552_,16.48
_20832_,16.48
_22995_,16.48
_23160_,16.48
_23581_,16.48
_23778_,16.48
_25561_,16.48
_26561_,16.48
_27181_,16.48
_27326_,16.48
_28941_,16.48
_39315_,16.48
_42476_,16.48
_43461_,16.48
scaled_scores\[28\]\[17\],16.48
v\[123\]\[0\],16.48
v\[61\]\[0\],16.48
weights\[36\]\[3\],16.48
_30415_,16.475
_42156_,16.47
k\[60\]\[0\],16.465
_13620_,16.46
_19185_,16.46
_28444_,16.46
_35346_,16.46
v\[38\]\[2\],16.46
net1585,16.46
net5091,16.46
net5616,16.46
_02251_,16.445
_14373_,16.44
_20128_,16.44
_21237_,16.44
_21796_,16.44
_21984_,16.44
_28085_,16.44
_33210_,16.44
_34001_,16.44
_35510_,16.44
_40996_,16.44
_43607_,16.44
out\[14\]\[4\],16.44
out\[6\]\[0\],16.44
scaled_scores\[29\]\[14\],16.44
v\[107\]\[7\],16.44
v\[48\]\[1\],16.44
net870,16.44
net3259,16.44
_01214_,16.425
_19727_,16.42
_21518_,16.42
_28613_,16.42
_31486_,16.42
_35059_,16.42
_38419_,16.42
_38971_,16.42
_39382_,16.42
_43755_,16.42
q\[95\]\[1\],16.42
_00833_,16.415
_44130_,16.41
_00599_,16.405
_02236_,16.405
_04747_,16.4
_05980_,16.4
_10514_,16.4
_20664_,16.4
_27637_,16.4
_31052_,16.4
_33495_,16.4
_37961_,16.4
_39479_,16.4
_42088_,16.4
_42362_,16.4
_43336_,16.4
k\[72\]\[4\],16.4
out\[29\]\[6\],16.4
scaled_scores\[5\]\[12\],16.4
v\[73\]\[3\],16.4
_38482_,16.39
_19106_,16.385
_11233_,16.38
_13724_,16.38
_23479_,16.38
_27423_,16.38
_28342_,16.38
_29613_,16.38
_29922_,16.38
_30321_,16.38
_34717_,16.38
_34938_,16.38
_39271_,16.38
_40662_,16.38
_42333_,16.38
_43455_,16.38
raw_scores\[22\]\[7\],16.38
scaled_scores\[29\]\[8\],16.38
net1752,16.38
net3414,16.38
net5023,16.38
net5320,16.38
net5903,16.38
net7226,16.38
_01376_,16.375
_24400_,16.37
_32588_,16.37
q\[82\]\[7\],16.365
_21259_,16.36
_23685_,16.36
_26738_,16.36
_27250_,16.36
_32894_,16.36
_33167_,16.36
_35796_,16.36
_37648_,16.36
_42521_,16.36
k\[100\]\[1\],16.36
k\[64\]\[1\],16.36
q\[125\]\[7\],16.36
q\[35\]\[5\],16.36
q\[37\]\[3\],16.36
weights\[40\]\[2\],16.36
net968,16.36
net2078,16.36
_07886_,16.35
_01001_,16.345
_01839_,16.345
_03759_,16.345
_20530_,16.34
_24895_,16.34
_25587_,16.34
_26526_,16.34
_26761_,16.34
_27048_,16.34
_29447_,16.34
_33893_,16.34
_35390_,16.34
_35530_,16.34
_39353_,16.34
k\[43\]\[2\],16.34
out\[19\]\[3\],16.34
net1698,16.34
_35661_,16.33
_08748_,16.32
_08823_,16.32
_17799_,16.32
_19242_,16.32
_21936_,16.32
_22085_,16.32
_23226_,16.32
_24368_,16.32
_27038_,16.32
_27058_,16.32
_30715_,16.32
_32395_,16.32
k\[35\]\[0\],16.32
k\[46\]\[0\],16.32
k\[59\]\[5\],16.32
out\[22\]\[1\],16.32
q\[29\]\[2\],16.32
scaled_scores\[61\]\[6\],16.32
v\[121\]\[4\],16.32
v\[58\]\[1\],16.32
net2618,16.32
net5763,16.32
_39035_,16.31
_40701_,16.31
_00572_,16.305
_01165_,16.305
_31916_,16.305
out\[40\]\[2\],16.305
_13158_,16.3
_13762_,16.3
_19918_,16.3
_25562_,16.3
_25597_,16.3
_29526_,16.3
_30814_,16.3
_30827_,16.3
_33041_,16.3
_33642_,16.3
_34790_,16.3
_34882_,16.3
_36494_,16.3
_38238_,16.3
k\[55\]\[5\],16.3
k\[96\]\[0\],16.3
v\[60\]\[1\],16.3
weights\[34\]\[0\],16.3
clknet_leaf_157_clk,16.3
net958,16.3
net1154,16.3
net1796,16.3
net4274,16.3
net5412,16.3
_10821_,16.29
_14514_,16.29
_31680_,16.29
_41135_,16.29
_10423_,16.28
_10493_,16.28
_13261_,16.28
_14351_,16.28
_16301_,16.28
_20497_,16.28
_21648_,16.28
_22665_,16.28
_23620_,16.28
_25789_,16.28
_28447_,16.28
_32356_,16.28
_32970_,16.28
_33632_,16.28
_34282_,16.28
_39939_,16.28
_43779_,16.28
_19927_,16.275
_41278_,16.27
_01397_,16.265
_00189_,16.26
_18885_,16.26
_20031_,16.26
_21176_,16.26
_26670_,16.26
_27378_,16.26
_27974_,16.26
_32111_,16.26
_37858_,16.26
_39230_,16.26
_39575_,16.26
_41121_,16.26
_41354_,16.26
_42664_,16.26
k\[117\]\[4\],16.26
k\[126\]\[6\],16.26
k\[61\]\[6\],16.26
q\[31\]\[7\],16.26
scaled_scores\[34\]\[2\],16.26
net1633,16.26
_06991_,16.245
k\[62\]\[6\],16.245
q\[81\]\[0\],16.245
_08033_,16.24
_08037_,16.24
_20307_,16.24
_20692_,16.24
_21162_,16.24
_21828_,16.24
_22422_,16.24
_22735_,16.24
_23163_,16.24
_24727_,16.24
_25652_,16.24
_26050_,16.24
_26585_,16.24
_27691_,16.24
_27730_,16.24
_29203_,16.24
_31034_,16.24
_35572_,16.24
_42975_,16.24
net1983,16.24
net2284,16.24
net6509,16.24
out\[48\]\[1\],16.235
_22911_,16.23
_26260_,16.23
_08093_,16.22
_08710_,16.22
_13438_,16.22
_14343_,16.22
_19973_,16.22
_27416_,16.22
_30338_,16.22
_32486_,16.22
_34185_,16.22
_34856_,16.22
_37019_,16.22
_37860_,16.22
_41099_,16.22
_41425_,16.22
_41737_,16.22
_42685_,16.22
raw_scores\[14\]\[12\],16.22
scaled_scores\[19\]\[6\],16.22
weights\[30\]\[2\],16.22
net5038,16.22
_24690_,16.21
_42872_,16.21
q\[51\]\[4\],16.205
_09571_,16.2
_21703_,16.2
_23840_,16.2
_24002_,16.2
_24426_,16.2
_25670_,16.2
_29352_,16.2
_30443_,16.2
_32419_,16.2
_34504_,16.2
_35539_,16.2
_36506_,16.2
_37064_,16.2
_39658_,16.2
out\[80\]\[1\],16.2
q\[97\]\[3\],16.2
raw_scores\[53\]\[11\],16.2
net1871,16.2
net4617,16.2
net5447,16.2
_01025_,16.185
_01561_,16.185
_09257_,16.18
_13191_,16.18
_20262_,16.18
_22091_,16.18
_25009_,16.18
_25860_,16.18
_27320_,16.18
_28446_,16.18
_28547_,16.18
_29897_,16.18
_31563_,16.18
_32302_,16.18
_38825_,16.18
_40305_,16.18
_43071_,16.18
k\[67\]\[7\],16.18
v\[52\]\[5\],16.18
net817,16.18
net2477,16.18
net3051,16.18
net3214,16.18
_42758_,16.165
k\[60\]\[2\],16.165
_13011_,16.16
_13070_,16.16
_14390_,16.16
_16633_,16.16
_20504_,16.16
_21299_,16.16
_22237_,16.16
_24042_,16.16
_25544_,16.16
_34420_,16.16
_39208_,16.16
_41368_,16.16
_41732_,16.16
_42426_,16.16
net2334,16.16
v\[5\]\[6\],16.145
net1982,16.145
_08695_,16.14
_11082_,16.14
_19828_,16.14
_27054_,16.14
_27648_,16.14
_28801_,16.14
_30630_,16.14
_33357_,16.14
_33457_,16.14
_37131_,16.14
_39162_,16.14
_40099_,16.14
_40881_,16.14
_41612_,16.14
_41896_,16.14
_42443_,16.14
_43793_,16.14
k\[85\]\[2\],16.14
q\[111\]\[1\],16.14
scaled_scores\[32\]\[8\],16.14
v\[8\]\[4\],16.14
net2118,16.14
net5720,16.14
k\[20\]\[2\],16.135
_21270_,16.13
_00657_,16.125
_01728_,16.125
_02264_,16.125
_16292_,16.12
_19607_,16.12
_23087_,16.12
_25316_,16.12
_25643_,16.12
_25813_,16.12
_29646_,16.12
_32537_,16.12
_33119_,16.12
_34846_,16.12
_35176_,16.12
_35323_,16.12
_35380_,16.12
k\[11\]\[4\],16.12
out\[25\]\[7\],16.12
v\[103\]\[7\],16.12
_28467_,16.11
_05567_,16.105
_07865_,16.1
_09306_,16.1
_13933_,16.1
_18896_,16.1
_19875_,16.1
_21223_,16.1
_22321_,16.1
_24189_,16.1
_25845_,16.1
_25858_,16.1
_26783_,16.1
_27254_,16.1
_28800_,16.1
_29680_,16.1
_31441_,16.1
_33083_,16.1
_40647_,16.1
_41235_,16.1
_43016_,16.1
k\[115\]\[4\],16.1
k\[69\]\[1\],16.1
out\[19\]\[5\],16.1
scaled_scores\[51\]\[15\],16.1
scaled_scores\[5\]\[17\],16.1
scaled_scores\[61\]\[5\],16.1
v\[26\]\[0\],16.1
v\[39\]\[5\],16.1
v\[41\]\[4\],16.1
net2356,16.1
net3562,16.1
k\[28\]\[2\],16.095
_22683_,16.09
_00966_,16.085
_01207_,16.085
_02908_,16.085
_08839_,16.08
_12237_,16.08
_19815_,16.08
_27683_,16.08
_27735_,16.08
_29560_,16.08
_33774_,16.08
_33811_,16.08
_34402_,16.08
_37627_,16.08
_38630_,16.08
_40341_,16.08
_41350_,16.08
k\[114\]\[5\],16.08
q\[1\]\[6\],16.08
v\[49\]\[7\],16.08
net1495,16.08
net1842,16.08
net1861,16.08
net2621,16.08
net2718,16.08
net5239,16.08
net6655,16.08
_41228_,16.065
scaled_scores\[42\]\[8\],16.065
_20030_,16.06
_24884_,16.06
_25866_,16.06
_25915_,16.06
_26249_,16.06
_28323_,16.06
_29407_,16.06
_31384_,16.06
_40499_,16.06
_42276_,16.06
_42661_,16.06
k\[76\]\[5\],16.06
raw_scores\[12\]\[3\],16.06
v\[111\]\[4\],16.06
v\[24\]\[6\],16.06
weights\[54\]\[3\],16.06
net1064,16.06
net3880,16.06
net3896,16.06
net6092,16.06
net7405,16.06
_02187_,16.045
_10613_,16.04
_10616_,16.04
_13417_,16.04
_23122_,16.04
_28178_,16.04
_28370_,16.04
_37629_,16.04
v\[49\]\[3\],16.04
v\[8\]\[0\],16.04
net3811,16.04
net7645,16.04
_30627_,16.035
_36235_,16.03
_40418_,16.03
k\[49\]\[3\],16.025
out\[38\]\[6\],16.025
scaled_scores\[2\]\[5\],16.025
_03119_,16.02
_08348_,16.02
_10504_,16.02
_24597_,16.02
_24801_,16.02
_26362_,16.02
_30279_,16.02
_41028_,16.02
_41197_,16.02
_43745_,16.02
k\[2\]\[1\],16.02
out\[116\]\[2\],16.02
out\[19\]\[4\],16.02
raw_scores\[39\]\[10\],16.02
scaled_scores\[21\]\[17\],16.02
scaled_scores\[57\]\[1\],16.02
net1762,16.02
_05057_,16.005
_06675_,16.005
scaled_scores\[2\]\[15\],16.005
_20788_,16
_24125_,16
_26060_,16
_28139_,16
_43263_,16
k\[104\]\[7\],16
out\[34\]\[3\],16
v\[16\]\[4\],16
net2643,16
net4099,16
_09781_,15.98
_21289_,15.98
_25944_,15.98
_32392_,15.98
_35135_,15.98
_35658_,15.98
_41652_,15.98
_41821_,15.98
_42615_,15.98
q\[38\]\[0\],15.98
scaled_scores\[4\]\[4\],15.98
v\[107\]\[2\],15.98
weights\[4\]\[4\],15.98
weights\[60\]\[7\],15.98
net1561,15.98
net2753,15.98
net5221,15.98
_00785_,15.965
_01687_,15.96
_11718_,15.96
_25984_,15.96
_32001_,15.96
_33418_,15.96
_34552_,15.96
_34867_,15.96
_40617_,15.96
_41708_,15.96
_43422_,15.96
k\[117\]\[1\],15.96
k\[44\]\[7\],15.96
q\[48\]\[7\],15.96
weights\[15\]\[3\],15.96
_10707_,15.94
_11119_,15.94
_11386_,15.94
_14323_,15.94
_19039_,15.94
_19894_,15.94
_25155_,15.94
_25949_,15.94
_26188_,15.94
_26720_,15.94
_26906_,15.94
_27147_,15.94
_27335_,15.94
_32858_,15.94
_33331_,15.94
_34310_,15.94
_41233_,15.94
_42732_,15.94
_42961_,15.94
k\[68\]\[4\],15.94
scaled_scores\[37\]\[13\],15.94
scaled_scores\[50\]\[11\],15.94
scaled_scores\[57\]\[13\],15.94
v\[23\]\[5\],15.94
weights\[14\]\[6\],15.94
weights\[61\]\[3\],15.94
_29617_,15.93
weights\[27\]\[4\],15.925
_14487_,15.92
_16272_,15.92
_20671_,15.92
_23184_,15.92
_28923_,15.92
_31374_,15.92
_33986_,15.92
_39611_,15.92
_40425_,15.92
_41410_,15.92
_44104_,15.92
scaled_scores\[33\]\[10\],15.92
net1819,15.92
net2804,15.92
_00792_,15.905
_20528_,15.905
q\[55\]\[1\],15.905
_20328_,15.9
_20803_,15.9
_25167_,15.9
_31292_,15.9
_41823_,15.9
k\[106\]\[5\],15.9
q\[71\]\[0\],15.9
q\[87\]\[1\],15.9
scaled_scores\[31\]\[10\],15.9
net1993,15.9
net3068,15.9
net4822,15.9
net7852,15.9
_13657_,15.89
_39247_,15.89
_01622_,15.885
scaled_scores\[36\]\[10\],15.885
_24551_,15.88
_25195_,15.88
_26936_,15.88
_28437_,15.88
_33509_,15.88
_33933_,15.88
_43811_,15.88
q\[101\]\[4\],15.88
q\[51\]\[5\],15.88
raw_scores\[0\]\[18\],15.88
scaled_scores\[33\]\[11\],15.88
v\[45\]\[0\],15.88
net1252,15.88
_24409_,15.865
net4254,15.865
_07228_,15.86
_07820_,15.86
_13535_,15.86
_14527_,15.86
_18925_,15.86
_22470_,15.86
_23829_,15.86
_26423_,15.86
_34662_,15.86
_35139_,15.86
_38206_,15.86
_39309_,15.86
_39958_,15.86
_42165_,15.86
_42793_,15.86
k\[88\]\[2\],15.86
out\[108\]\[0\],15.86
out\[112\]\[3\],15.86
out\[16\]\[4\],15.86
q\[88\]\[1\],15.86
scaled_scores\[47\]\[13\],15.86
net1022,15.86
net7667,15.86
_33434_,15.85
_08331_,15.84
_08397_,15.84
_09680_,15.84
_13478_,15.84
_24802_,15.84
_28262_,15.84
_32733_,15.84
_38283_,15.84
_44092_,15.84
out\[115\]\[5\],15.84
net1608,15.84
net4198,15.84
_34496_,15.835
out\[41\]\[7\],15.835
_27905_,15.83
_03593_,15.82
_14041_,15.82
_21484_,15.82
_21489_,15.82
_26432_,15.82
_27047_,15.82
_28222_,15.82
_41949_,15.82
_41980_,15.82
q\[87\]\[2\],15.82
weights\[62\]\[3\],15.82
net1715,15.82
_22964_,15.81
_44011_,15.81
_08762_,15.8
_10345_,15.8
_13456_,15.8
_13926_,15.8
_19012_,15.8
_20588_,15.8
_21486_,15.8
_21723_,15.8
_22141_,15.8
_28358_,15.8
_28914_,15.8
_31341_,15.8
_31485_,15.8
_33220_,15.8
_35304_,15.8
_40462_,15.8
_40849_,15.8
_42030_,15.8
q\[102\]\[1\],15.8
raw_scores\[63\]\[17\],15.8
scaled_scores\[23\]\[17\],15.8
weights\[8\]\[1\],15.8
net2274,15.8
net2470,15.8
net2744,15.8
net3778,15.8
net7069,15.8
v\[113\]\[6\],15.785
_08421_,15.78
_08500_,15.78
_08676_,15.78
_14484_,15.78
_19470_,15.78
_20755_,15.78
_22233_,15.78
_23518_,15.78
_24156_,15.78
_24225_,15.78
_28356_,15.78
_34363_,15.78
_37571_,15.78
_40702_,15.78
_41476_,15.78
_42187_,15.78
_43735_,15.78
out\[64\]\[7\],15.78
q\[107\]\[0\],15.78
q\[21\]\[4\],15.78
scaled_scores\[48\]\[14\],15.78
scaled_scores\[53\]\[4\],15.78
v\[64\]\[4\],15.78
weights\[16\]\[7\],15.78
net3291,15.78
_19282_,15.775
_01846_,15.765
_08430_,15.76
_08667_,15.76
_09054_,15.76
_11156_,15.76
_21679_,15.76
_22806_,15.76
_23913_,15.76
_23968_,15.76
_24930_,15.76
_24984_,15.76
_27731_,15.76
_29669_,15.76
_31352_,15.76
_31361_,15.76
_38532_,15.76
_38876_,15.76
_40728_,15.76
_41387_,15.76
_41920_,15.76
_42752_,15.76
out\[124\]\[0\],15.76
q\[126\]\[2\],15.76
net6239,15.76
net6468,15.76
_29555_,15.75
_35325_,15.75
_34146_,15.745
k\[90\]\[3\],15.745
_11212_,15.74
_14004_,15.74
_24177_,15.74
_24187_,15.74
_25872_,15.74
_26657_,15.74
_28957_,15.74
_30813_,15.74
_31151_,15.74
_31198_,15.74
_33761_,15.74
_35032_,15.74
_35183_,15.74
_41881_,15.74
out\[33\]\[7\],15.74
out\[65\]\[7\],15.74
scaled_scores\[62\]\[3\],15.74
net3904,15.74
_08628_,15.735
_10424_,15.72
_10970_,15.72
_13525_,15.72
_17023_,15.72
_19285_,15.72
_22831_,15.72
_23750_,15.72
_24339_,15.72
_25371_,15.72
_31495_,15.72
_31699_,15.72
_32961_,15.72
_32997_,15.72
_33259_,15.72
_34394_,15.72
_37905_,15.72
_39433_,15.72
_39757_,15.72
_39921_,15.72
k\[15\]\[0\],15.72
q\[98\]\[0\],15.72
scaled_scores\[62\]\[13\],15.72
net2313,15.72
net3221,15.72
net4219,15.72
net6711,15.72
k\[57\]\[4\],15.705
_09659_,15.7
_17629_,15.7
_19624_,15.7
_24494_,15.7
_28904_,15.7
_30616_,15.7
_31759_,15.7
_32568_,15.7
_34370_,15.7
_35021_,15.7
_44150_,15.7
k\[30\]\[4\],15.7
k\[68\]\[5\],15.7
k\[77\]\[4\],15.7
out\[23\]\[2\],15.7
raw_scores\[61\]\[6\],15.7
weights\[27\]\[5\],15.7
weights\[3\]\[5\],15.7
net5938,15.7
net6900,15.7
net7477,15.7
scaled_scores\[61\]\[2\],15.695
_19186_,15.69
_23839_,15.69
_00705_,15.685
weights\[42\]\[2\],15.685
_02796_,15.68
_08109_,15.68
_08536_,15.68
_08715_,15.68
_11790_,15.68
_24958_,15.68
_25736_,15.68
_25921_,15.68
_26089_,15.68
_28571_,15.68
_29016_,15.68
_32242_,15.68
_34752_,15.68
_34812_,15.68
_37783_,15.68
_39056_,15.68
_41561_,15.68
_41798_,15.68
_42645_,15.68
_43079_,15.68
k\[7\]\[3\],15.68
weights\[20\]\[0\],15.68
weights\[39\]\[0\],15.68
net1361,15.68
net2055,15.68
net2453,15.68
net2679,15.68
net2921,15.68
net2959,15.68
net2993,15.68
net3653,15.68
net4705,15.68
net4997,15.68
_30308_,15.675
_41590_,15.675
q\[53\]\[1\],15.675
_28502_,15.67
_22749_,15.66
_26836_,15.66
_27638_,15.66
_28871_,15.66
_32935_,15.66
_32996_,15.66
_40399_,15.66
_44142_,15.66
k\[107\]\[5\],15.66
k\[119\]\[4\],15.66
out\[39\]\[0\],15.66
q\[6\]\[4\],15.66
scaled_scores\[49\]\[1\],15.66
v\[25\]\[2\],15.66
weights\[44\]\[0\],15.66
net2614,15.66
net4129,15.66
net4190,15.66
net4435,15.66
_31010_,15.65
_35188_,15.65
scaled_scores\[41\]\[16\],15.645
weights\[45\]\[0\],15.645
_20630_,15.64
_21903_,15.64
_23100_,15.64
_24228_,15.64
_26596_,15.64
_27458_,15.64
_30089_,15.64
_31379_,15.64
_35839_,15.64
_36891_,15.64
_36925_,15.64
_39087_,15.64
_41650_,15.64
_42885_,15.64
k\[31\]\[2\],15.64
k\[47\]\[6\],15.64
v\[47\]\[3\],15.64
weights\[17\]\[3\],15.64
clknet_leaf_853_clk,15.64
net5896,15.64
_22463_,15.63
_00720_,15.625
_02010_,15.625
_25135_,15.625
_08765_,15.62
_09234_,15.62
_20948_,15.62
_24819_,15.62
_25421_,15.62
_26663_,15.62
_27715_,15.62
_28554_,15.62
_29307_,15.62
_30305_,15.62
_43616_,15.62
k\[89\]\[3\],15.62
v\[5\]\[1\],15.62
net5055,15.62
net5435,15.62
scaled_scores\[7\]\[15\],15.605
_07613_,15.6
_10450_,15.6
_10610_,15.6
_10962_,15.6
_13426_,15.6
_14337_,15.6
_23824_,15.6
_23977_,15.6
_24356_,15.6
_24381_,15.6
_26163_,15.6
_27410_,15.6
_29685_,15.6
_30474_,15.6
_34182_,15.6
_39193_,15.6
_40544_,15.6
_41259_,15.6
_42601_,15.6
k\[25\]\[5\],15.6
k\[48\]\[0\],15.6
k\[74\]\[5\],15.6
k\[81\]\[7\],15.6
out\[11\]\[0\],15.6
out\[5\]\[7\],15.6
out\[98\]\[1\],15.6
scaled_scores\[15\]\[12\],15.6
scaled_scores\[36\]\[11\],15.6
v\[57\]\[2\],15.6
weights\[54\]\[7\],15.6
net1101,15.6
net1178,15.6
net1882,15.6
net3957,15.6
_08819_,15.59
_41529_,15.59
row_data[55],15.59
_02063_,15.585
_14317_,15.58
_20871_,15.58
_23677_,15.58
_31474_,15.58
out\[10\]\[4\],15.58
state\[0\],15.58
v\[1\]\[2\],15.58
net4702,15.58
_21302_,15.575
_24092_,15.575
k\[33\]\[7\],15.57
_02203_,15.565
_09528_,15.56
_10688_,15.56
_20795_,15.56
_22010_,15.56
_26227_,15.56
_26390_,15.56
_29290_,15.56
_29748_,15.56
_32066_,15.56
_39999_,15.56
_44282_,15.56
out\[119\]\[4\],15.56
out\[121\]\[7\],15.56
q\[30\]\[4\],15.56
raw_scores\[24\]\[13\],15.56
scaled_scores\[12\]\[13\],15.56
scaled_scores\[57\]\[4\],15.56
net1268,15.56
net1618,15.56
net1702,15.56
_00783_,15.545
k\[60\]\[6\],15.545
_10497_,15.54
_10609_,15.54
_14253_,15.54
_20241_,15.54
_22171_,15.54
_23420_,15.54
_27222_,15.54
_29549_,15.54
_29844_,15.54
_31873_,15.54
_41717_,15.54
_43029_,15.54
_44131_,15.54
k\[65\]\[1\],15.54
out\[126\]\[5\],15.54
q\[76\]\[0\],15.54
v\[21\]\[3\],15.54
net3126,15.54
net5642,15.54
_07260_,15.52
_08079_,15.52
_21758_,15.52
_23712_,15.52
_24780_,15.52
_25377_,15.52
_30777_,15.52
_36396_,15.52
_39113_,15.52
_39209_,15.52
_40934_,15.52
_41173_,15.52
_42435_,15.52
k\[109\]\[0\],15.52
k\[115\]\[5\],15.52
k\[15\]\[5\],15.52
out\[105\]\[3\],15.52
out\[4\]\[2\],15.52
out\[78\]\[5\],15.52
raw_scores\[30\]\[15\],15.52
v\[115\]\[3\],15.52
net1136,15.52
net3674,15.52
net3913,15.52
net4153,15.52
net7227,15.52
_28753_,15.515
_23108_,15.51
_09159_,15.5
_23051_,15.5
_29937_,15.5
_31085_,15.5
_31223_,15.5
_31549_,15.5
_33120_,15.5
_33250_,15.5
_33393_,15.5
_33463_,15.5
_34524_,15.5
_38693_,15.5
_41460_,15.5
_44166_,15.5
raw_scores\[41\]\[9\],15.5
net1060,15.5
net1305,15.5
net1904,15.5
net2624,15.5
net6389,15.5
net6708,15.5
net7195,15.5
net7488,15.5
_20174_,15.485
_08071_,15.48
_08792_,15.48
_09116_,15.48
_19337_,15.48
_19924_,15.48
_20255_,15.48
_23139_,15.48
_24141_,15.48
_24846_,15.48
_26344_,15.48
_26455_,15.48
_27080_,15.48
_31952_,15.48
_32559_,15.48
_34380_,15.48
_40266_,15.48
_41628_,15.48
_43329_,15.48
out\[26\]\[1\],15.48
scaled_scores\[55\]\[10\],15.48
scaled_scores\[7\]\[1\],15.48
v\[122\]\[6\],15.48
v\[126\]\[2\],15.48
weights\[37\]\[1\],15.48
net3919,15.48
net4860,15.48
_08272_,15.475
_08586_,15.46
_09688_,15.46
_11343_,15.46
_19049_,15.46
_19197_,15.46
_21562_,15.46
_23998_,15.46
_24419_,15.46
_24627_,15.46
_24713_,15.46
_42603_,15.46
_43271_,15.46
k\[32\]\[6\],15.46
k\[89\]\[4\],15.46
out\[58\]\[4\],15.46
out\[77\]\[4\],15.46
v\[114\]\[0\],15.46
net2961,15.46
net6501,15.46
_29019_,15.45
_44178_,15.45
_04889_,15.445
_34224_,15.445
_00236_,15.44
_08569_,15.44
_14488_,15.44
_20856_,15.44
_24934_,15.44
_25625_,15.44
_31775_,15.44
_32433_,15.44
_39802_,15.44
_40133_,15.44
_41645_,15.44
_43513_,15.44
k\[64\]\[5\],15.44
out\[106\]\[6\],15.44
out\[16\]\[1\],15.44
out_row\[1\],15.44
q\[65\]\[0\],15.44
v\[124\]\[1\],15.44
v\[37\]\[5\],15.44
net336,15.44
net6991,15.44
_43532_,15.43
_00706_,15.425
_40999_,15.425
scaled_scores\[44\]\[16\],15.425
_09744_,15.42
_14885_,15.42
_20965_,15.42
_24760_,15.42
_25173_,15.42
_28504_,15.42
_28699_,15.42
_29986_,15.42
_32752_,15.42
_33052_,15.42
_40319_,15.42
_43355_,15.42
scaled_scores\[39\]\[13\],15.42
net1113,15.42
net5450,15.42
net5610,15.42
_26320_,15.41
_01451_,15.405
_09494_,15.4
_12647_,15.4
_20134_,15.4
_21169_,15.4
_23667_,15.4
_35155_,15.4
_38136_,15.4
_40545_,15.4
_40738_,15.4
_43579_,15.4
_43774_,15.4
_44077_,15.4
k\[16\]\[6\],15.4
k\[8\]\[3\],15.4
out\[106\]\[5\],15.4
out\[10\]\[7\],15.4
out\[27\]\[6\],15.4
scaled_scores\[39\]\[0\],15.4
scaled_scores\[45\]\[12\],15.4
v\[109\]\[6\],15.4
net824,15.4
net2130,15.4
net2427,15.4
net3803,15.4
_05572_,15.385
_37844_,15.385
_09117_,15.38
_09742_,15.38
_09796_,15.38
_11040_,15.38
_20181_,15.38
_20183_,15.38
_20466_,15.38
_21808_,15.38
_22980_,15.38
_26054_,15.38
_28359_,15.38
_28401_,15.38
_28633_,15.38
_28661_,15.38
_32008_,15.38
_32412_,15.38
_37560_,15.38
_38056_,15.38
_42193_,15.38
scaled_scores\[32\]\[6\],15.38
v\[59\]\[3\],15.38
net5709,15.38
net5786,15.38
net7075,15.38
_19490_,15.375
_31929_,15.37
_10116_,15.36
_10516_,15.36
_10719_,15.36
_20794_,15.36
_21409_,15.36
_21480_,15.36
_32213_,15.36
_34122_,15.36
_40673_,15.36
_41206_,15.36
_42286_,15.36
k\[111\]\[6\],15.36
out\[97\]\[5\],15.36
v\[54\]\[5\],15.36
weights\[24\]\[7\],15.36
net2145,15.36
net3745,15.36
q\[125\]\[3\],15.355
_01600_,15.345
_04493_,15.345
_08603_,15.34
_19364_,15.34
_21694_,15.34
_23030_,15.34
_23212_,15.34
_23967_,15.34
_24675_,15.34
_24699_,15.34
_27029_,15.34
_29663_,15.34
_30640_,15.34
_34423_,15.34
_40301_,15.34
_41786_,15.34
_43955_,15.34
_44264_,15.34
k\[35\]\[6\],15.34
k\[93\]\[5\],15.34
out\[96\]\[2\],15.34
q\[26\]\[1\],15.34
scaled_scores\[53\]\[7\],15.34
v\[50\]\[4\],15.34
weights\[52\]\[4\],15.34
net3438,15.34
net3565,15.34
net3851,15.34
net5099,15.34
net5972,15.34
_20554_,15.335
_24533_,15.33
_26496_,15.33
_40639_,15.33
_05417_,15.325
_09143_,15.32
_09748_,15.32
_10937_,15.32
_11304_,15.32
_13400_,15.32
_13774_,15.32
_16772_,15.32
_19003_,15.32
_20006_,15.32
_26990_,15.32
_28999_,15.32
_30766_,15.32
_34308_,15.32
_34932_,15.32
_35000_,15.32
_35084_,15.32
_40763_,15.32
_40910_,15.32
_42495_,15.32
_42969_,15.32
k\[54\]\[6\],15.32
net1999,15.32
net5572,15.32
_23133_,15.31
_29597_,15.31
_00617_,15.305
_05459_,15.305
_07625_,15.3
_13224_,15.3
_14145_,15.3
_18439_,15.3
_19800_,15.3
_23345_,15.3
_24771_,15.3
_25681_,15.3
_27379_,15.3
_27739_,15.3
_28192_,15.3
_31270_,15.3
_33659_,15.3
_34481_,15.3
_35543_,15.3
k\[120\]\[5\],15.3
k\[70\]\[0\],15.3
k\[9\]\[5\],15.3
out\[105\]\[7\],15.3
q\[13\]\[5\],15.3
scaled_scores\[22\]\[8\],15.3
v\[96\]\[3\],15.3
net917,15.3
net1986,15.3
scaled_scores\[47\]\[2\],15.285
_07936_,15.28
_12000_,15.28
_20653_,15.28
_23540_,15.28
_40671_,15.28
_40785_,15.28
k\[35\]\[3\],15.28
k\[54\]\[3\],15.28
k\[79\]\[7\],15.28
out\[125\]\[4\],15.28
raw_scores\[20\]\[15\],15.28
v\[17\]\[0\],15.28
v\[75\]\[3\],15.28
net1085,15.28
net1378,15.28
net5814,15.28
scaled_scores\[57\]\[8\],15.27
_00909_,15.265
_08575_,15.26
_10287_,15.26
_18014_,15.26
_21455_,15.26
_23449_,15.26
_24673_,15.26
_24918_,15.26
_25418_,15.26
_25657_,15.26
_27115_,15.26
_27998_,15.26
_29583_,15.26
_31148_,15.26
_34125_,15.26
_35712_,15.26
_36222_,15.26
_37332_,15.26
_39354_,15.26
_42639_,15.26
_42772_,15.26
_43295_,15.26
scaled_scores\[38\]\[2\],15.26
scaled_scores\[57\]\[10\],15.26
v\[58\]\[4\],15.26
weights\[53\]\[5\],15.26
net1905,15.26
net2941,15.26
_25331_,15.25
_36700_,15.245
_10665_,15.24
_13452_,15.24
_14859_,15.24
_15909_,15.24
_20476_,15.24
_21104_,15.24
_24383_,15.24
_28583_,15.24
_28965_,15.24
_31261_,15.24
_34942_,15.24
_43646_,15.24
k\[124\]\[6\],15.24
k\[21\]\[6\],15.24
k\[5\]\[5\],15.24
q\[56\]\[4\],15.24
scaled_scores\[11\]\[7\],15.24
v\[98\]\[2\],15.24
weights\[2\]\[5\],15.24
net3014,15.24
net7686,15.24
_27829_,15.23
out\[2\]\[3\],15.23
_30529_,15.225
k\[62\]\[3\],15.225
_13299_,15.22
_13442_,15.22
_19939_,15.22
_23771_,15.22
_24566_,15.22
_24754_,15.22
_25468_,15.22
_26206_,15.22
_29769_,15.22
_30710_,15.22
_31210_,15.22
_31229_,15.22
_32523_,15.22
_33680_,15.22
_38897_,15.22
_40292_,15.22
out\[50\]\[0\],15.22
q\[17\]\[2\],15.22
q\[34\]\[0\],15.22
raw_scores\[26\]\[14\],15.22
raw_scores\[29\]\[18\],15.22
scaled_scores\[11\]\[5\],15.22
v\[125\]\[2\],15.22
v\[91\]\[4\],15.22
v\[95\]\[4\],15.22
clknet_leaf_715_clk,15.22
_21947_,15.21
_33643_,15.21
_02276_,15.205
_10787_,15.2
_24045_,15.2
_24861_,15.2
_27455_,15.2
_28949_,15.2
_29871_,15.2
_31925_,15.2
_35331_,15.2
_37635_,15.2
_39904_,15.2
_40057_,15.2
_40092_,15.2
_41714_,15.2
_43540_,15.2
_43839_,15.2
q\[98\]\[7\],15.2
v\[48\]\[5\],15.2
v\[80\]\[4\],15.2
net2423,15.2
net2890,15.2
net3786,15.2
net6949,15.2
_22441_,15.19
_00430_,15.185
_12930_,15.18
_13248_,15.18
_19623_,15.18
_20104_,15.18
_22906_,15.18
_23798_,15.18
_25277_,15.18
_25970_,15.18
_29786_,15.18
_29996_,15.18
_30736_,15.18
_33537_,15.18
_34421_,15.18
_37341_,15.18
_38559_,15.18
_40383_,15.18
_44263_,15.18
k\[103\]\[2\],15.18
k\[110\]\[0\],15.18
k\[115\]\[1\],15.18
scaled_scores\[14\]\[11\],15.18
scaled_scores\[5\]\[2\],15.18
weights\[34\]\[5\],15.18
net488,15.18
net3188,15.18
net3622,15.18
net5042,15.18
net5728,15.18
net6780,15.18
k\[61\]\[2\],15.175
_21056_,15.17
_26971_,15.17
_30763_,15.17
_41209_,15.17
q\[83\]\[1\],15.165
_08963_,15.16
_10404_,15.16
_11326_,15.16
_14214_,15.16
_22317_,15.16
_29480_,15.16
_38459_,15.16
_40464_,15.16
_40479_,15.16
v\[14\]\[4\],15.16
net1368,15.16
net7097,15.16
_02243_,15.145
out\[44\]\[0\],15.145
v\[76\]\[2\],15.145
_08689_,15.14
_10705_,15.14
_10889_,15.14
_13845_,15.14
_19680_,15.14
_21951_,15.14
_22061_,15.14
_22580_,15.14
_22672_,15.14
_29985_,15.14
_37469_,15.14
_37547_,15.14
_40408_,15.14
_40567_,15.14
_41024_,15.14
_41305_,15.14
_41624_,15.14
_42174_,15.14
_42946_,15.14
out\[105\]\[5\],15.14
weights\[51\]\[2\],15.14
weights\[58\]\[3\],15.14
net1828,15.14
net2238,15.14
net2716,15.14
_30519_,15.135
_44080_,15.125
k\[59\]\[7\],15.125
_10929_,15.12
_25537_,15.12
_25573_,15.12
_25621_,15.12
_26483_,15.12
_35098_,15.12
_41730_,15.12
_41816_,15.12
q\[125\]\[4\],15.12
q\[47\]\[5\],15.12
q\[88\]\[2\],15.12
scaled_scores\[12\]\[14\],15.12
scaled_scores\[34\]\[4\],15.12
net1099,15.12
net4870,15.12
out\[48\]\[3\],15.115
_24892_,15.11
_34289_,15.105
_07843_,15.1
_13428_,15.1
_25581_,15.1
_26171_,15.1
_27417_,15.1
_29007_,15.1
_29892_,15.1
_30223_,15.1
_33567_,15.1
_35675_,15.1
_38221_,15.1
_39488_,15.1
_40913_,15.1
_41601_,15.1
_42334_,15.1
_43539_,15.1
k\[85\]\[3\],15.1
out\[111\]\[4\],15.1
out\[60\]\[0\],15.1
out\[9\]\[5\],15.1
q\[16\]\[4\],15.1
q\[1\]\[1\],15.1
scaled_scores\[41\]\[10\],15.1
scaled_scores\[51\]\[11\],15.1
weights\[16\]\[6\],15.1
net2337,15.1
net4699,15.1
net5220,15.1
net6981,15.1
net7463,15.1
net7699,15.1
_07658_,15.08
_08531_,15.08
_22280_,15.08
_24672_,15.08
_31631_,15.08
_40824_,15.08
_41319_,15.08
net1359,15.08
net2803,15.08
net2949,15.08
_21870_,15.075
_26682_,15.07
_36160_,15.07
_03016_,15.06
_04062_,15.06
_08865_,15.06
_19732_,15.06
_20495_,15.06
_21992_,15.06
_26715_,15.06
_27101_,15.06
_28361_,15.06
_29036_,15.06
_30817_,15.06
_32485_,15.06
_32846_,15.06
_32877_,15.06
_35350_,15.06
_39403_,15.06
_42093_,15.06
_42993_,15.06
out\[99\]\[6\],15.06
q\[114\]\[0\],15.06
q\[36\]\[5\],15.06
q\[68\]\[6\],15.06
raw_scores\[15\]\[11\],15.06
raw_scores\[29\]\[12\],15.06
v\[119\]\[2\],15.06
weights\[1\]\[2\],15.06
net1374,15.06
net1454,15.06
net2230,15.06
net3381,15.06
net4424,15.06
net6644,15.06
raw_scores\[8\]\[13\],15.05
_00866_,15.045
_02235_,15.045
_07034_,15.045
out\[36\]\[1\],15.045
_08447_,15.04
_21495_,15.04
_23496_,15.04
_23520_,15.04
_26013_,15.04
_27949_,15.04
_31959_,15.04
_36529_,15.04
_41440_,15.04
scaled_scores\[16\]\[5\],15.04
weights\[54\]\[1\],15.04
weights\[54\]\[2\],15.04
net5438,15.04
net5667,15.04
_28200_,15.035
v\[74\]\[0\],15.035
_07705_,15.02
_17211_,15.02
_19748_,15.02
_20374_,15.02
_21696_,15.02
_23086_,15.02
_23240_,15.02
_23758_,15.02
_26021_,15.02
_34301_,15.02
_41626_,15.02
k\[13\]\[4\],15.02
out\[125\]\[2\],15.02
out\[97\]\[7\],15.02
scaled_scores\[58\]\[16\],15.02
weights\[13\]\[1\],15.02
weights\[56\]\[2\],15.02
net1814,15.02
net3772,15.02
_19731_,15.01
_19896_,15.01
_28607_,15.01
_09022_,15
_10713_,15
_22989_,15
_24549_,15
_24901_,15
_30863_,15
_36241_,15
_38506_,15
_39506_,15
_41274_,15
_41468_,15
_42471_,15
_43392_,15
k\[106\]\[1\],15
out\[79\]\[5\],15
scaled_scores\[59\]\[4\],15
v\[50\]\[2\],15
net1873,15
net2611,15
net4137,15
net7273,15
_40298_,14.99
_05295_,14.985
_19638_,14.98
_21054_,14.98
_21834_,14.98
_22142_,14.98
_23825_,14.98
_24531_,14.98
_24834_,14.98
_33561_,14.98
_35710_,14.98
_38489_,14.98
_41762_,14.98
_43601_,14.98
_43888_,14.98
k\[33\]\[2\],14.98
q\[36\]\[1\],14.98
q\[72\]\[4\],14.98
q\[76\]\[5\],14.98
scaled_scores\[15\]\[5\],14.98
scaled_scores\[57\]\[14\],14.98
weights\[53\]\[4\],14.98
net1949,14.98
_05375_,14.965
_07037_,14.965
v\[22\]\[1\],14.965
_09467_,14.96
_21809_,14.96
_23462_,14.96
_23990_,14.96
_27757_,14.96
_28011_,14.96
_31393_,14.96
_33851_,14.96
_35121_,14.96
_37092_,14.96
_42878_,14.96
_42994_,14.96
_43044_,14.96
net2682,14.96
net4363,14.96
_01101_,14.955
_26912_,14.95
_14077_,14.94
_18287_,14.94
_19287_,14.94
_24330_,14.94
_25484_,14.94
_30580_,14.94
_34700_,14.94
_38908_,14.94
_42050_,14.94
_42345_,14.94
_42588_,14.94
_44139_,14.94
k\[40\]\[1\],14.94
k\[93\]\[1\],14.94
k\[99\]\[5\],14.94
out\[112\]\[5\],14.94
out\[66\]\[7\],14.94
raw_scores\[60\]\[8\],14.94
v\[108\]\[2\],14.94
v\[40\]\[4\],14.94
net1197,14.94
net3681,14.94
_30702_,14.93
_01306_,14.925
_03533_,14.925
q\[56\]\[7\],14.925
_07381_,14.92
_07821_,14.92
_09527_,14.92
_12159_,14.92
_14195_,14.92
_14404_,14.92
_20099_,14.92
_20263_,14.92
_22116_,14.92
_22798_,14.92
_25637_,14.92
_31743_,14.92
_33388_,14.92
_33480_,14.92
_40638_,14.92
_40929_,14.92
_41929_,14.92
_42996_,14.92
_43417_,14.92
_43938_,14.92
scaled_scores\[63\]\[13\],14.92
net872,14.92
net2708,14.92
net3607,14.92
net4961,14.92
net6177,14.92
net6516,14.92
net6664,14.92
net7530,14.92
_08387_,14.91
_33721_,14.91
_38985_,14.91
_41505_,14.91
_07971_,14.9
_13531_,14.9
_14055_,14.9
_17145_,14.9
_25460_,14.9
_27878_,14.9
_29930_,14.9
_32810_,14.9
_34908_,14.9
_42756_,14.9
scaled_scores\[18\]\[15\],14.9
scaled_scores\[56\]\[11\],14.9
scaled_scores\[58\]\[6\],14.9
v\[15\]\[3\],14.9
v\[31\]\[1\],14.9
net6694,14.9
k\[20\]\[1\],14.895
_41683_,14.89
_05160_,14.885
_09269_,14.88
_10976_,14.88
_15424_,14.88
_18973_,14.88
_19714_,14.88
_22762_,14.88
_25040_,14.88
_25641_,14.88
_28003_,14.88
_29581_,14.88
_30378_,14.88
_37209_,14.88
_39312_,14.88
_44134_,14.88
out\[125\]\[0\],14.88
q\[116\]\[6\],14.88
q\[20\]\[1\],14.88
scaled_scores\[28\]\[1\],14.88
weights\[54\]\[6\],14.88
net413,14.88
net852,14.88
net1909,14.88
net2100,14.88
net3029,14.88
net4543,14.88
net4736,14.88
net4919,14.88
net5983,14.88
net7568,14.88
_23792_,14.875
_31141_,14.875
net4408,14.875
_01455_,14.865
_24489_,14.865
out\[80\]\[2\],14.865
_09554_,14.86
_11068_,14.86
_15845_,14.86
_17812_,14.86
_20493_,14.86
_21263_,14.86
_21275_,14.86
_21295_,14.86
_21840_,14.86
_22803_,14.86
_23503_,14.86
_24655_,14.86
_25754_,14.86
_27242_,14.86
_29841_,14.86
_32331_,14.86
_38942_,14.86
_40568_,14.86
_42106_,14.86
_42949_,14.86
k\[3\]\[5\],14.86
k\[51\]\[0\],14.86
k\[54\]\[5\],14.86
k\[63\]\[1\],14.86
k\[93\]\[6\],14.86
out\[121\]\[1\],14.86
out\[28\]\[1\],14.86
scaled_scores\[5\]\[10\],14.86
weights\[17\]\[4\],14.86
_00594_,14.845
_01470_,14.845
_00533_,14.84
_12928_,14.84
_16137_,14.84
_20648_,14.84
_23833_,14.84
_26689_,14.84
_27557_,14.84
_39360_,14.84
_39383_,14.84
_40860_,14.84
_44233_,14.84
q\[12\]\[5\],14.84
q\[17\]\[6\],14.84
raw_scores\[19\]\[8\],14.84
raw_scores\[44\]\[3\],14.84
scaled_scores\[40\]\[9\],14.84
v\[15\]\[0\],14.84
weights\[6\]\[4\],14.84
net4208,14.84
_34581_,14.835
_01987_,14.825
_16208_,14.82
_19486_,14.82
_22260_,14.82
_24181_,14.82
_27300_,14.82
_27837_,14.82
_31617_,14.82
_33995_,14.82
_39645_,14.82
_40581_,14.82
q\[30\]\[2\],14.82
row_data[77],14.82
weights\[35\]\[6\],14.82
net1190,14.82
net1351,14.82
net1542,14.82
net2089,14.82
net2269,14.82
net4670,14.82
net6657,14.82
v\[96\]\[4\],14.815
_20695_,14.81
_24164_,14.81
_37773_,14.81
out\[14\]\[5\],14.81
v\[49\]\[1\],14.805
_08074_,14.8
_09361_,14.8
_12627_,14.8
_19568_,14.8
_20898_,14.8
_22263_,14.8
_23486_,14.8
_23804_,14.8
_25045_,14.8
_26963_,14.8
_27081_,14.8
_28151_,14.8
_28885_,14.8
_35158_,14.8
_37918_,14.8
_41657_,14.8
_41940_,14.8
_42141_,14.8
_43030_,14.8
k\[119\]\[7\],14.8
q\[29\]\[5\],14.8
v\[77\]\[3\],14.8
weights\[10\]\[2\],14.8
weights\[38\]\[6\],14.8
net4953,14.8
_20396_,14.79
_01881_,14.785
_07590_,14.78
_09908_,14.78
_19840_,14.78
_19907_,14.78
_20668_,14.78
_22068_,14.78
_24667_,14.78
_25971_,14.78
_26721_,14.78
_27057_,14.78
_27613_,14.78
_28418_,14.78
_31790_,14.78
_42317_,14.78
_42403_,14.78
out\[96\]\[0\],14.78
q\[108\]\[1\],14.78
q\[52\]\[5\],14.78
q\[53\]\[5\],14.78
scaled_scores\[15\]\[6\],14.78
net6282,14.78
net6372,14.78
net6393,14.78
net7184,14.78
_21040_,14.77
_36203_,14.77
_33615_,14.765
_07929_,14.76
_13319_,14.76
_13606_,14.76
_20872_,14.76
_21739_,14.76
_21853_,14.76
_23178_,14.76
_23406_,14.76
_30025_,14.76
_31095_,14.76
_31400_,14.76
_31501_,14.76
_34317_,14.76
_37889_,14.76
_41295_,14.76
_43958_,14.76
out\[11\]\[5\],14.76
scaled_scores\[29\]\[13\],14.76
scaled_scores\[30\]\[0\],14.76
weights\[3\]\[7\],14.76
net444,14.76
net1403,14.76
net2262,14.76
net2537,14.76
net2836,14.76
net7622,14.76
net7801,14.76
_03124_,14.755
_30021_,14.75
_34389_,14.745
_04345_,14.74
_10734_,14.74
_12920_,14.74
_13696_,14.74
_15667_,14.74
_19309_,14.74
_21815_,14.74
_23127_,14.74
_23686_,14.74
_30473_,14.74
_34184_,14.74
_34764_,14.74
_37350_,14.74
_40337_,14.74
_41691_,14.74
_41740_,14.74
k\[36\]\[7\],14.74
q\[85\]\[1\],14.74
v\[116\]\[6\],14.74
net1384,14.74
net2797,14.74
net5178,14.74
net6528,14.74
_20039_,14.73
_00945_,14.725
k\[28\]\[5\],14.725
k\[56\]\[7\],14.725
scaled_scores\[42\]\[14\],14.725
v\[54\]\[0\],14.725
_14355_,14.72
_21798_,14.72
_22765_,14.72
_23124_,14.72
_23491_,14.72
_23868_,14.72
_23917_,14.72
_24759_,14.72
_25488_,14.72
_28268_,14.72
_29115_,14.72
_35104_,14.72
_35611_,14.72
_39237_,14.72
_41103_,14.72
_41536_,14.72
k\[0\]\[5\],14.72
out\[117\]\[6\],14.72
out\[30\]\[4\],14.72
v\[7\]\[6\],14.72
v\[98\]\[3\],14.72
weights\[63\]\[4\],14.72
net5665,14.72
_13980_,14.71
_35782_,14.71
_02538_,14.705
_12615_,14.7
_13294_,14.7
_15462_,14.7
_22535_,14.7
_26151_,14.7
_26165_,14.7
_26891_,14.7
_27314_,14.7
_28592_,14.7
_30611_,14.7
_34232_,14.7
_41662_,14.7
out\[79\]\[4\],14.7
q\[10\]\[6\],14.7
q\[67\]\[1\],14.7
v\[38\]\[3\],14.7
net1379,14.7
net2028,14.7
net2515,14.7
net4826,14.7
net5001,14.7
net5482,14.7
net6459,14.7
_34054_,14.69
q\[55\]\[7\],14.685
_14006_,14.68
_19605_,14.68
_20708_,14.68
_21370_,14.68
_22039_,14.68
_22382_,14.68
_26115_,14.68
_26156_,14.68
_28853_,14.68
_29969_,14.68
_31928_,14.68
out\[0\]\[3\],14.68
q\[109\]\[1\],14.68
q\[66\]\[3\],14.68
raw_scores\[21\]\[3\],14.68
scaled_scores\[36\]\[5\],14.68
v\[19\]\[4\],14.68
v\[26\]\[2\],14.68
v\[59\]\[5\],14.68
net4462,14.68
out\[110\]\[0\],14.67
_00478_,14.665
_00980_,14.665
_01604_,14.665
_04295_,14.665
_09042_,14.66
_12092_,14.66
_23698_,14.66
_26131_,14.66
_27297_,14.66
_30277_,14.66
_35441_,14.66
_38574_,14.66
_39372_,14.66
_40648_,14.66
_41190_,14.66
k\[3\]\[7\],14.66
raw_scores\[30\]\[18\],14.66
v\[18\]\[0\],14.66
weights\[43\]\[0\],14.66
net4812,14.66
v\[22\]\[7\],14.655
_32171_,14.65
_06685_,14.645
k\[57\]\[1\],14.645
_11535_,14.64
_13416_,14.64
_13689_,14.64
_20324_,14.64
_20835_,14.64
_20943_,14.64
_22050_,14.64
_22500_,14.64
_24224_,14.64
_26473_,14.64
_26832_,14.64
_27306_,14.64
_28453_,14.64
_28567_,14.64
_32079_,14.64
_32207_,14.64
_34014_,14.64
_41734_,14.64
_42472_,14.64
k\[127\]\[4\],14.64
out\[79\]\[3\],14.64
q\[10\]\[3\],14.64
q\[120\]\[0\],14.64
raw_scores\[3\]\[10\],14.64
v\[19\]\[5\],14.64
v\[58\]\[6\],14.64
net910,14.64
net5531,14.64
_23601_,14.635
v\[65\]\[6\],14.635
_41323_,14.63
_01640_,14.625
_01642_,14.625
v\[44\]\[7\],14.625
_10365_,14.62
_18935_,14.62
_20088_,14.62
_21877_,14.62
_22512_,14.62
_26945_,14.62
_29523_,14.62
_30004_,14.62
_31834_,14.62
_41580_,14.62
_43529_,14.62
k\[88\]\[7\],14.62
scaled_scores\[0\]\[0\],14.62
net954,14.62
net2080,14.62
net2223,14.62
v\[81\]\[0\],14.615
_07577_,14.61
_00585_,14.605
_06985_,14.605
_01618_,14.6
_08051_,14.6
_25010_,14.6
_28501_,14.6
_30328_,14.6
_34625_,14.6
_35296_,14.6
_37101_,14.6
_37597_,14.6
_41817_,14.6
k\[17\]\[5\],14.6
k\[96\]\[1\],14.6
out\[0\]\[7\],14.6
q\[46\]\[6\],14.6
scaled_scores\[39\]\[9\],14.6
scaled_scores\[40\]\[0\],14.6
scaled_scores\[42\]\[13\],14.6
scaled_scores\[56\]\[16\],14.6
weights\[0\]\[2\],14.6
net1091,14.6
net2692,14.6
net3112,14.6
net3556,14.6
net3883,14.6
net3998,14.6
net4429,14.6
net4535,14.6
_34439_,14.595
_35756_,14.595
_00846_,14.585
_01006_,14.585
_07259_,14.58
_09316_,14.58
_11033_,14.58
_20970_,14.58
_30720_,14.58
_32910_,14.58
_33051_,14.58
_33608_,14.58
_37876_,14.58
_38702_,14.58
_41286_,14.58
_42784_,14.58
out\[42\]\[0\],14.58
q\[100\]\[4\],14.58
net2244,14.58
net3227,14.58
net5857,14.58
net7002,14.58
_08122_,14.56
_08777_,14.56
_10208_,14.56
_10445_,14.56
_10565_,14.56
_10683_,14.56
_14045_,14.56
_28788_,14.56
_29604_,14.56
_31968_,14.56
_38322_,14.56
_43128_,14.56
k\[86\]\[2\],14.56
out\[121\]\[2\],14.56
out\[4\]\[5\],14.56
q\[16\]\[7\],14.56
scaled_scores\[33\]\[3\],14.56
scaled_scores\[42\]\[2\],14.56
scaled_scores\[51\]\[13\],14.56
v\[89\]\[3\],14.56
net957,14.56
net1761,14.56
net2051,14.56
_08508_,14.555
k\[44\]\[2\],14.555
weights\[41\]\[7\],14.555
_42496_,14.55
_43588_,14.55
_01532_,14.545
_08568_,14.54
_14232_,14.54
_16367_,14.54
_20379_,14.54
_21039_,14.54
_21447_,14.54
_25914_,14.54
_28906_,14.54
_29655_,14.54
_30413_,14.54
_30934_,14.54
_31381_,14.54
_31571_,14.54
_31615_,14.54
_34985_,14.54
_35093_,14.54
_35248_,14.54
_43995_,14.54
k\[17\]\[7\],14.54
k\[66\]\[0\],14.54
q\[108\]\[5\],14.54
q\[79\]\[1\],14.54
scaled_scores\[10\]\[14\],14.54
scaled_scores\[53\]\[8\],14.54
net2421,14.54
net2659,14.54
net3442,14.54
_23659_,14.535
_34595_,14.535
k\[50\]\[4\],14.535
_40526_,14.53
_08286_,14.52
_09777_,14.52
_13872_,14.52
_13885_,14.52
_19504_,14.52
_21577_,14.52
_21707_,14.52
_21852_,14.52
_21910_,14.52
_23438_,14.52
_23861_,14.52
_32421_,14.52
_33982_,14.52
_39646_,14.52
_39840_,14.52
_40601_,14.52
_40660_,14.52
_43883_,14.52
k\[121\]\[3\],14.52
k\[47\]\[0\],14.52
out\[96\]\[3\],14.52
q\[75\]\[2\],14.52
scaled_scores\[22\]\[0\],14.52
scaled_scores\[29\]\[0\],14.52
v\[126\]\[4\],14.52
weights\[3\]\[6\],14.52
net1409,14.52
net1758,14.52
net1807,14.52
net3459,14.52
net5381,14.52
_33898_,14.515
_19582_,14.51
_00417_,14.505
_01291_,14.505
_01719_,14.505
v\[70\]\[5\],14.505
_10170_,14.5
_10381_,14.5
_10877_,14.5
_13237_,14.5
_14444_,14.5
_22613_,14.5
_22828_,14.5
_23592_,14.5
_28623_,14.5
_31795_,14.5
_32595_,14.5
_32771_,14.5
_33318_,14.5
_41805_,14.5
_42932_,14.5
_42973_,14.5
raw_scores\[13\]\[12\],14.5
net844,14.5
net1790,14.5
net2463,14.5
net2622,14.5
net6578,14.5
net6610,14.5
_42058_,14.495
v\[28\]\[1\],14.485
_09713_,14.48
_09791_,14.48
_09798_,14.48
_11669_,14.48
_13336_,14.48
_13460_,14.48
_21204_,14.48
_22425_,14.48
_26401_,14.48
_32292_,14.48
_35238_,14.48
_35241_,14.48
_35291_,14.48
_43548_,14.48
k\[66\]\[7\],14.48
out\[18\]\[3\],14.48
out\[59\]\[0\],14.48
out\[77\]\[5\],14.48
q\[122\]\[2\],14.48
q\[20\]\[7\],14.48
scaled_scores\[58\]\[3\],14.48
scaled_scores\[5\]\[6\],14.48
net1848,14.48
net3035,14.48
net5182,14.48
net5469,14.48
net6536,14.48
_07979_,14.475
k\[81\]\[3\],14.475
out\[39\]\[7\],14.475
_07739_,14.46
_09152_,14.46
_09408_,14.46
_19353_,14.46
_19823_,14.46
_24237_,14.46
_24648_,14.46
_26544_,14.46
_27666_,14.46
_27908_,14.46
_28030_,14.46
_28391_,14.46
_30404_,14.46
_31177_,14.46
_33391_,14.46
_33564_,14.46
_33787_,14.46
_35240_,14.46
_38473_,14.46
_39117_,14.46
_39174_,14.46
_39728_,14.46
_40098_,14.46
_41768_,14.46
k\[123\]\[7\],14.46
out\[5\]\[2\],14.46
out_row_data[98],14.46
raw_scores\[3\]\[13\],14.46
raw_scores\[3\]\[8\],14.46
raw_scores\[59\]\[10\],14.46
scaled_scores\[36\]\[9\],14.46
weights\[38\]\[7\],14.46
net7677,14.46
_02687_,14.445
_05503_,14.445
k\[52\]\[7\],14.445
_09942_,14.44
_12767_,14.44
_14089_,14.44
_20751_,14.44
_21933_,14.44
_23428_,14.44
_25639_,14.44
_33694_,14.44
_37603_,14.44
_39285_,14.44
_39538_,14.44
_39945_,14.44
_42567_,14.44
_42688_,14.44
_42995_,14.44
k\[17\]\[6\],14.44
raw_scores\[19\]\[13\],14.44
scaled_scores\[42\]\[0\],14.44
v\[105\]\[6\],14.44
net1535,14.44
net2207,14.44
net2328,14.44
net3416,14.44
out\[42\]\[3\],14.435
_01254_,14.425
_05940_,14.425
_09053_,14.42
_09385_,14.42
_09753_,14.42
_10930_,14.42
_11098_,14.42
_13349_,14.42
_13648_,14.42
_14135_,14.42
_14448_,14.42
_17107_,14.42
_17236_,14.42
_20294_,14.42
_22887_,14.42
_24385_,14.42
_26422_,14.42
_26472_,14.42
_27434_,14.42
_30344_,14.42
_30624_,14.42
_30924_,14.42
_33502_,14.42
_35156_,14.42
_36471_,14.42
_40231_,14.42
_41105_,14.42
_41713_,14.42
_41910_,14.42
_42176_,14.42
_42267_,14.42
_44069_,14.42
k\[1\]\[7\],14.42
out\[70\]\[2\],14.42
q\[0\]\[4\],14.42
q\[106\]\[1\],14.42
q\[18\]\[3\],14.42
scaled_scores\[27\]\[14\],14.42
net2271,14.42
net2317,14.42
net2358,14.42
net2606,14.42
net3153,14.42
net4569,14.42
net4573,14.42
v\[64\]\[0\],14.41
k\[19\]\[0\],14.405
_07958_,14.4
_09311_,14.4
_13914_,14.4
_14468_,14.4
_14738_,14.4
_15911_,14.4
_18262_,14.4
_19352_,14.4
_20197_,14.4
_20464_,14.4
_21029_,14.4
_21267_,14.4
_26919_,14.4
_28097_,14.4
_30217_,14.4
_31763_,14.4
_32161_,14.4
_32824_,14.4
_33779_,14.4
_35612_,14.4
_39236_,14.4
_39745_,14.4
_42812_,14.4
q\[77\]\[4\],14.4
raw_scores\[3\]\[14\],14.4
net1776,14.4
net6936,14.4
_01402_,14.385
_02378_,14.385
_17235_,14.38
_18491_,14.38
_19129_,14.38
_24840_,14.38
_25077_,14.38
_28042_,14.38
_29635_,14.38
_31810_,14.38
_34656_,14.38
_35405_,14.38
_35445_,14.38
_40307_,14.38
_40314_,14.38
_40817_,14.38
_41271_,14.38
_41735_,14.38
_41862_,14.38
_42669_,14.38
_43197_,14.38
_43552_,14.38
k\[42\]\[7\],14.38
out\[113\]\[1\],14.38
q\[106\]\[0\],14.38
q\[127\]\[6\],14.38
q\[54\]\[6\],14.38
net1463,14.38
net4576,14.38
net7130,14.38
_10603_,14.375
row_data[72],14.37
_05285_,14.365
_36201_,14.365
out\[42\]\[1\],14.365
_13743_,14.36
_14257_,14.36
_19549_,14.36
_21453_,14.36
_22993_,14.36
_30724_,14.36
_31562_,14.36
_33125_,14.36
_40597_,14.36
_40967_,14.36
_42102_,14.36
_42236_,14.36
_42754_,14.36
k\[77\]\[2\],14.36
scaled_scores\[48\]\[10\],14.36
v\[102\]\[2\],14.36
net902,14.36
net4285,14.36
net6396,14.36
net6512,14.36
_07546_,14.34
_14457_,14.34
_20705_,14.34
_21721_,14.34
_21752_,14.34
_22404_,14.34
_23136_,14.34
_23683_,14.34
_29257_,14.34
_29929_,14.34
_30363_,14.34
_31600_,14.34
_33387_,14.34
_34312_,14.34
_35999_,14.34
_37248_,14.34
_41939_,14.34
_42677_,14.34
_43825_,14.34
k\[124\]\[1\],14.34
k\[68\]\[7\],14.34
out\[120\]\[2\],14.34
out_row_data[113],14.34
scaled_scores\[14\]\[8\],14.34
v\[106\]\[1\],14.34
weights\[18\]\[4\],14.34
net6427,14.34
net6745,14.34
_24459_,14.335
v\[120\]\[0\],14.335
_21773_,14.33
_35664_,14.33
_00988_,14.325
_01511_,14.325
_07563_,14.32
_20820_,14.32
_27428_,14.32
_28256_,14.32
_28523_,14.32
_29135_,14.32
_29752_,14.32
_30740_,14.32
_31142_,14.32
_32123_,14.32
_32262_,14.32
_32375_,14.32
_34435_,14.32
_35761_,14.32
_40809_,14.32
_42232_,14.32
out\[103\]\[7\],14.32
out\[35\]\[1\],14.32
q\[41\]\[4\],14.32
weights\[50\]\[0\],14.32
net1345,14.32
net2260,14.32
_01168_,14.305
_20180_,14.305
k\[63\]\[5\],14.305
v\[102\]\[5\],14.305
_07575_,14.3
_08006_,14.3
_08768_,14.3
_21471_,14.3
_21863_,14.3
_21906_,14.3
_23416_,14.3
_25100_,14.3
_25406_,14.3
_27229_,14.3
_28141_,14.3
_33803_,14.3
_35244_,14.3
_35660_,14.3
_38768_,14.3
_40313_,14.3
_41149_,14.3
_41750_,14.3
_42962_,14.3
_44238_,14.3
k\[32\]\[3\],14.3
out\[117\]\[4\],14.3
scaled_scores\[6\]\[14\],14.3
v\[101\]\[1\],14.3
v\[115\]\[1\],14.3
v\[119\]\[1\],14.3
net3194,14.3
net4115,14.3
net4122,14.3
net4959,14.3
net7687,14.3
_40474_,14.295
_00443_,14.285
_00947_,14.285
_24210_,14.285
_15770_,14.28
_23292_,14.28
_24271_,14.28
_26196_,14.28
_27174_,14.28
_27403_,14.28
_28294_,14.28
_29221_,14.28
_35146_,14.28
_40137_,14.28
_41706_,14.28
_42015_,14.28
_43139_,14.28
_43743_,14.28
q\[26\]\[7\],14.28
v\[72\]\[2\],14.28
net2742,14.28
net3094,14.28
net3366,14.28
net3526,14.28
net3584,14.28
net4047,14.28
net4212,14.28
net5676,14.28
net6489,14.28
_21856_,14.27
_26632_,14.27
_05151_,14.265
_07050_,14.265
weights\[30\]\[3\],14.265
_07702_,14.26
_07921_,14.26
_19936_,14.26
_21280_,14.26
_24644_,14.26
_24954_,14.26
_25592_,14.26
_26057_,14.26
_26400_,14.26
_27421_,14.26
_28724_,14.26
_30069_,14.26
_30652_,14.26
_31725_,14.26
_32455_,14.26
_35622_,14.26
_37949_,14.26
_41873_,14.26
_42460_,14.26
k\[72\]\[2\],14.26
scaled_scores\[30\]\[15\],14.26
v\[117\]\[2\],14.26
v\[42\]\[5\],14.26
net2068,14.26
net3321,14.26
net6794,14.26
net7612,14.26
_33012_,14.255
out\[43\]\[2\],14.255
_19802_,14.25
_02271_,14.245
_03994_,14.24
_07747_,14.24
_10247_,14.24
_13801_,14.24
_18964_,14.24
_21284_,14.24
_23179_,14.24
_24065_,14.24
_25497_,14.24
_25911_,14.24
_26624_,14.24
_29158_,14.24
_29367_,14.24
_32333_,14.24
_39547_,14.24
scaled_scores\[20\]\[10\],14.24
scaled_scores\[61\]\[4\],14.24
weights\[63\]\[2\],14.24
net1992,14.24
net4421,14.24
net6018,14.24
net6869,14.24
net7297,14.24
net7379,14.24
net7455,14.24
k\[11\]\[7\],14.235
k\[89\]\[6\],14.235
_20471_,14.23
k\[74\]\[4\],14.23
_08097_,14.22
_10872_,14.22
_14244_,14.22
_17647_,14.22
_20866_,14.22
_22087_,14.22
_23045_,14.22
_23121_,14.22
_23375_,14.22
_31452_,14.22
_34140_,14.22
_40046_,14.22
_41446_,14.22
_41921_,14.22
_42051_,14.22
k\[21\]\[7\],14.22
k\[32\]\[4\],14.22
k\[53\]\[2\],14.22
q\[23\]\[5\],14.22
q\[32\]\[0\],14.22
q\[75\]\[7\],14.22
q\[9\]\[4\],14.22
scaled_scores\[17\]\[2\],14.22
scaled_scores\[38\]\[3\],14.22
scaled_scores\[40\]\[8\],14.22
v\[10\]\[4\],14.22
net1793,14.22
_13846_,14.215
_05827_,14.205
_07647_,14.2
_23036_,14.2
_23794_,14.2
_27806_,14.2
_29187_,14.2
_34665_,14.2
_34959_,14.2
_40014_,14.2
_41051_,14.2
_43861_,14.2
q\[33\]\[5\],14.2
q\[97\]\[0\],14.2
net908,14.2
net1808,14.2
net7385,14.2
_23525_,14.195
_08930_,14.18
_09420_,14.18
_10462_,14.18
_12914_,14.18
_15382_,14.18
_19948_,14.18
_20599_,14.18
_23460_,14.18
_25061_,14.18
_25227_,14.18
_25340_,14.18
_29467_,14.18
_32273_,14.18
_33444_,14.18
_35567_,14.18
_37974_,14.18
_38161_,14.18
_40415_,14.18
_42420_,14.18
_43921_,14.18
_43923_,14.18
_44222_,14.18
k\[65\]\[6\],14.18
q\[10\]\[4\],14.18
q\[26\]\[6\],14.18
scaled_scores\[27\]\[6\],14.18
scaled_scores\[52\]\[17\],14.18
v\[127\]\[3\],14.18
v\[59\]\[0\],14.18
weights\[4\]\[2\],14.18
net335,14.18
net2666,14.18
net3117,14.18
net3616,14.18
net4381,14.18
_35085_,14.17
_39154_,14.17
_01486_,14.165
_27288_,14.16
_28682_,14.16
_29174_,14.16
_29709_,14.16
_35438_,14.16
_35677_,14.16
_36058_,14.16
_39302_,14.16
_43269_,14.16
out\[108\]\[2\],14.16
weights\[13\]\[2\],14.16
net358,14.16
net4146,14.16
net7521,14.16
net7795,14.16
_08292_,14.155
q\[70\]\[4\],14.155
_20175_,14.15
_29536_,14.15
_38102_,14.15
_42380_,14.15
_00283_,14.145
_34810_,14.145
_42847_,14.145
_11030_,14.14
_11086_,14.14
_17643_,14.14
_20238_,14.14
_23996_,14.14
_24975_,14.14
_27414_,14.14
_30390_,14.14
_37059_,14.14
_39253_,14.14
_40675_,14.14
_41760_,14.14
_42218_,14.14
_42965_,14.14
_43972_,14.14
k\[102\]\[1\],14.14
k\[118\]\[6\],14.14
k\[32\]\[0\],14.14
k\[94\]\[6\],14.14
k\[97\]\[4\],14.14
out\[50\]\[2\],14.14
out\[82\]\[6\],14.14
q\[34\]\[3\],14.14
v\[66\]\[1\],14.14
weights\[38\]\[2\],14.14
weights\[58\]\[4\],14.14
weights\[63\]\[1\],14.14
net2347,14.14
net2755,14.14
net4734,14.14
net4859,14.14
net5959,14.14
net6881,14.14
_04911_,14.12
_14476_,14.12
_14656_,14.12
_22699_,14.12
_24828_,14.12
_25194_,14.12
_25324_,14.12
_35177_,14.12
_38197_,14.12
_42115_,14.12
k\[110\]\[6\],14.12
scaled_scores\[21\]\[4\],14.12
scaled_scores\[23\]\[14\],14.12
net983,14.12
net1156,14.12
net1323,14.12
net1643,14.12
net1903,14.12
net2119,14.12
net2567,14.12
net3344,14.12
net3602,14.12
net5137,14.12
_22918_,14.11
scaled_scores\[2\]\[7\],14.105
v\[4\]\[0\],14.105
_06400_,14.1
_07987_,14.1
_08831_,14.1
_17390_,14.1
_23588_,14.1
_26169_,14.1
_26182_,14.1
_30732_,14.1
_31598_,14.1
_31792_,14.1
_31812_,14.1
_37408_,14.1
_38273_,14.1
_38919_,14.1
_39366_,14.1
_39464_,14.1
_40208_,14.1
_42575_,14.1
_42760_,14.1
_43118_,14.1
out\[105\]\[1\],14.1
out\[1\]\[1\],14.1
out\[8\]\[7\],14.1
q\[11\]\[0\],14.1
raw_scores\[7\]\[10\],14.1
v\[115\]\[6\],14.1
v\[90\]\[3\],14.1
weights\[18\]\[3\],14.1
weights\[21\]\[1\],14.1
weights\[52\]\[0\],14.1
net1556,14.1
net3474,14.1
net3977,14.1
net5257,14.1
out\[40\]\[0\],14.095
_26211_,14.09
_26519_,14.09
_43187_,14.09
_00878_,14.08
_08661_,14.08
_10172_,14.08
_11056_,14.08
_12502_,14.08
_14397_,14.08
_19036_,14.08
_19400_,14.08
_22433_,14.08
_23593_,14.08
_24416_,14.08
_25796_,14.08
_28038_,14.08
_32505_,14.08
_37256_,14.08
_40721_,14.08
_42366_,14.08
out\[17\]\[4\],14.08
weights\[24\]\[6\],14.08
net925,14.08
net947,14.08
net1025,14.08
net1286,14.08
net1816,14.08
net2398,14.08
net2434,14.08
net2575,14.08
net3520,14.08
net4499,14.08
net6322,14.08
_31455_,14.075
net4999,14.075
_07002_,14.065
_08873_,14.06
_11294_,14.06
_11332_,14.06
_20405_,14.06
_23217_,14.06
_23872_,14.06
_24430_,14.06
_30823_,14.06
_32915_,14.06
_35665_,14.06
_39046_,14.06
_44091_,14.06
k\[33\]\[0\],14.06
k\[70\]\[1\],14.06
q\[117\]\[3\],14.06
raw_scores\[28\]\[12\],14.06
scaled_scores\[14\]\[1\],14.06
v\[62\]\[5\],14.06
v\[79\]\[5\],14.06
v\[95\]\[3\],14.06
weights\[11\]\[5\],14.06
net1600,14.06
net2417,14.06
net3750,14.06
net3938,14.06
net5873,14.06
_01895_,14.055
_00038_,14.045
_01192_,14.045
_03255_,14.045
_04964_,14.045
_07006_,14.045
_07017_,14.045
_13556_,14.04
_16702_,14.04
_19722_,14.04
_23487_,14.04
_25801_,14.04
_26732_,14.04
_28728_,14.04
_28909_,14.04
_29102_,14.04
_30007_,14.04
_37362_,14.04
_38053_,14.04
_40563_,14.04
_43977_,14.04
out\[27\]\[7\],14.04
scaled_scores\[39\]\[16\],14.04
net5157,14.04
net6147,14.04
_09484_,14.035
_27114_,14.035
_28826_,14.03
_38054_,14.025
out\[38\]\[3\],14.025
weights\[29\]\[3\],14.025
_00199_,14.02
_10205_,14.02
_11960_,14.02
_12006_,14.02
_14036_,14.02
_16719_,14.02
_19609_,14.02
_19940_,14.02
_22633_,14.02
_30199_,14.02
_30245_,14.02
_31570_,14.02
_34743_,14.02
_35361_,14.02
_35374_,14.02
_38930_,14.02
_40510_,14.02
_41264_,14.02
out\[115\]\[1\],14.02
out\[21\]\[4\],14.02
out\[32\]\[3\],14.02
out\[50\]\[4\],14.02
out\[76\]\[1\],14.02
q\[17\]\[3\],14.02
q\[37\]\[5\],14.02
scaled_scores\[41\]\[8\],14.02
scaled_scores\[45\]\[3\],14.02
scaled_scores\[52\]\[5\],14.02
scaled_scores\[6\]\[17\],14.02
v\[90\]\[4\],14.02
net2017,14.02
net2277,14.02
net2341,14.02
net3753,14.02
net4166,14.02
net5253,14.02
net5856,14.02
_00991_,14.005
_01850_,14.005
_04578_,14.005
_08673_,14
_11598_,14
_15210_,14
_18635_,14
_20265_,14
_22193_,14
_22495_,14
_22598_,14
_28489_,14
_29358_,14
_30179_,14
_32367_,14
_33783_,14
_34206_,14
_34708_,14
_41898_,14
out\[15\]\[3\],14
q\[71\]\[4\],14
net347,14
net1100,14
net1271,14
net1923,14
net2573,14
net3293,14
net6108,14
net6122,14
_27199_,13.995
_34609_,13.99
_39930_,13.99
_06312_,13.985
_08804_,13.985
_03672_,13.98
_07641_,13.98
_08959_,13.98
_10751_,13.98
_11194_,13.98
_21342_,13.98
_28098_,13.98
_30000_,13.98
_33201_,13.98
_36099_,13.98
_39632_,13.98
_39808_,13.98
_41181_,13.98
_43101_,13.98
out\[112\]\[4\],13.98
out\[118\]\[0\],13.98
out\[118\]\[1\],13.98
scaled_scores\[12\]\[5\],13.98
scaled_scores\[15\]\[15\],13.98
v\[34\]\[1\],13.98
v\[80\]\[7\],13.98
_27983_,13.97
_34670_,13.97
_35027_,13.97
_00490_,13.965
_01759_,13.965
k\[29\]\[0\],13.965
_07850_,13.96
_07924_,13.96
_10040_,13.96
_11713_,13.96
_18380_,13.96
_21629_,13.96
_24050_,13.96
_24227_,13.96
_25230_,13.96
_25327_,13.96
_32091_,13.96
_35396_,13.96
_37532_,13.96
_40584_,13.96
_41330_,13.96
k\[115\]\[2\],13.96
k\[117\]\[7\],13.96
out\[100\]\[0\],13.96
out\[112\]\[2\],13.96
out\[117\]\[7\],13.96
q\[115\]\[3\],13.96
q\[39\]\[6\],13.96
scaled_scores\[16\]\[3\],13.96
scaled_scores\[35\]\[13\],13.96
v\[95\]\[2\],13.96
net331,13.96
net1820,13.96
net2593,13.96
net2764,13.96
net2943,13.96
net3422,13.96
net3714,13.96
net3777,13.96
net6077,13.96
net6416,13.96
_02191_,13.945
q\[55\]\[0\],13.945
q\[60\]\[0\],13.945
_09539_,13.94
_11926_,13.94
_12838_,13.94
_13573_,13.94
_14247_,13.94
_16459_,13.94
_18045_,13.94
_18240_,13.94
_18681_,13.94
_23052_,13.94
_26445_,13.94
_28510_,13.94
_31460_,13.94
_32584_,13.94
_33791_,13.94
_35479_,13.94
_37684_,13.94
_42424_,13.94
_42929_,13.94
_43563_,13.94
k\[80\]\[7\],13.94
out\[25\]\[4\],13.94
out\[34\]\[0\],13.94
raw_scores\[36\]\[2\],13.94
raw_scores\[50\]\[8\],13.94
v\[35\]\[2\],13.94
v\[79\]\[6\],13.94
net1122,13.94
net2108,13.94
net2564,13.94
_29002_,13.93
_05405_,13.925
scaled_scores\[36\]\[16\],13.925
_09189_,13.92
_10442_,13.92
_14532_,13.92
_18057_,13.92
_18320_,13.92
_21479_,13.92
_22873_,13.92
_24676_,13.92
_25410_,13.92
_26567_,13.92
_26622_,13.92
_26763_,13.92
_26840_,13.92
_27448_,13.92
_27752_,13.92
_30870_,13.92
_31191_,13.92
_31195_,13.92
_35626_,13.92
_40259_,13.92
_41383_,13.92
_41635_,13.92
k\[30\]\[3\],13.92
k\[43\]\[4\],13.92
out\[67\]\[6\],13.92
v\[104\]\[4\],13.92
net2211,13.92
net2266,13.92
net2591,13.92
net2846,13.92
net4620,13.92
net6197,13.92
_30029_,13.915
_43667_,13.915
_24207_,13.91
_34940_,13.905
_00377_,13.9
_10893_,13.9
_17539_,13.9
_18855_,13.9
_20703_,13.9
_20757_,13.9
_22155_,13.9
_22540_,13.9
_26939_,13.9
_27295_,13.9
_33466_,13.9
_39910_,13.9
_41125_,13.9
_42683_,13.9
_43786_,13.9
k\[103\]\[3\],13.9
out\[14\]\[1\],13.9
q\[64\]\[4\],13.9
q\[88\]\[3\],13.9
scaled_scores\[44\]\[14\],13.9
v\[60\]\[3\],13.9
net1713,13.9
net2202,13.9
net3281,13.9
net3751,13.9
net3814,13.9
net5133,13.9
net6359,13.9
net6487,13.9
_29831_,13.89
_01012_,13.885
_01118_,13.885
_03679_,13.885
_09608_,13.88
_10902_,13.88
_11939_,13.88
_15961_,13.88
_16332_,13.88
_20049_,13.88
_21527_,13.88
_23269_,13.88
_24344_,13.88
_26365_,13.88
_27945_,13.88
_28588_,13.88
_28649_,13.88
_31231_,13.88
_32440_,13.88
_33361_,13.88
_33526_,13.88
_38290_,13.88
_39549_,13.88
_40162_,13.88
_40478_,13.88
_41435_,13.88
_42710_,13.88
_44210_,13.88
k\[108\]\[0\],13.88
out\[116\]\[3\],13.88
out\[24\]\[1\],13.88
q\[105\]\[4\],13.88
q\[114\]\[1\],13.88
q\[47\]\[2\],13.88
scaled_scores\[19\]\[0\],13.88
v\[50\]\[7\],13.88
net904,13.88
net1013,13.88
net4632,13.88
_20488_,13.875
_08627_,13.87
_38721_,13.87
_01135_,13.865
_05653_,13.865
_06961_,13.865
weights\[31\]\[0\],13.865
_14670_,13.86
_19993_,13.86
_21384_,13.86
_22134_,13.86
_28506_,13.86
_30651_,13.86
_44249_,13.86
k\[35\]\[2\],13.86
out\[97\]\[2\],13.86
q\[99\]\[1\],13.86
v\[70\]\[7\],13.86
v\[80\]\[3\],13.86
net1769,13.86
net2247,13.86
net2411,13.86
net3968,13.86
net4075,13.86
net5395,13.86
out\[103\]\[3\],13.85
k\[62\]\[2\],13.845
_07011_,13.84
_08312_,13.84
_08436_,13.84
_08809_,13.84
_11083_,13.84
_13662_,13.84
_13690_,13.84
_20401_,13.84
_21733_,13.84
_23624_,13.84
_24293_,13.84
_24701_,13.84
_24839_,13.84
_26048_,13.84
_26464_,13.84
_28121_,13.84
_28135_,13.84
_29351_,13.84
_29946_,13.84
_31607_,13.84
_31633_,13.84
_34861_,13.84
_35023_,13.84
_38570_,13.84
_40411_,13.84
_40826_,13.84
_42008_,13.84
_42178_,13.84
_42522_,13.84
_42555_,13.84
_42749_,13.84
k\[14\]\[2\],13.84
out\[61\]\[0\],13.84
out\[8\]\[4\],13.84
q\[103\]\[3\],13.84
q\[111\]\[3\],13.84
q\[7\]\[0\],13.84
q\[8\]\[1\],13.84
scaled_scores\[20\]\[12\],13.84
v\[0\]\[1\],13.84
v\[52\]\[7\],13.84
v\[71\]\[0\],13.84
weights\[40\]\[0\],13.84
net1000,13.84
net1461,13.84
net2405,13.84
net4479,13.84
net4559,13.84
net4625,13.84
net6975,13.84
_04526_,13.825
_05311_,13.825
_02592_,13.82
_08031_,13.82
_13626_,13.82
_20149_,13.82
_24543_,13.82
_25517_,13.82
_26462_,13.82
_27045_,13.82
_27437_,13.82
_35462_,13.82
_36814_,13.82
_39669_,13.82
_42513_,13.82
_42923_,13.82
_43281_,13.82
k\[14\]\[7\],13.82
q\[101\]\[2\],13.82
scaled_scores\[11\]\[9\],13.82
scaled_scores\[44\]\[11\],13.82
v\[88\]\[4\],13.82
weights\[47\]\[7\],13.82
net1466,13.82
net2123,13.82
net2586,13.82
net5822,13.82
net6088,13.82
net6435,13.82
net6606,13.82
_00487_,13.805
_00516_,13.805
_00619_,13.805
_00748_,13.805
k\[29\]\[6\],13.805
v\[70\]\[0\],13.805
_07946_,13.8
_09353_,13.8
_10873_,13.8
_10894_,13.8
_11936_,13.8
_13900_,13.8
_15269_,13.8
_21540_,13.8
_21553_,13.8
_22521_,13.8
_22655_,13.8
_26809_,13.8
_27508_,13.8
_27535_,13.8
_27870_,13.8
_29826_,13.8
_32519_,13.8
_35556_,13.8
_36940_,13.8
_39175_,13.8
_40759_,13.8
_41602_,13.8
_42101_,13.8
_43605_,13.8
_43664_,13.8
_43964_,13.8
_44013_,13.8
q\[15\]\[2\],13.8
q\[16\]\[6\],13.8
scaled_scores\[13\]\[4\],13.8
net3276,13.8
net4264,13.8
net7643,13.8
_11084_,13.79
_26218_,13.79
_02123_,13.785
_06969_,13.785
_05829_,13.78
_15853_,13.78
_20148_,13.78
_23369_,13.78
_31999_,13.78
_37667_,13.78
_38734_,13.78
_43816_,13.78
k\[121\]\[1\],13.78
k\[16\]\[7\],13.78
scaled_scores\[59\]\[14\],13.78
v\[94\]\[0\],13.78
weights\[35\]\[5\],13.78
net2132,13.78
net5455,13.78
_25979_,13.77
net2638,13.77
_13548_,13.76
_14440_,13.76
_18837_,13.76
_22232_,13.76
_22661_,13.76
_22940_,13.76
_23337_,13.76
_24570_,13.76
_24779_,13.76
_25426_,13.76
_26872_,13.76
_29039_,13.76
_29246_,13.76
_29777_,13.76
_35422_,13.76
_37478_,13.76
_37622_,13.76
_37727_,13.76
_39619_,13.76
_40686_,13.76
_40963_,13.76
_41092_,13.76
_41738_,13.76
_42020_,13.76
_42419_,13.76
k\[31\]\[0\],13.76
k\[32\]\[2\],13.76
k\[38\]\[2\],13.76
out\[16\]\[7\],13.76
v\[55\]\[2\],13.76
net4572,13.76
_01171_,13.755
_28582_,13.75
_40796_,13.75
_33833_,13.745
_07748_,13.74
_17531_,13.74
_20010_,13.74
_27149_,13.74
_28517_,13.74
_29422_,13.74
_33127_,13.74
_40012_,13.74
_44124_,13.74
_44224_,13.74
q\[113\]\[1\],13.74
scaled_scores\[11\]\[8\],13.74
v\[24\]\[2\],13.74
net7675,13.74
scaled_scores\[41\]\[17\],13.725
v\[65\]\[7\],13.725
_08016_,13.72
_10847_,13.72
_11060_,13.72
_11529_,13.72
_23159_,13.72
_24371_,13.72
_25538_,13.72
_28915_,13.72
_29008_,13.72
_29093_,13.72
_32387_,13.72
_39434_,13.72
_40031_,13.72
_40493_,13.72
_41117_,13.72
_42715_,13.72
k\[122\]\[0\],13.72
k\[34\]\[4\],13.72
k\[73\]\[2\],13.72
q\[4\]\[6\],13.72
scaled_scores\[13\]\[3\],13.72
v\[42\]\[4\],13.72
net2106,13.72
net3280,13.72
net5230,13.72
_01594_,13.705
_01607_,13.705
_02032_,13.705
scaled_scores\[2\]\[13\],13.705
v\[76\]\[7\],13.705
_08040_,13.7
_08043_,13.7
_16082_,13.7
_17609_,13.7
_22017_,13.7
_22586_,13.7
_22892_,13.7
_27481_,13.7
_27629_,13.7
_36224_,13.7
q\[84\]\[6\],13.7
net2245,13.7
net2331,13.7
net6059,13.7
_01883_,13.695
_01423_,13.685
_04132_,13.685
_41213_,13.685
_04657_,13.68
_07301_,13.68
_24194_,13.68
_41752_,13.68
k\[100\]\[6\],13.68
out\[66\]\[1\],13.68
q\[5\]\[0\],13.68
raw_scores\[62\]\[18\],13.68
scaled_scores\[23\]\[15\],13.68
scaled_scores\[24\]\[9\],13.68
v\[95\]\[5\],13.68
net1004,13.68
net2655,13.68
net3384,13.68
net4464,13.68
net4775,13.68
net4790,13.68
net5654,13.68
net7240,13.68
_35064_,13.67
scaled_scores\[59\]\[11\],13.67
_01090_,13.665
_04557_,13.665
_10356_,13.66
_10932_,13.66
_15971_,13.66
_19112_,13.66
_23252_,13.66
_26480_,13.66
_27716_,13.66
_30861_,13.66
_31218_,13.66
_32776_,13.66
_36619_,13.66
_40627_,13.66
_41088_,13.66
_42755_,13.66
q\[58\]\[2\],13.66
raw_scores\[6\]\[6\],13.66
scaled_scores\[30\]\[1\],13.66
net1014,13.66
net1365,13.66
net2228,13.66
net2571,13.66
net6827,13.66
net7681,13.66
_23123_,13.65
_28213_,13.65
_41919_,13.65
_05010_,13.645
weights\[26\]\[7\],13.645
weights\[44\]\[7\],13.645
_07688_,13.64
_08755_,13.64
_09151_,13.64
_14251_,13.64
_17391_,13.64
_18194_,13.64
_18829_,13.64
_19850_,13.64
_24509_,13.64
_24621_,13.64
_26466_,13.64
_26634_,13.64
_26798_,13.64
_28966_,13.64
_30572_,13.64
_30666_,13.64
_32599_,13.64
_32943_,13.64
_34498_,13.64
_39274_,13.64
_40016_,13.64
_40118_,13.64
_40670_,13.64
k\[12\]\[0\],13.64
out\[69\]\[5\],13.64
out\[95\]\[6\],13.64
q\[34\]\[7\],13.64
scaled_scores\[6\]\[6\],13.64
v\[69\]\[6\],13.64
v\[95\]\[6\],13.64
net1205,13.64
net1269,13.64
net1746,13.64
net6431,13.64
net7502,13.64
net7590,13.64
_33780_,13.63
_00363_,13.625
_00823_,13.625
_11364_,13.62
_13738_,13.62
_20509_,13.62
_21403_,13.62
_23625_,13.62
_24217_,13.62
_27030_,13.62
_30663_,13.62
_31358_,13.62
_31817_,13.62
_33943_,13.62
_39395_,13.62
_39708_,13.62
_40589_,13.62
_40915_,13.62
_42972_,13.62
out\[110\]\[7\],13.62
raw_scores\[37\]\[19\],13.62
raw_scores\[9\]\[2\],13.62
weights\[33\]\[4\],13.62
net1018,13.62
net1928,13.62
net4349,13.62
k\[62\]\[7\],13.61
_00977_,13.605
_00986_,13.605
_01102_,13.605
_01131_,13.605
_01203_,13.605
_01471_,13.605
_06976_,13.605
v\[112\]\[2\],13.605
v\[6\]\[3\],13.605
_07849_,13.6
_10096_,13.6
_21283_,13.6
_22721_,13.6
_23772_,13.6
_24036_,13.6
_24074_,13.6
_26565_,13.6
_26644_,13.6
_28407_,13.6
_32401_,13.6
_32464_,13.6
_32956_,13.6
_34121_,13.6
_40985_,13.6
_42559_,13.6
q\[118\]\[2\],13.6
q\[14\]\[2\],13.6
q\[36\]\[3\],13.6
q\[92\]\[6\],13.6
raw_scores\[16\]\[6\],13.6
scaled_scores\[45\]\[13\],13.6
v\[102\]\[0\],13.6
net1735,13.6
net2102,13.6
net2843,13.6
net5130,13.6
net6137,13.6
_40508_,13.595
_01730_,13.585
q\[95\]\[3\],13.585
_10384_,13.58
_10709_,13.58
_13479_,13.58
_17075_,13.58
_22031_,13.58
_23956_,13.58
_24377_,13.58
_24398_,13.58
_27558_,13.58
_27622_,13.58
_27946_,13.58
_28960_,13.58
_29524_,13.58
_29599_,13.58
_29772_,13.58
_32509_,13.58
_34025_,13.58
_37398_,13.58
_40569_,13.58
_40694_,13.58
_40834_,13.58
_40884_,13.58
_41225_,13.58
_43844_,13.58
k\[26\]\[3\],13.58
q\[100\]\[1\],13.58
scaled_scores\[16\]\[7\],13.58
v\[97\]\[6\],13.58
net5755,13.58
_25519_,13.575
v\[26\]\[7\],13.575
_10400_,13.56
_11511_,13.56
_13683_,13.56
_13924_,13.56
_16009_,13.56
_17314_,13.56
_18556_,13.56
_23828_,13.56
_26699_,13.56
_27820_,13.56
_29322_,13.56
_29649_,13.56
_31568_,13.56
_31809_,13.56
_33384_,13.56
_33931_,13.56
_35326_,13.56
_37337_,13.56
_37611_,13.56
_38498_,13.56
_38928_,13.56
_39115_,13.56
_39246_,13.56
_41926_,13.56
k\[40\]\[3\],13.56
k\[84\]\[3\],13.56
k\[88\]\[1\],13.56
out\[100\]\[5\],13.56
out\[110\]\[6\],13.56
q\[119\]\[5\],13.56
q\[42\]\[4\],13.56
q\[70\]\[7\],13.56
scaled_scores\[11\]\[4\],13.56
scaled_scores\[49\]\[10\],13.56
net2013,13.56
net2103,13.56
net2440,13.56
net3069,13.56
net4294,13.56
net5914,13.56
net6194,13.56
_28203_,13.55
_38957_,13.55
_00491_,13.545
_00643_,13.545
_02802_,13.545
scaled_scores\[7\]\[4\],13.545
_08605_,13.54
_09729_,13.54
_10735_,13.54
_11023_,13.54
_11373_,13.54
_14660_,13.54
_15228_,13.54
_20269_,13.54
_22583_,13.54
_24877_,13.54
_25124_,13.54
_25850_,13.54
_26038_,13.54
_26523_,13.54
_27464_,13.54
_27755_,13.54
_28498_,13.54
_28746_,13.54
_30239_,13.54
_37234_,13.54
_39550_,13.54
_39650_,13.54
_42459_,13.54
_43408_,13.54
_43941_,13.54
_44147_,13.54
_44203_,13.54
net853,13.54
net2205,13.54
net6904,13.54
_30111_,13.53
_42966_,13.53
_08381_,13.52
_08442_,13.52
_15009_,13.52
_22110_,13.52
_23393_,13.52
_23568_,13.52
_27643_,13.52
_29720_,13.52
_31961_,13.52
_32501_,13.52
_33013_,13.52
_38934_,13.52
_39568_,13.52
_39906_,13.52
_40441_,13.52
_40550_,13.52
_43683_,13.52
k\[0\]\[1\],13.52
out\[103\]\[1\],13.52
out\[23\]\[4\],13.52
out\[80\]\[5\],13.52
raw_scores\[46\]\[12\],13.52
v\[69\]\[7\],13.52
weights\[11\]\[2\],13.52
net3298,13.52
_14328_,13.515
_43639_,13.515
weights\[42\]\[5\],13.515
_19358_,13.51
_00275_,13.505
_05021_,13.505
_08063_,13.5
_10277_,13.5
_12654_,13.5
_12974_,13.5
_14361_,13.5
_16240_,13.5
_24896_,13.5
_25961_,13.5
_26040_,13.5
_28858_,13.5
_29633_,13.5
_29875_,13.5
_30001_,13.5
_31249_,13.5
_31636_,13.5
_31683_,13.5
_32070_,13.5
_33044_,13.5
_33612_,13.5
_33838_,13.5
_34188_,13.5
_39507_,13.5
_40074_,13.5
_40181_,13.5
_40575_,13.5
_40880_,13.5
_41818_,13.5
_42985_,13.5
_43871_,13.5
k\[119\]\[1\],13.5
k\[46\]\[1\],13.5
k\[71\]\[7\],13.5
k\[86\]\[3\],13.5
out\[51\]\[2\],13.5
q\[47\]\[4\],13.5
scaled_scores\[22\]\[7\],13.5
scaled_scores\[41\]\[5\],13.5
scaled_scores\[9\]\[14\],13.5
v\[105\]\[0\],13.5
net863,13.5
net2390,13.5
net2852,13.5
net3747,13.5
net4875,13.5
net4972,13.5
net5865,13.5
net6817,13.5
_20120_,13.495
_25679_,13.495
_26035_,13.49
_31854_,13.49
_01503_,13.485
_02211_,13.485
_05543_,13.485
_21069_,13.485
_42125_,13.485
_08118_,13.48
_09674_,13.48
_10184_,13.48
_10699_,13.48
_12302_,13.48
_13099_,13.48
_13862_,13.48
_13950_,13.48
_16103_,13.48
_17689_,13.48
_19372_,13.48
_19755_,13.48
_23088_,13.48
_23301_,13.48
_26342_,13.48
_26506_,13.48
_29413_,13.48
_29914_,13.48
_34438_,13.48
_34939_,13.48
_39925_,13.48
_41284_,13.48
_41859_,13.48
_43006_,13.48
_43971_,13.48
k\[11\]\[2\],13.48
k\[69\]\[2\],13.48
weights\[27\]\[1\],13.48
weights\[59\]\[6\],13.48
clknet_leaf_855_clk,13.48
net2379,13.48
net2909,13.48
net3070,13.48
net4738,13.48
_00581_,13.465
_01472_,13.465
_02016_,13.465
_04305_,13.465
_05434_,13.465
k\[30\]\[2\],13.465
_07655_,13.46
_07663_,13.46
_18976_,13.46
_20086_,13.46
_20239_,13.46
_20732_,13.46
_23243_,13.46
_23390_,13.46
_25482_,13.46
_25678_,13.46
_25831_,13.46
_27002_,13.46
_27123_,13.46
_28374_,13.46
_29266_,13.46
_31139_,13.46
_32322_,13.46
_33298_,13.46
_33881_,13.46
_40953_,13.46
_42226_,13.46
_43150_,13.46
k\[101\]\[5\],13.46
q\[111\]\[4\],13.46
q\[117\]\[5\],13.46
scaled_scores\[61\]\[16\],13.46
v\[74\]\[1\],13.46
weights\[55\]\[7\],13.46
net4484,13.46
net4656,13.46
net6828,13.46
_09135_,13.455
_01228_,13.445
_01583_,13.445
_02107_,13.445
_08069_,13.44
_09076_,13.44
_11325_,13.44
_13526_,13.44
_22033_,13.44
_22375_,13.44
_22930_,13.44
_24059_,13.44
_27956_,13.44
_28839_,13.44
_30839_,13.44
_30963_,13.44
_31030_,13.44
_32168_,13.44
_33965_,13.44
_41607_,13.44
_41792_,13.44
_42168_,13.44
_42347_,13.44
_43787_,13.44
k\[126\]\[5\],13.44
k\[66\]\[3\],13.44
out\[38\]\[0\],13.44
out\[38\]\[1\],13.44
out\[45\]\[7\],13.44
q\[66\]\[5\],13.44
raw_scores\[19\]\[5\],13.44
v\[0\]\[2\],13.44
v\[49\]\[2\],13.44
net2280,13.44
net4431,13.44
_21323_,13.435
_24599_,13.435
net1061,13.43
_00905_,13.425
_02752_,13.425
q\[86\]\[6\],13.425
_08618_,13.42
_09413_,13.42
_11102_,13.42
_13005_,13.42
_14282_,13.42
_15073_,13.42
_17375_,13.42
_24511_,13.42
_24745_,13.42
_24937_,13.42
_25279_,13.42
_25513_,13.42
_26784_,13.42
_27933_,13.42
_30291_,13.42
_35039_,13.42
_35273_,13.42
_36062_,13.42
_38772_,13.42
_39801_,13.42
q\[24\]\[2\],13.42
q\[78\]\[5\],13.42
scaled_scores\[10\]\[10\],13.42
net5714,13.42
_02779_,13.405
_00465_,13.4
_07361_,13.4
_07949_,13.4
_09799_,13.4
_11580_,13.4
_15790_,13.4
_18447_,13.4
_20081_,13.4
_21326_,13.4
_22786_,13.4
_24155_,13.4
_29862_,13.4
_30202_,13.4
_30633_,13.4
_32192_,13.4
_35276_,13.4
_37649_,13.4
_37943_,13.4
_40621_,13.4
_43557_,13.4
_43726_,13.4
k\[105\]\[3\],13.4
out\[127\]\[5\],13.4
out\[72\]\[2\],13.4
out_row_data[68],13.4
q\[38\]\[6\],13.4
scaled_scores\[49\]\[8\],13.4
v\[71\]\[5\],13.4
net987,13.4
net3475,13.4
net3942,13.4
net3990,13.4
net4629,13.4
net5414,13.4
net6017,13.4
net6391,13.4
net7430,13.4
net7495,13.4
_14322_,13.395
_27256_,13.39
_07038_,13.385
out\[45\]\[6\],13.385
_10017_,13.38
_11253_,13.38
_11337_,13.38
_13441_,13.38
_15206_,13.38
_19643_,13.38
_22759_,13.38
_23482_,13.38
_25565_,13.38
_25905_,13.38
_26426_,13.38
_31032_,13.38
_32947_,13.38
_33929_,13.38
_34819_,13.38
_39812_,13.38
_42787_,13.38
k\[37\]\[4\],13.38
out\[55\]\[0\],13.38
out_col\[1\],13.38
q\[44\]\[2\],13.38
q\[78\]\[2\],13.38
v\[49\]\[6\],13.38
weights\[2\]\[2\],13.38
weights\[52\]\[6\],13.38
net1105,13.38
net1734,13.38
net2191,13.38
net2527,13.38
net3048,13.38
net3370,13.38
net4531,13.38
net5077,13.38
net5374,13.38
net6052,13.38
net7725,13.38
_28134_,13.37
_00519_,13.365
_00673_,13.365
_01212_,13.365
_01372_,13.365
_01648_,13.365
_22708_,13.365
_06286_,13.36
_07745_,13.36
_07826_,13.36
_08080_,13.36
_19885_,13.36
_20298_,13.36
_21503_,13.36
_22043_,13.36
_22604_,13.36
_26193_,13.36
_26780_,13.36
_27841_,13.36
_27851_,13.36
_29893_,13.36
_32431_,13.36
_35162_,13.36
_39024_,13.36
_39817_,13.36
_40363_,13.36
_41027_,13.36
_41294_,13.36
_42914_,13.36
_43565_,13.36
_43780_,13.36
_43794_,13.36
_43922_,13.36
k\[48\]\[4\],13.36
out\[80\]\[0\],13.36
q\[24\]\[4\],13.36
q\[90\]\[5\],13.36
q\[92\]\[5\],13.36
raw_scores\[19\]\[3\],13.36
raw_scores\[21\]\[2\],13.36
v\[4\]\[3\],13.36
net960,13.36
net1929,13.36
net2196,13.36
net3409,13.36
net3557,13.36
net3870,13.36
net5689,13.36
net5931,13.36
net6064,13.36
net6277,13.36
net6947,13.36
_23618_,13.355
_05651_,13.345
_07626_,13.34
_08012_,13.34
_14398_,13.34
_14406_,13.34
_19313_,13.34
_20670_,13.34
_22868_,13.34
_24089_,13.34
_24363_,13.34
_26582_,13.34
_26725_,13.34
_28423_,13.34
_29125_,13.34
_29567_,13.34
_29621_,13.34
_34117_,13.34
_40039_,13.34
_42160_,13.34
_42621_,13.34
_43023_,13.34
k\[0\]\[0\],13.34
k\[39\]\[5\],13.34
out\[21\]\[5\],13.34
out\[28\]\[5\],13.34
q\[11\]\[3\],13.34
q\[77\]\[7\],13.34
v\[45\]\[3\],13.34
weights\[0\]\[3\],13.34
net1200,13.34
net3973,13.34
net4490,13.34
net5652,13.34
net6526,13.34
net7167,13.34
weights\[31\]\[2\],13.335
_07733_,13.33
_40531_,13.33
_00923_,13.325
_01795_,13.325
_01899_,13.325
_08878_,13.32
_08927_,13.32
_10573_,13.32
_11095_,13.32
_12614_,13.32
_18136_,13.32
_23929_,13.32
_25601_,13.32
_29042_,13.32
_29065_,13.32
_31613_,13.32
_32885_,13.32
_34285_,13.32
_35370_,13.32
_38673_,13.32
_42550_,13.32
_44043_,13.32
q\[96\]\[6\],13.32
v\[82\]\[3\],13.32
net3065,13.32
net5429,13.32
net5713,13.32
net6259,13.32
net7111,13.32
_27363_,13.31
_07595_,13.3
_07796_,13.3
_09707_,13.3
_10747_,13.3
_11181_,13.3
_14380_,13.3
_14403_,13.3
_19707_,13.3
_21911_,13.3
_22446_,13.3
_26116_,13.3
_26121_,13.3
_29520_,13.3
_29734_,13.3
_30810_,13.3
_33474_,13.3
_35431_,13.3
_36469_,13.3
_39578_,13.3
_42013_,13.3
k\[44\]\[4\],13.3
out\[65\]\[1\],13.3
q\[23\]\[0\],13.3
q\[7\]\[5\],13.3
q\[80\]\[6\],13.3
scaled_scores\[58\]\[9\],13.3
weights\[26\]\[1\],13.3
net1324,13.3
net1756,13.3
net1976,13.3
weights\[42\]\[7\],13.295
_26997_,13.29
_28006_,13.29
_31205_,13.29
_00913_,13.285
out\[44\]\[5\],13.285
_16493_,13.28
_30173_,13.28
_33341_,13.28
_35270_,13.28
_35565_,13.28
_36885_,13.28
scaled_scores\[29\]\[1\],13.28
v\[84\]\[0\],13.28
net890,13.28
net3529,13.28
_35444_,13.27
_01099_,13.265
_01944_,13.265
weights\[28\]\[2\],13.265
_01233_,13.26
_14845_,13.26
_20301_,13.26
_24477_,13.26
_24821_,13.26
_25180_,13.26
_28542_,13.26
_29730_,13.26
_30442_,13.26
_31624_,13.26
_31742_,13.26
_37654_,13.26
_38184_,13.26
_39460_,13.26
_40129_,13.26
_41026_,13.26
_41401_,13.26
_41692_,13.26
_42061_,13.26
q\[16\]\[2\],13.26
scaled_scores\[57\]\[2\],13.26
v\[31\]\[7\],13.26
v\[47\]\[2\],13.26
v\[67\]\[7\],13.26
weights\[5\]\[0\],13.26
net1042,13.26
net1482,13.26
net2048,13.26
net4893,13.26
net5809,13.26
net6833,13.26
net6919,13.26
_34322_,13.255
q\[81\]\[6\],13.255
_26093_,13.25
_06061_,13.245
_20312_,13.24
_22380_,13.24
_24642_,13.24
_27488_,13.24
_29107_,13.24
_30154_,13.24
_32532_,13.24
_34685_,13.24
_35391_,13.24
_36213_,13.24
_41380_,13.24
k\[103\]\[5\],13.24
k\[118\]\[4\],13.24
k\[17\]\[4\],13.24
out\[71\]\[1\],13.24
raw_scores\[42\]\[4\],13.24
scaled_scores\[19\]\[13\],13.24
weights\[52\]\[7\],13.24
net2026,13.24
net3980,13.24
net4584,13.24
_01838_,13.235
_05313_,13.225
k\[29\]\[1\],13.225
weights\[31\]\[3\],13.225
_10216_,13.22
_13445_,13.22
_14083_,13.22
_21034_,13.22
_21437_,13.22
_23248_,13.22
_23653_,13.22
_26136_,13.22
_26184_,13.22
_27522_,13.22
_27922_,13.22
_28313_,13.22
_29515_,13.22
_29828_,13.22
_29973_,13.22
_30544_,13.22
_30853_,13.22
_35561_,13.22
_38061_,13.22
_40261_,13.22
_42378_,13.22
_42506_,13.22
_42941_,13.22
_43227_,13.22
k\[78\]\[2\],13.22
k\[79\]\[3\],13.22
k\[90\]\[1\],13.22
k\[96\]\[3\],13.22
out\[14\]\[3\],13.22
out\[22\]\[6\],13.22
out\[71\]\[0\],13.22
out\[99\]\[3\],13.22
q\[101\]\[1\],13.22
q\[33\]\[0\],13.22
q\[44\]\[7\],13.22
v\[55\]\[5\],13.22
v\[85\]\[4\],13.22
weights\[3\]\[2\],13.22
net338,13.22
net1843,13.22
net2310,13.22
net2437,13.22
net2475,13.22
net3003,13.22
net4726,13.22
net5380,13.22
net5583,13.22
net6462,13.22
net6691,13.22
net6699,13.22
net7635,13.22
_25278_,13.215
_27385_,13.215
net5504,13.215
_30670_,13.21
_40524_,13.21
_01204_,13.205
_02222_,13.205
k\[54\]\[2\],13.205
k\[80\]\[1\],13.205
_08151_,13.2
_11017_,13.2
_13280_,13.2
_17757_,13.2
_18437_,13.2
_22378_,13.2
_25228_,13.2
_27559_,13.2
_28612_,13.2
_29131_,13.2
_29390_,13.2
_33385_,13.2
_35150_,13.2
_35769_,13.2
_40080_,13.2
_43156_,13.2
_43904_,13.2
net1911,13.2
net3272,13.2
net7224,13.2
_13520_,13.19
_40680_,13.19
_02162_,13.185
_03419_,13.185
k\[61\]\[0\],13.185
out\[45\]\[1\],13.185
_09071_,13.18
_10004_,13.18
_12297_,13.18
_13727_,13.18
_13930_,13.18
_17251_,13.18
_17402_,13.18
_21588_,13.18
_22563_,13.18
_22978_,13.18
_25564_,13.18
_26397_,13.18
_26711_,13.18
_26750_,13.18
_28817_,13.18
_29995_,13.18
_30040_,13.18
_31434_,13.18
_31661_,13.18
_32227_,13.18
_34174_,13.18
_34624_,13.18
_34726_,13.18
_35123_,13.18
_37353_,13.18
_42134_,13.18
_43010_,13.18
_43045_,13.18
k\[51\]\[2\],13.18
k\[78\]\[5\],13.18
out\[12\]\[7\],13.18
out\[1\]\[3\],13.18
q\[52\]\[1\],13.18
raw_scores\[15\]\[7\],13.18
raw_scores\[7\]\[15\],13.18
scaled_scores\[29\]\[2\],13.18
v\[26\]\[3\],13.18
weights\[31\]\[4\],13.18
net797,13.18
net1255,13.18
net5093,13.18
_00881_,13.165
_11824_,13.16
_12878_,13.16
_13858_,13.16
_15550_,13.16
_15748_,13.16
_19013_,13.16
_22698_,13.16
_23230_,13.16
_24847_,13.16
_26017_,13.16
_26118_,13.16
_27059_,13.16
_27358_,13.16
_29391_,13.16
_29743_,13.16
_30858_,13.16
_31117_,13.16
_35052_,13.16
_37441_,13.16
_43000_,13.16
_43225_,13.16
out\[74\]\[4\],13.16
out\[84\]\[0\],13.16
q\[110\]\[0\],13.16
q\[74\]\[6\],13.16
weights\[27\]\[2\],13.16
net1052,13.16
net2275,13.16
net3038,13.16
net3429,13.16
net3759,13.16
net5573,13.16
net7516,13.16
_02110_,13.155
_20749_,13.15
_30629_,13.15
_38873_,13.15
_39652_,13.15
_00470_,13.145
_02228_,13.145
_07803_,13.14
_19632_,13.14
_20153_,13.14
_22095_,13.14
_24322_,13.14
_24951_,13.14
_24962_,13.14
_26520_,13.14
_28023_,13.14
_28454_,13.14
_29978_,13.14
_30172_,13.14
_30672_,13.14
_31503_,13.14
_31740_,13.14
_33084_,13.14
_34657_,13.14
_35747_,13.14
_38920_,13.14
_39217_,13.14
_39964_,13.14
_40995_,13.14
_43297_,13.14
_43489_,13.14
_43530_,13.14
k\[13\]\[6\],13.14
out\[117\]\[3\],13.14
out\[12\]\[2\],13.14
q\[17\]\[0\],13.14
q\[29\]\[0\],13.14
q\[29\]\[7\],13.14
q\[50\]\[7\],13.14
q\[66\]\[7\],13.14
v\[108\]\[3\],13.14
v\[110\]\[5\],13.14
v\[48\]\[6\],13.14
weights\[16\]\[4\],13.14
net1839,13.14
net2215,13.14
net4397,13.14
_41384_,13.135
_00609_,13.125
_01241_,13.125
_01298_,13.125
_01644_,13.125
_06435_,13.125
_08396_,13.12
_09172_,13.12
_09255_,13.12
_10834_,13.12
_13614_,13.12
_19449_,13.12
_21410_,13.12
_24083_,13.12
_24724_,13.12
_25200_,13.12
_25522_,13.12
_25943_,13.12
_30371_,13.12
_30787_,13.12
_31149_,13.12
_31392_,13.12
_34620_,13.12
_39019_,13.12
_39050_,13.12
_39426_,13.12
_39576_,13.12
_41543_,13.12
_41815_,13.12
_42181_,13.12
_42444_,13.12
_43623_,13.12
q\[56\]\[3\],13.12
scaled_scores\[30\]\[11\],13.12
v\[11\]\[1\],13.12
net2435,13.12
net2763,13.12
net7426,13.12
_08623_,13.1
_09186_,13.1
_09803_,13.1
_10252_,13.1
_15803_,13.1
_16012_,13.1
_17230_,13.1
_17399_,13.1
_17443_,13.1
_17497_,13.1
_17634_,13.1
_19325_,13.1
_19383_,13.1
_21367_,13.1
_22130_,13.1
_22273_,13.1
_23278_,13.1
_23635_,13.1
_23649_,13.1
_23663_,13.1
_24166_,13.1
_24422_,13.1
_26352_,13.1
_27050_,13.1
_28756_,13.1
_33134_,13.1
_33638_,13.1
_39323_,13.1
_39480_,13.1
_41788_,13.1
_41789_,13.1
_41884_,13.1
_42072_,13.1
k\[25\]\[7\],13.1
k\[40\]\[0\],13.1
k\[73\]\[6\],13.1
q\[30\]\[1\],13.1
raw_scores\[61\]\[8\],13.1
weights\[49\]\[7\],13.1
net3378,13.1
net3550,13.1
net3706,13.1
out\[43\]\[4\],13.095
_29141_,13.09
_00903_,13.085
_01831_,13.085
_32842_,13.085
_07145_,13.08
_08123_,13.08
_09195_,13.08
_09197_,13.08
_10578_,13.08
_10983_,13.08
_14237_,13.08
_15951_,13.08
_16312_,13.08
_16967_,13.08
_18791_,13.08
_19241_,13.08
_20024_,13.08
_21279_,13.08
_21317_,13.08
_21532_,13.08
_31438_,13.08
_32033_,13.08
_35777_,13.08
_37374_,13.08
_38002_,13.08
_38952_,13.08
_40034_,13.08
_40049_,13.08
_41155_,13.08
_42859_,13.08
k\[64\]\[0\],13.08
out\[84\]\[4\],13.08
q\[109\]\[7\],13.08
raw_scores\[31\]\[18\],13.08
raw_scores\[40\]\[4\],13.08
scaled_scores\[19\]\[8\],13.08
scaled_scores\[45\]\[2\],13.08
net975,13.08
net1076,13.08
net1360,13.08
net1586,13.08
net2981,13.08
net5299,13.08
net5404,13.08
net5560,13.08
net6380,13.08
scaled_scores\[42\]\[5\],13.075
_22656_,13.07
_38092_,13.07
_01270_,13.065
_07074_,13.06
_11410_,13.06
_13365_,13.06
_15620_,13.06
_21841_,13.06
_22682_,13.06
_25384_,13.06
_27717_,13.06
_28343_,13.06
_30847_,13.06
_32522_,13.06
_33122_,13.06
_35404_,13.06
_39660_,13.06
_39729_,13.06
_42467_,13.06
_43564_,13.06
_43986_,13.06
k\[111\]\[3\],13.06
k\[22\]\[1\],13.06
out\[68\]\[1\],13.06
v\[65\]\[0\],13.06
net3010,13.06
_26307_,13.05
_01161_,13.045
_01539_,13.045
_01616_,13.045
_06022_,13.045
_07873_,13.04
_08924_,13.04
_11196_,13.04
_12570_,13.04
_13493_,13.04
_14578_,13.04
_18863_,13.04
_19916_,13.04
_20718_,13.04
_20736_,13.04
_21749_,13.04
_23259_,13.04
_24476_,13.04
_24501_,13.04
_24837_,13.04
_25649_,13.04
_27915_,13.04
_30076_,13.04
_32034_,13.04
_34350_,13.04
_35049_,13.04
_36036_,13.04
_36910_,13.04
_37079_,13.04
_39769_,13.04
_39780_,13.04
_41119_,13.04
_42396_,13.04
_42828_,13.04
_43391_,13.04
_43404_,13.04
_43428_,13.04
_44122_,13.04
k\[16\]\[3\],13.04
k\[43\]\[7\],13.04
k\[76\]\[6\],13.04
out\[32\]\[6\],13.04
out\[72\]\[5\],13.04
q\[123\]\[3\],13.04
raw_scores\[50\]\[18\],13.04
scaled_scores\[22\]\[10\],13.04
v\[68\]\[5\],13.04
net1182,13.04
net1306,13.04
net1638,13.04
net1838,13.04
net2111,13.04
net2487,13.04
net2805,13.04
net3312,13.04
net3620,13.04
net3774,13.04
net3830,13.04
net3947,13.04
net4936,13.04
net4984,13.04
net5045,13.04
net5559,13.04
net5731,13.04
net5745,13.04
net5977,13.04
net6640,13.04
net6661,13.04
_44236_,13.03
_00350_,13.025
_01094_,13.025
_01651_,13.025
_38323_,13.025
out\[37\]\[2\],13.025
_08728_,13.02
_12881_,13.02
_12884_,13.02
_14432_,13.02
_15146_,13.02
_18985_,13.02
_19058_,13.02
_21688_,13.02
_21836_,13.02
_24075_,13.02
_25131_,13.02
_25976_,13.02
_27189_,13.02
_29827_,13.02
_30062_,13.02
_31170_,13.02
_31227_,13.02
_31695_,13.02
_34089_,13.02
_38914_,13.02
_40484_,13.02
_41370_,13.02
_41560_,13.02
_42098_,13.02
_43233_,13.02
_43402_,13.02
k\[58\]\[1\],13.02
k\[84\]\[6\],13.02
out\[118\]\[6\],13.02
out\[41\]\[3\],13.02
q\[18\]\[2\],13.02
raw_scores\[13\]\[10\],13.02
scaled_scores\[44\]\[8\],13.02
v\[123\]\[4\],13.02
v\[123\]\[7\],13.02
v\[20\]\[1\],13.02
v\[87\]\[0\],13.02
weights\[5\]\[2\],13.02
net1053,13.02
net2458,13.02
net3170,13.02
v\[44\]\[3\],13.015
_14520_,13.01
_00983_,13.005
_06002_,13.005
_07720_,13
_07866_,13
_11015_,13
_14491_,13
_15324_,13
_15889_,13
_16440_,13
_18047_,13
_19432_,13
_19508_,13
_19591_,13
_21313_,13
_21427_,13
_24803_,13
_24862_,13
_26022_,13
_27353_,13
_30340_,13
_32838_,13
_33103_,13
_34071_,13
_35657_,13
_38313_,13
_40082_,13
_40401_,13
_40992_,13
_42060_,13
_42876_,13
k\[70\]\[5\],13
out\[107\]\[1\],13
out\[78\]\[7\],13
q\[24\]\[3\],13
q\[34\]\[6\],13
scaled_scores\[46\]\[8\],13
net1231,13
net1695,13
net1784,13
net1892,13
net1978,13
net2372,13
_35075_,12.99
_00525_,12.985
_04231_,12.98
_08781_,12.98
_09480_,12.98
_10324_,12.98
_10556_,12.98
_13046_,12.98
_15908_,12.98
_19273_,12.98
_19944_,12.98
_21859_,12.98
_22072_,12.98
_22158_,12.98
_22800_,12.98
_23101_,12.98
_25119_,12.98
_25829_,12.98
_27818_,12.98
_28236_,12.98
_30209_,12.98
_33290_,12.98
_36817_,12.98
_39270_,12.98
_39330_,12.98
_41245_,12.98
_42931_,12.98
_44007_,12.98
out\[75\]\[5\],12.98
q\[37\]\[2\],12.98
q\[76\]\[2\],12.98
raw_scores\[31\]\[12\],12.98
raw_scores\[39\]\[2\],12.98
scaled_scores\[11\]\[0\],12.98
net6876,12.98
k\[94\]\[3\],12.975
v\[92\]\[7\],12.975
_41072_,12.97
k\[99\]\[4\],12.97
_04302_,12.965
_08887_,12.965
out\[40\]\[3\],12.965
q\[64\]\[1\],12.965
v\[28\]\[6\],12.965
_07980_,12.96
_08783_,12.96
_08946_,12.96
_09911_,12.96
_10549_,12.96
_11074_,12.96
_11992_,12.96
_14336_,12.96
_15364_,12.96
_18210_,12.96
_18943_,12.96
_19316_,12.96
_19451_,12.96
_19544_,12.96
_20334_,12.96
_22729_,12.96
_28072_,12.96
_28842_,12.96
_29640_,12.96
_29679_,12.96
_30444_,12.96
_31247_,12.96
_33035_,12.96
_34927_,12.96
_35836_,12.96
_36563_,12.96
_39317_,12.96
_39758_,12.96
_40708_,12.96
_41369_,12.96
_44082_,12.96
k\[120\]\[7\],12.96
k\[24\]\[4\],12.96
q\[102\]\[3\],12.96
q\[105\]\[3\],12.96
q\[23\]\[1\],12.96
scaled_scores\[21\]\[10\],12.96
scaled_scores\[59\]\[2\],12.96
weights\[59\]\[4\],12.96
net1226,12.96
net1817,12.96
net3382,12.96
net4453,12.96
net5911,12.96
_42465_,12.95
_00620_,12.945
_01794_,12.945
_08631_,12.94
_11817_,12.94
_14085_,12.94
_18481_,12.94
_19047_,12.94
_19235_,12.94
_20038_,12.94
_22243_,12.94
_23688_,12.94
_23957_,12.94
_24378_,12.94
_24572_,12.94
_25238_,12.94
_30248_,12.94
_30326_,12.94
_31214_,12.94
_31844_,12.94
_31978_,12.94
_33747_,12.94
_33959_,12.94
_34770_,12.94
_39614_,12.94
_41923_,12.94
_42042_,12.94
out\[107\]\[2\],12.94
out\[27\]\[3\],12.94
out\[51\]\[1\],12.94
q\[102\]\[5\],12.94
scaled_scores\[18\]\[8\],12.94
scaled_scores\[49\]\[2\],12.94
net3328,12.94
net5428,12.94
net6196,12.94
net6769,12.94
out\[111\]\[1\],12.935
_37155_,12.93
k\[55\]\[7\],12.925
v\[112\]\[7\],12.925
_07786_,12.92
_07839_,12.92
_10042_,12.92
_10464_,12.92
_10555_,12.92
_11029_,12.92
_11078_,12.92
_13575_,12.92
_19595_,12.92
_21493_,12.92
_24068_,12.92
_24373_,12.92
_24567_,12.92
_26607_,12.92
_26846_,12.92
_27102_,12.92
_27347_,12.92
_28848_,12.92
_31204_,12.92
_32957_,12.92
_38901_,12.92
_40235_,12.92
_42308_,12.92
_42808_,12.92
_42816_,12.92
_43724_,12.92
k\[107\]\[6\],12.92
k\[27\]\[3\],12.92
k\[70\]\[4\],12.92
k\[79\]\[2\],12.92
out\[9\]\[7\],12.92
q\[110\]\[6\],12.92
q\[76\]\[6\],12.92
scaled_scores\[40\]\[2\],12.92
scaled_scores\[58\]\[0\],12.92
v\[14\]\[6\],12.92
v\[20\]\[4\],12.92
v\[26\]\[1\],12.92
net885,12.92
net2158,12.92
net2286,12.92
net2730,12.92
net2980,12.92
net3401,12.92
net4320,12.92
net5760,12.92
net6185,12.92
net6425,12.92
net7866,12.92
_33877_,12.915
q\[87\]\[5\],12.915
_08378_,12.91
_30368_,12.91
_30557_,12.91
_39585_,12.91
_01357_,12.905
_06944_,12.905
_12542_,12.9
_12643_,12.9
_13328_,12.9
_13675_,12.9
_14035_,12.9
_14264_,12.9
_21405_,12.9
_26368_,12.9
_28295_,12.9
_32617_,12.9
_34010_,12.9
_40461_,12.9
_42456_,12.9
k\[117\]\[5\],12.9
k\[55\]\[0\],12.9
out\[105\]\[4\],12.9
q\[14\]\[3\],12.9
q\[71\]\[3\],12.9
q\[8\]\[7\],12.9
net1955,12.9
net2469,12.9
net3131,12.9
net3448,12.9
net4024,12.9
net4725,12.9
net5288,12.9
net5609,12.9
net5813,12.9
net7010,12.9
net7717,12.9
_05129_,12.895
_07736_,12.895
_21814_,12.895
weights\[21\]\[0\],12.895
_37828_,12.89
q\[60\]\[1\],12.885
_07659_,12.88
_09875_,12.88
_10036_,12.88
_20745_,12.88
_20924_,12.88
_21650_,12.88
_22438_,12.88
_23387_,12.88
_25819_,12.88
_28211_,12.88
_29050_,12.88
_29424_,12.88
_34424_,12.88
_39361_,12.88
_39381_,12.88
_39693_,12.88
_40116_,12.88
_41654_,12.88
_41701_,12.88
_42389_,12.88
_42398_,12.88
_43164_,12.88
k\[110\]\[7\],12.88
k\[23\]\[1\],12.88
k\[92\]\[7\],12.88
out\[0\]\[2\],12.88
out\[108\]\[5\],12.88
out\[16\]\[2\],12.88
q\[110\]\[1\],12.88
q\[42\]\[1\],12.88
q\[79\]\[3\],12.88
scaled_scores\[33\]\[2\],12.88
v\[116\]\[3\],12.88
weights\[62\]\[1\],12.88
net1353,12.88
net4899,12.88
net6761,12.88
net7122,12.88
net7467,12.88
row_addr[2],12.87
row_data[105],12.87
_01255_,12.865
_01548_,12.865
_19785_,12.865
_17197_,12.86
_21468_,12.86
_25553_,12.86
_31053_,12.86
_43290_,12.86
q\[113\]\[3\],12.86
q\[113\]\[7\],12.86
scaled_scores\[49\]\[17\],12.86
weights\[37\]\[0\],12.86
net2401,12.86
net2794,12.86
net2920,12.86
net5729,12.86
net6211,12.86
_23357_,12.855
_22335_,12.85
scaled_scores\[34\]\[1\],12.845
_00152_,12.84
_07293_,12.84
_07984_,12.84
_10305_,12.84
_13107_,12.84
_19772_,12.84
_22412_,12.84
_22722_,12.84
_24393_,12.84
_25023_,12.84
_25139_,12.84
_25267_,12.84
_25533_,12.84
_25839_,12.84
_27258_,12.84
_29167_,12.84
_29245_,12.84
_29432_,12.84
_30124_,12.84
_31670_,12.84
_32285_,12.84
_35590_,12.84
_37201_,12.84
_40015_,12.84
_40343_,12.84
_40360_,12.84
_40830_,12.84
_41091_,12.84
_42083_,12.84
k\[41\]\[6\],12.84
out\[89\]\[3\],12.84
row_data[84],12.84
row_data[85],12.84
v\[115\]\[2\],12.84
v\[117\]\[0\],12.84
v\[14\]\[5\],12.84
weights\[19\]\[6\],12.84
weights\[34\]\[1\],12.84
net3099,12.84
net6914,12.84
net7051,12.84
_00972_,12.825
_01191_,12.825
_01590_,12.825
_01948_,12.825
weights\[25\]\[0\],12.825
_07615_,12.82
_08604_,12.82
_11444_,12.82
_26692_,12.82
_27185_,12.82
_37951_,12.82
_40887_,12.82
_41265_,12.82
_43723_,12.82
_44010_,12.82
k\[49\]\[7\],12.82
out\[24\]\[6\],12.82
raw_scores\[10\]\[19\],12.82
v\[84\]\[2\],12.82
net2897,12.82
net5777,12.82
net6905,12.82
net7691,12.82
_42383_,12.81
_00447_,12.805
_01309_,12.805
_01927_,12.805
k\[55\]\[1\],12.805
_07568_,12.8
_10334_,12.8
_10971_,12.8
_11252_,12.8
_11503_,12.8
_12391_,12.8
_14012_,12.8
_18792_,12.8
_19660_,12.8
_22467_,12.8
_22669_,12.8
_23741_,12.8
_24615_,12.8
_24971_,12.8
_25312_,12.8
_27051_,12.8
_27095_,12.8
_29152_,12.8
_30799_,12.8
_31601_,12.8
_32260_,12.8
_32437_,12.8
_35271_,12.8
_40553_,12.8
_41860_,12.8
_41943_,12.8
_42694_,12.8
_43707_,12.8
k\[5\]\[6\],12.8
k\[77\]\[3\],12.8
out\[70\]\[0\],12.8
out\[97\]\[3\],12.8
q\[92\]\[2\],12.8
scaled_scores\[61\]\[15\],12.8
v\[52\]\[0\],12.8
v\[99\]\[5\],12.8
weights\[61\]\[7\],12.8
net1622,12.8
net2091,12.8
net2906,12.8
net3771,12.8
net3961,12.8
net3976,12.8
net4654,12.8
net4719,12.8
_03559_,12.795
_31859_,12.795
net2877,12.795
_01119_,12.785
_01323_,12.785
_02062_,12.785
_04330_,12.785
_07130_,12.785
scaled_scores\[38\]\[4\],12.785
_15264_,12.78
_18734_,12.78
_24278_,12.78
_30849_,12.78
_32345_,12.78
_32826_,12.78
_42077_,12.78
q\[28\]\[4\],12.78
net1326,12.78
net2180,12.78
net2709,12.78
_20884_,12.775
_21735_,12.77
_02279_,12.765
_03215_,12.765
_08002_,12.76
_09916_,12.76
_13387_,12.76
_13634_,12.76
_15602_,12.76
_20126_,12.76
_20131_,12.76
_22783_,12.76
_23777_,12.76
_28973_,12.76
_29739_,12.76
_34854_,12.76
_39155_,12.76
_40003_,12.76
_40199_,12.76
_42598_,12.76
k\[101\]\[3\],12.76
k\[15\]\[4\],12.76
k\[25\]\[1\],12.76
k\[41\]\[7\],12.76
k\[45\]\[6\],12.76
k\[46\]\[5\],12.76
k\[47\]\[7\],12.76
q\[45\]\[2\],12.76
scaled_scores\[11\]\[2\],12.76
scaled_scores\[20\]\[6\],12.76
scaled_scores\[30\]\[17\],12.76
scaled_scores\[3\]\[14\],12.76
scaled_scores\[45\]\[11\],12.76
v\[55\]\[0\],12.76
v\[91\]\[0\],12.76
weights\[21\]\[6\],12.76
weights\[4\]\[1\],12.76
weights\[7\]\[7\],12.76
net1566,12.76
net3561,12.76
net4454,12.76
net4476,12.76
_22060_,12.755
out\[69\]\[2\],12.755
scaled_scores\[45\]\[17\],12.755
_23103_,12.75
_24087_,12.75
_00445_,12.745
_01116_,12.745
_33732_,12.745
_11775_,12.74
_13517_,12.74
_15440_,12.74
_15864_,12.74
_20216_,12.74
_31439_,12.74
_32767_,12.74
_36545_,12.74
_37698_,12.74
_41025_,12.74
_41402_,12.74
out\[81\]\[3\],12.74
scaled_scores\[14\]\[3\],12.74
scaled_scores\[49\]\[13\],12.74
scaled_scores\[59\]\[8\],12.74
net976,12.74
net1195,12.74
net2049,12.74
net5898,12.74
net6285,12.74
net6621,12.74
_21904_,12.73
_03105_,12.725
k\[50\]\[2\],12.725
_07898_,12.72
_08521_,12.72
_13603_,12.72
_13889_,12.72
_14107_,12.72
_15115_,12.72
_18958_,12.72
_19276_,12.72
_20035_,12.72
_22668_,12.72
_24491_,12.72
_25763_,12.72
_25912_,12.72
_28600_,12.72
_31572_,12.72
_31620_,12.72
_34634_,12.72
_35423_,12.72
_39638_,12.72
_39792_,12.72
_40683_,12.72
_42436_,12.72
_42527_,12.72
_43053_,12.72
k\[64\]\[2\],12.72
k\[64\]\[7\],12.72
out\[22\]\[0\],12.72
q\[37\]\[7\],12.72
scaled_scores\[39\]\[15\],12.72
v\[18\]\[5\],12.72
v\[57\]\[3\],12.72
weights\[1\]\[6\],12.72
weights\[51\]\[7\],12.72
net1001,12.72
net3966,12.72
_26467_,12.71
_06838_,12.705
_07627_,12.7
_11000_,12.7
_13775_,12.7
_13936_,12.7
_14206_,12.7
_14570_,12.7
_15277_,12.7
_17205_,12.7
_17410_,12.7
_19853_,12.7
_20226_,12.7
_20802_,12.7
_23949_,12.7
_24832_,12.7
_25986_,12.7
_33086_,12.7
_34388_,12.7
_35570_,12.7
_38900_,12.7
_39927_,12.7
out\[84\]\[2\],12.7
q\[104\]\[0\],12.7
q\[12\]\[6\],12.7
q\[30\]\[6\],12.7
q\[97\]\[1\],12.7
scaled_scores\[61\]\[1\],12.7
weights\[18\]\[2\],12.7
net1189,12.7
net1931,12.7
net2894,12.7
net2915,12.7
net4071,12.7
net4808,12.7
net5033,12.7
net5910,12.7
net5956,12.7
net6086,12.7
net6253,12.7
net7063,12.7
_00839_,12.685
_01518_,12.685
_01994_,12.685
_07657_,12.68
_07674_,12.68
_10293_,12.68
_10706_,12.68
_10809_,12.68
_13348_,12.68
_13550_,12.68
_16102_,12.68
_19367_,12.68
_20266_,12.68
_22530_,12.68
_28539_,12.68
_28835_,12.68
_30258_,12.68
_31154_,12.68
_31447_,12.68
_34511_,12.68
_42595_,12.68
_43754_,12.68
_44036_,12.68
k\[14\]\[0\],12.68
k\[45\]\[4\],12.68
out\[60\]\[2\],12.68
q\[112\]\[1\],12.68
scaled_scores\[22\]\[6\],12.68
v\[11\]\[0\],12.68
v\[29\]\[5\],12.68
weights\[49\]\[0\],12.68
net1228,12.68
net1334,12.68
net1548,12.68
net2236,12.68
net6400,12.68
_28495_,12.675
q\[82\]\[5\],12.675
weights\[46\]\[1\],12.67
_01973_,12.665
_08742_,12.66
_16306_,12.66
_20730_,12.66
_20904_,12.66
_22203_,12.66
_27000_,12.66
_28352_,12.66
_28712_,12.66
_37894_,12.66
_39301_,12.66
_40058_,12.66
_40943_,12.66
raw_scores\[36\]\[3\],12.66
scaled_scores\[50\]\[14\],12.66
net2134,12.66
net3668,12.66
net4575,12.66
_19308_,12.655
k\[81\]\[4\],12.655
v\[4\]\[5\],12.645
_12561_,12.64
_12624_,12.64
_17522_,12.64
_25163_,12.64
_26105_,12.64
_26848_,12.64
_26897_,12.64
_30979_,12.64
_32548_,12.64
_33521_,12.64
_34031_,12.64
_35377_,12.64
_40390_,12.64
_42397_,12.64
_42468_,12.64
_44228_,12.64
k\[77\]\[1\],12.64
out\[106\]\[7\],12.64
out\[3\]\[3\],12.64
raw_scores\[12\]\[6\],12.64
net2522,12.64
net5585,12.64
_42989_,12.63
_00454_,12.625
_00996_,12.625
_05875_,12.62
_08779_,12.62
_09066_,12.62
_09824_,12.62
_13018_,12.62
_14331_,12.62
_15301_,12.62
_18827_,12.62
_18959_,12.62
_19119_,12.62
_19442_,12.62
_22178_,12.62
_22941_,12.62
_26234_,12.62
_28138_,12.62
_29771_,12.62
_29847_,12.62
_30775_,12.62
_30895_,12.62
_32288_,12.62
_34737_,12.62
_37228_,12.62
_41288_,12.62
_41315_,12.62
_41721_,12.62
_42563_,12.62
out_row_data[104],12.62
out_row_data[105],12.62
out_row_data[117],12.62
out_row_data[124],12.62
out_row_data[126],12.62
out_row_data[22],12.62
out_row_data[29],12.62
out_row_data[47],12.62
out_row_data[55],12.62
out_row_data[64],12.62
out_row_data[65],12.62
out_row_data[66],12.62
out_row_data[72],12.62
out_row_data[87],12.62
raw_scores\[11\]\[10\],12.62
weights\[33\]\[7\],12.62
net911,12.62
net1494,12.62
net1530,12.62
net1642,12.62
net1677,12.62
net2576,12.62
net3326,12.62
net3452,12.62
net4103,12.62
net4402,12.62
net4566,12.62
net6189,12.62
_37463_,12.615
_14258_,12.61
_42807_,12.61
_02126_,12.605
_07909_,12.6
_09789_,12.6
_11336_,12.6
_11547_,12.6
_14155_,12.6
_24526_,12.6
_27714_,12.6
_28033_,12.6
_30425_,12.6
_31165_,12.6
_32549_,12.6
_35182_,12.6
_37402_,12.6
_39362_,12.6
_41782_,12.6
_43014_,12.6
_43983_,12.6
out\[75\]\[3\],12.6
out_row_data[30],12.6
scaled_scores\[23\]\[13\],12.6
scaled_scores\[44\]\[10\],12.6
net1147,12.6
net1416,12.6
net4994,12.6
_25954_,12.59
_02209_,12.585
scaled_scores\[2\]\[9\],12.585
_00126_,12.58
_07290_,12.58
_07291_,12.58
_07500_,12.58
_07831_,12.58
_10782_,12.58
_12912_,12.58
_13356_,12.58
_13619_,12.58
_15564_,12.58
_16668_,12.58
_18979_,12.58
_20661_,12.58
_22830_,12.58
_23942_,12.58
_24403_,12.58
_24424_,12.58
_24513_,12.58
_24689_,12.58
_24838_,12.58
_25104_,12.58
_27111_,12.58
_29656_,12.58
_29977_,12.58
_30337_,12.58
_30503_,12.58
_30510_,12.58
_30875_,12.58
_33826_,12.58
_35170_,12.58
_38860_,12.58
_38877_,12.58
_39857_,12.58
_40534_,12.58
_40704_,12.58
_41039_,12.58
_41556_,12.58
_42298_,12.58
_42981_,12.58
k\[42\]\[0\],12.58
out\[102\]\[1\],12.58
out\[22\]\[4\],12.58
q\[75\]\[5\],12.58
raw_scores\[32\]\[12\],12.58
raw_scores\[5\]\[10\],12.58
scaled_scores\[42\]\[17\],12.58
net1435,12.58
net2668,12.58
net2695,12.58
net2749,12.58
net2953,12.58
net2974,12.58
net3046,12.58
net3127,12.58
net4443,12.58
net5932,12.58
net6085,12.58
net6102,12.58
_02215_,12.575
_37261_,12.565
v\[86\]\[6\],12.565
_08206_,12.56
_10693_,12.56
_10752_,12.56
_10756_,12.56
_11846_,12.56
_15406_,12.56
_15884_,12.56
_19422_,12.56
_19983_,12.56
_21133_,12.56
_21876_,12.56
_24555_,12.56
_27440_,12.56
_27892_,12.56
_29446_,12.56
_30522_,12.56
_34522_,12.56
_39041_,12.56
_39633_,12.56
_41002_,12.56
_41158_,12.56
_42085_,12.56
out\[122\]\[3\],12.56
out\[33\]\[1\],12.56
out\[33\]\[3\],12.56
out\[36\]\[3\],12.56
q\[65\]\[7\],12.56
raw_scores\[16\]\[19\],12.56
scaled_scores\[21\]\[12\],12.56
v\[49\]\[0\],12.56
v\[53\]\[0\],12.56
net876,12.56
net1473,12.56
net1952,12.56
net7235,12.56
q\[83\]\[4\],12.555
_21362_,12.55
_26200_,12.55
out\[42\]\[6\],12.55
_00655_,12.545
_01985_,12.545
_07895_,12.54
_08659_,12.54
_16750_,12.54
_19060_,12.54
_19685_,12.54
_21485_,12.54
_23909_,12.54
_24456_,12.54
_24756_,12.54
_25504_,12.54
_29076_,12.54
_30910_,12.54
_31518_,12.54
_33743_,12.54
_35062_,12.54
_35952_,12.54
_42504_,12.54
_43837_,12.54
_43982_,12.54
k\[47\]\[3\],12.54
out\[61\]\[2\],12.54
q\[16\]\[1\],12.54
q\[20\]\[2\],12.54
scaled_scores\[55\]\[11\],12.54
v\[27\]\[3\],12.54
v\[98\]\[7\],12.54
net2243,12.54
net2491,12.54
net2553,12.54
net2847,12.54
net3182,12.54
net5413,12.54
net6364,12.54
net7869,12.54
_35428_,12.53
_02259_,12.525
out\[46\]\[3\],12.525
v\[16\]\[1\],12.525
_08526_,12.52
_08813_,12.52
_14031_,12.52
_16623_,12.52
_19378_,12.52
_19541_,12.52
_20283_,12.52
_20729_,12.52
_27197_,12.52
_28015_,12.52
_31056_,12.52
_32581_,12.52
_33284_,12.52
_33815_,12.52
_35033_,12.52
_43135_,12.52
raw_scores\[47\]\[18\],12.52
scaled_scores\[39\]\[14\],12.52
v\[51\]\[6\],12.52
v\[53\]\[1\],12.52
weights\[8\]\[3\],12.52
net4022,12.52
net6337,12.52
net7228,12.52
k\[48\]\[3\],12.515
_08613_,12.51
_27775_,12.51
_34831_,12.51
_00704_,12.505
_03976_,12.505
_06497_,12.505
_09320_,12.5
_11464_,12.5
_12597_,12.5
_14567_,12.5
_15888_,12.5
_19040_,12.5
_21166_,12.5
_21683_,12.5
_21801_,12.5
_22626_,12.5
_23262_,12.5
_23850_,12.5
_24004_,12.5
_24894_,12.5
_25596_,12.5
_25664_,12.5
_26744_,12.5
_27999_,12.5
_28553_,12.5
_31132_,12.5
_32124_,12.5
_40127_,12.5
_42950_,12.5
k\[20\]\[6\],12.5
k\[71\]\[1\],12.5
q\[44\]\[5\],12.5
net2107,12.5
net4263,12.5
net4784,12.5
net6631,12.5
net6834,12.5
net7114,12.5
net7738,12.5
_42998_,12.495
_35381_,12.49
_06145_,12.48
_13617_,12.48
_18817_,12.48
_24334_,12.48
_25240_,12.48
_25407_,12.48
_26059_,12.48
_27793_,12.48
_29082_,12.48
_32534_,12.48
_34286_,12.48
_34392_,12.48
_35804_,12.48
_36849_,12.48
_39798_,12.48
_42666_,12.48
_43814_,12.48
k\[104\]\[6\],12.48
out\[114\]\[7\],12.48
q\[26\]\[3\],12.48
scaled_scores\[15\]\[11\],12.48
scaled_scores\[58\]\[7\],12.48
v\[112\]\[1\],12.48
weights\[50\]\[1\],12.48
weights\[63\]\[0\],12.48
net3451,12.48
net4641,12.48
net7192,12.48
_41723_,12.475
_24012_,12.47
_24888_,12.47
k\[59\]\[6\],12.465
scaled_scores\[45\]\[6\],12.465
_00106_,12.46
_08810_,12.46
_14452_,12.46
_17546_,12.46
_19734_,12.46
_20741_,12.46
_21663_,12.46
_21698_,12.46
_21829_,12.46
_22703_,12.46
_24170_,12.46
_24445_,12.46
_24474_,12.46
_24496_,12.46
_25472_,12.46
_27143_,12.46
_28143_,12.46
_28266_,12.46
_28589_,12.46
_28953_,12.46
_29241_,12.46
_31513_,12.46
_31806_,12.46
_33964_,12.46
_35552_,12.46
_38542_,12.46
_40032_,12.46
_40516_,12.46
_41329_,12.46
_41700_,12.46
_42268_,12.46
_43807_,12.46
k\[100\]\[3\],12.46
k\[26\]\[7\],12.46
k\[28\]\[3\],12.46
k\[2\]\[3\],12.46
k\[71\]\[3\],12.46
k\[96\]\[5\],12.46
out\[13\]\[1\],12.46
out_row_data[50],12.46
q\[21\]\[2\],12.46
q\[22\]\[7\],12.46
q\[26\]\[0\],12.46
q\[27\]\[4\],12.46
q\[46\]\[3\],12.46
weights\[51\]\[0\],12.46
net1831,12.46
net1833,12.46
net2312,12.46
net3466,12.46
net3804,12.46
net3807,12.46
net4108,12.46
net4293,12.46
net4327,12.46
net6096,12.46
_02059_,12.455
_31785_,12.45
_01836_,12.445
_01926_,12.445
_02311_,12.445
_04933_,12.445
_05115_,12.445
_08099_,12.44
_12033_,12.44
_14168_,12.44
_14446_,12.44
_18062_,12.44
_20663_,12.44
_21956_,12.44
_22957_,12.44
_23180_,12.44
_27732_,12.44
_30764_,12.44
_37037_,12.44
_37116_,12.44
_38888_,12.44
_40146_,12.44
_41832_,12.44
_42091_,12.44
_43979_,12.44
q\[79\]\[4\],12.44
scaled_scores\[58\]\[13\],12.44
weights\[50\]\[7\],12.44
net2455,12.44
net2492,12.44
net2957,12.44
net3041,12.44
net3741,12.44
net5244,12.44
net6414,12.44
net7554,12.44
_43480_,12.435
_01110_,12.425
_01232_,12.425
_02103_,12.425
_02214_,12.425
_03381_,12.425
k\[28\]\[0\],12.425
v\[96\]\[1\],12.425
weights\[45\]\[6\],12.425
_00272_,12.42
_03778_,12.42
_07621_,12.42
_07740_,12.42
_08481_,12.42
_08761_,12.42
_09046_,12.42
_10142_,12.42
_10186_,12.42
_12012_,12.42
_20768_,12.42
_21600_,12.42
_21789_,12.42
_22480_,12.42
_22533_,12.42
_23096_,12.42
_23417_,12.42
_23583_,12.42
_26841_,12.42
_27299_,12.42
_29652_,12.42
_31304_,12.42
_32221_,12.42
_34913_,12.42
_38680_,12.42
_39565_,12.42
_40005_,12.42
_40762_,12.42
_41441_,12.42
_42162_,12.42
_42194_,12.42
k\[102\]\[7\],12.42
k\[107\]\[2\],12.42
k\[42\]\[6\],12.42
out\[52\]\[1\],12.42
q\[14\]\[7\],12.42
q\[45\]\[7\],12.42
q\[67\]\[7\],12.42
scaled_scores\[11\]\[14\],12.42
v\[100\]\[1\],12.42
v\[111\]\[0\],12.42
v\[45\]\[4\],12.42
weights\[48\]\[1\],12.42
net2104,12.42
net3484,12.42
net7132,12.42
net7344,12.42
_25081_,12.415
_20798_,12.41
_00030_,12.405
_01141_,12.405
_01346_,12.405
_02231_,12.405
_00425_,12.4
_08797_,12.4
_12546_,12.4
_15233_,12.4
_15355_,12.4
_17515_,12.4
_20060_,12.4
_20895_,12.4
_24429_,12.4
_27375_,12.4
_31876_,12.4
_33936_,12.4
_37852_,12.4
_42777_,12.4
net4916,12.4
net7213,12.4
_23820_,12.39
_08862_,12.38
_08934_,12.38
_14178_,12.38
_19981_,12.38
_20628_,12.38
_22371_,12.38
_24361_,12.38
_24380_,12.38
_25591_,12.38
_26026_,12.38
_26112_,12.38
_26235_,12.38
_28032_,12.38
_29648_,12.38
_30072_,12.38
_30930_,12.38
_34906_,12.38
_35715_,12.38
_39535_,12.38
_41407_,12.38
_42833_,12.38
k\[3\]\[6\],12.38
k\[72\]\[6\],12.38
out\[24\]\[3\],12.38
q\[6\]\[2\],12.38
raw_scores\[4\]\[5\],12.38
row_data[100],12.38
row_data[111],12.38
row_data[123],12.38
row_data[23],12.38
row_data[40],12.38
row_data[56],12.38
row_data[71],12.38
scaled_scores\[54\]\[15\],12.38
scaled_scores\[61\]\[9\],12.38
v\[20\]\[2\],12.38
weights\[11\]\[1\],12.38
net2350,12.38
net2592,12.38
net2914,12.38
net3173,12.38
net6357,12.38
k\[36\]\[4\],12.375
_21869_,12.365
_07719_,12.36
_08687_,12.36
_13777_,12.36
_23117_,12.36
_24940_,12.36
_27227_,12.36
_28039_,12.36
_29551_,12.36
_33280_,12.36
_34961_,12.36
_36540_,12.36
_42836_,12.36
_43533_,12.36
q\[78\]\[6\],12.36
scaled_scores\[23\]\[6\],12.36
net1897,12.36
net2074,12.36
net3631,12.36
net5071,12.36
net5555,12.36
net5773,12.36
net7676,12.36
_41587_,12.355
_04199_,12.345
_05433_,12.345
_27978_,12.345
q\[63\]\[2\],12.345
_07620_,12.34
_10398_,12.34
_10956_,12.34
_13693_,12.34
_13759_,12.34
_14433_,12.34
_17663_,12.34
_19989_,12.34
_20909_,12.34
_21868_,12.34
_22927_,12.34
_23250_,12.34
_23715_,12.34
_23805_,12.34
_23921_,12.34
_24786_,12.34
_25558_,12.34
_25822_,12.34
_26489_,12.34
_27573_,12.34
_28018_,12.34
_28508_,12.34
_28773_,12.34
_30183_,12.34
_30975_,12.34
_31798_,12.34
_32492_,12.34
_33754_,12.34
_33968_,12.34
_35780_,12.34
_39296_,12.34
_40836_,12.34
_41447_,12.34
_42385_,12.34
_42557_,12.34
k\[123\]\[0\],12.34
k\[123\]\[4\],12.34
k\[38\]\[0\],12.34
out\[10\]\[1\],12.34
out\[114\]\[5\],12.34
out\[115\]\[7\],12.34
out\[13\]\[3\],12.34
q\[111\]\[6\],12.34
q\[125\]\[2\],12.34
scaled_scores\[45\]\[10\],12.34
scaled_scores\[46\]\[14\],12.34
v\[74\]\[4\],12.34
net1216,12.34
net1568,12.34
net1834,12.34
net1853,12.34
net2526,12.34
net3121,12.34
net4215,12.34
net5592,12.34
net6188,12.34
net7352,12.34
_31277_,12.335
_13364_,12.33
_25239_,12.33
_29365_,12.33
_21286_,12.325
_08738_,12.32
_10458_,12.32
_25463_,12.32
_33184_,12.32
_34536_,12.32
_34613_,12.32
_34865_,12.32
_39028_,12.32
_39486_,12.32
_41340_,12.32
_41640_,12.32
_43631_,12.32
_44252_,12.32
out\[79\]\[0\],12.32
out\[96\]\[7\],12.32
q\[122\]\[5\],12.32
q\[84\]\[2\],12.32
scaled_scores\[12\]\[8\],12.32
v\[67\]\[2\],12.32
net2444,12.32
net2891,12.32
net3124,12.32
net4185,12.32
net5915,12.32
net6540,12.32
_13418_,12.31
_41793_,12.31
_09740_,12.3
_13448_,12.3
_24063_,12.3
_24223_,12.3
_27159_,12.3
_27962_,12.3
_30170_,12.3
_30707_,12.3
_36502_,12.3
_37127_,12.3
_38514_,12.3
_38981_,12.3
_42047_,12.3
_42142_,12.3
_42770_,12.3
k\[109\]\[5\],12.3
out\[13\]\[5\],12.3
out\[71\]\[6\],12.3
out_row\[2\],12.3
q\[15\]\[0\],12.3
q\[74\]\[4\],12.3
raw_scores\[12\]\[18\],12.3
v\[119\]\[4\],12.3
v\[91\]\[2\],12.3
weights\[36\]\[6\],12.3
weights\[9\]\[7\],12.3
net2776,12.3
net4988,12.3
net5408,12.3
net7480,12.3
_01582_,12.285
_09927_,12.28
_14249_,12.28
_16731_,12.28
_17680_,12.28
_25208_,12.28
_25655_,12.28
_26031_,12.28
_30288_,12.28
_42920_,12.28
_44110_,12.28
q\[21\]\[7\],12.28
net919,12.28
net921,12.28
net1089,12.28
net2407,12.28
net3181,12.28
net5439,12.28
k\[27\]\[6\],12.265
k\[91\]\[5\],12.265
v\[64\]\[3\],12.265
weights\[43\]\[7\],12.265
_07323_,12.26
_07646_,12.26
_11586_,12.26
_12423_,12.26
_13502_,12.26
_19454_,12.26
_23378_,12.26
_24101_,12.26
_25409_,12.26
_26999_,12.26
_27138_,12.26
_28715_,12.26
_29005_,12.26
_29142_,12.26
_32239_,12.26
_35061_,12.26
_37990_,12.26
_38512_,12.26
_41118_,12.26
_41166_,12.26
_41900_,12.26
_43933_,12.26
_44088_,12.26
k\[39\]\[3\],12.26
out\[127\]\[4\],12.26
out\[3\]\[0\],12.26
out\[51\]\[3\],12.26
q\[101\]\[0\],12.26
scaled_scores\[41\]\[15\],12.26
net1050,12.26
net1420,12.26
net2042,12.26
net2775,12.26
_02781_,12.245
_05786_,12.245
_00196_,12.24
_07900_,12.24
_08947_,12.24
_09059_,12.24
_11369_,12.24
_17072_,12.24
_17772_,12.24
_20605_,12.24
_22523_,12.24
_23499_,12.24
_26578_,12.24
_26845_,12.24
_28694_,12.24
_28819_,12.24
_29683_,12.24
_29820_,12.24
_31023_,12.24
_31201_,12.24
_31544_,12.24
_32057_,12.24
_33060_,12.24
_33283_,12.24
_33763_,12.24
_40543_,12.24
_41454_,12.24
_41515_,12.24
_43450_,12.24
_43867_,12.24
k\[72\]\[1\],12.24
out\[49\]\[4\],12.24
q\[38\]\[7\],12.24
q\[64\]\[7\],12.24
q\[80\]\[3\],12.24
v\[14\]\[1\],12.24
net857,12.24
net1036,12.24
net2428,12.24
net2834,12.24
net3686,12.24
net3704,12.24
net4284,12.24
net6067,12.24
net6152,12.24
net7076,12.24
_20179_,12.235
_30647_,12.23
_11575_,12.22
_13230_,12.22
_13552_,12.22
_16454_,12.22
_23199_,12.22
_23578_,12.22
_23815_,12.22
_24264_,12.22
_24610_,12.22
_26695_,12.22
_28738_,12.22
_30082_,12.22
_30700_,12.22
_30726_,12.22
_31732_,12.22
_34898_,12.22
_39548_,12.22
_39572_,12.22
_39603_,12.22
_41283_,12.22
_41686_,12.22
_42690_,12.22
_43846_,12.22
k\[122\]\[6\],12.22
k\[34\]\[6\],12.22
k\[6\]\[5\],12.22
v\[30\]\[0\],12.22
v\[86\]\[1\],12.22
weights\[48\]\[5\],12.22
net2634,12.22
_39608_,12.215
_24875_,12.21
_00668_,12.205
_01004_,12.205
_01313_,12.205
_01643_,12.205
_02268_,12.205
_02350_,12.205
_04958_,12.205
_04985_,12.205
_06914_,12.205
_43109_,12.205
_10925_,12.2
_11048_,12.2
_11190_,12.2
_13852_,12.2
_15826_,12.2
_18269_,12.2
_19913_,12.2
_21977_,12.2
_22466_,12.2
_25286_,12.2
_29114_,12.2
_29661_,12.2
_30335_,12.2
_41021_,12.2
_41373_,12.2
_42477_,12.2
q\[107\]\[5\],12.2
q\[42\]\[7\],12.2
scaled_scores\[13\]\[6\],12.2
weights\[50\]\[3\],12.2
weights\[61\]\[1\],12.2
net1578,12.2
net5100,12.2
net5507,12.2
net6865,12.2
_08737_,12.19
_32857_,12.19
net430,12.19
out\[40\]\[6\],12.185
v\[97\]\[7\],12.185
_09624_,12.18
_11027_,12.18
_13412_,12.18
_14334_,12.18
_16232_,12.18
_20634_,12.18
_21557_,12.18
_22051_,12.18
_25022_,12.18
_27898_,12.18
_29300_,12.18
_30770_,12.18
_31303_,12.18
_31465_,12.18
_32979_,12.18
_33056_,12.18
_33634_,12.18
_34672_,12.18
_36831_,12.18
_38122_,12.18
_41185_,12.18
_42801_,12.18
_43042_,12.18
_43087_,12.18
k\[110\]\[1\],12.18
k\[43\]\[0\],12.18
k\[74\]\[3\],12.18
k\[83\]\[6\],12.18
k\[9\]\[7\],12.18
out\[119\]\[2\],12.18
out\[127\]\[2\],12.18
out\[55\]\[2\],12.18
q\[14\]\[5\],12.18
q\[57\]\[0\],12.18
raw_scores\[21\]\[10\],12.18
raw_scores\[6\]\[4\],12.18
scaled_scores\[21\]\[16\],12.18
scaled_scores\[23\]\[16\],12.18
scaled_scores\[31\]\[14\],12.18
scaled_scores\[45\]\[15\],12.18
v\[106\]\[2\],12.18
v\[42\]\[3\],12.18
weights\[11\]\[3\],12.18
net6891,12.18
v\[90\]\[1\],12.175
_26256_,12.17
out\[73\]\[0\],12.17
_02858_,12.165
_02929_,12.165
_04971_,12.165
_07636_,12.16
_08085_,12.16
_09534_,12.16
_09723_,12.16
_10331_,12.16
_10958_,12.16
_11384_,12.16
_16338_,12.16
_17093_,12.16
_17728_,12.16
_18227_,12.16
_20603_,12.16
_20906_,12.16
_21711_,12.16
_27797_,12.16
_27876_,12.16
_28919_,12.16
_29724_,12.16
_31012_,12.16
_31724_,12.16
_32450_,12.16
_37729_,12.16
_40914_,12.16
_42370_,12.16
_42714_,12.16
_43299_,12.16
k\[121\]\[2\],12.16
out\[117\]\[5\],12.16
out\[36\]\[0\],12.16
out\[71\]\[3\],12.16
q\[104\]\[7\],12.16
q\[124\]\[5\],12.16
v\[46\]\[5\],12.16
v\[65\]\[3\],12.16
weights\[37\]\[4\],12.16
weights\[49\]\[6\],12.16
net1563,12.16
net1767,12.16
net1783,12.16
net1977,12.16
net2204,12.16
net2497,12.16
net2838,12.16
net2842,12.16
net6403,12.16
net7853,12.16
_30541_,12.15
_00485_,12.145
_01375_,12.145
_05592_,12.145
_05823_,12.145
_00579_,12.14
_22646_,12.14
_22813_,12.14
_23150_,12.14
_23424_,12.14
_24300_,12.14
_24991_,12.14
_26452_,12.14
_26590_,12.14
_27346_,12.14
_28390_,12.14
_33123_,12.14
_37605_,12.14
_39951_,12.14
out\[33\]\[6\],12.14
out\[7\]\[2\],12.14
q\[105\]\[1\],12.14
raw_scores\[14\]\[17\],12.14
v\[82\]\[4\],12.14
v\[97\]\[0\],12.14
net1103,12.14
net6436,12.14
out\[44\]\[7\],12.135
_40624_,12.13
_04965_,12.125
_09409_,12.12
_09739_,12.12
_10753_,12.12
_11986_,12.12
_12028_,12.12
_12688_,12.12
_13284_,12.12
_13988_,12.12
_14225_,12.12
_17562_,12.12
_19221_,12.12
_19627_,12.12
_20427_,12.12
_20595_,12.12
_21138_,12.12
_21619_,12.12
_27811_,12.12
_28375_,12.12
_28556_,12.12
_31760_,12.12
_31905_,12.12
_32318_,12.12
_33656_,12.12
_35525_,12.12
_35549_,12.12
_38458_,12.12
_40242_,12.12
_40902_,12.12
_41574_,12.12
_41757_,12.12
_41769_,12.12
_42340_,12.12
q\[21\]\[3\],12.12
q\[35\]\[1\],12.12
q\[48\]\[4\],12.12
raw_scores\[16\]\[7\],12.12
scaled_scores\[10\]\[16\],12.12
scaled_scores\[12\]\[3\],12.12
scaled_scores\[40\]\[11\],12.12
scaled_scores\[57\]\[5\],12.12
v\[62\]\[2\],12.12
v\[93\]\[4\],12.12
net934,12.12
net2121,12.12
net2552,12.12
net2670,12.12
net3063,12.12
net4687,12.12
net5209,12.12
net5277,12.12
net7841,12.12
_00577_,12.115
_04234_,12.105
scaled_scores\[7\]\[12\],12.105
v\[17\]\[7\],12.105
v\[76\]\[5\],12.105
_07856_,12.1
_08824_,12.1
_12344_,12.1
_12360_,12.1
_13700_,12.1
_13891_,12.1
_16223_,12.1
_16927_,12.1
_19858_,12.1
_20806_,12.1
_22384_,12.1
_23418_,12.1
_26718_,12.1
_29470_,12.1
_30038_,12.1
_31296_,12.1
_31545_,12.1
_32408_,12.1
_39829_,12.1
_40489_,12.1
_41591_,12.1
_41883_,12.1
_43473_,12.1
_43778_,12.1
k\[21\]\[4\],12.1
out\[12\]\[3\],12.1
out\[48\]\[6\],12.1
out\[66\]\[0\],12.1
out\[95\]\[3\],12.1
raw_scores\[27\]\[7\],12.1
raw_scores\[38\]\[9\],12.1
v\[51\]\[5\],12.1
weights\[26\]\[4\],12.1
weights\[43\]\[2\],12.1
weights\[7\]\[2\],12.1
net1895,12.1
_34817_,12.095
row_data[7],12.09
scaled_scores\[33\]\[13\],12.09
_01844_,12.085
_05527_,12.08
_07876_,12.08
_07955_,12.08
_12269_,12.08
_13241_,12.08
_13843_,12.08
_13971_,12.08
_17136_,12.08
_17472_,12.08
_19898_,12.08
_20021_,12.08
_20087_,12.08
_20818_,12.08
_22841_,12.08
_23865_,12.08
_24480_,12.08
_25055_,12.08
_27339_,12.08
_27430_,12.08
_30088_,12.08
_32046_,12.08
_33499_,12.08
_33649_,12.08
_33654_,12.08
_35844_,12.08
_40629_,12.08
_41790_,12.08
_42434_,12.08
_42651_,12.08
_43746_,12.08
_44133_,12.08
k\[13\]\[5\],12.08
k\[99\]\[1\],12.08
out\[26\]\[0\],12.08
out\[76\]\[7\],12.08
q\[120\]\[2\],12.08
q\[77\]\[6\],12.08
v\[111\]\[3\],12.08
net2585,12.08
net3969,12.08
net6101,12.08
net7277,12.08
net7288,12.08
_13687_,12.075
v\[38\]\[5\],12.065
_07755_,12.06
_13824_,12.06
_16883_,12.06
_17570_,12.06
_29154_,12.06
_30003_,12.06
_30537_,12.06
_31396_,12.06
_34222_,12.06
_39796_,12.06
_40892_,12.06
_42616_,12.06
k\[13\]\[7\],12.06
raw_scores\[3\]\[16\],12.06
scaled_scores\[5\]\[1\],12.06
weights\[3\]\[4\],12.06
net2281,12.06
net2297,12.06
net4438,12.06
net5215,12.06
_00418_,12.055
_00829_,12.045
_27312_,12.045
k\[61\]\[1\],12.045
weights\[45\]\[1\],12.045
_00113_,12.04
_08395_,12.04
_10341_,12.04
_15255_,12.04
_16631_,12.04
_17586_,12.04
_18285_,12.04
_18358_,12.04
_18838_,12.04
_24345_,12.04
_24367_,12.04
_24910_,12.04
_26037_,12.04
_26635_,12.04
_28189_,12.04
_28888_,12.04
_29877_,12.04
_30970_,12.04
_31494_,12.04
_33447_,12.04
_33681_,12.04
_38356_,12.04
_41366_,12.04
_42450_,12.04
_43435_,12.04
_44165_,12.04
k\[46\]\[2\],12.04
out\[112\]\[1\],12.04
out_row_data[34],12.04
out_row_data[46],12.04
raw_scores\[3\]\[15\],12.04
row_data[46],12.04
row_data[95],12.04
scaled_scores\[14\]\[2\],12.04
scaled_scores\[20\]\[16\],12.04
v\[11\]\[6\],12.04
v\[26\]\[5\],12.04
v\[42\]\[0\],12.04
clknet_leaf_804_clk,12.04
net1067,12.04
net1382,12.04
net3364,12.04
net3738,12.04
net4220,12.04
net4523,12.04
net4593,12.04
net4874,12.04
net5260,12.04
net6384,12.04
net6386,12.04
net7312,12.04
_14238_,12.03
_34223_,12.025
k\[60\]\[5\],12.025
weights\[31\]\[7\],12.025
_07582_,12.02
_08997_,12.02
_10306_,12.02
_13749_,12.02
_15423_,12.02
_16148_,12.02
_17293_,12.02
_22427_,12.02
_23232_,12.02
_24735_,12.02
_26723_,12.02
_27061_,12.02
_27921_,12.02
_27982_,12.02
_30945_,12.02
_32191_,12.02
_32495_,12.02
_33113_,12.02
_37208_,12.02
_38240_,12.02
_39202_,12.02
_39444_,12.02
_40547_,12.02
_41501_,12.02
_41941_,12.02
_43184_,12.02
_44068_,12.02
k\[49\]\[0\],12.02
out_row_data[70],12.02
q\[93\]\[2\],12.02
net2774,12.02
net2870,12.02
net3240,12.02
net6703,12.02
_28133_,12.015
_37220_,12.015
k\[61\]\[5\],12.015
v\[80\]\[5\],12.015
_26484_,12.01
_03971_,12.005
out\[40\]\[7\],12.005
_13748_,12
_19330_,12
_19962_,12
_20614_,12
_21122_,12
_21307_,12
_22486_,12
_22979_,12
_23676_,12
_23867_,12
_24034_,12
_26372_,12
_26570_,12
_27166_,12
_27315_,12
_29100_,12
_30175_,12
_32378_,12
_34076_,12
_36376_,12
_36389_,12
_36518_,12
_38886_,12
_39505_,12
_40276_,12
_42367_,12
_43031_,12
_43108_,12
_43918_,12
k\[84\]\[2\],12
k\[93\]\[0\],12
out\[23\]\[6\],12
q\[100\]\[7\],12
q\[126\]\[4\],12
q\[19\]\[0\],12
scaled_scores\[59\]\[13\],12
v\[34\]\[2\],12
v\[48\]\[7\],12
weights\[10\]\[4\],12
net1830,12
net1845,12
net2184,12
net2339,12
net2788,12
_06238_,11.995
_32579_,11.99
_00920_,11.985
_01939_,11.985
_04189_,11.985
_28765_,11.985
_07943_,11.98
_08553_,11.98
_11197_,11.98
_14013_,11.98
_14486_,11.98
_15302_,11.98
_25938_,11.98
_26238_,11.98
_27207_,11.98
_27791_,11.98
_32955_,11.98
_34545_,11.98
_34958_,11.98
_35283_,11.98
_37080_,11.98
_37923_,11.98
_38094_,11.98
_39276_,11.98
_39819_,11.98
_41249_,11.98
_43037_,11.98
out\[34\]\[5\],11.98
scaled_scores\[56\]\[13\],11.98
v\[7\]\[5\],11.98
net2298,11.98
net2767,11.98
net3360,11.98
net6307,11.98
net6311,11.98
net7078,11.98
net7489,11.98
_00940_,11.965
_01016_,11.965
_01104_,11.965
_01300_,11.965
_01396_,11.965
_02731_,11.965
_06415_,11.965
out\[47\]\[7\],11.965
weights\[31\]\[5\],11.965
_11042_,11.96
_14048_,11.96
_18653_,11.96
_20321_,11.96
_23084_,11.96
_24410_,11.96
_25299_,11.96
_25939_,11.96
_26714_,11.96
_28576_,11.96
_30649_,11.96
_31750_,11.96
_32791_,11.96
_33636_,11.96
_35668_,11.96
_35797_,11.96
_37387_,11.96
_39971_,11.96
_44253_,11.96
k\[102\]\[4\],11.96
k\[17\]\[2\],11.96
k\[87\]\[5\],11.96
out\[72\]\[1\],11.96
out\[98\]\[2\],11.96
q\[65\]\[4\],11.96
q\[69\]\[1\],11.96
q\[73\]\[6\],11.96
scaled_scores\[28\]\[2\],11.96
scaled_scores\[53\]\[10\],11.96
v\[120\]\[4\],11.96
net1051,11.96
net1930,11.96
net5064,11.96
net6668,11.96
_02645_,11.945
_03586_,11.945
_04032_,11.945
_06663_,11.945
_07596_,11.94
_13058_,11.94
_17157_,11.94
_18066_,11.94
_20535_,11.94
_21476_,11.94
_24180_,11.94
_26782_,11.94
_27194_,11.94
_28509_,11.94
_28868_,11.94
_32026_,11.94
_40471_,11.94
_41080_,11.94
_44059_,11.94
k\[126\]\[3\],11.94
net1055,11.94
net3535,11.94
net4291,11.94
net6144,11.94
net7793,11.94
_00901_,11.935
_31421_,11.935
_40656_,11.93
_35676_,11.925
k\[55\]\[3\],11.925
out\[80\]\[3\],11.925
_08634_,11.92
_17283_,11.92
_20206_,11.92
_20760_,11.92
_22718_,11.92
_22773_,11.92
_22999_,11.92
_23452_,11.92
_23826_,11.92
_24354_,11.92
_24473_,11.92
_25879_,11.92
_26198_,11.92
_29578_,11.92
_30169_,11.92
_30554_,11.92
_32954_,11.92
_34290_,11.92
_37537_,11.92
_39101_,11.92
_41333_,11.92
_41855_,11.92
_44020_,11.92
k\[115\]\[0\],11.92
k\[11\]\[3\],11.92
k\[75\]\[0\],11.92
k\[90\]\[6\],11.92
out\[44\]\[6\],11.92
q\[126\]\[7\],11.92
v\[36\]\[5\],11.92
v\[67\]\[1\],11.92
net2702,11.92
net4244,11.92
net4948,11.92
net5128,11.92
net5174,11.92
net5480,11.92
net5792,11.92
_01821_,11.905
_07229_,11.905
_41960_,11.905
q\[50\]\[5\],11.905
_02479_,11.9
_13545_,11.9
_22284_,11.9
_24413_,11.9
_24438_,11.9
_26681_,11.9
_26864_,11.9
_27988_,11.9
_28205_,11.9
_28963_,11.9
_29715_,11.9
_30242_,11.9
_30393_,11.9
_38918_,11.9
_40725_,11.9
_43090_,11.9
q\[6\]\[1\],11.9
v\[109\]\[2\],11.9
weights\[16\]\[3\],11.9
net1612,11.9
net2690,11.9
net3013,11.9
net3862,11.9
net6575,11.9
net6879,11.9
net7428,11.9
net7776,11.9
_00664_,11.885
_01432_,11.885
_06182_,11.885
out\[41\]\[0\],11.885
_00151_,11.88
_12380_,11.88
_13315_,11.88
_14056_,11.88
_14381_,11.88
_16353_,11.88
_20876_,11.88
_22019_,11.88
_22053_,11.88
_22622_,11.88
_23632_,11.88
_24404_,11.88
_27501_,11.88
_28188_,11.88
_28250_,11.88
_28511_,11.88
_30717_,11.88
_31239_,11.88
_31422_,11.88
_31747_,11.88
_31784_,11.88
_32582_,11.88
_33347_,11.88
_33416_,11.88
_33453_,11.88
_38119_,11.88
_39194_,11.88
_39441_,11.88
_39639_,11.88
_40591_,11.88
_41309_,11.88
_41557_,11.88
_41808_,11.88
_43511_,11.88
_43759_,11.88
k\[78\]\[6\],11.88
out\[116\]\[1\],11.88
out\[52\]\[7\],11.88
q\[33\]\[6\],11.88
q\[98\]\[5\],11.88
scaled_scores\[52\]\[16\],11.88
scaled_scores\[61\]\[7\],11.88
v\[100\]\[6\],11.88
v\[111\]\[5\],11.88
v\[56\]\[3\],11.88
v\[98\]\[0\],11.88
net2253,11.88
net2529,11.88
net3699,11.88
net4248,11.88
net4704,11.88
net5723,11.88
net6525,11.88
net7317,11.88
net7633,11.88
_01796_,11.875
_00580_,11.865
_05641_,11.865
_07788_,11.86
_10771_,11.86
_21613_,11.86
_24886_,11.86
_27232_,11.86
_31375_,11.86
_31664_,11.86
_31936_,11.86
_39365_,11.86
_41062_,11.86
_41287_,11.86
_41432_,11.86
_41585_,11.86
_43054_,11.86
_43676_,11.86
q\[34\]\[2\],11.86
q\[36\]\[7\],11.86
v\[57\]\[5\],11.86
net3993,11.86
net6886,11.86
_29702_,11.855
_32562_,11.85
_01905_,11.845
weights\[46\]\[0\],11.845
_07180_,11.84
_09260_,11.84
_13403_,11.84
_13529_,11.84
_13764_,11.84
_13861_,11.84
_19466_,11.84
_21273_,11.84
_24977_,11.84
_24980_,11.84
_25237_,11.84
_25283_,11.84
_25356_,11.84
_28019_,11.84
_28499_,11.84
_28818_,11.84
_30668_,11.84
_33287_,11.84
_34307_,11.84
_34953_,11.84
_39001_,11.84
_40530_,11.84
_41800_,11.84
_42597_,11.84
_44218_,11.84
out\[7\]\[5\],11.84
out\[98\]\[3\],11.84
q\[13\]\[1\],11.84
q\[3\]\[7\],11.84
q\[8\]\[5\],11.84
q\[9\]\[3\],11.84
v\[74\]\[3\],11.84
weights\[33\]\[0\],11.84
net1046,11.84
net1771,11.84
net1786,11.84
net2115,11.84
_23097_,11.83
_42831_,11.83
_43987_,11.83
v\[53\]\[4\],11.83
_01208_,11.825
_01227_,11.825
_02161_,11.825
_06972_,11.825
_07428_,11.82
_09771_,11.82
_11227_,11.82
_14275_,11.82
_14842_,11.82
_16507_,11.82
_16646_,11.82
_18980_,11.82
_20921_,11.82
_25320_,11.82
_26814_,11.82
_26969_,11.82
_29089_,11.82
_29767_,11.82
_29846_,11.82
_30723_,11.82
_30981_,11.82
_31194_,11.82
_32218_,11.82
_32749_,11.82
_34306_,11.82
_37890_,11.82
_38382_,11.82
_38609_,11.82
_42724_,11.82
q\[117\]\[4\],11.82
q\[41\]\[0\],11.82
q\[99\]\[2\],11.82
raw_scores\[10\]\[16\],11.82
raw_scores\[28\]\[15\],11.82
v\[63\]\[0\],11.82
net924,11.82
net1179,11.82
net1456,11.82
net4609,11.82
net7052,11.82
net7870,11.82
_01005_,11.805
_05201_,11.805
_35408_,11.805
_07708_,11.8
_11368_,11.8
_11578_,11.8
_13588_,11.8
_13709_,11.8
_15970_,11.8
_17149_,11.8
_19256_,11.8
_19867_,11.8
_21017_,11.8
_22502_,11.8
_23474_,11.8
_24218_,11.8
_24315_,11.8
_25056_,11.8
_25425_,11.8
_25902_,11.8
_26363_,11.8
_26517_,11.8
_28176_,11.8
_29260_,11.8
_29330_,11.8
_29434_,11.8
_29883_,11.8
_30296_,11.8
_31593_,11.8
_32271_,11.8
_34809_,11.8
_34948_,11.8
_35425_,11.8
_39032_,11.8
_40518_,11.8
_43169_,11.8
_43268_,11.8
_44108_,11.8
k\[46\]\[7\],11.8
k\[65\]\[4\],11.8
q\[80\]\[1\],11.8
raw_scores\[61\]\[13\],11.8
v\[43\]\[1\],11.8
v\[46\]\[7\],11.8
weights\[53\]\[0\],11.8
net1023,11.8
net2619,11.8
net6131,11.8
net6946,11.8
_04390_,11.795
_43179_,11.795
_41961_,11.79
scaled_scores\[2\]\[11\],11.785
_00191_,11.78
_12731_,11.78
_12856_,11.78
_13616_,11.78
_13627_,11.78
_17092_,11.78
_18281_,11.78
_18823_,11.78
_20792_,11.78
_21888_,11.78
_22230_,11.78
_22670_,11.78
_22896_,11.78
_24248_,11.78
_26470_,11.78
_27109_,11.78
_27210_,11.78
_27230_,11.78
_28970_,11.78
_30273_,11.78
_30298_,11.78
_30500_,11.78
_30922_,11.78
_34234_,11.78
_34629_,11.78
_36489_,11.78
_38541_,11.78
_38937_,11.78
_39634_,11.78
_39959_,11.78
_40529_,11.78
_41154_,11.78
_41925_,11.78
_42337_,11.78
_42518_,11.78
_42529_,11.78
_43740_,11.78
out\[59\]\[4\],11.78
raw_scores\[23\]\[17\],11.78
scaled_scores\[23\]\[4\],11.78
v\[107\]\[0\],11.78
v\[5\]\[0\],11.78
net1604,11.78
net1969,11.78
net2093,11.78
net2292,11.78
net3247,11.78
net3566,11.78
net3614,11.78
net4748,11.78
net6527,11.78
_22920_,11.77
_30885_,11.77
_00513_,11.765
_03211_,11.765
_05720_,11.765
_07560_,11.76
_08441_,11.76
_21171_,11.76
_22266_,11.76
_23205_,11.76
_23231_,11.76
_25556_,11.76
_25732_,11.76
_26844_,11.76
_27519_,11.76
_28907_,11.76
_29279_,11.76
_29281_,11.76
_29711_,11.76
_32403_,11.76
_35499_,11.76
_38906_,11.76
_39551_,11.76
_41871_,11.76
_42302_,11.76
_43583_,11.76
_43801_,11.76
_43826_,11.76
k\[6\]\[6\],11.76
q\[45\]\[5\],11.76
scaled_scores\[21\]\[13\],11.76
scaled_scores\[58\]\[14\],11.76
v\[114\]\[6\],11.76
v\[57\]\[7\],11.76
v\[78\]\[2\],11.76
v\[9\]\[2\],11.76
net1587,11.76
net3600,11.76
net3664,11.76
net4277,11.76
net5070,11.76
net5498,11.76
_25633_,11.755
_19559_,11.75
_03666_,11.745
_03691_,11.745
_07775_,11.74
_08807_,11.74
_10215_,11.74
_10557_,11.74
_12407_,11.74
_15930_,11.74
_18174_,11.74
_18373_,11.74
_19960_,11.74
_20152_,11.74
_22199_,11.74
_29658_,11.74
_31714_,11.74
_31737_,11.74
_33273_,11.74
_33789_,11.74
_34355_,11.74
_34372_,11.74
_39861_,11.74
_40258_,11.74
_40699_,11.74
_41194_,11.74
_42775_,11.74
_42783_,11.74
k\[105\]\[2\],11.74
k\[121\]\[0\],11.74
k\[69\]\[4\],11.74
k\[75\]\[6\],11.74
out\[72\]\[3\],11.74
q\[46\]\[0\],11.74
raw_scores\[27\]\[8\],11.74
raw_scores\[50\]\[19\],11.74
scaled_scores\[34\]\[5\],11.74
scaled_scores\[6\]\[0\],11.74
v\[1\]\[4\],11.74
v\[25\]\[6\],11.74
v\[51\]\[3\],11.74
net1005,11.74
net2005,11.74
net3152,11.74
net4361,11.74
net5269,11.74
net5325,11.74
net6583,11.74
net6742,11.74
net7418,11.74
_13890_,11.73
_03859_,11.725
scaled_scores\[47\]\[14\],11.725
v\[96\]\[7\],11.725
_07678_,11.72
_08347_,11.72
_09121_,11.72
_09302_,11.72
_09604_,11.72
_09830_,11.72
_10881_,11.72
_11715_,11.72
_13025_,11.72
_16178_,11.72
_17814_,11.72
_19257_,11.72
_19532_,11.72
_19751_,11.72
_20541_,11.72
_20826_,11.72
_20877_,11.72
_22166_,11.72
_23297_,11.72
_23629_,11.72
_23807_,11.72
_24872_,11.72
_25082_,11.72
_26000_,11.72
_26500_,11.72
_27650_,11.72
_28615_,11.72
_30362_,11.72
_31533_,11.72
_31666_,11.72
_42514_,11.72
_43885_,11.72
_44126_,11.72
k\[112\]\[3\],11.72
k\[56\]\[4\],11.72
out\[114\]\[4\],11.72
out\[125\]\[3\],11.72
out\[26\]\[4\],11.72
q\[15\]\[3\],11.72
v\[29\]\[0\],11.72
v\[37\]\[0\],11.72
weights\[20\]\[1\],11.72
net7280,11.72
net7745,11.72
_43514_,11.715
q\[59\]\[3\],11.715
_01183_,11.705
_01919_,11.705
_03197_,11.705
_05051_,11.705
_05192_,11.705
_06977_,11.705
q\[56\]\[5\],11.705
_07254_,11.7
_07311_,11.7
_08546_,11.7
_09399_,11.7
_09629_,11.7
_10335_,11.7
_11107_,11.7
_11255_,11.7
_11587_,11.7
_11597_,11.7
_13220_,11.7
_14924_,11.7
_16104_,11.7
_17303_,11.7
_17648_,11.7
_19721_,11.7
_19764_,11.7
_20231_,11.7
_20783_,11.7
_22052_,11.7
_22244_,11.7
_24340_,11.7
_24807_,11.7
_25142_,11.7
_25602_,11.7
_27659_,11.7
_27916_,11.7
_28258_,11.7
_28634_,11.7
_29320_,11.7
_31061_,11.7
_31690_,11.7
_32348_,11.7
_32394_,11.7
_32729_,11.7
_34797_,11.7
_37086_,11.7
_37411_,11.7
_39075_,11.7
_41989_,11.7
_44258_,11.7
_44259_,11.7
q\[67\]\[0\],11.7
raw_scores\[55\]\[18\],11.7
scaled_scores\[22\]\[15\],11.7
scaled_scores\[34\]\[16\],11.7
v\[21\]\[7\],11.7
v\[41\]\[7\],11.7
v\[56\]\[7\],11.7
net1035,11.7
net1490,11.7
net1504,11.7
net3187,11.7
net3353,11.7
net3501,11.7
net4384,11.7
net4821,11.7
net6585,11.7
net6670,11.7
net6978,11.7
net7020,11.7
net7372,11.7
net7828,11.7
_28902_,11.69
_41766_,11.69
net1006,11.69
_00992_,11.685
_01685_,11.685
_06117_,11.685
_09897_,11.68
_10222_,11.68
_13424_,11.68
_14512_,11.68
_20415_,11.68
_22673_,11.68
_23182_,11.68
_24593_,11.68
_25638_,11.68
_27154_,11.68
_27352_,11.68
_28113_,11.68
_28466_,11.68
_29671_,11.68
_29672_,11.68
_32295_,11.68
_39450_,11.68
_39668_,11.68
_40345_,11.68
_43468_,11.68
k\[20\]\[7\],11.68
out\[60\]\[6\],11.68
out_row_data[116],11.68
scaled_scores\[15\]\[10\],11.68
net1173,11.68
net1670,11.68
net2626,11.68
net6901,11.68
net7608,11.68
_05347_,11.665
_07915_,11.66
_09725_,11.66
_10760_,11.66
_11519_,11.66
_11588_,11.66
_11732_,11.66
_13337_,11.66
_14263_,11.66
_15404_,11.66
_15618_,11.66
_16535_,11.66
_16928_,11.66
_17420_,11.66
_18448_,11.66
_19217_,11.66
_20133_,11.66
_20162_,11.66
_20264_,11.66
_20579_,11.66
_20769_,11.66
_22234_,11.66
_22608_,11.66
_22788_,11.66
_23623_,11.66
_24124_,11.66
_24379_,11.66
_25307_,11.66
_25532_,11.66
_25983_,11.66
_26775_,11.66
_26920_,11.66
_27536_,11.66
_27828_,11.66
_28329_,11.66
_28987_,11.66
_29575_,11.66
_31312_,11.66
_34157_,11.66
_34383_,11.66
_34454_,11.66
_35631_,11.66
_39111_,11.66
_40277_,11.66
_40724_,11.66
_41659_,11.66
_41893_,11.66
_42032_,11.66
_43687_,11.66
_43829_,11.66
_44109_,11.66
_44248_,11.66
k\[96\]\[6\],11.66
q\[102\]\[2\],11.66
raw_scores\[23\]\[14\],11.66
scaled_scores\[14\]\[4\],11.66
v\[126\]\[0\],11.66
v\[60\]\[7\],11.66
weights\[22\]\[4\],11.66
weights\[50\]\[2\],11.66
weights\[54\]\[5\],11.66
net891,11.66
net1436,11.66
net1534,11.66
net1932,11.66
net2000,11.66
net2603,11.66
net2904,11.66
net2937,11.66
net3617,11.66
net4275,11.66
net4375,11.66
net4685,11.66
net4787,11.66
net4797,11.66
net5348,11.66
net5947,11.66
net6091,11.66
net7742,11.66
_34834_,11.655
net1750,11.655
_04765_,11.645
_04990_,11.645
_05546_,11.645
_29776_,11.645
weights\[44\]\[4\],11.645
_00230_,11.64
_07681_,11.64
_08047_,11.64
_11644_,11.64
_12428_,11.64
_12775_,11.64
_13710_,11.64
_15934_,11.64
_17652_,11.64
_19586_,11.64
_20068_,11.64
_21915_,11.64
_23327_,11.64
_23366_,11.64
_26268_,11.64
_26981_,11.64
_28155_,11.64
_31342_,11.64
_32597_,11.64
_33961_,11.64
_35076_,11.64
_39082_,11.64
_40965_,11.64
_41749_,11.64
k\[1\]\[0\],11.64
k\[23\]\[3\],11.64
k\[64\]\[6\],11.64
k\[7\]\[5\],11.64
scaled_scores\[28\]\[15\],11.64
scaled_scores\[31\]\[17\],11.64
q\[55\]\[4\],11.635
_22257_,11.63
_29436_,11.63
_03668_,11.625
weights\[27\]\[3\],11.625
_08191_,11.62
_08444_,11.62
_08703_,11.62
_12484_,11.62
_13155_,11.62
_13245_,11.62
_14115_,11.62
_16013_,11.62
_16864_,11.62
_19243_,11.62
_19286_,11.62
_20026_,11.62
_20562_,11.62
_22972_,11.62
_22973_,11.62
_23192_,11.62
_23198_,11.62
_25218_,11.62
_25224_,11.62
_28020_,11.62
_28686_,11.62
_29292_,11.62
_32594_,11.62
_33989_,11.62
_35784_,11.62
_38871_,11.62
_39013_,11.62
_40946_,11.62
_43279_,11.62
_43566_,11.62
_43618_,11.62
_43892_,11.62
k\[4\]\[4\],11.62
out\[101\]\[2\],11.62
out\[31\]\[3\],11.62
out\[32\]\[0\],11.62
out\[67\]\[0\],11.62
scaled_scores\[58\]\[17\],11.62
v\[63\]\[1\],11.62
v\[74\]\[2\],11.62
weights\[63\]\[5\],11.62
net1616,11.62
net2287,11.62
net3158,11.62
net3944,11.62
net4689,11.62
_00695_,11.605
_01382_,11.605
_43899_,11.605
q\[91\]\[1\],11.605
_12440_,11.6
_14156_,11.6
_14877_,11.6
_15059_,11.6
_16218_,11.6
_16371_,11.6
_17650_,11.6
_17817_,11.6
_18870_,11.6
_20526_,11.6
_20629_,11.6
_22637_,11.6
_23031_,11.6
_23668_,11.6
_31029_,11.6
_32601_,11.6
_33504_,11.6
_38467_,11.6
_39755_,11.6
_41690_,11.6
_43177_,11.6
_44038_,11.6
out\[28\]\[0\],11.6
q\[106\]\[7\],11.6
q\[95\]\[5\],11.6
q\[9\]\[0\],11.6
raw_scores\[36\]\[12\],11.6
raw_scores\[44\]\[8\],11.6
raw_scores\[7\]\[14\],11.6
row_data[25],11.6
row_data[35],11.6
row_data[49],11.6
row_data[67],11.6
scaled_scores\[22\]\[16\],11.6
v\[54\]\[6\],11.6
net1710,11.6
net2676,11.6
net4260,11.6
net5758,11.6
net6302,11.6
net6677,11.6
net7809,11.6
_13454_,11.59
_23531_,11.59
_40202_,11.59
_00468_,11.585
_02407_,11.585
_03641_,11.585
q\[56\]\[6\],11.585
v\[32\]\[3\],11.585
_07556_,11.58
_07684_,11.58
_08581_,11.58
_08954_,11.58
_10661_,11.58
_10733_,11.58
_11075_,11.58
_11301_,11.58
_11363_,11.58
_12223_,11.58
_15091_,11.58
_15608_,11.58
_18812_,11.58
_19902_,11.58
_21229_,11.58
_21401_,11.58
_22514_,11.58
_23607_,11.58
_24485_,11.58
_24605_,11.58
_24645_,11.58
_25422_,11.58
_29790_,11.58
_30747_,11.58
_30965_,11.58
_31019_,11.58
_31126_,11.58
_31401_,11.58
_32313_,11.58
_33148_,11.58
_33322_,11.58
_33414_,11.58
_33633_,11.58
_34029_,11.58
_35265_,11.58
_39186_,11.58
_40247_,11.58
_40378_,11.58
_40780_,11.58
_40822_,11.58
_41289_,11.58
_42911_,11.58
_43928_,11.58
_44230_,11.58
k\[122\]\[4\],11.58
k\[44\]\[6\],11.58
out\[123\]\[2\],11.58
scaled_scores\[39\]\[12\],11.58
v\[84\]\[1\],11.58
v\[94\]\[2\],11.58
weights\[57\]\[3\],11.58
net1137,11.58
net1366,11.58
net1620,11.58
net1651,11.58
net2736,11.58
net3125,11.58
net3305,11.58
net5421,11.58
net5740,11.58
net6680,11.58
net7212,11.58
net7506,11.58
_25917_,11.57
_44119_,11.57
_00536_,11.565
_34242_,11.565
_00404_,11.56
_07777_,11.56
_08750_,11.56
_12041_,11.56
_12664_,11.56
_13267_,11.56
_15726_,11.56
_16198_,11.56
_17459_,11.56
_19886_,11.56
_21886_,11.56
_22058_,11.56
_23808_,11.56
_25475_,11.56
_25855_,11.56
_27356_,11.56
_28541_,11.56
_29762_,11.56
_31274_,11.56
_31800_,11.56
_40517_,11.56
net961,11.56
net1145,11.56
net2311,11.56
net2731,11.56
net4508,11.56
net5159,11.56
net5732,11.56
net6461,11.56
net7456,11.56
net7619,11.56
_22908_,11.555
_02464_,11.545
_03017_,11.545
_02495_,11.54
_07649_,11.54
_08682_,11.54
_10887_,11.54
_13771_,11.54
_19701_,11.54
_22047_,11.54
_22282_,11.54
_22601_,11.54
_23726_,11.54
_24198_,11.54
_24935_,11.54
_26036_,11.54
_27296_,11.54
_28186_,11.54
_28513_,11.54
_28837_,11.54
_29200_,11.54
_30801_,11.54
_31323_,11.54
_32309_,11.54
_33969_,11.54
_34020_,11.54
_35803_,11.54
_38151_,11.54
_39148_,11.54
_39429_,11.54
_40069_,11.54
_40072_,11.54
_40977_,11.54
_41301_,11.54
_42497_,11.54
_42525_,11.54
_42641_,11.54
_43992_,11.54
k\[67\]\[3\],11.54
out\[113\]\[6\],11.54
out\[61\]\[1\],11.54
q\[4\]\[5\],11.54
q\[93\]\[4\],11.54
raw_scores\[5\]\[16\],11.54
raw_scores\[62\]\[12\],11.54
scaled_scores\[18\]\[9\],11.54
v\[27\]\[1\],11.54
v\[29\]\[2\],11.54
v\[79\]\[2\],11.54
v\[85\]\[3\],11.54
v\[85\]\[7\],11.54
v\[98\]\[5\],11.54
net1481,11.54
net1835,11.54
net2289,11.54
net2362,11.54
net2677,11.54
net2782,11.54
net2835,11.54
net2996,11.54
net3480,11.54
net5155,11.54
net5805,11.54
net6789,11.54
_00401_,11.525
_02217_,11.525
_02874_,11.525
k\[62\]\[4\],11.525
_02689_,11.52
_07753_,11.52
_12294_,11.52
_16913_,11.52
_26106_,11.52
_26192_,11.52
_26962_,11.52
_29789_,11.52
_29872_,11.52
_34495_,11.52
_35621_,11.52
_35679_,11.52
_37498_,11.52
_40263_,11.52
_40331_,11.52
_41111_,11.52
_41224_,11.52
_41936_,11.52
_44266_,11.52
out\[31\]\[0\],11.52
v\[105\]\[1\],11.52
v\[34\]\[3\],11.52
v\[9\]\[1\],11.52
net1425,11.52
net1431,11.52
net1709,11.52
net2008,11.52
net2817,11.52
net4269,11.52
net4698,11.52
net4716,11.52
net5625,11.52
net5954,11.52
net7494,11.52
_43956_,11.51
_01156_,11.505
_01234_,11.505
k\[60\]\[7\],11.505
out\[44\]\[3\],11.505
_07338_,11.5
_10044_,11.5
_13472_,11.5
_13506_,11.5
_14215_,11.5
_15944_,11.5
_18313_,11.5
_20565_,11.5
_21272_,11.5
_21321_,11.5
_21494_,11.5
_25343_,11.5
_25347_,11.5
_26852_,11.5
_29108_,11.5
_30208_,11.5
_30226_,11.5
_31992_,11.5
_34771_,11.5
_39430_,11.5
_41643_,11.5
_42328_,11.5
_42494_,11.5
_42607_,11.5
k\[15\]\[6\],11.5
k\[65\]\[5\],11.5
q\[115\]\[0\],11.5
q\[13\]\[3\],11.5
q\[24\]\[6\],11.5
q\[42\]\[2\],11.5
q\[79\]\[5\],11.5
q\[96\]\[5\],11.5
q\[9\]\[5\],11.5
raw_scores\[14\]\[2\],11.5
raw_scores\[4\]\[8\],11.5
v\[104\]\[6\],11.5
v\[70\]\[4\],11.5
weights\[35\]\[4\],11.5
weights\[40\]\[5\],11.5
weights\[40\]\[6\],11.5
net1302,11.5
net2096,11.5
net3754,11.5
net6493,11.5
_21579_,11.495
_41994_,11.49
row_data[2],11.49
row_data[4],11.49
row_data[70],11.49
_00914_,11.485
_01289_,11.485
_03229_,11.485
_05515_,11.485
k\[58\]\[0\],11.485
_01167_,11.48
_04190_,11.48
_05460_,11.48
_08525_,11.48
_14839_,11.48
_20728_,11.48
_23609_,11.48
_26253_,11.48
_27964_,11.48
_34173_,11.48
_35127_,11.48
_38380_,11.48
_40653_,11.48
_40988_,11.48
row_addr[1],11.48
row_data[63],11.48
row_data[91],11.48
net1553,11.48
net1558,11.48
net1573,11.48
net1926,11.48
net3053,11.48
net3249,11.48
net3724,11.48
net5869,11.48
net6094,11.48
net6392,11.48
net6861,11.48
net7024,11.48
_01967_,11.465
_36521_,11.465
q\[60\]\[5\],11.465
q\[81\]\[1\],11.465
_02906_,11.46
_08679_,11.46
_08714_,11.46
_11004_,11.46
_12438_,11.46
_13677_,11.46
_15153_,11.46
_15679_,11.46
_20666_,11.46
_21441_,11.46
_22007_,11.46
_23480_,11.46
_25114_,11.46
_29035_,11.46
_30436_,11.46
_30846_,11.46
_30878_,11.46
_34914_,11.46
_35031_,11.46
_35196_,11.46
_37566_,11.46
_38193_,11.46
_39799_,11.46
_40151_,11.46
_43350_,11.46
_43411_,11.46
k\[36\]\[2\],11.46
k\[38\]\[5\],11.46
k\[98\]\[7\],11.46
out\[77\]\[3\],11.46
q\[6\]\[6\],11.46
scaled_scores\[12\]\[17\],11.46
scaled_scores\[51\]\[12\],11.46
v\[105\]\[5\],11.46
v\[119\]\[7\],11.46
v\[39\]\[3\],11.46
v\[75\]\[7\],11.46
v\[95\]\[1\],11.46
weights\[0\]\[6\],11.46
weights\[32\]\[7\],11.46
weights\[53\]\[7\],11.46
net1292,11.46
net1583,11.46
net1730,11.46
net1732,11.46
net2052,11.46
net2113,11.46
net2352,11.46
net2369,11.46
net3368,11.46
net3534,11.46
net4474,11.46
net7362,11.46
_01000_,11.455
_21820_,11.44
_22368_,11.44
_23119_,11.44
_23233_,11.44
_25730_,11.44
_26757_,11.44
_28154_,11.44
_29429_,11.44
_29489_,11.44
_30418_,11.44
_30636_,11.44
_30877_,11.44
_31645_,11.44
_31691_,11.44
_34431_,11.44
_35717_,11.44
_37558_,11.44
_42087_,11.44
out\[34\]\[7\],11.44
net1026,11.44
net2024,11.44
net3546,11.44
net5129,11.44
net5403,11.44
net5577,11.44
net7559,11.44
net7572,11.44
_10596_,11.435
_30254_,11.43
_01806_,11.425
_03269_,11.425
_04800_,11.425
_05398_,11.425
_05721_,11.425
_06473_,11.425
k\[55\]\[2\],11.425
k\[58\]\[4\],11.425
_07883_,11.42
_07994_,11.42
_10730_,11.42
_13300_,11.42
_13439_,11.42
_13607_,11.42
_14071_,11.42
_18982_,11.42
_19752_,11.42
_20136_,11.42
_21487_,11.42
_24319_,11.42
_24659_,11.42
_25041_,11.42
_26148_,11.42
_26290_,11.42
_30422_,11.42
_30713_,11.42
_31116_,11.42
_31367_,11.42
_31629_,11.42
_34318_,11.42
_38869_,11.42
_39685_,11.42
_41712_,11.42
_42864_,11.42
_42933_,11.42
_43198_,11.42
_43777_,11.42
k\[98\]\[6\],11.42
out\[97\]\[6\],11.42
q\[0\]\[3\],11.42
q\[111\]\[2\],11.42
q\[123\]\[1\],11.42
q\[123\]\[2\],11.42
scaled_scores\[49\]\[0\],11.42
v\[68\]\[7\],11.42
net865,11.42
net897,11.42
net922,11.42
net1595,11.42
net2175,11.42
net2445,11.42
net2945,11.42
net4104,11.42
net6292,11.42
_01268_,11.405
_07404_,11.405
_19562_,11.4
_20449_,11.4
_21521_,11.4
_22343_,11.4
_22839_,11.4
_28013_,11.4
_44024_,11.4
out\[116\]\[6\],11.4
out\[20\]\[7\],11.4
q\[21\]\[5\],11.4
scaled_scores\[15\]\[8\],11.4
v\[101\]\[4\],11.4
net5051,11.4
_00474_,11.38
_10154_,11.38
_14303_,11.38
_19204_,11.38
_19331_,11.38
_19883_,11.38
_20047_,11.38
_20270_,11.38
_20288_,11.38
_21088_,11.38
_21414_,11.38
_21415_,11.38
_21987_,11.38
_23272_,11.38
_30091_,11.38
_31458_,11.38
_35521_,11.38
_39748_,11.38
_40157_,11.38
_43483_,11.38
k\[122\]\[1\],11.38
out\[126\]\[4\],11.38
out\[80\]\[4\],11.38
q\[35\]\[4\],11.38
q\[69\]\[0\],11.38
v\[35\]\[5\],11.38
v\[3\]\[4\],11.38
net938,11.38
net1858,11.38
net1915,11.38
net5751,11.38
net6045,11.38
net6751,11.38
_40562_,11.37
_00936_,11.365
_01318_,11.365
_01433_,11.365
_06194_,11.365
_06554_,11.365
scaled_scores\[42\]\[12\],11.365
_09170_,11.36
_10220_,11.36
_12599_,11.36
_13196_,11.36
_15439_,11.36
_15746_,11.36
_16612_,11.36
_17736_,11.36
_26870_,11.36
_26926_,11.36
_29235_,11.36
_29939_,11.36
_30401_,11.36
_30681_,11.36
_31013_,11.36
_33497_,11.36
_35189_,11.36
_35729_,11.36
_35987_,11.36
_36998_,11.36
_37145_,11.36
_38579_,11.36
_40587_,11.36
out\[20\]\[4\],11.36
out\[71\]\[7\],11.36
out\[85\]\[7\],11.36
q\[56\]\[2\],11.36
scaled_scores\[49\]\[9\],11.36
net1907,11.36
net2124,11.36
net4551,11.36
net5948,11.36
net6081,11.36
net7859,11.36
_04754_,11.355
_37881_,11.35
_00960_,11.345
_44045_,11.345
q\[86\]\[2\],11.345
_07400_,11.34
_10290_,11.34
_10645_,11.34
_10768_,11.34
_12098_,11.34
_14307_,11.34
_15012_,11.34
_17861_,11.34
_20201_,11.34
_21235_,11.34
_24324_,11.34
_25187_,11.34
_26739_,11.34
_27215_,11.34
_27684_,11.34
_29343_,11.34
_32413_,11.34
_32863_,11.34
_33367_,11.34
_35044_,11.34
_40023_,11.34
_40216_,11.34
_41371_,11.34
_41956_,11.34
_42635_,11.34
_42705_,11.34
_43840_,11.34
k\[34\]\[0\],11.34
k\[34\]\[2\],11.34
out\[111\]\[7\],11.34
out\[116\]\[0\],11.34
q\[12\]\[0\],11.34
q\[2\]\[5\],11.34
scaled_scores\[1\]\[14\],11.34
scaled_scores\[49\]\[5\],11.34
v\[16\]\[2\],11.34
net1058,11.34
net1397,11.34
net4362,11.34
net7557,11.34
_28731_,11.335
out\[73\]\[2\],11.335
_00918_,11.325
_01079_,11.325
_04474_,11.325
v\[22\]\[0\],11.325
_08322_,11.32
_08619_,11.32
_10984_,11.32
_11492_,11.32
_11836_,11.32
_11853_,11.32
_14820_,11.32
_15455_,11.32
_16529_,11.32
_16539_,11.32
_18501_,11.32
_18965_,11.32
_19158_,11.32
_20160_,11.32
_20621_,11.32
_22135_,11.32
_22629_,11.32
_22774_,11.32
_23277_,11.32
_24310_,11.32
_24624_,11.32
_24865_,11.32
_25364_,11.32
_27554_,11.32
_32417_,11.32
_32764_,11.32
_33822_,11.32
_33824_,11.32
_34030_,11.32
_37778_,11.32
_38042_,11.32
_39099_,11.32
_39157_,11.32
_39284_,11.32
_39311_,11.32
_39620_,11.32
_41133_,11.32
_41647_,11.32
_41952_,11.32
_43258_,11.32
_43849_,11.32
q\[97\]\[7\],11.32
v\[30\]\[5\],11.32
weights\[35\]\[1\],11.32
weights\[54\]\[0\],11.32
net1287,11.32
net1321,11.32
net1685,11.32
net2159,11.32
net2479,11.32
net2671,11.32
net2972,11.32
net3193,11.32
net3274,11.32
net4141,11.32
net4354,11.32
net5810,11.32
net5970,11.32
net6857,11.32
net7629,11.32
_43342_,11.315
_39223_,11.31
_05825_,11.305
_06995_,11.305
k\[30\]\[1\],11.305
_07637_,11.3
_13488_,11.3
_13609_,11.3
_13610_,11.3
_13778_,11.3
_13944_,11.3
_19690_,11.3
_20243_,11.3
_20393_,11.3
_21665_,11.3
_22314_,11.3
_23475_,11.3
_25665_,11.3
_27324_,11.3
_30149_,11.3
_30180_,11.3
_30222_,11.3
_30408_,11.3
_30460_,11.3
_32933_,11.3
_33364_,11.3
_39377_,11.3
_40325_,11.3
_40872_,11.3
_41367_,11.3
_42341_,11.3
_42581_,11.3
q\[108\]\[0\],11.3
q\[127\]\[1\],11.3
raw_scores\[31\]\[16\],11.3
scaled_scores\[20\]\[17\],11.3
v\[110\]\[2\],11.3
v\[40\]\[6\],11.3
v\[56\]\[5\],11.3
weights\[13\]\[7\],11.3
net2295,11.3
net2536,11.3
net3559,11.3
_24998_,11.295
_42528_,11.295
_27329_,11.29
_01587_,11.285
_01841_,11.285
_02806_,11.285
_05111_,11.285
_06027_,11.285
_38603_,11.285
_08869_,11.28
_09509_,11.28
_09533_,11.28
_10523_,11.28
_10912_,11.28
_13239_,11.28
_16260_,11.28
_16787_,11.28
_17994_,11.28
_19311_,11.28
_20033_,11.28
_21514_,11.28
_21763_,11.28
_22469_,11.28
_22484_,11.28
_23526_,11.28
_27073_,11.28
_28305_,11.28
_29212_,11.28
_29464_,11.28
_29838_,11.28
_33348_,11.28
_40028_,11.28
_43678_,11.28
_44196_,11.28
k\[19\]\[7\],11.28
k\[43\]\[1\],11.28
k\[66\]\[2\],11.28
out\[98\]\[4\],11.28
q\[24\]\[0\],11.28
raw_scores\[14\]\[6\],11.28
raw_scores\[55\]\[6\],11.28
raw_scores\[59\]\[15\],11.28
scaled_scores\[13\]\[2\],11.28
scaled_scores\[39\]\[5\],11.28
scaled_scores\[46\]\[12\],11.28
weights\[39\]\[6\],11.28
net1164,11.28
net3882,11.28
net4410,11.28
net6764,11.28
_19482_,11.275
_29276_,11.275
_43259_,11.275
q\[91\]\[7\],11.265
_07565_,11.26
_09469_,11.26
_10059_,11.26
_10372_,11.26
_10986_,11.26
_10998_,11.26
_13554_,11.26
_15000_,11.26
_15792_,11.26
_16153_,11.26
_18272_,11.26
_22553_,11.26
_22985_,11.26
_24116_,11.26
_24830_,11.26
_25393_,11.26
_25444_,11.26
_26175_,11.26
_28091_,11.26
_28552_,11.26
_28703_,11.26
_29793_,11.26
_31566_,11.26
_31634_,11.26
_33618_,11.26
_37650_,11.26
_40104_,11.26
_40327_,11.26
_40469_,11.26
_42861_,11.26
_43445_,11.26
_43591_,11.26
k\[57\]\[6\],11.26
out\[91\]\[0\],11.26
out_row_data[94],11.26
q\[104\]\[5\],11.26
raw_scores\[40\]\[8\],11.26
raw_scores\[60\]\[2\],11.26
scaled_scores\[16\]\[9\],11.26
scaled_scores\[19\]\[16\],11.26
scaled_scores\[19\]\[9\],11.26
scaled_scores\[20\]\[1\],11.26
scaled_scores\[52\]\[7\],11.26
v\[89\]\[5\],11.26
weights\[2\]\[6\],11.26
net3255,11.26
net7510,11.26
k\[61\]\[3\],11.25
_01281_,11.245
_01888_,11.245
_02007_,11.245
_02188_,11.245
_05184_,11.245
_06081_,11.245
_06706_,11.245
weights\[25\]\[2\],11.245
_10680_,11.24
_10994_,11.24
_11570_,11.24
_12328_,11.24
_12888_,11.24
_13197_,11.24
_13199_,11.24
_13625_,11.24
_15757_,11.24
_16502_,11.24
_16941_,11.24
_17755_,11.24
_18340_,11.24
_18625_,11.24
_19067_,11.24
_19118_,11.24
_20785_,11.24
_21551_,11.24
_22127_,11.24
_23047_,11.24
_24364_,11.24
_24440_,11.24
_24575_,11.24
_25599_,11.24
_26821_,11.24
_28014_,11.24
_29543_,11.24
_29889_,11.24
_31492_,11.24
_31576_,11.24
_32255_,11.24
_33095_,11.24
_33513_,11.24
_37224_,11.24
_37466_,11.24
_38812_,11.24
_39449_,11.24
_40957_,11.24
_41493_,11.24
_41946_,11.24
k\[4\]\[2\],11.24
k\[86\]\[6\],11.24
out\[93\]\[6\],11.24
out_row_data[118],11.24
out_row_data[16],11.24
out_row_data[24],11.24
out_row_data[49],11.24
out_row_data[52],11.24
out_row_data[53],11.24
out_row_data[54],11.24
out_row_data[96],11.24
q\[108\]\[6\],11.24
q\[117\]\[6\],11.24
q\[2\]\[4\],11.24
q\[59\]\[0\],11.24
q\[70\]\[1\],11.24
q\[71\]\[2\],11.24
raw_scores\[35\]\[8\],11.24
raw_scores\[3\]\[9\],11.24
scaled_scores\[15\]\[4\],11.24
scaled_scores\[52\]\[2\],11.24
v\[111\]\[7\],11.24
v\[127\]\[4\],11.24
weights\[33\]\[1\],11.24
net946,11.24
net1031,11.24
net1795,11.24
net1856,11.24
net2209,11.24
net3825,11.24
net5549,11.24
net5618,11.24
net6264,11.24
_00480_,11.235
_43396_,11.23
_00880_,11.225
_01952_,11.225
_02098_,11.225
_06926_,11.22
_07801_,11.22
_09833_,11.22
_10553_,11.22
_20124_,11.22
_20557_,11.22
_23154_,11.22
_23680_,11.22
_24118_,11.22
_26441_,11.22
_27244_,11.22
_27609_,11.22
_29982_,11.22
_32363_,11.22
_32529_,11.22
_34621_,11.22
_35353_,11.22
_37161_,11.22
_38712_,11.22
_38754_,11.22
_40226_,11.22
_40980_,11.22
_41776_,11.22
_42634_,11.22
_43057_,11.22
_43673_,11.22
_43848_,11.22
_44005_,11.22
_44177_,11.22
k\[49\]\[4\],11.22
scaled_scores\[29\]\[10\],11.22
net3020,11.22
_05736_,11.215
_06713_,11.215
_43765_,11.215
_30575_,11.21
_35637_,11.21
_41263_,11.21
_05049_,11.205
_05435_,11.205
_07122_,11.2
_07724_,11.2
_07928_,11.2
_10063_,11.2
_11044_,11.2
_11092_,11.2
_11201_,11.2
_11371_,11.2
_12139_,11.2
_12675_,11.2
_13235_,11.2
_13699_,11.2
_13876_,11.2
_14460_,11.2
_16775_,11.2
_16856_,11.2
_17449_,11.2
_20568_,11.2
_20571_,11.2
_21181_,11.2
_22635_,11.2
_22934_,11.2
_22943_,11.2
_24273_,11.2
_24749_,11.2
_24793_,11.2
_25398_,11.2
_26469_,11.2
_26735_,11.2
_27984_,11.2
_29047_,11.2
_29561_,11.2
_30167_,11.2
_30487_,11.2
_30532_,11.2
_32245_,11.2
_32484_,11.2
_32500_,11.2
_32813_,11.2
_33920_,11.2
_34390_,11.2
_34799_,11.2
_35965_,11.2
_38409_,11.2
_38993_,11.2
_39851_,11.2
_39980_,11.2
_40403_,11.2
_40615_,11.2
_40637_,11.2
_40727_,11.2
_41359_,11.2
_41909_,11.2
_42081_,11.2
_43186_,11.2
k\[114\]\[3\],11.2
k\[84\]\[7\],11.2
out\[121\]\[3\],11.2
q\[127\]\[7\],11.2
q\[38\]\[5\],11.2
q\[39\]\[7\],11.2
raw_scores\[6\]\[12\],11.2
scaled_scores\[38\]\[7\],11.2
scaled_scores\[48\]\[16\],11.2
v\[101\]\[3\],11.2
v\[125\]\[3\],11.2
v\[20\]\[5\],11.2
v\[3\]\[5\],11.2
weights\[2\]\[4\],11.2
weights\[55\]\[0\],11.2
weights\[62\]\[2\],11.2
net1990,11.2
net2416,11.2
net2447,11.2
net2721,11.2
net2722,11.2
net2765,11.2
net2801,11.2
net2976,11.2
net3538,11.2
net3932,11.2
net4729,11.2
net5479,11.2
net5614,11.2
net5664,11.2
net6104,11.2
net6579,11.2
_27241_,11.19
_03649_,11.185
_03738_,11.185
_08060_,11.18
_08751_,11.18
_10219_,11.18
_11866_,11.18
_17456_,11.18
_18970_,11.18
_20252_,11.18
_20331_,11.18
_22723_,11.18
_25137_,11.18
_26907_,11.18
_27212_,11.18
_30999_,11.18
_31228_,11.18
_31871_,11.18
_32420_,11.18
_34894_,11.18
_38126_,11.18
_38348_,11.18
_40426_,11.18
_43879_,11.18
k\[17\]\[1\],11.18
out\[10\]\[0\],11.18
out\[11\]\[3\],11.18
out\[90\]\[2\],11.18
q\[103\]\[6\],11.18
q\[3\]\[1\],11.18
q\[77\]\[3\],11.18
q\[96\]\[0\],11.18
raw_scores\[47\]\[16\],11.18
scaled_scores\[2\]\[6\],11.18
v\[124\]\[0\],11.18
weights\[47\]\[3\],11.18
weights\[50\]\[6\],11.18
net845,11.18
net2938,11.18
_00462_,11.165
_00744_,11.165
_01305_,11.165
_01805_,11.165
_01879_,11.165
_01936_,11.165
_02013_,11.165
_03265_,11.165
weights\[30\]\[6\],11.165
_07466_,11.16
_08625_,11.16
_10835_,11.16
_11527_,11.16
_11840_,11.16
_11893_,11.16
_14105_,11.16
_14762_,11.16
_15346_,11.16
_15747_,11.16
_16337_,11.16
_17547_,11.16
_17613_,11.16
_18100_,11.16
_18347_,11.16
_18699_,11.16
_18846_,11.16
_19477_,11.16
_19677_,11.16
_20891_,11.16
_21076_,11.16
_22001_,11.16
_25202_,11.16
_28199_,11.16
_29405_,11.16
_31770_,11.16
_31863_,11.16
_32860_,11.16
_34016_,11.16
_38743_,11.16
_42630_,11.16
_42858_,11.16
_43805_,11.16
k\[44\]\[1\],11.16
out\[107\]\[5\],11.16
out\[16\]\[5\],11.16
out\[99\]\[1\],11.16
q\[69\]\[7\],11.16
scaled_scores\[23\]\[11\],11.16
scaled_scores\[53\]\[9\],11.16
v\[89\]\[7\],11.16
weights\[37\]\[7\],11.16
weights\[48\]\[0\],11.16
weights\[56\]\[0\],11.16
net840,11.16
_44057_,11.155
scaled_scores\[44\]\[13\],11.155
_41391_,11.15
row_data[47],11.15
_01779_,11.145
_06885_,11.145
_01412_,11.14
_06413_,11.14
_07443_,11.14
_07995_,11.14
_09376_,11.14
_13655_,11.14
_16054_,11.14
_22496_,11.14
_23716_,11.14
_27967_,11.14
_28762_,11.14
_30266_,11.14
_34583_,11.14
_42642_,11.14
scaled_scores\[19\]\[2\],11.14
weights\[10\]\[1\],11.14
net1107,11.14
net1650,11.14
net1997,11.14
net2019,11.14
net2684,11.14
net3195,11.14
net3262,11.14
net3707,11.14
net4679,11.14
net4854,11.14
net5241,11.14
net5801,11.14
net6446,11.14
_27077_,11.135
k\[38\]\[4\],11.135
_08561_,11.13
_05216_,11.125
scaled_scores\[47\]\[11\],11.125
weights\[24\]\[0\],11.125
_08699_,11.12
_10295_,11.12
_10353_,11.12
_10412_,11.12
_10457_,11.12
_10781_,11.12
_11324_,11.12
_11608_,11.12
_11688_,11.12
_13168_,11.12
_14571_,11.12
_15793_,11.12
_17532_,11.12
_18956_,11.12
_20332_,11.12
_21102_,11.12
_21150_,11.12
_23347_,11.12
_23523_,11.12
_25848_,11.12
_26349_,11.12
_28280_,11.12
_29043_,11.12
_29369_,11.12
_29909_,11.12
_32516_,11.12
_33218_,11.12
_34198_,11.12
_35308_,11.12
_37410_,11.12
_38601_,11.12
_39752_,11.12
_40718_,11.12
_40840_,11.12
_41282_,11.12
_44161_,11.12
k\[67\]\[2\],11.12
q\[45\]\[4\],11.12
scaled_scores\[33\]\[15\],11.12
weights\[12\]\[5\],11.12
weights\[7\]\[6\],11.12
net944,11.12
net979,11.12
net1008,11.12
net1059,11.12
net7006,11.12
net7452,11.12
_39832_,11.11
k\[82\]\[4\],11.11
_00455_,11.105
_09541_,11.105
k\[58\]\[2\],11.105
q\[61\]\[6\],11.105
_01262_,11.1
_07742_,11.1
_08108_,11.1
_10459_,11.1
_11401_,11.1
_13291_,11.1
_13363_,11.1
_13768_,11.1
_15840_,11.1
_20277_,11.1
_21218_,11.1
_21319_,11.1
_21424_,11.1
_21776_,11.1
_21938_,11.1
_22333_,11.1
_22336_,11.1
_22644_,11.1
_23000_,11.1
_24102_,11.1
_24806_,11.1
_25859_,11.1
_26042_,11.1
_26110_,11.1
_28173_,11.1
_28873_,11.1
_30033_,11.1
_31066_,11.1
_32373_,11.1
_32385_,11.1
_34293_,11.1
_35137_,11.1
_39522_,11.1
_40520_,11.1
_41165_,11.1
_42356_,11.1
_43634_,11.1
_43769_,11.1
k\[2\]\[0\],11.1
q\[72\]\[2\],11.1
raw_scores\[21\]\[14\],11.1
weights\[34\]\[4\],11.1
net3159,11.1
net3576,11.1
net4470,11.1
net4528,11.1
net4706,11.1
net4747,11.1
net5117,11.1
net5243,11.1
net5650,11.1
net6581,11.1
net6973,11.1
_00935_,11.085
_06139_,11.085
k\[48\]\[5\],11.085
weights\[25\]\[4\],11.085
_01580_,11.08
_07760_,11.08
_07848_,11.08
_10025_,11.08
_10860_,11.08
_14507_,11.08
_20560_,11.08
_20672_,11.08
_21497_,11.08
_21961_,11.08
_22659_,11.08
_22679_,11.08
_24307_,11.08
_25604_,11.08
_25769_,11.08
_27524_,11.08
_28004_,11.08
_28204_,11.08
_28208_,11.08
_28880_,11.08
_28910_,11.08
_29460_,11.08
_29856_,11.08
_31783_,11.08
_34134_,11.08
_35144_,11.08
_37070_,11.08
_40373_,11.08
_40841_,11.08
_41010_,11.08
_41137_,11.08
_41392_,11.08
_42700_,11.08
_42806_,11.08
_44086_,11.08
k\[100\]\[7\],11.08
k\[112\]\[4\],11.08
k\[86\]\[4\],11.08
out\[109\]\[6\],11.08
out\[78\]\[0\],11.08
raw_scores\[31\]\[3\],11.08
scaled_scores\[28\]\[12\],11.08
scaled_scores\[46\]\[11\],11.08
v\[43\]\[5\],11.08
v\[55\]\[3\],11.08
weights\[13\]\[5\],11.08
weights\[33\]\[3\],11.08
weights\[50\]\[5\],11.08
net1572,11.08
net3640,11.08
net4659,11.08
net6003,11.08
net6815,11.08
_22696_,11.075
_32477_,11.07
_00828_,11.065
_01342_,11.065
_05528_,11.065
_06220_,11.065
_33963_,11.065
k\[81\]\[6\],11.065
q\[90\]\[4\],11.065
_12622_,11.06
_13595_,11.06
_17875_,11.06
_19539_,11.06
_20425_,11.06
_20689_,11.06
_23175_,11.06
_26246_,11.06
_38627_,11.06
_38996_,11.06
_39498_,11.06
_40218_,11.06
_40446_,11.06
_41887_,11.06
_42130_,11.06
_44229_,11.06
k\[98\]\[5\],11.06
k\[99\]\[0\],11.06
q\[103\]\[2\],11.06
q\[99\]\[0\],11.06
v\[66\]\[3\],11.06
weights\[14\]\[2\],11.06
net356,11.06
net1126,11.06
net2203,11.06
net2907,11.06
net3762,11.06
net3833,11.06
net4482,11.06
net4711,11.06
net4968,11.06
net5213,11.06
net5829,11.06
net6448,11.06
net7001,11.06
_01816_,11.045
_03664_,11.045
_00219_,11.04
_00522_,11.04
_03735_,11.04
_04175_,11.04
_04344_,11.04
_04630_,11.04
_09331_,11.04
_09693_,11.04
_10193_,11.04
_13000_,11.04
_14268_,11.04
_15521_,11.04
_20048_,11.04
_21160_,11.04
_23660_,11.04
_23862_,11.04
_26641_,11.04
_26873_,11.04
_27799_,11.04
_28494_,11.04
_30267_,11.04
_35201_,11.04
_37090_,11.04
_38155_,11.04
_38302_,11.04
_38361_,11.04
_41200_,11.04
_41215_,11.04
_42740_,11.04
k\[110\]\[5\],11.04
k\[82\]\[3\],11.04
out\[0\]\[5\],11.04
out\[99\]\[7\],11.04
q\[66\]\[4\],11.04
raw_scores\[19\]\[12\],11.04
scaled_scores\[29\]\[5\],11.04
v\[42\]\[2\],11.04
net881,11.04
net1153,11.04
net1686,11.04
net1753,11.04
net2216,11.04
net4831,11.04
net5087,11.04
net7066,11.04
_26988_,11.03
_01235_,11.025
_04760_,11.025
_05271_,11.025
_06248_,11.025
weights\[30\]\[4\],11.025
_06859_,11.02
_07992_,11.02
_10263_,11.02
_11725_,11.02
_13370_,11.02
_20074_,11.02
_26224_,11.02
_32411_,11.02
_32841_,11.02
_37348_,11.02
_39062_,11.02
_40956_,11.02
_41567_,11.02
_42447_,11.02
_43841_,11.02
k\[90\]\[0\],11.02
matrix_sel[1],11.02
row_data[121],11.02
row_data[21],11.02
row_data[29],11.02
row_data[45],11.02
row_data[57],11.02
row_data[62],11.02
row_data[6],11.02
row_data[76],11.02
row_data[82],11.02
row_data[94],11.02
scaled_scores\[22\]\[4\],11.02
scaled_scores\[56\]\[10\],11.02
v\[15\]\[6\],11.02
weights\[59\]\[1\],11.02
weights\[61\]\[2\],11.02
net2488,11.02
net2785,11.02
net3854,11.02
net3974,11.02
net5180,11.02
net7826,11.02
_06708_,11.015
_41578_,11.015
_35722_,11.01
_42387_,11.01
_34065_,11.005
out\[42\]\[2\],11.005
_01562_,11
_02488_,11
_07438_,11
_08046_,11
_08113_,11
_08117_,11
_13591_,11
_14285_,11
_14737_,11
_19232_,11
_20322_,11
_21699_,11
_23072_,11
_25549_,11
_25786_,11
_27097_,11
_27642_,11
_30225_,11
_31049_,11
_35171_,11
_37483_,11
_39179_,11
_39432_,11
_39915_,11
_40424_,11
_43736_,11
_43810_,11
k\[60\]\[1\],11
k\[78\]\[4\],11
out\[2\]\[1\],11
q\[101\]\[6\],11
q\[1\]\[7\],11
q\[28\]\[6\],11
q\[72\]\[6\],11
v\[57\]\[1\],11
net989,11
net1116,11
net1470,11
net2151,11
net2583,11
net3295,11
net4055,11
net4155,11
net5513,11
net6457,11
net7109,11
_03963_,10.995
_22070_,10.995
_00592_,10.985
_01138_,10.985
_26281_,10.985
_07603_,10.98
_13411_,10.98
_13501_,10.98
_13761_,10.98
_14240_,10.98
_20211_,10.98
_20645_,10.98
_22405_,10.98
_22437_,10.98
_25282_,10.98
_25645_,10.98
_27153_,10.98
_27275_,10.98
_28527_,10.98
_29112_,10.98
_30295_,10.98
_31240_,10.98
_32080_,10.98
_32289_,10.98
_40413_,10.98
_41150_,10.98
_42391_,10.98
_43813_,10.98
_43875_,10.98
q\[107\]\[1\],10.98
q\[112\]\[4\],10.98
weights\[57\]\[4\],10.98
net1151,10.98
net6061,10.98
net7376,10.98
net7453,10.98
net7465,10.98
_04014_,10.965
_04230_,10.965
_05083_,10.965
_05609_,10.965
_07235_,10.965
_41054_,10.965
k\[58\]\[5\],10.965
out\[41\]\[4\],10.965
scaled_scores\[3\]\[7\],10.965
_08458_,10.96
_08588_,10.96
_11350_,10.96
_12411_,10.96
_21361_,10.96
_22066_,10.96
_22458_,10.96
_22565_,10.96
_22848_,10.96
_22901_,10.96
_22924_,10.96
_23208_,10.96
_23325_,10.96
_23529_,10.96
_23647_,10.96
_23782_,10.96
_25039_,10.96
_25987_,10.96
_26946_,10.96
_28103_,10.96
_28862_,10.96
_29595_,10.96
_30017_,10.96
_30914_,10.96
_31771_,10.96
_31980_,10.96
_33049_,10.96
_33631_,10.96
_35073_,10.96
_35159_,10.96
_38939_,10.96
_40710_,10.96
_41272_,10.96
_41753_,10.96
_42474_,10.96
_43698_,10.96
k\[101\]\[7\],10.96
k\[102\]\[0\],10.96
k\[106\]\[4\],10.96
k\[27\]\[4\],10.96
k\[47\]\[5\],10.96
k\[73\]\[1\],10.96
out\[15\]\[0\],10.96
out\[32\]\[7\],10.96
q\[0\]\[6\],10.96
q\[73\]\[3\],10.96
raw_scores\[8\]\[12\],10.96
scaled_scores\[2\]\[8\],10.96
scaled_scores\[6\]\[12\],10.96
scaled_scores\[8\]\[15\],10.96
v\[117\]\[1\],10.96
v\[82\]\[5\],10.96
v\[99\]\[4\],10.96
weights\[62\]\[7\],10.96
net2483,10.96
net2502,10.96
net2554,10.96
net2608,10.96
net4158,10.96
net4173,10.96
net6208,10.96
_27167_,10.955
k\[63\]\[2\],10.955
v\[21\]\[2\],10.955
net3800,10.955
_06136_,10.945
_07113_,10.94
_07829_,10.94
_08884_,10.94
_10788_,10.94
_20778_,10.94
_25332_,10.94
_25830_,10.94
_35357_,10.94
_39811_,10.94
_41573_,10.94
out\[49\]\[3\],10.94
q\[65\]\[6\],10.94
net1765,10.94
_20910_,10.93
out\[47\]\[4\],10.925
_01829_,10.92
_07816_,10.92
_10094_,10.92
_10148_,10.92
_10724_,10.92
_13414_,10.92
_14273_,10.92
_19518_,10.92
_20674_,10.92
_20828_,10.92
_23195_,10.92
_23604_,10.92
_27377_,10.92
_29374_,10.92
_29695_,10.92
_33291_,10.92
_33700_,10.92
_35375_,10.92
_36912_,10.92
_40053_,10.92
_42560_,10.92
_42580_,10.92
_42711_,10.92
k\[104\]\[2\],10.92
k\[2\]\[6\],10.92
out\[101\]\[0\],10.92
out\[104\]\[4\],10.92
scaled_scores\[28\]\[0\],10.92
scaled_scores\[34\]\[10\],10.92
scaled_scores\[41\]\[4\],10.92
v\[65\]\[5\],10.92
weights\[18\]\[5\],10.92
weights\[37\]\[3\],10.92
weights\[9\]\[5\],10.92
net990,10.92
net2233,10.92
net5349,10.92
net7067,10.92
_42480_,10.91
net1970,10.91
_05066_,10.905
_05737_,10.905
_05962_,10.905
_06851_,10.905
_06943_,10.905
_00114_,10.9
_07281_,10.9
_07374_,10.9
_08243_,10.9
_09245_,10.9
_09829_,10.9
_12350_,10.9
_13613_,10.9
_15047_,10.9
_15085_,10.9
_15825_,10.9
_17641_,10.9
_18849_,10.9
_21199_,10.9
_24365_,10.9
_26929_,10.9
_27104_,10.9
_28328_,10.9
_28700_,10.9
_29433_,10.9
_30244_,10.9
_32190_,10.9
_32552_,10.9
_32806_,10.9
_39599_,10.9
_40644_,10.9
_40722_,10.9
net929,10.9
net1092,10.9
net1322,10.9
net1652,10.9
net1965,10.9
net2136,10.9
net2208,10.9
net2450,10.9
net2952,10.9
net2985,10.9
net5321,10.9
net6744,10.9
net6786,10.9
net7832,10.9
_26610_,10.89
_43038_,10.89
_00780_,10.885
_02100_,10.885
_03632_,10.885
_04874_,10.885
_25585_,10.885
v\[124\]\[2\],10.885
_05380_,10.88
_11648_,10.88
_11769_,10.88
_13470_,10.88
_13783_,10.88
_14150_,10.88
_15756_,10.88
_16568_,10.88
_19612_,10.88
_20549_,10.88
_21073_,10.88
_21149_,10.88
_23019_,10.88
_23227_,10.88
_23316_,10.88
_24436_,10.88
_24769_,10.88
_25315_,10.88
_25863_,10.88
_28916_,10.88
_31515_,10.88
_33133_,10.88
_33792_,10.88
_37946_,10.88
_40440_,10.88
_44118_,10.88
q\[18\]\[1\],10.88
q\[54\]\[4\],10.88
v\[3\]\[6\],10.88
weights\[23\]\[6\],10.88
net2597,10.88
net2913,10.88
net3508,10.88
net4383,10.88
_00380_,10.875
_14445_,10.875
_20809_,10.875
_43582_,10.87
out\[122\]\[4\],10.87
_01128_,10.865
_01596_,10.865
_06854_,10.865
_03836_,10.86
_07772_,10.86
_08507_,10.86
_09449_,10.86
_09630_,10.86
_10408_,10.86
_11108_,10.86
_11805_,10.86
_13574_,10.86
_13776_,10.86
_14127_,10.86
_14151_,10.86
_14401_,10.86
_15358_,10.86
_16007_,10.86
_16317_,10.86
_16654_,10.86
_17286_,10.86
_17306_,10.86
_17424_,10.86
_18446_,10.86
_18592_,10.86
_18597_,10.86
_21473_,10.86
_21482_,10.86
_21693_,10.86
_22391_,10.86
_22517_,10.86
_23768_,10.86
_24258_,10.86
_26956_,10.86
_27396_,10.86
_27934_,10.86
_28136_,10.86
_28221_,10.86
_31557_,10.86
_32247_,10.86
_34868_,10.86
_35048_,10.86
_36791_,10.86
_38093_,10.86
_38619_,10.86
_39134_,10.86
_39482_,10.86
_39557_,10.86
_39856_,10.86
_40948_,10.86
_42080_,10.86
_42110_,10.86
_42223_,10.86
_43107_,10.86
k\[100\]\[5\],10.86
k\[41\]\[1\],10.86
out\[52\]\[0\],10.86
out\[60\]\[4\],10.86
out\[85\]\[1\],10.86
out\[94\]\[1\],10.86
q\[40\]\[1\],10.86
q\[79\]\[7\],10.86
raw_scores\[11\]\[8\],10.86
v\[77\]\[4\],10.86
weights\[12\]\[3\],10.86
clknet_leaf_113_clk,10.86
net887,10.86
net2127,10.86
net2256,10.86
net2371,10.86
net4409,10.86
net4692,10.86
net6073,10.86
net7141,10.86
net7404,10.86
_20223_,10.855
_32909_,10.85
_00598_,10.845
_01855_,10.845
_03527_,10.845
_04325_,10.845
_05316_,10.845
_05731_,10.845
_06360_,10.845
v\[76\]\[6\],10.845
_07272_,10.84
_07784_,10.84
_13567_,10.84
_19574_,10.84
_20300_,10.84
_21999_,10.84
_22536_,10.84
_23584_,10.84
_23799_,10.84
_27284_,10.84
_27807_,10.84
_28317_,10.84
_28943_,10.84
_34415_,10.84
_34607_,10.84
_39149_,10.84
_39543_,10.84
_39740_,10.84
_40449_,10.84
_40532_,10.84
k\[2\]\[5\],10.84
k\[77\]\[5\],10.84
q\[102\]\[0\],10.84
q\[67\]\[4\],10.84
scaled_scores\[21\]\[6\],10.84
v\[18\]\[1\],10.84
net1788,10.84
net6044,10.84
out\[80\]\[7\],10.835
_30472_,10.83
weights\[27\]\[0\],10.83
_00595_,10.825
_00896_,10.825
_00979_,10.825
_01742_,10.825
_02005_,10.825
_02065_,10.825
_02269_,10.825
_03580_,10.825
_04654_,10.825
_06887_,10.825
_30637_,10.825
_01109_,10.82
_08036_,10.82
_09749_,10.82
_10271_,10.82
_11059_,10.82
_12696_,10.82
_14770_,10.82
_14822_,10.82
_15061_,10.82
_15237_,10.82
_17139_,10.82
_17395_,10.82
_17986_,10.82
_20193_,10.82
_22236_,10.82
_25960_,10.82
_26261_,10.82
_27490_,10.82
_28123_,10.82
_28538_,10.82
_29225_,10.82
_30419_,10.82
_30465_,10.82
_31037_,10.82
_31428_,10.82
_31906_,10.82
_32081_,10.82
_32194_,10.82
_35527_,10.82
_37643_,10.82
_41162_,10.82
_42445_,10.82
_43994_,10.82
k\[23\]\[0\],10.82
q\[112\]\[5\],10.82
raw_scores\[23\]\[3\],10.82
raw_scores\[28\]\[11\],10.82
v\[29\]\[4\],10.82
v\[30\]\[4\],10.82
net1780,10.82
net2590,10.82
_27891_,10.815
q\[57\]\[7\],10.805
q\[89\]\[3\],10.805
v\[17\]\[4\],10.805
_08349_,10.8
_10207_,10.8
_10638_,10.8
_10907_,10.8
_11006_,10.8
_17490_,10.8
_19009_,10.8
_19715_,10.8
_21474_,10.8
_23359_,10.8
_25708_,10.8
_25749_,10.8
_26046_,10.8
_26402_,10.8
_26474_,10.8
_26482_,10.8
_28644_,10.8
_28764_,10.8
_28886_,10.8
_30497_,10.8
_31118_,10.8
_35166_,10.8
_35627_,10.8
_35736_,10.8
_36761_,10.8
_41057_,10.8
_42448_,10.8
_43728_,10.8
_43919_,10.8
k\[45\]\[1\],10.8
k\[67\]\[0\],10.8
out\[84\]\[1\],10.8
out\[90\]\[1\],10.8
out\[96\]\[1\],10.8
q\[123\]\[6\],10.8
raw_scores\[45\]\[19\],10.8
raw_scores\[56\]\[8\],10.8
scaled_scores\[12\]\[2\],10.8
v\[125\]\[6\],10.8
v\[63\]\[2\],10.8
v\[66\]\[7\],10.8
weights\[37\]\[6\],10.8
net1567,10.8
_25134_,10.795
q\[127\]\[4\],10.795
_01970_,10.785
_02113_,10.785
_02792_,10.785
_04275_,10.785
_04309_,10.785
_05351_,10.785
_06060_,10.785
_06999_,10.785
_07322_,10.78
_07334_,10.78
_08672_,10.78
_09188_,10.78
_09296_,10.78
_09369_,10.78
_10587_,10.78
_10996_,10.78
_11299_,10.78
_11327_,10.78
_11794_,10.78
_12312_,10.78
_12474_,10.78
_13068_,10.78
_14642_,10.78
_15178_,10.78
_16994_,10.78
_18580_,10.78
_20041_,10.78
_22573_,10.78
_22725_,10.78
_24306_,10.78
_24785_,10.78
_25705_,10.78
_25774_,10.78
_26220_,10.78
_26250_,10.78
_26380_,10.78
_26687_,10.78
_28194_,10.78
_29894_,10.78
_30445_,10.78
_32083_,10.78
_32337_,10.78
_32489_,10.78
_34537_,10.78
_34981_,10.78
_35495_,10.78
_37982_,10.78
_38335_,10.78
_39303_,10.78
_40641_,10.78
_41022_,10.78
_41083_,10.78
_42327_,10.78
_42723_,10.78
k\[40\]\[7\],10.78
k\[66\]\[6\],10.78
out\[0\]\[1\],10.78
q\[123\]\[4\],10.78
q\[24\]\[1\],10.78
scaled_scores\[23\]\[12\],10.78
v\[51\]\[2\],10.78
v\[73\]\[5\],10.78
net907,10.78
net1074,10.78
net1123,10.78
net1214,10.78
net1219,10.78
net1240,10.78
net1311,10.78
net1348,10.78
net1385,10.78
net1432,10.78
net1605,10.78
net1634,10.78
net1712,10.78
net2263,10.78
net3179,10.78
net3701,10.78
net3903,10.78
net4213,10.78
net4290,10.78
net4359,10.78
net4613,10.78
net5807,10.78
net5953,10.78
net6193,10.78
net6347,10.78
net6956,10.78
net6966,10.78
net7206,10.78
_25777_,10.775
_30286_,10.775
_39702_,10.77
_00799_,10.765
_01218_,10.765
_07896_,10.76
_10585_,10.76
_10657_,10.76
_15184_,10.76
_17030_,10.76
_17152_,10.76
_19567_,10.76
_19598_,10.76
_20609_,10.76
_20632_,10.76
_21051_,10.76
_21811_,10.76
_22231_,10.76
_23701_,10.76
_24343_,10.76
_24757_,10.76
_25941_,10.76
_26947_,10.76
_27816_,10.76
_28732_,10.76
_29781_,10.76
_30380_,10.76
_30783_,10.76
_31674_,10.76
_32359_,10.76
_37144_,10.76
_39248_,10.76
_39890_,10.76
_41122_,10.76
_41687_,10.76
_42696_,10.76
_42826_,10.76
_43060_,10.76
out\[53\]\[2\],10.76
net1352,10.76
net3264,10.76
net7697,10.76
v\[58\]\[0\],10.755
_41988_,10.75
_01160_,10.745
_01688_,10.745
_02376_,10.745
_06762_,10.745
_07766_,10.74
_08106_,10.74
_08119_,10.74
_10959_,10.74
_11953_,10.74
_12965_,10.74
_13031_,10.74
_13723_,10.74
_14400_,10.74
_15376_,10.74
_15708_,10.74
_19676_,10.74
_20366_,10.74
_20433_,10.74
_20522_,10.74
_20590_,10.74
_20850_,10.74
_21005_,10.74
_21055_,10.74
_22281_,10.74
_22461_,10.74
_22890_,10.74
_22949_,10.74
_24774_,10.74
_25336_,10.74
_25577_,10.74
_27246_,10.74
_27789_,10.74
_28766_,10.74
_28932_,10.74
_28969_,10.74
_30039_,10.74
_30126_,10.74
_30648_,10.74
_30882_,10.74
_31377_,10.74
_31534_,10.74
_32004_,10.74
_37061_,10.74
_37659_,10.74
_37928_,10.74
_39192_,10.74
_39781_,10.74
_40290_,10.74
_40453_,10.74
_40885_,10.74
_41120_,10.74
_42640_,10.74
_44189_,10.74
_44235_,10.74
_44278_,10.74
k\[78\]\[1\],10.74
k\[79\]\[1\],10.74
out\[126\]\[2\],10.74
out\[95\]\[2\],10.74
q\[107\]\[2\],10.74
q\[40\]\[0\],10.74
q\[99\]\[7\],10.74
raw_scores\[35\]\[15\],10.74
scaled_scores\[23\]\[10\],10.74
scaled_scores\[30\]\[12\],10.74
scaled_scores\[30\]\[2\],10.74
v\[64\]\[7\],10.74
v\[97\]\[3\],10.74
weights\[11\]\[7\],10.74
net2473,10.74
net3136,10.74
net3261,10.74
net3868,10.74
net3931,10.74
net4840,10.74
net4991,10.74
net5152,10.74
net5476,10.74
net5508,10.74
net5529,10.74
net5546,10.74
net6290,10.74
net6531,10.74
_20855_,10.735
scaled_scores\[3\]\[13\],10.735
_30577_,10.73
_00040_,10.725
_02983_,10.725
_06489_,10.725
scaled_scores\[43\]\[2\],10.725
scaled_scores\[7\]\[10\],10.725
_07828_,10.72
_08880_,10.72
_08968_,10.72
_09384_,10.72
_10991_,10.72
_14167_,10.72
_14773_,10.72
_15027_,10.72
_15965_,10.72
_17914_,10.72
_18366_,10.72
_18698_,10.72
_19057_,10.72
_19561_,10.72
_19820_,10.72
_22219_,10.72
_24033_,10.72
_25353_,10.72
_25466_,10.72
_26688_,10.72
_26992_,10.72
_27206_,10.72
_30207_,10.72
_31642_,10.72
_33956_,10.72
_37024_,10.72
_37464_,10.72
_39069_,10.72
_41482_,10.72
_41814_,10.72
_42053_,10.72
_42511_,10.72
_43133_,10.72
k\[13\]\[0\],10.72
k\[16\]\[1\],10.72
k\[37\]\[0\],10.72
out\[122\]\[5\],10.72
out\[21\]\[2\],10.72
scaled_scores\[16\]\[10\],10.72
v\[10\]\[0\],10.72
v\[71\]\[3\],10.72
net4510,10.72
net6022,10.72
net6728,10.72
_31197_,10.715
_08357_,10.71
q\[37\]\[1\],10.71
_00532_,10.705
_02156_,10.705
_02244_,10.705
_03106_,10.705
_04327_,10.705
_06059_,10.705
_06844_,10.705
k\[49\]\[2\],10.705
_04326_,10.7
_07945_,10.7
_08985_,10.7
_09112_,10.7
_09127_,10.7
_10975_,10.7
_11058_,10.7
_11199_,10.7
_11310_,10.7
_13295_,10.7
_13918_,10.7
_14269_,10.7
_14685_,10.7
_16040_,10.7
_16351_,10.7
_17227_,10.7
_17869_,10.7
_18728_,10.7
_19272_,10.7
_19839_,10.7
_20145_,10.7
_21231_,10.7
_22056_,10.7
_22143_,10.7
_22678_,10.7
_23236_,10.7
_25992_,10.7
_26012_,10.7
_28559_,10.7
_29084_,10.7
_31450_,10.7
_31717_,10.7
_32515_,10.7
_34309_,10.7
_35231_,10.7
_37020_,10.7
_39793_,10.7
_41682_,10.7
_41710_,10.7
_42057_,10.7
_42399_,10.7
_42573_,10.7
_42938_,10.7
_43749_,10.7
_44041_,10.7
k\[125\]\[5\],10.7
out\[124\]\[6\],10.7
out\[124\]\[7\],10.7
out\[127\]\[7\],10.7
q\[97\]\[2\],10.7
v\[10\]\[5\],10.7
v\[90\]\[7\],10.7
weights\[21\]\[2\],10.7
weights\[34\]\[7\],10.7
weights\[6\]\[6\],10.7
net4802,10.7
_20518_,10.695
_39824_,10.69
_43032_,10.69
_05836_,10.685
_06406_,10.685
_07749_,10.68
_07998_,10.68
_08406_,10.68
_10224_,10.68
_11340_,10.68
_14120_,10.68
_19103_,10.68
_24458_,10.68
_28052_,10.68
_28364_,10.68
_28411_,10.68
_31651_,10.68
_37674_,10.68
_37803_,10.68
_42007_,10.68
_42433_,10.68
_43733_,10.68
k\[60\]\[3\],10.68
out_row_data[92],10.68
q\[82\]\[0\],10.68
scaled_scores\[15\]\[2\],10.68
weights\[20\]\[2\],10.68
net1204,10.68
net3487,10.68
net5097,10.68
net7112,10.68
net7144,10.68
net7162,10.68
_26245_,10.67
_38527_,10.67
_01127_,10.665
_03489_,10.665
_04307_,10.665
v\[76\]\[1\],10.665
_07234_,10.66
_10981_,10.66
_11378_,10.66
_13082_,10.66
_13590_,10.66
_14308_,10.66
_15278_,10.66
_15594_,10.66
_16339_,10.66
_18180_,10.66
_18852_,10.66
_19553_,10.66
_20421_,10.66
_21448_,10.66
_21826_,10.66
_22358_,10.66
_22994_,10.66
_24946_,10.66
_26137_,10.66
_28516_,10.66
_29410_,10.66
_30101_,10.66
_31768_,10.66
_32163_,10.66
_35133_,10.66
_38347_,10.66
_40666_,10.66
_41541_,10.66
_42510_,10.66
_42742_,10.66
_43249_,10.66
out\[87\]\[3\],10.66
q\[121\]\[6\],10.66
scaled_scores\[54\]\[7\],10.66
v\[13\]\[6\],10.66
v\[46\]\[0\],10.66
weights\[55\]\[6\],10.66
net1070,10.66
net1242,10.66
net1402,10.66
net3817,10.66
net4903,10.66
net5353,10.66
net5383,10.66
net5944,10.66
net6898,10.66
_41586_,10.65
net3779,10.65
_00493_,10.645
_03014_,10.645
_06334_,10.645
_36364_,10.645
scaled_scores\[45\]\[9\],10.645
weights\[25\]\[3\],10.645
_01388_,10.64
_10191_,10.64
_10966_,10.64
_11282_,10.64
_13352_,10.64
_16594_,10.64
_19719_,10.64
_20639_,10.64
_20690_,10.64
_20801_,10.64
_21141_,10.64
_21515_,10.64
_22611_,10.64
_23335_,10.64
_24175_,10.64
_25873_,10.64
_28087_,10.64
_28385_,10.64
_29269_,10.64
_29603_,10.64
_30028_,10.64
_30894_,10.64
_31869_,10.64
_31942_,10.64
_34221_,10.64
_39030_,10.64
_40439_,10.64
_40868_,10.64
_41767_,10.64
_42637_,10.64
_44157_,10.64
q\[19\]\[1\],10.64
v\[108\]\[6\],10.64
weights\[22\]\[3\],10.64
net2644,10.64
net2940,10.64
net3396,10.64
net3595,10.64
net3891,10.64
net4809,10.64
net4898,10.64
net5904,10.64
net6140,10.64
net6672,10.64
net7473,10.64
net7647,10.64
net7698,10.64
_01205_,10.625
v\[38\]\[0\],10.625
_07807_,10.62
_07847_,10.62
_08876_,10.62
_10349_,10.62
_11050_,10.62
_11278_,10.62
_13351_,10.62
_14111_,10.62
_14292_,10.62
_21066_,10.62
_21982_,10.62
_22451_,10.62
_22850_,10.62
_23186_,10.62
_23237_,10.62
_23751_,10.62
_25673_,10.62
_27742_,10.62
_27958_,10.62
_28946_,10.62
_30070_,10.62
_30211_,10.62
_30570_,10.62
_31675_,10.62
_34027_,10.62
_34491_,10.62
_37110_,10.62
_37694_,10.62
_39031_,10.62
_40195_,10.62
_40707_,10.62
_41143_,10.62
_43236_,10.62
_43544_,10.62
out\[32\]\[5\],10.62
out\[98\]\[0\],10.62
q\[70\]\[6\],10.62
raw_scores\[11\]\[12\],10.62
raw_scores\[12\]\[8\],10.62
raw_scores\[31\]\[2\],10.62
scaled_scores\[22\]\[14\],10.62
scaled_scores\[41\]\[12\],10.62
v\[47\]\[0\],10.62
v\[77\]\[5\],10.62
v\[91\]\[6\],10.62
v\[93\]\[5\],10.62
weights\[39\]\[4\],10.62
weights\[52\]\[5\],10.62
weights\[59\]\[0\],10.62
net1728,10.62
net1836,10.62
net1963,10.62
net2418,10.62
net2464,10.62
net2559,10.62
net2563,10.62
net2661,10.62
net2858,10.62
net2966,10.62
net3716,10.62
net3927,10.62
net4292,10.62
net5477,10.62
net5918,10.62
net6274,10.62
net7544,10.62
_23235_,10.615
_41634_,10.615
_00838_,10.605
_05451_,10.605
_08014_,10.605
_01362_,10.6
_05465_,10.6
_07948_,10.6
_10327_,10.6
_19301_,10.6
_20017_,10.6
_20188_,10.6
_20532_,10.6
_27195_,10.6
_27291_,10.6
_29128_,10.6
_29161_,10.6
_31276_,10.6
_32076_,10.6
_35083_,10.6
_35400_,10.6
_37495_,10.6
_39282_,10.6
_41079_,10.6
_41087_,10.6
out\[14\]\[2\],10.6
q\[72\]\[0\],10.6
q\[72\]\[1\],10.6
net2033,10.6
net2109,10.6
net2152,10.6
net3200,10.6
net4458,10.6
net4856,10.6
net5373,10.6
net5420,10.6
net5516,10.6
net6544,10.6
net7048,10.6
net7842,10.6
_42532_,10.595
k\[36\]\[1\],10.595
k\[89\]\[0\],10.595
_23078_,10.59
_00369_,10.585
_01929_,10.585
_04266_,10.585
weights\[30\]\[1\],10.585
weights\[45\]\[4\],10.585
_07189_,10.58
_09129_,10.58
_09960_,10.58
_10469_,10.58
_13471_,10.58
_16130_,10.58
_19966_,10.58
_22481_,10.58
_22662_,10.58
_24933_,10.58
_27302_,10.58
_27436_,10.58
_28456_,10.58
_39379_,10.58
_40667_,10.58
_41148_,10.58
k\[32\]\[5\],10.58
out\[75\]\[2\],10.58
q\[113\]\[2\],10.58
q\[20\]\[3\],10.58
q\[35\]\[2\],10.58
raw_scores\[15\]\[15\],10.58
raw_scores\[16\]\[4\],10.58
raw_scores\[42\]\[11\],10.58
raw_scores\[42\]\[6\],10.58
v\[116\]\[0\],10.58
v\[67\]\[0\],10.58
net860,10.58
net1250,10.58
net1513,10.58
net1806,10.58
net1815,10.58
net1891,10.58
net1994,10.58
net2254,10.58
net2811,10.58
net3203,10.58
net3491,10.58
net4530,10.58
net6160,10.58
net6845,10.58
net6912,10.58
net6999,10.58
net7399,10.58
_38976_,10.575
row_data[28],10.57
_01519_,10.565
_02106_,10.565
_02218_,10.565
_04625_,10.565
_05684_,10.565
_05937_,10.565
_07403_,10.56
_09057_,10.56
_09078_,10.56
_09933_,10.56
_10218_,10.56
_11287_,10.56
_11838_,10.56
_14960_,10.56
_15515_,10.56
_16939_,10.56
_18001_,10.56
_18412_,10.56
_19055_,10.56
_19375_,10.56
_24849_,10.56
_26375_,10.56
_30354_,10.56
_30938_,10.56
_31531_,10.56
_33105_,10.56
_35134_,10.56
_35378_,10.56
_39207_,10.56
_39493_,10.56
_40207_,10.56
k\[116\]\[2\],10.56
raw_scores\[1\]\[8\],10.56
scaled_scores\[45\]\[7\],10.56
net861,10.56
net2486,10.56
net2607,10.56
net3137,10.56
net4017,10.56
net5442,10.56
net5796,10.56
net6273,10.56
net6506,10.56
net7095,10.56
_00709_,10.555
_07324_,10.545
q\[92\]\[7\],10.545
scaled_scores\[38\]\[1\],10.545
scaled_scores\[43\]\[11\],10.545
_02662_,10.54
_07908_,10.54
_07941_,10.54
_10775_,10.54
_13510_,10.54
_13597_,10.54
_13949_,10.54
_14229_,10.54
_14319_,10.54
_15032_,10.54
_17413_,10.54
_18011_,10.54
_18942_,10.54
_19868_,10.54
_20597_,10.54
_22366_,10.54
_22459_,10.54
_22685_,10.54
_23107_,10.54
_23196_,10.54
_25640_,10.54
_26406_,10.54
_26574_,10.54
_30860_,10.54
_31904_,10.54
_34489_,10.54
_38771_,10.54
_40375_,10.54
_41210_,10.54
_41773_,10.54
_43697_,10.54
_44250_,10.54
q\[120\]\[3\],10.54
row_data[0],10.54
row_data[117],10.54
row_data[125],10.54
row_data[26],10.54
row_data[87],10.54
row_data[96],10.54
scaled_scores\[22\]\[12\],10.54
v\[68\]\[0\],10.54
v\[99\]\[2\],10.54
weights\[0\]\[1\],10.54
weights\[42\]\[0\],10.54
net1391,10.54
net1751,10.54
net2198,10.54
net2869,10.54
net2967,10.54
net3392,10.54
net3553,10.54
net4392,10.54
net7373,10.54
net2923,10.535
_00752_,10.525
_01988_,10.525
_21399_,10.525
weights\[47\]\[6\],10.525
_03318_,10.52
_08883_,10.52
_11553_,10.52
_13804_,10.52
_21805_,10.52
_23697_,10.52
_24680_,10.52
_29572_,10.52
_30096_,10.52
_33820_,10.52
_35221_,10.52
_35279_,10.52
_39739_,10.52
_41581_,10.52
_43909_,10.52
out\[116\]\[7\],10.52
q\[27\]\[7\],10.52
scaled_scores\[2\]\[3\],10.52
v\[74\]\[7\],10.52
net4197,10.52
net4891,10.52
_23211_,10.515
_32263_,10.515
_00257_,10.505
_00326_,10.505
_00459_,10.505
_01042_,10.505
_01246_,10.505
_02309_,10.505
_05461_,10.505
_05824_,10.505
_06500_,10.505
_06853_,10.505
k\[20\]\[3\],10.505
out\[39\]\[3\],10.505
q\[61\]\[0\],10.505
scaled_scores\[46\]\[9\],10.505
_07842_,10.5
_10878_,10.5
_14162_,10.5
_15133_,10.5
_17321_,10.5
_18664_,10.5
_20115_,10.5
_20901_,10.5
_21108_,10.5
_21717_,10.5
_23268_,10.5
_23705_,10.5
_24318_,10.5
_24755_,10.5
_24792_,10.5
_25847_,10.5
_25878_,10.5
_27144_,10.5
_27770_,10.5
_28303_,10.5
_28595_,10.5
_28684_,10.5
_28851_,10.5
_29428_,10.5
_30162_,10.5
_31171_,10.5
_31264_,10.5
_31416_,10.5
_32870_,10.5
_33475_,10.5
_34049_,10.5
_39212_,10.5
_39497_,10.5
_39736_,10.5
_40295_,10.5
_40351_,10.5
_41258_,10.5
_41375_,10.5
_42059_,10.5
_42257_,10.5
_42536_,10.5
k\[121\]\[7\],10.5
k\[91\]\[1\],10.5
k\[97\]\[7\],10.5
out\[102\]\[6\],10.5
out\[13\]\[2\],10.5
scaled_scores\[59\]\[10\],10.5
v\[93\]\[7\],10.5
weights\[36\]\[2\],10.5
net879,10.5
net1093,10.5
net4538,10.5
net4782,10.5
net5574,10.5
_40570_,10.495
_00571_,10.485
_01868_,10.485
_02263_,10.485
_03210_,10.485
_03520_,10.485
_04895_,10.485
_06385_,10.485
_10443_,10.48
_13498_,10.48
_13896_,10.48
_14314_,10.48
_22295_,10.48
_38917_,10.48
k\[123\]\[1\],10.48
k\[1\]\[3\],10.48
out\[67\]\[4\],10.48
v\[30\]\[7\],10.48
net3952,10.48
net5177,10.48
net6115,10.48
k\[63\]\[3\],10.475
row_data[13],10.47
_00081_,10.465
_00703_,10.465
_02210_,10.465
_02491_,10.465
_02797_,10.465
q\[92\]\[1\],10.465
_00206_,10.46
_10118_,10.46
_19970_,10.46
_26155_,10.46
_27625_,10.46
_29835_,10.46
_31728_,10.46
_37607_,10.46
_39252_,10.46
k\[101\]\[2\],10.46
k\[108\]\[7\],10.46
out\[126\]\[0\],10.46
out\[95\]\[7\],10.46
out\[97\]\[1\],10.46
q\[14\]\[4\],10.46
q\[32\]\[2\],10.46
q\[66\]\[1\],10.46
v\[88\]\[7\],10.46
net1457,10.46
net1488,10.46
net2471,10.46
net4819,10.46
net6651,10.46
net6885,10.46
_40846_,10.45
_02004_,10.445
_04566_,10.445
_06597_,10.445
_23565_,10.445
_00004_,10.44
_07231_,10.44
_07273_,10.44
_09518_,10.44
_09895_,10.44
_10313_,10.44
_11659_,10.44
_12450_,10.44
_12555_,10.44
_15172_,10.44
_15449_,10.44
_16542_,10.44
_16912_,10.44
_18490_,10.44
_18836_,10.44
_19031_,10.44
_21217_,10.44
_22883_,10.44
_23755_,10.44
_23978_,10.44
_25579_,10.44
_25613_,10.44
_28462_,10.44
_28659_,10.44
_30754_,10.44
_32763_,10.44
_34023_,10.44
_35081_,10.44
_37587_,10.44
_39349_,10.44
_43893_,10.44
_43947_,10.44
raw_scores\[53\]\[3\],10.44
net949,10.44
net977,10.44
net1033,10.44
net1062,10.44
net1082,10.44
net1132,10.44
net1170,10.44
net1536,10.44
net1787,10.44
net2161,10.44
net3647,10.44
net5351,10.44
net6310,10.44
net6690,10.44
net7170,10.44
net7216,10.44
net7490,10.44
_37333_,10.435
_26194_,10.43
_40385_,10.43
_03577_,10.425
k\[28\]\[1\],10.425
_08806_,10.42
_09698_,10.42
_11901_,10.42
_12922_,10.42
_13343_,10.42
_14509_,10.42
_15130_,10.42
_15380_,10.42
_16678_,10.42
_18990_,10.42
_19602_,10.42
_21973_,10.42
_23005_,10.42
_24081_,10.42
_24490_,10.42
_25968_,10.42
_30485_,10.42
_30946_,10.42
_31051_,10.42
_31565_,10.42
_31878_,10.42
_31988_,10.42
_32615_,10.42
_39472_,10.42
_40538_,10.42
_41063_,10.42
_41255_,10.42
_42351_,10.42
_42695_,10.42
_43088_,10.42
q\[13\]\[4\],10.42
raw_scores\[1\]\[19\],10.42
scaled_scores\[23\]\[5\],10.42
scaled_scores\[28\]\[4\],10.42
net948,10.42
net997,10.42
net1707,10.42
net2162,10.42
net2325,10.42
net2703,10.42
net3084,10.42
net3199,10.42
net5098,10.42
net5936,10.42
net6123,10.42
net6851,10.42
_05342_,10.415
net334,10.415
_22747_,10.41
_41771_,10.41
_01535_,10.405
_03744_,10.405
_06456_,10.405
_00188_,10.4
_03834_,10.4
_09429_,10.4
_09683_,10.4
_12346_,10.4
_12381_,10.4
_13694_,10.4
_13697_,10.4
_14088_,10.4
_15518_,10.4
_15593_,10.4
_16628_,10.4
_16689_,10.4
_16979_,10.4
_17596_,10.4
_17677_,10.4
_17849_,10.4
_19492_,10.4
_19779_,10.4
_20242_,10.4
_21074_,10.4
_22298_,10.4
_23785_,10.4
_24415_,10.4
_24636_,10.4
_24938_,10.4
_27587_,10.4
_28362_,10.4
_29207_,10.4
_29717_,10.4
_30403_,10.4
_31184_,10.4
_31456_,10.4
_31647_,10.4
_31887_,10.4
_31896_,10.4
_34619_,10.4
_35149_,10.4
_37719_,10.4
_37770_,10.4
_38040_,10.4
_39100_,10.4
_39594_,10.4
_39651_,10.4
_40041_,10.4
_41422_,10.4
_41911_,10.4
_42544_,10.4
k\[70\]\[6\],10.4
out\[82\]\[1\],10.4
raw_scores\[15\]\[5\],10.4
raw_scores\[19\]\[15\],10.4
raw_scores\[57\]\[8\],10.4
raw_scores\[60\]\[15\],10.4
v\[103\]\[0\],10.4
net1183,10.4
net1893,10.4
net2065,10.4
net2306,10.4
net2318,10.4
net2569,10.4
net2623,10.4
net3233,10.4
net3770,10.4
net3907,10.4
net4834,10.4
net4930,10.4
net5142,10.4
net5197,10.4
net5739,10.4
net6339,10.4
net6395,10.4
_25430_,10.395
_42288_,10.395
_02314_,10.385
_02487_,10.385
_03572_,10.385
_03726_,10.385
_03998_,10.385
_04771_,10.385
_05425_,10.385
_10385_,10.38
_17686_,10.38
_20988_,10.38
_22751_,10.38
_23131_,10.38
_25350_,10.38
_25511_,10.38
_25841_,10.38
_26045_,10.38
_26221_,10.38
_27386_,10.38
_29210_,10.38
_32119_,10.38
_32510_,10.38
_34205_,10.38
_35367_,10.38
_36958_,10.38
_39057_,10.38
_40431_,10.38
_41933_,10.38
_42017_,10.38
_43363_,10.38
_43373_,10.38
k\[117\]\[3\],10.38
k\[36\]\[0\],10.38
k\[55\]\[4\],10.38
k\[72\]\[5\],10.38
out\[32\]\[4\],10.38
q\[12\]\[3\],10.38
q\[74\]\[3\],10.38
raw_scores\[0\]\[3\],10.38
raw_scores\[12\]\[13\],10.38
raw_scores\[2\]\[5\],10.38
raw_scores\[53\]\[17\],10.38
scaled_scores\[32\]\[5\],10.38
scaled_scores\[49\]\[6\],10.38
u_score_dp.mac_gen\[3\].u_mac.accum_out\[0\],10.38
v\[100\]\[7\],10.38
v\[11\]\[5\],10.38
weights\[39\]\[2\],10.38
net7158,10.38
_08265_,10.375
q\[59\]\[7\],10.375
_00610_,10.365
_02522_,10.365
_03891_,10.365
_05387_,10.365
_06076_,10.365
_08086_,10.36
_09962_,10.36
_11020_,10.36
_14625_,10.36
_15777_,10.36
_17281_,10.36
_17315_,10.36
_17330_,10.36
_17469_,10.36
_17526_,10.36
_17993_,10.36
_19043_,10.36
_19072_,10.36
_19444_,10.36
_19453_,10.36
_20961_,10.36
_22307_,10.36
_23536_,10.36
_24733_,10.36
_26983_,10.36
_27667_,10.36
_28664_,10.36
_28683_,10.36
_29614_,10.36
_29708_,10.36
_29910_,10.36
_30586_,10.36
_31220_,10.36
_34789_,10.36
_36599_,10.36
_37955_,10.36
_39459_,10.36
_40745_,10.36
_41172_,10.36
_41625_,10.36
_42854_,10.36
k\[108\]\[5\],10.36
out\[59\]\[6\],10.36
q\[29\]\[1\],10.36
q\[68\]\[0\],10.36
q\[77\]\[0\],10.36
v\[37\]\[4\],10.36
v\[79\]\[1\],10.36
net6950,10.36
out\[47\]\[6\],10.355
k\[30\]\[6\],10.345
_04785_,10.34
_13538_,10.34
_15135_,10.34
_15952_,10.34
_16406_,10.34
_16671_,10.34
_17625_,10.34
_18248_,10.34
_18322_,10.34
_18382_,10.34
_18889_,10.34
_19035_,10.34
_20349_,10.34
_22905_,10.34
_23517_,10.34
_24154_,10.34
_25584_,10.34
_29676_,10.34
_31306_,10.34
_31536_,10.34
_33371_,10.34
_34236_,10.34
_34483_,10.34
_35614_,10.34
_36664_,10.34
_37907_,10.34
_38652_,10.34
_42348_,10.34
_43470_,10.34
k\[50\]\[3\],10.34
out\[17\]\[1\],10.34
out\[8\]\[3\],10.34
q\[51\]\[7\],10.34
q\[59\]\[6\],10.34
raw_scores\[10\]\[5\],10.34
scaled_scores\[42\]\[10\],10.34
weights\[15\]\[2\],10.34
net3095,10.34
net4330,10.34
net4627,10.34
net5475,10.34
net5613,10.34
net5682,10.34
net6344,10.34
net7013,10.34
net7844,10.34
_14462_,10.33
_29195_,10.33
_00413_,10.325
_00902_,10.325
_01945_,10.325
_06208_,10.325
_06523_,10.325
_07709_,10.32
_08965_,10.32
_11037_,10.32
_11394_,10.32
_11434_,10.32
_11815_,10.32
_12625_,10.32
_12915_,10.32
_12955_,10.32
_13200_,10.32
_13537_,10.32
_16424_,10.32
_16452_,10.32
_16525_,10.32
_17034_,10.32
_18020_,10.32
_18108_,10.32
_18793_,10.32
_19456_,10.32
_19628_,10.32
_23706_,10.32
_23888_,10.32
_23952_,10.32
_24558_,10.32
_25744_,10.32
_26425_,10.32
_26594_,10.32
_26646_,10.32
_27875_,10.32
_28555_,10.32
_29244_,10.32
_32021_,10.32
_32604_,10.32
_33823_,10.32
_37122_,10.32
_38554_,10.32
_38821_,10.32
_39043_,10.32
_40374_,10.32
_40640_,10.32
_41819_,10.32
_42037_,10.32
_43717_,10.32
_44097_,10.32
k\[39\]\[1\],10.32
k\[3\]\[1\],10.32
out_row_data[108],10.32
out_row_data[111],10.32
out_row_data[119],10.32
out_row_data[12],10.32
out_row_data[13],10.32
out_row_data[15],10.32
out_row_data[19],10.32
out_row_data[2],10.32
out_row_data[41],10.32
out_row_data[51],10.32
out_row_data[85],10.32
out_row_data[97],10.32
q\[46\]\[4\],10.32
raw_scores\[28\]\[17\],10.32
raw_scores\[47\]\[15\],10.32
raw_scores\[52\]\[3\],10.32
raw_scores\[56\]\[16\],10.32
scaled_scores\[49\]\[3\],10.32
net1009,10.32
net1117,10.32
net1559,10.32
net1898,10.32
net2642,10.32
net2728,10.32
net2978,10.32
net3455,10.32
net3641,10.32
net3981,10.32
net3987,10.32
net4033,10.32
net4119,10.32
net4133,10.32
net4628,10.32
net4683,10.32
net4766,10.32
net5148,10.32
net5153,10.32
net5258,10.32
net5658,10.32
net5780,10.32
net5812,10.32
net5877,10.32
net6030,10.32
net6213,10.32
net6894,10.32
net7176,10.32
net7422,10.32
net7603,10.32
net7821,10.32
_02322_,10.315
v\[25\]\[1\],10.315
_39280_,10.31
_00077_,10.305
_01588_,10.305
_01627_,10.305
_02067_,10.305
_03284_,10.305
_03688_,10.305
_04323_,10.305
_04414_,10.305
_05735_,10.305
_05927_,10.305
_06064_,10.305
_06175_,10.305
_06466_,10.305
_06820_,10.305
_25731_,10.305
_29289_,10.305
_09358_,10.3
_13611_,10.3
_20394_,10.3
_21885_,10.3
_22551_,10.3
_22814_,10.3
_22820_,10.3
_22961_,10.3
_24338_,10.3
_24853_,10.3
_26694_,10.3
_26967_,10.3
_29110_,10.3
_30706_,10.3
_30804_,10.3
_31098_,10.3
_31604_,10.3
_31964_,10.3
_34313_,10.3
_34393_,10.3
_35187_,10.3
_37068_,10.3
_39225_,10.3
_40989_,10.3
k\[46\]\[3\],10.3
q\[91\]\[3\],10.3
net966,10.3
net5268,10.3
net5784,10.3
net6072,10.3
_03127_,10.285
_43752_,10.285
_05569_,10.28
_07300_,10.28
_08072_,10.28
_08409_,10.28
_08559_,10.28
_10199_,10.28
_10592_,10.28
_12301_,10.28
_13466_,10.28
_14029_,10.28
_15075_,10.28
_15080_,10.28
_15310_,10.28
_16160_,10.28
_16823_,10.28
_17748_,10.28
_18553_,10.28
_19384_,10.28
_19509_,10.28
_20625_,10.28
_20868_,10.28
_20887_,10.28
_21421_,10.28
_22083_,10.28
_22707_,10.28
_22736_,10.28
_22802_,10.28
_23207_,10.28
_23979_,10.28
_24201_,10.28
_25183_,10.28
_25189_,10.28
_25567_,10.28
_25674_,10.28
_25722_,10.28
_26254_,10.28
_26443_,10.28
_26627_,10.28
_26974_,10.28
_29201_,10.28
_29329_,10.28
_30384_,10.28
_30594_,10.28
_31431_,10.28
_32128_,10.28
_33997_,10.28
_34811_,10.28
_34928_,10.28
_35094_,10.28
_35243_,10.28
_37615_,10.28
_38306_,10.28
_38940_,10.28
_38978_,10.28
_39777_,10.28
_40687_,10.28
_41386_,10.28
_43099_,10.28
_43809_,10.28
_43850_,10.28
_44055_,10.28
_44268_,10.28
k\[107\]\[3\],10.28
k\[126\]\[4\],10.28
k\[2\]\[2\],10.28
k\[86\]\[5\],10.28
out\[124\]\[3\],10.28
out\[1\]\[2\],10.28
out\[31\]\[4\],10.28
out\[52\]\[3\],10.28
q\[100\]\[2\],10.28
q\[17\]\[5\],10.28
q\[22\]\[5\],10.28
q\[40\]\[5\],10.28
q\[41\]\[3\],10.28
q\[43\]\[7\],10.28
raw_scores\[27\]\[12\],10.28
raw_scores\[39\]\[16\],10.28
raw_scores\[62\]\[3\],10.28
scaled_scores\[19\]\[14\],10.28
scaled_scores\[1\]\[17\],10.28
v\[109\]\[0\],10.28
weights\[55\]\[2\],10.28
net981,10.28
net2037,10.28
net2046,10.28
net2176,10.28
net2242,10.28
net2323,10.28
net2381,10.28
net2412,10.28
net2518,10.28
net2587,10.28
net2631,10.28
net2747,10.28
net3001,10.28
net3253,10.28
net3900,10.28
net3986,10.28
net4152,10.28
net4231,10.28
net4250,10.28
net4441,10.28
net4619,10.28
net4873,10.28
net4998,10.28
v\[80\]\[0\],10.27
_04619_,10.265
_06603_,10.265
_08405_,10.26
_10259_,10.26
_13233_,10.26
_13809_,10.26
_15363_,10.26
_16236_,10.26
_17363_,10.26
_18847_,10.26
_19189_,10.26
_20318_,10.26
_20527_,10.26
_21958_,10.26
_22575_,10.26
_24247_,10.26
_24396_,10.26
_24851_,10.26
_24887_,10.26
_27897_,10.26
_29449_,10.26
_31335_,10.26
_32110_,10.26
_32449_,10.26
_32488_,10.26
_33209_,10.26
_34287_,10.26
_38683_,10.26
_39042_,10.26
_40564_,10.26
_40756_,10.26
_41584_,10.26
_43270_,10.26
_43523_,10.26
k\[75\]\[4\],10.26
out\[73\]\[6\],10.26
q\[19\]\[7\],10.26
q\[39\]\[2\],10.26
q\[44\]\[6\],10.26
q\[80\]\[2\],10.26
raw_scores\[40\]\[17\],10.26
raw_scores\[54\]\[14\],10.26
scaled_scores\[58\]\[10\],10.26
v\[53\]\[2\],10.26
weights\[32\]\[3\],10.26
_24295_,10.25
_32938_,10.25
_05831_,10.245
q\[58\]\[4\],10.245
_07725_,10.24
_09048_,10.24
_11624_,10.24
_11639_,10.24
_12626_,10.24
_13504_,10.24
_14020_,10.24
_15482_,10.24
_17160_,10.24
_17726_,10.24
_18004_,10.24
_21352_,10.24
_22045_,10.24
_22270_,10.24
_23699_,10.24
_24843_,10.24
_26669_,10.24
_27754_,10.24
_29069_,10.24
_29173_,10.24
_29534_,10.24
_29971_,10.24
_31875_,10.24
_32146_,10.24
_32879_,10.24
_33595_,10.24
_34213_,10.24
_34744_,10.24
_37899_,10.24
_39556_,10.24
_39613_,10.24
_39889_,10.24
_42526_,10.24
_42632_,10.24
k\[65\]\[2\],10.24
out\[11\]\[4\],10.24
out\[34\]\[4\],10.24
q\[25\]\[2\],10.24
q\[33\]\[4\],10.24
q\[39\]\[5\],10.24
q\[41\]\[1\],10.24
raw_scores\[5\]\[3\],10.24
v\[121\]\[6\],10.24
v\[3\]\[1\],10.24
v\[78\]\[5\],10.24
v\[85\]\[2\],10.24
net2071,10.24
net2840,10.24
net6484,10.24
net6992,10.24
_00367_,10.225
_02639_,10.225
_04457_,10.225
_04664_,10.225
q\[49\]\[3\],10.225
_05494_,10.22
_05787_,10.22
_10228_,10.22
_10538_,10.22
_13423_,10.22
_15113_,10.22
_15670_,10.22
_16254_,10.22
_17966_,10.22
_18578_,10.22
_24487_,10.22
_24788_,10.22
_25952_,10.22
_29998_,10.22
_31612_,10.22
_39918_,10.22
_39963_,10.22
_40006_,10.22
_41192_,10.22
_42252_,10.22
_42475_,10.22
_43768_,10.22
_43894_,10.22
k\[51\]\[6\],10.22
raw_scores\[51\]\[10\],10.22
scaled_scores\[16\]\[0\],10.22
v\[4\]\[1\],10.22
v\[62\]\[3\],10.22
net2394,10.22
net3958,10.22
net4204,10.22
net4465,10.22
net4607,10.22
net6252,10.22
net6413,10.22
net6623,10.22
net6632,10.22
net6757,10.22
net6961,10.22
net7602,10.22
out\[43\]\[6\],10.215
_21212_,10.21
_28448_,10.21
_30077_,10.21
_01649_,10.205
_06527_,10.205
k\[86\]\[0\],10.205
_07310_,10.2
_07358_,10.2
_07836_,10.2
_08400_,10.2
_10993_,10.2
_11302_,10.2
_12105_,10.2
_13379_,10.2
_13643_,10.2
_14234_,10.2
_14831_,10.2
_16003_,10.2
_17279_,10.2
_17302_,10.2
_17722_,10.2
_22108_,10.2
_22619_,10.2
_24554_,10.2
_25051_,10.2
_25295_,10.2
_26728_,10.2
_27533_,10.2
_27952_,10.2
_28417_,10.2
_28532_,10.2
_28833_,10.2
_30369_,10.2
_30940_,10.2
_31283_,10.2
_32944_,10.2
_34011_,10.2
_37065_,10.2
_38890_,10.2
_41170_,10.2
_41951_,10.2
_42124_,10.2
_42612_,10.2
_43859_,10.2
_43944_,10.2
k\[92\]\[2\],10.2
q\[42\]\[5\],10.2
q\[99\]\[5\],10.2
v\[47\]\[7\],10.2
weights\[18\]\[7\],10.2
net1371,10.2
net1480,10.2
net1508,10.2
net2343,10.2
net3082,10.2
net3531,10.2
net3623,10.2
net3855,10.2
net3967,10.2
net4154,10.2
net4415,10.2
net5276,10.2
net5541,10.2
_04477_,10.18
_05553_,10.18
_10437_,10.18
_10765_,10.18
_12697_,10.18
_14217_,10.18
_15325_,10.18
_16265_,10.18
_20164_,10.18
_20461_,10.18
_20647_,10.18
_21392_,10.18
_21446_,10.18
_21775_,10.18
_23060_,10.18
_23638_,10.18
_24956_,10.18
_25508_,10.18
_26062_,10.18
_26741_,10.18
_28901_,10.18
_29052_,10.18
_29785_,10.18
_30690_,10.18
_31399_,10.18
_32101_,10.18
_35105_,10.18
_35383_,10.18
_37634_,10.18
_39045_,10.18
_39667_,10.18
_40901_,10.18
_41007_,10.18
_41084_,10.18
_42293_,10.18
_42726_,10.18
_43018_,10.18
_44112_,10.18
k\[34\]\[5\],10.18
k\[58\]\[7\],10.18
out\[82\]\[7\],10.18
q\[47\]\[6\],10.18
q\[58\]\[5\],10.18
q\[62\]\[0\],10.18
v\[24\]\[4\],10.18
v\[52\]\[1\],10.18
v\[92\]\[1\],10.18
net2057,10.18
net2577,10.18
net2813,10.18
net3599,10.18
net3901,10.18
net4255,10.18
net4466,10.18
net4653,10.18
net5681,10.18
net7336,10.18
_23185_,10.17
_00393_,10.165
_00724_,10.165
_01624_,10.165
_03974_,10.165
q\[52\]\[6\],10.165
q\[52\]\[7\],10.165
v\[124\]\[3\],10.165
weights\[29\]\[7\],10.165
_03141_,10.16
_06460_,10.16
_08138_,10.16
_08654_,10.16
_08822_,10.16
_08835_,10.16
_08846_,10.16
_09558_,10.16
_11063_,10.16
_13653_,10.16
_14049_,10.16
_19380_,10.16
_20236_,10.16
_20592_,10.16
_21347_,10.16
_22156_,10.16
_22186_,10.16
_22842_,10.16
_22843_,10.16
_24311_,10.16
_25524_,10.16
_27252_,10.16
_27950_,10.16
_28396_,10.16
_28594_,10.16
_28918_,10.16
_29004_,10.16
_29010_,10.16
_31011_,10.16
_34019_,10.16
_34052_,10.16
_34104_,10.16
_35639_,10.16
_39124_,10.16
_39664_,10.16
_39718_,10.16
_39884_,10.16
_40729_,10.16
_41469_,10.16
_41542_,10.16
_42002_,10.16
_42773_,10.16
_44225_,10.16
_44254_,10.16
k\[0\]\[3\],10.16
out\[20\]\[6\],10.16
q\[109\]\[6\],10.16
q\[110\]\[3\],10.16
q\[48\]\[0\],10.16
scaled_scores\[19\]\[1\],10.16
scaled_scores\[58\]\[15\],10.16
v\[121\]\[5\],10.16
v\[23\]\[2\],10.16
net1823,10.16
net1899,10.16
net1954,10.16
net3043,10.16
net3050,10.16
net3496,10.16
net3939,10.16
net4079,10.16
net4265,10.16
net4316,10.16
net4828,10.16
net4931,10.16
net4942,10.16
net5294,10.16
net5988,10.16
net7524,10.16
_37563_,10.15
_00997_,10.145
_01571_,10.145
_01595_,10.145
_02003_,10.145
_02238_,10.145
_02798_,10.145
_07054_,10.145
_01266_,10.14
_04401_,10.14
_07931_,10.14
_08825_,10.14
_11321_,10.14
_14099_,10.14
_14667_,10.14
_19524_,10.14
_22900_,10.14
_25714_,10.14
_27157_,10.14
_27491_,10.14
_29630_,10.14
_30682_,10.14
_31026_,10.14
_32336_,10.14
_35225_,10.14
_35322_,10.14
_35386_,10.14
_38546_,10.14
_38959_,10.14
_39177_,10.14
_40172_,10.14
_41232_,10.14
_41748_,10.14
_41869_,10.14
_42576_,10.14
k\[122\]\[2\],10.14
k\[39\]\[0\],10.14
k\[47\]\[1\],10.14
k\[76\]\[7\],10.14
q\[68\]\[3\],10.14
raw_scores\[17\]\[18\],10.14
v\[75\]\[1\],10.14
weights\[47\]\[5\],10.14
net3177,10.14
net3894,10.14
net7185,10.14
_05969_,10.125
k\[56\]\[5\],10.125
v\[108\]\[5\],10.125
weights\[28\]\[4\],10.125
_00221_,10.12
_10898_,10.12
_11346_,10.12
_16759_,10.12
_19423_,10.12
_19536_,10.12
_19610_,10.12
_19661_,10.12
_19709_,10.12
_20395_,10.12
_20617_,10.12
_24461_,10.12
_24768_,10.12
_26229_,10.12
_26510_,10.12
_35046_,10.12
_40050_,10.12
_42322_,10.12
_43437_,10.12
k\[102\]\[2\],10.12
k\[118\]\[0\],10.12
out\[1\]\[4\],10.12
q\[0\]\[1\],10.12
q\[8\]\[2\],10.12
v\[53\]\[5\],10.12
v\[66\]\[4\],10.12
v\[69\]\[1\],10.12
v\[6\]\[7\],10.12
net3698,10.12
net3797,10.12
net3911,10.12
net4367,10.12
net5081,10.12
net5358,10.12
net6032,10.12
net6214,10.12
net7115,10.12
_19703_,10.115
v\[25\]\[4\],10.115
_19597_,10.11
row_data[5],10.11
_00494_,10.105
_05932_,10.105
_06098_,10.105
_02765_,10.1
_06188_,10.1
_08058_,10.1
_08944_,10.1
_10399_,10.1
_11573_,10.1
_13161_,10.1
_16636_,10.1
_17773_,10.1
_17885_,10.1
_18897_,10.1
_30205_,10.1
_31364_,10.1
_32364_,10.1
_39946_,10.1
_41595_,10.1
_43287_,10.1
scaled_scores\[58\]\[5\],10.1
v\[5\]\[2\],10.1
weights\[57\]\[2\],10.1
net1421,10.1
net4345,10.1
net5029,10.1
net6456,10.1
net6541,10.1
net6559,10.1
net6771,10.1
net7241,10.1
net7484,10.1
out\[25\]\[1\],10.095
k\[50\]\[7\],10.09
_01017_,10.08
_07997_,10.08
_10082_,10.08
_10934_,10.08
_13231_,10.08
_13406_,10.08
_13562_,10.08
_18813_,10.08
_19617_,10.08
_19744_,10.08
_21209_,10.08
_22649_,10.08
_25188_,10.08
_28089_,10.08
_28859_,10.08
_28898_,10.08
_29692_,10.08
_29994_,10.08
_31995_,10.08
_36456_,10.08
_39132_,10.08
_39187_,10.08
_39891_,10.08
_40346_,10.08
_40362_,10.08
_41335_,10.08
_41799_,10.08
_42605_,10.08
_42653_,10.08
_42674_,10.08
_43241_,10.08
_43371_,10.08
out\[106\]\[1\],10.08
out\[70\]\[1\],10.08
out\[76\]\[4\],10.08
row_data[101],10.08
row_data[11],10.08
row_data[120],10.08
row_data[12],10.08
row_data[38],10.08
row_data[41],10.08
row_data[65],10.08
row_data[73],10.08
row_data[98],10.08
scaled_scores\[24\]\[7\],10.08
v\[10\]\[1\],10.08
net1273,10.08
net2300,10.08
net2446,10.08
net2694,10.08
net5160,10.08
net6674,10.08
net6739,10.08
net7033,10.08
net7564,10.08
_34320_,10.075
_32462_,10.07
_00950_,10.065
_01516_,10.065
_02229_,10.065
_03102_,10.065
_03637_,10.065
_04753_,10.065
_05801_,10.065
_06703_,10.065
_13285_,10.06
_15846_,10.06
_16274_,10.06
_20295_,10.06
_20797_,10.06
_21238_,10.06
_22547_,10.06
_23323_,10.06
_23870_,10.06
_24650_,10.06
_25199_,10.06
_25810_,10.06
_27579_,10.06
_30805_,10.06
_31658_,10.06
_33647_,10.06
_35315_,10.06
_40273_,10.06
_41046_,10.06
_42608_,10.06
_43056_,10.06
k\[120\]\[6\],10.06
out\[104\]\[3\],10.06
out\[120\]\[0\],10.06
scaled_scores\[15\]\[7\],10.06
scaled_scores\[22\]\[11\],10.06
v\[15\]\[1\],10.06
v\[18\]\[3\],10.06
v\[3\]\[2\],10.06
v\[6\]\[5\],10.06
net2508,10.06
net3317,10.06
net5080,10.06
net6110,10.06
net6419,10.06
net6633,10.06
k\[62\]\[1\],10.055
_01347_,10.045
_01619_,10.045
_01894_,10.045
_02515_,10.045
_02672_,10.045
_02690_,10.045
_02755_,10.045
_04426_,10.045
_05167_,10.045
_05194_,10.045
_06046_,10.045
_06789_,10.045
_06988_,10.045
out\[48\]\[7\],10.045
scaled_scores\[43\]\[12\],10.045
_07617_,10.04
_11188_,10.04
_11944_,10.04
_13391_,10.04
_13432_,10.04
_13549_,10.04
_13781_,10.04
_13810_,10.04
_14101_,10.04
_14800_,10.04
_17033_,10.04
_19571_,10.04
_19620_,10.04
_19910_,10.04
_20531_,10.04
_21391_,10.04
_22067_,10.04
_22069_,10.04
_22157_,10.04
_24266_,10.04
_24286_,10.04
_24495_,10.04
_24602_,10.04
_25471_,10.04
_26771_,10.04
_27784_,10.04
_28372_,10.04
_28606_,10.04
_29148_,10.04
_29321_,10.04
_30195_,10.04
_30269_,10.04
_30653_,10.04
_30673_,10.04
_31405_,10.04
_31673_,10.04
_31829_,10.04
_31950_,10.04
_32327_,10.04
_33011_,10.04
_33415_,10.04
_34208_,10.04
_34533_,10.04
_34870_,10.04
_35251_,10.04
_37216_,10.04
_38935_,10.04
_40187_,10.04
_41443_,10.04
_41689_,10.04
_41891_,10.04
_42056_,10.04
_43085_,10.04
_43507_,10.04
_43638_,10.04
_43732_,10.04
_43744_,10.04
_43762_,10.04
_44061_,10.04
_44180_,10.04
k\[111\]\[0\],10.04
k\[125\]\[2\],10.04
k\[33\]\[5\],10.04
k\[95\]\[3\],10.04
out\[2\]\[7\],10.04
out\[66\]\[4\],10.04
out\[79\]\[2\],10.04
q\[23\]\[7\],10.04
q\[28\]\[7\],10.04
q\[48\]\[5\],10.04
q\[70\]\[2\],10.04
raw_scores\[5\]\[19\],10.04
scaled_scores\[28\]\[14\],10.04
scaled_scores\[32\]\[2\],10.04
scaled_scores\[42\]\[1\],10.04
scaled_scores\[59\]\[5\],10.04
v\[0\]\[6\],10.04
v\[106\]\[4\],10.04
v\[107\]\[3\],10.04
v\[1\]\[3\],10.04
v\[52\]\[6\],10.04
weights\[40\]\[1\],10.04
net1648,10.04
net2756,10.04
net3009,10.04
net3533,10.04
net4126,10.04
_34297_,10.035
_42658_,10.035
_27867_,10.03
_01630_,10.025
_03256_,10.025
_07579_,10.02
_19812_,10.02
_22394_,10.02
_24327_,10.02
_31185_,10.02
_36959_,10.02
_43244_,10.02
k\[7\]\[2\],10.02
scaled_scores\[11\]\[1\],10.02
scaled_scores\[49\]\[7\],10.02
v\[125\]\[0\],10.02
weights\[33\]\[2\],10.02
weights\[56\]\[4\],10.02
_01662_,10.015
_04104_,10.015
_06718_,10.015
_29122_,10.015
_24920_,10.01
_00931_,10.005
_02526_,10.005
_40394_,10.005
out\[34\]\[1\],10.005
out\[36\]\[4\],10.005
_07129_,10
_07440_,10
_08520_,10
_14050_,10
_20282_,10
_22296_,10
_23673_,10
_25376_,10
_25443_,10
_26226_,10
_27334_,10
_28992_,10
_30913_,10
_31462_,10
_33405_,10
_35467_,10
_39308_,10
_40537_,10
k\[63\]\[0\],10
k\[85\]\[1\],10
k\[96\]\[2\],10
out\[10\]\[5\],10
out\[14\]\[0\],10
out\[29\]\[4\],10
q\[0\]\[0\],10
q\[26\]\[2\],10
q\[43\]\[0\],10
scaled_scores\[42\]\[6\],10
v\[45\]\[1\],10
net2143,10
net2296,10
net5141,10
net7232,10
net7566,10
_38697_,9.99
_06451_,9.985
_00862_,9.98
_07351_,9.98
_10370_,9.98
_11577_,9.98
_11983_,9.98
_12567_,9.98
_15271_,9.98
_16050_,9.98
_16697_,9.98
_17083_,9.98
_17252_,9.98
_18379_,9.98
_18611_,9.98
_18972_,9.98
_21534_,9.98
_22475_,9.98
_26765_,9.98
_27483_,9.98
_30215_,9.98
_30449_,9.98
_31890_,9.98
_32098_,9.98
_33966_,9.98
_34190_,9.98
_39171_,9.98
_41459_,9.98
_41957_,9.98
_42382_,9.98
out\[53\]\[1\],9.98
weights\[55\]\[3\],9.98
net1079,9.98
net1372,9.98
net1577,9.98
net1591,9.98
net2003,9.98
net2605,9.98
net2841,9.98
net3183,9.98
net3254,9.98
net4352,9.98
net4501,9.98
net4616,9.98
net4752,9.98
net5187,9.98
net6360,9.98
net6450,9.98
net6682,9.98
net7550,9.98
net7791,9.98
_00523_,9.965
_00710_,9.965
_01143_,9.965
_01572_,9.965
_04770_,9.965
_06302_,9.965
_06865_,9.965
out\[46\]\[0\],9.965
_05679_,9.96
_07942_,9.96
_07968_,9.96
_08732_,9.96
_08979_,9.96
_10204_,9.96
_10299_,9.96
_10965_,9.96
_11065_,9.96
_12050_,9.96
_14442_,9.96
_16897_,9.96
_17182_,9.96
_18671_,9.96
_19359_,9.96
_19583_,9.96
_19938_,9.96
_20514_,9.96
_21035_,9.96
_21377_,9.96
_23137_,9.96
_23284_,9.96
_23443_,9.96
_25289_,9.96
_26747_,9.96
_26837_,9.96
_26942_,9.96
_27624_,9.96
_28017_,9.96
_28967_,9.96
_29371_,9.96
_29417_,9.96
_29688_,9.96
_32189_,9.96
_32384_,9.96
_32984_,9.96
_34005_,9.96
_34569_,9.96
_35372_,9.96
_36377_,9.96
_40435_,9.96
_41674_,9.96
_41697_,9.96
_41728_,9.96
_41938_,9.96
k\[109\]\[7\],9.96
k\[12\]\[6\],9.96
k\[6\]\[4\],9.96
out\[110\]\[4\],9.96
q\[103\]\[4\],9.96
v\[29\]\[1\],9.96
weights\[5\]\[7\],9.96
net2085,9.96
net2507,9.96
net2710,9.96
net2725,9.96
net3168,9.96
net3657,9.96
net4579,9.96
net4735,9.96
net5188,9.96
net7239,9.96
_01384_,9.945
_01536_,9.945
_07206_,9.94
_07862_,9.94
_07977_,9.94
_08455_,9.94
_08616_,9.94
_08829_,9.94
_10336_,9.94
_10377_,9.94
_12355_,9.94
_12966_,9.94
_13320_,9.94
_13816_,9.94
_13920_,9.94
_14008_,9.94
_14956_,9.94
_17014_,9.94
_17028_,9.94
_17234_,9.94
_18074_,9.94
_19629_,9.94
_20414_,9.94
_20584_,9.94
_20808_,9.94
_22520_,9.94
_23194_,9.94
_23229_,9.94
_23471_,9.94
_24794_,9.94
_24856_,9.94
_25234_,9.94
_25836_,9.94
_26006_,9.94
_26419_,9.94
_26516_,9.94
_26579_,9.94
_27677_,9.94
_28288_,9.94
_29419_,9.94
_31344_,9.94
_31803_,9.94
_32461_,9.94
_32494_,9.94
_34021_,9.94
_34950_,9.94
_35119_,9.94
_35190_,9.94
_35302_,9.94
_35475_,9.94
_35595_,9.94
_36080_,9.94
_37383_,9.94
_39289_,9.94
_39566_,9.94
_39815_,9.94
_39950_,9.94
_40095_,9.94
_40173_,9.94
_40488_,9.94
_40689_,9.94
_40736_,9.94
_41785_,9.94
_42326_,9.94
_42359_,9.94
_43502_,9.94
_43625_,9.94
_44205_,9.94
k\[0\]\[7\],9.94
k\[99\]\[3\],9.94
out\[122\]\[6\],9.94
q\[32\]\[3\],9.94
raw_scores\[33\]\[18\],9.94
v\[125\]\[7\],9.94
weights\[55\]\[4\],9.94
net873,9.94
net1056,9.94
net2399,9.94
net2403,9.94
net2888,9.94
net2983,9.94
net3074,9.94
net3324,9.94
net4228,9.94
net6303,9.94
net6547,9.94
net6788,9.94
net6841,9.94
net7425,9.94
net7803,9.94
_35517_,9.93
_36704_,9.93
_01723_,9.925
_06404_,9.925
_03827_,9.92
_07256_,9.92
_07419_,9.92
_07891_,9.92
_08102_,9.92
_14114_,9.92
_19525_,9.92
_20815_,9.92
_20928_,9.92
_22002_,9.92
_22857_,9.92
_23132_,9.92
_25818_,9.92
_26420_,9.92
_31825_,9.92
_34281_,9.92
_35147_,9.92
_37956_,9.92
_40828_,9.92
_40970_,9.92
_41895_,9.92
_42698_,9.92
_43400_,9.92
_43597_,9.92
k\[107\]\[0\],9.92
k\[55\]\[6\],9.92
q\[34\]\[1\],9.92
q\[69\]\[5\],9.92
q\[79\]\[6\],9.92
raw_scores\[49\]\[17\],9.92
scaled_scores\[33\]\[8\],9.92
scaled_scores\[52\]\[3\],9.92
v\[60\]\[2\],9.92
v\[85\]\[5\],9.92
weights\[38\]\[0\],9.92
weights\[61\]\[4\],9.92
weights\[44\]\[1\],9.915
_13819_,9.91
_43486_,9.91
_00461_,9.905
_01144_,9.905
_01155_,9.905
_01560_,9.905
_02283_,9.905
_02433_,9.905
_02557_,9.905
_03290_,9.905
_04986_,9.905
_05576_,9.905
_06217_,9.905
_06514_,9.905
_06870_,9.905
_07102_,9.9
_07262_,9.9
_11081_,9.9
_11356_,9.9
_11874_,9.9
_15260_,9.9
_15357_,9.9
_18116_,9.9
_18246_,9.9
_18884_,9.9
_19083_,9.9
_19693_,9.9
_22967_,9.9
_24359_,9.9
_24658_,9.9
_26612_,9.9
_27787_,9.9
_28624_,9.9
_28759_,9.9
_29168_,9.9
_29278_,9.9
_29593_,9.9
_30121_,9.9
_30694_,9.9
_30780_,9.9
_30781_,9.9
_34680_,9.9
_34877_,9.9
_37755_,9.9
_37938_,9.9
_41378_,9.9
_42177_,9.9
_42722_,9.9
_42792_,9.9
_43012_,9.9
_43516_,9.9
out\[63\]\[3\],9.9
q\[94\]\[7\],9.9
raw_scores\[21\]\[9\],9.9
raw_scores\[25\]\[19\],9.9
raw_scores\[54\]\[15\],9.9
scaled_scores\[33\]\[4\],9.9
weights\[49\]\[1\],9.9
net1331,9.9
_20707_,9.89
_31841_,9.89
_41270_,9.885
v\[102\]\[6\],9.885
_03463_,9.88
_08843_,9.88
_08943_,9.88
_10214_,9.88
_10416_,9.88
_10980_,9.88
_11281_,9.88
_11298_,9.88
_11307_,9.88
_11579_,9.88
_11595_,9.88
_12509_,9.88
_13112_,9.88
_14255_,9.88
_15502_,9.88
_16350_,9.88
_18534_,9.88
_18997_,9.88
_20361_,9.88
_20521_,9.88
_23530_,9.88
_24976_,9.88
_26830_,9.88
_26995_,9.88
_27977_,9.88
_29220_,9.88
_32368_,9.88
_35630_,9.88
_38007_,9.88
_39334_,9.88
_39972_,9.88
out_row_data[25],9.88
raw_scores\[11\]\[6\],9.88
raw_scores\[15\]\[9\],9.88
scaled_scores\[24\]\[0\],9.88
v\[105\]\[3\],9.88
net1037,9.88
net2580,9.88
net3031,9.88
net3186,9.88
net3499,9.88
net4795,9.88
net5202,9.88
net5637,9.88
_32439_,9.875
q\[83\]\[3\],9.875
_24633_,9.87
_42457_,9.87
_00564_,9.865
_00848_,9.865
_01398_,9.865
_02219_,9.865
_05030_,9.865
_06502_,9.865
_06638_,9.865
_06950_,9.865
_00183_,9.86
_08872_,9.86
_08956_,9.86
_08966_,9.86
_08969_,9.86
_09238_,9.86
_09685_,9.86
_10477_,9.86
_11684_,9.86
_11714_,9.86
_12369_,9.86
_12446_,9.86
_12617_,9.86
_12879_,9.86
_14467_,9.86
_14833_,9.86
_15642_,9.86
_16094_,9.86
_16751_,9.86
_17388_,9.86
_17632_,9.86
_17860_,9.86
_18003_,9.86
_18585_,9.86
_18993_,9.86
_19702_,9.86
_19975_,9.86
_23803_,9.86
_24186_,9.86
_24682_,9.86
_25442_,9.86
_26597_,9.86
_26785_,9.86
_27025_,9.86
_28460_,9.86
_29512_,9.86
_30379_,9.86
_30631_,9.86
_32342_,9.86
_32428_,9.86
_33674_,9.86
_35603_,9.86
_36452_,9.86
_37344_,9.86
_37493_,9.86
_37716_,9.86
_37732_,9.86
_39917_,9.86
_40501_,9.86
_40949_,9.86
_41711_,9.86
_42626_,9.86
_43001_,9.86
_43542_,9.86
_43862_,9.86
out\[62\]\[0\],9.86
out\[66\]\[3\],9.86
out_row_data[23],9.86
q\[124\]\[3\],9.86
q\[68\]\[7\],9.86
raw_scores\[25\]\[14\],9.86
v\[27\]\[6\],9.86
v\[88\]\[6\],9.86
net1012,9.86
net1800,9.86
net2490,9.86
net2506,9.86
net2520,9.86
net2693,9.86
net2761,9.86
net2908,9.86
net2939,9.86
net3000,9.86
net3077,9.86
net3288,9.86
net3375,9.86
net3510,9.86
net3574,9.86
net3982,9.86
net4335,9.86
net4513,9.86
net4907,9.86
net4938,9.86
net5219,9.86
net5304,9.86
net5484,9.86
net5759,9.86
net6050,9.86
net6069,9.86
net6804,9.86
net7491,9.86
net7570,9.86
net7653,9.86
net7689,9.86
_08083_,9.855
_01847_,9.845
_02308_,9.845
_02875_,9.845
weights\[45\]\[7\],9.845
_01142_,9.84
_07411_,9.84
_07618_,9.84
_07679_,9.84
_14046_,9.84
_18160_,9.84
_19667_,9.84
_19935_,9.84
_21086_,9.84
_21568_,9.84
_22704_,9.84
_24001_,9.84
_24054_,9.84
_24394_,9.84
_25345_,9.84
_25833_,9.84
_28260_,9.84
_29699_,9.84
_29704_,9.84
_30606_,9.84
_31688_,9.84
_31832_,9.84
_32157_,9.84
_32317_,9.84
_35006_,9.84
_37012_,9.84
_37409_,9.84
_39065_,9.84
_39196_,9.84
_39947_,9.84
_41597_,9.84
_41904_,9.84
_43688_,9.84
_43847_,9.84
_44212_,9.84
k\[108\]\[6\],9.84
out\[30\]\[2\],9.84
raw_scores\[46\]\[3\],9.84
v\[101\]\[6\],9.84
net1975,9.84
_14158_,9.835
_04866_,9.825
_05790_,9.825
_07238_,9.825
out\[38\]\[4\],9.825
out\[43\]\[7\],9.825
_07308_,9.82
_07713_,9.82
_08702_,9.82
_08856_,9.82
_08881_,9.82
_09379_,9.82
_10266_,9.82
_10652_,9.82
_10968_,9.82
_11415_,9.82
_11749_,9.82
_11777_,9.82
_11813_,9.82
_12338_,9.82
_12745_,9.82
_12869_,9.82
_13522_,9.82
_14246_,9.82
_14304_,9.82
_14441_,9.82
_14490_,9.82
_14569_,9.82
_15036_,9.82
_15179_,9.82
_15185_,9.82
_15463_,9.82
_16181_,9.82
_16571_,9.82
_16698_,9.82
_17217_,9.82
_17519_,9.82
_17530_,9.82
_17997_,9.82
_18575_,9.82
_18745_,9.82
_19696_,9.82
_19904_,9.82
_20654_,9.82
_20849_,9.82
_20908_,9.82
_21346_,9.82
_22184_,9.82
_22489_,9.82
_22632_,9.82
_22859_,9.82
_23832_,9.82
_23841_,9.82
_24670_,9.82
_24697_,9.82
_25076_,9.82
_25358_,9.82
_25370_,9.82
_25402_,9.82
_25646_,9.82
_26395_,9.82
_26675_,9.82
_26817_,9.82
_27211_,9.82
_28403_,9.82
_31977_,9.82
_32760_,9.82
_33076_,9.82
_34235_,9.82
_37400_,9.82
_37971_,9.82
_38840_,9.82
_38892_,9.82
_38943_,9.82
_39213_,9.82
_39389_,9.82
_39992_,9.82
_40090_,9.82
_40291_,9.82
_40486_,9.82
_41102_,9.82
_41126_,9.82
_41603_,9.82
_41795_,9.82
_42004_,9.82
_42376_,9.82
_42721_,9.82
_43406_,9.82
_43751_,9.82
k\[28\]\[4\],9.82
k\[31\]\[3\],9.82
k\[36\]\[6\],9.82
out\[54\]\[1\],9.82
out\[58\]\[2\],9.82
q\[109\]\[5\],9.82
q\[111\]\[7\],9.82
q\[17\]\[7\],9.82
q\[47\]\[7\],9.82
q\[74\]\[1\],9.82
raw_scores\[22\]\[17\],9.82
raw_scores\[41\]\[7\],9.82
raw_scores\[61\]\[15\],9.82
scaled_scores\[18\]\[13\],9.82
scaled_scores\[19\]\[15\],9.82
scaled_scores\[33\]\[1\],9.82
scaled_scores\[37\]\[1\],9.82
v\[25\]\[7\],9.82
v\[37\]\[1\],9.82
v\[39\]\[6\],9.82
v\[43\]\[2\],9.82
v\[63\]\[7\],9.82
v\[66\]\[6\],9.82
weights\[17\]\[6\],9.82
net1029,9.82
net2002,9.82
net2120,9.82
net2240,9.82
net2504,9.82
net2790,9.82
net2893,9.82
net2917,9.82
net2927,9.82
net3242,9.82
net3358,9.82
net3425,9.82
net3457,9.82
net3462,9.82
net3728,9.82
net4120,9.82
net4189,9.82
net4350,9.82
net4425,9.82
net5059,9.82
net5126,9.82
net5222,9.82
net5314,9.82
net5799,9.82
net5804,9.82
net6371,9.82
net6793,9.82
net6958,9.82
net7292,9.82
net7545,9.82
_02771_,9.805
_04480_,9.805
_39878_,9.805
out\[34\]\[6\],9.805
q\[89\]\[1\],9.805
v\[8\]\[7\],9.805
_07623_,9.8
_10183_,9.8
_10296_,9.8
_13791_,9.8
_15524_,9.8
_17067_,9.8
_20432_,9.8
_20744_,9.8
_21566_,9.8
_25651_,9.8
_25918_,9.8
_26673_,9.8
_28185_,9.8
_28697_,9.8
_32316_,9.8
_33386_,9.8
_34302_,9.8
_34422_,9.8
_34626_,9.8
_42089_,9.8
_42918_,9.8
_43920_,9.8
k\[103\]\[6\],9.8
k\[5\]\[0\],9.8
out\[76\]\[5\],9.8
out\[85\]\[5\],9.8
out\[92\]\[5\],9.8
q\[35\]\[0\],9.8
v\[79\]\[7\],9.8
weights\[63\]\[7\],9.8
_25895_,9.795
_38841_,9.795
_26986_,9.79
_00263_,9.785
_01075_,9.785
_01906_,9.785
_02416_,9.785
_03590_,9.785
_03714_,9.785
_05224_,9.785
_05955_,9.785
_06756_,9.785
_02281_,9.78
_08211_,9.78
_08970_,9.78
_10954_,9.78
_11724_,9.78
_12806_,9.78
_13022_,9.78
_13047_,9.78
_13654_,9.78
_14628_,9.78
_15293_,9.78
_16129_,9.78
_16538_,9.78
_17029_,9.78
_17377_,9.78
_18071_,9.78
_18724_,9.78
_20724_,9.78
_22005_,9.78
_22048_,9.78
_22387_,9.78
_22413_,9.78
_22706_,9.78
_23076_,9.78
_26753_,9.78
_28610_,9.78
_30341_,9.78
_31681_,9.78
_32865_,9.78
_32945_,9.78
_33121_,9.78
_33531_,9.78
_33605_,9.78
_35233_,9.78
_38090_,9.78
_39842_,9.78
_40189_,9.78
_40757_,9.78
_40823_,9.78
_41504_,9.78
_41707_,9.78
_42660_,9.78
_42877_,9.78
_43609_,9.78
k\[83\]\[0\],9.78
k\[8\]\[2\],9.78
k\[9\]\[2\],9.78
out\[107\]\[6\],9.78
out\[99\]\[4\],9.78
q\[28\]\[5\],9.78
q\[31\]\[3\],9.78
raw_scores\[13\]\[19\],9.78
raw_scores\[6\]\[2\],9.78
scaled_scores\[2\]\[16\],9.78
scaled_scores\[58\]\[4\],9.78
v\[120\]\[7\],9.78
v\[127\]\[0\],9.78
v\[89\]\[2\],9.78
net836,9.78
net7669,9.78
_41924_,9.77
_00817_,9.765
_01901_,9.765
_02011_,9.765
_05142_,9.76
_06018_,9.76
_08610_,9.76
_15426_,9.76
_17763_,9.76
_18587_,9.76
_20545_,9.76
_20926_,9.76
_23572_,9.76
_24441_,9.76
_25373_,9.76
_25753_,9.76
_28047_,9.76
_31919_,9.76
_32478_,9.76
_34371_,9.76
_38263_,9.76
_43750_,9.76
_44105_,9.76
_44144_,9.76
k\[83\]\[2\],9.76
k\[95\]\[0\],9.76
out_row_data[20],9.76
q\[95\]\[0\],9.76
scaled_scores\[46\]\[17\],9.76
v\[6\]\[0\],9.76
net2258,9.76
net3948,9.76
net3985,9.76
net4181,9.76
net4485,9.76
net4587,9.76
net5074,9.76
net5350,9.76
net5398,9.76
net5445,9.76
net5897,9.76
net6021,9.76
net7173,9.76
net7487,9.76
_39929_,9.755
_08830_,9.75
_43495_,9.75
_01236_,9.745
_01650_,9.745
_02076_,9.745
_07047_,9.745
_36476_,9.745
out\[37\]\[3\],9.745
q\[55\]\[6\],9.745
_07691_,9.74
_10232_,9.74
_11331_,9.74
_11334_,9.74
_14370_,9.74
_15174_,9.74
_16320_,9.74
_17372_,9.74
_18302_,9.74
_19320_,9.74
_21116_,9.74
_21463_,9.74
_21900_,9.74
_21907_,9.74
_22902_,9.74
_23094_,9.74
_23183_,9.74
_23823_,9.74
_24188_,9.74
_24695_,9.74
_25868_,9.74
_26616_,9.74
_26788_,9.74
_30153_,9.74
_31131_,9.74
_31505_,9.74
_31608_,9.74
_32323_,9.74
_33213_,9.74
_35297_,9.74
_35364_,9.74
_35388_,9.74
_39392_,9.74
_39454_,9.74
_39553_,9.74
_41641_,9.74
_42452_,9.74
row_data[103],9.74
row_data[122],9.74
row_data[48],9.74
v\[119\]\[5\],9.74
weights\[13\]\[6\],9.74
net920,9.74
net974,9.74
net1118,9.74
net1251,9.74
net2578,9.74
net3269,9.74
net3514,9.74
net4098,9.74
net4107,9.74
net4118,9.74
net4121,9.74
net4556,9.74
net5410,9.74
net7716,9.74
_01014_,9.725
_32834_,9.725
_01217_,9.72
_13067_,9.72
_13692_,9.72
_13903_,9.72
_14459_,9.72
_15361_,9.72
_17077_,9.72
_17725_,9.72
_19697_,9.72
_20036_,9.72
_20192_,9.72
_20339_,9.72
_23140_,9.72
_23257_,9.72
_24080_,9.72
_24244_,9.72
_25300_,9.72
_26027_,9.72
_26077_,9.72
_26989_,9.72
_27538_,9.72
_27610_,9.72
_29935_,9.72
_30734_,9.72
_30796_,9.72
_30995_,9.72
_31506_,9.72
_32125_,9.72
_34209_,9.72
_36248_,9.72
_41355_,9.72
_41783_,9.72
_43229_,9.72
_44245_,9.72
k\[105\]\[5\],9.72
k\[49\]\[5\],9.72
q\[18\]\[5\],9.72
q\[3\]\[0\],9.72
q\[54\]\[5\],9.72
v\[78\]\[6\],9.72
net1346,9.72
net2189,9.72
net2685,9.72
net2773,9.72
net2919,9.72
net3267,9.72
net4052,9.72
net4172,9.72
net4332,9.72
net5149,9.72
net5600,9.72
net5671,9.72
net5748,9.72
net6179,9.72
net6752,9.72
net6854,9.72
net6915,9.72
net6954,9.72
net7286,9.72
net7327,9.72
_03042_,9.715
_35043_,9.715
k\[114\]\[0\],9.715
_27874_,9.71
_31548_,9.71
k\[54\]\[4\],9.71
_00456_,9.705
out\[35\]\[0\],9.705
scaled_scores\[45\]\[5\],9.705
_03508_,9.7
_04141_,9.7
_07088_,9.7
_07216_,9.7
_07653_,9.7
_07732_,9.7
_07779_,9.7
_07953_,9.7
_10900_,9.7
_11361_,9.7
_11585_,9.7
_13246_,9.7
_13943_,9.7
_14349_,9.7
_16216_,9.7
_17276_,9.7
_20199_,9.7
_20320_,9.7
_21433_,9.7
_21945_,9.7
_22049_,9.7
_22529_,9.7
_23585_,9.7
_25743_,9.7
_25995_,9.7
_26730_,9.7
_28310_,9.7
_28994_,9.7
_29134_,9.7
_29612_,9.7
_29701_,9.7
_29744_,9.7
_30204_,9.7
_30241_,9.7
_30261_,9.7
_32000_,9.7
_32129_,9.7
_33987_,9.7
_34813_,9.7
_34941_,9.7
_38951_,9.7
_39335_,9.7
_39997_,9.7
_40175_,9.7
_40432_,9.7
_40966_,9.7
_41144_,9.7
_41781_,9.7
_42138_,9.7
_43025_,9.7
_43407_,9.7
_43873_,9.7
_44040_,9.7
_44044_,9.7
k\[110\]\[4\],9.7
k\[124\]\[2\],9.7
k\[78\]\[0\],9.7
k\[99\]\[7\],9.7
out\[107\]\[3\],9.7
out\[30\]\[5\],9.7
out\[74\]\[6\],9.7
out\[83\]\[6\],9.7
q\[77\]\[1\],9.7
scaled_scores\[48\]\[17\],9.7
v\[116\]\[2\],9.7
v\[13\]\[1\],9.7
v\[36\]\[4\],9.7
v\[43\]\[4\],9.7
v\[99\]\[0\],9.7
v\[99\]\[6\],9.7
v\[9\]\[6\],9.7
weights\[0\]\[4\],9.7
weights\[50\]\[4\],9.7
weights\[9\]\[6\],9.7
net1868,9.7
net2082,9.7
net3359,9.7
net5301,9.7
net5537,9.7
net7008,9.7
_41254_,9.695
_00922_,9.685
_01429_,9.685
_01537_,9.685
_01568_,9.685
_01886_,9.685
_04646_,9.685
_04790_,9.685
_00512_,9.68
_03819_,9.68
_05861_,9.68
_21260_,9.68
_21946_,9.68
_22084_,9.68
_22226_,9.68
_23245_,9.68
_25536_,9.68
_25874_,9.68
_26122_,9.68
_33730_,9.68
_34050_,9.68
_39707_,9.68
_41096_,9.68
_44251_,9.68
out\[123\]\[0\],9.68
q\[13\]\[2\],9.68
q\[97\]\[5\],9.68
scaled_scores\[24\]\[1\],9.68
net3477,9.68
net5478,9.68
net7397,9.68
_27276_,9.67
_27868_,9.67
_35394_,9.67
_01242_,9.665
_07258_,9.66
_11855_,9.66
_15794_,9.66
_17310_,9.66
_21325_,9.66
_23093_,9.66
_23800_,9.66
_23965_,9.66
_26571_,9.66
_27103_,9.66
_27134_,9.66
_29456_,9.66
_35520_,9.66
_40890_,9.66
k\[0\]\[2\],9.66
k\[0\]\[6\],9.66
k\[48\]\[6\],9.66
out\[12\]\[5\],9.66
out\[22\]\[7\],9.66
q\[72\]\[7\],9.66
v\[116\]\[5\],9.66
net1966,9.66
net2875,9.66
net2954,9.66
net3286,9.66
net3310,9.66
net3717,9.66
net3819,9.66
net4101,9.66
net4328,9.66
net4779,9.66
net4878,9.66
net5013,9.66
net5044,9.66
net5486,9.66
net5499,9.66
net5612,9.66
net5675,9.66
net6024,9.66
net6071,9.66
net6083,9.66
net6783,9.66
net7126,9.66
net7290,9.66
net7607,9.66
_00301_,9.645
_00949_,9.645
_05406_,9.645
_02939_,9.64
_08960_,9.64
_09303_,9.64
_11433_,9.64
_12027_,9.64
_15895_,9.64
_17679_,9.64
_17762_,9.64
_18134_,9.64
_18357_,9.64
_18503_,9.64
_18619_,9.64
_19027_,9.64
_21692_,9.64
_22503_,9.64
_27282_,9.64
_31273_,9.64
_33278_,9.64
_34679_,9.64
_35469_,9.64
_35957_,9.64
_38463_,9.64
_39168_,9.64
_39985_,9.64
_40468_,9.64
_41857_,9.64
_42673_,9.64
out\[2\]\[2\],9.64
net1130,9.64
net1675,9.64
net2219,9.64
net2329,9.64
net2448,9.64
net3030,9.64
net3781,9.64
net4036,9.64
net4090,9.64
net5316,9.64
net5332,9.64
net5589,9.64
net5852,9.64
net6090,9.64
net6749,9.64
net7080,9.64
net7497,9.64
_32466_,9.625
out\[45\]\[2\],9.625
q\[50\]\[0\],9.625
q\[57\]\[1\],9.625
_11250_,9.62
_13252_,9.62
_13568_,9.62
_19312_,9.62
_19718_,9.62
_20146_,9.62
_20837_,9.62
_20870_,9.62
_21331_,9.62
_21475_,9.62
_21795_,9.62
_23836_,9.62
_25766_,9.62
_25797_,9.62
_26212_,9.62
_26275_,9.62
_28009_,9.62
_28477_,9.62
_28895_,9.62
_29941_,9.62
_29981_,9.62
_30250_,9.62
_30755_,9.62
_31579_,9.62
_31596_,9.62
_31870_,9.62
_31903_,9.62
_32244_,9.62
_33768_,9.62
_38121_,9.62
_38753_,9.62
_39437_,9.62
_39546_,9.62
_39561_,9.62
_40152_,9.62
_41000_,9.62
_41388_,9.62
_41751_,9.62
_41854_,9.62
_42676_,9.62
_42871_,9.62
_43284_,9.62
_43541_,9.62
_43869_,9.62
k\[103\]\[7\],9.62
k\[13\]\[3\],9.62
q\[46\]\[7\],9.62
raw_scores\[13\]\[4\],9.62
scaled_scores\[52\]\[4\],9.62
v\[100\]\[2\],9.62
v\[98\]\[1\],9.62
weights\[54\]\[4\],9.62
weights\[8\]\[5\],9.62
net1410,9.62
net2833,9.62
net3684,9.62
net3727,9.62
net4057,9.62
net4626,9.62
net5092,9.62
net5605,9.62
net5834,9.62
net6082,9.62
net7205,9.62
net7577,9.62
_24714_,9.615
_25509_,9.615
_00921_,9.605
_02975_,9.605
_03041_,9.605
_05353_,9.605
_00055_,9.6
_07104_,9.6
_07917_,9.6
_14354_,9.6
_20775_,9.6
_21285_,9.6
_21520_,9.6
_23671_,9.6
_24230_,9.6
_24799_,9.6
_27655_,9.6
_29601_,9.6
_30228_,9.6
_31442_,9.6
_38738_,9.6
_39094_,9.6
_39514_,9.6
_40919_,9.6
_43256_,9.6
k\[112\]\[6\],9.6
k\[7\]\[0\],9.6
out\[75\]\[6\],9.6
out\[99\]\[0\],9.6
q\[45\]\[6\],9.6
v\[56\]\[4\],9.6
net2936,9.6
net3748,9.6
net5163,9.6
net6132,9.6
net7328,9.6
net7660,9.6
q\[95\]\[2\],9.595
_22046_,9.59
_01150_,9.585
_01333_,9.585
k\[61\]\[7\],9.585
q\[94\]\[4\],9.585
scaled_scores\[46\]\[7\],9.585
v\[22\]\[5\],9.585
_07738_,9.58
_07793_,9.58
_07973_,9.58
_08465_,9.58
_08894_,9.58
_10842_,9.58
_13297_,9.58
_13873_,9.58
_14034_,9.58
_15575_,9.58
_20079_,9.58
_20178_,9.58
_20843_,9.58
_22197_,9.58
_24168_,9.58
_26159_,9.58
_26416_,9.58
_27236_,9.58
_27577_,9.58
_28954_,9.58
_29502_,9.58
_29957_,9.58
_30060_,9.58
_30068_,9.58
_30114_,9.58
_30263_,9.58
_30619_,9.58
_30621_,9.58
_31079_,9.58
_32278_,9.58
_33818_,9.58
_34180_,9.58
_34359_,9.58
_39579_,9.58
_39678_,9.58
_39697_,9.58
_40386_,9.58
_40451_,9.58
_41032_,9.58
_41540_,9.58
_41807_,9.58
_41937_,9.58
_43490_,9.58
_43860_,9.58
_43906_,9.58
k\[106\]\[3\],9.58
k\[116\]\[0\],9.58
k\[74\]\[7\],9.58
out\[103\]\[5\],9.58
out\[1\]\[7\],9.58
out\[57\]\[6\],9.58
out\[75\]\[1\],9.58
out\[8\]\[0\],9.58
out\[92\]\[7\],9.58
q\[100\]\[6\],9.58
q\[105\]\[2\],9.58
q\[110\]\[7\],9.58
q\[24\]\[7\],9.58
q\[66\]\[0\],9.58
q\[79\]\[2\],9.58
v\[101\]\[7\],9.58
v\[111\]\[2\],9.58
v\[45\]\[5\],9.58
weights\[35\]\[0\],9.58
weights\[48\]\[3\],9.58
net1520,9.58
net1700,9.58
net2538,9.58
net2759,9.58
net3256,9.58
net7579,9.58
_01660_,9.575
q\[43\]\[6\],9.575
weights\[25\]\[7\],9.575
_25231_,9.57
_04730_,9.565
_06007_,9.565
_08585_,9.56
_10409_,9.56
_13960_,9.56
_18466_,9.56
_19307_,9.56
_23007_,9.56
_28936_,9.56
_29525_,9.56
_38774_,9.56
_42099_,9.56
q\[40\]\[2\],9.56
q\[96\]\[1\],9.56
scaled_scores\[41\]\[11\],9.56
v\[37\]\[3\],9.56
weights\[59\]\[7\],9.56
_31077_,9.55
_40941_,9.55
row_data[14],9.55
row_data[1],9.55
row_data[37],9.55
net3560,9.55
_03361_,9.545
weights\[26\]\[6\],9.545
_06604_,9.54
_07222_,9.54
_07246_,9.54
_07274_,9.54
_07284_,9.54
_07302_,9.54
_07306_,9.54
_13260_,9.54
_13389_,9.54
_14119_,9.54
_17392_,9.54
_20171_,9.54
_22361_,9.54
_23539_,9.54
_24439_,9.54
_26004_,9.54
_28884_,9.54
_33114_,9.54
_33814_,9.54
_38650_,9.54
_41563_,9.54
k\[10\]\[2\],9.54
k\[45\]\[2\],9.54
k\[56\]\[2\],9.54
k\[83\]\[7\],9.54
out\[106\]\[0\],9.54
out\[83\]\[5\],9.54
q\[27\]\[5\],9.54
scaled_scores\[62\]\[12\],9.54
v\[10\]\[7\],9.54
v\[88\]\[3\],9.54
weights\[14\]\[3\],9.54
net1259,9.54
net1592,9.54
net1621,9.54
net1801,9.54
net2225,9.54
net3554,9.54
net3713,9.54
net4012,9.54
net4366,9.54
net5192,9.54
net5291,9.54
net5361,9.54
net5526,9.54
net5619,9.54
net5630,9.54
net6298,9.54
net6952,9.54
net7812,9.54
_20700_,9.53
_34283_,9.53
_00856_,9.525
_05205_,9.525
_00109_,9.52
_07106_,9.52
_07233_,9.52
_08501_,9.52
_08853_,9.52
_09506_,9.52
_10519_,9.52
_11638_,9.52
_11887_,9.52
_12016_,9.52
_12172_,9.52
_12216_,9.52
_12449_,9.52
_12727_,9.52
_13136_,9.52
_13190_,9.52
_13528_,9.52
_13922_,9.52
_14330_,9.52
_14453_,9.52
_14970_,9.52
_15800_,9.52
_16802_,9.52
_16861_,9.52
_17339_,9.52
_18169_,9.52
_18363_,9.52
_18430_,9.52
_18573_,9.52
_18861_,9.52
_20118_,9.52
_20844_,9.52
_23553_,9.52
_24449_,9.52
_26727_,9.52
_28285_,9.52
_29569_,9.52
_31001_,9.52
_31897_,9.52
_31931_,9.52
_33797_,9.52
_33834_,9.52
_33876_,9.52
_34013_,9.52
_34342_,9.52
_34429_,9.52
_34823_,9.52
_35568_,9.52
_38509_,9.52
_38682_,9.52
_38729_,9.52
_39095_,9.52
_39533_,9.52
_41237_,9.52
_41452_,9.52
_42301_,9.52
_42350_,9.52
_43040_,9.52
q\[45\]\[1\],9.52
raw_scores\[27\]\[13\],9.52
raw_scores\[27\]\[4\],9.52
raw_scores\[28\]\[7\],9.52
raw_scores\[45\]\[9\],9.52
raw_scores\[54\]\[10\],9.52
raw_scores\[60\]\[10\],9.52
net1223,9.52
net1484,9.52
net1789,9.52
net2045,9.52
net2179,9.52
net3889,9.52
net6418,9.52
net7119,9.52
net7148,9.52
net7161,9.52
net7222,9.52
net7229,9.52
net7606,9.52
net7611,9.52
net7851,9.52
_21337_,9.515
_35235_,9.515
_44146_,9.51
_02141_,9.505
_05759_,9.505
k\[62\]\[0\],9.505
_07750_,9.5
_08646_,9.5
_10979_,9.5
_11351_,9.5
_12176_,9.5
_12853_,9.5
_13628_,9.5
_13646_,9.5
_13952_,9.5
_15514_,9.5
_16378_,9.5
_17194_,9.5
_17495_,9.5
_19467_,9.5
_20789_,9.5
_21458_,9.5
_21968_,9.5
_23282_,9.5
_25263_,9.5
_25285_,9.5
_25420_,9.5
_25610_,9.5
_25663_,9.5
_27345_,9.5
_27920_,9.5
_29412_,9.5
_29511_,9.5
_30718_,9.5
_30816_,9.5
_31251_,9.5
_33316_,9.5
_34660_,9.5
_35191_,9.5
_35259_,9.5
_36214_,9.5
_38929_,9.5
_39932_,9.5
_42569_,9.5
_42572_,9.5
_43911_,9.5
_44019_,9.5
k\[125\]\[7\],9.5
k\[15\]\[7\],9.5
out\[45\]\[0\],9.5
q\[11\]\[7\],9.5
q\[43\]\[2\],9.5
q\[68\]\[4\],9.5
weights\[56\]\[3\],9.5
net1448,9.5
net1576,9.5
net1774,9.5
net2880,9.5
net3791,9.5
net3827,9.5
net4025,9.5
net4644,9.5
net6148,9.5
net7059,9.5
_08503_,9.495
_31333_,9.495
_38116_,9.49
_39763_,9.49
_06922_,9.485
_00002_,9.48
_00216_,9.48
_05923_,9.48
_07598_,9.48
_07940_,9.48
_08407_,9.48
_10257_,9.48
_10300_,9.48
_10321_,9.48
_10340_,9.48
_10375_,9.48
_10776_,9.48
_10789_,9.48
_11940_,9.48
_11957_,9.48
_12043_,9.48
_12351_,9.48
_12504_,9.48
_12525_,9.48
_13132_,9.48
_14009_,9.48
_14294_,9.48
_14582_,9.48
_14636_,9.48
_14853_,9.48
_15523_,9.48
_15879_,9.48
_16512_,9.48
_17284_,9.48
_17453_,9.48
_17517_,9.48
_17636_,9.48
_18941_,9.48
_20555_,9.48
_20626_,9.48
_21669_,9.48
_21990_,9.48
_23253_,9.48
_23283_,9.48
_23923_,9.48
_24528_,9.48
_24606_,9.48
_25132_,9.48
_26722_,9.48
_29600_,9.48
_33736_,9.48
_35535_,9.48
_35678_,9.48
_37280_,9.48
_37644_,9.48
_39140_,9.48
_39346_,9.48
_39386_,9.48
_41534_,9.48
_41562_,9.48
_41996_,9.48
_43584_,9.48
_43692_,9.48
_43792_,9.48
_43804_,9.48
_44173_,9.48
_44213_,9.48
k\[104\]\[1\],9.48
out\[23\]\[1\],9.48
q\[26\]\[5\],9.48
raw_scores\[17\]\[17\],9.48
raw_scores\[31\]\[14\],9.48
raw_scores\[34\]\[15\],9.48
raw_scores\[41\]\[11\],9.48
raw_scores\[51\]\[11\],9.48
raw_scores\[55\]\[4\],9.48
scaled_scores\[57\]\[3\],9.48
net332,9.48
net2167,9.48
net2338,9.48
net2652,9.48
net3059,9.48
net3893,9.48
net4843,9.48
net5205,9.48
net5266,9.48
net5722,9.48
net6271,9.48
_24421_,9.475
_26392_,9.475
_00444_,9.465
_00448_,9.465
_00537_,9.465
_00981_,9.465
_01009_,9.465
_01221_,9.465
_01224_,9.465
_01631_,9.465
_01681_,9.465
_01775_,9.465
_02267_,9.465
_08220_,9.46
_08539_,9.46
_09036_,9.46
_11049_,9.46
_14110_,9.46
_21334_,9.46
_21830_,9.46
_24267_,9.46
_26123_,9.46
_27331_,9.46
_28597_,9.46
_29928_,9.46
_33235_,9.46
_37631_,9.46
_39617_,9.46
_40154_,9.46
_41243_,9.46
_43318_,9.46
_43382_,9.46
_43575_,9.46
k\[35\]\[1\],9.46
k\[45\]\[5\],9.46
out\[44\]\[1\],9.46
q\[106\]\[5\],9.46
q\[25\]\[4\],9.46
raw_scores\[59\]\[14\],9.46
v\[23\]\[0\],9.46
net368,9.46
net3463,9.46
net3776,9.46
_34449_,9.45
_42991_,9.45
_00475_,9.445
_01202_,9.445
_01260_,9.445
_01887_,9.445
_01954_,9.445
_02808_,9.445
_05437_,9.445
_05580_,9.445
_05916_,9.445
k\[20\]\[4\],9.445
_00586_,9.44
_07389_,9.44
_07470_,9.44
_07923_,9.44
_09735_,9.44
_11052_,9.44
_11753_,9.44
_12306_,9.44
_12740_,9.44
_12799_,9.44
_15520_,9.44
_16605_,9.44
_16959_,9.44
_17442_,9.44
_17485_,9.44
_17996_,9.44
_18963_,9.44
_19345_,9.44
_19635_,9.44
_21483_,9.44
_22152_,9.44
_23537_,9.44
_26015_,9.44
_27598_,9.44
_28439_,9.44
_31084_,9.44
_32558_,9.44
_34004_,9.44
_34231_,9.44
_34340_,9.44
_38364_,9.44
_40781_,9.44
_42147_,9.44
k\[107\]\[4\],9.44
k\[73\]\[0\],9.44
k\[92\]\[1\],9.44
q\[1\]\[2\],9.44
raw_scores\[27\]\[19\],9.44
raw_scores\[51\]\[4\],9.44
v\[14\]\[2\],9.44
net843,9.44
net2056,9.44
net4958,9.44
_14010_,9.435
_34805_,9.43
_04280_,9.425
_00200_,9.42
_01353_,9.42
_07911_,9.42
_09290_,9.42
_09573_,9.42
_10453_,9.42
_10522_,9.42
_11011_,9.42
_11323_,9.42
_11385_,9.42
_11561_,9.42
_11596_,9.42
_12413_,9.42
_12593_,9.42
_12730_,9.42
_12921_,9.42
_12929_,9.42
_12976_,9.42
_13108_,9.42
_13157_,9.42
_13215_,9.42
_14106_,9.42
_14176_,9.42
_14654_,9.42
_14920_,9.42
_15029_,9.42
_15787_,9.42
_15812_,9.42
_16359_,9.42
_16360_,9.42
_16546_,9.42
_16552_,9.42
_16667_,9.42
_17055_,9.42
_17656_,9.42
_18353_,9.42
_18367_,9.42
_18513_,9.42
_18598_,9.42
_18833_,9.42
_19000_,9.42
_19004_,9.42
_19028_,9.42
_19078_,9.42
_19295_,9.42
_20825_,9.42
_21922_,9.42
_22337_,9.42
_23643_,9.42
_24214_,9.42
_25053_,9.42
_26341_,9.42
_27801_,9.42
_29962_,9.42
_30189_,9.42
_30900_,9.42
_31758_,9.42
_32884_,9.42
_34212_,9.42
_34664_,9.42
_36567_,9.42
_39098_,9.42
_40139_,9.42
_40444_,9.42
_40628_,9.42
_43322_,9.42
q\[28\]\[1\],9.42
scaled_scores\[32\]\[9\],9.42
v\[14\]\[7\],9.42
v\[15\]\[5\],9.42
v\[51\]\[4\],9.42
v\[75\]\[5\],9.42
v\[92\]\[2\],9.42
net3726,9.42
net4171,9.42
net7836,9.42
_35778_,9.41
_41695_,9.41
_01039_,9.405
_01096_,9.405
_01196_,9.405
_01282_,9.405
_01639_,9.405
_02239_,9.405
_02355_,9.405
_02723_,9.405
_04731_,9.405
k\[50\]\[6\],9.405
q\[57\]\[2\],9.405
_00015_,9.4
_07344_,9.4
_08505_,9.4
_08778_,9.4
_08926_,9.4
_09648_,9.4
_10316_,9.4
_10495_,9.4
_11014_,9.4
_11526_,9.4
_11650_,9.4
_12160_,9.4
_13782_,9.4
_13976_,9.4
_14944_,9.4
_14946_,9.4
_15356_,9.4
_15373_,9.4
_17008_,9.4
_18326_,9.4
_19851_,9.4
_21032_,9.4
_21524_,9.4
_22090_,9.4
_22748_,9.4
_22987_,9.4
_23740_,9.4
_23856_,9.4
_25671_,9.4
_25840_,9.4
_25972_,9.4
_26639_,9.4
_26665_,9.4
_27307_,9.4
_28990_,9.4
_30776_,9.4
_32422_,9.4
_32939_,9.4
_33202_,9.4
_35625_,9.4
_36865_,9.4
_38436_,9.4
_39165_,9.4
_40959_,9.4
_42491_,9.4
_43280_,9.4
_43446_,9.4
_44160_,9.4
out\[114\]\[1\],9.4
q\[12\]\[7\],9.4
raw_scores\[7\]\[9\],9.4
scaled_scores\[31\]\[1\],9.4
scaled_scores\[50\]\[1\],9.4
scaled_scores\[53\]\[3\],9.4
net956,9.4
net1041,9.4
net1657,9.4
net1740,9.4
net2030,9.4
net2073,9.4
net2305,9.4
net2905,9.4
net3044,9.4
net3056,9.4
net3169,9.4
net3433,9.4
net3573,9.4
net3955,9.4
net4064,9.4
net4209,9.4
net4273,9.4
net4310,9.4
net5030,9.4
net5705,9.4
net6156,9.4
net6331,9.4
net6356,9.4
net6423,9.4
net6535,9.4
net6593,9.4
net6712,9.4
net6972,9.4
net7237,9.4
net7445,9.4
net7805,9.4
_28286_,9.395
_00927_,9.385
_01080_,9.385
_02195_,9.385
_02278_,9.385
_07606_,9.38
_07907_,9.38
_07934_,9.38
_08662_,9.38
_08802_,9.38
_12631_,9.38
_13122_,9.38
_13485_,9.38
_15979_,9.38
_16551_,9.38
_16948_,9.38
_18543_,9.38
_20484_,9.38
_20612_,9.38
_20635_,9.38
_20715_,9.38
_21100_,9.38
_22015_,9.38
_22376_,9.38
_22639_,9.38
_24539_,9.38
_24587_,9.38
_24867_,9.38
_25321_,9.38
_25973_,9.38
_26428_,9.38
_27854_,9.38
_28564_,9.38
_28952_,9.38
_29867_,9.38
_30439_,9.38
_31729_,9.38
_31735_,9.38
_32432_,9.38
_32459_,9.38
_34486_,9.38
_34791_,9.38
_34904_,9.38
_36019_,9.38
_37382_,9.38
_38757_,9.38
_39286_,9.38
_39355_,9.38
_39567_,9.38
_41066_,9.38
_41195_,9.38
_41726_,9.38
_41966_,9.38
_42159_,9.38
_42646_,9.38
_44060_,9.38
_44291_,9.38
q\[113\]\[4\],9.38
raw_scores\[52\]\[12\],9.38
scaled_scores\[44\]\[7\],9.38
scaled_scores\[49\]\[12\],9.38
v\[109\]\[7\],9.38
v\[111\]\[1\],9.38
net365,9.38
net4800,9.38
net5466,9.38
net6198,9.38
net7507,9.38
_29999_,9.375
_32320_,9.375
_44164_,9.375
k\[49\]\[1\],9.37
_00329_,9.365
_00387_,9.365
_01253_,9.365
_04283_,9.365
_06765_,9.365
weights\[44\]\[5\],9.365
_08480_,9.36
_08565_,9.36
_09874_,9.36
_10294_,9.36
_10637_,9.36
_10672_,9.36
_10716_,9.36
_11024_,9.36
_11100_,9.36
_12582_,9.36
_12786_,9.36
_14759_,9.36
_15071_,9.36
_15545_,9.36
_15574_,9.36
_15590_,9.36
_15762_,9.36
_15878_,9.36
_16029_,9.36
_16482_,9.36
_17587_,9.36
_17727_,9.36
_17745_,9.36
_18535_,9.36
_19025_,9.36
_19394_,9.36
_19434_,9.36
_19439_,9.36
_19671_,9.36
_19762_,9.36
_20275_,9.36
_20305_,9.36
_20450_,9.36
_21266_,9.36
_22028_,9.36
_22030_,9.36
_23493_,9.36
_24206_,9.36
_24423_,9.36
_26717_,9.36
_27201_,9.36
_28561_,9.36
_29175_,9.36
_29350_,9.36
_29463_,9.36
_29869_,9.36
_30137_,9.36
_30760_,9.36
_30818_,9.36
_31236_,9.36
_31791_,9.36
_32223_,9.36
_32586_,9.36
_32959_,9.36
_34901_,9.36
_35028_,9.36
_35067_,9.36
_39014_,9.36
_39500_,9.36
_39703_,9.36
_39901_,9.36
_40308_,9.36
_40465_,9.36
_42145_,9.36
_42774_,9.36
_43123_,9.36
_44132_,9.36
k\[39\]\[7\],9.36
k\[3\]\[2\],9.36
out\[121\]\[5\],9.36
out\[31\]\[5\],9.36
out\[68\]\[6\],9.36
out\[70\]\[4\],9.36
out\[83\]\[7\],9.36
q\[17\]\[4\],9.36
q\[23\]\[6\],9.36
q\[34\]\[5\],9.36
q\[39\]\[3\],9.36
q\[76\]\[4\],9.36
raw_scores\[22\]\[3\],9.36
raw_scores\[34\]\[7\],9.36
scaled_scores\[13\]\[10\],9.36
scaled_scores\[19\]\[10\],9.36
scaled_scores\[2\]\[10\],9.36
scaled_scores\[30\]\[8\],9.36
scaled_scores\[44\]\[15\],9.36
v\[109\]\[4\],9.36
v\[116\]\[7\],9.36
v\[121\]\[0\],9.36
v\[127\]\[7\],9.36
v\[31\]\[6\],9.36
v\[3\]\[3\],9.36
v\[51\]\[1\],9.36
v\[72\]\[1\],9.36
v\[83\]\[2\],9.36
v\[88\]\[0\],9.36
v\[93\]\[2\],9.36
net1134,9.36
net2272,9.36
net2673,9.36
net3507,9.36
net4481,9.36
net4503,9.36
net4507,9.36
net4645,9.36
net5726,9.36
net5958,9.36
net5996,9.36
net6191,9.36
net6812,9.36
net7004,9.36
net7121,9.36
net7266,9.36
net7272,9.36
net7439,9.36
net7638,9.36
net7880,9.36
_39934_,9.355
_34806_,9.35
_01422_,9.345
_07608_,9.34
_13054_,9.34
_14235_,9.34
_15478_,9.34
_16541_,9.34
_17039_,9.34
_19928_,9.34
_20773_,9.34
_21390_,9.34
_21725_,9.34
_25288_,9.34
_25583_,9.34
_28670_,9.34
_29905_,9.34
_30399_,9.34
_31420_,9.34
_33532_,9.34
_35454_,9.34
_40079_,9.34
_40228_,9.34
_40582_,9.34
_41484_,9.34
_43083_,9.34
out\[10\]\[3\],9.34
out\[11\]\[6\],9.34
v\[110\]\[7\],9.34
weights\[63\]\[3\],9.34
net431,9.34
_13977_,9.335
q\[87\]\[3\],9.335
_40908_,9.33
_00747_,9.325
_01063_,9.325
_01437_,9.325
_03214_,9.325
_04438_,9.325
_05714_,9.325
_07241_,9.32
_07580_,9.32
_10217_,9.32
_10738_,9.32
_11290_,9.32
_11625_,9.32
_15188_,9.32
_15786_,9.32
_15983_,9.32
_16259_,9.32
_16397_,9.32
_17141_,9.32
_17542_,9.32
_17829_,9.32
_19914_,9.32
_20254_,9.32
_20356_,9.32
_22082_,9.32
_22311_,9.32
_23695_,9.32
_28360_,9.32
_28861_,9.32
_28866_,9.32
_30728_,9.32
_30808_,9.32
_31242_,9.32
_31939_,9.32
_32039_,9.32
_32138_,9.32
_32555_,9.32
_35342_,9.32
_39647_,9.32
_41977_,9.32
_42103_,9.32
_42300_,9.32
_43635_,9.32
out\[19\]\[0\],9.32
out\[68\]\[5\],9.32
scaled_scores\[24\]\[13\],9.32
scaled_scores\[27\]\[4\],9.32
v\[104\]\[2\],9.32
weights\[19\]\[1\],9.32
weights\[57\]\[6\],9.32
net3645,9.32
_00971_,9.305
_01011_,9.305
_02529_,9.305
_06313_,9.305
_01114_,9.3
_07331_,9.3
_08434_,9.3
_08962_,9.3
_11468_,9.3
_11972_,9.3
_12902_,9.3
_13530_,9.3
_13850_,9.3
_14394_,9.3
_14836_,9.3
_14974_,9.3
_15305_,9.3
_15563_,9.3
_16528_,9.3
_17559_,9.3
_17561_,9.3
_17870_,9.3
_18542_,9.3
_18657_,9.3
_21247_,9.3
_22293_,9.3
_22991_,9.3
_23854_,9.3
_24502_,9.3
_25317_,9.3
_25431_,9.3
_25661_,9.3
_25761_,9.3
_32564_,9.3
_33542_,9.3
_35433_,9.3
k\[12\]\[1\],9.3
k\[93\]\[4\],9.3
out\[48\]\[4\],9.3
out\[59\]\[5\],9.3
q\[89\]\[6\],9.3
scaled_scores\[43\]\[6\],9.3
scaled_scores\[53\]\[2\],9.3
weights\[24\]\[3\],9.3
net848,9.3
net1017,9.3
net1084,9.3
net1889,9.3
net2495,9.3
net3132,9.3
net3719,9.3
net4073,9.3
net4097,9.3
net4174,9.3
net4229,9.3
net4281,9.3
net4370,9.3
net4621,9.3
net5065,9.3
net5145,9.3
net6408,9.3
net6518,9.3
net6558,9.3
net6889,9.3
net7030,9.3
net7070,9.3
net7257,9.3
net7389,9.3
net7427,9.3
net7519,9.3
net7520,9.3
net7584,9.3
_01021_,9.285
_01337_,9.285
_02585_,9.285
_02624_,9.285
_03865_,9.285
_21895_,9.285
q\[58\]\[3\],9.285
v\[28\]\[4\],9.285
_08415_,9.28
_08432_,9.28
_10280_,9.28
_10388_,9.28
_11959_,9.28
_13390_,9.28
_13695_,9.28
_14005_,9.28
_14482_,9.28
_15154_,9.28
_15534_,9.28
_15615_,9.28
_15890_,9.28
_17952_,9.28
_18748_,9.28
_20829_,9.28
_22590_,9.28
_22761_,9.28
_23381_,9.28
_23413_,9.28
_23746_,9.28
_24728_,9.28
_24927_,9.28
_24968_,9.28
_26339_,9.28
_26479_,9.28
_27310_,9.28
_27439_,9.28
_28940_,9.28
_31424_,9.28
_32438_,9.28
_35066_,9.28
_35793_,9.28
_36336_,9.28
_40799_,9.28
_40838_,9.28
_41745_,9.28
_42280_,9.28
_42534_,9.28
_42541_,9.28
_43168_,9.28
_43518_,9.28
_43886_,9.28
_44004_,9.28
_44123_,9.28
k\[33\]\[4\],9.28
k\[7\]\[6\],9.28
out\[72\]\[7\],9.28
out\[75\]\[7\],9.28
out\[91\]\[1\],9.28
raw_scores\[15\]\[2\],9.28
raw_scores\[5\]\[6\],9.28
scaled_scores\[5\]\[15\],9.28
v\[103\]\[2\],9.28
v\[36\]\[1\],9.28
v\[72\]\[0\],9.28
weights\[32\]\[0\],9.28
net328,9.28
net937,9.28
net1440,9.28
net1656,9.28
net2832,9.28
net3331,9.28
net3625,9.28
net3843,9.28
net3856,9.28
net3956,9.28
net4035,9.28
net4276,9.28
net4696,9.28
net4940,9.28
net5502,9.28
net6762,9.28
net6920,9.28
net7500,9.28
net7848,9.28
_38955_,9.27
_02151_,9.265
_02965_,9.265
_06437_,9.265
scaled_scores\[34\]\[8\],9.265
v\[92\]\[6\],9.265
_00052_,9.26
_00696_,9.26
_05807_,9.26
_06699_,9.26
_08111_,9.26
_08132_,9.26
_09240_,9.26
_11574_,9.26
_13929_,9.26
_13955_,9.26
_17062_,9.26
_18201_,9.26
_18328_,9.26
_18499_,9.26
_18790_,9.26
_19463_,9.26
_21058_,9.26
_22675_,9.26
_22836_,9.26
_23494_,9.26
_25004_,9.26
_26580_,9.26
_27249_,9.26
_27741_,9.26
_27805_,9.26
_28036_,9.26
_29907_,9.26
_30054_,9.26
_30438_,9.26
_30462_,9.26
_30646_,9.26
_32780_,9.26
_37470_,9.26
_39357_,9.26
_39785_,9.26
_39810_,9.26
_41043_,9.26
_42392_,9.26
_44138_,9.26
k\[53\]\[3\],9.26
out\[106\]\[2\],9.26
out\[25\]\[3\],9.26
out\[41\]\[1\],9.26
q\[112\]\[2\],9.26
q\[119\]\[1\],9.26
q\[54\]\[7\],9.26
scaled_scores\[28\]\[16\],9.26
v\[103\]\[5\],9.26
net1610,9.26
net2155,9.26
net2912,9.26
net3140,9.26
net3688,9.26
net4000,9.26
net4002,9.26
net4403,9.26
net4918,9.26
net4979,9.26
net5035,9.26
net5267,9.26
net5882,9.26
net6313,9.26
net7278,9.26
net7802,9.26
_26533_,9.255
_32360_,9.255
_08834_,9.25
_38678_,9.25
_39607_,9.25
_00876_,9.245
_01083_,9.245
_06954_,9.245
out\[43\]\[1\],9.245
_06504_,9.24
_08485_,9.24
_08744_,9.24
_09866_,9.24
_10908_,9.24
_11736_,9.24
_12692_,9.24
_13227_,9.24
_13495_,9.24
_20013_,9.24
_21769_,9.24
_21855_,9.24
_22652_,9.24
_23174_,9.24
_23239_,9.24
_24800_,9.24
_25634_,9.24
_25904_,9.24
_26433_,9.24
_26623_,9.24
_27270_,9.24
_27785_,9.24
_28002_,9.24
_29609_,9.24
_29628_,9.24
_29712_,9.24
_30506_,9.24
_31075_,9.24
_31268_,9.24
_31707_,9.24
_31924_,9.24
_32059_,9.24
_35058_,9.24
_35419_,9.24
_38811_,9.24
_40140_,9.24
_42011_,9.24
_42014_,9.24
_42416_,9.24
_44085_,9.24
k\[52\]\[5\],9.24
k\[72\]\[0\],9.24
out\[16\]\[6\],9.24
out\[64\]\[0\],9.24
out\[64\]\[5\],9.24
out\[88\]\[6\],9.24
q\[104\]\[2\],9.24
q\[105\]\[0\],9.24
q\[29\]\[4\],9.24
q\[98\]\[3\],9.24
scaled_scores\[62\]\[10\],9.24
scaled_scores\[62\]\[11\],9.24
v\[120\]\[2\],9.24
v\[123\]\[5\],9.24
v\[52\]\[4\],9.24
weights\[10\]\[7\],9.24
weights\[18\]\[0\],9.24
weights\[49\]\[3\],9.24
weights\[60\]\[6\],9.24
net2496,9.24
net4420,9.24
net5644,9.24
net7242,9.24
_05085_,9.235
_28102_,9.23
_00801_,9.225
_01263_,9.225
_02089_,9.225
_02422_,9.225
_02424_,9.225
_02786_,9.225
_04559_,9.225
_05125_,9.225
_05732_,9.225
_06919_,9.225
_06953_,9.225
_07182_,9.225
weights\[43\]\[5\],9.225
_06937_,9.22
_08463_,9.22
_11273_,9.22
_20109_,9.22
_23028_,9.22
_27832_,9.22
_34798_,9.22
_37846_,9.22
_40714_,9.22
_41100_,9.22
_41704_,9.22
out\[120\]\[3\],9.22
v\[11\]\[2\],9.22
weights\[35\]\[7\],9.22
weights\[36\]\[0\],9.22
net4289,9.22
net4343,9.22
net4912,9.22
net5464,9.22
net5803,9.22
net6276,9.22
net6647,9.22
_00391_,9.205
_01035_,9.205
_02250_,9.205
_07057_,9.205
_11013_,9.2
_12174_,9.2
_15359_,9.2
_18454_,9.2
_22447_,9.2
_29926_,9.2
_30845_,9.2
_33292_,9.2
_34780_,9.2
_41731_,9.2
k\[111\]\[5\],9.2
k\[24\]\[7\],9.2
k\[29\]\[7\],9.2
q\[18\]\[7\],9.2
raw_scores\[13\]\[15\],9.2
raw_scores\[22\]\[8\],9.2
scaled_scores\[3\]\[1\],9.2
v\[73\]\[2\],9.2
net1623,9.2
net2084,9.2
net2200,9.2
net2584,9.2
net3162,9.2
net3180,9.2
net3330,9.2
net3398,9.2
net3760,9.2
net3820,9.2
net4084,9.2
net4303,9.2
net4681,9.2
net5283,9.2
net5323,9.2
net5338,9.2
net5396,9.2
net5564,9.2
net5568,9.2
net5588,9.2
net5596,9.2
net5626,9.2
net5647,9.2
net5719,9.2
net5895,9.2
net6005,9.2
net6039,9.2
net6063,9.2
net6167,9.2
net6186,9.2
net6258,9.2
net6270,9.2
net6362,9.2
net6477,9.2
net6538,9.2
net6574,9.2
net6659,9.2
net6740,9.2
net6943,9.2
net7015,9.2
net7043,9.2
net7457,9.2
net7599,9.2
net7662,9.2
weights\[29\]\[4\],9.195
row_data[66],9.19
_05991_,9.185
_06228_,9.185
_06688_,9.185
_05858_,9.18
_07003_,9.18
_07224_,9.18
_07305_,9.18
_07790_,9.18
_10034_,9.18
_10644_,9.18
_11061_,9.18
_12118_,9.18
_12125_,9.18
_12136_,9.18
_12168_,9.18
_12946_,9.18
_12991_,9.18
_13547_,9.18
_14562_,9.18
_14906_,9.18
_15147_,9.18
_15263_,9.18
_15716_,9.18
_15929_,9.18
_16158_,9.18
_17406_,9.18
_17558_,9.18
_17828_,9.18
_18225_,9.18
_18648_,9.18
_18756_,9.18
_18772_,9.18
_18780_,9.18
_18864_,9.18
_18921_,9.18
_18952_,9.18
_24705_,9.18
_25615_,9.18
_26760_,9.18
_29024_,9.18
_29085_,9.18
_29980_,9.18
_32768_,9.18
_37373_,9.18
_38752_,9.18
_40052_,9.18
_42832_,9.18
_43412_,9.18
_43713_,9.18
row_data[113],9.18
row_data[90],9.18
scaled_scores\[24\]\[4\],9.18
net1043,9.18
net1194,9.18
net1526,9.18
net1714,9.18
net2595,9.18
net2633,9.18
net2660,9.18
net3488,9.18
net4427,9.18
net5631,9.18
net5638,9.18
net5795,9.18
net5935,9.18
net6500,9.18
net6630,9.18
net6944,9.18
_07383_,9.175
_27169_,9.175
q\[5\]\[3\],9.175
net2387,9.175
_23763_,9.17
_24301_,9.17
_26495_,9.17
_28415_,9.17
_31135_,9.165
v\[96\]\[6\],9.165
weights\[42\]\[3\],9.165
_01153_,9.16
_01802_,9.16
_05948_,9.16
_07710_,9.16
_07963_,9.16
_08478_,9.16
_08534_,9.16
_10130_,9.16
_13236_,9.16
_13334_,9.16
_14252_,9.16
_19859_,9.16
_20150_,9.16
_20485_,9.16
_20651_,9.16
_21228_,9.16
_22025_,9.16
_22036_,9.16
_25483_,9.16
_25989_,9.16
_26424_,9.16
_26709_,9.16
_27318_,9.16
_27338_,9.16
_27961_,9.16
_30675_,9.16
_31380_,9.16
_31723_,9.16
_32338_,9.16
_34924_,9.16
_36513_,9.16
_38956_,9.16
_40672_,9.16
_40767_,9.16
_41145_,9.16
_42055_,9.16
_42246_,9.16
_42360_,9.16
_42431_,9.16
_42592_,9.16
_42602_,9.16
_42650_,9.16
_43323_,9.16
_44056_,9.16
_44275_,9.16
k\[123\]\[6\],9.16
k\[12\]\[5\],9.16
k\[93\]\[2\],9.16
out\[45\]\[4\],9.16
out\[55\]\[6\],9.16
scaled_scores\[38\]\[17\],9.16
scaled_scores\[46\]\[16\],9.16
v\[122\]\[3\],9.16
v\[127\]\[5\],9.16
weights\[40\]\[7\],9.16
net1102,9.16
net2178,9.16
net2222,9.16
net2656,9.16
net2997,9.16
net3119,9.16
net3373,9.16
net4237,9.16
net4637,9.16
net5544,9.16
net7392,9.16
net7513,9.16
k\[84\]\[0\],9.155
_05775_,9.145
_07860_,9.14
_12724_,9.14
_20770_,9.14
_23380_,9.14
_24818_,9.14
_25270_,9.14
_31285_,9.14
_32759_,9.14
_35348_,9.14
_35385_,9.14
_38615_,9.14
_39241_,9.14
_39528_,9.14
_40166_,9.14
_41885_,9.14
_42409_,9.14
_43028_,9.14
_44063_,9.14
k\[8\]\[0\],9.14
out\[122\]\[0\],9.14
out\[59\]\[7\],9.14
out\[80\]\[6\],9.14
v\[37\]\[7\],9.14
v\[40\]\[0\],9.14
net1247,9.14
net3141,9.14
net3764,9.14
net3885,9.14
net4850,9.14
net5635,9.14
net5716,9.14
_42734_,9.135
out\[39\]\[1\],9.135
_40019_,9.13
_00399_,9.125
_00524_,9.125
_00556_,9.125
_00582_,9.125
_00948_,9.125
_00965_,9.125
_01015_,9.125
_01193_,9.125
_01379_,9.125
_01469_,9.125
_01961_,9.125
_01984_,9.125
_02034_,9.125
_02192_,9.125
_02233_,9.125
_02245_,9.125
_02284_,9.125
_04717_,9.125
_06269_,9.125
out\[47\]\[3\],9.125
v\[44\]\[2\],9.125
v\[97\]\[2\],9.125
weights\[47\]\[1\],9.125
_07776_,9.12
_10011_,9.12
_10282_,9.12
_10576_,9.12
_13394_,9.12
_13780_,9.12
_13806_,9.12
_13822_,9.12
_13898_,9.12
_14265_,9.12
_15850_,9.12
_16583_,9.12
_18394_,9.12
_19502_,9.12
_20203_,9.12
_20303_,9.12
_21913_,9.12
_22835_,9.12
_22954_,9.12
_24296_,9.12
_24369_,9.12
_25451_,9.12
_27120_,9.12
_27826_,9.12
_29139_,9.12
_29406_,9.12
_30014_,9.12
_30582_,9.12
_30841_,9.12
_30856_,9.12
_31129_,9.12
_31459_,9.12
_32533_,9.12
_34332_,9.12
_35329_,9.12
_35437_,9.12
_35483_,9.12
_37884_,9.12
_40358_,9.12
_40748_,9.12
_41636_,9.12
_41892_,9.12
_42763_,9.12
_42809_,9.12
k\[106\]\[0\],9.12
k\[18\]\[4\],9.12
k\[31\]\[5\],9.12
out\[0\]\[6\],9.12
out\[2\]\[6\],9.12
out\[3\]\[6\],9.12
out\[84\]\[3\],9.12
q\[70\]\[0\],9.12
q\[74\]\[2\],9.12
raw_scores\[16\]\[13\],9.12
scaled_scores\[46\]\[2\],9.12
scaled_scores\[62\]\[8\],9.12
v\[21\]\[6\],9.12
v\[63\]\[4\],9.12
v\[91\]\[7\],9.12
weights\[13\]\[4\],9.12
weights\[21\]\[3\],9.12
weights\[36\]\[5\],9.12
weights\[57\]\[5\],9.12
weights\[60\]\[1\],9.12
net6673,9.12
scaled_scores\[32\]\[10\],9.115
_19220_,9.11
_41129_,9.11
_00005_,9.1
_07352_,9.1
_27191_,9.1
_27279_,9.1
_28272_,9.1
_42863_,9.1
k\[113\]\[2\],9.1
k\[13\]\[2\],9.1
q\[121\]\[3\],9.1
scaled_scores\[29\]\[12\],9.1
v\[86\]\[5\],9.1
_03408_,9.095
_41257_,9.095
_30504_,9.09
_01399_,9.085
_01457_,9.085
_01573_,9.085
_03843_,9.085
_04605_,9.085
_05485_,9.085
_06621_,9.085
weights\[29\]\[5\],9.085
_07593_,9.08
_13647_,9.08
_13967_,9.08
_16616_,9.08
_16617_,9.08
_20650_,9.08
_25166_,9.08
_26615_,9.08
_26877_,9.08
_26905_,9.08
_36193_,9.08
_38233_,9.08
_42048_,9.08
_42261_,9.08
_44021_,9.08
_44030_,9.08
q\[53\]\[6\],9.08
q\[96\]\[3\],9.08
raw_scores\[8\]\[18\],9.08
scaled_scores\[16\]\[1\],9.08
v\[94\]\[5\],9.08
weights\[0\]\[5\],9.08
net978,9.08
net996,9.08
net1206,9.08
net1209,9.08
net1910,9.08
net5820,9.08
net6723,9.08
_30610_,9.07
q\[49\]\[6\],9.07
_00627_,9.065
_01179_,9.065
_01773_,9.065
_04960_,9.065
_30632_,9.065
_07304_,9.06
_07975_,9.06
_08671_,9.06
_09200_,9.06
_10679_,9.06
_11099_,9.06
_11757_,9.06
_12702_,9.06
_13536_,9.06
_14832_,9.06
_15832_,9.06
_16214_,9.06
_16465_,9.06
_16714_,9.06
_17135_,9.06
_17243_,9.06
_17528_,9.06
_17698_,9.06
_17719_,9.06
_18442_,9.06
_19895_,9.06
_20165_,9.06
_20721_,9.06
_22606_,9.06
_23853_,9.06
_24070_,9.06
_24192_,9.06
_26619_,9.06
_27226_,9.06
_27674_,9.06
_28293_,9.06
_28519_,9.06
_28639_,9.06
_31397_,9.06
_31766_,9.06
_32177_,9.06
_33573_,9.06
_37318_,9.06
_37363_,9.06
_39487_,9.06
_39779_,9.06
_41426_,9.06
_41742_,9.06
_42652_,9.06
_42849_,9.06
_43124_,9.06
_43448_,9.06
_43538_,9.06
_43917_,9.06
_44195_,9.06
out\[38\]\[2\],9.06
q\[70\]\[3\],9.06
raw_scores\[18\]\[19\],9.06
raw_scores\[22\]\[9\],9.06
raw_scores\[55\]\[8\],9.06
scaled_scores\[31\]\[9\],9.06
u_weighted_dp.state\[1\],9.06
net955,9.06
net972,9.06
net982,9.06
net1072,9.06
net1187,9.06
net1199,9.06
net1543,9.06
net1678,9.06
net2212,9.06
net2990,9.06
net3320,9.06
net4757,9.06
net4758,9.06
net5193,9.06
net6564,9.06
net6754,9.06
net6848,9.06
net6977,9.06
net7007,9.06
net7589,9.06
net7860,9.06
_19281_,9.055
k\[88\]\[4\],9.055
_25152_,9.05
_00727_,9.045
_02609_,9.045
_05942_,9.045
_06124_,9.045
_07164_,9.04
_07665_,9.04
_07697_,9.04
_07770_,9.04
_08459_,9.04
_08484_,9.04
_09857_,9.04
_10618_,9.04
_11460_,9.04
_11540_,9.04
_12347_,9.04
_12349_,9.04
_12441_,9.04
_12934_,9.04
_16067_,9.04
_16109_,9.04
_16417_,9.04
_16760_,9.04
_19457_,9.04
_21697_,9.04
_21772_,9.04
_22754_,9.04
_22968_,9.04
_24855_,9.04
_24995_,9.04
_25184_,9.04
_25449_,9.04
_25936_,9.04
_26626_,9.04
_26729_,9.04
_26867_,9.04
_27016_,9.04
_27105_,9.04
_27575_,9.04
_27604_,9.04
_27996_,9.04
_28772_,9.04
_28974_,9.04
_30571_,9.04
_31362_,9.04
_31701_,9.04
_32094_,9.04
_32280_,9.04
_34516_,9.04
_35613_,9.04
_36709_,9.04
_37991_,9.04
_39066_,9.04
_40396_,9.04
_40635_,9.04
_41266_,9.04
_41399_,9.04
_41617_,9.04
_42520_,9.04
_42663_,9.04
_43119_,9.04
_44121_,9.04
k\[19\]\[2\],9.04
k\[91\]\[7\],9.04
out\[104\]\[6\],9.04
out\[9\]\[3\],9.04
q\[1\]\[0\],9.04
q\[67\]\[5\],9.04
scaled_scores\[22\]\[1\],9.04
scaled_scores\[39\]\[2\],9.04
scaled_scores\[46\]\[3\],9.04
v\[107\]\[6\],9.04
v\[109\]\[3\],9.04
v\[42\]\[7\],9.04
v\[66\]\[2\],9.04
v\[77\]\[0\],9.04
v\[87\]\[1\],9.04
net3832,9.04
net4236,9.04
net4382,9.04
net4973,9.04
net5254,9.04
_32388_,9.035
k\[83\]\[4\],9.035
_00803_,9.025
_01345_,9.025
_03293_,9.025
_04995_,9.025
_06206_,9.025
_07838_,9.02
_08519_,9.02
_08785_,9.02
_09123_,9.02
_10165_,9.02
_10415_,9.02
_10434_,9.02
_10520_,9.02
_11258_,9.02
_11313_,9.02
_11315_,9.02
_11645_,9.02
_12260_,9.02
_12313_,9.02
_12465_,9.02
_12700_,9.02
_13028_,9.02
_13119_,9.02
_13563_,9.02
_13941_,9.02
_14026_,9.02
_14033_,9.02
_14425_,9.02
_14666_,9.02
_14912_,9.02
_14936_,9.02
_15125_,9.02
_15186_,9.02
_15926_,9.02
_15994_,9.02
_16140_,9.02
_16347_,9.02
_16579_,9.02
_16789_,9.02
_16902_,9.02
_17071_,9.02
_17576_,9.02
_17628_,9.02
_17825_,9.02
_18156_,9.02
_18214_,9.02
_18348_,9.02
_18880_,9.02
_18883_,9.02
_18893_,9.02
_20202_,9.02
_20229_,9.02
_20399_,9.02
_20725_,9.02
_20862_,9.02
_21037_,9.02
_21803_,9.02
_22287_,9.02
_22400_,9.02
_23310_,9.02
_23882_,9.02
_24272_,9.02
_25031_,9.02
_25233_,9.02
_25310_,9.02
_25683_,9.02
_25982_,9.02
_26265_,9.02
_27261_,9.02
_27862_,9.02
_28016_,9.02
_29784_,9.02
_30325_,9.02
_30530_,9.02
_31217_,9.02
_32859_,9.02
_33459_,9.02
_34654_,9.02
_35129_,9.02
_35636_,9.02
_36684_,9.02
_39952_,9.02
_40492_,9.02
_40976_,9.02
_41023_,9.02
_41208_,9.02
_41430_,9.02
_43515_,9.02
_43727_,9.02
_43834_,9.02
k\[110\]\[3\],9.02
k\[124\]\[4\],9.02
k\[125\]\[4\],9.02
k\[97\]\[6\],9.02
out\[59\]\[2\],9.02
out\[75\]\[4\],9.02
q\[10\]\[5\],9.02
raw_scores\[0\]\[19\],9.02
raw_scores\[0\]\[2\],9.02
raw_scores\[21\]\[18\],9.02
raw_scores\[23\]\[9\],9.02
raw_scores\[28\]\[19\],9.02
raw_scores\[55\]\[11\],9.02
scaled_scores\[35\]\[7\],9.02
v\[106\]\[7\],9.02
v\[23\]\[4\],9.02
v\[31\]\[0\],9.02
v\[35\]\[4\],9.02
net1822,9.02
net1924,9.02
net2741,9.02
net3311,9.02
net3652,9.02
net4026,9.02
net4682,9.02
net4764,9.02
net5047,9.02
net5556,9.02
net6121,9.02
net6832,9.02
_40907_,9.01
_00611_,9.005
_07377_,9.005
_28496_,9.005
_07417_,9
_08535_,9
_09856_,9
_16058_,9
_19922_,9
_20249_,9
_20812_,9
_21014_,9
_21374_,9
_22950_,9
_23006_,9
_23727_,9
_25770_,9
_27113_,9
_27426_,9
_31183_,9
_32056_,9
_34410_,9
_34731_,9
_39961_,9
_40100_,9
_40400_,9
_42411_,9
_43103_,9
_43615_,9
_43959_,9
k\[11\]\[5\],9
k\[47\]\[4\],9
out\[123\]\[6\],9
out\[70\]\[3\],9
q\[123\]\[5\],9
raw_scores\[37\]\[2\],9
scaled_scores\[3\]\[10\],9
scaled_scores\[6\]\[1\],9
weights\[39\]\[1\],9
net7171,9
_05846_,8.995
q\[90\]\[2\],8.995
_08017_,8.99
_00573_,8.985
_00912_,8.985
_00974_,8.985
_00982_,8.985
_01146_,8.985
_01231_,8.985
_01294_,8.985
_02280_,8.985
_02388_,8.985
_02663_,8.985
_03077_,8.985
_03308_,8.985
_05094_,8.985
_05162_,8.985
_05389_,8.985
_06237_,8.985
_06882_,8.985
_07076_,8.985
_00131_,8.98
_08925_,8.98
_10982_,8.98
_10987_,8.98
_11720_,8.98
_14095_,8.98
_16659_,8.98
_16855_,8.98
_17787_,8.98
_18135_,8.98
_18510_,8.98
_22301_,8.98
_22464_,8.98
_26217_,8.98
_27366_,8.98
_28232_,8.98
_28578_,8.98
_29023_,8.98
_30165_,8.98
_30424_,8.98
_32985_,8.98
_33718_,8.98
_34139_,8.98
_36946_,8.98
_37083_,8.98
_38293_,8.98
_39399_,8.98
_41861_,8.98
_43503_,8.98
k\[99\]\[2\],8.98
out\[26\]\[3\],8.98
out\[51\]\[4\],8.98
q\[106\]\[2\],8.98
q\[71\]\[5\],8.98
scaled_scores\[61\]\[3\],8.98
weights\[38\]\[4\],8.98
net2188,8.98
net4561,8.98
_41385_,8.97
_00842_,8.96
_02948_,8.96
_07827_,8.96
_08326_,8.96
_11408_,8.96
_12165_,8.96
_12250_,8.96
_12646_,8.96
_12744_,8.96
_12749_,8.96
_13870_,8.96
_14519_,8.96
_14608_,8.96
_14707_,8.96
_15331_,8.96
_15765_,8.96
_16515_,8.96
_16898_,8.96
_16992_,8.96
_17003_,8.96
_17540_,8.96
_17750_,8.96
_17759_,8.96
_17964_,8.96
_18561_,8.96
_18596_,8.96
_21423_,8.96
_21847_,8.96
_22504_,8.96
_25017_,8.96
_25196_,8.96
_27240_,8.96
_27327_,8.96
_27372_,8.96
_28177_,8.96
_28223_,8.96
_29503_,8.96
_31502_,8.96
_32176_,8.96
_33306_,8.96
_34712_,8.96
_35542_,8.96
_36539_,8.96
_38243_,8.96
_38922_,8.96
_40460_,8.96
_42604_,8.96
_44073_,8.96
_44256_,8.96
out\[22\]\[2\],8.96
out_row_data[115],8.96
out_row_data[14],8.96
out_row_data[33],8.96
out_row_data[57],8.96
out_row_data[67],8.96
out_row_data[79],8.96
raw_scores\[16\]\[18\],8.96
raw_scores\[18\]\[2\],8.96
raw_scores\[59\]\[18\],8.96
raw_scores\[8\]\[5\],8.96
scaled_scores\[3\]\[4\],8.96
scaled_scores\[44\]\[1\],8.96
weights\[14\]\[7\],8.96
weights\[26\]\[3\],8.96
net1078,8.96
net1478,8.96
net1846,8.96
net2268,8.96
net3404,8.96
net7707,8.96
net7820,8.96
_20886_,8.955
weights\[44\]\[2\],8.955
_00569_,8.945
_01479_,8.945
_01744_,8.945
_02018_,8.945
_02226_,8.945
_02940_,8.945
_04205_,8.945
_05629_,8.945
_06083_,8.945
k\[87\]\[4\],8.945
q\[59\]\[2\],8.945
v\[28\]\[3\],8.945
_00217_,8.94
_07215_,8.94
_07449_,8.94
_08068_,8.94
_08663_,8.94
_09720_,8.94
_09855_,8.94
_10167_,8.94
_10939_,8.94
_12687_,8.94
_13096_,8.94
_13393_,8.94
_13669_,8.94
_13931_,8.94
_14376_,8.94
_14882_,8.94
_14968_,8.94
_15460_,8.94
_15920_,8.94
_16314_,8.94
_16925_,8.94
_17026_,8.94
_17074_,8.94
_17094_,8.94
_17523_,8.94
_17661_,8.94
_18079_,8.94
_18495_,8.94
_19730_,8.94
_20455_,8.94
_20519_,8.94
_20712_,8.94
_20759_,8.94
_22353_,8.94
_22594_,8.94
_24067_,8.94
_24970_,8.94
_26135_,8.94
_27148_,8.94
_27263_,8.94
_29155_,8.94
_29960_,8.94
_30716_,8.94
_31159_,8.94
_31275_,8.94
_32835_,8.94
_33320_,8.94
_33541_,8.94
_34114_,8.94
_34343_,8.94
_34507_,8.94
_34661_,8.94
_34776_,8.94
_38393_,8.94
_38784_,8.94
_40285_,8.94
_40338_,8.94
_40366_,8.94
_41267_,8.94
_41326_,8.94
_41351_,8.94
_42171_,8.94
_42219_,8.94
_44198_,8.94
q\[112\]\[0\],8.94
q\[32\]\[4\],8.94
q\[8\]\[3\],8.94
raw_scores\[9\]\[5\],8.94
v\[111\]\[6\],8.94
v\[40\]\[5\],8.94
v\[72\]\[7\],8.94
weights\[61\]\[0\],8.94
net1003,8.94
net1243,8.94
net1666,8.94
net2060,8.94
net2355,8.94
net2441,8.94
net2462,8.94
net2872,8.94
net3612,8.94
net3949,8.94
net4038,8.94
net4054,8.94
net4083,8.94
net4296,8.94
net4446,8.94
net4895,8.94
net5259,8.94
net5308,8.94
net5407,8.94
net5523,8.94
net5584,8.94
net5735,8.94
net5872,8.94
net5946,8.94
net6158,8.94
net6432,8.94
net6521,8.94
net6853,8.94
net6877,8.94
net7306,8.94
net7762,8.94
net7833,8.94
_25816_,8.935
_20699_,8.93
_01047_,8.925
_02179_,8.925
_02678_,8.925
_03950_,8.925
_06483_,8.925
_07686_,8.92
_08023_,8.92
_08336_,8.92
_08945_,8.92
_11357_,8.92
_11938_,8.92
_12249_,8.92
_13848_,8.92
_14000_,8.92
_14079_,8.92
_14138_,8.92
_14272_,8.92
_14358_,8.92
_14411_,8.92
_16604_,8.92
_16803_,8.92
_16879_,8.92
_20210_,8.92
_21379_,8.92
_21461_,8.92
_21504_,8.92
_21531_,8.92
_22338_,8.92
_22399_,8.92
_23165_,8.92
_23352_,8.92
_24649_,8.92
_25380_,8.92
_26825_,8.92
_27006_,8.92
_27778_,8.92
_28371_,8.92
_29186_,8.92
_29425_,8.92
_30213_,8.92
_30508_,8.92
_30617_,8.92
_31943_,8.92
_35450_,8.92
_39169_,8.92
_39466_,8.92
_39766_,8.92
_41922_,8.92
_42003_,8.92
_42803_,8.92
_42855_,8.92
_43266_,8.92
_43484_,8.92
_43963_,8.92
k\[4\]\[7\],8.92
k\[5\]\[1\],8.92
out\[14\]\[7\],8.92
q\[3\]\[3\],8.92
raw_scores\[52\]\[2\],8.92
weights\[28\]\[0\],8.92
weights\[42\]\[4\],8.92
net1912,8.92
net6078,8.92
net7874,8.92
_06492_,8.915
scaled_scores\[16\]\[2\],8.91
_00946_,8.905
_01027_,8.905
_01842_,8.905
_02544_,8.905
_04150_,8.905
_04891_,8.905
_06036_,8.905
_06429_,8.905
k\[19\]\[5\],8.905
k\[56\]\[0\],8.905
k\[59\]\[0\],8.905
v\[108\]\[0\],8.905
weights\[25\]\[6\],8.905
_07628_,8.9
_07902_,8.9
_08511_,8.9
_09690_,8.9
_09758_,8.9
_09991_,8.9
_10382_,8.9
_11296_,8.9
_11362_,8.9
_12201_,8.9
_12366_,8.9
_13050_,8.9
_13051_,8.9
_13324_,8.9
_14057_,8.9
_14129_,8.9
_14293_,8.9
_14324_,8.9
_14653_,8.9
_14736_,8.9
_14824_,8.9
_15316_,8.9
_15868_,8.9
_15904_,8.9
_16161_,8.9
_16416_,8.9
_16618_,8.9
_16774_,8.9
_16863_,8.9
_16875_,8.9
_16891_,8.9
_17248_,8.9
_17743_,8.9
_18254_,8.9
_18760_,8.9
_18851_,8.9
_18957_,8.9
_18984_,8.9
_19024_,8.9
_19494_,8.9
_19640_,8.9
_20810_,8.9
_20817_,8.9
_20840_,8.9
_21460_,8.9
_21617_,8.9
_21709_,8.9
_22008_,8.9
_22220_,8.9
_22318_,8.9
_22352_,8.9
_22507_,8.9
_22886_,8.9
_23070_,8.9
_23168_,8.9
_23223_,8.9
_24253_,8.9
_24508_,8.9
_24845_,8.9
_25516_,8.9
_26023_,8.9
_26091_,8.9
_26100_,8.9
_27251_,8.9
_27343_,8.9
_27571_,8.9
_27729_,8.9
_27853_,8.9
_28148_,8.9
_28349_,8.9
_28455_,8.9
_28714_,8.9
_28761_,8.9
_29057_,8.9
_29263_,8.9
_29362_,8.9
_29541_,8.9
_29783_,8.9
_30294_,8.9
_30352_,8.9
_30998_,8.9
_31073_,8.9
_31354_,8.9
_31509_,8.9
_31538_,8.9
_31578_,8.9
_32067_,8.9
_32090_,8.9
_33571_,8.9
_34386_,8.9
_35118_,8.9
_35175_,8.9
_35599_,8.9
_36386_,8.9
_37673_,8.9
_37989_,8.9
_38995_,8.9
_39406_,8.9
_39618_,8.9
_40450_,8.9
_40998_,8.9
_41074_,8.9
_41411_,8.9
_42116_,8.9
_42214_,8.9
_42753_,8.9
_44006_,8.9
_44083_,8.9
_44217_,8.9
k\[109\]\[6\],8.9
k\[125\]\[0\],8.9
k\[35\]\[5\],8.9
k\[98\]\[0\],8.9
out\[120\]\[7\],8.9
out\[126\]\[1\],8.9
out\[99\]\[2\],8.9
q\[35\]\[6\],8.9
q\[47\]\[1\],8.9
q\[65\]\[3\],8.9
scaled_scores\[19\]\[17\],8.9
scaled_scores\[21\]\[11\],8.9
v\[35\]\[6\],8.9
v\[36\]\[7\],8.9
v\[57\]\[4\],8.9
v\[68\]\[2\],8.9
v\[74\]\[5\],8.9
v\[79\]\[4\],8.9
weights\[37\]\[2\],8.9
weights\[45\]\[5\],8.9
weights\[55\]\[1\],8.9
weights\[62\]\[5\],8.9
weights\[9\]\[3\],8.9
net352,8.9
net2061,8.9
net2545,8.9
net2850,8.9
net3680,8.9
net3905,8.9
net4069,8.9
net4093,8.9
net4346,8.9
net4436,8.9
net4525,8.9
net4600,8.9
net4946,8.9
net5079,8.9
net5359,8.9
net5378,8.9
net5702,8.9
net7678,8.9
_42737_,8.895
out\[37\]\[0\],8.885
_09665_,8.88
_15165_,8.88
_16038_,8.88
_16586_,8.88
_16782_,8.88
_18600_,8.88
_21378_,8.88
_23215_,8.88
_27224_,8.88
_27567_,8.88
_29164_,8.88
_31207_,8.88
_31329_,8.88
_31542_,8.88
_33346_,8.88
_37438_,8.88
_38272_,8.88
_38904_,8.88
_39643_,8.88
_41703_,8.88
_41970_,8.88
_43114_,8.88
_43219_,8.88
_43425_,8.88
k\[14\]\[5\],8.88
k\[69\]\[5\],8.88
out\[123\]\[1\],8.88
out\[23\]\[0\],8.88
out\[91\]\[3\],8.88
q\[46\]\[2\],8.88
v\[18\]\[6\],8.88
q\[49\]\[2\],8.875
row_data[104],8.87
row_data[17],8.87
row_data[22],8.87
row_data[32],8.87
net3146,8.87
_01380_,8.865
_01705_,8.865
_02198_,8.865
_03824_,8.865
_04978_,8.865
_06524_,8.865
_06847_,8.865
_06929_,8.865
_07049_,8.865
_07075_,8.865
_21381_,8.865
_08161_,8.86
_08982_,8.86
_11080_,8.86
_12007_,8.86
_12046_,8.86
_12291_,8.86
_12467_,8.86
_15470_,8.86
_15940_,8.86
_16226_,8.86
_18668_,8.86
_18821_,8.86
_19371_,8.86
_21921_,8.86
_24357_,8.86
_29912_,8.86
_30428_,8.86
_30774_,8.86
_33115_,8.86
_33625_,8.86
_33635_,8.86
_33790_,8.86
_37302_,8.86
_38377_,8.86
_43512_,8.86
out\[7\]\[0\],8.86
scaled_scores\[18\]\[11\],8.86
v\[27\]\[5\],8.86
v\[37\]\[6\],8.86
net5697,8.86
net7199,8.86
_00989_,8.845
_01761_,8.845
_04369_,8.845
_06676_,8.845
_07683_,8.845
_06014_,8.84
_09250_,8.84
_10071_,8.84
_10717_,8.84
_11730_,8.84
_12081_,8.84
_12226_,8.84
_12229_,8.84
_12587_,8.84
_12743_,8.84
_13039_,8.84
_14547_,8.84
_14640_,8.84
_14890_,8.84
_15104_,8.84
_15345_,8.84
_15490_,8.84
_15913_,8.84
_16480_,8.84
_16700_,8.84
_16937_,8.84
_16993_,8.84
_17346_,8.84
_17534_,8.84
_17670_,8.84
_18615_,8.84
_18909_,8.84
_19684_,8.84
_20515_,8.84
_22265_,8.84
_23655_,8.84
_23974_,8.84
_24190_,8.84
_24965_,8.84
_25963_,8.84
_28798_,8.84
_29936_,8.84
_31702_,8.84
_32844_,8.84
_32895_,8.84
_39640_,8.84
_40631_,8.84
out\[76\]\[2\],8.84
q\[49\]\[7\],8.84
raw_scores\[21\]\[11\],8.84
net1019,8.84
net1094,8.84
net2610,8.84
net3166,8.84
net3284,8.84
net3357,8.84
net3408,8.84
net3440,8.84
net3663,8.84
net4080,8.84
net4136,8.84
net4305,8.84
net4338,8.84
net4506,8.84
net4516,8.84
net4880,8.84
net5039,8.84
net5154,8.84
net5330,8.84
net5443,8.84
net5696,8.84
net5698,8.84
net5837,8.84
net6047,8.84
net6206,8.84
net6229,8.84
net6604,8.84
net6642,8.84
net6746,8.84
net6781,8.84
net7355,8.84
_29888_,8.835
k\[66\]\[5\],8.83
_03407_,8.825
_07070_,8.825
out\[48\]\[5\],8.825
q\[51\]\[2\],8.825
q\[57\]\[4\],8.825
q\[62\]\[7\],8.825
q\[90\]\[3\],8.825
v\[96\]\[5\],8.825
_07685_,8.82
_07744_,8.82
_10359_,8.82
_11530_,8.82
_12551_,8.82
_12766_,8.82
_12784_,8.82
_12810_,8.82
_13088_,8.82
_13912_,8.82
_14540_,8.82
_14768_,8.82
_15281_,8.82
_15815_,8.82
_16201_,8.82
_17695_,8.82
_20083_,8.82
_20606_,8.82
_20627_,8.82
_20766_,8.82
_20879_,8.82
_21786_,8.82
_23567_,8.82
_23596_,8.82
_23980_,8.82
_27283_,8.82
_29750_,8.82
_30355_,8.82
_30552_,8.82
_31188_,8.82
_31822_,8.82
_33102_,8.82
_33304_,8.82
_33539_,8.82
_33762_,8.82
_39231_,8.82
_39773_,8.82
_40286_,8.82
_42817_,8.82
out\[73\]\[4\],8.82
q\[38\]\[3\],8.82
scaled_scores\[39\]\[10\],8.82
scaled_scores\[55\]\[6\],8.82
v\[31\]\[3\],8.82
v\[68\]\[6\],8.82
net1253,8.82
net1267,8.82
net2072,8.82
net2282,8.82
net2364,8.82
net2750,8.82
net2855,8.82
net3412,8.82
net3729,8.82
net4206,8.82
net4473,8.82
net4524,8.82
net4674,8.82
net4767,8.82
net5076,8.82
net5629,8.82
net5825,8.82
net6340,8.82
net6404,8.82
net6569,8.82
net7217,8.82
net7736,8.82
_27872_,8.815
_29538_,8.815
out\[73\]\[3\],8.815
_36287_,8.81
_03232_,8.805
k\[18\]\[2\],8.805
q\[89\]\[5\],8.805
v\[17\]\[5\],8.805
_00845_,8.8
_02843_,8.8
_03383_,8.8
_05277_,8.8
_05886_,8.8
_06476_,8.8
_08007_,8.8
_10235_,8.8
_13175_,8.8
_13457_,8.8
_14128_,8.8
_17163_,8.8
_19614_,8.8
_20701_,8.8
_23933_,8.8
_24718_,8.8
_24804_,8.8
_25326_,8.8
_27969_,8.8
_29206_,8.8
_31426_,8.8
_31516_,8.8
_31756_,8.8
_32133_,8.8
_32795_,8.8
_34715_,8.8
_37013_,8.8
_37676_,8.8
_39256_,8.8
_40649_,8.8
_41299_,8.8
_41934_,8.8
_42000_,8.8
_43274_,8.8
_44111_,8.8
k\[122\]\[3\],8.8
q\[1\]\[5\],8.8
q\[23\]\[3\],8.8
scaled_scores\[2\]\[17\],8.8
v\[94\]\[1\],8.8
net858,8.8
net2050,8.8
net2165,8.8
net3100,8.8
net3329,8.8
net3454,8.8
net3468,8.8
net3773,8.8
net3784,8.8
net4030,8.8
net4061,8.8
net4117,8.8
net4224,8.8
net4324,8.8
net4483,8.8
net4768,8.8
net4952,8.8
net4978,8.8
net5569,8.8
net6421,8.8
net7143,8.8
net7386,8.8
net7423,8.8
net7424,8.8
net7763,8.8
_05017_,8.795
_43089_,8.795
_00441_,8.785
_03423_,8.785
_06938_,8.785
q\[53\]\[7\],8.785
q\[58\]\[6\],8.785
v\[28\]\[7\],8.785
_06917_,8.78
_07155_,8.78
_07599_,8.78
_08112_,8.78
_08658_,8.78
_10027_,8.78
_11142_,8.78
_12389_,8.78
_13629_,8.78
_14193_,8.78
_14929_,8.78
_16765_,8.78
_16907_,8.78
_18637_,8.78
_21419_,8.78
_21428_,8.78
_21797_,8.78
_21833_,8.78
_23191_,8.78
_23270_,8.78
_23703_,8.78
_25606_,8.78
_25792_,8.78
_26373_,8.78
_27462_,8.78
_27753_,8.78
_28215_,8.78
_28457_,8.78
_29782_,8.78
_30123_,8.78
_30138_,8.78
_30235_,8.78
_32504_,8.78
_33501_,8.78
_34783_,8.78
_35324_,8.78
_35687_,8.78
_38447_,8.78
_39744_,8.78
_39897_,8.78
_40110_,8.78
_40504_,8.78
_41058_,8.78
_41318_,8.78
_41791_,8.78
_42325_,8.78
_42839_,8.78
_42939_,8.78
_44071_,8.78
out\[74\]\[3\],8.78
out\[81\]\[6\],8.78
q\[10\]\[2\],8.78
raw_scores\[11\]\[16\],8.78
scaled_scores\[3\]\[6\],8.78
scaled_scores\[52\]\[13\],8.78
scaled_scores\[59\]\[15\],8.78
scaled_scores\[8\]\[13\],8.78
v\[104\]\[3\],8.78
v\[63\]\[6\],8.78
weights\[16\]\[5\],8.78
weights\[51\]\[1\],8.78
net901,8.78
net5599,8.78
net5659,8.78
net6994,8.78
net7811,8.78
_28433_,8.775
net4947,8.775
_00438_,8.765
_00875_,8.765
_01209_,8.765
_01495_,8.765
_01510_,8.765
_02801_,8.765
_03044_,8.765
_04408_,8.765
_04518_,8.765
_04527_,8.765
_05322_,8.765
_06463_,8.765
_03947_,8.76
_04862_,8.76
_06951_,8.76
_08115_,8.76
_20151_,8.76
_22921_,8.76
_25614_,8.76
_26102_,8.76
_26407_,8.76
_30216_,8.76
_34204_,8.76
_34713_,8.76
_35347_,8.76
_35644_,8.76
_39876_,8.76
_39902_,8.76
_41012_,8.76
_42365_,8.76
_43117_,8.76
_43924_,8.76
k\[74\]\[1\],8.76
k\[84\]\[5\],8.76
out\[108\]\[1\],8.76
q\[13\]\[7\],8.76
scaled_scores\[13\]\[8\],8.76
scaled_scores\[23\]\[7\],8.76
weights\[10\]\[5\],8.76
net3935,8.76
net6242,8.76
net6361,8.76
net6719,8.76
net7194,8.76
_01020_,8.745
_06772_,8.745
out\[40\]\[4\],8.745
_07326_,8.74
_09065_,8.74
_16669_,8.74
_27692_,8.74
_31291_,8.74
_38279_,8.74
k\[102\]\[3\],8.74
q\[73\]\[2\],8.74
scaled_scores\[40\]\[17\],8.74
scaled_scores\[62\]\[14\],8.74
v\[0\]\[5\],8.74
v\[16\]\[0\],8.74
v\[2\]\[7\],8.74
weights\[19\]\[0\],8.74
weights\[32\]\[4\],8.74
net1310,8.74
net1503,8.74
net1552,8.74
net3078,8.74
net3225,8.74
net3580,8.74
net4056,8.74
net4253,8.74
net5201,8.74
net5317,8.74
net5967,8.74
net6002,8.74
net6317,8.74
net6650,8.74
net7145,8.74
net7178,8.74
net7204,8.74
net7383,8.74
net7585,8.74
net7680,8.74
net7750,8.74
_05450_,8.735
_06075_,8.735
_42233_,8.735
_00091_,8.725
_01302_,8.725
_02248_,8.725
_03771_,8.725
_04859_,8.725
_04931_,8.725
_05926_,8.725
_06210_,8.725
_06512_,8.725
_03821_,8.72
_05659_,8.72
_06992_,8.72
_07183_,8.72
_07433_,8.72
_08177_,8.72
_08741_,8.72
_19505_,8.72
_23334_,8.72
_24616_,8.72
_25427_,8.72
_25750_,8.72
_27096_,8.72
_28267_,8.72
_34026_,8.72
_37487_,8.72
_39699_,8.72
_40029_,8.72
_40850_,8.72
_41444_,8.72
_42618_,8.72
_43410_,8.72
load_valid,8.72
row_data[106],8.72
row_data[18],8.72
row_data[20],8.72
row_data[36],8.72
row_data[42],8.72
row_data[78],8.72
row_data[86],8.72
net2367,8.72
net2934,8.72
net3118,8.72
net3142,8.72
net3184,8.72
net3424,8.72
net3503,8.72
net3829,8.72
net3989,8.72
net4246,8.72
net4642,8.72
net4677,8.72
net4925,8.72
net6178,8.72
net7387,8.72
net7724,8.72
net7840,8.72
_19503_,8.715
k\[56\]\[6\],8.705
_00138_,8.7
_01446_,8.7
_07219_,8.7
_08499_,8.7
_08533_,8.7
_13773_,8.7
_13805_,8.7
_14067_,8.7
_14299_,8.7
_14363_,8.7
_14454_,8.7
_15243_,8.7
_19946_,8.7
_20273_,8.7
_20413_,8.7
_20636_,8.7
_21526_,8.7
_21937_,8.7
_22140_,8.7
_22609_,8.7
_23404_,8.7
_23575_,8.7
_24014_,8.7
_24145_,8.7
_24486_,8.7
_25140_,8.7
_25827_,8.7
_26191_,8.7
_27026_,8.7
_27848_,8.7
_28346_,8.7
_29514_,8.7
_30392_,8.7
_31679_,8.7
_32362_,8.7
_32391_,8.7
_32521_,8.7
_34858_,8.7
_35015_,8.7
_38200_,8.7
_38834_,8.7
_38837_,8.7
_39600_,8.7
_39631_,8.7
_40234_,8.7
_40512_,8.7
_40527_,8.7
_40578_,8.7
_41622_,8.7
_41902_,8.7
_42127_,8.7
_42129_,8.7
_42565_,8.7
_42627_,8.7
_42707_,8.7
_42829_,8.7
_43131_,8.7
_43314_,8.7
_43341_,8.7
_44172_,8.7
out\[82\]\[5\],8.7
q\[101\]\[5\],8.7
q\[1\]\[4\],8.7
u_weighted_dp.mac_gen\[5\].u_mac.accum_out\[0\],8.7
v\[72\]\[4\],8.7
v\[83\]\[0\],8.7
weights\[14\]\[0\],8.7
weights\[57\]\[1\],8.7
weights\[60\]\[5\],8.7
net1338,8.7
net2173,8.7
net2389,8.7
net2409,8.7
net2613,8.7
net2720,8.7
net3093,8.7
net3679,8.7
net4522,8.7
net4701,8.7
net5231,8.7
net5986,8.7
net7233,8.7
net7855,8.7
_28240_,8.69
_29455_,8.69
_40500_,8.69
_00672_,8.685
_01811_,8.685
_02266_,8.685
_02483_,8.685
_03948_,8.685
_06122_,8.685
_06697_,8.685
_37779_,8.685
v\[22\]\[4\],8.685
_07162_,8.68
_13371_,8.68
_13994_,8.68
_19499_,8.68
_22094_,8.68
_22465_,8.68
_24153_,8.68
_26152_,8.68
_26280_,8.68
_27580_,8.68
_28300_,8.68
_29215_,8.68
_31846_,8.68
_35697_,8.68
_41629_,8.68
_41858_,8.68
_43550_,8.68
_43610_,8.68
k\[11\]\[0\],8.68
k\[66\]\[4\],8.68
out\[123\]\[4\],8.68
scaled_scores\[54\]\[9\],8.68
v\[103\]\[6\],8.68
weights\[23\]\[5\],8.68
net1626,8.68
net2039,8.68
net2139,8.68
net3104,8.68
net4440,8.68
_00403_,8.675
k\[26\]\[0\],8.675
out\[46\]\[4\],8.675
_42484_,8.67
_00548_,8.665
_01589_,8.665
_02404_,8.665
_04647_,8.665
_04842_,8.665
_05245_,8.665
_05640_,8.665
_06840_,8.665
out\[46\]\[2\],8.665
q\[91\]\[4\],8.665
_07676_,8.66
_08025_,8.66
_08382_,8.66
_09825_,8.66
_10376_,8.66
_11168_,8.66
_13532_,8.66
_13598_,8.66
_13671_,8.66
_13681_,8.66
_13894_,8.66
_14241_,8.66
_15289_,8.66
_19658_,8.66
_20598_,8.66
_21006_,8.66
_21794_,8.66
_22035_,8.66
_22392_,8.66
_22869_,8.66
_23322_,8.66
_23932_,8.66
_25630_,8.66
_25757_,8.66
_25964_,8.66
_25980_,8.66
_26187_,8.66
_26364_,8.66
_26394_,8.66
_28584_,8.66
_29075_,8.66
_30224_,8.66
_30274_,8.66
_30711_,8.66
_30727_,8.66
_30988_,8.66
_31067_,8.66
_31137_,8.66
_32847_,8.66
_33699_,8.66
_34400_,8.66
_40274_,8.66
_41048_,8.66
_41176_,8.66
_42133_,8.66
_42249_,8.66
_42265_,8.66
_42512_,8.66
_43191_,8.66
_43460_,8.66
_43960_,8.66
_44002_,8.66
k\[120\]\[1\],8.66
k\[73\]\[4\],8.66
k\[87\]\[6\],8.66
out\[8\]\[2\],8.66
q\[116\]\[0\],8.66
q\[29\]\[6\],8.66
q\[75\]\[3\],8.66
scaled_scores\[62\]\[4\],8.66
scaled_scores\[8\]\[11\],8.66
v\[122\]\[1\],8.66
v\[93\]\[1\],8.66
net892,8.66
net4326,8.66
net4591,8.66
_22313_,8.655
_23646_,8.655
_04017_,8.645
_05614_,8.645
k\[51\]\[3\],8.645
_12822_,8.64
_19374_,8.64
_24388_,8.64
_27782_,8.64
_33709_,8.64
_37356_,8.64
_43497_,8.64
k\[115\]\[3\],8.64
out\[100\]\[1\],8.64
out\[101\]\[5\],8.64
v\[113\]\[0\],8.64
_06310_,8.635
out\[47\]\[1\],8.635
_31989_,8.63
_03031_,8.625
_03561_,8.625
_06759_,8.625
_06924_,8.625
_43283_,8.625
out\[39\]\[2\],8.625
out\[45\]\[3\],8.625
weights\[24\]\[2\],8.625
_04945_,8.62
_07150_,8.62
_07269_,8.62
_07587_,8.62
_07976_,8.62
_22330_,8.62
_24472_,8.62
_26158_,8.62
_28010_,8.62
_34688_,8.62
_35584_,8.62
_37434_,8.62
_37931_,8.62
_38596_,8.62
_39243_,8.62
_39474_,8.62
_39683_,8.62
_42684_,8.62
_42720_,8.62
_44050_,8.62
k\[71\]\[2\],8.62
k\[90\]\[2\],8.62
q\[64\]\[5\],8.62
q\[80\]\[7\],8.62
scaled_scores\[33\]\[0\],8.62
net950,8.62
net1172,8.62
net1276,8.62
net1565,8.62
net1916,8.62
net2995,8.62
net6451,8.62
net7406,8.62
_01091_,8.615
_01252_,8.615
_04863_,8.615
_32073_,8.615
_41833_,8.615
_08826_,8.61
_02494_,8.605
_02835_,8.605
_03477_,8.605
_04417_,8.605
_00203_,8.6
_05473_,8.6
_07146_,8.6
_07184_,8.6
_07452_,8.6
_07552_,8.6
_07680_,8.6
_08786_,8.6
_08980_,8.6
_09285_,8.6
_10194_,8.6
_10201_,8.6
_10950_,8.6
_11306_,8.6
_11499_,8.6
_14806_,8.6
_15144_,8.6
_15408_,8.6
_15606_,8.6
_15627_,8.6
_15657_,8.6
_16176_,8.6
_17063_,8.6
_17384_,8.6
_18554_,8.6
_18659_,8.6
_19045_,8.6
_19326_,8.6
_19723_,8.6
_20299_,8.6
_20333_,8.6
_20881_,8.6
_20888_,8.6
_21430_,8.6
_22874_,8.6
_22982_,8.6
_24678_,8.6
_25260_,8.6
_27407_,8.6
_28387_,8.6
_29645_,8.6
_29747_,8.6
_29751_,8.6
_30578_,8.6
_32434_,8.6
_33193_,8.6
_34778_,8.6
_35615_,8.6
_37284_,8.6
_38057_,8.6
_39054_,8.6
_39519_,8.6
_39850_,8.6
_40209_,8.6
_40773_,8.6
_41376_,8.6
_41394_,8.6
_41685_,8.6
_41901_,8.6
_42035_,8.6
_43633_,8.6
_44188_,8.6
k\[116\]\[3\],8.6
out\[20\]\[3\],8.6
out\[60\]\[5\],8.6
q\[78\]\[3\],8.6
raw_scores\[1\]\[17\],8.6
raw_scores\[59\]\[2\],8.6
scaled_scores\[2\]\[12\],8.6
v\[127\]\[2\],8.6
v\[71\]\[7\],8.6
weights\[2\]\[7\],8.6
net945,8.6
net1081,8.6
net1238,8.6
net1307,8.6
net1875,8.6
net1880,8.6
net1918,8.6
net2077,8.6
net2353,8.6
net4643,8.6
net4846,8.6
net5905,8.6
net6595,8.6
net6852,8.6
net6955,8.6
net7181,8.6
net7289,8.6
net7420,8.6
net7432,8.6
net7747,8.6
net7858,8.6
_01174_,8.585
_01935_,8.585
_03687_,8.585
_04565_,8.585
_06223_,8.585
scaled_scores\[43\]\[7\],8.585
_02547_,8.58
_07737_,8.58
_08599_,8.58
_08693_,8.58
_08795_,8.58
_10239_,8.58
_10944_,8.58
_12538_,8.58
_14161_,8.58
_14464_,8.58
_16043_,8.58
_16639_,8.58
_17221_,8.58
_17415_,8.58
_17769_,8.58
_19303_,8.58
_19554_,8.58
_20020_,8.58
_20889_,8.58
_21239_,8.58
_21736_,8.58
_22073_,8.58
_22453_,8.58
_22885_,8.58
_23080_,8.58
_23455_,8.58
_23665_,8.58
_24454_,8.58
_25018_,8.58
_25704_,8.58
_26072_,8.58
_26208_,8.58
_26357_,8.58
_26564_,8.58
_27082_,8.58
_27140_,8.58
_27369_,8.58
_28935_,8.58
_28997_,8.58
_29738_,8.58
_29906_,8.58
_31064_,8.58
_31408_,8.58
_31473_,8.58
_32922_,8.58
_34539_,8.58
_35101_,8.58
_38653_,8.58
_38907_,8.58
_39058_,8.58
_39197_,8.58
_40253_,8.58
_40546_,8.58
_41668_,8.58
_41722_,8.58
_41950_,8.58
_42224_,8.58
_42241_,8.58
_43202_,8.58
k\[126\]\[7\],8.58
k\[74\]\[0\],8.58
out\[15\]\[2\],8.58
out\[20\]\[1\],8.58
out\[29\]\[7\],8.58
q\[121\]\[4\],8.58
q\[96\]\[2\],8.58
raw_scores\[0\]\[8\],8.58
raw_scores\[28\]\[16\],8.58
scaled_scores\[41\]\[1\],8.58
scaled_scores\[8\]\[10\],8.58
v\[126\]\[1\],8.58
weights\[4\]\[6\],8.58
net2410,8.58
net2426,8.58
net2565,8.58
net2926,8.58
v\[102\]\[4\],8.575
_00775_,8.565
_02170_,8.565
_02750_,8.565
_02910_,8.565
_03365_,8.565
_03578_,8.565
_03792_,8.565
_04473_,8.565
_04541_,8.565
k\[23\]\[6\],8.565
_03363_,8.56
_07257_,8.56
_07459_,8.56
_08849_,8.56
_09125_,8.56
_10126_,8.56
_10284_,8.56
_10429_,8.56
_10647_,8.56
_11375_,8.56
_11572_,8.56
_12095_,8.56
_12452_,8.56
_12610_,8.56
_13127_,8.56
_13153_,8.56
_13388_,8.56
_14228_,8.56
_14421_,8.56
_14837_,8.56
_15375_,8.56
_15870_,8.56
_16070_,8.56
_16128_,8.56
_16245_,8.56
_16296_,8.56
_16398_,8.56
_16420_,8.56
_16620_,8.56
_16635_,8.56
_16749_,8.56
_17210_,8.56
_17383_,8.56
_18097_,8.56
_18456_,8.56
_18732_,8.56
_18840_,8.56
_19026_,8.56
_20758_,8.56
_20807_,8.56
_21909_,8.56
_22895_,8.56
_23263_,8.56
_23434_,8.56
_23816_,8.56
_24323_,8.56
_24384_,8.56
_24583_,8.56
_24729_,8.56
_25174_,8.56
_26541_,8.56
_26545_,8.56
_26748_,8.56
_27098_,8.56
_27156_,8.56
_28442_,8.56
_28986_,8.56
_29026_,8.56
_29156_,8.56
_29735_,8.56
_29859_,8.56
_30056_,8.56
_30327_,8.56
_30565_,8.56
_30896_,8.56
_31582_,8.56
_31748_,8.56
_31966_,8.56
_33589_,8.56
_34008_,8.56
_34187_,8.56
_37085_,8.56
_39049_,8.56
_39239_,8.56
_39714_,8.56
_39723_,8.56
_40576_,8.56
_41098_,8.56
_41905_,8.56
_42917_,8.56
_42958_,8.56
_43252_,8.56
_43325_,8.56
out\[127\]\[0\],8.56
out\[57\]\[1\],8.56
out\[63\]\[7\],8.56
out\[92\]\[3\],8.56
out\[98\]\[6\],8.56
raw_scores\[0\]\[11\],8.56
raw_scores\[30\]\[10\],8.56
raw_scores\[45\]\[2\],8.56
raw_scores\[53\]\[16\],8.56
raw_scores\[54\]\[11\],8.56
raw_scores\[59\]\[8\],8.56
raw_scores\[63\]\[14\],8.56
raw_scores\[63\]\[5\],8.56
scaled_scores\[50\]\[4\],8.56
v\[83\]\[3\],8.56
net339,8.56
net1127,8.56
net1741,8.56
net1890,8.56
net1957,8.56
net2034,8.56
net2038,8.56
net2066,8.56
net2454,8.56
net2505,8.56
net2539,8.56
net2951,8.56
net3007,8.56
net3107,8.56
net3603,8.56
net3665,8.56
net3792,8.56
net4116,8.56
net4295,8.56
net6858,8.56
net7023,8.56
_27880_,8.555
_04316_,8.545
_06041_,8.545
_06350_,8.545
_07989_,8.54
_15922_,8.54
_19557_,8.54
_21371_,8.54
_21879_,8.54
_25021_,8.54
_27526_,8.54
_28978_,8.54
_29029_,8.54
_29177_,8.54
_30103_,8.54
_30151_,8.54
_31360_,8.54
_31449_,8.54
_34130_,8.54
_36720_,8.54
_38986_,8.54
_39510_,8.54
_40282_,8.54
_41304_,8.54
_41679_,8.54
_43776_,8.54
k\[21\]\[3\],8.54
k\[75\]\[7\],8.54
k\[89\]\[5\],8.54
out\[127\]\[3\],8.54
out\[72\]\[4\],8.54
q\[77\]\[2\],8.54
raw_scores\[22\]\[10\],8.54
raw_scores\[31\]\[9\],8.54
scaled_scores\[59\]\[16\],8.54
v\[31\]\[2\],8.54
v\[34\]\[6\],8.54
weights\[13\]\[0\],8.54
weights\[27\]\[7\],8.54
k\[95\]\[2\],8.535
_38990_,8.53
_00336_,8.525
_00411_,8.525
_00496_,8.525
_00547_,8.525
_00615_,8.525
_01178_,8.525
_01462_,8.525
_01502_,8.525
_01776_,8.525
_02632_,8.525
_03011_,8.525
_03053_,8.525
_03151_,8.525
_03981_,8.525
_04865_,8.525
_04873_,8.525
_04953_,8.525
_05302_,8.525
_06522_,8.525
_06749_,8.525
_06934_,8.525
_08096_,8.52
_08840_,8.52
_09176_,8.52
_09618_,8.52
_11520_,8.52
_11615_,8.52
_12051_,8.52
_12151_,8.52
_12843_,8.52
_13189_,8.52
_15162_,8.52
_15300_,8.52
_15953_,8.52
_16127_,8.52
_16209_,8.52
_16874_,8.52
_17633_,8.52
_18814_,8.52
_22561_,8.52
_23598_,8.52
_23776_,8.52
_24498_,8.52
_24617_,8.52
_27253_,8.52
_29476_,8.52
_29638_,8.52
_31357_,8.52
_32250_,8.52
_32880_,8.52
_33765_,8.52
_34676_,8.52
_34772_,8.52
_34982_,8.52
_41928_,8.52
_42100_,8.52
k\[65\]\[3\],8.52
k\[70\]\[2\],8.52
out\[20\]\[2\],8.52
out\[3\]\[5\],8.52
out\[89\]\[6\],8.52
raw_scores\[21\]\[6\],8.52
raw_scores\[31\]\[19\],8.52
raw_scores\[40\]\[13\],8.52
raw_scores\[46\]\[13\],8.52
raw_scores\[61\]\[4\],8.52
raw_scores\[63\]\[4\],8.52
net4329,8.52
net5632,8.52
_04669_,8.515
_19184_,8.51
_00310_,8.505
_06758_,8.505
_05866_,8.5
_07861_,8.5
_08128_,8.5
_08488_,8.5
_10169_,8.5
_10238_,8.5
_10291_,8.5
_10507_,8.5
_10607_,8.5
_10666_,8.5
_10943_,8.5
_10949_,8.5
_11105_,8.5
_11383_,8.5
_11989_,8.5
_12003_,8.5
_12082_,8.5
_12133_,8.5
_12238_,8.5
_12314_,8.5
_12341_,8.5
_12527_,8.5
_12545_,8.5
_12583_,8.5
_12667_,8.5
_13038_,8.5
_13042_,8.5
_13205_,8.5
_13869_,8.5
_14739_,8.5
_14840_,8.5
_15014_,8.5
_15031_,8.5
_15034_,8.5
_15079_,8.5
_15083_,8.5
_15338_,8.5
_15341_,8.5
_15362_,8.5
_15533_,8.5
_15665_,8.5
_15797_,8.5
_15874_,8.5
_15958_,8.5
_15964_,8.5
_16006_,8.5
_16733_,8.5
_16889_,8.5
_17156_,8.5
_17294_,8.5
_17299_,8.5
_17378_,8.5
_17381_,8.5
_17687_,8.5
_17724_,8.5
_17738_,8.5
_17754_,8.5
_17760_,8.5
_17793_,8.5
_17992_,8.5
_18053_,8.5
_18175_,8.5
_18213_,8.5
_18256_,8.5
_18432_,8.5
_18546_,8.5
_18581_,8.5
_18612_,8.5
_18860_,8.5
_18875_,8.5
_18900_,8.5
_18977_,8.5
_19957_,8.5
_20780_,8.5
_21666_,8.5
_23619_,8.5
_24003_,8.5
_25434_,8.5
_26378_,8.5
_26584_,8.5
_27513_,8.5
_28332_,8.5
_28650_,8.5
_29513_,8.5
_30385_,8.5
_30387_,8.5
_30712_,8.5
_31100_,8.5
_32786_,8.5
_33676_,8.5
_33756_,8.5
_36233_,8.5
_38353_,8.5
_38864_,8.5
_39226_,8.5
_39768_,8.5
k\[90\]\[5\],8.5
out\[47\]\[5\],8.5
q\[0\]\[2\],8.5
raw_scores\[33\]\[19\],8.5
raw_scores\[49\]\[3\],8.5
raw_scores\[51\]\[6\],8.5
raw_scores\[62\]\[8\],8.5
scaled_scores\[51\]\[9\],8.5
net1537,8.5
net2380,8.5
net2413,8.5
net2792,8.5
_24009_,8.495
_23141_,8.49
_28157_,8.49
_00280_,8.485
_00566_,8.485
_00726_,8.485
_01050_,8.485
_01051_,8.485
_01222_,8.485
_02934_,8.485
_04560_,8.485
_04797_,8.485
_06000_,8.485
_06390_,8.485
_39102_,8.485
q\[62\]\[4\],8.485
v\[44\]\[6\],8.485
weights\[43\]\[3\],8.485
weights\[45\]\[3\],8.485
_00148_,8.48
_03793_,8.48
_05981_,8.48
_06467_,8.48
_07666_,8.48
_08032_,8.48
_08187_,8.48
_08974_,8.48
_09745_,8.48
_10425_,8.48
_11538_,8.48
_12353_,8.48
_12913_,8.48
_14154_,8.48
_14233_,8.48
_14554_,8.48
_14794_,8.48
_14810_,8.48
_15152_,8.48
_15175_,8.48
_15569_,8.48
_15626_,8.48
_16017_,8.48
_16183_,8.48
_16369_,8.48
_16752_,8.48
_16763_,8.48
_16972_,8.48
_17105_,8.48
_17174_,8.48
_17454_,8.48
_17868_,8.48
_18207_,8.48
_18407_,8.48
_18891_,8.48
_19420_,8.48
_19461_,8.48
_19683_,8.48
_19699_,8.48
_21276_,8.48
_22253_,8.48
_22388_,8.48
_23519_,8.48
_24646_,8.48
_24730_,8.48
_25008_,8.48
_25355_,8.48
_25759_,8.48
_26278_,8.48
_26569_,8.48
_28590_,8.48
_28924_,8.48
_28930_,8.48
_30600_,8.48
_32075_,8.48
_32224_,8.48
_32347_,8.48
_32741_,8.48
_32927_,8.48
_32950_,8.48
_34037_,8.48
_34784_,8.48
_35979_,8.48
_36109_,8.48
_36165_,8.48
_36965_,8.48
_37123_,8.48
_38822_,8.48
_38974_,8.48
_40606_,8.48
_41179_,8.48
_41363_,8.48
_41611_,8.48
_41631_,8.48
_42065_,8.48
_42283_,8.48
_42408_,8.48
_42647_,8.48
_43072_,8.48
_43262_,8.48
_43474_,8.48
k\[127\]\[0\],8.48
out\[24\]\[7\],8.48
out\[57\]\[3\],8.48
out\[68\]\[7\],8.48
out\[71\]\[5\],8.48
q\[116\]\[4\],8.48
q\[62\]\[5\],8.48
q\[75\]\[1\],8.48
net1211,8.48
net1314,8.48
net1493,8.48
net1505,8.48
net2141,8.48
net2319,8.48
net2533,8.48
net2723,8.48
net2771,8.48
net2968,8.48
net3019,8.48
net3207,8.48
net3296,8.48
net3315,8.48
net3587,8.48
net3660,8.48
net3766,8.48
net3863,8.48
net3884,8.48
net4092,8.48
net4666,8.48
net4671,8.48
net4906,8.48
net5027,8.48
net5184,8.48
net5306,8.48
net5604,8.48
net5707,8.48
net5907,8.48
net5955,8.48
net5964,8.48
net6173,8.48
net6491,8.48
net6619,8.48
net7017,8.48
net7209,8.48
net7609,8.48
net7732,8.48
_24178_,8.47
_25958_,8.47
_00911_,8.465
_03531_,8.465
scaled_scores\[43\]\[8\],8.465
_00242_,8.46
_07188_,8.46
_08498_,8.46
_10463_,8.46
_12002_,8.46
_13052_,8.46
_13993_,8.46
_14054_,8.46
_14353_,8.46
_14979_,8.46
_15724_,8.46
_16099_,8.46
_16873_,8.46
_18549_,8.46
_19438_,8.46
_20189_,8.46
_20885_,8.46
_22564_,8.46
_22970_,8.46
_23748_,8.46
_24288_,8.46
_25322_,8.46
_26331_,8.46
_26404_,8.46
_27075_,8.46
_27398_,8.46
_27660_,8.46
_29625_,8.46
_30247_,8.46
_30334_,8.46
_30705_,8.46
_30793_,8.46
_31757_,8.46
_31886_,8.46
_32229_,8.46
_34425_,8.46
_35856_,8.46
_37749_,8.46
_37776_,8.46
_38842_,8.46
_38972_,8.46
_40579_,8.46
_40875_,8.46
_41127_,8.46
_41834_,8.46
_42031_,8.46
_42430_,8.46
_43680_,8.46
_43704_,8.46
k\[105\]\[7\],8.46
out\[53\]\[4\],8.46
out\[67\]\[5\],8.46
q\[33\]\[2\],8.46
q\[5\]\[4\],8.46
raw_scores\[28\]\[8\],8.46
scaled_scores\[23\]\[9\],8.46
v\[72\]\[5\],8.46
net2627,8.46
net3054,8.46
net6324,8.46
out\[112\]\[6\],8.455
out\[118\]\[4\],8.45
_01324_,8.445
_01335_,8.445
_03866_,8.445
_37514_,8.445
_42659_,8.445
weights\[41\]\[4\],8.445
_06395_,8.44
_08056_,8.44
_08523_,8.44
_08608_,8.44
_09034_,8.44
_09134_,8.44
_09305_,8.44
_10630_,8.44
_11634_,8.44
_11822_,8.44
_12047_,8.44
_12882_,8.44
_12977_,8.44
_13269_,8.44
_13642_,8.44
_14388_,8.44
_14508_,8.44
_14715_,8.44
_15170_,8.44
_15549_,8.44
_15824_,8.44
_16072_,8.44
_16508_,8.44
_16597_,8.44
_16642_,8.44
_16871_,8.44
_17108_,8.44
_17114_,8.44
_17461_,8.44
_17492_,8.44
_17713_,8.44
_18794_,8.44
_18795_,8.44
_19082_,8.44
_19613_,8.44
_19636_,8.44
_20637_,8.44
_20774_,8.44
_21049_,8.44
_21322_,8.44
_22903_,8.44
_22974_,8.44
_23700_,8.44
_24245_,8.44
_24466_,8.44
_24791_,8.44
_26125_,8.44
_26219_,8.44
_26628_,8.44
_26766_,8.44
_27107_,8.44
_27706_,8.44
_29045_,8.44
_29500_,8.44
_30284_,8.44
_30412_,8.44
_30676_,8.44
_30798_,8.44
_31831_,8.44
_33186_,8.44
_33238_,8.44
_33901_,8.44
_35272_,8.44
_35509_,8.44
_35649_,8.44
_36110_,8.44
_37200_,8.44
_37639_,8.44
_40548_,8.44
_42330_,8.44
_43055_,8.44
_43663_,8.44
_44128_,8.44
k\[21\]\[2\],8.44
k\[70\]\[7\],8.44
out\[127\]\[6\],8.44
out\[5\]\[0\],8.44
out\[72\]\[0\],8.44
out\[7\]\[6\],8.44
q\[30\]\[5\],8.44
q\[44\]\[3\],8.44
raw_scores\[62\]\[19\],8.44
scaled_scores\[23\]\[3\],8.44
scaled_scores\[33\]\[9\],8.44
v\[11\]\[4\],8.44
v\[123\]\[6\],8.44
v\[62\]\[7\],8.44
v\[85\]\[1\],8.44
weights\[12\]\[2\],8.44
weights\[39\]\[3\],8.44
net2354,8.44
net2757,8.44
net2793,8.44
net2918,8.44
net3213,8.44
net3361,8.44
net3671,8.44
net4280,8.44
net4398,8.44
net4445,8.44
net5203,8.44
net5839,8.44
net5850,8.44
net6205,8.44
net6260,8.44
net7627,8.44
net7752,8.44
weights\[25\]\[5\],8.425
_03099_,8.42
_05521_,8.42
_08996_,8.42
_10210_,8.42
_14113_,8.42
_15407_,8.42
_15737_,8.42
_19215_,8.42
_21712_,8.42
_24167_,8.42
_32787_,8.42
_34148_,8.42
_34698_,8.42
_36092_,8.42
_40377_,8.42
_42693_,8.42
out\[73\]\[1\],8.42
raw_scores\[46\]\[16\],8.42
raw_scores\[50\]\[7\],8.42
v\[16\]\[3\],8.42
v\[45\]\[6\],8.42
v\[5\]\[7\],8.42
v\[60\]\[6\],8.42
v\[87\]\[6\],8.42
k\[56\]\[1\],8.415
_27442_,8.41
row_data[124],8.41
row_data[93],8.41
_00810_,8.405
_01123_,8.405
_01425_,8.405
_01809_,8.405
_01864_,8.405
_04987_,8.405
_05077_,8.405
_05116_,8.405
_06379_,8.405
_06617_,8.405
_06738_,8.405
_04521_,8.4
_07087_,8.4
_09560_,8.4
_10240_,8.4
_12182_,8.4
_12557_,8.4
_12666_,8.4
_12699_,8.4
_12807_,8.4
_13073_,8.4
_14690_,8.4
_14923_,8.4
_15110_,8.4
_15129_,8.4
_15634_,8.4
_16641_,8.4
_17086_,8.4
_18411_,8.4
_18910_,8.4
_23878_,8.4
_23880_,8.4
_23954_,8.4
_27209_,8.4
_28264_,8.4
_30206_,8.4
_30315_,8.4
_32517_,8.4
_32889_,8.4
_33776_,8.4
_35557_,8.4
_37704_,8.4
_41646_,8.4
_43067_,8.4
k\[125\]\[6\],8.4
out\[73\]\[5\],8.4
q\[2\]\[6\],8.4
q\[76\]\[7\],8.4
v\[114\]\[4\],8.4
net5248,8.4
_38478_,8.39
_41759_,8.39
scaled_scores\[11\]\[17\],8.39
_00830_,8.385
_01061_,8.385
_02859_,8.385
_40336_,8.385
_02922_,8.38
_04427_,8.38
_05173_,8.38
_05963_,8.38
_06664_,8.38
_07974_,8.38
_14243_,8.38
_19523_,8.38
_21807_,8.38
_24433_,8.38
_25465_,8.38
_26599_,8.38
_27628_,8.38
_27737_,8.38
_28201_,8.38
_30477_,8.38
_30535_,8.38
_30819_,8.38
_34616_,8.38
_34623_,8.38
_36951_,8.38
_39587_,8.38
_40020_,8.38
_40445_,8.38
_40664_,8.38
_43954_,8.38
k\[1\]\[5\],8.38
row_data[116],8.38
row_data[31],8.38
row_data[33],8.38
row_data[61],8.38
row_data[83],8.38
row_data[99],8.38
net1087,8.38
net2059,8.38
net2420,8.38
net2494,8.38
net2532,8.38
net2612,8.38
net3555,8.38
net3669,8.38
net4139,8.38
net4751,8.38
net4762,8.38
net4871,8.38
net5102,8.38
net5135,8.38
net5206,8.38
net5235,8.38
net5354,8.38
net5655,8.38
net5661,8.38
net5737,8.38
net5802,8.38
net5890,8.38
net6075,8.38
net6166,8.38
net6210,8.38
net6720,8.38
net6755,8.38
net7044,8.38
net7261,8.38
net7335,8.38
net7556,8.38
net7772,8.38
net7806,8.38
_41829_,8.37
_00562_,8.365
_00809_,8.365
_00831_,8.365
_02641_,8.365
_06448_,8.365
_07735_,8.36
_08801_,8.36
_09837_,8.36
_10256_,8.36
_13021_,8.36
_13519_,8.36
_17718_,8.36
_17752_,8.36
_18399_,8.36
_18954_,8.36
_20106_,8.36
_21113_,8.36
_22259_,8.36
_22303_,8.36
_22498_,8.36
_22654_,8.36
_22935_,8.36
_23939_,8.36
_24203_,8.36
_25220_,8.36
_25454_,8.36
_25660_,8.36
_26631_,8.36
_26977_,8.36
_27160_,8.36
_27405_,8.36
_27438_,8.36
_28984_,8.36
_29226_,8.36
_29490_,8.36
_30229_,8.36
_30937_,8.36
_31082_,8.36
_32792_,8.36
_35224_,8.36
_39691_,8.36
_39859_,8.36
_40573_,8.36
_40684_,8.36
_41070_,8.36
_41517_,8.36
_41736_,8.36
_42069_,8.36
_42238_,8.36
_42867_,8.36
_43386_,8.36
_44149_,8.36
k\[104\]\[0\],8.36
k\[11\]\[1\],8.36
k\[15\]\[2\],8.36
out\[25\]\[6\],8.36
out\[72\]\[6\],8.36
q\[100\]\[3\],8.36
q\[10\]\[0\],8.36
q\[40\]\[6\],8.36
q\[80\]\[0\],8.36
raw_scores\[40\]\[9\],8.36
raw_scores\[59\]\[7\],8.36
scaled_scores\[22\]\[9\],8.36
scaled_scores\[33\]\[6\],8.36
scaled_scores\[46\]\[10\],8.36
scaled_scores\[4\]\[3\],8.36
v\[1\]\[6\],8.36
v\[83\]\[4\],8.36
v\[94\]\[3\],8.36
net893,8.36
net2582,8.36
net2712,8.36
net3067,8.36
net3090,8.36
net3149,8.36
net3568,8.36
net3569,8.36
net5161,8.36
net5300,8.36
net5339,8.36
net5662,8.36
net5770,8.36
net6517,8.36
net6587,8.36
net7337,8.36
_20258_,8.355
_26499_,8.355
_38466_,8.35
_41188_,8.35
_06980_,8.345
out\[46\]\[6\],8.345
q\[54\]\[3\],8.345
_00670_,8.34
_01861_,8.34
_02682_,8.34
_03055_,8.34
_05855_,8.34
_06048_,8.34
_08470_,8.34
_08601_,8.34
_11513_,8.34
_12528_,8.34
_13019_,8.34
_13673_,8.34
_14070_,8.34
_14449_,8.34
_16727_,8.34
_17408_,8.34
_19262_,8.34
_20685_,8.34
_20982_,8.34
_22291_,8.34
_23152_,8.34
_25284_,8.34
_27751_,8.34
_30086_,8.34
_31376_,8.34
_31583_,8.34
_36821_,8.34
_38018_,8.34
_39219_,8.34
_40895_,8.34
_41205_,8.34
_41252_,8.34
_43333_,8.34
_44120_,8.34
_44202_,8.34
k\[1\]\[2\],8.34
out\[27\]\[4\],8.34
raw_scores\[0\]\[9\],8.34
v\[127\]\[1\],8.34
weights\[56\]\[7\],8.34
net1878,8.34
net2727,8.34
net3238,8.34
net3399,8.34
net3902,8.34
net4199,8.34
net4634,8.34
net4651,8.34
net4820,8.34
net4839,8.34
net4982,8.34
net5753,8.34
net6453,8.34
net6662,8.34
net7591,8.34
net7649,8.34
net7739,8.34
net7779,8.34
_14499_,8.335
_19349_,8.335
_23814_,8.335
_39854_,8.33
_00826_,8.325
_03392_,8.325
_05189_,8.325
q\[93\]\[7\],8.325
v\[70\]\[1\],8.325
weights\[24\]\[4\],8.325
weights\[29\]\[6\],8.325
_00815_,8.32
_02180_,8.32
_04481_,8.32
_08403_,8.32
_08591_,8.32
_10146_,8.32
_10524_,8.32
_10729_,8.32
_10868_,8.32
_10892_,8.32
_11051_,8.32
_13226_,8.32
_13817_,8.32
_13864_,8.32
_13990_,8.32
_17555_,8.32
_17605_,8.32
_20508_,8.32
_20859_,8.32
_21226_,8.32
_21823_,8.32
_23203_,8.32
_23254_,8.32
_24708_,8.32
_24897_,8.32
_26347_,8.32
_27259_,8.32
_27985_,8.32
_29759_,8.32
_29778_,8.32
_31027_,8.32
_31287_,8.32
_31446_,8.32
_32172_,8.32
_32200_,8.32
_34075_,8.32
_36467_,8.32
_37381_,8.32
_39539_,8.32
_39886_,8.32
_40184_,8.32
_41116_,8.32
_42628_,8.32
_42791_,8.32
_43426_,8.32
_43720_,8.32
_43830_,8.32
k\[4\]\[3\],8.32
out\[108\]\[4\],8.32
out\[119\]\[0\],8.32
q\[108\]\[7\],8.32
q\[65\]\[1\],8.32
q\[69\]\[6\],8.32
q\[99\]\[4\],8.32
raw_scores\[23\]\[6\],8.32
scaled_scores\[19\]\[12\],8.32
scaled_scores\[27\]\[16\],8.32
v\[47\]\[4\],8.32
weights\[19\]\[5\],8.32
weights\[59\]\[2\],8.32
net3313,8.32
net4986,8.32
raw_scores\[32\]\[6\],8.315
_25588_,8.31
_26600_,8.31
_01087_,8.305
_01265_,8.305
_01359_,8.305
_03093_,8.305
_03258_,8.305
_04712_,8.305
_05225_,8.305
_05443_,8.305
_06975_,8.305
_01355_,8.3
_03857_,8.3
_17723_,8.3
_18334_,8.3
_19670_,8.3
_22909_,8.3
_24040_,8.3
_27277_,8.3
_38048_,8.3
_40176_,8.3
_42866_,8.3
net4067,8.3
net4835,8.3
net7765,8.3
_05278_,8.295
out\[120\]\[4\],8.295
_02274_,8.285
_02282_,8.285
_02836_,8.285
_26758_,8.285
scaled_scores\[44\]\[5\],8.285
_02704_,8.28
_04037_,8.28
_07179_,8.28
_07436_,8.28
_08847_,8.28
_08851_,8.28
_11453_,8.28
_17503_,8.28
_18638_,8.28
_22912_,8.28
_28001_,8.28
_29219_,8.28
_37474_,8.28
_38598_,8.28
_42805_,8.28
k\[10\]\[1\],8.28
q\[55\]\[5\],8.28
raw_scores\[3\]\[2\],8.28
net1554,8.28
net1564,8.28
net1658,8.28
net1729,8.28
net1760,8.28
net1773,8.28
net2368,8.28
net2600,8.28
net3091,8.28
net3632,8.28
net3840,8.28
net3995,8.28
net4542,8.28
net4652,8.28
net4865,8.28
net4951,8.28
net5641,8.28
net5741,8.28
net5836,8.28
net5844,8.28
net6019,8.28
net6480,8.28
net6765,8.28
net6805,8.28
net6816,8.28
net6825,8.28
net6874,8.28
net7215,8.28
net7601,8.28
net7688,8.28
net7761,8.28
_04476_,8.275
_05771_,8.275
_13354_,8.27
_28441_,8.27
row_data[16],8.27
row_data[30],8.27
row_data[8],8.27
_00561_,8.265
_00623_,8.265
_00734_,8.265
_01003_,8.265
_01531_,8.265
_01669_,8.265
_03253_,8.265
_04245_,8.265
_04284_,8.265
_04727_,8.265
_05944_,8.265
_06072_,8.265
_06831_,8.265
_06959_,8.265
_14028_,8.265
_01530_,8.26
_01845_,8.26
_02189_,8.26
_04002_,8.26
_07307_,8.26
_07450_,8.26
_08207_,8.26
_08833_,8.26
_09035_,8.26
_27158_,8.26
_30275_,8.26
_32511_,8.26
_36956_,8.26
_37833_,8.26
_40783_,8.26
row_data[108],8.26
row_data[34],8.26
row_data[54],8.26
scaled_scores\[28\]\[6\],8.26
weights\[46\]\[5\],8.26
net1497,8.26
net2391,8.26
net2540,8.26
net2555,8.26
net2651,8.26
net2812,8.26
net2885,8.26
net3963,8.26
net4411,8.26
net4502,8.26
net6170,8.26
net6192,8.26
net6730,8.26
net6829,8.26
net6935,8.26
net7640,8.26
net7764,8.26
net7775,8.26
_14455_,8.25
k\[107\]\[7\],8.245
_01368_,8.24
_08726_,8.24
_08774_,8.24
_13789_,8.24
_14447_,8.24
_14513_,8.24
_16936_,8.24
_19356_,8.24
_19655_,8.24
_19745_,8.24
_20140_,8.24
_20618_,8.24
_21142_,8.24
_21621_,8.24
_21631_,8.24
_21674_,8.24
_21788_,8.24
_22592_,8.24
_23115_,8.24
_23324_,8.24
_25344_,8.24
_25767_,8.24
_26140_,8.24
_26264_,8.24
_26279_,8.24
_26387_,8.24
_27221_,8.24
_27228_,8.24
_27991_,8.24
_27995_,8.24
_28105_,8.24
_28397_,8.24
_28476_,8.24
_28832_,8.24
_29277_,8.24
_30116_,8.24
_30230_,8.24
_30319_,8.24
_31189_,8.24
_31882_,8.24
_31901_,8.24
_31922_,8.24
_32551_,8.24
_34115_,8.24
_34133_,8.24
_34288_,8.24
_35493_,8.24
_36348_,8.24
_39445_,8.24
_39623_,8.24
_39875_,8.24
_40458_,8.24
_40871_,8.24
_40899_,8.24
_41564_,8.24
_41806_,8.24
_41868_,8.24
_42123_,8.24
_43159_,8.24
_43868_,8.24
_44053_,8.24
_44129_,8.24
k\[121\]\[6\],8.24
out\[10\]\[6\],8.24
q\[103\]\[0\],8.24
q\[1\]\[3\],8.24
raw_scores\[23\]\[11\],8.24
raw_scores\[2\]\[12\],8.24
scaled_scores\[3\]\[12\],8.24
scaled_scores\[57\]\[7\],8.24
weights\[0\]\[7\],8.24
net930,8.24
net935,8.24
net1181,8.24
net2348,8.24
net2376,8.24
net2546,8.24
net2599,8.24
net2824,8.24
net3002,8.24
net3071,8.24
net3318,8.24
net3419,8.24
net3924,8.24
net4552,8.24
net5815,8.24
net7203,8.24
net7323,8.24
_03161_,8.235
_44067_,8.23
_01522_,8.225
_01615_,8.225
_01910_,8.225
_03510_,8.225
_04901_,8.225
_05369_,8.225
_05559_,8.225
_05657_,8.225
_06594_,8.225
_07325_,8.22
_07857_,8.22
_08529_,8.22
_10303_,8.22
_19742_,8.22
_20861_,8.22
_22182_,8.22
_22258_,8.22
_22262_,8.22
_22879_,8.22
_23708_,8.22
_25494_,8.22
_25996_,8.22
_26740_,8.22
_27838_,8.22
_30113_,8.22
_33583_,8.22
_33602_,8.22
_34316_,8.22
_35692_,8.22
_40750_,8.22
_40927_,8.22
_42374_,8.22
_42488_,8.22
out\[65\]\[0\],8.22
out\[81\]\[4\],8.22
scaled_scores\[18\]\[5\],8.22
scaled_scores\[23\]\[0\],8.22
scaled_scores\[58\]\[12\],8.22
weights\[10\]\[6\],8.22
net2456,8.22
net3930,8.22
net4667,8.22
net4910,8.22
net4983,8.22
_25978_,8.215
_01381_,8.205
_02693_,8.205
_05100_,8.205
_05526_,8.205
_05860_,8.205
_06015_,8.205
_06127_,8.205
out\[38\]\[5\],8.205
v\[112\]\[3\],8.205
v\[81\]\[2\],8.205
weights\[45\]\[2\],8.205
_12421_,8.2
_12957_,8.2
_13815_,8.2
_14320_,8.2
_15276_,8.2
_19360_,8.2
_19495_,8.2
_19657_,8.2
_20053_,8.2
_21048_,8.2
_21328_,8.2
_22435_,8.2
_23401_,8.2
_23427_,8.2
_23564_,8.2
_24139_,8.2
_24172_,8.2
_24285_,8.2
_25151_,8.2
_25898_,8.2
_26792_,8.2
_27175_,8.2
_28409_,8.2
_28475_,8.2
_28515_,8.2
_28535_,8.2
_29118_,8.2
_30642_,8.2
_34443_,8.2
_34652_,8.2
_35181_,8.2
_36460_,8.2
_36657_,8.2
_37171_,8.2
_37586_,8.2
_39485_,8.2
_39642_,8.2
_39692_,8.2
_40168_,8.2
_40661_,8.2
_41389_,8.2
_42493_,8.2
_42894_,8.2
_43065_,8.2
_43215_,8.2
_43770_,8.2
_43783_,8.2
k\[111\]\[7\],8.2
k\[94\]\[1\],8.2
out\[100\]\[3\],8.2
out\[105\]\[0\],8.2
out\[21\]\[3\],8.2
out\[70\]\[7\],8.2
out\[77\]\[0\],8.2
q\[43\]\[4\],8.2
v\[53\]\[7\],8.2
weights\[21\]\[4\],8.2
weights\[21\]\[5\],8.2
net1524,8.2
net1920,8.2
net4448,8.2
net6026,8.2
net7740,8.2
_04668_,8.195
_06936_,8.195
_01547_,8.185
_03279_,8.185
_07163_,8.18
net1602,8.18
net1688,8.18
net7715,8.18
_25462_,8.175
_24420_,8.17
_29096_,8.17
_37992_,8.17
_41139_,8.17
row_data[19],8.17
row_data[88],8.17
_00398_,8.165
_01181_,8.165
_02974_,8.165
_03144_,8.165
_03185_,8.165
_04454_,8.165
_04817_,8.165
_04936_,8.165
_05690_,8.165
_05995_,8.165
_06082_,8.165
_00160_,8.16
_02451_,8.16
_04542_,8.16
_08438_,8.16
_08466_,8.16
_08895_,8.16
_14277_,8.16
_16587_,8.16
_17219_,8.16
_19687_,8.16
_24263_,8.16
_26157_,8.16
_28000_,8.16
_28430_,8.16
_29001_,8.16
_29183_,8.16
_29588_,8.16
_29729_,8.16
_30855_,8.16
_32287_,8.16
_36678_,8.16
_38385_,8.16
_43925_,8.16
q\[50\]\[3\],8.16
v\[60\]\[5\],8.16
net926,8.16
net943,8.16
net1096,8.16
net2345,8.16
net3201,8.16
net3228,8.16
net3406,8.16
net5031,8.16
net6034,8.16
net6495,8.16
_01903_,8.155
_02761_,8.155
_03467_,8.155
_04108_,8.155
_05432_,8.155
_29403_,8.155
_30197_,8.155
v\[102\]\[7\],8.155
_00546_,8.145
_03111_,8.145
_04424_,8.145
_05396_,8.145
_07043_,8.145
_00112_,8.14
_00223_,8.14
_07083_,8.14
_07727_,8.14
_09109_,8.14
_10136_,8.14
_10233_,8.14
_10496_,8.14
_10521_,8.14
_10580_,8.14
_10992_,8.14
_12009_,8.14
_12273_,8.14
_12326_,8.14
_12764_,8.14
_13218_,8.14
_14312_,8.14
_14409_,8.14
_14523_,8.14
_15561_,8.14
_15861_,8.14
_15881_,8.14
_16057_,8.14
_16239_,8.14
_16389_,8.14
_16442_,8.14
_16626_,8.14
_16982_,8.14
_17943_,8.14
_18865_,8.14
_19829_,8.14
_20486_,8.14
_20487_,8.14
_21205_,8.14
_23188_,8.14
_23290_,8.14
_23875_,8.14
_23884_,8.14
_24586_,8.14
_24916_,8.14
_27401_,8.14
_27682_,8.14
_28565_,8.14
_29576_,8.14
_29598_,8.14
_30232_,8.14
_30454_,8.14
_31319_,8.14
_31957_,8.14
_33339_,8.14
_34192_,8.14
_34891_,8.14
_35774_,8.14
_35781_,8.14
_36453_,8.14
_37324_,8.14
_37632_,8.14
_38291_,8.14
_39025_,8.14
_39328_,8.14
_39848_,8.14
_41328_,8.14
_42873_,8.14
_43161_,8.14
_43289_,8.14
k\[116\]\[4\],8.14
k\[84\]\[4\],8.14
q\[5\]\[2\],8.14
raw_scores\[12\]\[11\],8.14
raw_scores\[22\]\[2\],8.14
raw_scores\[27\]\[10\],8.14
raw_scores\[32\]\[15\],8.14
raw_scores\[49\]\[8\],8.14
raw_scores\[56\]\[2\],8.14
raw_scores\[57\]\[19\],8.14
raw_scores\[5\]\[18\],8.14
raw_scores\[60\]\[17\],8.14
raw_scores\[63\]\[18\],8.14
v\[19\]\[7\],8.14
v\[99\]\[7\],8.14
net959,8.14
net1108,8.14
net1300,8.14
net1744,8.14
net2360,8.14
net2700,8.14
net2777,8.14
net2992,8.14
net3270,8.14
net3413,8.14
net4889,8.14
net5423,8.14
net6187,8.14
net6367,8.14
net7014,8.14
net7333,8.14
net7371,8.14
net7755,8.14
_13283_,8.135
_26793_,8.135
net2568,8.135
net4694,8.135
k\[80\]\[2\],8.125
v\[16\]\[7\],8.125
v\[92\]\[0\],8.125
_07809_,8.12
_07912_,8.12
_08268_,8.12
_11345_,8.12
_11727_,8.12
_12804_,8.12
_14094_,8.12
_14405_,8.12
_15151_,8.12
_15764_,8.12
_16514_,8.12
_16995_,8.12
_18172_,8.12
_19396_,8.12
_19572_,8.12
_19816_,8.12
_19945_,8.12
_19949_,8.12
_20772_,8.12
_21072_,8.12
_21246_,8.12
_21305_,8.12
_22472_,8.12
_22734_,8.12
_22960_,8.12
_23336_,8.12
_24397_,8.12
_24460_,8.12
_24822_,8.12
_24898_,8.12
_25064_,8.12
_25975_,8.12
_26791_,8.12
_27394_,8.12
_28233_,8.12
_28864_,8.12
_28995_,8.12
_30073_,8.12
_30977_,8.12
_31111_,8.12
_31432_,8.12
_31781_,8.12
_31811_,8.12
_32476_,8.12
_32583_,8.12
_34570_,8.12
_34617_,8.12
_34714_,8.12
_34954_,8.12
_35213_,8.12
_35393_,8.12
_40419_,8.12
_40477_,8.12
_41081_,8.12
_41462_,8.12
_42039_,8.12
_42237_,8.12
_42606_,8.12
_44003_,8.12
k\[104\]\[5\],8.12
k\[4\]\[0\],8.12
out\[104\]\[7\],8.12
raw_scores\[17\]\[9\],8.12
raw_scores\[25\]\[5\],8.12
scaled_scores\[41\]\[7\],8.12
scaled_scores\[8\]\[14\],8.12
v\[79\]\[3\],8.12
v\[84\]\[4\],8.12
net343,8.12
net973,8.12
net2043,8.12
net2116,8.12
net2691,8.12
net2989,8.12
net3319,8.12
net3435,8.12
net3635,8.12
net3646,8.12
net4680,8.12
net5305,8.12
net6684,8.12
_41450_,8.115
_30628_,8.11
_43452_,8.11
_05799_,8.105
_06560_,8.105
_00146_,8.1
_07919_,8.1
_08078_,8.1
_08186_,8.1
_08453_,8.1
_08460_,8.1
_08652_,8.1
_09479_,8.1
_09891_,8.1
_10102_,8.1
_10320_,8.1
_10339_,8.1
_10503_,8.1
_11779_,8.1
_12120_,8.1
_12130_,8.1
_12236_,8.1
_12725_,8.1
_13948_,8.1
_14475_,8.1
_14688_,8.1
_14864_,8.1
_15192_,8.1
_15321_,8.1
_15677_,8.1
_15685_,8.1
_15829_,8.1
_15839_,8.1
_16010_,8.1
_16027_,8.1
_16061_,8.1
_16090_,8.1
_16258_,8.1
_16273_,8.1
_16401_,8.1
_16469_,8.1
_16500_,8.1
_16561_,8.1
_16694_,8.1
_16711_,8.1
_16998_,8.1
_17096_,8.1
_17115_,8.1
_17133_,8.1
_17259_,8.1
_17269_,8.1
_17270_,8.1
_17272_,8.1
_17471_,8.1
_17536_,8.1
_17657_,8.1
_17971_,8.1
_18544_,8.1
_18805_,8.1
_19801_,8.1
_20533_,8.1
_20805_,8.1
_20831_,8.1
_21105_,8.1
_21452_,8.1
_21706_,8.1
_22126_,8.1
_22494_,8.1
_22531_,8.1
_25534_,8.1
_26088_,8.1
_26438_,8.1
_26993_,8.1
_28544_,8.1
_29629_,8.1
_29901_,8.1
_30227_,8.1
_31024_,8.1
_31726_,8.1
_31789_,8.1
_32418_,8.1
_32536_,8.1
_33212_,8.1
_33708_,8.1
_34576_,8.1
_35053_,8.1
_35247_,8.1
_37589_,8.1
_38887_,8.1
_38923_,8.1
_39297_,8.1
_39304_,8.1
_39580_,8.1
_40270_,8.1
_40315_,8.1
_41085_,8.1
_41146_,8.1
_41531_,8.1
_42935_,8.1
_43619_,8.1
_43966_,8.1
_44066_,8.1
k\[41\]\[5\],8.1
k\[42\]\[3\],8.1
out\[31\]\[6\],8.1
out\[6\]\[1\],8.1
out\[92\]\[4\],8.1
q\[19\]\[3\],8.1
raw_scores\[13\]\[16\],8.1
raw_scores\[17\]\[3\],8.1
raw_scores\[31\]\[5\],8.1
raw_scores\[33\]\[15\],8.1
raw_scores\[35\]\[7\],8.1
raw_scores\[50\]\[2\],8.1
raw_scores\[50\]\[9\],8.1
raw_scores\[52\]\[4\],8.1
raw_scores\[58\]\[2\],8.1
v\[13\]\[0\],8.1
v\[47\]\[5\],8.1
v\[73\]\[0\],8.1
weights\[40\]\[3\],8.1
weights\[53\]\[2\],8.1
net1611,8.1
net1791,8.1
net1794,8.1
net2067,8.1
net2088,8.1
net2335,8.1
net2628,8.1
net2866,8.1
net4135,8.1
net4391,8.1
net5639,8.1
net5793,8.1
net6235,8.1
net6301,8.1
net6685,8.1
net7731,8.1
_28917_,8.095
_05509_,8.085
_05545_,8.085
_40625_,8.085
scaled_scores\[7\]\[13\],8.085
_10879_,8.08
_13859_,8.08
_16615_,8.08
_17036_,8.08
_22614_,8.08
_28605_,8.08
_29665_,8.08
_32175_,8.08
_35792_,8.08
_36999_,8.08
_37814_,8.08
_38247_,8.08
_39862_,8.08
_40205_,8.08
_40329_,8.08
_40515_,8.08
_41013_,8.08
_42997_,8.08
k\[77\]\[7\],8.08
k\[99\]\[6\],8.08
q\[127\]\[2\],8.08
raw_scores\[13\]\[6\],8.08
scaled_scores\[48\]\[6\],8.08
weights\[35\]\[2\],8.08
weights\[47\]\[0\],8.08
net1571,8.08
net4159,8.08
k\[18\]\[7\],8.07
_00351_,8.065
_00570_,8.065
_01358_,8.065
_01383_,8.065
_01752_,8.065
_01799_,8.065
_02347_,8.065
_02561_,8.065
_02621_,8.065
_02799_,8.065
_03045_,8.065
_03254_,8.065
_04570_,8.065
_04661_,8.065
_04948_,8.065
_05038_,8.065
_05052_,8.065
_05692_,8.065
_06037_,8.065
_06855_,8.065
_07116_,8.06
_08456_,8.06
_10138_,8.06
_10468_,8.06
_10952_,8.06
_11316_,8.06
_12146_,8.06
_13023_,8.06
_14972_,8.06
_15013_,8.06
_15377_,8.06
_16342_,8.06
_16358_,8.06
_16472_,8.06
_17675_,8.06
_18192_,8.06
_18300_,8.06
_18344_,8.06
_18602_,8.06
_18641_,8.06
_19906_,8.06
_20342_,8.06
_21929_,8.06
_23481_,8.06
_25075_,8.06
_26439_,8.06
_27419_,8.06
_28591_,8.06
_29055_,8.06
_29800_,8.06
_30333_,8.06
_31524_,8.06
_31716_,8.06
_32383_,8.06
_32829_,8.06
_33861_,8.06
_34604_,8.06
_35286_,8.06
_42229_,8.06
_43302_,8.06
out\[51\]\[0\],8.06
raw_scores\[20\]\[19\],8.06
raw_scores\[32\]\[16\],8.06
raw_scores\[35\]\[4\],8.06
raw_scores\[48\]\[14\],8.06
raw_scores\[49\]\[11\],8.06
raw_scores\[49\]\[12\],8.06
raw_scores\[53\]\[10\],8.06
raw_scores\[53\]\[15\],8.06
raw_scores\[55\]\[16\],8.06
raw_scores\[57\]\[3\],8.06
raw_scores\[8\]\[19\],8.06
net5552,8.06
_36801_,8.055
_07559_,8.05
_21611_,8.05
_28947_,8.05
_04024_,8.04
_05565_,8.04
_07437_,8.04
_07879_,8.04
_07882_,8.04
_08402_,8.04
_09144_,8.04
_09793_,8.04
_12102_,8.04
_13029_,8.04
_13835_,8.04
_13857_,8.04
_15279_,8.04
_16611_,8.04
_18521_,8.04
_21343_,8.04
_21397_,8.04
_21766_,8.04
_21857_,8.04
_24121_,8.04
_24312_,8.04
_24350_,8.04
_25012_,8.04
_25446_,8.04
_26633_,8.04
_26794_,8.04
_26924_,8.04
_26968_,8.04
_27193_,8.04
_27348_,8.04
_29654_,8.04
_30307_,8.04
_30722_,8.04
_32528_,8.04
_34009_,8.04
_34120_,8.04
_40463_,8.04
_40642_,8.04
_41114_,8.04
out_row_data[101],8.04
out_row_data[107],8.04
out_row_data[121],8.04
out_row_data[123],8.04
out_row_data[18],8.04
out_row_data[26],8.04
out_row_data[39],8.04
out_row_data[45],8.04
out_row_data[4],8.04
out_row_data[5],8.04
out_row_data[6],8.04
out_row_data[82],8.04
out_row_data[89],8.04
out_row_data[93],8.04
out_row_data[9],8.04
net1210,8.04
net1249,8.04
net4233,8.04
net4416,8.04
net5264,8.04
net7040,8.04
net7417,8.04
_03969_,8.035
_05864_,8.035
_39517_,8.03
_00614_,8.025
_00854_,8.025
_01339_,8.025
_01443_,8.025
_01494_,8.025
_01853_,8.025
_01932_,8.025
_02443_,8.025
_02577_,8.025
_03316_,8.025
_03589_,8.025
_03618_,8.025
_04260_,8.025
_04400_,8.025
_05493_,8.025
_05987_,8.025
_06301_,8.025
_06342_,8.025
_32315_,8.025
_07128_,8.02
_07342_,8.02
_07346_,8.02
_07402_,8.02
_07435_,8.02
_08621_,8.02
_08769_,8.02
_08780_,8.02
_09925_,8.02
_10323_,8.02
_11106_,8.02
_11297_,8.02
_11450_,8.02
_11594_,8.02
_12604_,8.02
_12873_,8.02
_13020_,8.02
_13296_,8.02
_13691_,8.02
_15267_,8.02
_15806_,8.02
_15943_,8.02
_16015_,8.02
_16062_,8.02
_16692_,8.02
_16962_,8.02
_17222_,8.02
_17343_,8.02
_17380_,8.02
_17486_,8.02
_17617_,8.02
_17631_,8.02
_17782_,8.02
_18280_,8.02
_18371_,8.02
_18769_,8.02
_19010_,8.02
_19073_,8.02
_19357_,8.02
_20085_,8.02
_20132_,8.02
_20569_,8.02
_20931_,8.02
_21575_,8.02
_21720_,8.02
_21835_,8.02
_21892_,8.02
_22546_,8.02
_22663_,8.02
_23294_,8.02
_23587_,8.02
_26011_,8.02
_26108_,8.02
_26177_,8.02
_26640_,8.02
_28210_,8.02
_28491_,8.02
_28737_,8.02
_28872_,8.02
_30447_,8.02
_30546_,8.02
_30590_,8.02
_30990_,8.02
_31106_,8.02
_31144_,8.02
_31808_,8.02
_31949_,8.02
_32542_,8.02
_32958_,8.02
_33400_,8.02
_33473_,8.02
_33524_,8.02
_33888_,8.02
_34226_,8.02
_35488_,8.02
_36383_,8.02
_36762_,8.02
_39602_,8.02
_39787_,8.02
_40483_,8.02
_40613_,8.02
_40800_,8.02
_41262_,8.02
_41342_,8.02
_42545_,8.02
k\[106\]\[7\],8.02
k\[41\]\[3\],8.02
k\[65\]\[0\],8.02
k\[98\]\[2\],8.02
out\[86\]\[4\],8.02
q\[10\]\[7\],8.02
q\[32\]\[7\],8.02
q\[36\]\[4\],8.02
v\[120\]\[3\],8.02
v\[24\]\[0\],8.02
v\[24\]\[3\],8.02
v\[36\]\[6\],8.02
v\[89\]\[0\],8.02
net909,8.02
net1516,8.02
net1660,8.02
net1665,8.02
net1673,8.02
net2020,8.02
net2422,8.02
net2451,8.02
net2663,8.02
net2735,8.02
net2786,8.02
net2935,8.02
net3080,8.02
net3216,8.02
net3395,8.02
net3722,8.02
net3845,8.02
net3850,8.02
net3988,8.02
net4088,8.02
net4216,8.02
net4267,8.02
net4496,8.02
net4545,8.02
net4549,8.02
net4558,8.02
net4612,8.02
net4655,8.02
net4805,8.02
net4817,8.02
net5050,8.02
net5118,8.02
net5448,8.02
net6266,8.02
net6287,8.02
net6328,8.02
net6343,8.02
net6552,8.02
net6622,8.02
net6696,8.02
net7088,8.02
net7401,8.02
net7710,8.02
net7794,8.02
_26109_,8.015
_30623_,8.015
_29149_,8.01
_29868_,8.01
_43419_,8.01
_03897_,8.005
_04450_,8.005
_04714_,8.005
_05628_,8.005
out\[47\]\[2\],8.005
_01034_,8
_01354_,8
_02481_,8
_04226_,8
_07711_,8
_07962_,8
_08647_,8
_08818_,8
_08971_,8
_10248_,8
_11045_,8
_13860_,8
_14072_,8
_15327_,8
_15332_,8
_15883_,8
_17153_,8
_17172_,8
_17475_,8
_18067_,8
_19299_,8
_20682_,8
_20907_,8
_21365_,8
_21604_,8
_22816_,8
_22818_,8
_22983_,8
_24142_,8
_24347_,8
_25308_,8
_25396_,8
_26751_,8
_27163_,8
_27664_,8
_27831_,8
_28031_,8
_28179_,8
_28239_,8
_28530_,8
_28813_,8
_30435_,8
_30507_,8
_30978_,8
_31868_,8
_32243_,8
_34083_,8
_34395_,8
_37559_,8
_39326_,8
_39475_,8
_39536_,8
_39754_,8
_40317_,8
_40388_,8
_40876_,8
_40997_,8
_41059_,8
_41780_,8
_42759_,8
_43710_,8
_43932_,8
_44065_,8
out\[35\]\[2\],8
q\[45\]\[0\],8
v\[14\]\[0\],8
v\[51\]\[0\],8
weights\[15\]\[7\],8
net375,8
net1687,8
net1804,8
net4902,8
net4971,8
net7759,8
_05750_,7.985
q\[49\]\[0\],7.985
_07085_,7.98
_07751_,7.98
_07771_,7.98
_07822_,7.98
_07845_,7.98
_07990_,7.98
_08617_,7.98
_08649_,7.98
_09113_,7.98
_10150_,7.98
_10586_,7.98
_10690_,7.98
_11305_,7.98
_11370_,7.98
_11372_,7.98
_11413_,7.98
_11501_,7.98
_11681_,7.98
_12335_,7.98
_12434_,7.98
_12891_,7.98
_12909_,7.98
_13097_,7.98
_13114_,7.98
_13198_,7.98
_13735_,7.98
_13942_,7.98
_14934_,7.98
_15280_,7.98
_15662_,7.98
_15882_,7.98
_15901_,7.98
_16079_,7.98
_16693_,7.98
_16934_,7.98
_17438_,7.98
_17467_,7.98
_18101_,7.98
_18162_,7.98
_18356_,7.98
_18484_,7.98
_18607_,7.98
_19258_,7.98
_19324_,7.98
_19334_,7.98
_19682_,7.98
_19704_,7.98
_20781_,7.98
_20846_,7.98
_21591_,7.98
_21689_,7.98
_22018_,7.98
_22078_,7.98
_22192_,7.98
_22434_,7.98
_22539_,7.98
_23142_,7.98
_23187_,7.98
_23595_,7.98
_25172_,7.98
_25290_,7.98
_25413_,7.98
_26010_,7.98
_27599_,7.98
_28099_,7.98
_28416_,7.98
_29903_,7.98
_30257_,7.98
_30322_,7.98
_30551_,7.98
_32106_,7.98
_32198_,7.98
_32525_,7.98
_32887_,7.98
_33623_,7.98
_33741_,7.98
_33812_,7.98
_34644_,7.98
_34803_,7.98
_35500_,7.98
_35794_,7.98
_36021_,7.98
_36374_,7.98
_39108_,7.98
_39674_,7.98
_39968_,7.98
_40125_,7.98
_40852_,7.98
_40958_,7.98
_41656_,7.98
_41796_,7.98
_42427_,7.98
_42868_,7.98
_43239_,7.98
_43549_,7.98
_43827_,7.98
_44046_,7.98
k\[100\]\[4\],7.98
k\[106\]\[6\],7.98
k\[109\]\[1\],7.98
k\[16\]\[5\],7.98
k\[97\]\[0\],7.98
out\[102\]\[3\],7.98
out\[107\]\[4\],7.98
out\[124\]\[1\],7.98
out\[1\]\[0\],7.98
out\[21\]\[1\],7.98
q\[119\]\[0\],7.98
scaled_scores\[12\]\[10\],7.98
scaled_scores\[14\]\[10\],7.98
v\[110\]\[6\],7.98
v\[61\]\[6\],7.98
v\[94\]\[4\],7.98
v\[98\]\[4\],7.98
weights\[1\]\[0\],7.98
weights\[5\]\[1\],7.98
net714,7.98
net1227,7.98
net4372,7.98
net4922,7.98
net4964,7.98
net5112,7.98
net5493,7.98
net5565,7.98
net5679,7.98
net5863,7.98
net6387,7.98
net6669,7.98
net7390,7.98
net7536,7.98
_03083_,7.965
_05300_,7.965
_06203_,7.965
_33019_,7.965
_10546_,7.96
_11981_,7.96
_12340_,7.96
_21174_,7.96
_28473_,7.96
_32546_,7.96
_32592_,7.96
_37339_,7.96
_38194_,7.96
_38760_,7.96
_39006_,7.96
_40730_,7.96
_40942_,7.96
out\[100\]\[6\],7.96
raw_scores\[20\]\[4\],7.96
scaled_scores\[44\]\[3\],7.96
v\[21\]\[0\],7.96
v\[83\]\[5\],7.96
weights\[23\]\[4\],7.96
weights\[60\]\[0\],7.96
_21351_,7.955
_08577_,7.95
_25884_,7.95
_28704_,7.95
_02431_,7.945
_04851_,7.945
_05540_,7.945
_06948_,7.945
_01633_,7.94
_02600_,7.94
_06119_,7.94
_09669_,7.94
_09724_,7.94
_10168_,7.94
_10438_,7.94
_11637_,7.94
_11642_,7.94
_12408_,7.94
_14848_,7.94
_15548_,7.94
_15749_,7.94
_16494_,7.94
_16808_,7.94
_16956_,7.94
_17079_,7.94
_17473_,7.94
_17696_,7.94
_17824_,7.94
_17840_,7.94
_17927_,7.94
_18630_,7.94
_18673_,7.94
_18675_,7.94
_19284_,7.94
_21792_,7.94
_22559_,7.94
_22770_,7.94
_25490_,7.94
_26796_,7.94
_26913_,7.94
_28049_,7.94
_30589_,7.94
_33329_,7.94
_34820_,7.94
_36482_,7.94
_38518_,7.94
_39540_,7.94
_40678_,7.94
out\[12\]\[4\],7.94
raw_scores\[16\]\[2\],7.94
raw_scores\[6\]\[19\],7.94
scaled_scores\[20\]\[11\],7.94
v\[126\]\[3\],7.94
net1779,7.94
net3864,7.94
_00843_,7.935
_02252_,7.935
_04253_,7.935
_27654_,7.93
_28982_,7.93
_03382_,7.925
_04708_,7.925
_41828_,7.925
v\[65\]\[2\],7.925
_00427_,7.92
_01585_,7.92
_02053_,7.92
_03101_,7.92
_03306_,7.92
_05766_,7.92
_07718_,7.92
_08799_,7.92
_10391_,7.92
_19959_,7.92
_20218_,7.92
_22185_,7.92
_22367_,7.92
_25306_,7.92
_25701_,7.92
_25864_,7.92
_26453_,7.92
_27711_,7.92
_29163_,7.92
_30177_,7.92
_32104_,7.92
_37572_,7.92
_39771_,7.92
_40348_,7.92
_40436_,7.92
_41253_,7.92
_42132_,7.92
_42980_,7.92
_43650_,7.92
_43903_,7.92
k\[48\]\[1\],7.92
k\[57\]\[5\],7.92
out\[53\]\[3\],7.92
q\[57\]\[6\],7.92
scaled_scores\[29\]\[3\],7.92
net1521,7.92
net1704,7.92
net2213,7.92
net2346,7.92
net2431,7.92
net2476,7.92
net2499,7.92
net2754,7.92
net2826,7.92
net2851,7.92
net2987,7.92
net3004,7.92
net3372,7.92
net3453,7.92
net3654,7.92
net3742,7.92
net3775,7.92
net3806,7.92
net4019,7.92
net4063,7.92
net4188,7.92
net4207,7.92
net4257,7.92
net4288,7.92
net4717,7.92
net4858,7.92
net4933,7.92
net5056,7.92
net5496,7.92
net5756,7.92
net5862,7.92
net5971,7.92
net6470,7.92
net6473,7.92
net7011,7.92
net7314,7.92
net7881,7.92
_03860_,7.915
_07592_,7.91
_13358_,7.91
_34015_,7.91
_03410_,7.905
_23440_,7.905
k\[80\]\[5\],7.905
_08134_,7.9
_08709_,7.9
_09381_,7.9
_10162_,7.9
_10947_,7.9
_12316_,7.9
_12639_,7.9
_12898_,7.9
_13734_,7.9
_14313_,7.9
_15127_,7.9
_15193_,7.9
_15742_,7.9
_15931_,7.9
_16523_,7.9
_16836_,7.9
_16990_,7.9
_17044_,7.9
_17081_,7.9
_17164_,7.9
_17710_,7.9
_19488_,7.9
_19933_,7.9
_20064_,7.9
_20330_,7.9
_20824_,7.9
_21499_,7.9
_21781_,7.9
_22621_,7.9
_23068_,7.9
_23550_,7.9
_23961_,7.9
_24395_,7.9
_24824_,7.9
_25269_,7.9
_25276_,7.9
_25775_,7.9
_25871_,7.9
_26052_,7.9
_26209_,7.9
_26241_,7.9
_26258_,7.9
_26345_,7.9
_26876_,7.9
_27317_,7.9
_27809_,7.9
_29283_,7.9
_29298_,7.9
_29381_,7.9
_29956_,7.9
_30035_,7.9
_30587_,7.9
_30674_,7.9
_31248_,7.9
_31332_,7.9
_31853_,7.9
_31915_,7.9
_32876_,7.9
_33090_,7.9
_33962_,7.9
_34642_,7.9
_34728_,7.9
_37118_,7.9
_38029_,7.9
_38528_,7.9
_39734_,7.9
_40221_,7.9
_40622_,7.9
_40926_,7.9
_40981_,7.9
_41037_,7.9
_41327_,7.9
_41533_,7.9
_41827_,7.9
_42502_,7.9
_42531_,7.9
_43742_,7.9
k\[12\]\[2\],7.9
k\[97\]\[3\],7.9
q\[37\]\[6\],7.9
q\[46\]\[1\],7.9
q\[68\]\[2\],7.9
q\[74\]\[5\],7.9
q\[75\]\[6\],7.9
raw_scores\[41\]\[14\],7.9
scaled_scores\[27\]\[10\],7.9
scaled_scores\[48\]\[12\],7.9
v\[18\]\[7\],7.9
weights\[4\]\[3\],7.9
weights\[6\]\[1\],7.9
net1203,7.9
net2110,7.9
net3237,7.9
net3523,7.9
net3743,7.9
net4633,7.9
net5238,7.9
net6053,7.9
net7124,7.9
net7284,7.9
_02072_,7.895
_27855_,7.895
_43481_,7.895
_13407_,7.89
_19974_,7.89
_00777_,7.885
_04196_,7.885
_05705_,7.885
k\[91\]\[4\],7.885
_01117_,7.88
_02878_,7.88
_03684_,7.88
_03912_,7.88
_05853_,7.88
_06197_,7.88
_08532_,7.88
_09956_,7.88
_12742_,7.88
_15236_,7.88
_16519_,7.88
_16980_,7.88
_17048_,7.88
_17912_,7.88
_18654_,7.88
_19514_,7.88
_19641_,7.88
_21989_,7.88
_25824_,7.88
_26056_,7.88
_26524_,7.88
_27110_,7.88
_27172_,7.88
_27351_,7.88
_28580_,7.88
_28707_,7.88
_31320_,7.88
_32503_,7.88
_33092_,7.88
_33664_,7.88
_34563_,7.88
_39680_,7.88
_40370_,7.88
_42524_,7.88
_44058_,7.88
_44081_,7.88
k\[109\]\[4\],7.88
out\[61\]\[7\],7.88
q\[65\]\[5\],7.88
scaled_scores\[7\]\[0\],7.88
net2789,7.88
net3219,7.88
net3621,7.88
net3691,7.88
net4272,7.88
net4356,7.88
net4461,7.88
net5657,7.88
net5866,7.88
net6463,7.88
net6546,7.88
net7400,7.88
_00528_,7.875
_00883_,7.865
scaled_scores\[43\]\[4\],7.865
weights\[47\]\[4\],7.865
_00149_,7.86
_08772_,7.86
_13507_,7.86
_13678_,7.86
_13751_,7.86
_13910_,7.86
_14362_,7.86
_15229_,7.86
_15973_,7.86
_19814_,7.86
_20169_,7.86
_20779_,7.86
_21257_,7.86
_21274_,7.86
_21964_,7.86
_21993_,7.86
_22695_,7.86
_23562_,7.86
_24630_,7.86
_24974_,7.86
_25455_,7.86
_25908_,7.86
_27697_,7.86
_27707_,7.86
_28184_,7.86
_28878_,7.86
_30746_,7.86
_31656_,7.86
_31736_,7.86
_31851_,7.86
_33928_,7.86
_34203_,7.86
_34795_,7.86
_37687_,7.86
_39088_,7.86
_41136_,7.86
_41523_,7.86
_41583_,7.86
_41804_,7.86
_42140_,7.86
_42275_,7.86
_43891_,7.86
_44039_,7.86
k\[74\]\[2\],7.86
k\[79\]\[4\],7.86
k\[97\]\[2\],7.86
out\[100\]\[7\],7.86
q\[98\]\[2\],7.86
raw_scores\[28\]\[10\],7.86
v\[0\]\[3\],7.86
weights\[22\]\[1\],7.86
weights\[48\]\[2\],7.86
clknet_leaf_852_clk,7.86
net1350,7.86
net2408,7.86
net2625,7.86
net3420,7.86
net7654,7.86
_31622_,7.85
_00037_,7.845
_00515_,7.845
_00607_,7.845
_01120_,7.845
_01389_,7.845
_01727_,7.845
_01872_,7.845
_01998_,7.845
_02307_,7.845
_02654_,7.845
_02767_,7.845
_03660_,7.845
_05230_,7.845
_05457_,7.845
_06684_,7.845
_06714_,7.845
_12037_,7.84
_16034_,7.84
_22605_,7.84
_23222_,7.84
_27139_,7.84
k\[42\]\[2\],7.84
v\[54\]\[2\],7.84
net3300,7.84
net7696,7.84
_02794_,7.835
net1599,7.83
_00084_,7.825
_01538_,7.825
_02208_,7.825
_03052_,7.825
net903,7.825
_08836_,7.82
_08952_,7.82
_22121_,7.82
_26172_,7.82
_33437_,7.82
_38338_,7.82
_43939_,7.82
net923,7.82
net1347,7.82
net1748,7.82
net1852,7.82
net1867,7.82
net2004,7.82
net2743,7.82
net2889,7.82
net3157,7.82
net3241,7.82
net3279,7.82
net3445,7.82
net3689,7.82
net4130,7.82
net4247,7.82
net4457,7.82
net4598,7.82
net4818,7.82
net4888,7.82
net5165,7.82
net5360,7.82
net5779,7.82
net6624,7.82
net6870,7.82
net6990,7.82
net7012,7.82
net7140,7.82
net7616,7.82
net7636,7.82
net7639,7.82
_02304_,7.815
_04766_,7.815
_19593_,7.81
_19726_,7.81
_01162_,7.805
_01307_,7.805
_01989_,7.805
_03020_,7.805
_04142_,7.805
_04588_,7.805
_05143_,7.805
_06080_,7.805
_06873_,7.805
_03676_,7.8
_05680_,7.8
_07144_,7.8
_07197_,7.8
_07261_,7.8
_07668_,7.8
_07811_,7.8
_17668_,7.8
_21354_,7.8
_23220_,7.8
_30005_,7.8
_30762_,7.8
_31213_,7.8
_33020_,7.8
_35986_,7.8
_40347_,7.8
_42865_,7.8
_43711_,7.8
net1128,7.8
net1414,7.8
net1483,7.8
net1668,7.8
net1884,7.8
net1938,7.8
net1944,7.8
net2160,7.8
net2460,7.8
net2680,7.8
net3695,7.8
net3702,7.8
net3720,7.8
net4014,7.8
net4078,7.8
net4102,7.8
net4161,7.8
net4690,7.8
net5633,7.8
net5781,7.8
net6568,7.8
net6884,7.8
net7657,7.8
net7671,7.8
net7719,7.8
weights\[41\]\[1\],7.785
_03652_,7.78
_05624_,7.78
_06589_,7.78
_06795_,7.78
_07687_,7.78
_10964_,7.78
_11745_,7.78
_12630_,7.78
_13580_,7.78
_13992_,7.78
_14451_,7.78
_15650_,7.78
_17208_,7.78
_17451_,7.78
_18457_,7.78
_20587_,7.78
_20688_,7.78
_21225_,7.78
_22054_,7.78
_22449_,7.78
_22492_,7.78
_22898_,7.78
_23018_,7.78
_23110_,7.78
_23461_,7.78
_23834_,7.78
_23837_,7.78
_24694_,7.78
_26606_,7.78
_26778_,7.78
_26961_,7.78
_27864_,7.78
_27888_,7.78
_27997_,7.78
_28432_,7.78
_28776_,7.78
_29714_,7.78
_30398_,7.78
_30421_,7.78
_30881_,7.78
_31765_,7.78
_31879_,7.78
_32306_,7.78
_32452_,7.78
_32526_,7.78
_34436_,7.78
_34446_,7.78
_35222_,7.78
_36387_,7.78
_37658_,7.78
_38358_,7.78
_38963_,7.78
_38977_,7.78
_39860_,7.78
_40938_,7.78
_40944_,7.78
_41802_,7.78
_42625_,7.78
_42643_,7.78
_43111_,7.78
_43870_,7.78
_43890_,7.78
_44176_,7.78
k\[12\]\[4\],7.78
k\[36\]\[5\],7.78
k\[43\]\[3\],7.78
out\[118\]\[5\],7.78
out\[119\]\[1\],7.78
out\[24\]\[4\],7.78
q\[51\]\[6\],7.78
scaled_scores\[11\]\[10\],7.78
scaled_scores\[5\]\[13\],7.78
v\[29\]\[3\],7.78
weights\[61\]\[6\],7.78
weights\[62\]\[0\],7.78
net3304,7.78
net3376,7.78
net3721,7.78
net4239,7.78
net4386,7.78
net4718,7.78
net5228,7.78
net5347,7.78
net6142,7.78
net7039,7.78
net7319,7.78
net7553,7.78
_35204_,7.775
_41724_,7.775
v\[29\]\[7\],7.775
_38107_,7.77
q\[67\]\[2\],7.77
_00650_,7.765
_01278_,7.765
_02029_,7.765
_04997_,7.765
k\[24\]\[0\],7.765
_08793_,7.76
_11360_,7.76
_12938_,7.76
_20814_,7.76
_22216_,7.76
_23015_,7.76
_23400_,7.76
_24751_,7.76
_26801_,7.76
_29282_,7.76
_32270_,7.76
_33775_,7.76
_37598_,7.76
_40514_,7.76
_41055_,7.76
k\[40\]\[5\],7.76
k\[97\]\[1\],7.76
out\[67\]\[1\],7.76
q\[21\]\[6\],7.76
q\[77\]\[5\],7.76
v\[106\]\[5\],7.76
v\[77\]\[1\],7.76
v\[93\]\[3\],7.76
weights\[39\]\[5\],7.76
weights\[52\]\[2\],7.76
net1316,7.76
net6562,7.76
net7152,7.76
_27631_,7.755
_02971_,7.745
_03132_,7.745
_05154_,7.745
_05840_,7.745
_05941_,7.745
q\[58\]\[1\],7.745
scaled_scores\[46\]\[1\],7.745
_00383_,7.74
_00877_,7.74
_08788_,7.74
_10512_,7.74
_11226_,7.74
_13016_,7.74
_13304_,7.74
_14395_,7.74
_14418_,7.74
_14497_,7.74
_19348_,7.74
_20096_,7.74
_20235_,7.74
_20491_,7.74
_20740_,7.74
_21208_,7.74
_21837_,7.74
_21884_,7.74
_22027_,7.74
_22360_,7.74
_22764_,7.74
_22854_,7.74
_24425_,7.74
_24434_,7.74
_24914_,7.74
_27009_,7.74
_28242_,7.74
_29694_,7.74
_30115_,7.74
_30531_,7.74
_31313_,7.74
_31343_,7.74
_32181_,7.74
_34748_,7.74
_34777_,7.74
_35261_,7.74
_37651_,7.74
_38210_,7.74
_38649_,7.74
_39262_,7.74
_39749_,7.74
_39825_,7.74
_41035_,7.74
_41899_,7.74
_42210_,7.74
_42358_,7.74
_42415_,7.74
_43887_,7.74
k\[100\]\[2\],7.74
k\[115\]\[7\],7.74
k\[122\]\[7\],7.74
k\[127\]\[1\],7.74
k\[83\]\[1\],7.74
out\[74\]\[7\],7.74
q\[11\]\[2\],7.74
scaled_scores\[42\]\[3\],7.74
scaled_scores\[50\]\[10\],7.74
v\[114\]\[7\],7.74
v\[15\]\[7\],7.74
v\[19\]\[1\],7.74
v\[1\]\[0\],7.74
v\[71\]\[2\],7.74
v\[71\]\[6\],7.74
weights\[62\]\[6\],7.74
net3519,7.74
_35638_,7.735
_28988_,7.73
_00382_,7.725
_01993_,7.725
_04353_,7.725
_04782_,7.725
_04898_,7.725
_06842_,7.725
_37756_,7.725
_21738_,7.72
_38428_,7.72
_40833_,7.72
q\[98\]\[6\],7.72
v\[10\]\[6\],7.72
v\[81\]\[7\],7.72
net4830,7.72
_00612_,7.715
_39688_,7.71
_01758_,7.705
_03657_,7.705
_01801_,7.7
_07517_,7.7
_07858_,7.7
_13832_,7.7
_14082_,7.7
_16150_,7.7
_19547_,7.7
_19831_,7.7
_21143_,7.7
_21300_,7.7
_21443_,7.7
_21523_,7.7
_24492_,7.7
_24581_,7.7
_25044_,7.7
_26601_,7.7
_26823_,7.7
_26834_,7.7
_27165_,7.7
_38759_,7.7
_41694_,7.7
_42437_,7.7
_42897_,7.7
net928,7.7
net1077,7.7
net1398,7.7
net1419,7.7
net1749,7.7
net2327,7.7
net2388,7.7
net4314,7.7
net4976,7.7
net6202,7.7
net7610,7.7
net7704,7.7
net7868,7.7
_01314_,7.695
_05289_,7.695
_05619_,7.695
_05945_,7.695
_21894_,7.695
v\[102\]\[3\],7.695
_35900_,7.69
_42983_,7.69
_03705_,7.685
_03799_,7.685
_05241_,7.685
_05382_,7.685
scaled_scores\[43\]\[0\],7.685
_00159_,7.68
_07160_,7.68
_07277_,7.68
_08746_,7.68
_08747_,7.68
_09489_,7.68
_10784_,7.68
_10988_,7.68
_11771_,7.68
_11827_,7.68
_13615_,7.68
_14002_,7.68
_15933_,7.68
_16032_,7.68
_16093_,7.68
_16097_,7.68
_16182_,7.68
_16207_,7.68
_16614_,7.68
_16638_,7.68
_16681_,7.68
_17173_,7.68
_17618_,7.68
_18203_,7.68
_18603_,7.68
_19327_,7.68
_20007_,7.68
_20336_,7.68
_20713_,7.68
_21244_,7.68
_23135_,7.68
_23197_,7.68
_23928_,7.68
_25357_,7.68
_27056_,7.68
_28380_,7.68
_28435_,7.68
_28461_,7.68
_29562_,7.68
_30036_,7.68
_30345_,7.68
_30844_,7.68
_31475_,7.68
_31746_,7.68
_32578_,7.68
_33002_,7.68
_34724_,7.68
_37217_,7.68
_37853_,7.68
_38699_,7.68
_39128_,7.68
_40077_,7.68
_40571_,7.68
_40900_,7.68
_41449_,7.68
_42423_,7.68
_42552_,7.68
_42558_,7.68
_43398_,7.68
_44185_,7.68
_44216_,7.68
k\[48\]\[7\],7.68
out\[55\]\[1\],7.68
raw_scores\[37\]\[17\],7.68
raw_scores\[4\]\[11\],7.68
raw_scores\[58\]\[9\],7.68
raw_scores\[60\]\[3\],7.68
scaled_scores\[2\]\[2\],7.68
weights\[28\]\[1\],7.68
net942,7.68
net995,7.68
net1863,7.68
net3638,7.68
net4138,7.68
net4214,7.68
net5022,7.68
net5436,7.68
net5467,7.68
net5591,7.68
net5687,7.68
net5949,7.68
net6373,7.68
net6469,7.68
net6683,7.68
net6976,7.68
net7062,7.68
net7123,7.68
net7448,7.68
net7460,7.68
net7847,7.68
_35195_,7.675
_38437_,7.675
net914,7.67
_01041_,7.66
_02598_,7.66
_07875_,7.66
_07918_,7.66
_09045_,7.66
_12466_,7.66
_13572_,7.66
_14664_,7.66
_14729_,7.66
_15584_,7.66
_16935_,7.66
_17337_,7.66
_18177_,7.66
_18789_,7.66
_19728_,7.66
_20045_,7.66
_20246_,7.66
_20376_,7.66
_22277_,7.66
_23256_,7.66
_24061_,7.66
_26437_,7.66
_26451_,7.66
_26577_,7.66
_26636_,7.66
_26693_,7.66
_27092_,7.66
_27636_,7.66
_28870_,7.66
_29376_,7.66
_30201_,7.66
_30456_,7.66
_30828_,7.66
_31045_,7.66
_31385_,7.66
_31741_,7.66
_33215_,7.66
_33857_,7.66
_34151_,7.66
_34314_,7.66
_36186_,7.66
_37113_,7.66
_37792_,7.66
_38591_,7.66
_39425_,7.66
_41321_,7.66
_41428_,7.66
_41610_,7.66
_41962_,7.66
_42108_,7.66
_42429_,7.66
_42451_,7.66
_43084_,7.66
_44153_,7.66
k\[113\]\[5\],7.66
out\[114\]\[3\],7.66
out\[98\]\[7\],7.66
q\[28\]\[2\],7.66
q\[36\]\[0\],7.66
q\[55\]\[3\],7.66
q\[78\]\[1\],7.66
raw_scores\[28\]\[5\],7.66
raw_scores\[49\]\[5\],7.66
scaled_scores\[23\]\[2\],7.66
scaled_scores\[32\]\[7\],7.66
weights\[60\]\[4\],7.66
net1109,7.66
net2874,7.66
net3482,7.66
net3853,7.66
net4340,7.66
net5173,7.66
net6352,7.66
net6485,7.66
_25498_,7.65
_39977_,7.65
_00481_,7.645
_01276_,7.645
_01696_,7.645
_01784_,7.645
_02676_,7.645
_03450_,7.645
_03464_,7.645
_03694_,7.645
_07018_,7.645
v\[4\]\[4\],7.645
_00132_,7.64
_07502_,7.64
_07508_,7.64
_07569_,7.64
_07787_,7.64
_08147_,7.64
_08545_,7.64
_08708_,7.64
_08730_,7.64
_09620_,7.64
_09734_,7.64
_10092_,7.64
_10212_,7.64
_10452_,7.64
_11559_,7.64
_11604_,7.64
_11656_,7.64
_11662_,7.64
_11968_,7.64
_12212_,7.64
_12595_,7.64
_12612_,7.64
_13214_,7.64
_14439_,7.64
_14596_,7.64
_14869_,7.64
_15496_,7.64
_15614_,7.64
_15788_,7.64
_15823_,7.64
_15912_,7.64
_15975_,7.64
_16084_,7.64
_16118_,7.64
_16152_,7.64
_16191_,7.64
_16225_,7.64
_16349_,7.64
_16435_,7.64
_16451_,7.64
_16545_,7.64
_16574_,7.64
_16828_,7.64
_17045_,7.64
_17161_,7.64
_17347_,7.64
_17403_,7.64
_17514_,7.64
_17584_,7.64
_17658_,7.64
_18118_,7.64
_18189_,7.64
_18190_,7.64
_18480_,7.64
_18610_,7.64
_18774_,7.64
_20481_,7.64
_20960_,7.64
_21268_,7.64
_21373_,7.64
_21492_,7.64
_21558_,7.64
_21687_,7.64
_21765_,7.64
_21927_,7.64
_22041_,7.64
_22062_,7.64
_22804_,7.64
_22849_,7.64
_23023_,7.64
_23454_,7.64
_24195_,7.64
_24351_,7.64
_24983_,7.64
_25046_,7.64
_27262_,7.64
_27813_,7.64
_28425_,7.64
_28688_,7.64
_28783_,7.64
_28857_,7.64
_29471_,7.64
_29547_,7.64
_29594_,7.64
_29884_,7.64
_30066_,7.64
_31039_,7.64
_33596_,7.64
_35725_,7.64
_35815_,7.64
_37637_,7.64
_39250_,7.64
_40761_,7.64
_40802_,7.64
_42266_,7.64
_42533_,7.64
_43273_,7.64
_44232_,7.64
k\[117\]\[0\],7.64
k\[118\]\[1\],7.64
k\[120\]\[4\],7.64
k\[73\]\[3\],7.64
k\[79\]\[0\],7.64
k\[94\]\[5\],7.64
k\[97\]\[5\],7.64
out\[111\]\[6\],7.64
out\[21\]\[6\],7.64
out\[3\]\[2\],7.64
q\[108\]\[4\],7.64
q\[109\]\[2\],7.64
q\[71\]\[1\],7.64
raw_scores\[0\]\[17\],7.64
raw_scores\[25\]\[18\],7.64
raw_scores\[26\]\[7\],7.64
raw_scores\[30\]\[14\],7.64
raw_scores\[36\]\[5\],7.64
raw_scores\[8\]\[16\],7.64
scaled_scores\[37\]\[0\],7.64
scaled_scores\[61\]\[0\],7.64
v\[39\]\[4\],7.64
v\[61\]\[7\],7.64
v\[93\]\[6\],7.64
net1047,7.64
net1282,7.64
net2047,7.64
net2166,7.64
net2986,7.64
net3943,7.64
net4371,7.64
net5620,7.64
net5884,7.64
net6226,7.64
net7737,7.64
_11087_,7.635
_03869_,7.625
_05623_,7.625
_05925_,7.62
_13849_,7.62
_20032_,7.62
_20285_,7.62
_22204_,7.62
_28212_,7.62
_29377_,7.62
_37327_,7.62
_40769_,7.62
_41661_,7.62
_41669_,7.62
_43151_,7.62
_43245_,7.62
out\[51\]\[6\],7.62
out\[64\]\[4\],7.62
q\[46\]\[5\],7.62
q\[61\]\[1\],7.62
q\[88\]\[0\],7.62
raw_scores\[53\]\[5\],7.62
v\[101\]\[0\],7.62
v\[41\]\[6\],7.62
v\[90\]\[2\],7.62
_07068_,7.615
_14100_,7.615
_35319_,7.61
_01071_,7.605
_02025_,7.605
_02220_,7.605
_02289_,7.605
_03286_,7.605
_04074_,7.605
_04623_,7.605
_05063_,7.605
_05122_,7.605
_05208_,7.605
_05239_,7.605
_05293_,7.605
_05533_,7.605
_05725_,7.605
_05813_,7.605
_06085_,7.605
_06193_,7.605
_06783_,7.605
_06797_,7.605
_06963_,7.605
_05309_,7.6
_07533_,7.6
_08516_,7.6
_10084_,7.6
_10100_,7.6
_11314_,7.6
_12268_,7.6
_12503_,7.6
_12568_,7.6
_12619_,7.6
_12931_,7.6
_13027_,7.6
_14655_,7.6
_14878_,7.6
_14892_,7.6
_15672_,7.6
_16159_,7.6
_16473_,7.6
_16487_,7.6
_16596_,7.6
_16911_,7.6
_16991_,7.6
_17535_,7.6
_17626_,7.6
_17700_,7.6
_18807_,7.6
_18919_,7.6
_19070_,7.6
_19664_,7.6
_19706_,7.6
_19979_,7.6
_20930_,7.6
_25798_,7.6
_28124_,7.6
_35546_,7.6
_37506_,7.6
_43580_,7.6
out\[43\]\[5\],7.6
raw_scores\[21\]\[12\],7.6
raw_scores\[25\]\[13\],7.6
raw_scores\[29\]\[3\],7.6
raw_scores\[30\]\[3\],7.6
raw_scores\[30\]\[8\],7.6
raw_scores\[38\]\[11\],7.6
raw_scores\[45\]\[17\],7.6
raw_scores\[51\]\[2\],7.6
raw_scores\[7\]\[11\],7.6
v\[47\]\[1\],7.6
net4413,7.6
_00882_,7.595
v\[112\]\[0\],7.585
_01327_,7.58
_06623_,7.58
_08426_,7.58
_08638_,7.58
_08666_,7.58
_08889_,7.58
_09061_,7.58
_09383_,7.58
_13010_,7.58
_14019_,7.58
_15842_,7.58
_18995_,7.58
_19191_,7.58
_19202_,7.58
_19310_,7.58
_20135_,7.58
_22245_,7.58
_22396_,7.58
_22860_,7.58
_23039_,7.58
_23255_,7.58
_24039_,7.58
_26371_,7.58
_27023_,7.58
_27070_,7.58
_27680_,7.58
_27777_,7.58
_28238_,7.58
_28481_,7.58
_29815_,7.58
_31225_,7.58
_31652_,7.58
_32160_,7.58
_32512_,7.58
_32725_,7.58
_32928_,7.58
_38585_,7.58
_39503_,7.58
_42199_,7.58
_44141_,7.58
scaled_scores\[44\]\[17\],7.58
net1257,7.58
net2868,7.58
net4297,7.58
net7415,7.58
_01515_,7.565
_02008_,7.565
_05585_,7.565
_06010_,7.565
_06501_,7.565
_06672_,7.565
_07016_,7.565
out\[48\]\[0\],7.565
_00197_,7.56
_07131_,7.56
_07303_,7.56
_08468_,7.56
_08990_,7.56
_09853_,7.56
_10007_,7.56
_10196_,7.56
_10396_,7.56
_10433_,7.56
_10444_,7.56
_10674_,7.56
_11551_,7.56
_11628_,7.56
_11761_,7.56
_12263_,7.56
_12641_,7.56
_12859_,7.56
_12944_,7.56
_12962_,7.56
_13072_,7.56
_13101_,7.56
_13433_,7.56
_13754_,7.56
_13756_,7.56
_15809_,7.56
_15841_,7.56
_16257_,7.56
_16318_,7.56
_16742_,7.56
_16892_,7.56
_17181_,7.56
_17296_,7.56
_17509_,7.56
_17537_,7.56
_17642_,7.56
_17853_,7.56
_17893_,7.56
_18680_,7.56
_20195_,7.56
_20257_,7.56
_20496_,7.56
_22674_,7.56
_22894_,7.56
_23128_,7.56
_23144_,7.56
_23153_,7.56
_23612_,7.56
_23666_,7.56
_23984_,7.56
_24634_,7.56
_24921_,7.56
_25123_,7.56
_25378_,7.56
_25800_,7.56
_25903_,7.56
_25913_,7.56
_26337_,7.56
_26389_,7.56
_26518_,7.56
_27393_,7.56
_27844_,7.56
_27940_,7.56
_28340_,7.56
_29375_,7.56
_29997_,7.56
_31167_,7.56
_31266_,7.56
_31586_,7.56
_31967_,7.56
_32468_,7.56
_32541_,7.56
_32888_,7.56
_33354_,7.56
_34141_,7.56
_34225_,7.56
_34411_,7.56
_34534_,7.56
_35985_,7.56
_38388_,7.56
_38885_,7.56
_38921_,7.56
_39701_,7.56
_40060_,7.56
_40433_,7.56
_40886_,7.56
_42312_,7.56
_42329_,7.56
_42591_,7.56
_42960_,7.56
_43213_,7.56
_43485_,7.56
_43624_,7.56
_43729_,7.56
_44023_,7.56
_44032_,7.56
_44074_,7.56
k\[102\]\[5\],7.56
k\[118\]\[5\],7.56
k\[40\]\[4\],7.56
k\[4\]\[5\],7.56
out\[56\]\[3\],7.56
q\[69\]\[2\],7.56
scaled_scores\[23\]\[1\],7.56
scaled_scores\[24\]\[11\],7.56
scaled_scores\[29\]\[6\],7.56
v\[52\]\[3\],7.56
weights\[32\]\[5\],7.56
weights\[9\]\[0\],7.56
net967,7.56
net1095,7.56
net1175,7.56
net1376,7.56
net1544,7.56
net1628,7.56
net1691,7.56
net1731,7.56
net1799,7.56
net1985,7.56
net2452,7.56
net2543,7.56
net3122,7.56
net3160,7.56
net3164,7.56
net3282,7.56
net3658,7.56
net3887,7.56
net3908,7.56
net4041,7.56
net4577,7.56
net4869,7.56
net5107,7.56
net5440,7.56
net5495,7.56
net5871,7.56
net5899,7.56
net6006,7.56
net6025,7.56
net6394,7.56
net6543,7.56
net6964,7.56
net7159,7.56
net7421,7.56
net7451,7.56
net7625,7.56
net7797,7.56
_23511_,7.55
_01240_,7.545
_01665_,7.545
_01682_,7.545
_02760_,7.545
_03459_,7.545
_04122_,7.545
_04968_,7.545
_05574_,7.545
_05820_,7.545
_02825_,7.54
_04902_,7.54
_07905_,7.54
_11693_,7.54
_12315_,7.54
_12781_,7.54
_14276_,7.54
_14559_,7.54
_15421_,7.54
_16395_,7.54
_17124_,7.54
_17274_,7.54
_19653_,7.54
_19903_,7.54
_20463_,7.54
_20983_,7.54
_22038_,7.54
_22666_,7.54
_22826_,7.54
_23062_,7.54
_24236_,7.54
_24879_,7.54
_25480_,7.54
_26487_,7.54
_28115_,7.54
_29608_,7.54
_30058_,7.54
_30336_,7.54
_30437_,7.54
_30834_,7.54
_31014_,7.54
_32266_,7.54
_32908_,7.54
_34505_,7.54
_37361_,7.54
_41016_,7.54
_41356_,7.54
_41598_,7.54
_41825_,7.54
_43475_,7.54
_43494_,7.54
out\[106\]\[3\],7.54
v\[104\]\[5\],7.54
weights\[39\]\[7\],7.54
net1487,7.54
net2461,7.54
_04380_,7.535
_22042_,7.535
out\[35\]\[6\],7.535
_03563_,7.525
_03739_,7.525
_03746_,7.525
_07098_,7.52
_07904_,7.52
_08114_,7.52
_08454_,7.52
_08986_,7.52
_09863_,7.52
_10999_,7.52
_11104_,7.52
_11277_,7.52
_11309_,7.52
_11428_,7.52
_11467_,7.52
_11479_,7.52
_11694_,7.52
_11872_,7.52
_11899_,7.52
_12144_,7.52
_12331_,7.52
_12414_,7.52
_12603_,7.52
_12737_,7.52
_12754_,7.52
_12980_,7.52
_13232_,7.52
_13392_,7.52
_14021_,7.52
_14191_,7.52
_14526_,7.52
_15016_,7.52
_15676_,7.52
_16329_,7.52
_16368_,7.52
_16767_,7.52
_16811_,7.52
_16824_,7.52
_16826_,7.52
_16915_,7.52
_17049_,7.52
_17319_,7.52
_17640_,7.52
_17826_,7.52
_18413_,7.52
_18557_,7.52
_18583_,7.52
_18923_,7.52
_19011_,7.52
_19827_,7.52
_19857_,7.52
_20762_,7.52
_20882_,7.52
_21741_,7.52
_21998_,7.52
_22111_,7.52
_22587_,7.52
_23112_,7.52
_23864_,7.52
_24107_,7.52
_24332_,7.52
_24741_,7.52
_24778_,7.52
_25205_,7.52
_25574_,7.52
_25694_,7.52
_26087_,7.52
_26286_,7.52
_27342_,7.52
_27431_,7.52
_28100_,7.52
_28112_,7.52
_28365_,7.52
_28493_,7.52
_29048_,7.52
_29529_,7.52
_29761_,7.52
_29849_,7.52
_30071_,7.52
_30166_,7.52
_30581_,7.52
_30992_,7.52
_31294_,7.52
_31391_,7.52
_32268_,7.52
_32498_,7.52
_32740_,7.52
_32925_,7.52
_33124_,7.52
_33489_,7.52
_33766_,7.52
_34128_,7.52
_34331_,7.52
_35096_,7.52
_35519_,7.52
_35640_,7.52
_35755_,7.52
_37252_,7.52
_37966_,7.52
_38515_,7.52
_38710_,7.52
_38875_,7.52
_38941_,7.52
_39673_,7.52
_39903_,7.52
_41199_,7.52
_41357_,7.52
_41400_,7.52
_41653_,7.52
_42052_,7.52
_42062_,7.52
_42704_,7.52
_42814_,7.52
_42840_,7.52
_43069_,7.52
_43126_,7.52
_43865_,7.52
k\[116\]\[1\],7.52
k\[11\]\[6\],7.52
k\[39\]\[2\],7.52
k\[71\]\[4\],7.52
k\[75\]\[2\],7.52
out\[101\]\[4\],7.52
out\[97\]\[4\],7.52
q\[121\]\[7\],7.52
q\[25\]\[5\],7.52
q\[73\]\[5\],7.52
scaled_scores\[46\]\[15\],7.52
v\[95\]\[7\],7.52
weights\[10\]\[3\],7.52
weights\[18\]\[1\],7.52
weights\[1\]\[5\],7.52
weights\[36\]\[1\],7.52
net1222,7.52
net2947,7.52
net3244,7.52
net4007,7.52
net4321,7.52
net4562,7.52
net4904,7.52
net5088,7.52
net5391,7.52
net5906,7.52
net5993,7.52
net6641,7.52
net7621,7.52
net7648,7.52
_02014_,7.515
_06054_,7.515
_26672_,7.515
_03833_,7.505
_05267_,7.505
_05667_,7.505
_05862_,7.505
q\[64\]\[2\],7.505
_11797_,7.5
_15830_,7.5
_22305_,7.5
_24638_,7.5
_24734_,7.5
_28330_,7.5
_29519_,7.5
_30372_,7.5
_31948_,7.5
_34323_,7.5
_34705_,7.5
_43106_,7.5
_44179_,7.5
_44271_,7.5
out\[40\]\[1\],7.5
out\[4\]\[4\],7.5
q\[8\]\[6\],7.5
raw_scores\[3\]\[7\],7.5
v\[35\]\[0\],7.5
_21395_,7.495
row_data[112],7.49
_03432_,7.485
_03813_,7.485
_03956_,7.485
_04025_,7.485
_05388_,7.485
_06147_,7.485
_07416_,7.485
_00368_,7.48
_03156_,7.48
_03748_,7.48
_04113_,7.48
_04460_,7.48
_05422_,7.48
_06273_,7.48
_06901_,7.48
_12361_,7.48
_12491_,7.48
_14764_,7.48
_15086_,7.48
_15385_,7.48
_15779_,7.48
_16304_,7.48
_16474_,7.48
_16762_,7.48
_17583_,7.48
_17960_,7.48
_17975_,7.48
_18426_,7.48
_18639_,7.48
_18784_,7.48
_23130_,7.48
_24982_,7.48
_27466_,7.48
_30312_,7.48
_32023_,7.48
_32897_,7.48
_35581_,7.48
_37602_,7.48
_37689_,7.48
_39816_,7.48
q\[4\]\[4\],7.48
weights\[59\]\[5\],7.48
net6455,7.48
net7223,7.48
_30866_,7.47
row_data[119],7.47
_01175_,7.465
_03307_,7.465
_01371_,7.46
_01440_,7.46
_02490_,7.46
_02633_,7.46
_02987_,7.46
_03647_,7.46
_03711_,7.46
_05357_,7.46
_06038_,7.46
_06163_,7.46
_06264_,7.46
_07012_,7.46
_07488_,7.46
_07671_,7.46
_08551_,7.46
_10237_,7.46
_14173_,7.46
_20058_,7.46
_21598_,7.46
_22264_,7.46
_24110_,7.46
_24200_,7.46
_24261_,7.46
_24579_,7.46
_25784_,7.46
_28876_,7.46
_36639_,7.46
_38224_,7.46
_40611_,7.46
_44116_,7.46
q\[64\]\[6\],7.46
net940,7.46
net1289,7.46
net2291,7.46
net2503,7.46
net2548,7.46
net2665,7.46
net2821,7.46
net2856,7.46
net3008,7.46
net3037,7.46
net3163,7.46
net3185,7.46
net3465,7.46
net3642,7.46
net3816,7.46
net3857,7.46
net3971,7.46
net3975,7.46
net4053,7.46
net4298,7.46
net4311,7.46
net4514,7.46
net4707,7.46
net4712,7.46
net4857,7.46
net5019,7.46
net5181,7.46
net5218,7.46
net5367,7.46
net5397,7.46
net5400,7.46
net5503,7.46
net5543,7.46
net5579,7.46
net5849,7.46
net6001,7.46
net6571,7.46
net6824,7.46
net6868,7.46
net6922,7.46
net7100,7.46
net7163,7.46
net7172,7.46
net7586,7.46
net7592,7.46
net7800,7.46
_00596_,7.455
_04191_,7.455
_14092_,7.45
_28086_,7.45
_41840_,7.45
_00806_,7.445
_01177_,7.445
_01891_,7.445
out\[33\]\[0\],7.445
q\[51\]\[3\],7.445
q\[59\]\[4\],7.445
q\[64\]\[0\],7.445
v\[44\]\[1\],7.445
_00964_,7.44
_07382_,7.44
_07422_,7.44
_07564_,7.44
_07758_,7.44
_07939_,7.44
_08000_,7.44
_08073_,7.44
_08196_,7.44
_08964_,7.44
_10234_,7.44
_10236_,7.44
_10417_,7.44
_12242_,7.44
_13360_,7.44
_13579_,7.44
_14371_,7.44
_14767_,7.44
_14771_,7.44
_15647_,7.44
_15935_,7.44
_17936_,7.44
_18381_,7.44
_18644_,7.44
_18718_,7.44
_19239_,7.44
_20308_,7.44
_21090_,7.44
_21189_,7.44
_21233_,7.44
_23669_,7.44
_24942_,7.44
_26456_,7.44
_26468_,7.44
_26650_,7.44
_26991_,7.44
_27936_,7.44
_28191_,7.44
_28514_,7.44
_30212_,7.44
_30272_,7.44
_30423_,7.44
_30704_,7.44
_31466_,7.44
_31671_,7.44
_32212_,7.44
_32225_,7.44
_32376_,7.44
_33029_,7.44
_34722_,7.44
_35199_,7.44
_35299_,7.44
_37855_,7.44
_38819_,7.44
_39306_,7.44
_39789_,7.44
_40070_,7.44
_41115_,7.44
_41153_,7.44
_41291_,7.44
_42068_,7.44
_42404_,7.44
_42741_,7.44
_42937_,7.44
_43048_,7.44
_43066_,7.44
_43183_,7.44
_43760_,7.44
_43808_,7.44
k\[45\]\[0\],7.44
out\[124\]\[4\],7.44
out\[15\]\[7\],7.44
out\[27\]\[1\],7.44
out\[76\]\[0\],7.44
q\[27\]\[6\],7.44
q\[48\]\[6\],7.44
scaled_scores\[12\]\[11\],7.44
scaled_scores\[31\]\[3\],7.44
v\[104\]\[7\],7.44
net1270,7.44
net1274,7.44
net1597,7.44
net2525,7.44
net3064,7.44
net3097,7.44
net3251,7.44
net3289,7.44
net3351,7.44
net4182,7.44
net4581,7.44
net5223,7.44
net5651,7.44
net7369,7.44
net7588,7.44
k\[88\]\[3\],7.435
_29332_,7.43
_41011_,7.43
k\[51\]\[1\],7.425
v\[17\]\[2\],7.425
_00035_,7.42
_01336_,7.42
_01578_,7.42
_04412_,7.42
_07013_,7.42
_07574_,7.42
_08163_,7.42
_10501_,7.42
_12670_,7.42
_12691_,7.42
_16929_,7.42
_19419_,7.42
_20756_,7.42
_22210_,7.42
_22534_,7.42
_22855_,7.42
_25607_,7.42
_26444_,7.42
_27451_,7.42
_29254_,7.42
_29607_,7.42
_29989_,7.42
_31226_,7.42
_31619_,7.42
_32415_,7.42
_32561_,7.42
_37781_,7.42
_39367_,7.42
_39746_,7.42
_40178_,7.42
_40490_,7.42
_42537_,7.42
_42727_,7.42
k\[68\]\[0\],7.42
k\[77\]\[6\],7.42
net2550,7.42
net2828,7.42
net3111,7.42
net3301,7.42
net3802,7.42
net4089,7.42
net4668,7.42
net4759,7.42
net5194,7.42
net5285,7.42
net5487,7.42
net5624,7.42
net5990,7.42
net6042,7.42
net6434,7.42
net6520,7.42
net6945,7.42
net7249,7.42
net7282,7.42
net7523,7.42
_05966_,7.415
_25243_,7.415
_24049_,7.41
out\[37\]\[6\],7.405
scaled_scores\[43\]\[10\],7.405
_07645_,7.4
_07661_,7.4
_07704_,7.4
_07922_,7.4
_19501_,7.4
_20111_,7.4
_20475_,7.4
_20610_,7.4
_20727_,7.4
_21043_,7.4
_21512_,7.4
_22628_,7.4
_23210_,7.4
_23439_,7.4
_24428_,7.4
_24796_,7.4
_26259_,7.4
_29140_,7.4
_29497_,7.4
_29631_,7.4
_30986_,7.4
_31033_,7.4
_31349_,7.4
_32120_,7.4
_32236_,7.4
_32324_,7.4
_32530_,7.4
_33544_,7.4
_34099_,7.4
_35215_,7.4
_38406_,7.4
_39229_,7.4
_39846_,7.4
_40240_,7.4
_40288_,7.4
_40864_,7.4
_41393_,7.4
_42231_,7.4
_42842_,7.4
_43702_,7.4
_44199_,7.4
k\[10\]\[7\],7.4
k\[1\]\[4\],7.4
k\[73\]\[7\],7.4
out\[30\]\[7\],7.4
q\[3\]\[4\],7.4
q\[71\]\[7\],7.4
raw_scores\[19\]\[14\],7.4
raw_scores\[3\]\[12\],7.4
scaled_scores\[12\]\[1\],7.4
scaled_scores\[27\]\[15\],7.4
v\[107\]\[4\],7.4
v\[63\]\[3\],7.4
weights\[8\]\[4\],7.4
net3769,7.4
net6645,7.4
_03397_,7.395
_24981_,7.395
_39863_,7.395
weights\[44\]\[6\],7.395
weights\[47\]\[2\],7.395
_00319_,7.385
_01137_,7.385
_02111_,7.385
_02536_,7.385
_03509_,7.385
_03964_,7.385
_04256_,7.385
_04365_,7.385
_04410_,7.385
_04467_,7.385
_04738_,7.385
_04944_,7.385
_04946_,7.385
_05315_,7.385
_07010_,7.385
_07041_,7.385
_07399_,7.385
_23571_,7.38
_36949_,7.38
_38992_,7.38
_40844_,7.38
_42222_,7.38
net3431,7.38
net3874,7.38
net4299,7.38
k\[20\]\[0\],7.375
q\[83\]\[6\],7.375
_41672_,7.37
_01977_,7.365
_02551_,7.365
_02995_,7.365
_03750_,7.365
_06574_,7.365
_00170_,7.36
_04434_,7.36
_19984_,7.36
_21258_,7.36
_25379_,7.36
_32166_,7.36
_37347_,7.36
_37832_,7.36
_38005_,7.36
_40142_,7.36
_42967_,7.36
out\[19\]\[2\],7.36
net1423,7.36
net1747,7.36
net2648,7.36
net2715,7.36
net2717,7.36
net3316,7.36
net3605,7.36
net3650,7.36
net4378,7.36
net4491,7.36
net4661,7.36
net4804,7.36
net5140,7.36
net5156,7.36
net5494,7.36
net6020,7.36
net6169,7.36
net6279,7.36
net6592,7.36
net6778,7.36
net6909,7.36
net7394,7.36
net7538,7.36
net7720,7.36
net7873,7.36
_05806_,7.355
_06984_,7.355
_32513_,7.35
_43409_,7.35
_00583_,7.345
_01857_,7.345
_02143_,7.345
_03060_,7.345
_04583_,7.345
_06610_,7.345
_07190_,7.34
_07455_,7.34
_07594_,7.34
_08756_,7.34
_08764_,7.34
_10140_,7.34
_17691_,7.34
_22000_,7.34
_22581_,7.34
_23066_,7.34
_24229_,7.34
_26707_,7.34
_26831_,7.34
_27205_,7.34
_30608_,7.34
_30831_,7.34
_35406_,7.34
_37456_,7.34
_37743_,7.34
_39123_,7.34
out\[95\]\[4\],7.34
scaled_scores\[14\]\[14\],7.34
weights\[15\]\[1\],7.34
net1160,7.34
net1237,7.34
net1496,7.34
net1664,7.34
net1883,7.34
net2809,7.34
net2903,7.34
net2950,7.34
net3202,7.34
net3246,7.34
net3387,7.34
net3512,7.34
net4143,7.34
net4261,7.34
net5621,7.34
net5677,7.34
net6134,7.34
net7151,7.34
net7155,7.34
net7350,7.34
net7623,7.34
net7692,7.34
_02154_,7.335
_43275_,7.335
v\[104\]\[0\],7.335
_28480_,7.33
_40392_,7.33
out\[9\]\[1\],7.33
_42523_,7.325
k\[50\]\[5\],7.325
v\[17\]\[6\],7.325
weights\[31\]\[1\],7.325
_00033_,7.32
_01626_,7.32
_12322_,7.32
_13475_,7.32
_13571_,7.32
_14015_,7.32
_14149_,7.32
_14188_,7.32
_14286_,7.32
_16253_,7.32
_17147_,7.32
_18936_,7.32
_19874_,7.32
_20852_,7.32
_20964_,7.32
_21236_,7.32
_22189_,7.32
_23737_,7.32
_23781_,7.32
_24144_,7.32
_24184_,7.32
_24595_,7.32
_24813_,7.32
_25523_,7.32
_25820_,7.32
_26141_,7.32
_27819_,7.32
_28521_,7.32
_28944_,7.32
_29948_,7.32
_30159_,7.32
_30260_,7.32
_30585_,7.32
_30865_,7.32
_31114_,7.32
_31404_,7.32
_31697_,7.32
_32281_,7.32
_35468_,7.32
_36090_,7.32
_36510_,7.32
_38418_,7.32
_39136_,7.32
_39523_,7.32
_39690_,7.32
_39741_,7.32
_39871_,7.32
_40245_,7.32
_41797_,7.32
_41847_,7.32
_42508_,7.32
_42554_,7.32
_42744_,7.32
_43050_,7.32
_43081_,7.32
_43137_,7.32
_43188_,7.32
_43201_,7.32
_43421_,7.32
_43821_,7.32
k\[119\]\[0\],7.32
k\[120\]\[2\],7.32
k\[28\]\[7\],7.32
k\[37\]\[7\],7.32
k\[39\]\[4\],7.32
k\[87\]\[2\],7.32
q\[110\]\[2\],7.32
q\[2\]\[0\],7.32
v\[101\]\[5\],7.32
v\[24\]\[1\],7.32
v\[34\]\[7\],7.32
weights\[23\]\[2\],7.32
net1165,7.32
net1812,7.32
net4200,7.32
net4824,7.32
net5939,7.32
_00472_,7.315
_04998_,7.315
_05368_,7.315
_07611_,7.315
_19219_,7.315
_19813_,7.31
_26475_,7.31
_28905_,7.31
_00041_,7.305
_00058_,7.305
_00442_,7.305
_00597_,7.305
_01033_,7.305
_01070_,7.305
_03425_,7.305
_03822_,7.305
_03863_,7.305
_04161_,7.305
_04671_,7.305
_05092_,7.305
_05577_,7.305
_05774_,7.305
_05777_,7.305
_06295_,7.305
_06880_,7.305
_06930_,7.305
_37367_,7.305
q\[81\]\[5\],7.305
_00226_,7.3
_07721_,7.3
_08593_,7.3
_31755_,7.3
_38199_,7.3
_38562_,7.3
_40677_,7.3
_41089_,7.3
_41604_,7.3
out\[68\]\[4\],7.3
out\[6\]\[6\],7.3
scaled_scores\[59\]\[12\],7.3
weights\[56\]\[5\],7.3
net5089,7.3
net5995,7.3
net7693,7.3
net7864,7.3
_02159_,7.295
_04468_,7.295
_20686_,7.29
_00360_,7.285
_01873_,7.285
_02105_,7.285
_03548_,7.285
_04157_,7.285
_04285_,7.285
_06323_,7.285
k\[80\]\[6\],7.285
v\[86\]\[0\],7.285
_05483_,7.28
_07154_,7.28
_08711_,7.28
_09158_,7.28
_13396_,7.28
_14224_,7.28
_19520_,7.28
_20044_,7.28
_20256_,7.28
_21358_,7.28
_23702_,7.28
_25569_,7.28
_26161_,7.28
_26546_,7.28
_26668_,7.28
_29028_,7.28
_30395_,7.28
_30620_,7.28
_31847_,7.28
_34933_,7.28
_37265_,7.28
_37311_,7.28
_39287_,7.28
_39957_,7.28
_40954_,7.28
k\[13\]\[1\],7.28
out\[4\]\[3\],7.28
scaled_scores\[38\]\[15\],7.28
scaled_scores\[5\]\[0\],7.28
v\[19\]\[3\],7.28
v\[9\]\[0\],7.28
weights\[15\]\[0\],7.28
weights\[15\]\[4\],7.28
weights\[19\]\[7\],7.28
net3629,7.28
_06546_,7.275
scaled_scores\[38\]\[0\],7.275
_23648_,7.27
_02223_,7.265
_02667_,7.265
_05108_,7.265
_06508_,7.265
_07444_,7.265
_29151_,7.265
_23731_,7.26
_35113_,7.26
_40407_,7.26
_43232_,7.26
k\[57\]\[7\],7.26
q\[72\]\[5\],7.26
_03931_,7.255
_22076_,7.255
_31076_,7.25
_41897_,7.25
_44277_,7.25
row_data[114],7.25
row_data[118],7.25
row_data[64],7.25
row_data[69],7.25
_01369_,7.245
_02163_,7.245
_03712_,7.245
_03831_,7.245
_05253_,7.245
_05907_,7.245
_07798_,7.24
_09821_,7.24
_16146_,7.24
_20452_,7.24
_22080_,7.24
_25226_,7.24
_25411_,7.24
_25541_,7.24
_26030_,7.24
_27747_,7.24
_28252_,7.24
_29037_,7.24
_30677_,7.24
_30931_,7.24
_31016_,7.24
_31927_,7.24
_34915_,7.24
_35472_,7.24
_36803_,7.24
_39995_,7.24
_41609_,7.24
_43009_,7.24
_43988_,7.24
net952,7.24
net965,7.24
net985,7.24
net999,7.24
net1016,7.24
net1034,7.24
net1908,7.24
net2481,7.24
net2604,7.24
net3355,7.24
net4238,7.24
net4913,7.24
net6286,7.24
net7356,7.24
net7363,7.24
_42285_,7.235
_28505_,7.23
_35594_,7.23
_00463_,7.225
_00751_,7.225
_01108_,7.225
_02896_,7.225
_04870_,7.225
_05935_,7.225
_07227_,7.22
_07330_,7.22
_07348_,7.22
_08690_,7.22
_08958_,7.22
_09270_,7.22
_10267_,7.22
_10513_,7.22
_10774_,7.22
_11267_,7.22
_11451_,7.22
_11864_,7.22
_12399_,7.22
_12584_,7.22
_12621_,7.22
_12720_,7.22
_12780_,7.22
_13036_,7.22
_13134_,7.22
_13312_,7.22
_13589_,7.22
_13605_,7.22
_13670_,7.22
_13737_,7.22
_14166_,7.22
_14190_,7.22
_14223_,7.22
_14364_,7.22
_14387_,7.22
_14604_,7.22
_14776_,7.22
_14913_,7.22
_15067_,7.22
_15605_,7.22
_15613_,7.22
_15710_,7.22
_16060_,7.22
_16179_,7.22
_16578_,7.22
_16807_,7.22
_16870_,7.22
_16895_,7.22
_16900_,7.22
_16904_,7.22
_16922_,7.22
_16950_,7.22
_16957_,7.22
_17335_,7.22
_17430_,7.22
_17563_,7.22
_17676_,7.22
_17699_,7.22
_17929_,7.22
_17955_,7.22
_18103_,7.22
_18110_,7.22
_18370_,7.22
_19739_,7.22
_21110_,7.22
_21290_,7.22
_21700_,7.22
_23026_,7.22
_23172_,7.22
_24431_,7.22
_25381_,7.22
_26377_,7.22
_26614_,7.22
_26630_,7.22
_26868_,7.22
_29357_,7.22
_29571_,7.22
_29991_,7.22
_30119_,7.22
_30758_,7.22
_31068_,7.22
_31694_,7.22
_31705_,7.22
_32082_,7.22
_33128_,7.22
_33144_,7.22
_33686_,7.22
_34873_,7.22
_35580_,7.22
_36703_,7.22
_38714_,7.22
_39227_,7.22
_39900_,7.22
_40676_,7.22
_41709_,7.22
_42150_,7.22
_42196_,7.22
_43210_,7.22
_43379_,7.22
_43856_,7.22
_43953_,7.22
out\[12\]\[6\],7.22
out\[1\]\[5\],7.22
out\[62\]\[4\],7.22
out\[86\]\[3\],7.22
out\[94\]\[4\],7.22
raw_scores\[21\]\[15\],7.22
raw_scores\[24\]\[14\],7.22
raw_scores\[26\]\[9\],7.22
raw_scores\[30\]\[13\],7.22
raw_scores\[30\]\[4\],7.22
raw_scores\[32\]\[2\],7.22
raw_scores\[38\]\[6\],7.22
raw_scores\[42\]\[14\],7.22
raw_scores\[59\]\[16\],7.22
scaled_scores\[45\]\[0\],7.22
v\[27\]\[2\],7.22
v\[56\]\[6\],7.22
weights\[2\]\[1\],7.22
net1201,7.22
net1202,7.22
net1309,7.22
net1386,7.22
net2031,7.22
net2094,7.22
net2150,7.22
net2307,7.22
net2392,7.22
net2430,7.22
net3245,7.22
net4018,7.22
net4211,7.22
net4908,7.22
net5401,7.22
net6440,7.22
net6508,7.22
net6734,7.22
net7026,7.22
net7346,7.22
net7690,7.22
_19271_,7.21
_20061_,7.21
_26277_,7.21
out\[45\]\[5\],7.205
_02415_,7.2
_10574_,7.2
_10627_,7.2
_11832_,7.2
_12352_,7.2
_12521_,7.2
_13253_,7.2
_13518_,7.2
_13680_,7.2
_13987_,7.2
_14204_,7.2
_14419_,7.2
_14843_,7.2
_15204_,7.2
_15508_,7.2
_15712_,7.2
_16025_,7.2
_17852_,7.2
_17895_,7.2
_17901_,7.2
_18000_,7.2
_18182_,7.2
_19190_,7.2
_20130_,7.2
_20260_,7.2
_20990_,7.2
_21509_,7.2
_21651_,7.2
_21716_,7.2
_21926_,7.2
_22013_,7.2
_22569_,7.2
_23586_,7.2
_23774_,7.2
_23943_,7.2
_23964_,7.2
_24079_,7.2
_24277_,7.2
_24580_,7.2
_24836_,7.2
_25571_,7.2
_26271_,7.2
_27099_,7.2
_27901_,7.2
_27972_,7.2
_29078_,7.2
_29423_,7.2
_29740_,7.2
_29756_,7.2
_30102_,7.2
_30107_,7.2
_30664_,7.2
_31710_,7.2
_32238_,7.2
_34452_,7.2
_34762_,7.2
_36528_,7.2
_37271_,7.2
_38424_,7.2
_38641_,7.2
_38691_,7.2
_39015_,7.2
_39337_,7.2
_42247_,7.2
_43212_,7.2
k\[126\]\[0\],7.2
k\[8\]\[1\],7.2
q\[106\]\[6\],7.2
q\[12\]\[2\],7.2
q\[73\]\[0\],7.2
q\[7\]\[3\],7.2
raw_scores\[44\]\[17\],7.2
scaled_scores\[13\]\[12\],7.2
scaled_scores\[28\]\[3\],7.2
scaled_scores\[49\]\[16\],7.2
v\[115\]\[4\],7.2
v\[73\]\[4\],7.2
weights\[1\]\[7\],7.2
net354,7.2
net1533,7.2
net4426,7.2
net4601,7.2
_42921_,7.19
_01092_,7.185
_01322_,7.185
_01880_,7.185
_02656_,7.185
_04375_,7.185
_05975_,7.185
_06707_,7.185
q\[60\]\[7\],7.185
v\[124\]\[7\],7.185
_00142_,7.18
_04449_,7.18
_07214_,7.18
_07832_,7.18
_07872_,7.18
_08089_,7.18
_08483_,7.18
_08700_,7.18
_08989_,7.18
_08999_,7.18
_09201_,7.18
_09473_,7.18
_09679_,7.18
_10292_,7.18
_10466_,7.18
_10660_,7.18
_11481_,7.18
_11711_,7.18
_11933_,7.18
_11950_,7.18
_11993_,7.18
_12203_,7.18
_12245_,7.18
_12623_,7.18
_12791_,7.18
_13177_,7.18
_13342_,7.18
_13476_,7.18
_13551_,7.18
_13638_,7.18
_13928_,7.18
_14996_,7.18
_15076_,7.18
_15084_,7.18
_15107_,7.18
_15148_,7.18
_15312_,7.18
_15706_,7.18
_15811_,7.18
_15894_,7.18
_16221_,7.18
_16723_,7.18
_17038_,7.18
_17498_,7.18
_17732_,7.18
_17949_,7.18
_18137_,7.18
_18274_,7.18
_18383_,7.18
_18874_,7.18
_19044_,7.18
_19576_,7.18
_19855_,7.18
_20001_,7.18
_20167_,7.18
_20615_,7.18
_20823_,7.18
_21210_,7.18
_21420_,7.18
_21760_,7.18
_21965_,7.18
_22011_,7.18
_22112_,7.18
_23213_,7.18
_23238_,7.18
_23910_,7.18
_24151_,7.18
_24949_,7.18
_25245_,7.18
_25382_,7.18
_25486_,7.18
_25576_,7.18
_26332_,7.18
_26560_,7.18
_26586_,7.18
_26888_,7.18
_27129_,7.18
_28563_,7.18
_28675_,7.18
_28681_,7.18
_28696_,7.18
_29103_,7.18
_29606_,7.18
_29731_,7.18
_30031_,7.18
_31526_,7.18
_31837_,7.18
_31843_,7.18
_32311_,7.18
_32339_,7.18
_33359_,7.18
_34154_,7.18
_34195_,7.18
_34761_,7.18
_35553_,7.18
_35708_,7.18
_37058_,7.18
_39160_,7.18
_39845_,7.18
_40044_,7.18
_40159_,7.18
_40947_,7.18
_41337_,7.18
_41345_,7.18
_42022_,7.18
_42957_,7.18
_43021_,7.18
_43505_,7.18
_43628_,7.18
_43968_,7.18
k\[78\]\[3\],7.18
out\[110\]\[2\],7.18
out\[119\]\[5\],7.18
out\[57\]\[4\],7.18
out\[5\]\[5\],7.18
out\[70\]\[6\],7.18
out\[90\]\[7\],7.18
out\[99\]\[5\],7.18
q\[118\]\[6\],7.18
q\[13\]\[0\],7.18
q\[78\]\[0\],7.18
raw_scores\[0\]\[6\],7.18
raw_scores\[11\]\[2\],7.18
raw_scores\[13\]\[5\],7.18
raw_scores\[16\]\[10\],7.18
raw_scores\[24\]\[15\],7.18
raw_scores\[2\]\[6\],7.18
raw_scores\[31\]\[4\],7.18
raw_scores\[34\]\[19\],7.18
raw_scores\[34\]\[8\],7.18
raw_scores\[41\]\[19\],7.18
raw_scores\[51\]\[19\],7.18
raw_scores\[7\]\[19\],7.18
v\[18\]\[2\],7.18
weights\[58\]\[7\],7.18
net1171,7.18
net1798,7.18
net2267,7.18
net2378,7.18
net2443,7.18
net2570,7.18
net3530,7.18
net4418,7.18
net7329,7.18
net7822,7.18
_00647_,7.175
_41878_,7.175
_27022_,7.17
_31698_,7.17
_00631_,7.165
_01788_,7.165
_03955_,7.165
_04818_,7.165
_04819_,7.165
_05148_,7.165
_05264_,7.165
_05392_,7.165
_06057_,7.165
_06152_,7.165
_06564_,7.165
_06871_,7.165
v\[70\]\[6\],7.165
_10368_,7.16
_16085_,7.16
_20694_,7.16
_22677_,7.16
_23944_,7.16
_24208_,7.16
_26978_,7.16
_27955_,7.16
_28955_,7.16
_31316_,7.16
_34758_,7.16
_35696_,7.16
_41739_,7.16
_43234_,7.16
_43254_,7.16
raw_scores\[25\]\[12\],7.16
raw_scores\[30\]\[11\],7.16
raw_scores\[39\]\[4\],7.16
raw_scores\[47\]\[5\],7.16
raw_scores\[9\]\[18\],7.16
scaled_scores\[12\]\[6\],7.16
weights\[16\]\[1\],7.16
_20107_,7.155
_39677_,7.155
_00088_,7.145
_00819_,7.145
_00890_,7.145
_00944_,7.145
_01147_,7.145
_01170_,7.145
_01237_,7.145
_01301_,7.145
_01597_,7.145
_01645_,7.145
_01962_,7.145
_02027_,7.145
_02500_,7.145
_02505_,7.145
_02709_,7.145
_02820_,7.145
_03324_,7.145
_03511_,7.145
_03696_,7.145
_04351_,7.145
_04464_,7.145
_04734_,7.145
_05029_,7.145
_05067_,7.145
_05436_,7.145
_05512_,7.145
_06021_,7.145
_06990_,7.145
_07051_,7.145
_07061_,7.145
_04977_,7.14
_10421_,7.14
_11382_,7.14
_11463_,7.14
_12679_,7.14
_12765_,7.14
_14553_,7.14
_14818_,7.14
_14962_,7.14
_14989_,7.14
_15081_,7.14
_15235_,7.14
_16352_,7.14
_16563_,7.14
_16701_,7.14
_16703_,7.14
_17594_,7.14
_17615_,7.14
_17982_,7.14
_20345_,7.14
_20428_,7.14
_22726_,7.14
_28060_,7.14
_28061_,7.14
_30441_,7.14
_31951_,7.14
_35642_,7.14
_38832_,7.14
_40306_,7.14
_40740_,7.14
_42794_,7.14
_44076_,7.14
k\[63\]\[4\],7.14
raw_scores\[20\]\[14\],7.14
raw_scores\[26\]\[4\],7.14
raw_scores\[35\]\[5\],7.14
raw_scores\[35\]\[6\],7.14
raw_scores\[59\]\[17\],7.14
net7096,7.14
net7433,7.14
_22990_,7.13
_23004_,7.13
_30614_,7.13
_02241_,7.125
_26120_,7.125
weights\[26\]\[2\],7.125
_01311_,7.12
_05805_,7.12
_06279_,7.12
_07743_,7.12
_08753_,7.12
_11318_,7.12
_11380_,7.12
_15388_,7.12
_16008_,7.12
_16348_,7.12
_17130_,7.12
_21262_,7.12
_21282_,7.12
_21952_,7.12
_22029_,7.12
_22537_,7.12
_23138_,7.12
_23234_,7.12
_24726_,7.12
_24820_,7.12
_26270_,7.12
_26795_,7.12
_27118_,7.12
_27124_,7.12
_27633_,7.12
_27800_,7.12
_28408_,7.12
_28890_,7.12
_28921_,7.12
_30238_,7.12
_30480_,7.12
_31000_,7.12
_31508_,7.12
_32228_,7.12
_33240_,7.12
_34160_,7.12
_36230_,7.12
_37960_,7.12
_41130_,7.12
_43082_,7.12
_43165_,7.12
_43316_,7.12
k\[113\]\[3\],7.12
k\[24\]\[2\],7.12
out\[108\]\[3\],7.12
out\[58\]\[7\],7.12
q\[39\]\[0\],7.12
raw_scores\[6\]\[9\],7.12
scaled_scores\[24\]\[2\],7.12
v\[10\]\[2\],7.12
net927,7.12
net1607,7.12
net7225,7.12
net7365,7.12
_31713_,7.11
_01195_,7.105
_01928_,7.105
_01949_,7.105
_02026_,7.105
_02083_,7.105
_04618_,7.105
_04641_,7.105
_04801_,7.105
_05612_,7.105
_05728_,7.105
_06442_,7.105
_06447_,7.105
_06973_,7.105
_07080_,7.105
_00224_,7.1
_00225_,7.1
_07585_,7.1
_07700_,7.1
_07730_,7.1
_07932_,7.1
_07965_,7.1
_07996_,7.1
_08216_,7.1
_08817_,7.1
_09190_,7.1
_09297_,7.1
_10411_,7.1
_10539_,7.1
_10758_,7.1
_11734_,7.1
_12827_,7.1
_13077_,7.1
_13185_,7.1
_13287_,7.1
_13512_,7.1
_13766_,7.1
_13996_,7.1
_14023_,7.1
_14295_,7.1
_14399_,7.1
_14698_,7.1
_14875_,7.1
_15035_,7.1
_15863_,7.1
_15893_,7.1
_16210_,7.1
_16331_,7.1
_16603_,7.1
_17423_,7.1
_17513_,7.1
_17741_,7.1
_17805_,7.1
_18026_,7.1
_18312_,7.1
_18451_,7.1
_18529_,7.1
_18552_,7.1
_18726_,7.1
_18738_,7.1
_18742_,7.1
_18755_,7.1
_18929_,7.1
_19187_,7.1
_19264_,7.1
_19578_,7.1
_19763_,7.1
_20105_,7.1
_20261_,7.1
_20743_,7.1
_21132_,7.1
_21296_,7.1
_21630_,7.1
_21873_,7.1
_22212_,7.1
_22327_,7.1
_22616_,7.1
_23225_,7.1
_24391_,7.1
_24488_,7.1
_24664_,7.1
_24677_,7.1
_24961_,7.1
_25062_,7.1
_25685_,7.1
_26074_,7.1
_26139_,7.1
_26300_,7.1
_26575_,7.1
_26866_,7.1
_26940_,7.1
_27269_,7.1
_28140_,7.1
_29040_,7.1
_30304_,7.1
_30476_,7.1
_30569_,7.1
_30667_,7.1
_30851_,7.1
_30854_,7.1
_31371_,7.1
_31394_,7.1
_31954_,7.1
_32179_,7.1
_33578_,7.1
_34108_,7.1
_34433_,7.1
_35002_,7.1
_36617_,7.1
_37009_,7.1
_37134_,7.1
_37303_,7.1
_37526_,7.1
_40416_,7.1
_40457_,7.1
_40590_,7.1
_40894_,7.1
_42880_,7.1
_42901_,7.1
_43013_,7.1
_43599_,7.1
_43693_,7.1
_43832_,7.1
k\[125\]\[1\],7.1
k\[14\]\[6\],7.1
k\[98\]\[4\],7.1
out\[101\]\[1\],7.1
out\[10\]\[2\],7.1
out\[74\]\[0\],7.1
out\[91\]\[4\],7.1
q\[42\]\[0\],7.1
q\[9\]\[2\],7.1
raw_scores\[19\]\[4\],7.1
raw_scores\[39\]\[7\],7.1
raw_scores\[46\]\[11\],7.1
raw_scores\[8\]\[6\],7.1
raw_scores\[9\]\[19\],7.1
scaled_scores\[61\]\[8\],7.1
v\[50\]\[5\],7.1
v\[89\]\[6\],7.1
net971,7.1
net1502,7.1
net1655,7.1
net2229,7.1
net2322,7.1
net2646,7.1
net3147,7.1
net3235,7.1
net3844,7.1
net3872,7.1
net4131,7.1
net4339,7.1
net5211,7.1
net5297,7.1
net5315,7.1
net5518,7.1
net5680,7.1
net5951,7.1
net6111,7.1
net6430,7.1
net6836,7.1
net7318,7.1
net7382,7.1
net7496,7.1
_24924_,7.095
k\[14\]\[1\],7.09
_03004_,7.085
_03039_,7.085
_03084_,7.085
_04545_,7.085
_04772_,7.085
_04867_,7.085
_05596_,7.085
_06430_,7.085
_31551_,7.085
q\[93\]\[3\],7.085
_00665_,7.08
_01863_,7.08
_07142_,7.08
_12874_,7.08
_14348_,7.08
_16142_,7.08
_19379_,7.08
_19615_,7.08
_21119_,7.08
_21178_,7.08
_23645_,7.08
_24137_,7.08
_24257_,7.08
_25447_,7.08
_25609_,7.08
_25835_,7.08
_26998_,7.08
_27596_,7.08
_27827_,7.08
_27930_,7.08
_28451_,7.08
_28830_,7.08
_29056_,7.08
_30458_,7.08
_32591_,7.08
_33520_,7.08
_35141_,7.08
_39103_,7.08
_39675_,7.08
_39794_,7.08
_41101_,7.08
_43902_,7.08
k\[101\]\[4\],7.08
out\[64\]\[2\],7.08
scaled_scores\[14\]\[0\],7.08
v\[22\]\[6\],7.08
v\[69\]\[5\],7.08
weights\[48\]\[6\],7.08
_13837_,7.07
_34219_,7.07
out\[37\]\[1\],7.065
_08342_,7.06
_08537_,7.06
_09000_,7.06
_09832_,7.06
_10225_,7.06
_10354_,7.06
_10722_,7.06
_10740_,7.06
_10749_,7.06
_11424_,7.06
_11486_,7.06
_11560_,7.06
_11889_,7.06
_12272_,7.06
_12471_,7.06
_12790_,7.06
_12867_,7.06
_12975_,7.06
_13125_,7.06
_13147_,7.06
_13468_,7.06
_13492_,7.06
_13897_,7.06
_14192_,7.06
_14332_,7.06
_14531_,7.06
_14740_,7.06
_14980_,7.06
_15118_,7.06
_15131_,7.06
_15283_,7.06
_15730_,7.06
_15739_,7.06
_16065_,7.06
_16607_,7.06
_16745_,7.06
_16756_,7.06
_16878_,7.06
_17013_,7.06
_17263_,7.06
_17304_,7.06
_18050_,7.06
_18492_,7.06
_18608_,7.06
_18712_,7.06
_18753_,7.06
_19007_,7.06
_19393_,7.06
_20144_,7.06
_20472_,7.06
_21050_,7.06
_21782_,7.06
_21942_,7.06
_21963_,7.06
_22922_,7.06
_23032_,7.06
_23071_,7.06
_23116_,7.06
_24084_,7.06
_24243_,7.06
_24789_,7.06
_24966_,7.06
_25414_,7.06
_25618_,7.06
_26080_,7.06
_26598_,7.06
_26733_,7.06
_27723_,7.06
_28882_,7.06
_29169_,7.06
_29641_,7.06
_29668_,7.06
_29840_,7.06
_30160_,7.06
_30811_,7.06
_30888_,7.06
_32105_,7.06
_32159_,7.06
_32185_,7.06
_32539_,7.06
_33533_,7.06
_33641_,7.06
_33663_,7.06
_33999_,7.06
_34859_,7.06
_34888_,7.06
_35641_,7.06
_37034_,7.06
_37842_,7.06
_38044_,7.06
_38171_,7.06
_38704_,7.06
_40271_,7.06
_40448_,7.06
_41108_,7.06
_41530_,7.06
_42311_,7.06
_42739_,7.06
_42927_,7.06
_43163_,7.06
_43326_,7.06
_43617_,7.06
_44226_,7.06
_44234_,7.06
k\[121\]\[4\],7.06
k\[126\]\[2\],7.06
out\[101\]\[7\],7.06
out\[112\]\[7\],7.06
out\[116\]\[4\],7.06
out\[124\]\[2\],7.06
out\[20\]\[5\],7.06
out\[66\]\[5\],7.06
out\[67\]\[2\],7.06
out\[71\]\[4\],7.06
q\[124\]\[2\],7.06
q\[30\]\[0\],7.06
q\[41\]\[5\],7.06
raw_scores\[23\]\[5\],7.06
raw_scores\[43\]\[10\],7.06
raw_scores\[8\]\[17\],7.06
scaled_scores\[29\]\[16\],7.06
scaled_scores\[30\]\[16\],7.06
v\[121\]\[2\],7.06
v\[122\]\[7\],7.06
v\[37\]\[2\],7.06
v\[50\]\[6\],7.06
v\[63\]\[5\],7.06
v\[69\]\[2\],7.06
weights\[0\]\[0\],7.06
weights\[14\]\[1\],7.06
weights\[20\]\[3\],7.06
weights\[49\]\[5\],7.06
weights\[58\]\[2\],7.06
weights\[60\]\[3\],7.06
net851,7.06
net1069,7.06
net2168,7.06
net2397,7.06
net2839,7.06
net3577,7.06
net3821,7.06
net3823,7.06
net4049,7.06
net4279,7.06
net4283,7.06
net4351,7.06
net4439,7.06
net4585,7.06
net4724,7.06
net4794,7.06
net4996,7.06
net5888,7.06
net6233,7.06
net7105,7.06
net7526,7.06
_01512_,7.055
_06488_,7.055
_06861_,7.055
_00047_,7.045
_02456_,7.045
_02815_,7.045
_02872_,7.045
_04138_,7.045
_04491_,7.045
_05042_,7.045
_05524_,7.045
_05715_,7.045
_28044_,7.045
out\[41\]\[6\],7.045
weights\[41\]\[5\],7.045
_12128_,7.04
_12158_,7.04
_12787_,7.04
_14926_,7.04
_15619_,7.04
_17351_,7.04
_18854_,7.04
_19787_,7.04
_20071_,7.04
_21155_,7.04
_22105_,7.04
_22187_,7.04
_28386_,7.04
_28413_,7.04
_28755_,7.04
_29105_,7.04
_33336_,7.04
_33889_,7.04
_34648_,7.04
_35070_,7.04
_43305_,7.04
_43576_,7.04
k\[1\]\[6\],7.04
q\[39\]\[1\],7.04
q\[88\]\[4\],7.04
_19880_,7.03
_00667_,7.025
_00770_,7.025
_01113_,7.025
_01834_,7.025
_01892_,7.025
_02031_,7.025
_03522_,7.025
_03904_,7.025
_04173_,7.025
_04909_,7.025
_05810_,7.025
_06484_,7.025
_07027_,7.025
_02783_,7.02
_04999_,7.02
_05378_,7.02
_21412_,7.02
_38690_,7.02
_41831_,7.02
_00805_,7.015
_01544_,7.015
_02152_,7.015
_02510_,7.015
_02620_,7.015
_24057_,7.01
net1711,7.01
_01283_,7.005
_02933_,7.005
_06543_,7.005
_02418_,7
_02512_,7
_02594_,7
_02954_,7
_04549_,7
_04562_,7
_05851_,7
_05970_,7
_06008_,7
_06198_,7
_06461_,7
_06741_,7
_11353_,7
_13935_,7
_14483_,7
_19951_,7
_19968_,7
_20865_,7
_24766_,7
_27612_,7
_29950_,7
_30231_,7
_39267_,7
_42349_,7
_43051_,7
_44158_,7
_44167_,7
out\[117\]\[2\],7
v\[24\]\[7\],7
v\[28\]\[0\],7
net2316,7
net2449,7
net2480,7
net2649,7
net2769,7
net2808,7
net2887,7
net2922,7
net3106,7
net3144,7
net3309,7
net3385,7
net3405,7
net3551,7
net3586,7
net3659,7
net3694,7
net3709,7
net3756,7
net3788,7
net3925,7
net3946,7
net3983,7
net4020,7
net4028,7
net4106,7
net4252,7
net4308,7
net4347,7
net4477,7
net4504,7
net4518,7
net4555,7
net4592,7
net4741,7
net4746,7
net4882,7
net4932,7
net5009,7
net5176,7
net5252,7
net5357,7
net5369,7
net5460,7
net5645,7
net5695,7
net5734,7
net5744,7
net5847,7
net5992,7
net6130,7
net6162,7
net6215,7
net6216,7
net6230,7
net6312,7
net6341,7
net6612,7
net6636,7
net6697,7
net6700,7
net6775,7
net6846,7
net7037,7
net7156,7
net7534,7
net7706,7
net7814,7
_03838_,6.995
_26678_,6.995
_41677_,6.99
_00679_,6.985
_02701_,6.985
k\[19\]\[3\],6.985
k\[27\]\[0\],6.985
q\[60\]\[2\],6.985
q\[61\]\[4\],6.985
_09136_,6.98
_09905_,6.98
_10038_,6.98
_10134_,6.98
_11358_,6.98
_11680_,6.98
_11690_,6.98
_11994_,6.98
_12217_,6.98
_12339_,6.98
_12437_,6.98
_12531_,6.98
_12644_,6.98
_12849_,6.98
_13055_,6.98
_13450_,6.98
_13847_,6.98
_14032_,6.98
_14189_,6.98
_14207_,6.98
_15111_,6.98
_15535_,6.98
_15696_,6.98
_15761_,6.98
_17385_,6.98
_17836_,6.98
_17972_,6.98
_18531_,6.98
_18548_,6.98
_19551_,6.98
_20453_,6.98
_20456_,6.98
_20966_,6.98
_21615_,6.98
_21897_,6.98
_21994_,6.98
_22093_,6.98
_22309_,6.98
_22700_,6.98
_22705_,6.98
_23011_,6.98
_23483_,6.98
_23534_,6.98
_24249_,6.98
_25572_,6.98
_26216_,6.98
_26737_,6.98
_27219_,6.98
_27311_,6.98
_28879_,6.98
_29145_,6.98
_29700_,6.98
_29736_,6.98
_30822_,6.98
_31307_,6.98
_31345_,6.98
_31909_,6.98
_32058_,6.98
_32195_,6.98
_32772_,6.98
_33406_,6.98
_34327_,6.98
_34430_,6.98
_34456_,6.98
_34881_,6.98
_34905_,6.98
_35045_,6.98
_36303_,6.98
_37425_,6.98
_37633_,6.98
_37723_,6.98
_38497_,6.98
_39141_,6.98
_39586_,6.98
_40165_,6.98
_40311_,6.98
_40551_,6.98
_40778_,6.98
_40911_,6.98
_43415_,6.98
_43478_,6.98
_43525_,6.98
_43948_,6.98
_43952_,6.98
_44037_,6.98
k\[82\]\[2\],6.98
out\[5\]\[1\],6.98
out\[64\]\[1\],6.98
q\[13\]\[6\],6.98
q\[68\]\[1\],6.98
q\[74\]\[0\],6.98
q\[78\]\[7\],6.98
scaled_scores\[6\]\[4\],6.98
v\[45\]\[7\],6.98
v\[78\]\[0\],6.98
net1038,6.98
net1369,6.98
net1764,6.98
net2766,6.98
net2768,6.98
net3012,6.98
net3260,6.98
net3485,6.98
net3606,6.98
net3867,6.98
net4051,6.98
net4201,6.98
net4463,6.98
net5674,6.98
net5691,6.98
net5769,6.98
net5980,6.98
net6692,6.98
net7094,6.98
net7267,6.98
net7308,6.98
net7679,6.98
q\[95\]\[6\],6.975
_21394_,6.97
_27090_,6.97
_43936_,6.97
_00489_,6.965
_04238_,6.965
_05287_,6.965
_06382_,6.965
_41014_,6.965
_01990_,6.96
_02261_,6.96
_02287_,6.96
_03140_,6.96
_03337_,6.96
_03355_,6.96
_03996_,6.96
_05331_,6.96
_05830_,6.96
_06596_,6.96
_11607_,6.96
_15579_,6.96
_15629_,6.96
_17774_,6.96
_18975_,6.96
_19306_,6.96
_19479_,6.96
_20677_,6.96
_21106_,6.96
_21336_,6.96
_21345_,6.96
_21376_,6.96
_21664_,6.96
_21734_,6.96
_27060_,6.96
_27759_,6.96
_29109_,6.96
_29622_,6.96
_29723_,6.96
_30669_,6.96
_30872_,6.96
_31630_,6.96
_37895_,6.96
_38748_,6.96
_38874_,6.96
_41018_,6.96
_41532_,6.96
_42016_,6.96
_43063_,6.96
out\[7\]\[3\],6.96
q\[107\]\[6\],6.96
q\[108\]\[2\],6.96
raw_scores\[7\]\[2\],6.96
scaled_scores\[13\]\[13\],6.96
v\[78\]\[1\],6.96
weights\[3\]\[1\],6.96
net2697,6.96
net3101,6.96
net3486,6.96
net4235,6.96
net5024,6.96
net5224,6.96
net5246,6.96
net6176,6.96
net6217,6.96
net6523,6.96
net6731,6.96
net6776,6.96
net7434,6.96
net7784,6.96
_13652_,6.955
_14375_,6.955
_27325_,6.95
_39116_,6.95
_05832_,6.945
k\[81\]\[5\],6.945
v\[124\]\[4\],6.945
v\[44\]\[0\],6.945
v\[81\]\[4\],6.945
_00031_,6.94
_07333_,6.94
_07481_,6.94
_07493_,6.94
_08344_,6.94
_11009_,6.94
_13240_,6.94
_19218_,6.94
_20219_,6.94
_21440_,6.94
_28730_,6.94
_30568_,6.94
_31222_,6.94
_31254_,6.94
_31541_,6.94
_34335_,6.94
_36360_,6.94
_40136_,6.94
_40851_,6.94
_41764_,6.94
_43113_,6.94
_43823_,6.94
k\[67\]\[1\],6.94
out\[77\]\[1\],6.94
q\[101\]\[7\],6.94
raw_scores\[14\]\[19\],6.94
scaled_scores\[42\]\[7\],6.94
v\[55\]\[6\],6.94
v\[95\]\[0\],6.94
net6743,6.94
_01022_,6.935
_05274_,6.935
q\[52\]\[0\],6.935
_43237_,6.93
_00270_,6.925
_00327_,6.925
_00422_,6.925
_00509_,6.925
_00827_,6.925
_01517_,6.925
_02012_,6.925
_04384_,6.925
_04512_,6.925
_04952_,6.925
_04956_,6.925
_05004_,6.925
_05985_,6.925
_06866_,6.925
_06979_,6.925
_22915_,6.92
_22992_,6.92
_23570_,6.92
_30928_,6.92
_36363_,6.92
_37930_,6.92
net5511,6.92
_01272_,6.915
_41093_,6.91
_06566_,6.905
_06779_,6.905
_21465_,6.9
_22379_,6.9
_24279_,6.9
_27220_,6.9
_27825_,6.9
_36550_,6.9
_40353_,6.9
_42197_,6.9
_42258_,6.9
out\[36\]\[6\],6.9
net1294,6.9
net1810,6.9
net2192,6.9
net2509,6.9
net2557,6.9
net2636,6.9
net2823,6.9
net3086,6.9
net4008,6.9
net4011,6.9
net4085,6.9
net4114,6.9
net4379,6.9
net4669,6.9
net4688,6.9
net4770,6.9
net4773,6.9
net5018,6.9
net5263,6.9
net5422,6.9
net5876,6.9
net5974,6.9
net6143,6.9
net6405,6.9
net6441,6.9
net6598,6.9
net6665,6.9
net6689,6.9
net6822,6.9
net7268,6.9
net7281,6.9
net7381,6.9
net7486,6.9
net7527,6.9
net7824,6.9
_00954_,6.885
_01277_,6.885
_01474_,6.885
_01956_,6.885
_02037_,6.885
_02044_,6.885
_02142_,6.885
_02932_,6.885
_03429_,6.885
_05581_,6.885
_05793_,6.885
_06161_,6.885
_06657_,6.885
_07052_,6.885
scaled_scores\[46\]\[0\],6.885
_01421_,6.88
_01792_,6.88
_01797_,6.88
_01835_,6.88
_04994_,6.88
_05849_,6.88
_06005_,6.88
_06096_,6.88
_06711_,6.88
_07123_,6.88
_07124_,6.88
_07198_,6.88
_07288_,6.88
_07345_,6.88
_07431_,6.88
_07834_,6.88
_08595_,6.88
_08704_,6.88
_08712_,6.88
_14510_,6.88
_15238_,6.88
_17144_,6.88
_20234_,6.88
_20737_,6.88
_22925_,6.88
_24783_,6.88
_25545_,6.88
_27489_,6.88
_27678_,6.88
_29081_,6.88
_30695_,6.88
_31299_,6.88
k\[118\]\[3\],6.88
q\[27\]\[2\],6.88
net1328,6.88
net1518,6.88
net1529,6.88
net1717,6.88
net1847,6.88
net2493,6.88
net2581,6.88
net2816,6.88
net2979,6.88
net3667,6.88
net3923,6.88
net4113,6.88
net4342,6.88
net4872,6.88
net5371,6.88
net5608,6.88
net5750,6.88
net6678,6.88
net6998,6.88
net7624,6.88
_06879_,6.875
_07343_,6.875
_04775_,6.865
_06329_,6.865
_37270_,6.865
weights\[28\]\[5\],6.865
_00539_,6.86
_02091_,6.86
_07986_,6.86
_08148_,6.86
_08651_,6.86
_08685_,6.86
_09973_,6.86
_13234_,6.86
_13395_,6.86
_14027_,6.86
_14494_,6.86
_14537_,6.86
_14560_,6.86
_20927_,6.86
_21146_,6.86
_21923_,6.86
_23922_,6.86
_24108_,6.86
_25492_,6.86
_25940_,6.86
_26132_,6.86
_26804_,6.86
_27322_,6.86
_27502_,6.86
_28218_,6.86
_28939_,6.86
_29728_,6.86
_30548_,6.86
_31134_,6.86
_31663_,6.86
_32377_,6.86
_32471_,6.86
_32913_,6.86
_34951_,6.86
_37557_,6.86
_37686_,6.86
_37820_,6.86
_38722_,6.86
_38836_,6.86
_39038_,6.86
_39191_,6.86
_39221_,6.86
_39743_,6.86
_41031_,6.86
_41090_,6.86
_41670_,6.86
_41954_,6.86
_42082_,6.86
_42113_,6.86
_42619_,6.86
_42882_,6.86
_43308_,6.86
_43712_,6.86
_43913_,6.86
k\[3\]\[0\],6.86
out\[104\]\[0\],6.86
out\[66\]\[6\],6.86
q\[106\]\[4\],6.86
q\[115\]\[6\],6.86
q\[40\]\[3\],6.86
q\[44\]\[4\],6.86
q\[69\]\[3\],6.86
scaled_scores\[28\]\[5\],6.86
scaled_scores\[4\]\[2\],6.86
v\[125\]\[5\],6.86
v\[53\]\[6\],6.86
net1724,6.86
net3346,6.86
net3934,6.86
net5922,6.86
net6112,6.86
_01060_,6.855
_43442_,6.855
raw_scores\[15\]\[4\],6.855
_26769_,6.85
_31569_,6.85
_01247_,6.845
_02747_,6.845
_04313_,6.845
_05856_,6.845
_08137_,6.845
_07203_,6.84
_07464_,6.84
_07823_,6.84
_13222_,6.84
_13327_,6.84
_13496_,6.84
_13644_,6.84
_13975_,6.84
_19678_,6.84
_24123_,6.84
_27033_,6.84
_30782_,6.84
_38167_,6.84
_38491_,6.84
_40022_,6.84
_40554_,6.84
_40805_,6.84
weights\[56\]\[6\],6.84
net6542,6.84
_05921_,6.835
_00066_,6.825
_00867_,6.825
_01018_,6.825
_01030_,6.825
_01067_,6.825
_01280_,6.825
_01285_,6.825
_01884_,6.825
_02286_,6.825
_03180_,6.825
_03636_,6.825
_03830_,6.825
_03905_,6.825
_03906_,6.825
_03975_,6.825
_04282_,6.825
_04296_,6.825
_04496_,6.825
_04637_,6.825
_05466_,6.825
_05770_,6.825
_06230_,6.825
_06644_,6.825
_06808_,6.825
q\[81\]\[4\],6.825
weights\[43\]\[6\],6.825
_07505_,6.82
_08596_,6.82
_09430_,6.82
_10144_,6.82
_13415_,6.82
_14385_,6.82
_19350_,6.82
_20377_,6.82
_21883_,6.82
_22225_,6.82
_22363_,6.82
_22440_,6.82
_23628_,6.82
_30820_,6.82
_31778_,6.82
_31883_,6.82
_40145_,6.82
_40342_,6.82
_41324_,6.82
_41568_,6.82
_42344_,6.82
_42454_,6.82
_43319_,6.82
out\[101\]\[3\],6.82
out\[125\]\[6\],6.82
out\[3\]\[4\],6.82
out\[5\]\[6\],6.82
q\[15\]\[7\],6.82
q\[82\]\[4\],6.82
raw_scores\[58\]\[17\],6.82
scaled_scores\[12\]\[4\],6.82
scaled_scores\[13\]\[17\],6.82
v\[0\]\[4\],6.82
v\[41\]\[1\],6.82
v\[43\]\[0\],6.82
v\[66\]\[5\],6.82
weights\[22\]\[0\],6.82
weights\[57\]\[0\],6.82
weights\[8\]\[2\],6.82
_01264_,6.815
_05413_,6.815
_05497_,6.815
_07015_,6.815
_07764_,6.81
_30659_,6.81
_02840_,6.805
_04389_,6.805
_05002_,6.805
_05789_,6.805
_15242_,6.8
_21979_,6.8
_42401_,6.8
k\[57\]\[0\],6.8
_06394_,6.795
_06727_,6.795
q\[81\]\[3\],6.795
_25433_,6.79
_37690_,6.79
row_data[39],6.79
_01997_,6.785
_03480_,6.785
_04411_,6.785
_04914_,6.785
_06006_,6.785
_07614_,6.78
_07699_,6.78
_13368_,6.78
_13913_,6.78
_14345_,6.78
_16380_,6.78
_16431_,6.78
_19263_,6.78
_21510_,6.78
_22549_,6.78
_25232_,6.78
_26498_,6.78
_26829_,6.78
_27196_,6.78
_27367_,6.78
_28478_,6.78
_29779_,6.78
_32855_,6.78
_34678_,6.78
_35653_,6.78
_37094_,6.78
_37636_,6.78
_38032_,6.78
_39331_,6.78
_40434_,6.78
_40654_,6.78
_40928_,6.78
_41777_,6.78
net916,6.78
net932,6.78
net994,6.78
net1083,6.78
net1356,6.78
net1467,6.78
net1593,6.78
net2324,6.78
net2528,6.78
net3198,6.78
net3515,6.78
net3644,6.78
net4917,6.78
net5385,6.78
net7751,6.78
net7872,6.78
_26346_,6.77
_39687_,6.77
rst_n,6.77
_00690_,6.765
_02093_,6.765
_02772_,6.765
_03800_,6.765
_06631_,6.765
_00099_,6.76
_00115_,6.76
_01584_,6.76
_07427_,6.76
_07690_,6.76
_07966_,6.76
_08978_,6.76
_09594_,6.76
_09708_,6.76
_10337_,6.76
_10447_,6.76
_10581_,6.76
_10643_,6.76
_11096_,6.76
_11759_,6.76
_12589_,6.76
_12770_,6.76
_12854_,6.76
_12997_,6.76
_13024_,6.76
_13546_,6.76
_13986_,6.76
_14219_,6.76
_14393_,6.76
_14489_,6.76
_14580_,6.76
_14925_,6.76
_15128_,6.76
_15656_,6.76
_16021_,6.76
_16068_,6.76
_16081_,6.76
_16096_,6.76
_16115_,6.76
_16151_,6.76
_16167_,6.76
_16174_,6.76
_16376_,6.76
_16461_,6.76
_16481_,6.76
_16738_,6.76
_16794_,6.76
_16887_,6.76
_16951_,6.76
_17170_,6.76
_17199_,6.76
_17331_,6.76
_17389_,6.76
_17533_,6.76
_17751_,6.76
_18082_,6.76
_18083_,6.76
_18472_,6.76
_18629_,6.76
_18739_,6.76
_18800_,6.76
_18934_,6.76
_18991_,6.76
_20028_,6.76
_20480_,6.76
_20516_,6.76
_20984_,6.76
_21164_,6.76
_21306_,6.76
_22423_,6.76
_22509_,6.76
_22579_,6.76
_23459_,6.76
_23801_,6.76
_24021_,6.76
_24226_,6.76
_24571_,6.76
_24790_,6.76
_24906_,6.76
_25185_,6.76
_25273_,6.76
_25477_,6.76
_26685_,6.76
_26690_,6.76
_26746_,6.76
_26806_,6.76
_26816_,6.76
_26902_,6.76
_27570_,6.76
_27812_,6.76
_28632_,6.76
_29359_,6.76
_29404_,6.76
_29972_,6.76
_30049_,6.76
_30420_,6.76
_30513_,6.76
_31212_,6.76
_31425_,6.76
_32544_,6.76
_33507_,6.76
_33695_,6.76
_33825_,6.76
_33831_,6.76
_33897_,6.76
_33937_,6.76
_34112_,6.76
_34356_,6.76
_35245_,6.76
_35564_,6.76
_35598_,6.76
_36436_,6.76
_37056_,6.76
_37077_,6.76
_37109_,6.76
_37759_,6.76
_37774_,6.76
_38149_,6.76
_39641_,6.76
_39774_,6.76
_40855_,6.76
_41658_,6.76
_41851_,6.76
_42154_,6.76
_42656_,6.76
_42838_,6.76
_43901_,6.76
_43935_,6.76
_44286_,6.76
out\[4\]\[7\],6.76
out\[52\]\[4\],6.76
out\[54\]\[5\],6.76
out\[55\]\[4\],6.76
out\[90\]\[5\],6.76
out\[95\]\[0\],6.76
q\[108\]\[3\],6.76
q\[2\]\[1\],6.76
raw_scores\[24\]\[2\],6.76
raw_scores\[25\]\[15\],6.76
raw_scores\[35\]\[3\],6.76
raw_scores\[40\]\[10\],6.76
raw_scores\[48\]\[10\],6.76
raw_scores\[53\]\[18\],6.76
raw_scores\[53\]\[6\],6.76
raw_scores\[60\]\[18\],6.76
raw_scores\[9\]\[9\],6.76
scaled_scores\[20\]\[0\],6.76
scaled_scores\[39\]\[8\],6.76
scaled_scores\[6\]\[10\],6.76
v\[15\]\[4\],6.76
v\[91\]\[3\],6.76
net855,6.76
net963,6.76
net1098,6.76
net1114,6.76
net1407,6.76
net1614,6.76
net2018,6.76
net2054,6.76
net2249,6.76
net3367,6.76
net3740,6.76
net3888,6.76
net4076,6.76
net4164,6.76
net5776,6.76
net5828,6.76
net6076,6.76
net6119,6.76
net6970,6.76
net7053,6.76
net7492,6.76
net7546,6.76
net7753,6.76
net7867,6.76
_00266_,6.745
_04513_,6.745
_05093_,6.745
scaled_scores\[47\]\[16\],6.745
_00014_,6.74
_00277_,6.74
_10373_,6.74
_10676_,6.74
_11269_,6.74
_13618_,6.74
_13750_,6.74
_15008_,6.74
_15297_,6.74
_16816_,6.74
_16920_,6.74
_19476_,6.74
_19606_,6.74
_19929_,6.74
_20978_,6.74
_21251_,6.74
_23386_,6.74
_23599_,6.74
_23963_,6.74
_24903_,6.74
_25156_,6.74
_25401_,6.74
_26053_,6.74
_26099_,6.74
_28298_,6.74
_29063_,6.74
_29205_,6.74
_30059_,6.74
_30192_,6.74
_30483_,6.74
_30714_,6.74
_31796_,6.74
_32140_,6.74
_32211_,6.74
_32334_,6.74
_34132_,6.74
_34238_,6.74
_34328_,6.74
_34902_,6.74
_35097_,6.74
_35257_,6.74
_35859_,6.74
_36647_,6.74
_37699_,6.74
_37801_,6.74
_38964_,6.74
_39281_,6.74
_39592_,6.74
_39759_,6.74
_40064_,6.74
_40437_,6.74
_40598_,6.74
_41238_,6.74
_42617_,6.74
_43096_,6.74
_43356_,6.74
_43443_,6.74
_43857_,6.74
k\[124\]\[0\],6.74
k\[126\]\[1\],6.74
out\[13\]\[7\],6.74
out\[74\]\[1\],6.74
raw_scores\[25\]\[10\],6.74
scaled_scores\[14\]\[6\],6.74
v\[52\]\[2\],6.74
v\[59\]\[1\],6.74
v\[84\]\[7\],6.74
weights\[3\]\[3\],6.74
net3494,6.74
net4732,6.74
net6004,6.74
net6138,6.74
_25667_,6.735
_00477_,6.725
_00520_,6.725
_00535_,6.725
_01424_,6.725
_01610_,6.725
_01782_,6.725
_02716_,6.725
_02778_,6.725
_02860_,6.725
_04146_,6.725
_05915_,6.725
_06227_,6.725
_06874_,6.725
_07045_,6.725
_00172_,6.72
_00186_,6.72
_00207_,6.72
_00215_,6.72
_07279_,6.72
_07378_,6.72
_07495_,6.72
_07789_,6.72
_07813_,6.72
_08383_,6.72
_10355_,6.72
_12096_,6.72
_12140_,6.72
_12594_,6.72
_12924_,6.72
_12978_,6.72
_13718_,6.72
_13954_,6.72
_14665_,6.72
_14733_,6.72
_14792_,6.72
_14844_,6.72
_14932_,6.72
_15177_,6.72
_15441_,6.72
_15486_,6.72
_16412_,6.72
_16534_,6.72
_16606_,6.72
_16673_,6.72
_16712_,6.72
_16842_,6.72
_16906_,6.72
_17116_,6.72
_17229_,6.72
_17465_,6.72
_17479_,6.72
_17480_,6.72
_17556_,6.72
_17798_,6.72
_18176_,6.72
_18337_,6.72
_19535_,6.72
_19584_,6.72
_19622_,6.72
_19694_,6.72
_20620_,6.72
_20864_,6.72
_21291_,6.72
_21496_,6.72
_22012_,6.72
_22023_,6.72
_22165_,6.72
_22271_,6.72
_22320_,6.72
_22478_,6.72
_22888_,6.72
_23104_,6.72
_24215_,6.72
_24355_,6.72
_24647_,6.72
_25164_,6.72
_25452_,6.72
_25507_,6.72
_26359_,6.72
_26508_,6.72
_26514_,6.72
_26812_,6.72
_27094_,6.72
_27397_,6.72
_27460_,6.72
_28333_,6.72
_28705_,6.72
_28975_,6.72
_29018_,6.72
_29188_,6.72
_29639_,6.72
_29753_,6.72
_30182_,6.72
_30278_,6.72
_30927_,6.72
_31654_,6.72
_34017_,6.72
_35026_,6.72
_35459_,6.72
_37279_,6.72
_39156_,6.72
_40131_,6.72
_40144_,6.72
_40832_,6.72
_41231_,6.72
_41250_,6.72
_41565_,6.72
_42771_,6.72
_42782_,6.72
_43190_,6.72
_43362_,6.72
_43444_,6.72
_43945_,6.72
_43980_,6.72
_44169_,6.72
_44273_,6.72
k\[125\]\[3\],6.72
out\[87\]\[1\],6.72
q\[106\]\[3\],6.72
raw_scores\[26\]\[2\],6.72
raw_scores\[36\]\[18\],6.72
raw_scores\[36\]\[4\],6.72
raw_scores\[38\]\[16\],6.72
raw_scores\[43\]\[17\],6.72
raw_scores\[44\]\[12\],6.72
raw_scores\[49\]\[4\],6.72
raw_scores\[4\]\[12\],6.72
raw_scores\[59\]\[3\],6.72
raw_scores\[5\]\[2\],6.72
raw_scores\[63\]\[3\],6.72
raw_scores\[8\]\[11\],6.72
scaled_scores\[44\]\[9\],6.72
scaled_scores\[52\]\[11\],6.72
v\[3\]\[7\],6.72
v\[92\]\[4\],6.72
net980,6.72
net1377,6.72
net1772,6.72
net2879,6.72
net3504,6.72
net3579,6.72
net4003,6.72
net4243,6.72
net4564,6.72
net4884,6.72
net5255,6.72
net5909,6.72
net6707,6.72
net7077,6.72
_05308_,6.715
_06674_,6.715
_41702_,6.715
_29302_,6.71
_34788_,6.71
_00505_,6.705
_00538_,6.705
_01154_,6.705
_01320_,6.705
_01476_,6.705
_01826_,6.705
_01915_,6.705
_01922_,6.705
_02498_,6.705
_02616_,6.705
_02626_,6.705
_02714_,6.705
_03332_,6.705
_03437_,6.705
_03465_,6.705
_03846_,6.705
_03887_,6.705
_03941_,6.705
_03991_,6.705
_04126_,6.705
_04371_,6.705
_04553_,6.705
_04580_,6.705
_04820_,6.705
_04939_,6.705
_05043_,6.705
_05053_,6.705
_05097_,6.705
_05340_,6.705
_05561_,6.705
_05934_,6.705
_05959_,6.705
_06680_,6.705
_06884_,6.705
_06916_,6.705
_06965_,6.705
_07001_,6.705
_07078_,6.705
_24303_,6.7
_24939_,6.7
_28304_,6.7
_40398_,6.7
_44042_,6.7
k\[25\]\[3\],6.7
out\[36\]\[2\],6.7
raw_scores\[15\]\[18\],6.7
_23692_,6.695
_00297_,6.685
_00379_,6.685
_00389_,6.685
_01100_,6.685
_01555_,6.685
_01823_,6.685
_02020_,6.685
_02257_,6.685
_02270_,6.685
_02499_,6.685
_02904_,6.685
_03142_,6.685
_03193_,6.685
_03977_,6.685
_04198_,6.685
_04484_,6.685
_04564_,6.685
_04574_,6.685
_05110_,6.685
_05303_,6.685
_05467_,6.685
_06165_,6.685
_06496_,6.685
_06636_,6.685
_06886_,6.685
_06994_,6.685
_37919_,6.685
_03289_,6.675
_33746_,6.665
scaled_scores\[47\]\[15\],6.665
v\[5\]\[3\],6.665
_00169_,6.66
_01082_,6.66
_02947_,6.66
_08105_,6.66
_08832_,6.66
_10410_,6.66
_12591_,6.66
_12890_,6.66
_13156_,6.66
_14102_,6.66
_14164_,6.66
_14185_,6.66
_14283_,6.66
_14627_,6.66
_15782_,6.66
_16790_,6.66
_17080_,6.66
_17359_,6.66
_19483_,6.66
_19724_,6.66
_20591_,6.66
_22426_,6.66
_22443_,6.66
_22832_,6.66
_24372_,6.66
_24514_,6.66
_25158_,6.66
_25266_,6.66
_25555_,6.66
_25776_,6.66
_25955_,6.66
_26199_,6.66
_27546_,6.66
_27935_,6.66
_27973_,6.66
_28405_,6.66
_30112_,6.66
_30751_,6.66
_30792_,6.66
_31081_,6.66
_31880_,6.66
_33748_,6.66
_34615_,6.66
_34804_,6.66
_35200_,6.66
_35282_,6.66
_38755_,6.66
_39233_,6.66
_39471_,6.66
_39866_,6.66
_40608_,6.66
_40693_,6.66
_40715_,6.66
_41477_,6.66
_42586_,6.66
_43522_,6.66
_43701_,6.66
k\[118\]\[7\],6.66
k\[123\]\[5\],6.66
k\[2\]\[4\],6.66
k\[52\]\[1\],6.66
out\[15\]\[5\],6.66
out\[39\]\[4\],6.66
out\[52\]\[2\],6.66
out\[61\]\[3\],6.66
out\[62\]\[3\],6.66
q\[32\]\[1\],6.66
q\[44\]\[0\],6.66
raw_scores\[30\]\[2\],6.66
scaled_scores\[53\]\[5\],6.66
v\[110\]\[0\],6.66
v\[122\]\[4\],6.66
v\[25\]\[0\],6.66
v\[62\]\[0\],6.66
v\[6\]\[2\],6.66
v\[8\]\[6\],6.66
weights\[9\]\[2\],6.66
net1635,6.66
net1663,6.66
net1674,6.66
net2182,6.66
net5048,6.66
net6554,6.66
net6602,6.66
_08487_,6.65
_26181_,6.65
_30936_,6.65
_01606_,6.645
_01827_,6.645
_01946_,6.645
_02730_,6.645
_03278_,6.645
_03448_,6.645
_03624_,6.645
_03631_,6.645
_04586_,6.645
_04789_,6.645
_04881_,6.645
_06186_,6.645
_06825_,6.645
_01507_,6.64
_07566_,6.64
_07643_,6.64
_07675_,6.64
_07769_,6.64
_08858_,6.64
_08987_,6.64
_09338_,6.64
_09889_,6.64
_10174_,6.64
_10351_,6.64
_10570_,6.64
_10704_,6.64
_10715_,6.64
_11557_,6.64
_11590_,6.64
_11593_,6.64
_11699_,6.64
_11704_,6.64
_11783_,6.64
_12025_,6.64
_12109_,6.64
_12169_,6.64
_12231_,6.64
_12256_,6.64
_12401_,6.64
_12404_,6.64
_12523_,6.64
_12609_,6.64
_12665_,6.64
_12689_,6.64
_12851_,6.64
_12927_,6.64
_12943_,6.64
_12996_,6.64
_13100_,6.64
_13249_,6.64
_13262_,6.64
_13600_,6.64
_13830_,6.64
_14472_,6.64
_14684_,6.64
_15138_,6.64
_15171_,6.64
_15200_,6.64
_15438_,6.64
_15540_,6.64
_15566_,6.64
_15576_,6.64
_15616_,6.64
_15704_,6.64
_15744_,6.64
_15778_,6.64
_15903_,6.64
_15941_,6.64
_15949_,6.64
_16163_,6.64
_16372_,6.64
_16453_,6.64
_16741_,6.64
_16944_,6.64
_17001_,6.64
_17125_,6.64
_17434_,6.64
_17436_,6.64
_17440_,6.64
_17608_,6.64
_17776_,6.64
_18073_,6.64
_18221_,6.64
_18364_,6.64
_18388_,6.64
_18579_,6.64
_18601_,6.64
_18754_,6.64
_18825_,6.64
_19008_,6.64
_19017_,6.64
_19546_,6.64
_19881_,6.64
_20116_,6.64
_20913_,6.64
_21084_,6.64
_21234_,6.64
_21634_,6.64
_21653_,6.64
_22607_,6.64
_22819_,6.64
_23267_,6.64
_23457_,6.64
_23881_,6.64
_24058_,6.64
_24073_,6.64
_24235_,6.64
_24282_,6.64
_24545_,6.64
_24979_,6.64
_25078_,6.64
_25503_,6.64
_25900_,6.64
_26691_,6.64
_26966_,6.64
_27069_,6.64
_27177_,6.64
_27404_,6.64
_27640_,6.64
_27900_,6.64
_28142_,6.64
_28311_,6.64
_28601_,6.64
_28621_,6.64
_28899_,6.64
_29124_,6.64
_29133_,6.64
_29194_,6.64
_29336_,6.64
_29798_,6.64
_30176_,6.64
_31346_,6.64
_31602_,6.64
_31734_,6.64
_32453_,6.64
_32479_,6.64
_32518_,6.64
_33149_,6.64
_33369_,6.64
_35161_,6.64
_35442_,6.64
_35607_,6.64
_36380_,6.64
_37916_,6.64
_38328_,6.64
_38896_,6.64
_39981_,6.64
_39989_,6.64
_40602_,6.64
_41244_,6.64
_41396_,6.64
_41784_,6.64
_41841_,6.64
_41990_,6.64
_43586_,6.64
_43916_,6.64
_43927_,6.64
_43965_,6.64
_43978_,6.64
k\[119\]\[2\],6.64
k\[119\]\[6\],6.64
out\[100\]\[4\],6.64
out\[74\]\[5\],6.64
out\[78\]\[2\],6.64
out\[97\]\[0\],6.64
q\[101\]\[3\],6.64
q\[75\]\[4\],6.64
raw_scores\[2\]\[10\],6.64
raw_scores\[30\]\[19\],6.64
scaled_scores\[14\]\[16\],6.64
scaled_scores\[22\]\[17\],6.64
v\[116\]\[1\],6.64
v\[117\]\[7\],6.64
v\[20\]\[7\],6.64
v\[30\]\[1\],6.64
v\[61\]\[5\],6.64
v\[67\]\[4\],6.64
v\[84\]\[6\],6.64
weights\[23\]\[0\],6.64
weights\[56\]\[1\],6.64
net1057,6.64
net1167,6.64
net1829,6.64
net2303,6.64
net2770,6.64
net2798,6.64
net2848,6.64
net3052,6.64
net3271,6.64
net3308,6.64
net3394,6.64
net3410,6.64
net3539,6.64
net3549,6.64
net3761,6.64
net3972,6.64
net4175,6.64
net4385,6.64
net4489,6.64
net4497,6.64
net4537,6.64
net4742,6.64
net4753,6.64
net4866,6.64
net5441,6.64
net5452,6.64
net5979,6.64
net5984,6.64
net6051,6.64
net6103,6.64
net6304,6.64
net6358,6.64
net6732,6.64
net7134,6.64
net7201,6.64
net7211,6.64
net7341,6.64
net7540,6.64
net7618,6.64
_07673_,6.635
_20717_,6.63
_00508_,6.625
_01613_,6.625
_04695_,6.625
_04729_,6.625
_05984_,6.625
_06020_,6.625
_06151_,6.625
_06499_,6.625
k\[24\]\[1\],6.625
_03405_,6.62
_04298_,6.62
_07960_,6.62
_11016_,6.62
_11477_,6.62
_12374_,6.62
_12681_,6.62
_12973_,6.62
_13325_,6.62
_16219_,6.62
_16276_,6.62
_16313_,6.62
_16365_,6.62
_17655_,6.62
_18992_,6.62
_19854_,6.62
_20693_,6.62
_23020_,6.62
_23260_,6.62
_26001_,6.62
_26486_,6.62
_27018_,6.62
_27402_,6.62
_27740_,6.62
_28777_,6.62
_29626_,6.62
_32499_,6.62
_32785_,6.62
_33886_,6.62
_34695_,6.62
_34768_,6.62
_39119_,6.62
_40420_,6.62
_41623_,6.62
_42761_,6.62
_43370_,6.62
k\[109\]\[2\],6.62
k\[37\]\[1\],6.62
q\[11\]\[5\],6.62
raw_scores\[48\]\[11\],6.62
raw_scores\[52\]\[10\],6.62
raw_scores\[58\]\[13\],6.62
v\[24\]\[5\],6.62
k\[82\]\[5\],6.615
q\[51\]\[0\],6.615
weights\[31\]\[6\],6.615
_14325_,6.61
_07220_,6.605
_07252_,6.605
q\[52\]\[4\],6.605
_07868_,6.6
_08696_,6.6
_08800_,6.6
_09317_,6.6
_09675_,6.6
_09940_,6.6
_09985_,6.6
_10550_,6.6
_11333_,6.6
_11605_,6.6
_11929_,6.6
_11946_,6.6
_12106_,6.6
_12188_,6.6
_12397_,6.6
_12708_,6.6
_12751_,6.6
_12800_,6.6
_12811_,6.6
_12896_,6.6
_12968_,6.6
_13254_,6.6
_13736_,6.6
_13904_,6.6
_13940_,6.6
_14065_,6.6
_14179_,6.6
_14550_,6.6
_14741_,6.6
_14914_,6.6
_15209_,6.6
_15604_,6.6
_15875_,6.6
_15885_,6.6
_16263_,6.6
_16281_,6.6
_16286_,6.6
_16947_,6.6
_17058_,6.6
_17329_,6.6
_17426_,6.6
_17704_,6.6
_17746_,6.6
_17767_,6.6
_17815_,6.6
_17977_,6.6
_18095_,6.6
_18171_,6.6
_18349_,6.6
_18809_,6.6
_18879_,6.6
_19625_,6.6
_19674_,6.6
_20542_,6.6
_20552_,6.6
_20816_,6.6
_21469_,6.6
_22081_,6.6
_22096_,6.6
_22572_,6.6
_22713_,6.6
_23582_,6.6
_24603_,6.6
_24889_,6.6
_25287_,6.6
_25399_,6.6
_25758_,6.6
_25901_,6.6
_26049_,6.6
_26071_,6.6
_26082_,6.6
_26306_,6.6
_27359_,6.6
_27447_,6.6
_27619_,6.6
_27765_,6.6
_28296_,6.6
_28529_,6.6
_28558_,6.6
_29088_,6.6
_29137_,6.6
_29678_,6.6
_30006_,6.6
_30203_,6.6
_30523_,6.6
_30883_,6.6
_31203_,6.6
_31272_,6.6
_31369_,6.6
_31378_,6.6
_31974_,6.6
_33957_,6.6
_34088_,6.6
_34166_,6.6
_34416_,6.6
_35589_,6.6
_35608_,6.6
_35752_,6.6
_37511_,6.6
_37977_,6.6
_38448_,6.6
_38717_,6.6
_39552_,6.6
_39635_,6.6
_40300_,6.6
_40542_,6.6
_40634_,6.6
_40752_,6.6
_41006_,6.6
_41052_,6.6
_41247_,6.6
_41615_,6.6
_41720_,6.6
_42225_,6.6
_42307_,6.6
_42499_,6.6
_42930_,6.6
_43172_,6.6
_43561_,6.6
_43985_,6.6
_44017_,6.6
k\[43\]\[6\],6.6
out\[103\]\[4\],6.6
out\[35\]\[3\],6.6
q\[11\]\[4\],6.6
q\[120\]\[4\],6.6
q\[43\]\[3\],6.6
q\[97\]\[6\],6.6
raw_scores\[35\]\[2\],6.6
scaled_scores\[31\]\[0\],6.6
v\[40\]\[3\],6.6
v\[50\]\[1\],6.6
weights\[12\]\[4\],6.6
weights\[13\]\[3\],6.6
net1862,6.6
net3428,6.6
net3637,6.6
net3910,6.6
net5593,6.6
net7221,6.6
net7234,6.6
net7863,6.6
_01078_,6.595
_06204_,6.595
_26434_,6.59
_04103_,6.585
_06205_,6.585
_12432_,6.58
_12519_,6.58
_12588_,6.58
_13012_,6.58
_13074_,6.58
_15261_,6.58
_38319_,6.58
q\[7\]\[6\],6.58
k\[53\]\[7\],6.575
row_data[50],6.57
_00906_,6.565
_04187_,6.565
_05479_,6.565
_05943_,6.56
_01136_,6.555
_40922_,6.55
_01211_,6.545
_01593_,6.545
_00098_,6.54
_00421_,6.54
_00837_,6.54
_01029_,6.54
_01107_,6.54
_01292_,6.54
_01787_,6.54
_02127_,6.54
_02128_,6.54
_02315_,6.54
_02850_,6.54
_04258_,6.54
_04716_,6.54
_04926_,6.54
_05419_,6.54
_05442_,6.54
_06102_,6.54
_07453_,6.54
_07833_,6.54
_08088_,6.54
_09359_,6.54
_13668_,6.54
_19034_,6.54
_19373_,6.54
_19648_,6.54
_19817_,6.54
_20777_,6.54
_20845_,6.54
_22914_,6.54
_25907_,6.54
_26742_,6.54
_27078_,6.54
_29198_,6.54
_29564_,6.54
_30301_,6.54
_30742_,6.54
_32446_,6.54
_34663_,6.54
_36117_,6.54
_36138_,6.54
_38020_,6.54
_38552_,6.54
_39852_,6.54
_42682_,6.54
v\[110\]\[4\],6.54
weights\[12\]\[7\],6.54
net1141,6.54
net1851,6.54
net2424,6.54
net2787,6.54
net3033,6.54
net3231,6.54
net3287,6.54
net3415,6.54
net3418,6.54
net3490,6.54
net3517,6.54
net3715,6.54
net4029,6.54
net4157,6.54
net4412,6.54
net4486,6.54
net4500,6.54
net4660,6.54
net4723,6.54
net4833,6.54
net4837,6.54
net4897,6.54
net4980,6.54
net4987,6.54
net5028,6.54
net5069,6.54
net5236,6.54
net5262,6.54
net5562,6.54
net5778,6.54
net5868,6.54
net5924,6.54
net5976,6.54
net6150,6.54
net6172,6.54
net6219,6.54
net6280,6.54
net6306,6.54
net6465,6.54
net6466,6.54
net6530,6.54
net6688,6.54
net6810,6.54
net7047,6.54
net7082,6.54
net7083,6.54
net7086,6.54
net7471,6.54
net7518,6.54
net7723,6.54
_07982_,6.535
_42797_,6.53
_00497_,6.525
_00932_,6.525
_02028_,6.525
_04581_,6.525
_05041_,6.525
out\[46\]\[7\],6.525
q\[61\]\[5\],6.525
scaled_scores\[45\]\[14\],6.525
_08694_,6.52
_10107_,6.52
_10482_,6.52
_11432_,6.52
_12005_,6.52
_12540_,6.52
_12776_,6.52
_12947_,6.52
_13002_,6.52
_14438_,6.52
_14575_,6.52
_14689_,6.52
_14789_,6.52
_15394_,6.52
_15641_,6.52
_16964_,6.52
_16969_,6.52
_17267_,6.52
_17416_,6.52
_17735_,6.52
_17835_,6.52
_17917_,6.52
_18155_,6.52
_18494_,6.52
_18649_,6.52
_18751_,6.52
_18778_,6.52
_18994_,6.52
_19672_,6.52
_20378_,6.52
_20437_,6.52
_20646_,6.52
_21148_,6.52
_21635_,6.52
_21755_,6.52
_21940_,6.52
_22292_,6.52
_22519_,6.52
_22690_,6.52
_24693_,6.52
_24712_,6.52
_24899_,6.52
_25990_,6.52
_26103_,6.52
_26637_,6.52
_28379_,6.52
_28560_,6.52
_29974_,6.52
_30264_,6.52
_30360_,6.52
_30797_,6.52
_30852_,6.52
_31669_,6.52
_31941_,6.52
_32454_,6.52
_33486_,6.52
_33890_,6.52
_34864_,6.52
_35303_,6.52
_37568_,6.52
_37581_,6.52
_38333_,6.52
_38468_,6.52
_39564_,6.52
_41124_,6.52
_41341_,6.52
_42034_,6.52
_42291_,6.52
_42355_,6.52
_42574_,6.52
_42745_,6.52
_43666_,6.52
k\[78\]\[7\],6.52
k\[87\]\[7\],6.52
q\[15\]\[5\],6.52
q\[67\]\[3\],6.52
raw_scores\[29\]\[13\],6.52
scaled_scores\[14\]\[17\],6.52
scaled_scores\[3\]\[0\],6.52
v\[122\]\[5\],6.52
v\[23\]\[1\],6.52
v\[84\]\[5\],6.52
v\[85\]\[6\],6.52
net1048,6.52
net1475,6.52
net1722,6.52
net3113,6.52
net3527,6.52
net3619,6.52
net3677,6.52
net3692,6.52
net3730,6.52
net3848,6.52
net4604,6.52
net5151,6.52
net5271,6.52
net5934,6.52
net7605,6.52
_00436_,6.5
_00802_,6.5
_03104_,6.5
_04251_,6.5
_07039_,6.5
_08009_,6.5
_09994_,6.5
_11977_,6.5
_12578_,6.5
_14290_,6.5
_15834_,6.5
_21658_,6.5
_21918_,6.5
_22102_,6.5
_23679_,6.5
_26190_,6.5
_26826_,6.5
_27718_,6.5
_27763_,6.5
_30156_,6.5
_30498_,6.5
_30625_,6.5
_31850_,6.5
_35307_,6.5
_35524_,6.5
_39590_,6.5
_40987_,6.5
_43833_,6.5
_44289_,6.5
q\[71\]\[6\],6.5
scaled_scores\[34\]\[7\],6.5
weights\[36\]\[4\],6.5
net2530,6.5
net3918,6.5
net4813,6.5
net4842,6.5
net5311,6.5
net5346,6.5
net6398,6.5
net7458,6.5
q\[83\]\[0\],6.495
scaled_scores\[42\]\[9\],6.495
_37964_,6.49
_34960_,6.485
q\[62\]\[1\],6.485
_00390_,6.48
_07091_,6.48
_07159_,6.48
_07328_,6.48
_14059_,6.48
_19260_,6.48
_21016_,6.48
_21175_,6.48
_23155_,6.48
_25038_,6.48
_26440_,6.48
_29121_,6.48
_29891_,6.48
_30063_,6.48
_33328_,6.48
_34440_,6.48
_39240_,6.48
_41953_,6.48
k\[23\]\[4\],6.48
out\[117\]\[1\],6.48
out\[11\]\[7\],6.48
q\[104\]\[6\],6.48
q\[48\]\[3\],6.48
q\[74\]\[7\],6.48
raw_scores\[3\]\[17\],6.48
scaled_scores\[2\]\[4\],6.48
scaled_scores\[6\]\[13\],6.48
v\[82\]\[6\],6.48
weights\[20\]\[4\],6.48
weights\[3\]\[0\],6.48
net2820,6.48
net5310,6.48
_03427_,6.475
_06418_,6.475
k\[57\]\[3\],6.475
_19261_,6.47
_00492_,6.465
_01088_,6.465
_01152_,6.465
_01449_,6.465
_01598_,6.465
_01751_,6.465
_03009_,6.465
_04100_,6.465
_04536_,6.465
_04593_,6.465
_04743_,6.465
_05033_,6.465
_05191_,6.465
_05348_,6.465
_05607_,6.465
_06424_,6.465
_06863_,6.465
_05795_,6.46
_12534_,6.46
_13069_,6.46
_15844_,6.46
_42413_,6.46
_40384_,6.45
_43472_,6.45
_01248_,6.445
_01768_,6.445
_02288_,6.445
_08600_,6.44
_09058_,6.44
_09185_,6.44
_09490_,6.44
_29049_,6.44
_33510_,6.44
_33554_,6.44
_33894_,6.44
_34640_,6.44
_34736_,6.44
_35632_,6.44
_36635_,6.44
_39712_,6.44
_39882_,6.44
_41276_,6.44
_43208_,6.44
_43763_,6.44
_44135_,6.44
net1290,6.44
net1315,6.44
net1358,6.44
net1465,6.44
net1683,6.44
net1937,6.44
net1974,6.44
net2635,6.44
net2807,6.44
net2818,6.44
net3332,6.44
net3334,6.44
net3386,6.44
net3443,6.44
net3563,6.44
net4125,6.44
net4414,6.44
net4745,6.44
net5016,6.44
net5114,6.44
net5115,6.44
net5210,6.44
net5275,6.44
net5307,6.44
net5419,6.44
net5465,6.44
net5471,6.44
net5598,6.44
net5711,6.44
net5733,6.44
net5749,6.44
net5765,6.44
net5853,6.44
net6089,6.44
net6124,6.44
net6257,6.44
net6377,6.44
net6388,6.44
net6433,6.44
net6437,6.44
net6620,6.44
net6695,6.44
net6766,6.44
net6866,6.44
net6890,6.44
net6902,6.44
net6930,6.44
net7068,6.44
net7101,6.44
net7320,6.44
net7419,6.44
net7482,6.44
net7552,6.44
row_data[80],6.43
_00010_,6.425
_00930_,6.425
_01426_,6.425
_01832_,6.425
_02160_,6.425
_02273_,6.425
_02321_,6.425
_02360_,6.425
_02361_,6.425
_02524_,6.425
_03001_,6.425
_03530_,6.425
_03721_,6.425
_04247_,6.425
_04272_,6.425
_04776_,6.425
_05177_,6.425
_05365_,6.425
_05828_,6.425
_00769_,6.42
_02420_,6.42
_04799_,6.42
_04915_,6.42
_06044_,6.42
_07176_,6.42
_08310_,6.42
_08782_,6.42
_11523_,6.42
_12336_,6.42
_17448_,6.42
_17714_,6.42
_19556_,6.42
_21672_,6.42
_23806_,6.42
_24811_,6.42
_27553_,6.42
_27663_,6.42
_28314_,6.42
_28520_,6.42
_31202_,6.42
_31958_,6.42
_37985_,6.42
_40376_,6.42
_41050_,6.42
_43500_,6.42
net1406,6.42
net1738,6.42
net2830,6.42
net3479,6.42
net3835,6.42
net4700,6.42
net5817,6.42
net6120,6.42
net6790,6.42
net7110,6.42
net7563,6.42
_21714_,6.415
_26090_,6.41
_37593_,6.41
_01559_,6.405
_03570_,6.405
k\[27\]\[1\],6.405
k\[80\]\[0\],6.405
weights\[26\]\[0\],6.405
weights\[28\]\[6\],6.405
_01297_,6.4
_01410_,6.4
_03359_,6.4
_03436_,6.4
_04470_,6.4
_06387_,6.4
_06592_,6.4
_06964_,6.4
_07426_,6.4
_07800_,6.4
_08592_,6.4
_11259_,6.4
_12419_,6.4
_13043_,6.4
_13557_,6.4
_14044_,6.4
_14847_,6.4
_19288_,6.4
_20205_,6.4
_20754_,6.4
_21727_,6.4
_21785_,6.4
_23379_,6.4
_24023_,6.4
_24665_,6.4
_24720_,6.4
_26488_,6.4
_26680_,6.4
_26705_,6.4
_27039_,6.4
_27122_,6.4
_27500_,6.4
_27750_,6.4
_27865_,6.4
_28165_,6.4
_28420_,6.4
_28912_,6.4
_29457_,6.4
_29589_,6.4
_30234_,6.4
_30270_,6.4
_30502_,6.4
_31599_,6.4
_31648_,6.4
_31797_,6.4
_33295_,6.4
_34414_,6.4
_35019_,6.4
_38209_,6.4
_38889_,6.4
_39352_,6.4
_40200_,6.4
_40669_,6.4
_41094_,6.4
_41675_,6.4
_42269_,6.4
_42406_,6.4
_42709_,6.4
_43375_,6.4
_43881_,6.4
k\[104\]\[4\],6.4
k\[1\]\[1\],6.4
k\[26\]\[4\],6.4
out\[104\]\[2\],6.4
out\[67\]\[7\],6.4
out\[75\]\[0\],6.4
q\[121\]\[0\],6.4
v\[121\]\[3\],6.4
weights\[49\]\[4\],6.4
net1168,6.4
net4428,6.4
net5673,6.4
_04445_,6.395
_04645_,6.395
_06212_,6.395
_01405_,6.385
_02294_,6.385
_02471_,6.385
_05286_,6.385
_06710_,6.385
_07099_,6.38
_07193_,6.38
_07211_,6.38
_07340_,6.38
_13733_,6.38
_14326_,6.38
_17016_,6.38
_21819_,6.38
_25222_,6.38
_30024_,6.38
_30397_,6.38
_30665_,6.38
_34574_,6.38
_35228_,6.38
_38112_,6.38
_42747_,6.38
scaled_scores\[21\]\[0\],6.38
v\[53\]\[3\],6.38
weights\[48\]\[7\],6.38
weights\[53\]\[6\],6.38
net3735,6.38
net5576,6.38
net6245,6.38
_00321_,6.365
_00334_,6.365
_00358_,6.365
_00364_,6.365
_00405_,6.365
_00511_,6.365
_00517_,6.365
_00893_,6.365
_01340_,6.365
_01394_,6.365
_01656_,6.365
_01700_,6.365
_01817_,6.365
_02116_,6.365
_02132_,6.365
_02177_,6.365
_02301_,6.365
_02387_,6.365
_02465_,6.365
_02503_,6.365
_02532_,6.365
_02849_,6.365
_02907_,6.365
_02924_,6.365
_02945_,6.365
_03040_,6.365
_03046_,6.365
_03058_,6.365
_03134_,6.365
_03167_,6.365
_03177_,6.365
_03181_,6.365
_03200_,6.365
_03234_,6.365
_03280_,6.365
_03313_,6.365
_03325_,6.365
_03377_,6.365
_03412_,6.365
_03433_,6.365
_03502_,6.365
_03504_,6.365
_03621_,6.365
_03673_,6.365
_03933_,6.365
_03938_,6.365
_04293_,6.365
_04319_,6.365
_04403_,6.365
_04506_,6.365
_04516_,6.365
_04528_,6.365
_04550_,6.365
_04635_,6.365
_04663_,6.365
_04683_,6.365
_04793_,6.365
_04807_,6.365
_04843_,6.365
_04844_,6.365
_04847_,6.365
_04854_,6.365
_04857_,6.365
_04923_,6.365
_04982_,6.365
_05022_,6.365
_05056_,6.365
_05169_,6.365
_05217_,6.365
_05391_,6.365
_05393_,6.365
_05420_,6.365
_05452_,6.365
_05502_,6.365
_05634_,6.365
_05678_,6.365
_05711_,6.365
_05763_,6.365
_05977_,6.365
_05993_,6.365
_06011_,6.365
_06042_,6.365
_06178_,6.365
_06368_,6.365
_06532_,6.365
_06595_,6.365
_06648_,6.365
_06700_,6.365
_06740_,6.365
_07025_,6.365
k\[26\]\[5\],6.365
out\[41\]\[2\],6.365
_13489_,6.36
_24418_,6.36
_26865_,6.36
_27286_,6.36
_28702_,6.36
_39604_,6.36
_42027_,6.36
k\[14\]\[3\],6.36
out\[104\]\[5\],6.36
q\[109\]\[0\],6.36
q\[6\]\[5\],6.36
v\[54\]\[3\],6.36
v\[59\]\[7\],6.36
v\[77\]\[6\],6.36
weights\[59\]\[3\],6.36
_03478_,6.355
_04010_,6.355
_41965_,6.355
_02497_,6.345
_03133_,6.345
_03168_,6.345
_03418_,6.345
_05248_,6.345
_05520_,6.345
_05547_,6.345
_06894_,6.345
_37798_,6.34
_01279_,6.335
row_data[53],6.33
_00563_,6.325
_00899_,6.325
_01343_,6.325
_04691_,6.325
_04707_,6.325
_05570_,6.325
_06507_,6.325
_37940_,6.325
_07149_,6.32
_07168_,6.32
_07296_,6.32
_07441_,6.32
_07692_,6.32
_13969_,6.32
_14098_,6.32
_16362_,6.32
_16418_,6.32
_16581_,6.32
_16780_,6.32
_20016_,6.32
_20348_,6.32
_21008_,6.32
_21201_,6.32
_22374_,6.32
_22880_,6.32
_23295_,6.32
_23559_,6.32
_24988_,6.32
_25262_,6.32
_25876_,6.32
_26282_,6.32
_27171_,6.32
_28849_,6.32
_29510_,6.32
_31048_,6.32
_32169_,6.32
_32406_,6.32
_32850_,6.32
_34921_,6.32
_34944_,6.32
_35034_,6.32
_35148_,6.32
_35783_,6.32
_37143_,6.32
_38142_,6.32
_38718_,6.32
_38803_,6.32
_38936_,6.32
_38989_,6.32
_39133_,6.32
_39563_,6.32
_39835_,6.32
_39908_,6.32
_40108_,6.32
_40224_,6.32
_41044_,6.32
_41045_,6.32
_41241_,6.32
_43734_,6.32
_43900_,6.32
raw_scores\[39\]\[9\],6.32
raw_scores\[49\]\[13\],6.32
raw_scores\[60\]\[16\],6.32
net1280,6.32
net4070,6.32
net5282,6.32
net5461,6.32
net6401,6.32
net7665,6.32
_24711_,6.315
row_addr[0],6.31
row_data[102],6.31
row_data[126],6.31
row_data[127],6.31
row_data[3],6.31
row_data[51],6.31
row_data[74],6.31
_00087_,6.305
_00973_,6.305
_01216_,6.305
_02102_,6.305
_04686_,6.305
_05181_,6.305
_05598_,6.305
_06821_,6.305
_06968_,6.305
_07055_,6.305
_00029_,6.3
_00179_,6.3
_00193_,6.3
_00222_,6.3
_03914_,6.3
_07134_,6.3
_07226_,6.3
_07248_,6.3
_07286_,6.3
_07292_,6.3
_07319_,6.3
_07513_,6.3
_07693_,6.3
_07817_,6.3
_08120_,6.3
_08158_,6.3
_08620_,6.3
_08675_,6.3
_08678_,6.3
_08988_,6.3
_09003_,6.3
_09063_,6.3
_09191_,6.3
_09212_,6.3
_09903_,6.3
_10278_,6.3
_10298_,6.3
_10491_,6.3
_10714_,6.3
_10995_,6.3
_11043_,6.3
_11488_,6.3
_11954_,6.3
_12001_,6.3
_12049_,6.3
_12177_,6.3
_12185_,6.3
_12215_,6.3
_12384_,6.3
_12406_,6.3
_12469_,6.3
_12520_,6.3
_12711_,6.3
_12712_,6.3
_12994_,6.3
_13056_,6.3
_13061_,6.3
_13086_,6.3
_13106_,6.3
_13128_,6.3
_13164_,6.3
_13497_,6.3
_13660_,6.3
_14309_,6.3
_14568_,6.3
_14603_,6.3
_14682_,6.3
_15003_,6.3
_15030_,6.3
_15063_,6.3
_15333_,6.3
_15396_,6.3
_15402_,6.3
_15458_,6.3
_15776_,6.3
_15902_,6.3
_16001_,6.3
_16234_,6.3
_16280_,6.3
_16467_,6.3
_16479_,6.3
_16524_,6.3
_16679_,6.3
_16740_,6.3
_16987_,6.3
_17035_,6.3
_17097_,6.3
_17258_,6.3
_17271_,6.3
_17316_,6.3
_17320_,6.3
_17397_,6.3
_17464_,6.3
_17554_,6.3
_17950_,6.3
_18048_,6.3
_18061_,6.3
_18072_,6.3
_18122_,6.3
_18233_,6.3
_18374_,6.3
_18467_,6.3
_18476_,6.3
_18489_,6.3
_18565_,6.3
_18647_,6.3
_18899_,6.3
_19006_,6.3
_20696_,6.3
_21477_,6.3
_21974_,6.3
_21986_,6.3
_22034_,6.3
_22100_,6.3
_23616_,6.3
_23844_,6.3
_24432_,6.3
_24500_,6.3
_24637_,6.3
_24812_,6.3
_25389_,6.3
_25851_,6.3
_25880_,6.3
_26014_,6.3
_26150_,6.3
_27125_,6.3
_27146_,6.3
_27178_,6.3
_27257_,6.3
_27368_,6.3
_27783_,6.3
_28114_,6.3
_28708_,6.3
_28745_,6.3
_28933_,6.3
_28942_,6.3
_29430_,6.3
_29445_,6.3
_30194_,6.3
_30253_,6.3
_30540_,6.3
_31054_,6.3
_31423_,6.3
_32007_,6.3
_33137_,6.3
_33420_,6.3
_33994_,6.3
_34100_,6.3
_34442_,6.3
_34630_,6.3
_34839_,6.3
_35415_,6.3
_35536_,6.3
_35798_,6.3
_35939_,6.3
_37277_,6.3
_37619_,6.3
_38156_,6.3
_38312_,6.3
_38613_,6.3
_38668_,6.3
_38745_,6.3
_39320_,6.3
_39885_,6.3
_40180_,6.3
_40357_,6.3
_40668_,6.3
_40945_,6.3
_40962_,6.3
_42038_,6.3
_42166_,6.3
_42306_,6.3
_42486_,6.3
_42899_,6.3
_42974_,6.3
_43706_,6.3
_43714_,6.3
_43725_,6.3
_44099_,6.3
_44148_,6.3
_44219_,6.3
k\[119\]\[5\],6.3
out\[104\]\[1\],6.3
out\[52\]\[5\],6.3
out\[58\]\[1\],6.3
out\[5\]\[4\],6.3
q\[37\]\[4\],6.3
raw_scores\[12\]\[10\],6.3
raw_scores\[12\]\[4\],6.3
raw_scores\[17\]\[16\],6.3
raw_scores\[17\]\[5\],6.3
raw_scores\[23\]\[8\],6.3
raw_scores\[29\]\[9\],6.3
raw_scores\[2\]\[16\],6.3
raw_scores\[54\]\[2\],6.3
raw_scores\[61\]\[3\],6.3
raw_scores\[8\]\[7\],6.3
net1002,6.3
net1007,6.3
net1115,6.3
net1785,6.3
net1825,6.3
net2135,6.3
net2147,6.3
net2457,6.3
net3161,6.3
net3866,6.3
net4013,6.3
net4603,6.3
net4672,6.3
net5908,6.3
net5943,6.3
net6116,6.3
net6323,6.3
net6929,6.3
net7072,6.3
_32393_,6.295
k\[18\]\[5\],6.29
_00293_,6.285
k\[85\]\[0\],6.285
out\[42\]\[7\],6.285
q\[52\]\[2\],6.285
v\[65\]\[1\],6.285
_00605_,6.28
_07140_,6.28
_07213_,6.28
_07512_,6.28
_08091_,6.28
_08821_,6.28
_09001_,6.28
_11288_,6.28
_11980_,6.28
_12690_,6.28
_12941_,6.28
_14109_,6.28
_14296_,6.28
_15395_,6.28
_15538_,6.28
_16196_,6.28
_16308_,6.28
_17128_,6.28
_17737_,6.28
_17739_,6.28
_19633_,6.28
_21207_,6.28
_21481_,6.28
_22650_,6.28
_23813_,6.28
_25974_,6.28
_26063_,6.28
_26092_,6.28
_26237_,6.28
_26252_,6.28
_27391_,6.28
_28029_,6.28
_28545_,6.28
_28891_,6.28
_29003_,6.28
_29904_,6.28
_30157_,6.28
_31484_,6.28
_31935_,6.28
_32435_,6.28
_32735_,6.28
_33404_,6.28
_33411_,6.28
_34884_,6.28
_34917_,6.28
_35436_,6.28
_35618_,6.28
_35702_,6.28
_36270_,6.28
_37039_,6.28
_37742_,6.28
_37981_,6.28
_39582_,6.28
_39722_,6.28
_41666_,6.28
_42363_,6.28
_42736_,6.28
_43354_,6.28
k\[10\]\[4\],6.28
k\[127\]\[6\],6.28
k\[8\]\[6\],6.28
out\[60\]\[1\],6.28
q\[4\]\[2\],6.28
scaled_scores\[20\]\[14\],6.28
scaled_scores\[28\]\[7\],6.28
v\[103\]\[3\],6.28
v\[42\]\[6\],6.28
v\[46\]\[3\],6.28
v\[67\]\[6\],6.28
v\[71\]\[4\],6.28
v\[78\]\[4\],6.28
weights\[49\]\[2\],6.28
net1185,6.28
net3858,6.28
net3916,6.28
net5287,6.28
_00750_,6.275
_01223_,6.275
_01804_,6.275
scaled_scores\[42\]\[11\],6.275
_00388_,6.265
_00482_,6.265
_01830_,6.265
_02482_,6.265
_02589_,6.265
_02810_,6.265
_03469_,6.265
_03697_,6.265
_03839_,6.265
_03893_,6.265
_03961_,6.265
_05644_,6.265
_06172_,6.265
_06454_,6.265
_07014_,6.265
k\[26\]\[2\],6.265
_07844_,6.26
_08602_,6.26
_09859_,6.26
_10166_,6.26
_10673_,6.26
_10972_,6.26
_11019_,6.26
_11493_,6.26
_11569_,6.26
_11647_,6.26
_11721_,6.26
_12309_,6.26
_12554_,6.26
_12777_,6.26
_12844_,6.26
_12903_,6.26
_13142_,6.26
_13698_,6.26
_14112_,6.26
_14524_,6.26
_14601_,6.26
_14769_,6.26
_14855_,6.26
_15087_,6.26
_15646_,6.26
_15752_,6.26
_15923_,6.26
_15988_,6.26
_16120_,6.26
_16131_,6.26
_16194_,6.26
_16250_,6.26
_16687_,6.26
_16771_,6.26
_16966_,6.26
_17057_,6.26
_17237_,6.26
_17345_,6.26
_17557_,6.26
_17601_,6.26
_17666_,6.26
_18102_,6.26
_18154_,6.26
_18318_,6.26
_18408_,6.26
_18502_,6.26
_18514_,6.26
_18844_,6.26
_19462_,6.26
_20213_,6.26
_20796_,6.26
_20905_,6.26
_21955_,6.26
_22250_,6.26
_22852_,6.26
_23113_,6.26
_23473_,6.26
_23818_,6.26
_24013_,6.26
_24148_,6.26
_24183_,6.26
_24265_,6.26
_26655_,6.26
_27012_,6.26
_27142_,6.26
_27418_,6.26
_27617_,6.26
_27725_,6.26
_29325_,6.26
_29448_,6.26
_29737_,6.26
_31182_,6.26
_32150_,6.26
_32386_,6.26
_32429_,6.26
_32508_,6.26
_33185_,6.26
_33552_,6.26
_33948_,6.26
_34503_,6.26
_34590_,6.26
_34848_,6.26
_35471_,6.26
_35705_,6.26
_35733_,6.26
_35845_,6.26
_36378_,6.26
_37967_,6.26
_38297_,6.26
_38674_,6.26
_39709_,6.26
_39738_,6.26
_39873_,6.26
_40091_,6.26
_40614_,6.26
_40712_,6.26
_40891_,6.26
_41187_,6.26
_41474_,6.26
_41853_,6.26
_41874_,6.26
_42221_,6.26
_42556_,6.26
_42883_,6.26
_43102_,6.26
_43176_,6.26
_43315_,6.26
_43456_,6.26
_43499_,6.26
_43527_,6.26
k\[35\]\[4\],6.26
out\[0\]\[4\],6.26
out\[115\]\[4\],6.26
out\[26\]\[7\],6.26
out\[56\]\[0\],6.26
out\[81\]\[0\],6.26
q\[14\]\[1\],6.26
q\[73\]\[4\],6.26
q\[97\]\[4\],6.26
raw_scores\[13\]\[18\],6.26
raw_scores\[21\]\[5\],6.26
raw_scores\[27\]\[5\],6.26
raw_scores\[2\]\[13\],6.26
raw_scores\[2\]\[15\],6.26
raw_scores\[2\]\[4\],6.26
raw_scores\[37\]\[5\],6.26
raw_scores\[38\]\[17\],6.26
raw_scores\[39\]\[17\],6.26
raw_scores\[40\]\[16\],6.26
raw_scores\[41\]\[3\],6.26
raw_scores\[42\]\[10\],6.26
raw_scores\[42\]\[17\],6.26
raw_scores\[43\]\[5\],6.26
raw_scores\[46\]\[5\],6.26
raw_scores\[47\]\[19\],6.26
raw_scores\[49\]\[16\],6.26
raw_scores\[49\]\[7\],6.26
raw_scores\[51\]\[13\],6.26
raw_scores\[5\]\[14\],6.26
raw_scores\[9\]\[12\],6.26
v\[35\]\[3\],6.26
v\[39\]\[0\],6.26
net953,6.26
net1152,6.26
net1333,6.26
net1645,6.26
net2023,6.26
net5185,6.26
net6055,6.26
net6596,6.26
_04584_,6.255
_00852_,6.245
_01115_,6.245
_02717_,6.245
_02822_,6.245
_05123_,6.245
_05884_,6.245
_06298_,6.24
_13564_,6.24
_17053_,6.24
_20043_,6.24
_21730_,6.24
_26855_,6.24
_30002_,6.24
_31794_,6.24
k\[29\]\[5\],6.24
k\[41\]\[0\],6.24
raw_scores\[37\]\[3\],6.24
v\[5\]\[4\],6.24
_01735_,6.235
out\[34\]\[2\],6.235
_35010_,6.23
_43999_,6.23
_00034_,6.225
_00521_,6.225
_00574_,6.225
_00629_,6.225
_00782_,6.225
_00959_,6.225
_01085_,6.225
_01473_,6.225
_01586_,6.225
_01858_,6.225
_01947_,6.225
_01965_,6.225
_01976_,6.225
_02194_,6.225
_02253_,6.225
_02405_,6.225
_02484_,6.225
_02567_,6.225
_02604_,6.225
_02619_,6.225
_02884_,6.225
_02942_,6.225
_03137_,6.225
_03937_,6.225
_03984_,6.225
_04159_,6.225
_04214_,6.225
_04222_,6.225
_04273_,6.225
_04359_,6.225
_04429_,6.225
_04459_,6.225
_05155_,6.225
_05588_,6.225
_05897_,6.225
_06731_,6.225
_07008_,6.225
_07040_,6.225
_05054_,6.215
_41421_,6.21
out_row_data[102],6.21
out_row_data[10],6.21
out_row_data[110],6.21
out_row_data[28],6.21
out_row_data[42],6.21
out_row_data[56],6.21
out_row_data[59],6.21
out_row_data[60],6.21
out_row_data[61],6.21
out_row_data[62],6.21
out_row_data[99],6.21
out_valid,6.21
_00601_,6.205
_01577_,6.205
_04555_,6.205
_00451_,6.2
_04826_,6.2
_04983_,6.2
_07717_,6.2
_07910_,6.2
_08126_,6.2
_08165_,6.2
_08192_,6.2
_08842_,6.2
_08861_,6.2
_10703_,6.2
_11543_,6.2
_11743_,6.2
_11883_,6.2
_12298_,6.2
_12833_,6.2
_13033_,6.2
_13854_,6.2
_13938_,6.2
_13951_,6.2
_15007_,6.2
_15150_,6.2
_15195_,6.2
_15250_,6.2
_15413_,6.2
_15536_,6.2
_15822_,6.2
_15924_,6.2
_16212_,6.2
_16404_,6.2
_18153_,6.2
_18733_,6.2
_18757_,6.2
_20416_,6.2
_22215_,6.2
_22476_,6.2
_22640_,6.2
_23351_,6.2
_23765_,6.2
_24446_,6.2
_24738_,6.2
_25636_,6.2
_27068_,6.2
_27560_,6.2
_27938_,6.2
_28228_,6.2
_28302_,6.2
_29064_,6.2
_29411_,6.2
_30193_,6.2
_30789_,6.2
_31902_,6.2
_32231_,6.2
_32570_,6.2
_34463_,6.2
_37908_,6.2
_38379_,6.2
_39896_,6.2
_40775_,6.2
_42309_,6.2
_42678_,6.2
_44140_,6.2
k\[12\]\[3\],6.2
k\[83\]\[3\],6.2
k\[9\]\[0\],6.2
out\[86\]\[6\],6.2
q\[16\]\[0\],6.2
q\[28\]\[0\],6.2
q\[60\]\[3\],6.2
q\[94\]\[1\],6.2
scaled_scores\[27\]\[17\],6.2
scaled_scores\[30\]\[3\],6.2
scaled_scores\[31\]\[16\],6.2
scaled_scores\[35\]\[0\],6.2
scaled_scores\[51\]\[5\],6.2
scaled_scores\[5\]\[14\],6.2
v\[20\]\[3\],6.2
v\[28\]\[5\],6.2
v\[30\]\[6\],6.2
v\[93\]\[0\],6.2
net1469,6.2
net2781,6.2
net3005,6.2
net3257,6.2
net3697,6.2
net3899,6.2
net4336,6.2
net4623,6.2
net4848,6.2
net4896,6.2
net4960,6.2
net5012,6.2
net5083,6.2
net5302,6.2
net5517,6.2
net5606,6.2
net5823,6.2
net6293,6.2
net6370,6.2
net6561,6.2
net6693,6.2
net6701,6.2
net7092,6.2
net7210,6.2
net7774,6.2
_00260_,6.185
_00316_,6.185
_00900_,6.185
_00987_,6.185
_01095_,6.185
_01188_,6.185
_01190_,6.185
_01364_,6.185
_01729_,6.185
_01943_,6.185
_02199_,6.185
_02327_,6.185
_04034_,6.185
_04430_,6.185
_05068_,6.185
_05072_,6.185
_05073_,6.185
_05455_,6.185
_05601_,6.185
_06724_,6.185
_06837_,6.185
_06989_,6.185
_35762_,6.185
k\[49\]\[6\],6.185
_01229_,6.18
_07460_,6.18
_07870_,6.18
_07926_,6.18
_08076_,6.18
_08135_,6.18
_08597_,6.18
_08773_,6.18
_08805_,6.18
_08815_,6.18
_08859_,6.18
_08877_,6.18
_08953_,6.18
_09759_,6.18
_09964_,6.18
_10188_,6.18
_10198_,6.18
_10249_,6.18
_10506_,6.18
_10642_,6.18
_10649_,6.18
_11376_,6.18
_11405_,6.18
_11627_,6.18
_11654_,6.18
_12209_,6.18
_12257_,6.18
_12274_,6.18
_12305_,6.18
_12608_,6.18
_13006_,6.18
_13041_,6.18
_13133_,6.18
_13154_,6.18
_13201_,6.18
_13281_,6.18
_13449_,6.18
_13651_,6.18
_13708_,6.18
_13956_,6.18
_14039_,6.18
_14093_,6.18
_14443_,6.18
_14551_,6.18
_14748_,6.18
_14779_,6.18
_14835_,6.18
_14862_,6.18
_14907_,6.18
_15055_,6.18
_15339_,6.18
_15387_,6.18
_15537_,6.18
_15587_,6.18
_15588_,6.18
_15628_,6.18
_15678_,6.18
_15690_,6.18
_15783_,6.18
_15833_,6.18
_15907_,6.18
_16432_,6.18
_16557_,6.18
_16656_,6.18
_16684_,6.18
_16917_,6.18
_16975_,6.18
_17046_,6.18
_17064_,6.18
_17089_,6.18
_17228_,6.18
_17291_,6.18
_17353_,6.18
_17564_,6.18
_17611_,6.18
_17619_,6.18
_17627_,6.18
_17827_,6.18
_17965_,6.18
_18058_,6.18
_18130_,6.18
_18343_,6.18
_18352_,6.18
_18710_,6.18
_18750_,6.18
_18765_,6.18
_18912_,6.18
_18962_,6.18
_19166_,6.18
_19665_,6.18
_19842_,6.18
_19873_,6.18
_20280_,6.18
_20834_,6.18
_21124_,6.18
_21357_,6.18
_21454_,6.18
_21538_,6.18
_21576_,6.18
_21642_,6.18
_21695_,6.18
_21864_,6.18
_22174_,6.18
_22624_,6.18
_22862_,6.18
_23092_,6.18
_24612_,6.18
_25091_,6.18
_25092_,6.18
_25400_,6.18
_25548_,6.18
_26028_,6.18
_26656_,6.18
_26874_,6.18
_26959_,6.18
_27216_,6.18
_27234_,6.18
_27435_,6.18
_27578_,6.18
_27593_,6.18
_27626_,6.18
_27981_,6.18
_28241_,6.18
_28742_,6.18
_28754_,6.18
_28774_,6.18
_28881_,6.18
_29038_,6.18
_29077_,6.18
_29947_,6.18
_30158_,6.18
_30191_,6.18
_30281_,6.18
_30316_,6.18
_30553_,6.18
_30709_,6.18
_30961_,6.18
_31280_,6.18
_31326_,6.18
_31338_,6.18
_31388_,6.18
_31517_,6.18
_31780_,6.18
_32235_,6.18
_32237_,6.18
_32251_,6.18
_33009_,6.18
_34968_,6.18
_34974_,6.18
_35069_,6.18
_35652_,6.18
_35795_,6.18
_36933_,6.18
_37230_,6.18
_37287_,6.18
_37330_,6.18
_37714_,6.18
_38398_,6.18
_38965_,6.18
_40371_,6.18
_40867_,6.18
_41086_,6.18
_41303_,6.18
_41331_,6.18
_41630_,6.18
_41779_,6.18
_41963_,6.18
_42324_,6.18
_42517_,6.18
_42610_,6.18
_42731_,6.18
_42762_,6.18
_43626_,6.18
_43677_,6.18
_43731_,6.18
_43738_,6.18
_43739_,6.18
_43912_,6.18
_44239_,6.18
_44261_,6.18
k\[119\]\[3\],6.18
out\[110\]\[5\],6.18
out\[114\]\[2\],6.18
q\[100\]\[0\],6.18
q\[31\]\[0\],6.18
q\[34\]\[4\],6.18
raw_scores\[28\]\[14\],6.18
raw_scores\[36\]\[8\],6.18
raw_scores\[9\]\[10\],6.18
scaled_scores\[15\]\[9\],6.18
scaled_scores\[33\]\[7\],6.18
scaled_scores\[38\]\[13\],6.18
scaled_scores\[50\]\[2\],6.18
v\[14\]\[3\],6.18
v\[34\]\[4\],6.18
v\[40\]\[1\],6.18
v\[69\]\[3\],6.18
weights\[60\]\[2\],6.18
net970,6.18
net1198,6.18
net1327,6.18
net1411,6.18
net1594,6.18
net1696,6.18
net1940,6.18
net2007,6.18
net2235,6.18
net2251,6.18
net2270,6.18
net2357,6.18
net2385,6.18
net2547,6.18
net2696,6.18
net2892,6.18
net2895,6.18
net2896,6.18
net3303,6.18
net3347,6.18
net3744,6.18
net4023,6.18
net4647,6.18
net4709,6.18
net4754,6.18
net5512,6.18
net5536,6.18
net5595,6.18
net5649,6.18
net5752,6.18
net5997,6.18
net6009,6.18
net6355,6.18
net6577,6.18
net6611,6.18
net6802,6.18
net6808,6.18
net6826,6.18
net7332,6.18
net7551,6.18
net7565,6.18
net7816,6.18
net7882,6.18
_38687_,6.17
_39245_,6.17
_03552_,6.165
_04335_,6.165
_05782_,6.165
q\[89\]\[0\],6.165
_01599_,6.16
_04893_,6.16
_12029_,6.16
_12636_,6.16
_13728_,6.16
_15443_,6.16
_18511_,6.16
_19395_,6.16
_20402_,6.16
_23057_,6.16
_23764_,6.16
_23784_,6.16
_24103_,6.16
_24412_,6.16
_24483_,6.16
_25795_,6.16
_28573_,6.16
_28865_,6.16
_28976_,6.16
_29557_,6.16
_30020_,6.16
_30309_,6.16
_31543_,6.16
_31744_,6.16
_32762_,6.16
_33015_,6.16
_34636_,6.16
_35700_,6.16
_36359_,6.16
_36679_,6.16
_38027_,6.16
_41985_,6.16
_42361_,6.16
_43061_,6.16
_43338_,6.16
weights\[16\]\[0\],6.16
weights\[4\]\[5\],6.16
net800,6.16
net5743,6.16
_05265_,6.155
_24641_,6.155
k\[127\]\[2\],6.155
scaled_scores\[34\]\[0\],6.145
_00100_,6.14
_00124_,6.14
_00178_,6.14
_07781_,6.14
_07794_,6.14
_08356_,6.14
_09425_,6.14
_10171_,6.14
_10435_,6.14
_10599_,6.14
_10759_,6.14
_11834_,6.14
_12086_,6.14
_12377_,6.14
_12460_,6.14
_12611_,6.14
_12703_,6.14
_12952_,6.14
_13085_,6.14
_13162_,6.14
_13178_,6.14
_13208_,6.14
_13221_,6.14
_13335_,6.14
_13813_,6.14
_13905_,6.14
_14557_,6.14
_14598_,6.14
_14632_,6.14
_14710_,6.14
_14889_,6.14
_15022_,6.14
_15124_,6.14
_15374_,6.14
_15403_,6.14
_15635_,6.14
_15669_,6.14
_15780_,6.14
_15898_,6.14
_15960_,6.14
_16343_,6.14
_16354_,6.14
_16682_,6.14
_16946_,6.14
_17191_,6.14
_17206_,6.14
_17373_,6.14
_17476_,6.14
_17552_,6.14
_17589_,6.14
_17665_,6.14
_17697_,6.14
_17850_,6.14
_17928_,6.14
_18023_,6.14
_18111_,6.14
_18202_,6.14
_18485_,6.14
_18839_,6.14
_18908_,6.14
_19329_,6.14
_19871_,6.14
_19932_,6.14
_19937_,6.14
_20867_,6.14
_21172_,6.14
_21599_,6.14
_22063_,6.14
_22104_,6.14
_22217_,6.14
_22829_,6.14
_23065_,6.14
_23513_,6.14
_24143_,6.14
_25032_,6.14
_27187_,6.14
_27387_,6.14
_28354_,6.14
_28887_,6.14
_29117_,6.14
_29172_,6.14
_29540_,6.14
_29670_,6.14
_29677_,6.14
_29857_,6.14
_30891_,6.14
_30907_,6.14
_31258_,6.14
_31998_,6.14
_32156_,6.14
_32618_,6.14
_33168_,6.14
_33916_,6.14
_37242_,6.14
_37313_,6.14
_37737_,6.14
_37739_,6.14
_38008_,6.14
_38242_,6.14
_39060_,6.14
_39130_,6.14
_39438_,6.14
_39665_,6.14
_39704_,6.14
_40183_,6.14
_40293_,6.14
_40674_,6.14
_41131_,6.14
_41219_,6.14
_41479_,6.14
_41765_,6.14
_41843_,6.14
_42122_,6.14
_43654_,6.14
_44107_,6.14
k\[10\]\[6\],6.14
q\[104\]\[3\],6.14
q\[23\]\[2\],6.14
raw_scores\[14\]\[10\],6.14
raw_scores\[28\]\[18\],6.14
raw_scores\[41\]\[6\],6.14
scaled_scores\[21\]\[8\],6.14
scaled_scores\[38\]\[5\],6.14
scaled_scores\[3\]\[3\],6.14
weights\[11\]\[4\],6.14
weights\[32\]\[1\],6.14
net1357,6.14
net1624,6.14
net1672,6.14
net1857,6.14
net3336,6.14
net3758,6.14
net3842,6.14
net5289,6.14
net5298,6.14
net5341,6.14
net5788,6.14
_03454_,6.135
_05180_,6.135
_05296_,6.135
_05584_,6.135
_00374_,6.125
_01924_,6.125
_01940_,6.125
_08275_,6.12
_11712_,6.12
_16708_,6.12
_16970_,6.12
_33445_,6.12
_35742_,6.12
v\[108\]\[7\],6.12
v\[27\]\[4\],6.12
v\[62\]\[4\],6.12
v\[9\]\[7\],6.12
net6534,6.12
_30525_,6.11
row_data[52],6.11
_00431_,6.105
_01393_,6.105
_01825_,6.105
_02642_,6.105
_02970_,6.105
_05697_,6.105
_06240_,6.105
_06284_,6.105
_06813_,6.105
_06898_,6.105
_07114_,6.105
_07178_,6.105
_01934_,6.1
_02647_,6.095
_19431_,6.085
k\[27\]\[2\],6.085
q\[60\]\[6\],6.085
_00560_,6.08
_00640_,6.08
_00784_,6.08
_01370_,6.08
_01463_,6.08
_01484_,6.08
_02695_,6.08
_02782_,6.08
_04015_,6.08
_05134_,6.08
_05179_,6.08
_05258_,6.08
_05261_,6.08
_05700_,6.08
_05873_,6.08
_06552_,6.08
_06694_,6.08
_06978_,6.08
_07028_,6.08
_07058_,6.08
_09298_,6.08
_10942_,6.08
_12866_,6.08
_13207_,6.08
_13612_,6.08
_14377_,6.08
_15216_,6.08
_18937_,6.08
_19054_,6.08
_20448_,6.08
_20767_,6.08
_20899_,6.08
_23689_,6.08
_24335_,6.08
_26661_,6.08
_27136_,6.08
_29031_,6.08
_32766_,6.08
_35601_,6.08
_38462_,6.08
_38659_,6.08
_39983_,6.08
_40688_,6.08
_40865_,6.08
_43716_,6.08
k\[44\]\[3\],6.08
k\[61\]\[4\],6.08
net899,6.08
net1684,6.08
net1887,6.08
net2164,6.08
net2234,6.08
net2250,6.08
net2501,6.08
net2802,6.08
net2831,6.08
net2863,6.08
net2865,6.08
net2884,6.08
net3083,6.08
net3191,6.08
net3192,6.08
net3266,6.08
net3374,6.08
net3808,6.08
net3849,6.08
net4010,6.08
net4066,6.08
net4077,6.08
net4094,6.08
net4145,6.08
net4278,6.08
net4304,6.08
net4309,6.08
net4434,6.08
net4505,6.08
net4595,6.08
net4780,6.08
net4796,6.08
net4981,6.08
net5005,6.08
net5191,6.08
net5272,6.08
net5377,6.08
net5388,6.08
net5488,6.08
net5533,6.08
net5558,6.08
net5725,6.08
net5730,6.08
net5893,6.08
net5981,6.08
net6151,6.08
net6171,6.08
net6203,6.08
net6248,6.08
net6326,6.08
net6709,6.08
net6777,6.08
net6785,6.08
net6823,6.08
net6880,6.08
net6903,6.08
net6939,6.08
net7315,6.08
net7343,6.08
net7429,6.08
net7442,6.08
net7511,6.08
k\[60\]\[4\],6.075
_41358_,6.07
_42126_,6.07
_00359_,6.065
_00778_,6.065
_00850_,6.065
_01084_,6.065
_02379_,6.065
_02729_,6.065
_06255_,6.065
k\[52\]\[0\],6.065
q\[56\]\[0\],6.065
q\[60\]\[4\],6.065
q\[61\]\[7\],6.065
q\[81\]\[2\],6.065
v\[113\]\[5\],6.065
v\[7\]\[7\],6.065
_07186_,6.06
_07445_,6.06
_09589_,6.06
_09733_,6.06
_10428_,6.06
_10532_,6.06
_11672_,6.06
_13543_,6.06
_13983_,6.06
_14053_,6.06
_14248_,6.06
_14281_,6.06
_14812_,6.06
_14990_,6.06
_15043_,6.06
_15871_,6.06
_15915_,6.06
_15921_,6.06
_15942_,6.06
_16676_,6.06
_17336_,6.06
_17374_,6.06
_18946_,6.06
_18968_,6.06
_19890_,6.06
_20657_,6.06
_21075_,6.06
_21278_,6.06
_21643_,6.06
_21751_,6.06
_22600_,6.06
_23280_,6.06
_24715_,6.06
_25175_,6.06
_25221_,6.06
_25318_,6.06
_25622_,6.06
_26289_,6.06
_26941_,6.06
_26960_,6.06
_27885_,6.06
_28034_,6.06
_28366_,6.06
_28469_,6.06
_29774_,6.06
_29860_,6.06
_31221_,6.06
_31409_,6.06
_31427_,6.06
_31947_,6.06
_32226_,6.06
_32300_,6.06
_32506_,6.06
_34755_,6.06
_37301_,6.06
_37766_,6.06
_38266_,6.06
_38564_,6.06
_38905_,6.06
_40682_,6.06
_40711_,6.06
_41040_,6.06
_41412_,6.06
_41813_,6.06
_42372_,6.06
_42470_,6.06
_42538_,6.06
_42820_,6.06
_42848_,6.06
_42992_,6.06
_43216_,6.06
_43758_,6.06
_43934_,6.06
_43970_,6.06
_44095_,6.06
out\[107\]\[7\],6.06
scaled_scores\[50\]\[0\],6.06
v\[0\]\[0\],6.06
v\[43\]\[3\],6.06
v\[75\]\[2\],6.06
v\[7\]\[2\],6.06
v\[9\]\[4\],6.06
v\[9\]\[5\],6.06
weights\[34\]\[6\],6.06
net1433,6.06
net2090,6.06
net3590,6.06
net4251,6.06
net5318,6.06
net5326,6.06
net6011,6.06
_16501_,6.055
_27620_,6.055
_23008_,6.05
_00264_,6.04
_00791_,6.04
_01045_,6.04
_01054_,6.04
_01876_,6.04
_02824_,6.04
_02865_,6.04
_03730_,6.04
_04582_,6.04
_04882_,6.04
_04884_,6.04
_05064_,6.04
_05213_,6.04
_05431_,6.04
_05501_,6.04
_05621_,6.04
_05838_,6.04
_05841_,6.04
_06009_,6.04
_10358_,6.04
_10363_,6.04
_12705_,6.04
_14211_,6.04
_15028_,6.04
_23714_,6.04
_25669_,6.04
_27907_,6.04
_31215_,6.04
_34159_,6.04
_36977_,6.04
_39986_,6.04
_41229_,6.04
_41424_,6.04
_42297_,6.04
_43905_,6.04
out\[124\]\[5\],6.04
v\[47\]\[6\],6.04
net822,6.04
net2558,6.04
net2780,6.04
net3024,6.04
net3120,6.04
net3222,6.04
net3252,6.04
net3290,6.04
net3493,6.04
net3731,6.04
net3732,6.04
net3733,6.04
net3737,6.04
net3837,6.04
net3951,6.04
net3970,6.04
net4168,6.04
net4232,6.04
net4331,6.04
net4495,6.04
net4534,6.04
net4570,6.04
net4606,6.04
net4638,6.04
net4791,6.04
net4810,6.04
net4879,6.04
net5072,6.04
net5196,6.04
net5344,6.04
net5582,6.04
net5919,6.04
net6125,6.04
net6334,6.04
net6962,6.04
net7029,6.04
net7136,6.04
net7313,6.04
net7384,6.04
_02668_,6.035
_03067_,6.035
_05132_,6.035
q\[52\]\[3\],6.035
_43185_,6.03
_01558_,6.025
q\[87\]\[7\],6.025
v\[38\]\[6\],6.025
_11028_,6.02
_20564_,6.02
_21851_,6.02
_22306_,6.02
_29517_,6.02
_35285_,6.02
_38025_,6.02
_38763_,6.02
_39129_,6.02
_39706_,6.02
k\[10\]\[3\],6.02
k\[111\]\[2\],6.02
k\[71\]\[6\],6.02
q\[0\]\[7\],6.02
q\[65\]\[2\],6.02
raw_scores\[6\]\[3\],6.02
net2278,6.02
_00822_,6.015
_00304_,6.005
_00407_,6.005
_01215_,6.005
_01575_,6.005
_01780_,6.005
_01859_,6.005
_01995_,6.005
_02319_,6.005
_02353_,6.005
_02976_,6.005
_03685_,6.005
_03690_,6.005
_04246_,6.005
_04537_,6.005
_04779_,6.005
_04938_,6.005
_05323_,6.005
_05557_,6.005
_05563_,6.005
_05883_,6.005
_06110_,6.005
_06300_,6.005
_06569_,6.005
_06921_,6.005
_04703_,5.995
_14360_,5.99
_43100_,5.99
_00968_,5.985
_01133_,5.985
_01933_,5.985
_01982_,5.985
_03582_,5.985
_04674_,5.985
_05976_,5.985
_06966_,5.985
_11064_,5.98
_30186_,5.98
_31500_,5.98
_35486_,5.98
_35723_,5.98
_36382_,5.98
_37130_,5.98
_38550_,5.98
_38823_,5.98
_39279_,5.98
_41945_,5.98
_43463_,5.98
net1148,5.98
net1389,5.98
net1429,5.98
net1453,5.98
net1455,5.98
net1507,5.98
net1528,5.98
net2032,5.98
net2058,5.98
net2122,5.98
net2377,5.98
net2698,5.98
net2779,5.98
net2956,5.98
net2973,5.98
net2982,5.98
net3015,5.98
net3027,5.98
net3217,5.98
net3294,5.98
net3502,5.98
net3626,5.98
net3630,5.98
net3639,5.98
net3682,5.98
net3705,5.98
net3723,5.98
net3789,5.98
net3865,5.98
net3892,5.98
net3915,5.98
net4091,5.98
net4096,5.98
net4127,5.98
net4368,5.98
net4404,5.98
net4417,5.98
net4419,5.98
net4433,5.98
net4520,5.98
net4533,5.98
net4594,5.98
net4648,5.98
net4649,5.98
net4686,5.98
net4728,5.98
net4763,5.98
net4823,5.98
net4890,5.98
net4915,5.98
net4920,5.98
net5078,5.98
net5172,5.98
net5217,5.98
net5331,5.98
net5335,5.98
net5457,5.98
net5587,5.98
net5672,5.98
net5694,5.98
net5704,5.98
net5717,5.98
net5800,5.98
net5875,5.98
net5927,5.98
net5952,5.98
net5966,5.98
net6008,5.98
net6263,5.98
net6291,5.98
net6327,5.98
net6428,5.98
net6511,5.98
net6698,5.98
net6716,5.98
net6770,5.98
net6932,5.98
net7099,5.98
net7164,5.98
net7255,5.98
net7296,5.98
net7340,5.98
net7367,5.98
net7368,5.98
net7396,5.98
net7504,5.98
net7548,5.98
net7673,5.98
net7685,5.98
net7799,5.98
net7839,5.98
net7875,5.98
row_data[75],5.97
_01199_,5.965
_01601_,5.965
_01969_,5.965
_02329_,5.965
_02680_,5.965
_02787_,5.965
_03921_,5.965
_04036_,5.965
_04615_,5.965
_05061_,5.965
_05495_,5.965
_05788_,5.965
_06239_,5.965
out\[35\]\[7\],5.965
_00800_,5.96
_01605_,5.96
_03707_,5.96
_05282_,5.96
_05362_,5.96
_07089_,5.96
_07267_,5.96
_07276_,5.96
_07372_,5.96
_07497_,5.96
_09826_,5.96
_09854_,5.96
_13173_,5.96
_13814_,5.96
_18346_,5.96
_19526_,5.96
_19837_,5.96
_20161_,5.96
_20380_,5.96
_20558_,5.96
_21967_,5.96
_22557_,5.96
_23551_,5.96
_24784_,5.96
_25417_,5.96
_27539_,5.96
_27960_,5.96
_29587_,5.96
_29775_,5.96
_30426_,5.96
_32256_,5.96
_36997_,5.96
_39109_,5.96
_39272_,5.96
_39838_,5.96
_41506_,5.96
_41931_,5.96
_42313_,5.96
scaled_scores\[40\]\[13\],5.96
net1174,5.96
net1430,5.96
net1631,5.96
net2705,5.96
net2946,5.96
net3403,5.96
net4406,5.96
net4849,5.96
net4868,5.96
net5225,5.96
net5636,5.96
net6573,5.96
net6957,5.96
net7637,5.96
net7845,5.96
_42425_,5.955
scaled_scores\[44\]\[6\],5.955
_05666_,5.945
_01849_,5.94
_07578_,5.94
_07616_,5.94
_08005_,5.94
_09779_,5.94
_12592_,5.94
_13229_,5.94
_14030_,5.94
_14146_,5.94
_17192_,5.94
_18211_,5.94
_19338_,5.94
_19540_,5.94
_21137_,5.94
_21254_,5.94
_21806_,5.94
_22214_,5.94
_22269_,5.94
_22891_,5.94
_24197_,5.94
_24470_,5.94
_25889_,5.94
_26431_,5.94
_27979_,5.94
_28950_,5.94
_29554_,5.94
_29632_,5.94
_29870_,5.94
_30142_,5.94
_30196_,5.94
_31096_,5.94
_32426_,5.94
_33032_,5.94
_33657_,5.94
_34311_,5.94
_34409_,5.94
_35410_,5.94
_37497_,5.94
_37616_,5.94
_39089_,5.94
_39332_,5.94
_39516_,5.94
_40084_,5.94
_40167_,5.94
_40372_,5.94
_42040_,5.94
_42084_,5.94
_42590_,5.94
_42717_,5.94
_43632_,5.94
_44048_,5.94
k\[106\]\[2\],5.94
k\[71\]\[5\],5.94
out\[113\]\[0\],5.94
out\[122\]\[7\],5.94
q\[112\]\[6\],5.94
q\[23\]\[4\],5.94
q\[27\]\[1\],5.94
q\[96\]\[4\],5.94
raw_scores\[13\]\[14\],5.94
raw_scores\[41\]\[8\],5.94
scaled_scores\[52\]\[9\],5.94
v\[101\]\[2\],5.94
v\[22\]\[3\],5.94
v\[57\]\[0\],5.94
weights\[22\]\[6\],5.94
weights\[33\]\[6\],5.94
net3597,5.94
net5382,5.94
net7861,5.94
_06715_,5.935
_38756_,5.935
out\[88\]\[5\],5.935
_07785_,5.93
_32952_,5.93
_03929_,5.925
_04261_,5.925
_06402_,5.925
_24698_,5.925
_00395_,5.92
_07090_,5.92
_07151_,5.92
_07395_,5.92
_07412_,5.92
_07423_,5.92
_13459_,5.92
_19689_,5.92
_25419_,5.92
_25629_,5.92
_29742_,5.92
_30773_,5.92
_31971_,5.92
_32307_,5.92
_34733_,5.92
_36935_,5.92
_41671_,5.92
_42571_,5.92
out\[114\]\[0\],5.92
out\[65\]\[3\],5.92
net2041,5.92
net7683,5.92
net7734,5.92
_35734_,5.915
_08609_,5.91
_29074_,5.91
_00426_,5.905
_00628_,5.905
_01140_,5.905
_01145_,5.905
_01308_,5.905
_01374_,5.905
_01611_,5.905
_01641_,5.905
_01657_,5.905
_02956_,5.905
_03380_,5.905
_03811_,5.905
_04049_,5.905
_04519_,5.905
_04643_,5.905
_04989_,5.905
_05346_,5.905
_06357_,5.905
q\[49\]\[4\],5.905
_13633_,5.9
_14132_,5.9
_17873_,5.9
_23271_,5.9
_25439_,5.9
_35760_,5.9
_37829_,5.9
_42228_,5.9
_43612_,5.9
k\[114\]\[7\],5.9
out\[53\]\[0\],5.9
q\[105\]\[5\],5.9
q\[127\]\[0\],5.9
q\[6\]\[7\],5.9
scaled_scores\[4\]\[6\],5.9
v\[70\]\[2\],5.9
weights\[20\]\[6\],5.9
weights\[63\]\[6\],5.9
net2975,5.9
_00473_,5.895
_00544_,5.895
_01074_,5.895
_01348_,5.895
_01625_,5.895
_03227_,5.895
_04254_,5.895
_04715_,5.895
_04752_,5.895
_05400_,5.895
_06196_,5.895
_06254_,5.895
_06801_,5.895
_20114_,5.895
v\[113\]\[4\],5.895
_29127_,5.89
_00375_,5.885
_00933_,5.885
_01458_,5.885
_01653_,5.885
_02432_,5.885
_41741_,5.88
_29558_,5.875
out_row_data[31],5.87
_00495_,5.865
_01427_,5.865
_01808_,5.865
_01957_,5.865
_02330_,5.865
_03566_,5.865
_04796_,5.865
_05399_,5.865
_05654_,5.865
_05758_,5.865
_05974_,5.865
_07504_,5.865
_05867_,5.86
_07242_,5.86
_07462_,5.86
_12031_,5.86
_16126_,5.86
_16325_,5.86
_16795_,5.86
_16797_,5.86
_20735_,5.86
_20920_,5.86
_20971_,5.86
_22712_,5.86
_23216_,5.86
_24111_,5.86
_24309_,5.86
_25391_,5.86
_25825_,5.86
_26262_,5.86
_29487_,5.86
_30342_,5.86
_30479_,5.86
_32096_,5.86
_33351_,5.86
_34298_,5.86
_34720_,5.86
_35515_,5.86
_36447_,5.86
_36663_,5.86
_37584_,5.86
_37939_,5.86
_38123_,5.86
_38465_,5.86
_38621_,5.86
_40262_,5.86
_40842_,5.86
_40924_,5.86
_41123_,5.86
_41182_,5.86
_41230_,5.86
_41372_,5.86
_41998_,5.86
_42112_,5.86
_42386_,5.86
_42636_,5.86
_43403_,5.86
_43993_,5.86
raw_scores\[2\]\[9\],5.86
raw_scores\[35\]\[17\],5.86
raw_scores\[5\]\[8\],5.86
net842,5.86
net1569,5.86
net2177,5.86
net2363,5.86
net2484,5.86
net2574,5.86
net2647,5.86
net2845,5.86
net2948,5.86
net2962,5.86
net3016,5.86
net3025,5.86
net3377,5.86
net3388,5.86
net3389,5.86
net3651,5.86
net3734,5.86
net3809,5.86
net3881,5.86
net4123,5.86
net4150,5.86
net4194,5.86
net4468,5.86
net4588,5.86
net4715,5.86
net4769,5.86
net4811,5.86
net4969,5.86
net5049,5.86
net5183,5.86
net5261,5.86
net5406,5.86
net5627,5.86
net5663,5.86
net5688,5.86
net6133,5.86
net6354,5.86
net6410,5.86
net7166,5.86
net7450,5.86
_05652_,5.855
_26958_,5.855
_28958_,5.85
_01200_,5.845
_01452_,5.845
_03553_,5.845
_03773_,5.845
_04241_,5.845
_04878_,5.845
_05024_,5.845
_05490_,5.845
_06093_,5.845
_00218_,5.84
_04595_,5.84
_07138_,5.84
_07289_,5.84
_07318_,5.84
_07362_,5.84
_07624_,5.84
_08145_,5.84
_08154_,5.84
_08530_,5.84
_09931_,5.84
_10098_,5.84
_10571_,5.84
_10606_,5.84
_10626_,5.84
_10876_,5.84
_11312_,5.84
_11395_,5.84
_11465_,5.84
_11630_,5.84
_12131_,5.84
_12208_,5.84
_12210_,5.84
_12325_,5.84
_12342_,5.84
_12356_,5.84
_12424_,5.84
_12482_,5.84
_12633_,5.84
_12733_,5.84
_12788_,5.84
_12949_,5.84
_12970_,5.84
_13458_,5.84
_13767_,5.84
_14062_,5.84
_14197_,5.84
_14389_,5.84
_14556_,5.84
_14639_,5.84
_14650_,5.84
_14683_,5.84
_15024_,5.84
_15026_,5.84
_15122_,5.84
_15132_,5.84
_15252_,5.84
_15320_,5.84
_15405_,5.84
_15480_,5.84
_15522_,5.84
_15595_,5.84
_15664_,5.84
_15789_,5.84
_15854_,5.84
_15855_,5.84
_16024_,5.84
_16204_,5.84
_16205_,5.84
_16419_,5.84
_16447_,5.84
_16490_,5.84
_16498_,5.84
_16511_,5.84
_16560_,5.84
_16624_,5.84
_16629_,5.84
_16634_,5.84
_16652_,5.84
_16686_,5.84
_16720_,5.84
_16734_,5.84
_16840_,5.84
_16846_,5.84
_17059_,5.84
_17084_,5.84
_17101_,5.84
_17226_,5.84
_17266_,5.84
_17340_,5.84
_17460_,5.84
_17463_,5.84
_17635_,5.84
_17654_,5.84
_17721_,5.84
_17804_,5.84
_17859_,5.84
_17951_,5.84
_18563_,5.84
_18582_,5.84
_18655_,5.84
_18752_,5.84
_18777_,5.84
_19018_,5.84
_19919_,5.84
_20720_,5.84
_20851_,5.84
_21220_,5.84
_21436_,5.84
_21561_,5.84
_22150_,5.84
_22354_,5.84
_22567_,5.84
_22743_,5.84
_22767_,5.84
_22777_,5.84
_22875_,5.84
_23201_,5.84
_23228_,5.84
_23299_,5.84
_23422_,5.84
_23710_,5.84
_24113_,5.84
_25416_,5.84
_25501_,5.84
_25612_,5.84
_26790_,5.84
_27046_,5.84
_27656_,5.84
_27879_,5.84
_28440_,5.84
_29060_,5.84
_29501_,5.84
_29684_,5.84
_29754_,5.84
_29979_,5.84
_30087_,5.84
_30143_,5.84
_30330_,5.84
_30499_,5.84
_31206_,5.84
_31230_,5.84
_31889_,5.84
_31930_,5.84
_32304_,5.84
_32975_,5.84
_33068_,5.84
_33379_,5.84
_33397_,5.84
_34201_,5.84
_34385_,5.84
_34464_,5.84
_34711_,5.84
_35359_,5.84
_35585_,5.84
_35716_,5.84
_35730_,5.84
_36525_,5.84
_37467_,5.84
_38230_,5.84
_38311_,5.84
_39106_,5.84
_39189_,5.84
_39380_,5.84
_39554_,5.84
_39570_,5.84
_39800_,5.84
_39960_,5.84
_40001_,5.84
_41545_,5.84
_41770_,5.84
_42473_,5.84
_42743_,5.84
_42825_,5.84
_43199_,5.84
_44206_,5.84
_44211_,5.84
k\[105\]\[1\],5.84
k\[16\]\[0\],5.84
out\[61\]\[5\],5.84
out\[84\]\[7\],5.84
out\[87\]\[7\],5.84
out\[9\]\[2\],5.84
raw_scores\[16\]\[5\],5.84
raw_scores\[20\]\[17\],5.84
raw_scores\[22\]\[14\],5.84
raw_scores\[27\]\[3\],5.84
raw_scores\[2\]\[11\],5.84
raw_scores\[51\]\[15\],5.84
raw_scores\[53\]\[19\],5.84
raw_scores\[56\]\[14\],5.84
raw_scores\[59\]\[5\],5.84
raw_scores\[60\]\[12\],5.84
raw_scores\[61\]\[16\],5.84
scaled_scores\[13\]\[1\],5.84
v\[62\]\[1\],5.84
v\[87\]\[4\],5.84
net802,5.84
net1124,5.84
net1184,5.84
net1692,5.84
net1855,5.84
net1967,5.84
net2075,5.84
net2099,5.84
net2359,5.84
net2404,5.84
net2964,5.84
net3700,5.84
net4836,5.84
net5845,5.84
net6028,5.84
net6609,5.84
net6614,5.84
net6747,5.84
net6774,5.84
net6923,5.84
net7098,5.84
net7493,5.84
net7547,5.84
net7722,5.84
net7810,5.84
_13251_,5.835
_31581_,5.835
_25264_,5.83
_25405_,5.83
q\[4\]\[3\],5.83
_22362_,5.825
_40299_,5.825
k\[23\]\[2\],5.825
k\[28\]\[6\],5.825
k\[56\]\[3\],5.825
v\[54\]\[1\],5.825
_07217_,5.82
_07519_,5.82
_07804_,5.82
_07853_,5.82
_08386_,5.82
_10152_,5.82
_10360_,5.82
_10474_,5.82
_10955_,5.82
_11898_,5.82
_12227_,5.82
_12820_,5.82
_13350_,5.82
_13544_,5.82
_14133_,5.82
_14525_,5.82
_16290_,5.82
_17334_,5.82
_17664_,5.82
_18547_,5.82
_20309_,5.82
_20431_,5.82
_22288_,5.82
_22681_,5.82
_23412_,5.82
_24138_,5.82
_25193_,5.82
_27649_,5.82
_28414_,5.82
_29160_,5.82
_29696_,5.82
_29984_,5.82
_30117_,5.82
_30626_,5.82
_31281_,5.82
_31969_,5.82
_34200_,5.82
_34666_,5.82
_35160_,5.82
_35316_,5.82
_35691_,5.82
_37421_,5.82
_37595_,5.82
_38688_,5.82
_39184_,5.82
_39730_,5.82
_40918_,5.82
_41600_,5.82
_41915_,5.82
_42018_,5.82
_42542_,5.82
_43007_,5.82
_43321_,5.82
_43339_,5.82
_43453_,5.82
_43535_,5.82
_44241_,5.82
out\[112\]\[0\],5.82
out\[28\]\[3\],5.82
out\[65\]\[5\],5.82
out\[81\]\[2\],5.82
q\[112\]\[7\],5.82
q\[113\]\[0\],5.82
q\[122\]\[4\],5.82
raw_scores\[48\]\[16\],5.82
raw_scores\[56\]\[10\],5.82
raw_scores\[61\]\[17\],5.82
scaled_scores\[50\]\[3\],5.82
v\[10\]\[3\],5.82
v\[39\]\[1\],5.82
weights\[12\]\[1\],5.82
net1264,5.82
net1694,5.82
_05964_,5.815
_06465_,5.815
_00774_,5.805
_00898_,5.805
_01031_,5.805
_01037_,5.805
_01385_,5.805
_01634_,5.805
_01637_,5.805
_01897_,5.805
_02926_,5.805
_03297_,5.805
_03549_,5.805
_04594_,5.805
_05939_,5.805
_06214_,5.805
_06399_,5.805
_06509_,5.805
_06510_,5.805
q\[58\]\[7\],5.805
_00110_,5.8
_00139_,5.8
_00163_,5.8
_07147_,5.8
_07841_,5.8
_08026_,5.8
_08506_,5.8
_09006_,5.8
_09929_,5.8
_10518_,5.8
_10631_,5.8
_11038_,5.8
_11072_,5.8
_11374_,5.8
_11490_,5.8
_11592_,5.8
_12154_,5.8
_12396_,5.8
_12494_,5.8
_12658_,5.8
_12801_,5.8
_12863_,5.8
_12886_,5.8
_12901_,5.8
_13204_,5.8
_13274_,5.8
_13637_,5.8
_14561_,5.8
_14942_,5.8
_15207_,5.8
_15211_,5.8
_15317_,5.8
_15379_,5.8
_15494_,5.8
_15821_,5.8
_15838_,5.8
_15962_,5.8
_16470_,5.8
_16660_,5.8
_16670_,5.8
_16923_,5.8
_17019_,5.8
_17119_,5.8
_17512_,5.8
_17597_,5.8
_17848_,5.8
_18260_,5.8
_18283_,5.8
_18410_,5.8
_18525_,5.8
_18693_,5.8
_18887_,5.8
_19033_,5.8
_19392_,5.8
_20214_,5.8
_21472_,5.8
_23204_,5.8
_23866_,5.8
_24944_,5.8
_24993_,5.8
_25436_,5.8
_25552_,5.8
_25623_,5.8
_26047_,5.8
_28961_,5.8
_30027_,5.8
_30168_,5.8
_30306_,5.8
_31745_,5.8
_32577_,5.8
_32673_,5.8
_32843_,5.8
_33390_,5.8
_34773_,5.8
_36240_,5.8
_37196_,5.8
_37291_,5.8
_37850_,5.8
_38177_,5.8
_38427_,5.8
_39956_,5.8
_40326_,5.8
_40511_,5.8
_40786_,5.8
_41306_,5.8
_42342_,5.8
_42751_,5.8
_42819_,5.8
_43253_,5.8
_43383_,5.8
_43457_,5.8
_43568_,5.8
_44035_,5.8
k\[88\]\[5\],5.8
out\[50\]\[1\],5.8
out\[63\]\[6\],5.8
out\[90\]\[0\],5.8
out\[94\]\[2\],5.8
q\[2\]\[2\],5.8
q\[67\]\[6\],5.8
q\[99\]\[3\],5.8
q\[99\]\[6\],5.8
raw_scores\[0\]\[14\],5.8
raw_scores\[0\]\[5\],5.8
raw_scores\[10\]\[6\],5.8
raw_scores\[19\]\[11\],5.8
raw_scores\[1\]\[14\],5.8
raw_scores\[1\]\[16\],5.8
raw_scores\[24\]\[5\],5.8
raw_scores\[29\]\[17\],5.8
raw_scores\[2\]\[2\],5.8
raw_scores\[40\]\[5\],5.8
raw_scores\[41\]\[16\],5.8
raw_scores\[43\]\[2\],5.8
raw_scores\[43\]\[6\],5.8
raw_scores\[4\]\[19\],5.8
raw_scores\[50\]\[6\],5.8
raw_scores\[51\]\[14\],5.8
raw_scores\[54\]\[8\],5.8
raw_scores\[5\]\[17\],5.8
raw_scores\[61\]\[5\],5.8
raw_scores\[62\]\[2\],5.8
weights\[34\]\[3\],5.8
net1755,5.8
net2170,5.8
net2512,5.8
net5063,5.8
net6532,5.8
net7025,5.8
net7180,5.8
_07756_,5.79
_30966_,5.79
_00466_,5.785
_01400_,5.785
_01671_,5.785
_02914_,5.785
_06515_,5.785
_06613_,5.785
_16429_,5.78
_32071_,5.78
_34919_,5.78
_36868_,5.78
_37084_,5.78
_41983_,5.78
_42675_,5.78
out\[87\]\[0\],5.78
_04690_,5.775
q\[87\]\[6\],5.775
scaled_scores\[44\]\[0\],5.775
v\[81\]\[1\],5.775
_00042_,5.765
_00079_,5.765
_00419_,5.765
_00675_,5.765
_00863_,5.765
_00978_,5.765
_00998_,5.765
_01097_,5.765
_01186_,5.765
_01363_,5.765
_01638_,5.765
_02015_,5.765
_03054_,5.765
_03309_,5.765
_03421_,5.765
_03487_,5.765
_04080_,5.765
_04106_,5.765
_04197_,5.765
_04289_,5.765
_04441_,5.765
_04622_,5.765
_04827_,5.765
_04872_,5.765
_05625_,5.765
_05691_,5.765
_05842_,5.765
_06118_,5.765
_06142_,5.765
_06544_,5.765
_06643_,5.765
_06799_,5.765
_06800_,5.765
_06933_,5.765
_37006_,5.765
_13102_,5.76
_41824_,5.76
net5539,5.76
_31751_,5.75
out_row_data[11],5.75
out_row_data[27],5.75
out_row_data[43],5.75
out_row_data[48],5.75
out_row_data[69],5.75
out_row_data[77],5.75
q\[50\]\[1\],5.745
scaled_scores\[44\]\[4\],5.745
_01635_,5.74
_07586_,5.74
_08015_,5.74
_08790_,5.74
_09389_,5.74
_10213_,5.74
_10264_,5.74
_10427_,5.74
_10446_,5.74
_10948_,5.74
_10953_,5.74
_10977_,5.74
_11079_,5.74
_11308_,5.74
_11379_,5.74
_11411_,5.74
_11421_,5.74
_11525_,5.74
_11537_,5.74
_11555_,5.74
_11971_,5.74
_12018_,5.74
_12107_,5.74
_12175_,5.74
_12204_,5.74
_12235_,5.74
_12376_,5.74
_12390_,5.74
_12422_,5.74
_12470_,5.74
_12473_,5.74
_12493_,5.74
_12586_,5.74
_12729_,5.74
_12870_,5.74
_12887_,5.74
_12923_,5.74
_12986_,5.74
_13184_,5.74
_13206_,5.74
_13211_,5.74
_14118_,5.74
_14318_,5.74
_14344_,5.74
_14858_,5.74
_14883_,5.74
_14910_,5.74
_15023_,5.74
_15057_,5.74
_15258_,5.74
_15298_,5.74
_15643_,5.74
_15671_,5.74
_15681_,5.74
_15760_,5.74
_15831_,5.74
_15843_,5.74
_15852_,5.74
_15987_,5.74
_16132_,5.74
_16162_,5.74
_16173_,5.74
_16336_,5.74
_16415_,5.74
_16506_,5.74
_16520_,5.74
_16531_,5.74
_16695_,5.74
_16715_,5.74
_16770_,5.74
_16868_,5.74
_16884_,5.74
_17255_,5.74
_17396_,5.74
_17510_,5.74
_17551_,5.74
_17692_,5.74
_17717_,5.74
_17963_,5.74
_18049_,5.74
_18139_,5.74
_18165_,5.74
_18386_,5.74
_18398_,5.74
_18453_,5.74
_18640_,5.74
_18686_,5.74
_18691_,5.74
_18796_,5.74
_18867_,5.74
_18902_,5.74
_19048_,5.74
_20344_,5.74
_20601_,5.74
_20658_,5.74
_21093_,5.74
_21821_,5.74
_22239_,5.74
_22310_,5.74
_22462_,5.74
_22597_,5.74
_23054_,5.74
_24503_,5.74
_24652_,5.74
_25204_,5.74
_25319_,5.74
_25390_,5.74
_25691_,5.74
_25920_,5.74
_26976_,5.74
_27328_,5.74
_27914_,5.74
_28050_,5.74
_28202_,5.74
_28543_,5.74
_28598_,5.74
_29073_,5.74
_29378_,5.74
_29379_,5.74
_29400_,5.74
_29958_,5.74
_30032_,5.74
_30686_,5.74
_30879_,5.74
_31418_,5.74
_31478_,5.74
_31510_,5.74
_31532_,5.74
_31537_,5.74
_31856_,5.74
_32002_,5.74
_32775_,5.74
_33282_,5.74
_34228_,5.74
_35152_,5.74
_36093_,5.74
_36277_,5.74
_36340_,5.74
_37259_,5.74
_38147_,5.74
_38493_,5.74
_39242_,5.74
_39954_,5.74
_40975_,5.74
_41036_,5.74
_42928_,5.74
k\[51\]\[4\],5.74
raw_scores\[31\]\[11\],5.74
scaled_scores\[33\]\[5\],5.74
scaled_scores\[57\]\[11\],5.74
scaled_scores\[6\]\[16\],5.74
net838,5.74
net1388,5.74
net4798,5.74
net6351,5.74
net6782,5.74
net6983,5.74
net7475,5.74
net7661,5.74
net7703,5.74
_01505_,5.725
_03270_,5.725
_03493_,5.725
_04814_,5.725
_04850_,5.725
_05012_,5.725
_06285_,5.725
_06655_,5.725
k\[23\]\[5\],5.725
k\[30\]\[5\],5.725
k\[94\]\[4\],5.725
out\[46\]\[1\],5.725
q\[55\]\[2\],5.725
q\[62\]\[2\],5.725
q\[63\]\[7\],5.725
scaled_scores\[47\]\[12\],5.725
v\[65\]\[4\],5.725
v\[81\]\[3\],5.725
_00136_,5.72
_06852_,5.72
_07174_,5.72
_07479_,5.72
_07591_,5.72
_07667_,5.72
_07715_,5.72
_07767_,5.72
_08044_,5.72
_08408_,5.72
_08820_,5.72
_08967_,5.72
_09588_,5.72
_09609_,5.72
_09950_,5.72
_10088_,5.72
_10159_,5.72
_10190_,5.72
_11443_,5.72
_11452_,5.72
_11552_,5.72
_12116_,5.72
_12117_,5.72
_12289_,5.72
_12385_,5.72
_12433_,5.72
_12516_,5.72
_12601_,5.72
_12732_,5.72
_12734_,5.72
_12757_,5.72
_12785_,5.72
_12876_,5.72
_13034_,5.72
_13146_,5.72
_13182_,5.72
_13225_,5.72
_13333_,5.72
_13434_,5.72
_13511_,5.72
_13741_,5.72
_13911_,5.72
_14084_,5.72
_14160_,5.72
_14181_,5.72
_14558_,5.72
_14697_,5.72
_14911_,5.72
_14966_,5.72
_14981_,5.72
_14994_,5.72
_15112_,5.72
_15176_,5.72
_15187_,5.72
_15285_,5.72
_15330_,5.72
_15367_,5.72
_15596_,5.72
_15784_,5.72
_15860_,5.72
_15872_,5.72
_15981_,5.72
_16665_,5.72
_16735_,5.72
_16822_,5.72
_16961_,5.72
_16968_,5.72
_17061_,5.72
_17151_,5.72
_17166_,5.72
_17201_,5.72
_17407_,5.72
_17432_,5.72
_17568_,5.72
_17740_,5.72
_17786_,5.72
_18212_,5.72
_18282_,5.72
_18330_,5.72
_18332_,5.72
_18617_,5.72
_18627_,5.72
_18853_,5.72
_19016_,5.72
_19046_,5.72
_19063_,5.72
_19139_,5.72
_19538_,5.72
_19592_,5.72
_19688_,5.72
_20014_,5.72
_20022_,5.72
_20184_,5.72
_20302_,5.72
_20641_,5.72
_20902_,5.72
_21165_,5.72
_21214_,5.72
_21293_,5.72
_21369_,5.72
_21529_,5.72
_21675_,5.72
_21832_,5.72
_21970_,5.72
_22200_,5.72
_22397_,5.72
_22488_,5.72
_22651_,5.72
_22691_,5.72
_23343_,5.72
_23670_,5.72
_23786_,5.72
_24024_,5.72
_25025_,5.72
_25033_,5.72
_25074_,5.72
_25143_,5.72
_25309_,5.72
_25526_,5.72
_25624_,5.72
_25695_,5.72
_25721_,5.72
_26126_,5.72
_26149_,5.72
_26276_,5.72
_26285_,5.72
_26297_,5.72
_26512_,5.72
_26642_,5.72
_26893_,5.72
_27188_,5.72
_27319_,5.72
_27383_,5.72
_27390_,5.72
_27588_,5.72
_27728_,5.72
_27850_,5.72
_27924_,5.72
_28217_,5.72
_28224_,5.72
_28231_,5.72
_28376_,5.72
_29150_,5.72
_29546_,5.72
_29925_,5.72
_30457_,5.72
_30573_,5.72
_30644_,5.72
_30689_,5.72
_31168_,5.72
_31767_,5.72
_31799_,5.72
_31828_,5.72
_31866_,5.72
_31877_,5.72
_31982_,5.72
_32143_,5.72
_32209_,5.72
_32272_,5.72
_32321_,5.72
_32451_,5.72
_32724_,5.72
_33376_,5.72
_33614_,5.72
_34418_,5.72
_34990_,5.72
_35310_,5.72
_35698_,5.72
_37577_,5.72
_37751_,5.72
_37839_,5.72
_38133_,5.72
_38275_,5.72
_38395_,5.72
_38685_,5.72
_38927_,5.72
_39010_,5.72
_39941_,5.72
_40024_,5.72
_40219_,5.72
_40352_,5.72
_40572_,5.72
_41033_,5.72
_41221_,5.72
_41302_,5.72
_41336_,5.72
_41456_,5.72
_41613_,5.72
_41716_,5.72
_42371_,5.72
_42421_,5.72
_42564_,5.72
_42578_,5.72
_42622_,5.72
_43011_,5.72
out\[103\]\[2\],5.72
out\[105\]\[2\],5.72
out\[11\]\[1\],5.72
q\[109\]\[4\],5.72
q\[119\]\[7\],5.72
q\[122\]\[3\],5.72
q\[124\]\[1\],5.72
q\[124\]\[7\],5.72
q\[16\]\[5\],5.72
raw_scores\[54\]\[12\],5.72
raw_scores\[9\]\[13\],5.72
scaled_scores\[39\]\[11\],5.72
scaled_scores\[50\]\[12\],5.72
scaled_scores\[50\]\[6\],5.72
v\[121\]\[1\],5.72
v\[40\]\[2\],5.72
v\[42\]\[1\],5.72
v\[55\]\[7\],5.72
weights\[12\]\[6\],5.72
net1176,5.72
net1706,5.72
net2069,5.72
net2129,5.72
net2133,5.72
net2340,5.72
net2438,5.72
net2598,5.72
net2602,5.72
net2640,5.72
net2772,5.72
net2822,5.72
net3103,5.72
net3110,5.72
net3123,5.72
net3178,5.72
net3306,5.72
net3369,5.72
net3492,5.72
net3782,5.72
net4001,5.72
net4191,5.72
net4521,5.72
net5427,5.72
net5434,5.72
net5712,5.72
net5797,5.72
net5858,5.72
net5886,5.72
net6763,5.72
net6830,5.72
_06997_,5.715
_09864_,5.71
_37391_,5.71
_39396_,5.71
v\[25\]\[5\],5.71
_00284_,5.705
_03038_,5.705
_00096_,5.7
_00313_,5.7
_00322_,5.7
_00730_,5.7
_01493_,5.7
_02042_,5.7
_02296_,5.7
_05106_,5.7
_05202_,5.7
_05965_,5.7
_06567_,5.7
_07890_,5.7
_08607_,5.7
_08698_,5.7
_09318_,5.7
_11409_,5.7
_13399_,5.7
_13527_,5.7
_14428_,5.7
_16862_,5.7
_19566_,5.7
_20462_,5.7
_20536_,5.7
_20900_,5.7
_21690_,5.7
_23156_,5.7
_27064_,5.7
_28384_,5.7
_29213_,5.7
_30767_,5.7
_30949_,5.7
_31219_,5.7
_31610_,5.7
_33356_,5.7
_38303_,5.7
_39340_,5.7
_39598_,5.7
_39827_,5.7
_41627_,5.7
_41676_,5.7
_42394_,5.7
_42624_,5.7
_43796_,5.7
_44090_,5.7
k\[105\]\[6\],5.7
out\[117\]\[0\],5.7
out\[51\]\[7\],5.7
q\[47\]\[0\],5.7
_37875_,5.695
_38344_,5.69
_04687_,5.685
_07251_,5.685
_07253_,5.685
v\[54\]\[4\],5.685
v\[54\]\[7\],5.685
_07741_,5.68
_07802_,5.68
_08065_,5.68
_09069_,5.68
_09232_,5.68
_09858_,5.68
_09887_,5.68
_10074_,5.68
_10328_,5.68
_10492_,5.68
_10525_,5.68
_10591_,5.68
_10621_,5.68
_10628_,5.68
_11317_,5.68
_11367_,5.68
_11456_,5.68
_11582_,5.68
_12103_,5.68
_12285_,5.68
_12307_,5.68
_12357_,5.68
_12358_,5.68
_12488_,5.68
_12616_,5.68
_12768_,5.68
_12824_,5.68
_12835_,5.68
_12858_,5.68
_12897_,5.68
_12950_,5.68
_13013_,5.68
_13064_,5.68
_13105_,5.68
_13117_,5.68
_13124_,5.68
_13135_,5.68
_13140_,5.68
_13188_,5.68
_13194_,5.68
_13244_,5.68
_13373_,5.68
_13711_,5.68
_14066_,5.68
_14712_,5.68
_15105_,5.68
_15292_,5.68
_15334_,5.68
_15966_,5.68
_16091_,5.68
_16113_,5.68
_16456_,5.68
_16952_,5.68
_17111_,5.68
_17328_,5.68
_17355_,5.68
_17418_,5.68
_17508_,5.68
_17591_,5.68
_17690_,5.68
_17730_,5.68
_17770_,5.68
_17791_,5.68
_17881_,5.68
_17953_,5.68
_17998_,5.68
_18005_,5.68
_18144_,5.68
_18168_,5.68
_18249_,5.68
_18424_,5.68
_18483_,5.68
_18500_,5.68
_18621_,5.68
_18708_,5.68
_18892_,5.68
_18906_,5.68
_18911_,5.68
_19001_,5.68
_19038_,5.68
_20673_,5.68
_21227_,5.68
_21464_,5.68
_21701_,5.68
_21702_,5.68
_22089_,5.68
_22222_,5.68
_22255_,5.68
_22996_,5.68
_24565_,5.68
_24740_,5.68
_24798_,5.68
_24947_,5.68
_25922_,5.68
_26604_,5.68
_27298_,5.68
_27647_,5.68
_27803_,5.68
_27911_,5.68
_28041_,5.68
_29851_,5.68
_29886_,5.68
_31080_,5.68
_31128_,5.68
_32585_,5.68
_33116_,5.68
_33334_,5.68
_35210_,5.68
_35728_,5.68
_35745_,5.68
_36457_,5.68
_37264_,5.68
_38229_,5.68
_38913_,5.68
_38944_,5.68
_39924_,5.68
_40156_,5.68
_41075_,5.68
_42796_,5.68
_43573_,5.68
_44137_,5.68
out\[13\]\[0\],5.68
raw_scores\[29\]\[7\],5.68
scaled_scores\[41\]\[14\],5.68
weights\[58\]\[1\],5.68
net913,5.68
net1501,5.68
net2689,5.68
net2732,5.68
net4192,5.68
net4472,5.68
net5426,5.68
net6626,5.68
_02698_,5.675
_04263_,5.675
_06561_,5.675
_41361_,5.675
_13223_,5.67
_12388_,5.66
_16170_,5.66
_34723_,5.66
_03699_,5.655
start,5.65
_00409_,5.645
_00943_,5.645
_01225_,5.645
_01249_,5.645
_02088_,5.645
_02463_,5.645
_02848_,5.645
_03059_,5.645
_03145_,5.645
_03275_,5.645
_03600_,5.645
_04056_,5.645
_04153_,5.645
_04613_,5.645
_05001_,5.645
_05198_,5.645
_05537_,5.645
_05595_,5.645
_06521_,5.645
_28319_,5.645
_01581_,5.64
_01741_,5.64
_03521_,5.64
_11439_,5.64
_13895_,5.63
out_row_data[120],5.63
row_data[109],5.63
row_data[59],5.63
row_data[60],5.63
row_data[68],5.63
row_data[81],5.63
row_data[89],5.63
row_data[92],5.63
row_data[97],5.63
_00541_,5.625
_04546_,5.625
_04907_,5.625
q\[54\]\[2\],5.625
_00420_,5.62
_00872_,5.62
_01032_,5.62
_01073_,5.62
_01338_,5.62
_01579_,5.62
_01737_,5.62
_01750_,5.62
_01778_,5.62
_01885_,5.62
_02173_,5.62
_02646_,5.62
_02669_,5.62
_03170_,5.62
_03219_,5.62
_03449_,5.62
_03605_,5.62
_03678_,5.62
_04143_,5.62
_04221_,5.62
_04328_,5.62
_04490_,5.62
_04571_,5.62
_04677_,5.62
_04735_,5.62
_05176_,5.62
_05534_,5.62
_05882_,5.62
_06619_,5.62
_06632_,5.62
_06641_,5.62
_08766_,5.62
_12447_,5.62
_12511_,5.62
_14474_,5.62
_22278_,5.62
_24120_,5.62
_25168_,5.62
_27611_,5.62
_29299_,5.62
_30339_,5.62
_31265_,5.62
_31595_,5.62
_32188_,5.62
_32545_,5.62
_33809_,5.62
_35294_,5.62
_36851_,5.62
_37517_,5.62
_38189_,5.62
_38583_,5.62
_38602_,5.62
_38938_,5.62
_40220_,5.62
_42614_,5.62
_43915_,5.62
q\[43\]\[5\],5.62
raw_scores\[53\]\[7\],5.62
scaled_scores\[32\]\[3\],5.62
weights\[43\]\[1\],5.62
net2517,5.62
net2681,5.62
net3174,5.62
net3208,5.62
net3297,5.62
net3363,5.62
net3365,5.62
net3461,5.62
net3593,5.62
net3609,5.62
net3793,5.62
net4006,5.62
net4032,5.62
net4162,5.62
net4180,5.62
net4488,5.62
net4494,5.62
net4512,5.62
net4519,5.62
net4714,5.62
net4744,5.62
net5068,5.62
net5179,5.62
net5402,5.62
net5444,5.62
net5456,5.62
net5481,5.62
net5483,5.62
net5548,5.62
net5553,5.62
net5699,5.62
net5767,5.62
net5841,5.62
net5861,5.62
net5923,5.62
net5989,5.62
net6272,5.62
net6350,5.62
net6376,5.62
net6412,5.62
net6549,5.62
net6557,5.62
net6798,5.62
net6837,5.62
net6855,5.62
net6924,5.62
net6987,5.62
net7058,5.62
net7127,5.62
net7248,5.62
net7411,5.62
net7437,5.62
net7466,5.62
net7617,5.62
net7656,5.62
net7709,5.62
net7817,5.62
_01106_,5.615
_06790_,5.615
_41866_,5.61
_00071_,5.605
_00072_,5.605
_02130_,5.605
_02242_,5.605
_02453_,5.605
_03147_,5.605
_03809_,5.605
_04093_,5.605
_04413_,5.605
_04577_,5.605
_06079_,5.605
_06094_,5.605
_06195_,5.605
_06266_,5.605
_08998_,5.6
_10009_,5.6
_10019_,5.6
_10061_,5.6
_10481_,5.6
_10551_,5.6
_11438_,5.6
_11660_,5.6
_11764_,5.6
_11799_,5.6
_12044_,5.6
_12454_,5.6
_12668_,5.6
_12899_,5.6
_12992_,5.6
_13001_,5.6
_13151_,5.6
_13490_,5.6
_14087_,5.6
_14473_,5.6
_14686_,5.6
_14909_,5.6
_15142_,5.6
_15149_,5.6
_15268_,5.6
_15580_,5.6
_16791_,5.6
_16886_,5.6
_17429_,5.6
_17620_,5.6
_17733_,5.6
_18643_,5.6
_18713_,5.6
_18775_,5.6
_18804_,5.6
_18862_,5.6
_19056_,5.6
_19336_,5.6
_19600_,5.6
_20170_,5.6
_21140_,5.6
_21671_,5.6
_21677_,5.6
_22543_,5.6
_22550_,5.6
_24220_,5.6
_24904_,5.6
_24907_,5.6
_26232_,5.6
_26581_,5.6
_26980_,5.6
_27273_,5.6
_27399_,5.6
_27695_,5.6
_27722_,5.6
_27889_,5.6
_28896_,5.6
_29493_,5.6
_29544_,5.6
_29682_,5.6
_30198_,5.6
_30658_,5.6
_30678_,5.6
_31015_,5.6
_32379_,5.6
_32590_,5.6
_33737_,5.6
_34682_,5.6
_35020_,5.6
_35417_,5.6
_37656_,5.6
_38095_,5.6
_38544_,5.6
_39975_,5.6
_40179_,5.6
_40691_,5.6
_41260_,5.6
_41758_,5.6
_42036_,5.6
_42251_,5.6
_42587_,5.6
_42644_,5.6
_42708_,5.6
_43658_,5.6
_43798_,5.6
_43822_,5.6
_44125_,5.6
k\[112\]\[1\],5.6
out\[120\]\[5\],5.6
out\[29\]\[5\],5.6
q\[33\]\[1\],5.6
q\[66\]\[6\],5.6
raw_scores\[23\]\[13\],5.6
raw_scores\[6\]\[18\],5.6
scaled_scores\[42\]\[4\],5.6
scaled_scores\[44\]\[2\],5.6
v\[25\]\[3\],5.6
v\[36\]\[0\],5.6
net346,5.6
net1510,5.6
net3941,5.6
net4727,5.6
net6114,5.6
net7614,5.6
net7850,5.6
_06371_,5.595
_41558_,5.595
_08522_,5.59
_23597_,5.59
_36480_,5.59
_00518_,5.58
_00717_,5.58
_01550_,5.58
_01764_,5.58
_02720_,5.58
_03462_,5.58
_05266_,5.58
_05892_,5.58
_06477_,5.58
_07605_,5.58
_07957_,5.58
_10510_,5.58
_12157_,5.58
_13505_,5.58
_15343_,5.58
_18195_,5.58
_22526_,5.58
_22998_,5.58
_26166_,5.58
_27873_,5.58
_28551_,5.58
_29431_,5.58
_30771_,5.58
_31933_,5.58
_35537_,5.58
_35735_,5.58
_37782_,5.58
_39027_,5.58
_40442_,5.58
_41486_,5.58
_42846_,5.58
_43984_,5.58
net2639,5.58
net3489,5.58
net3578,5.58
net4697,5.58
net5060,5.58
net6297,5.58
net6643,5.58
net7160,5.58
net7260,5.58
net7375,5.58
weights\[58\]\[6\],5.575
_04981_,5.565
_08090_,5.56
_10866_,5.56
_23241_,5.56
_23827_,5.56
_26214_,5.56
_31827_,5.56
_32482_,5.56
_38292_,5.56
_43251_,5.56
q\[102\]\[7\],5.56
scaled_scores\[36\]\[7\],5.56
scaled_scores\[52\]\[12\],5.56
net4388,5.56
net6141,5.56
net7684,5.56
_00315_,5.555
_02291_,5.555
_03183_,5.555
_05901_,5.555
_06146_,5.555
q\[61\]\[3\],5.555
v\[81\]\[6\],5.555
_00381_,5.545
_00416_,5.545
_00450_,5.545
_00625_,5.545
_01036_,5.545
_01053_,5.545
_01159_,5.545
_01724_,5.545
_01930_,5.545
_02292_,5.545
_02543_,5.545
_03741_,5.545
_03934_,5.545
_04597_,5.545
_05586_,5.545
_05669_,5.545
_05695_,5.545
_05713_,5.545
_06513_,5.545
_06534_,5.545
_06909_,5.545
_06923_,5.545
_06962_,5.545
_07009_,5.545
_07065_,5.545
out_row_data[114],5.53
out_row_data[3],5.53
out_row_data[58],5.53
out_row_data[63],5.53
out_row_data[73],5.53
out_row_data[74],5.53
out_row_data[75],5.53
out_row_data[76],5.53
out_row_data[7],5.53
out_row_data[88],5.53
out_row_data[90],5.53
_00464_,5.525
_00633_,5.525
_00685_,5.525
_00916_,5.525
_00942_,5.525
_01833_,5.525
_02000_,5.525
_02711_,5.525
_03729_,5.525
_05321_,5.525
_05558_,5.525
_07044_,5.525
_07133_,5.525
_07581_,5.52
_21434_,5.52
_22612_,5.52
_25479_,5.52
_25771_,5.52
_26887_,5.52
_33713_,5.52
_34945_,5.52
_35528_,5.52
_35997_,5.52
_38582_,5.52
_38724_,5.52
_39351_,5.52
_39895_,5.52
_41246_,5.52
_41498_,5.52
_43264_,5.52
_43863_,5.52
net799,5.52
net1039,5.52
net1133,5.52
net1298,5.52
net1320,5.52
net1392,5.52
net1424,5.52
net1438,5.52
net1474,5.52
net1512,5.52
net1560,5.52
net1584,5.52
net1590,5.52
net1609,5.52
net1667,5.52
net1770,5.52
net1870,5.52
net1973,5.52
net1988,5.52
net2333,5.52
net2472,5.52
net2474,5.52
net2531,5.52
net2534,5.52
net2535,5.52
net2541,5.52
net2542,5.52
net2544,5.52
net2549,5.52
net2556,5.52
net2560,5.52
net2562,5.52
net2566,5.52
net2589,5.52
net2594,5.52
net2596,5.52
net2601,5.52
net2609,5.52
net2620,5.52
net2630,5.52
net2632,5.52
net2641,5.52
net2645,5.52
net2658,5.52
net2667,5.52
net2669,5.52
net2674,5.52
net2678,5.52
net2704,5.52
net2711,5.52
net2719,5.52
net2724,5.52
net2739,5.52
net2740,5.52
net2746,5.52
net2748,5.52
net2751,5.52
net2752,5.52
net2762,5.52
net2778,5.52
net2784,5.52
net2795,5.52
net2796,5.52
net2806,5.52
net2814,5.52
net2819,5.52
net2825,5.52
net2827,5.52
net2837,5.52
net2860,5.52
net2862,5.52
net2867,5.52
net2882,5.52
net2899,5.52
net2900,5.52
net2916,5.52
net2925,5.52
net2928,5.52
net2930,5.52
net2931,5.52
net2933,5.52
net2944,5.52
net2958,5.52
net2960,5.52
net2965,5.52
net2971,5.52
net2984,5.52
net3017,5.52
net3022,5.52
net3026,5.52
net3028,5.52
net3032,5.52
net3047,5.52
net3058,5.52
net3061,5.52
net3066,5.52
net3072,5.52
net3073,5.52
net3076,5.52
net3079,5.52
net3085,5.52
net3088,5.52
net3092,5.52
net3108,5.52
net3109,5.52
net3128,5.52
net3135,5.52
net3145,5.52
net3148,5.52
net3167,5.52
net3171,5.52
net3175,5.52
net3176,5.52
net3189,5.52
net3190,5.52
net3196,5.52
net3206,5.52
net3210,5.52
net3212,5.52
net3215,5.52
net3218,5.52
net3226,5.52
net3229,5.52
net3232,5.52
net3236,5.52
net3239,5.52
net3263,5.52
net3275,5.52
net3283,5.52
net3292,5.52
net3299,5.52
net3302,5.52
net3314,5.52
net3323,5.52
net3327,5.52
net3335,5.52
net3338,5.52
net3340,5.52
net3341,5.52
net3342,5.52
net3343,5.52
net3345,5.52
net3352,5.52
net3383,5.52
net3393,5.52
net3400,5.52
net3421,5.52
net3434,5.52
net3439,5.52
net3441,5.52
net3458,5.52
net3467,5.52
net3472,5.52
net3473,5.52
net3481,5.52
net3506,5.52
net3518,5.52
net3528,5.52
net3540,5.52
net3541,5.52
net3543,5.52
net3545,5.52
net3547,5.52
net3548,5.52
net3552,5.52
net3558,5.52
net3567,5.52
net3570,5.52
net3571,5.52
net3575,5.52
net3592,5.52
net3596,5.52
net3610,5.52
net3613,5.52
net3615,5.52
net3628,5.52
net3636,5.52
net3643,5.52
net3649,5.52
net3655,5.52
net3656,5.52
net3662,5.52
net3673,5.52
net3675,5.52
net3676,5.52
net3678,5.52
net3685,5.52
net3696,5.52
net3708,5.52
net3710,5.52
net3712,5.52
net3718,5.52
net3739,5.52
net3752,5.52
net3755,5.52
net3757,5.52
net3765,5.52
net3767,5.52
net3783,5.52
net3790,5.52
net3795,5.52
net3799,5.52
net3812,5.52
net3813,5.52
net3815,5.52
net3818,5.52
net3822,5.52
net3824,5.52
net3831,5.52
net3836,5.52
net3847,5.52
net3859,5.52
net3860,5.52
net3871,5.52
net3875,5.52
net3876,5.52
net3878,5.52
net3886,5.52
net3890,5.52
net3897,5.52
net3906,5.52
net3914,5.52
net3922,5.52
net3926,5.52
net3929,5.52
net3933,5.52
net3937,5.52
net3950,5.52
net3959,5.52
net3960,5.52
net3964,5.52
net3965,5.52
net3978,5.52
net3979,5.52
net3992,5.52
net3999,5.52
net4016,5.52
net4021,5.52
net4039,5.52
net4040,5.52
net4058,5.52
net4059,5.52
net4060,5.52
net4062,5.52
net4074,5.52
net4086,5.52
net4095,5.52
net4109,5.52
net4124,5.52
net4132,5.52
net4140,5.52
net4147,5.52
net4148,5.52
net4151,5.52
net4156,5.52
net4169,5.52
net4170,5.52
net4178,5.52
net4179,5.52
net4184,5.52
net4195,5.52
net4196,5.52
net4202,5.52
net4217,5.52
net4227,5.52
net4234,5.52
net4241,5.52
net4249,5.52
net4256,5.52
net4259,5.52
net4268,5.52
net4282,5.52
net4287,5.52
net4307,5.52
net4315,5.52
net4317,5.52
net4318,5.52
net4323,5.52
net4334,5.52
net4341,5.52
net4357,5.52
net4360,5.52
net4364,5.52
net4369,5.52
net4373,5.52
net4377,5.52
net4394,5.52
net4395,5.52
net4396,5.52
net4399,5.52
net4401,5.52
net4432,5.52
net4437,5.52
net4449,5.52
net4452,5.52
net4455,5.52
net4460,5.52
net4467,5.52
net4478,5.52
net4493,5.52
net4498,5.52
net4509,5.52
net4511,5.52
net4515,5.52
net4517,5.52
net4526,5.52
net4529,5.52
net4536,5.52
net4544,5.52
net4560,5.52
net4567,5.52
net4568,5.52
net4580,5.52
net4583,5.52
net4586,5.52
net4589,5.52
net4596,5.52
net4599,5.52
net4602,5.52
net4605,5.52
net4610,5.52
net4611,5.52
net4615,5.52
net4622,5.52
net4624,5.52
net4630,5.52
net4631,5.52
net4646,5.52
net4664,5.52
net4665,5.52
net4678,5.52
net4693,5.52
net4708,5.52
net4720,5.52
net4722,5.52
net4749,5.52
net4750,5.52
net4756,5.52
net4760,5.52
net4771,5.52
net4772,5.52
net4774,5.52
net4777,5.52
net4778,5.52
net4788,5.52
net4792,5.52
net4793,5.52
net4801,5.52
net4803,5.52
net4807,5.52
net4814,5.52
net4827,5.52
net4841,5.52
net4844,5.52
net4851,5.52
net4852,5.52
net4861,5.52
net4862,5.52
net4863,5.52
net4864,5.52
net4877,5.52
net4883,5.52
net4892,5.52
net4901,5.52
net4905,5.52
net4909,5.52
net4923,5.52
net4926,5.52
net4935,5.52
net4941,5.52
net4943,5.52
net4944,5.52
net4950,5.52
net4956,5.52
net4957,5.52
net4975,5.52
net4985,5.52
net4992,5.52
net4995,5.52
net5000,5.52
net5006,5.52
net5007,5.52
net5014,5.52
net5015,5.52
net5020,5.52
net5021,5.52
net5026,5.52
net5036,5.52
net5052,5.52
net5054,5.52
net5073,5.52
net5082,5.52
net5086,5.52
net5094,5.52
net5101,5.52
net5104,5.52
net5105,5.52
net5109,5.52
net5110,5.52
net5136,5.52
net5143,5.52
net5147,5.52
net5166,5.52
net5167,5.52
net5175,5.52
net5186,5.52
net5190,5.52
net5195,5.52
net5200,5.52
net5204,5.52
net5207,5.52
net5229,5.52
net5232,5.52
net5234,5.52
net5237,5.52
net5251,5.52
net5265,5.52
net5270,5.52
net5278,5.52
net5280,5.52
net5284,5.52
net5290,5.52
net5292,5.52
net5296,5.52
net5309,5.52
net5312,5.52
net5329,5.52
net5337,5.52
net5345,5.52
net5365,5.52
net5370,5.52
net5379,5.52
net5392,5.52
net5394,5.52
net5418,5.52
net5431,5.52
net5446,5.52
net5454,5.52
net5459,5.52
net5492,5.52
net5497,5.52
net5501,5.52
net5521,5.52
net5522,5.52
net5527,5.52
net5530,5.52
net5538,5.52
net5540,5.52
net5542,5.52
net5551,5.52
net5554,5.52
net5566,5.52
net5578,5.52
net5580,5.52
net5586,5.52
net5590,5.52
net5594,5.52
net5607,5.52
net5622,5.52
net5678,5.52
net5683,5.52
net5684,5.52
net5690,5.52
net5692,5.52
net5693,5.52
net5721,5.52
net5746,5.52
net5754,5.52
net5761,5.52
net5766,5.52
net5768,5.52
net5782,5.52
net5783,5.52
net5785,5.52
net5798,5.52
net5811,5.52
net5819,5.52
net5821,5.52
net5826,5.52
net5831,5.52
net5843,5.52
net5855,5.52
net5864,5.52
net5874,5.52
net5878,5.52
net5880,5.52
net5883,5.52
net5889,5.52
net5901,5.52
net5902,5.52
net5920,5.52
net5929,5.52
net5941,5.52
net5942,5.52
net5950,5.52
net5965,5.52
net5985,5.52
net5991,5.52
net6000,5.52
net6007,5.52
net6012,5.52
net6015,5.52
net6016,5.52
net6023,5.52
net6029,5.52
net6037,5.52
net6040,5.52
net6057,5.52
net6084,5.52
net6087,5.52
net6093,5.52
net6097,5.52
net6099,5.52
net6109,5.52
net6117,5.52
net6126,5.52
net6127,5.52
net6128,5.52
net6146,5.52
net6149,5.52
net6155,5.52
net6165,5.52
net6180,5.52
net6183,5.52
net6195,5.52
net6201,5.52
net6209,5.52
net6224,5.52
net6228,5.52
net6241,5.52
net6243,5.52
net6250,5.52
net6261,5.52
net6265,5.52
net6269,5.52
net6281,5.52
net6299,5.52
net6305,5.52
net6318,5.52
net6330,5.52
net6333,5.52
net6336,5.52
net6345,5.52
net6348,5.52
net6353,5.52
net6363,5.52
net6375,5.52
net6382,5.52
net6406,5.52
net6409,5.52
net6411,5.52
net6443,5.52
net6444,5.52
net6449,5.52
net6476,5.52
net6482,5.52
net6497,5.52
net6510,5.52
net6522,5.52
net6539,5.52
net6555,5.52
net6556,5.52
net6586,5.52
net6588,5.52
net6599,5.52
net6608,5.52
net6615,5.52
net6617,5.52
net6635,5.52
net6649,5.52
net6652,5.52
net6667,5.52
net6675,5.52
net6681,5.52
net6687,5.52
net6727,5.52
net6729,5.52
net6735,5.52
net6738,5.52
net6748,5.52
net6750,5.52
net6758,5.52
net6779,5.52
net6787,5.52
net6799,5.52
net6814,5.52
net6843,5.52
net6844,5.52
net6847,5.52
net6849,5.52
net6856,5.52
net6862,5.52
net6875,5.52
net6882,5.52
net6883,5.52
net6893,5.52
net6896,5.52
net6897,5.52
net6899,5.52
net6906,5.52
net6916,5.52
net6921,5.52
net6926,5.52
net6934,5.52
net6938,5.52
net6940,5.52
net6941,5.52
net6984,5.52
net6993,5.52
net6996,5.52
net6997,5.52
net7005,5.52
net7018,5.52
net7031,5.52
net7034,5.52
net7050,5.52
net7071,5.52
net7085,5.52
net7089,5.52
net7103,5.52
net7104,5.52
net7108,5.52
net7120,5.52
net7129,5.52
net7133,5.52
net7139,5.52
net7175,5.52
net7182,5.52
net7196,5.52
net7236,5.52
net7244,5.52
net7245,5.52
net7250,5.52
net7259,5.52
net7264,5.52
net7275,5.52
net7279,5.52
net7283,5.52
net7287,5.52
net7302,5.52
net7304,5.52
net7311,5.52
net7321,5.52
net7339,5.52
net7342,5.52
net7347,5.52
net7359,5.52
net7360,5.52
net7402,5.52
net7408,5.52
net7414,5.52
net7446,5.52
net7478,5.52
net7514,5.52
net7517,5.52
net7525,5.52
net7567,5.52
net7575,5.52
net7594,5.52
net7595,5.52
net7598,5.52
net7626,5.52
net7628,5.52
net7630,5.52
net7655,5.52
net7672,5.52
net7713,5.52
net7728,5.52
net7729,5.52
net7743,5.52
net7756,5.52
net7778,5.52
net7781,5.52
net7835,5.52
net7837,5.52
net7846,5.52
net7862,5.52
_05498_,5.515
_42584_,5.515
_00749_,5.505
_00994_,5.505
_01158_,5.505
_01198_,5.505
_01315_,5.505
_01319_,5.505
_01435_,5.505
_02184_,5.505
_02448_,5.505
_03080_,5.505
_03385_,5.505
_03440_,5.505
_03791_,5.505
_03849_,5.505
_04349_,5.505
_04525_,5.505
_04589_,5.505
_04951_,5.505
_05090_,5.505
_05650_,5.505
_05967_,5.505
_06157_,5.505
_37436_,5.505
_00252_,5.5
_04127_,5.5
_04419_,5.5
_05343_,5.5
_05870_,5.5
_07482_,5.5
_07632_,5.5
_14075_,5.5
_21211_,5.5
_21997_,5.5
_22928_,5.5
_25994_,5.5
_26595_,5.5
_27036_,5.5
_30171_,5.5
_30545_,5.5
_31127_,5.5
_31894_,5.5
_32274_,5.5
_32566_,5.5
_33816_,5.5
_34450_,5.5
_34922_,5.5
_37011_,5.5
_37794_,5.5
_38205_,5.5
_39107_,5.5
_41879_,5.5
_43491_,5.5
q\[54\]\[1\],5.5
net1213,5.5
net1343,5.5
net1841,5.5
net2138,5.5
net2294,5.5
net3839,5.5
net4582,5.5
net4614,5.5
net4663,5.5
net4970,5.5
net5116,5.5
net6314,5.5
net6335,5.5
net6937,5.5
net7186,5.5
net7251,5.5
out\[121\]\[0\],5.49
_07135_,5.485
k\[50\]\[0\],5.485
q\[63\]\[0\],5.485
v\[81\]\[5\],5.485
weights\[30\]\[0\],5.485
_03516_,5.48
_05018_,5.48
_06730_,5.48
_07312_,5.48
_07664_,5.48
_08554_,5.48
_08736_,5.48
_08812_,5.48
_08957_,5.48
_10350_,5.48
_11880_,5.48
_11964_,5.48
_12830_,5.48
_13268_,5.48
_13794_,5.48
_13829_,5.48
_14069_,5.48
_18418_,5.48
_18486_,5.48
_18703_,5.48
_19923_,5.48
_20059_,5.48
_22578_,5.48
_22977_,5.48
_23642_,5.48
_23742_,5.48
_23822_,5.48
_24447_,5.48
_24773_,5.48
_25171_,5.48
_26554_,5.48
_27255_,5.48
_27760_,5.48
_28127_,5.48
_28863_,5.48
_29111_,5.48
_29591_,5.48
_29992_,5.48
_30106_,5.48
_31677_,5.48
_32103_,5.48
_32219_,5.48
_32497_,5.48
_34303_,5.48
_34628_,5.48
_35236_,5.48
_35258_,5.48
_35571_,5.48
_38381_,5.48
_40040_,5.48
_42295_,5.48
_42956_,5.48
_44025_,5.48
k\[104\]\[3\],5.48
k\[111\]\[4\],5.48
k\[46\]\[6\],5.48
out\[122\]\[1\],5.48
out\[125\]\[5\],5.48
out\[54\]\[0\],5.48
q\[104\]\[1\],5.48
q\[43\]\[1\],5.48
raw_scores\[38\]\[7\],5.48
v\[56\]\[2\],5.48
v\[66\]\[0\],5.48
weights\[15\]\[5\],5.48
weights\[18\]\[6\],5.48
weights\[21\]\[7\],5.48
weights\[9\]\[4\],5.48
net1011,5.48
net1727,5.48
net3333,5.48
net5120,5.48
net5319,5.48
net5415,5.48
net6818,5.48
_02099_,5.475
_28484_,5.475
_30129_,5.475
v\[4\]\[2\],5.475
_32811_,5.47
weights\[41\]\[6\],5.47
_00483_,5.465
_01332_,5.465
_01497_,5.465
_02206_,5.465
_03889_,5.465
_06049_,5.465
_06053_,5.465
_06660_,5.465
_42185_,5.465
_07110_,5.46
_07187_,5.46
_07317_,5.46
_09877_,5.46
_25540_,5.46
_26018_,5.46
_29825_,5.46
_30285_,5.46
_31271_,5.46
_35178_,5.46
_41820_,5.46
_42535_,5.46
k\[72\]\[7\],5.46
scaled_scores\[12\]\[12\],5.46
net2459,5.46
net4806,5.46
net7137,5.46
_22789_,5.455
_00423_,5.445
_01391_,5.445
_01882_,5.445
_01980_,5.445
_02049_,5.445
_02653_,5.445
_03732_,5.445
_03787_,5.445
_03925_,5.445
_04705_,5.445
_04846_,5.445
_04924_,5.445
_06173_,5.445
_06321_,5.445
_06981_,5.445
_18662_,5.44
_22623_,5.44
_22750_,5.44
_26653_,5.44
_28617_,5.44
k\[80\]\[3\],5.44
v\[38\]\[1\],5.44
weights\[20\]\[5\],5.44
net7309,5.44
_00051_,5.435
_00584_,5.435
_00812_,5.435
_00892_,5.435
_01064_,5.435
_01251_,5.435
_02758_,5.435
_03401_,5.435
_03488_,5.435
_03796_,5.435
_03851_,5.435
_04057_,5.435
_04123_,5.435
_04151_,5.435
_04768_,5.435
_05242_,5.435
_05345_,5.435
_05367_,5.435
_05710_,5.435
_05865_,5.435
_05922_,5.435
_05929_,5.435
_06160_,5.435
_06167_,5.435
_06686_,5.435
_06690_,5.435
_06970_,5.435
_31036_,5.43
_02674_,5.425
_03300_,5.425
_03484_,5.425
_03718_,5.425
_04006_,5.425
_04530_,5.425
_04711_,5.425
_04791_,5.425
_05768_,5.425
_06326_,5.425
_06539_,5.425
_06949_,5.425
_14735_,5.42
_24643_,5.41
out_row_data[0],5.41
_04250_,5.405
_30533_,5.405
_33431_,5.405
_37494_,5.405
_02169_,5.4
_04845_,5.4
_07461_,5.4
_07795_,5.4
_07877_,5.4
_07913_,5.4
_07916_,5.4
_08875_,5.4
_09040_,5.4
_16267_,5.4
_16323_,5.4
_16446_,5.4
_16778_,5.4
_17146_,5.4
_17178_,5.4
_21747_,5.4
_21962_,5.4
_22491_,5.4
_22984_,5.4
_23021_,5.4
_25428_,5.4
_25862_,5.4
_29006_,5.4
_29563_,5.4
_29848_,5.4
_29933_,5.4
_30381_,5.4
_32745_,5.4
_34633_,5.4
_34643_,5.4
_35197_,5.4
_35501_,5.4
_35548_,5.4
_37942_,5.4
_38345_,5.4
_38533_,5.4
_38830_,5.4
_39976_,5.4
_40636_,5.4
_40665_,5.4
_41606_,5.4
_42562_,5.4
_43413_,5.4
_43896_,5.4
out\[54\]\[2\],5.4
raw_scores\[25\]\[8\],5.4
raw_scores\[35\]\[10\],5.4
raw_scores\[43\]\[12\],5.4
raw_scores\[43\]\[18\],5.4
raw_scores\[46\]\[8\],5.4
raw_scores\[48\]\[12\],5.4
raw_scores\[49\]\[9\],5.4
raw_scores\[50\]\[5\],5.4
raw_scores\[53\]\[2\],5.4
raw_scores\[57\]\[17\],5.4
net1163,5.4
net1279,5.4
net1329,5.4
net1514,5.4
net1603,5.4
net1759,5.4
net3133,5.4
net4650,5.4
net5011,5.4
net5295,5.4
net5366,5.4
net5561,5.4
net5824,5.4
net5891,5.4
net6368,5.4
net6445,5.4
net6460,5.4
net6490,5.4
net6686,5.4
net6806,5.4
net6838,5.4
net7028,5.4
net7056,5.4
net7326,5.4
net7780,5.4
_27384_,5.395
_05236_,5.385
_05573_,5.385
_00135_,5.38
_00198_,5.38
_01785_,5.38
_04869_,5.38
_07202_,5.38
_07373_,5.38
_08538_,5.38
_08552_,5.38
_08723_,5.38
_09070_,5.38
_09783_,5.38
_09921_,5.38
_10065_,5.38
_10272_,5.38
_10378_,5.38
_10568_,5.38
_10601_,5.38
_10623_,5.38
_10677_,5.38
_10777_,5.38
_11018_,5.38
_11076_,5.38
_11457_,5.38
_11635_,5.38
_11788_,5.38
_11842_,5.38
_12132_,5.38
_12135_,5.38
_12147_,5.38
_12161_,5.38
_12348_,5.38
_12429_,5.38
_12451_,5.38
_12458_,5.38
_12537_,5.38
_12651_,5.38
_12653_,5.38
_12694_,5.38
_13062_,5.38
_13169_,5.38
_13401_,5.38
_13558_,5.38
_13661_,5.38
_13866_,5.38
_14141_,5.38
_14172_,5.38
_14503_,5.38
_14641_,5.38
_14982_,5.38
_15168_,5.38
_15189_,5.38
_15196_,5.38
_15471_,5.38
_15601_,5.38
_15873_,5.38
_15927_,5.38
_16028_,5.38
_16036_,5.38
_16051_,5.38
_16063_,5.38
_16184_,5.38
_16224_,5.38
_16228_,5.38
_16297_,5.38
_16370_,5.38
_16390_,5.38
_16391_,5.38
_16411_,5.38
_16530_,5.38
_16567_,5.38
_16640_,5.38
_16647_,5.38
_16690_,5.38
_16781_,5.38
_16839_,5.38
_16872_,5.38
_16938_,5.38
_16963_,5.38
_17012_,5.38
_17109_,5.38
_17214_,5.38
_17241_,5.38
_17317_,5.38
_17544_,5.38
_17847_,5.38
_17862_,5.38
_17872_,5.38
_17882_,5.38
_18080_,5.38
_18264_,5.38
_18310_,5.38
_18372_,5.38
_18555_,5.38
_18634_,5.38
_18905_,5.38
_18932_,5.38
_19053_,5.38
_19533_,5.38
_19795_,5.38
_19819_,5.38
_20204_,5.38
_20857_,5.38
_21578_,5.38
_21816_,5.38
_22009_,5.38
_22120_,5.38
_22308_,5.38
_22436_,5.38
_23083_,5.38
_23392_,5.38
_23445_,5.38
_23925_,5.38
_24507_,5.38
_24631_,5.38
_24950_,5.38
_25495_,5.38
_25926_,5.38
_26485_,5.38
_26558_,5.38
_26871_,5.38
_26951_,5.38
_28026_,5.38
_28341_,5.38
_28431_,5.38
_28503_,5.38
_28843_,5.38
_29959_,5.38
_30200_,5.38
_30293_,5.38
_30655_,5.38
_31044_,5.38
_31436_,5.38
_31835_,5.38
_32072_,5.38
_32121_,5.38
_32241_,5.38
_32430_,5.38
_33073_,5.38
_33903_,5.38
_34579_,5.38
_35217_,5.38
_35480_,5.38
_35497_,5.38
_37847_,5.38
_38289_,5.38
_38606_,5.38
_39325_,5.38
_39560_,5.38
_39864_,5.38
_40043_,5.38
_40250_,5.38
_40324_,5.38
_40466_,5.38
_40535_,5.38
_40559_,5.38
_40612_,5.38
_40705_,5.38
_41637_,5.38
_42662_,5.38
_42697_,5.38
_42786_,5.38
_43365_,5.38
_43493_,5.38
_43647_,5.38
_43874_,5.38
_44156_,5.38
_44192_,5.38
k\[94\]\[2\],5.38
out\[26\]\[2\],5.38
out\[35\]\[4\],5.38
out\[57\]\[2\],5.38
out\[82\]\[0\],5.38
out\[93\]\[7\],5.38
q\[48\]\[2\],5.38
q\[7\]\[2\],5.38
raw_scores\[10\]\[15\],5.38
raw_scores\[14\]\[14\],5.38
raw_scores\[16\]\[14\],5.38
raw_scores\[16\]\[8\],5.38
raw_scores\[17\]\[15\],5.38
raw_scores\[26\]\[8\],5.38
raw_scores\[39\]\[5\],5.38
raw_scores\[41\]\[5\],5.38
raw_scores\[44\]\[4\],5.38
raw_scores\[55\]\[12\],5.38
raw_scores\[55\]\[15\],5.38
raw_scores\[56\]\[11\],5.38
raw_scores\[57\]\[5\],5.38
scaled_scores\[52\]\[8\],5.38
v\[67\]\[3\],5.38
net878,5.38
net882,5.38
net900,5.38
net1015,5.38
net1208,5.38
net1224,5.38
net1460,5.38
net1701,5.38
net1809,5.38
net1950,5.38
net2001,5.38
net2144,5.38
net2199,5.38
net2261,5.38
net2351,5.38
net2653,5.38
net2688,5.38
net2853,5.38
net2864,5.38
net3045,5.38
net3060,5.38
net3138,5.38
net3322,5.38
net3450,5.38
net3460,5.38
net3470,5.38
net3687,5.38
net3869,5.38
net5646,5.38
net5708,5.38
net5999,5.38
net6733,5.38
net6913,5.38
net7560,5.38
net7604,5.38
net7733,5.38
_23430_,5.375
_22290_,5.37
scaled_scores\[35\]\[10\],5.365
_04358_,5.36
_07387_,5.36
_07425_,5.36
_08879_,5.36
_09039_,5.36
_10612_,5.36
_11054_,5.36
_11928_,5.36
_12638_,5.36
_13419_,5.36
_13474_,5.36
_14186_,5.36
_15603_,5.36
_16202_,5.36
_17437_,5.36
_17581_,5.36
_18167_,5.36
_18400_,5.36
_18694_,5.36
_18999_,5.36
_19587_,5.36
_20822_,5.36
_21349_,5.36
_21800_,5.36
_25011_,5.36
_25241_,5.36
_25474_,5.36
_25620_,5.36
_25794_,5.36
_25950_,5.36
_26291_,5.36
_27237_,5.36
_29615_,5.36
_29908_,5.36
_29921_,5.36
_30120_,5.36
_30219_,5.36
_30662_,5.36
_30991_,5.36
_31175_,5.36
_31813_,5.36
_31962_,5.36
_32202_,5.36
_34909_,5.36
_37610_,5.36
_38694_,5.36
_40177_,5.36
_40275_,5.36
_40497_,5.36
_41269_,5.36
_41290_,5.36
_41968_,5.36
_42005_,5.36
_42593_,5.36
_44220_,5.36
out\[100\]\[2\],5.36
out\[122\]\[2\],5.36
out\[24\]\[0\],5.36
out\[4\]\[6\],5.36
out\[54\]\[7\],5.36
q\[16\]\[3\],5.36
q\[38\]\[1\],5.36
raw_scores\[38\]\[5\],5.36
scaled_scores\[22\]\[3\],5.36
scaled_scores\[29\]\[11\],5.36
v\[21\]\[1\],5.36
v\[31\]\[4\],5.36
net4565,5.36
_05363_,5.355
_29659_,5.355
_42304_,5.355
_00048_,5.345
_00050_,5.345
_00053_,5.345
_00333_,5.345
_00356_,5.345
_00424_,5.345
_00437_,5.345
_00458_,5.345
_00686_,5.345
_01028_,5.345
_01072_,5.345
_01290_,5.345
_01608_,5.345
_01951_,5.345
_01983_,5.345
_02125_,5.345
_02525_,5.345
_02590_,5.345
_02763_,5.345
_02867_,5.345
_02905_,5.345
_03087_,5.345
_03165_,5.345
_03693_,5.345
_03745_,5.345
_03753_,5.345
_03812_,5.345
_03840_,5.345
_04013_,5.345
_04310_,5.345
_04435_,5.345
_04515_,5.345
_05568_,5.345
_05622_,5.345
_05924_,5.345
_05928_,5.345
_06001_,5.345
_06234_,5.345
_06327_,5.345
_06614_,5.345
_26659_,5.345
_00886_,5.34
_07212_,5.34
_07245_,5.34
_07543_,5.34
_07903_,5.34
_07925_,5.34
_09137_,5.34
_09262_,5.34
_09769_,5.34
_10476_,5.34
_10634_,5.34
_10658_,5.34
_11110_,5.34
_11416_,5.34
_11423_,5.34
_11623_,5.34
_11709_,5.34
_12371_,5.34
_12832_,5.34
_12865_,5.34
_13065_,5.34
_13071_,5.34
_13166_,5.34
_13180_,5.34
_13209_,5.34
_13503_,5.34
_13906_,5.34
_14668_,5.34
_14816_,5.34
_14861_,5.34
_15001_,5.34
_15020_,5.34
_15097_,5.34
_15117_,5.34
_15194_,5.34
_15217_,5.34
_15231_,5.34
_15372_,5.34
_15456_,5.34
_15607_,5.34
_15810_,5.34
_16269_,5.34
_16293_,5.34
_16327_,5.34
_16345_,5.34
_16392_,5.34
_16707_,5.34
_16847_,5.34
_17027_,5.34
_17183_,5.34
_17204_,5.34
_17247_,5.34
_17332_,5.34
_17441_,5.34
_17520_,5.34
_17639_,5.34
_17801_,5.34
_17841_,5.34
_17858_,5.34
_18039_,5.34
_18056_,5.34
_18493_,5.34
_18509_,5.34
_18663_,5.34
_18682_,5.34
_18808_,5.34
_18890_,5.34
_18894_,5.34
_18988_,5.34
_19414_,5.34
_19708_,5.34
_20369_,5.34
_20678_,5.34
_21498_,5.34
_21902_,5.34
_23167_,5.34
_24463_,5.34
_25099_,5.34
_25693_,5.34
_25991_,5.34
_26138_,5.34
_26142_,5.34
_27268_,5.34
_27993_,5.34
_28214_,5.34
_32184_,5.34
_32365_,5.34
_32572_,5.34
_32912_,5.34
_33597_,5.34
_34336_,5.34
_34603_,5.34
_34632_,5.34
_35371_,5.34
_35623_,5.34
_35648_,5.34
_35855_,5.34
_35964_,5.34
_36512_,5.34
_37688_,5.34
_38220_,5.34
_38705_,5.34
_39016_,5.34
_39407_,5.34
_39478_,5.34
_40111_,5.34
_40153_,5.34
_40540_,5.34
_40599_,5.34
_40789_,5.34
_40916_,5.34
_41132_,5.34
_41174_,5.34
_41518_,5.34
_43046_,5.34
_43608_,5.34
_43662_,5.34
_43817_,5.34
_43962_,5.34
out\[49\]\[5\],5.34
out\[51\]\[5\],5.34
out\[59\]\[3\],5.34
out\[63\]\[0\],5.34
q\[103\]\[5\],5.34
raw_scores\[10\]\[3\],5.34
raw_scores\[11\]\[19\],5.34
raw_scores\[15\]\[3\],5.34
raw_scores\[16\]\[16\],5.34
raw_scores\[17\]\[10\],5.34
raw_scores\[23\]\[15\],5.34
raw_scores\[23\]\[16\],5.34
raw_scores\[23\]\[4\],5.34
raw_scores\[25\]\[9\],5.34
raw_scores\[26\]\[13\],5.34
raw_scores\[26\]\[3\],5.34
raw_scores\[32\]\[17\],5.34
raw_scores\[39\]\[15\],5.34
raw_scores\[3\]\[6\],5.34
raw_scores\[42\]\[18\],5.34
raw_scores\[43\]\[14\],5.34
raw_scores\[43\]\[7\],5.34
raw_scores\[44\]\[10\],5.34
raw_scores\[50\]\[17\],5.34
raw_scores\[51\]\[16\],5.34
raw_scores\[53\]\[14\],5.34
raw_scores\[54\]\[17\],5.34
raw_scores\[55\]\[19\],5.34
raw_scores\[58\]\[12\],5.34
raw_scores\[58\]\[14\],5.34
raw_scores\[62\]\[14\],5.34
raw_scores\[6\]\[17\],5.34
v\[123\]\[2\],5.34
net962,5.34
net1742,5.34
net2977,5.34
net5926,5.34
net6467,5.34
net6605,5.34
net7300,5.34
net7562,5.34
net7582,5.34
_06268_,5.335
_13714_,5.335
_01569_,5.325
_02521_,5.325
_04600_,5.325
_04640_,5.325
_05514_,5.325
_06047_,5.325
_06971_,5.325
_04633_,5.32
_17250_,5.32
k\[34\]\[1\],5.32
out\[42\]\[4\],5.32
q\[62\]\[3\],5.32
scaled_scores\[46\]\[4\],5.32
_00070_,5.315
_01810_,5.315
_03835_,5.315
_04360_,5.315
_05762_,5.315
_05938_,5.315
_06316_,5.315
_07066_,5.315
_41619_,5.31
_00317_,5.305
_00378_,5.305
_00507_,5.305
_00608_,5.305
_00743_,5.305
_00957_,5.305
_00976_,5.305
_01197_,5.305
_01467_,5.305
_01628_,5.305
_01684_,5.305
_01790_,5.305
_01955_,5.305
_01964_,5.305
_02249_,5.305
_02298_,5.305
_02523_,5.305
_02846_,5.305
_02915_,5.305
_03226_,5.305
_03442_,5.305
_03461_,5.305
_03832_,5.305
_03922_,5.305
_04286_,5.305
_04367_,5.305
_04405_,5.305
_05036_,5.305
_05440_,5.305
_05722_,5.305
_05746_,5.305
_05869_,5.305
_05950_,5.305
_06166_,5.305
_06277_,5.305
_06361_,5.305
_06482_,5.305
_06609_,5.305
_06766_,5.305
_34878_,5.305
net2465,5.305
_08775_,5.3
_31911_,5.3
_01350_,5.285
k\[52\]\[6\],5.285
k\[63\]\[6\],5.285
k\[95\]\[6\],5.285
out\[33\]\[2\],5.285
out\[37\]\[4\],5.285
q\[56\]\[1\],5.285
scaled_scores\[45\]\[16\],5.285
v\[28\]\[2\],5.285
v\[92\]\[5\],5.285
_00384_,5.28
_06388_,5.28
_06913_,5.28
_07280_,5.28
_07887_,5.28
_10448_,5.28
_10773_,5.28
_11275_,5.28
_11344_,5.28
_11542_,5.28
_12011_,5.28
_12526_,5.28
_12709_,5.28
_12908_,5.28
_12918_,5.28
_12967_,5.28
_13420_,5.28
_13934_,5.28
_14610_,5.28
_14860_,5.28
_14902_,5.28
_16110_,5.28
_16407_,5.28
_16691_,5.28
_16905_,5.28
_17000_,5.28
_17285_,5.28
_17368_,5.28
_17457_,5.28
_17907_,5.28
_18158_,5.28
_18574_,5.28
_18672_,5.28
_18711_,5.28
_18766_,5.28
_19581_,5.28
_20954_,5.28
_21838_,5.28
_21905_,5.28
_23147_,5.28
_23577_,5.28
_24250_,5.28
_24308_,5.28
_25429_,5.28
_25741_,5.28
_26043_,5.28
_26309_,5.28
_26549_,5.28
_26880_,5.28
_26886_,5.28
_27527_,5.28
_27744_,5.28
_29505_,5.28
_30490_,5.28
_30752_,5.28
_30897_,5.28
_31238_,5.28
_31350_,5.28
_31893_,5.28
_31912_,5.28
_32524_,5.28
_32547_,5.28
_33301_,5.28
_33711_,5.28
_33757_,5.28
_34150_,5.28
_34725_,5.28
_35713_,5.28
_36173_,5.28
_36988_,5.28
_37329_,5.28
_38672_,5.28
_40281_,5.28
_40556_,5.28
_42044_,5.28
_42139_,5.28
_42479_,5.28
_42790_,5.28
_43436_,5.28
_43926_,5.28
out\[123\]\[7\],5.28
raw_scores\[17\]\[7\],5.28
raw_scores\[19\]\[19\],5.28
raw_scores\[21\]\[4\],5.28
raw_scores\[3\]\[3\],5.28
raw_scores\[61\]\[14\],5.28
v\[38\]\[7\],5.28
_31102_,5.27
_01351_,5.265
_01746_,5.265
_01900_,5.265
_02202_,5.265
_02205_,5.265
_02265_,5.265
_02537_,5.265
_02631_,5.265
_02833_,5.265
_03171_,5.265
_03653_,5.265
_03858_,5.265
_03870_,5.265
_03978_,5.265
_04805_,5.265
_05065_,5.265
_05305_,5.265
_05511_,5.265
_05618_,5.265
_05637_,5.265
_05660_,5.265
_05900_,5.265
_05936_,5.265
_06378_,5.265
_06444_,5.265
_06517_,5.265
_06689_,5.265
_06827_,5.265
_06829_,5.265
_38372_,5.265
_41465_,5.265
_00107_,5.26
_00763_,5.26
_07341_,5.26
_07418_,5.26
_07610_,5.26
_07726_,5.26
_08139_,5.26
_08401_,5.26
_08845_,5.26
_08940_,5.26
_08993_,5.26
_09060_,5.26
_09834_,5.26
_09989_,5.26
_10015_,5.26
_10352_,5.26
_10383_,5.26
_10420_,5.26
_10449_,5.26
_10541_,5.26
_10545_,5.26
_10569_,5.26
_10597_,5.26
_10684_,5.26
_10685_,5.26
_10689_,5.26
_11055_,5.26
_11097_,5.26
_11412_,5.26
_11427_,5.26
_11549_,5.26
_11620_,5.26
_12024_,5.26
_12171_,5.26
_12213_,5.26
_12258_,5.26
_12296_,5.26
_12303_,5.26
_12463_,5.26
_12539_,5.26
_12556_,5.26
_12598_,5.26
_12634_,5.26
_12660_,5.26
_12710_,5.26
_12723_,5.26
_12812_,5.26
_12875_,5.26
_12889_,5.26
_12893_,5.26
_12895_,5.26
_12926_,5.26
_12953_,5.26
_12998_,5.26
_13044_,5.26
_13083_,5.26
_13443_,5.26
_13480_,5.26
_13593_,5.26
_13599_,5.26
_13953_,5.26
_13974_,5.26
_14230_,5.26
_14564_,5.26
_14611_,5.26
_14775_,5.26
_14908_,5.26
_15273_,5.26
_15401_,5.26
_15436_,5.26
_15519_,5.26
_15559_,5.26
_15617_,5.26
_15700_,5.26
_15781_,5.26
_15900_,5.26
_16026_,5.26
_16580_,5.26
_16619_,5.26
_16761_,5.26
_16773_,5.26
_16945_,5.26
_17022_,5.26
_17155_,5.26
_17305_,5.26
_17308_,5.26
_17309_,5.26
_17352_,5.26
_17414_,5.26
_17470_,5.26
_17600_,5.26
_17645_,5.26
_17646_,5.26
_17765_,5.26
_17775_,5.26
_17903_,5.26
_17962_,5.26
_18017_,5.26
_18032_,5.26
_18035_,5.26
_18128_,5.26
_18145_,5.26
_18146_,5.26
_18163_,5.26
_18166_,5.26
_18229_,5.26
_18309_,5.26
_18350_,5.26
_18402_,5.26
_18406_,5.26
_18517_,5.26
_18519_,5.26
_18569_,5.26
_18572_,5.26
_18666_,5.26
_18831_,5.26
_18955_,5.26
_19019_,5.26
_19741_,5.26
_20101_,5.26
_20147_,5.26
_20207_,5.26
_20417_,5.26
_20510_,5.26
_20771_,5.26
_20827_,5.26
_20892_,5.26
_21091_,5.26
_21115_,5.26
_21301_,5.26
_21304_,5.26
_22228_,5.26
_22339_,5.26
_22429_,5.26
_22477_,5.26
_22582_,5.26
_23344_,5.26
_23354_,5.26
_23360_,5.26
_23514_,5.26
_23528_,5.26
_23919_,5.26
_23986_,5.26
_24056_,5.26
_24233_,5.26
_24723_,5.26
_24776_,5.26
_25259_,5.26
_25650_,5.26
_25742_,5.26
_25883_,5.26
_26094_,5.26
_26223_,5.26
_26664_,5.26
_26892_,5.26
_27100_,5.26
_27204_,5.26
_27355_,5.26
_27392_,5.26
_27594_,5.26
_27635_,5.26
_27910_,5.26
_28549_,5.26
_28557_,5.26
_28840_,5.26
_29162_,5.26
_29319_,5.26
_29570_,5.26
_29657_,5.26
_29687_,5.26
_29690_,5.26
_29932_,5.26
_30110_,5.26
_30262_,5.26
_30303_,5.26
_30528_,5.26
_31164_,5.26
_31193_,5.26
_31415_,5.26
_31483_,5.26
_31917_,5.26
_32170_,5.26
_32343_,5.26
_32416_,5.26
_33261_,5.26
_33266_,5.26
_33323_,5.26
_33468_,5.26
_33584_,5.26
_34229_,5.26
_34701_,5.26
_34730_,5.26
_35125_,5.26
_35218_,5.26
_36091_,5.26
_36385_,5.26
_36438_,5.26
_37933_,5.26
_38423_,5.26
_38829_,5.26
_38975_,5.26
_39146_,5.26
_39153_,5.26
_39455_,5.26
_39880_,5.26
_40335_,5.26
_40382_,5.26
_40633_,5.26
_40933_,5.26
_40950_,5.26
_41261_,5.26
_42109_,5.26
_42135_,5.26
_42200_,5.26
_42256_,5.26
_42277_,5.26
_42290_,5.26
_42336_,5.26
_42945_,5.26
_42977_,5.26
_43193_,5.26
_43194_,5.26
_43294_,5.26
_43296_,5.26
_43414_,5.26
_43665_,5.26
_43812_,5.26
_43852_,5.26
k\[124\]\[7\],5.26
k\[4\]\[1\],5.26
out\[120\]\[6\],5.26
out\[64\]\[3\],5.26
q\[80\]\[4\],5.26
raw_scores\[18\]\[4\],5.26
raw_scores\[1\]\[13\],5.26
raw_scores\[34\]\[4\],5.26
raw_scores\[60\]\[13\],5.26
v\[106\]\[3\],5.26
v\[23\]\[7\],5.26
v\[35\]\[1\],5.26
v\[43\]\[6\],5.26
v\[59\]\[6\],5.26
v\[85\]\[0\],5.26
v\[94\]\[6\],5.26
weights\[6\]\[2\],5.26
weights\[7\]\[3\],5.26
net847,5.26
net918,5.26
net1318,5.26
net1485,5.26
net1562,5.26
net1637,5.26
net1736,5.26
net2290,5.26
net2468,5.26
net3661,5.26
net3746,5.26
net3909,5.26
net3912,5.26
net3991,5.26
net4068,5.26
net4563,5.26
net5449,5.26
net5611,5.26
net5975,5.26
net6106,5.26
net6494,5.26
net7019,5.26
net7131,5.26
net7169,5.26
_29902_,5.25
_03050_,5.245
_03208_,5.245
_03986_,5.245
_04346_,5.245
_05220_,5.245
_00479_,5.24
_03512_,5.24
_04162_,5.24
_04213_,5.24
_05328_,5.24
_05881_,5.24
_07112_,5.24
_07521_,5.24
_08518_,5.24
_10615_,5.24
_17716_,5.24
_18107_,5.24
_20343_,5.24
_20776_,5.24
_23067_,5.24
_23621_,5.24
_24417_,5.24
_28337_,5.24
_28596_,5.24
_32144_,5.24
_33795_,5.24
_36607_,5.24
_36873_,5.24
_39291_,5.24
_39969_,5.24
_41064_,5.24
_43747_,5.24
raw_scores\[56\]\[9\],5.24
v\[15\]\[2\],5.24
net1383,5.24
_03607_,5.235
_07194_,5.225
_07282_,5.225
_07371_,5.225
q\[62\]\[6\],5.225
_07656_,5.22
_07662_,5.22
_08366_,5.22
_08513_,5.22
_09424_,5.22
_10030_,5.22
_10362_,5.22
_10696_,5.22
_11402_,5.22
_11487_,5.22
_11646_,5.22
_11673_,5.22
_11988_,5.22
_12173_,5.22
_12184_,5.22
_12253_,5.22
_12261_,5.22
_12262_,5.22
_12472_,5.22
_12571_,5.22
_12663_,5.22
_12773_,5.22
_12802_,5.22
_13145_,5.22
_13149_,5.22
_13410_,5.22
_13630_,5.22
_14574_,5.22
_14576_,5.22
_14630_,5.22
_14633_,5.22
_14638_,5.22
_14663_,5.22
_15033_,5.22
_15205_,5.22
_15337_,5.22
_15974_,5.22
_16275_,5.22
_16585_,5.22
_17042_,5.22
_17244_,5.22
_17367_,5.22
_17681_,5.22
_17701_,5.22
_18002_,5.22
_18126_,5.22
_18324_,5.22
_18403_,5.22
_18665_,5.22
_19527_,5.22
_19604_,5.22
_19766_,5.22
_20337_,5.22
_20340_,5.22
_20468_,5.22
_21068_,5.22
_21077_,5.22
_21881_,5.22
_21976_,5.22
_22518_,5.22
_23049_,5.22
_23374_,5.22
_23502_,5.22
_24568_,5.22
_24688_,5.22
_25097_,5.22
_25337_,5.22
_25500_,5.22
_26303_,5.22
_27278_,5.22
_27927_,5.22
_28368_,5.22
_28691_,5.22
_29120_,5.22
_29209_,5.22
_30622_,5.22
_30884_,5.22
_31017_,5.22
_31097_,5.22
_33568_,5.22
_33817_,5.22
_34732_,5.22
_34889_,5.22
_35122_,5.22
_36100_,5.22
_37418_,5.22
_37836_,5.22
_38208_,5.22
_38636_,5.22
_38640_,5.22
_39265_,5.22
_39371_,5.22
_40549_,5.22
_40583_,5.22
_40827_,5.22
_41142_,5.22
_41222_,5.22
_44127_,5.22
_44281_,5.22
k\[120\]\[3\],5.22
k\[69\]\[0\],5.22
v\[105\]\[4\],5.22
weights\[51\]\[4\],5.22
net906,5.22
net2998,5.22
net6118,5.22
net7358,5.22
_00941_,5.215
_01612_,5.215
_05462_,5.215
_19450_,5.21
_34268_,5.21
_02853_,5.205
_06408_,5.205
_37906_,5.2
k\[58\]\[3\],5.2
_06769_,5.195
_08542_,5.19
out_row_data[106],5.19
out_row_data[112],5.19
out_row_data[125],5.19
out_row_data[127],5.19
out_row_data[17],5.19
out_row_data[37],5.19
out_row_data[71],5.19
out_row_data[80],5.19
out_row_data[91],5.19
out_row_data[95],5.19
row_data[44],5.19
net5940,5.19
_00343_,5.185
_00938_,5.185
_01670_,5.185
_01718_,5.185
_01807_,5.185
_01991_,5.185
_02078_,5.185
_02745_,5.185
_03184_,5.185
_03536_,5.185
_03752_,5.185
_04016_,5.185
_05325_,5.185
_05664_,5.185
_05794_,5.185
_06111_,5.185
_07107_,5.185
_07316_,5.185
_00885_,5.18
_03329_,5.18
_04659_,5.18
_05071_,5.18
_05165_,5.18
_06330_,5.18
_06693_,5.18
_27469_,5.175
_43604_,5.17
_00818_,5.165
_05075_,5.165
_00074_,5.16
_00440_,5.16
_00674_,5.16
_01013_,5.16
_01407_,5.16
_01822_,5.16
_01871_,5.16
_02371_,5.16
_02461_,5.16
_02643_,5.16
_02880_,5.16
_02881_,5.16
_02997_,5.16
_03114_,5.16
_03159_,5.16
_03292_,5.16
_03301_,5.16
_03524_,5.16
_03662_,5.16
_04053_,5.16
_04092_,5.16
_04338_,5.16
_04377_,5.16
_04556_,5.16
_04563_,5.16
_04684_,5.16
_04966_,5.16
_05005_,5.16
_05190_,5.16
_05212_,5.16
_05247_,5.16
_05297_,5.16
_05376_,5.16
_05381_,5.16
_05476_,5.16
_05575_,5.16
_06162_,5.16
_06187_,5.16
_06317_,5.16
_06529_,5.16
_06620_,5.16
_06732_,5.16
_06856_,5.16
_06897_,5.16
_07063_,5.16
_08771_,5.16
_13534_,5.16
_16602_,5.16
_19754_,5.16
_21601_,5.16
_23756_,5.16
_25090_,5.16
_25838_,5.16
_26201_,5.16
_26774_,5.16
_28051_,5.16
_28174_,5.16
_29764_,5.16
_30155_,5.16
_30290_,5.16
_30743_,5.16
_30873_,5.16
_32217_,5.16
_33725_,5.16
_37621_,5.16
_38346_,5.16
_42381_,5.16
_43423_,5.16
q\[2\]\[7\],5.16
net2511,5.16
net2617,5.16
net2729,5.16
net3129,5.16
net3155,5.16
net3230,5.16
net3307,5.16
net3581,5.16
net3591,5.16
net3611,5.16
net3801,5.16
net3834,5.16
net4081,5.16
net4087,5.16
net4423,5.16
net4456,5.16
net4475,5.16
net4492,5.16
net4691,5.16
net4739,5.16
net4785,5.16
net4929,5.16
net4962,5.16
net5119,5.16
net5462,5.16
net5747,5.16
net5806,5.16
net6320,5.16
net6584,5.16
net6646,5.16
net6773,5.16
net6792,5.16
net6982,5.16
net7113,5.16
net7219,5.16
net7230,5.16
net7243,5.16
net7263,5.16
net7325,5.16
net7345,5.16
net7464,5.16
net7469,5.16
net7658,5.16
net7768,5.16
_29674_,5.15
_31155_,5.15
_02045_,5.145
out\[43\]\[0\],5.145
out\[46\]\[5\],5.145
q\[49\]\[1\],5.145
_06494_,5.14
_07385_,5.14
_07503_,5.14
_07696_,5.14
_08479_,5.14
_08754_,5.14
_09578_,5.14
_09987_,5.14
_09998_,5.14
_10480_,5.14
_10744_,5.14
_11965_,5.14
_12113_,5.14
_12267_,5.14
_12417_,5.14
_12501_,5.14
_12613_,5.14
_12640_,5.14
_12657_,5.14
_12735_,5.14
_13902_,5.14
_14220_,5.14
_14705_,5.14
_14868_,5.14
_15173_,5.14
_15484_,5.14
_15504_,5.14
_15556_,5.14
_15759_,5.14
_16270_,5.14
_16321_,5.14
_16363_,5.14
_16716_,5.14
_17090_,5.14
_17354_,5.14
_17500_,5.14
_18737_,5.14
_18835_,5.14
_18876_,5.14
_20076_,5.14
_20250_,5.14
_21065_,5.14
_21459_,5.14
_21713_,5.14
_22170_,5.14
_22899_,5.14
_23162_,5.14
_23429_,5.14
_23613_,5.14
_24105_,5.14
_24342_,5.14
_24844_,5.14
_25386_,5.14
_26033_,5.14
_26180_,5.14
_26853_,5.14
_28209_,5.14
_28791_,5.14
_29034_,5.14
_29153_,5.14
_29535_,5.14
_29732_,5.14
_30331_,5.14
_30779_,5.14
_30912_,5.14
_31655_,5.14
_32900_,5.14
_34044_,5.14
_34196_,5.14
_34886_,5.14
_35634_,5.14
_37807_,5.14
_38062_,5.14
_38141_,5.14
_38234_,5.14
_38599_,5.14
_39249_,5.14
_39341_,5.14
_39949_,5.14
_40158_,5.14
_40973_,5.14
_41004_,5.14
_41160_,5.14
_41362_,5.14
_41431_,5.14
_43148_,5.14
_43797_,5.14
_44052_,5.14
q\[114\]\[4\],5.14
v\[39\]\[7\],5.14
v\[82\]\[7\],5.14
weights\[36\]\[7\],5.14
weights\[51\]\[5\],5.14
net1125,5.14
net1865,5.14
net3471,5.14
net4900,5.14
net5010,5.14
net6232,5.14
_01163_,5.135
_03204_,5.135
_38677_,5.135
_29990_,5.13
_19796_,5.12
_23971_,5.12
_27590_,5.12
_32921_,5.12
_35362_,5.12
_35507_,5.12
_36800_,5.12
_37536_,5.12
_37765_,5.12
_39436_,5.12
_40380_,5.12
_40804_,5.12
_41642_,5.12
_43205_,5.12
net4636,5.12
net5764,5.12
net6100,5.12
net6316,5.12
net6580,5.12
net7238,5.12
_42577_,5.11
_26851_,5.1
_33389_,5.1
net7354,5.1
_00061_,5.095
_00435_,5.095
_00604_,5.095
_01690_,5.095
_03321_,5.095
_03431_,5.095
_03677_,5.095
_04370_,5.095
_04698_,5.095
_05153_,5.095
_05800_,5.095
_05909_,5.095
_05912_,5.095
_06423_,5.095
_06425_,5.095
_06814_,5.095
_00318_,5.085
_00320_,5.085
_00504_,5.085
_00735_,5.085
_00753_,5.085
_00754_,5.085
_00789_,5.085
_01576_,5.085
_01647_,5.085
_01840_,5.085
_01938_,5.085
_02186_,5.085
_02197_,5.085
_02421_,5.085
_02555_,5.085
_03188_,5.085
_03251_,5.085
_03393_,5.085
_03506_,5.085
_03674_,5.085
_03844_,5.085
_04294_,5.085
_04337_,5.085
_04602_,5.085
_04991_,5.085
_05175_,5.085
_05226_,5.085
_05878_,5.085
_06031_,5.085
_06389_,5.085
_06419_,5.085
_24283_,5.085
net7600,5.08
_14479_,5.07
out_row_data[35],5.07
_00853_,5.065
_00870_,5.065
_01201_,5.065
_01513_,5.065
_01972_,5.065
_06403_,5.065
_00123_,5.06
_07752_,5.06
_08124_,5.06
_09743_,5.06
_09860_,5.06
_14894_,5.06
_23622_,5.06
_25042_,5.06
_27630_,5.06
_30152_,5.06
_31370_,5.06
_33472_,5.06
_34883_,5.06
_37873_,5.06
_37983_,5.06
_38802_,5.06
_40141_,5.06
_40790_,5.06
_42343_,5.06
_43086_,5.06
_43388_,5.06
_43614_,5.06
q\[53\]\[2\],5.06
net1142,5.06
net1143,5.06
net1157,5.06
net1166,5.06
net1177,5.06
net1232,5.06
net1236,5.06
net1295,5.06
net1325,5.06
net1390,5.06
net1394,5.06
net1417,5.06
net1418,5.06
net1428,5.06
net1439,5.06
net1441,5.06
net1445,5.06
net1450,5.06
net1486,5.06
net1499,5.06
net1515,5.06
net1525,5.06
net1532,5.06
net1549,5.06
net1588,5.06
net1619,5.06
net1627,5.06
net1639,5.06
net1803,5.06
net1811,5.06
net1832,5.06
net1872,5.06
net1941,5.06
net2086,5.06
net2148,5.06
net2218,5.06
net2308,5.06
net2330,5.06
net2733,5.06
net2783,5.06
net2883,5.06
net3042,5.06
net3134,5.06
net3172,5.06
net3278,5.06
net3339,5.06
net3495,5.06
net3877,5.06
net3940,5.06
net4112,5.06
net4226,5.06
net4245,5.06
net4262,5.06
net4487,5.06
net4527,5.06
net4554,5.06
net4578,5.06
net4597,5.06
net4640,5.06
net4676,5.06
net4684,5.06
net4695,5.06
net4703,5.06
net4853,5.06
net4894,5.06
net4914,5.06
net4934,5.06
net4949,5.06
net4965,5.06
net5002,5.06
net5037,5.06
net5046,5.06
net5058,5.06
net5067,5.06
net5084,5.06
net5108,5.06
net5131,5.06
net5132,5.06
net5134,5.06
net5139,5.06
net5144,5.06
net5170,5.06
net5199,5.06
net5240,5.06
net5247,5.06
net5273,5.06
net5279,5.06
net5336,5.06
net5362,5.06
net5363,5.06
net5364,5.06
net5375,5.06
net5393,5.06
net5405,5.06
net5430,5.06
net5458,5.06
net5463,5.06
net5468,5.06
net5473,5.06
net5474,5.06
net5489,5.06
net5500,5.06
net5506,5.06
net5524,5.06
net5528,5.06
net5532,5.06
net5602,5.06
net5634,5.06
net5653,5.06
net5660,5.06
net5669,5.06
net5700,5.06
net5701,5.06
net5738,5.06
net5757,5.06
net5762,5.06
net5774,5.06
net5794,5.06
net5827,5.06
net5830,5.06
net5832,5.06
net5833,5.06
net5835,5.06
net5842,5.06
net5848,5.06
net5867,5.06
net5887,5.06
net5912,5.06
net5913,5.06
net5917,5.06
net5921,5.06
net5925,5.06
net5987,5.06
net6014,5.06
net6031,5.06
net6035,5.06
net6036,5.06
net6041,5.06
net6046,5.06
net6065,5.06
net6070,5.06
net6074,5.06
net6080,5.06
net6113,5.06
net6129,5.06
net6135,5.06
net6136,5.06
net6159,5.06
net6161,5.06
net6164,5.06
net6168,5.06
net6181,5.06
net6199,5.06
net6200,5.06
net6204,5.06
net6218,5.06
net6220,5.06
net6225,5.06
net6231,5.06
net6237,5.06
net6238,5.06
net6240,5.06
net6244,5.06
net6249,5.06
net6255,5.06
net6262,5.06
net6275,5.06
net6289,5.06
net6295,5.06
net6296,5.06
net6315,5.06
net6338,5.06
net6346,5.06
net6369,5.06
net6379,5.06
net6381,5.06
net6385,5.06
net6397,5.06
net6399,5.06
net6402,5.06
net6407,5.06
net6415,5.06
net6420,5.06
net6426,5.06
net6452,5.06
net6454,5.06
net6458,5.06
net6464,5.06
net6472,5.06
net6474,5.06
net6475,5.06
net6479,5.06
net6481,5.06
net6488,5.06
net6492,5.06
net6496,5.06
net6502,5.06
net6507,5.06
net6515,5.06
net6529,5.06
net6545,5.06
net6548,5.06
net6551,5.06
net6560,5.06
net6566,5.06
net6567,5.06
net6590,5.06
net6600,5.06
net6603,5.06
net6613,5.06
net6616,5.06
net6618,5.06
net6634,5.06
net6637,5.06
net6638,5.06
net6639,5.06
net6648,5.06
net6654,5.06
net6658,5.06
net6671,5.06
net6702,5.06
net6706,5.06
net6715,5.06
net6718,5.06
net6736,5.06
net6737,5.06
net6741,5.06
net6756,5.06
net6759,5.06
net6768,5.06
net6784,5.06
net6795,5.06
net6796,5.06
net6797,5.06
net6801,5.06
net6803,5.06
net6807,5.06
net6809,5.06
net6811,5.06
net6813,5.06
net6821,5.06
net6839,5.06
net6840,5.06
net6864,5.06
net6872,5.06
net6873,5.06
net6887,5.06
net6892,5.06
net6907,5.06
net6911,5.06
net6917,5.06
net6918,5.06
net6931,5.06
net6933,5.06
net6951,5.06
net6967,5.06
net6969,5.06
net6971,5.06
net6974,5.06
net6979,5.06
net6980,5.06
net6988,5.06
net7009,5.06
net7022,5.06
net7027,5.06
net7035,5.06
net7036,5.06
net7038,5.06
net7041,5.06
net7046,5.06
net7054,5.06
net7057,5.06
net7064,5.06
net7065,5.06
net7079,5.06
net7081,5.06
net7084,5.06
net7091,5.06
net7117,5.06
net7118,5.06
net7125,5.06
net7138,5.06
net7149,5.06
net7154,5.06
net7157,5.06
net7165,5.06
net7183,5.06
net7189,5.06
net7193,5.06
net7197,5.06
net7207,5.06
net7214,5.06
net7218,5.06
net7220,5.06
net7246,5.06
net7252,5.06
net7254,5.06
net7256,5.06
net7265,5.06
net7269,5.06
net7270,5.06
net7271,5.06
net7274,5.06
net7276,5.06
net7291,5.06
net7293,5.06
net7298,5.06
net7299,5.06
net7303,5.06
net7307,5.06
net7322,5.06
net7348,5.06
net7351,5.06
net7353,5.06
net7357,5.06
net7374,5.06
net7377,5.06
net7380,5.06
net7395,5.06
net7403,5.06
net7407,5.06
net7412,5.06
net7413,5.06
net7416,5.06
net7435,5.06
net7438,5.06
net7444,5.06
net7447,5.06
net7474,5.06
net7481,5.06
net7505,5.06
net7509,5.06
net7512,5.06
net7532,5.06
net7537,5.06
net7539,5.06
net7558,5.06
net7580,5.06
net7581,5.06
net7632,5.06
net7634,5.06
net7641,5.06
net7642,5.06
net7659,5.06
net7668,5.06
net7670,5.06
net7702,5.06
net7705,5.06
net7708,5.06
net7714,5.06
net7718,5.06
net7726,5.06
net7727,5.06
net7744,5.06
net7746,5.06
net7748,5.06
net7757,5.06
net7758,5.06
net7760,5.06
net7787,5.06
net7788,5.06
net7790,5.06
net7804,5.06
net7818,5.06
net7843,5.06
_00056_,5.045
_00476_,5.045
_00646_,5.045
_00795_,5.045
_00925_,5.045
_01052_,5.045
_01256_,5.045
_01603_,5.045
_01971_,5.045
_02196_,5.045
_02381_,5.045
_02985_,5.045
_03179_,5.045
_03272_,5.045
_03611_,5.045
_04109_,5.045
_04655_,5.045
_04700_,5.045
_04744_,5.045
_04900_,5.045
_05088_,5.045
_05144_,5.045
_05377_,5.045
_06033_,5.045
_06224_,5.045
_06290_,5.045
_06536_,5.045
_06625_,5.045
_06776_,5.045
_06958_,5.045
_06967_,5.045
_07390_,5.045
_23906_,5.045
_01528_,5.04
_01701_,5.04
_03155_,5.04
_05780_,5.04
_07266_,5.04
_07380_,5.04
_07409_,5.04
_20821_,5.04
_21052_,5.04
_22645_,5.04
_23994_,5.04
_24298_,5.04
_24764_,5.04
_25713_,5.04
_27176_,5.04
_29945_,5.04
_32598_,5.04
_37207_,5.04
_38404_,5.04
_44070_,5.04
scaled_scores\[40\]\[3\],5.04
net1135,5.04
net1380,5.04
net1625,5.04
net4027,5.04
net4469,5.04
net5603,5.04
net7198,5.04
_37726_,5.03
out\[36\]\[7\],5.025
q\[91\]\[6\],5.025
weights\[25\]\[1\],5.025
_03331_,5.02
_03333_,5.02
_04751_,5.02
_05822_,5.02
_07421_,5.02
_17768_,5.02
_19428_,5.02
_19458_,5.02
_19953_,5.02
_20089_,5.02
_20117_,5.02
_20163_,5.02
_21144_,5.02
_21435_,5.02
_21628_,5.02
_22145_,5.02
_22643_,5.02
_24900_,5.02
_25496_,5.02
_25593_,5.02
_26084_,5.02
_26186_,5.02
_26543_,5.02
_27349_,5.02
_27748_,5.02
_27976_,5.02
_28602_,5.02
_28962_,5.02
_29983_,5.02
_30583_,5.02
_31262_,5.02
_31973_,5.02
_32141_,5.02
_34243_,5.02
_35748_,5.02
_37509_,5.02
_38536_,5.02
_38689_,5.02
_39228_,5.02
_39663_,5.02
_39770_,5.02
_39907_,5.02
_40974_,5.02
_40994_,5.02
_41651_,5.02
_42776_,5.02
_43587_,5.02
k\[18\]\[1\],5.02
k\[37\]\[3\],5.02
k\[3\]\[4\],5.02
k\[45\]\[7\],5.02
k\[6\]\[1\],5.02
k\[87\]\[3\],5.02
out\[114\]\[6\],5.02
out\[119\]\[3\],5.02
out\[58\]\[3\],5.02
out\[62\]\[2\],5.02
q\[121\]\[1\],5.02
q\[32\]\[5\],5.02
q\[3\]\[6\],5.02
q\[41\]\[6\],5.02
q\[44\]\[1\],5.02
q\[96\]\[7\],5.02
scaled_scores\[29\]\[9\],5.02
v\[121\]\[7\],5.02
v\[36\]\[2\],5.02
v\[62\]\[6\],5.02
weights\[17\]\[5\],5.02
weights\[19\]\[3\],5.02
weights\[58\]\[5\],5.02
net1032,5.02
net4755,5.02
net4825,5.02
net7849,5.02
_02124_,5.015
_05438_,5.015
_05769_,5.015
_25787_,5.015
scaled_scores\[45\]\[4\],5.015
_21744_,5.01
_01356_,5.005
_01609_,5.005
_03157_,5.005
_03724_,5.005
_05003_,5.005
_07158_,5
_07196_,5
_07483_,5
_07520_,5
_12334_,5
_24750_,5
_27948_,5
_29585_,5
_31858_,5
_34233_,5
_39105_,5
k\[4\]\[6\],5
out\[78\]\[1\],5
net1312,5
k\[82\]\[0\],4.995
_00075_,4.985
_00634_,4.985
_00708_,4.985
_00781_,4.985
_02597_,4.985
_03271_,4.985
_03447_,4.985
_03614_,4.985
_03725_,4.985
_04329_,4.985
_04666_,4.985
_04932_,4.985
_05397_,4.985
_05424_,4.985
_06332_,4.985
_06440_,4.985
_03599_,4.98
_05477_,4.98
k\[53\]\[4\],4.98
v\[108\]\[4\],4.98
net2092,4.98
net2140,4.98
_00078_,4.975
_01057_,4.975
_01691_,4.975
_01931_,4.975
_02149_,4.975
_02356_,4.975
_02920_,4.975
_03019_,4.975
_03364_,4.975
_03406_,4.975
_03424_,4.975
_03495_,4.975
_04265_,4.975
_04910_,4.975
_05326_,4.975
_05662_,4.975
_05784_,4.975
_05804_,4.975
_05808_,4.975
_05919_,4.975
_06116_,4.975
_06133_,4.975
_06557_,4.975
_06833_,4.975
net3049,4.97
_00365_,4.965
_00993_,4.965
_01304_,4.965
_02460_,4.965
_03514_,4.965
_03554_,4.965
_06134_,4.965
_10486_,4.96
_15644_,4.96
_27893_,4.95
_35266_,4.95
matrix_sel[0],4.95
row_data[15],4.95
_01244_,4.945
_04592_,4.945
_04903_,4.945
_00231_,4.94
_02520_,4.94
_03000_,4.94
_08828_,4.94
_10903_,4.94
_13608_,4.94
_13688_,4.94
_16076_,4.94
_16108_,4.94
_16430_,4.94
_16517_,4.94
_16637_,4.94
_16815_,4.94
_16841_,4.94
_16853_,4.94
_16857_,4.94
_16949_,4.94
_17024_,4.94
_19737_,4.94
_19759_,4.94
_20608_,4.94
_20987_,4.94
_21087_,4.94
_21432_,4.94
_21633_,4.94
_21787_,4.94
_22021_,4.94
_22473_,4.94
_22603_,4.94
_23556_,4.94
_23691_,4.94
_23793_,4.94
_24147_,4.94
_24326_,4.94
_24557_,4.94
_25677_,4.94
_25696_,4.94
_26183_,4.94
_26189_,4.94
_27173_,4.94
_27860_,4.94
_27902_,4.94
_27992_,4.94
_28828_,4.94
_29516_,4.94
_30765_,4.94
_31140_,4.94
_31289_,4.94
_31463_,4.94
_31653_,4.94
_32003_,4.94
_32214_,4.94
_33669_,4.94
_34041_,4.94
_35298_,4.94
_35650_,4.94
_36920_,4.94
_37121_,4.94
_37295_,4.94
_37468_,4.94
_37473_,4.94
_37554_,4.94
_38041_,4.94
_38060_,4.94
_38152_,4.94
_38430_,4.94
_38646_,4.94
_38663_,4.94
_39173_,4.94
_39892_,4.94
_40389_,4.94
_40404_,4.94
_40438_,4.94
_40565_,4.94
_41848_,4.94
_41967_,4.94
_42021_,4.94
_42692_,4.94
_43384_,4.94
_43469_,4.94
out\[116\]\[5\],4.94
out\[25\]\[0\],4.94
out\[88\]\[1\],4.94
out\[94\]\[6\],4.94
raw_scores\[11\]\[3\],4.94
raw_scores\[11\]\[7\],4.94
raw_scores\[13\]\[3\],4.94
raw_scores\[17\]\[11\],4.94
raw_scores\[18\]\[6\],4.94
raw_scores\[22\]\[6\],4.94
raw_scores\[30\]\[12\],4.94
raw_scores\[32\]\[10\],4.94
raw_scores\[33\]\[12\],4.94
raw_scores\[33\]\[17\],4.94
raw_scores\[36\]\[6\],4.94
raw_scores\[42\]\[2\],4.94
raw_scores\[42\]\[3\],4.94
raw_scores\[44\]\[5\],4.94
raw_scores\[47\]\[3\],4.94
raw_scores\[4\]\[17\],4.94
raw_scores\[51\]\[12\],4.94
raw_scores\[56\]\[17\],4.94
raw_scores\[56\]\[19\],4.94
raw_scores\[57\]\[4\],4.94
raw_scores\[60\]\[11\],4.94
raw_scores\[60\]\[7\],4.94
raw_scores\[9\]\[11\],4.94
net1146,4.94
net1946,4.94
net2482,4.94
net2498,4.94
net2686,4.94
net3544,4.94
net4322,4.94
_05879_,4.935
_00045_,4.925
_00824_,4.925
_01352_,4.925
_05517_,4.925
_35490_,4.925
_35523_,4.925
scaled_scores\[43\]\[9\],4.925
_00121_,4.92
_00195_,4.92
_07195_,4.92
_07223_,4.92
_07255_,4.92
_07332_,4.92
_07619_,4.92
_08001_,4.92
_08010_,4.92
_08669_,4.92
_08692_,4.92
_08718_,4.92
_08749_,4.92
_08931_,4.92
_09004_,4.92
_09077_,4.92
_10395_,4.92
_10533_,4.92
_10598_,4.92
_10697_,4.92
_11003_,4.92
_11663_,4.92
_11676_,4.92
_11961_,4.92
_12166_,4.92
_12194_,4.92
_12207_,4.92
_12248_,4.92
_12259_,4.92
_12287_,4.92
_12379_,4.92
_12456_,4.92
_12457_,4.92
_12498_,4.92
_12512_,4.92
_12515_,4.92
_12517_,4.92
_12558_,4.92
_12579_,4.92
_12674_,4.92
_12677_,4.92
_12719_,4.92
_12758_,4.92
_12789_,4.92
_12864_,4.92
_12871_,4.92
_12942_,4.92
_12956_,4.92
_12990_,4.92
_13009_,4.92
_13123_,4.92
_13719_,4.92
_13863_,4.92
_14040_,4.92
_14437_,4.92
_14609_,4.92
_14838_,4.92
_14900_,4.92
_14901_,4.92
_14928_,4.92
_14993_,4.92
_15053_,4.92
_15284_,4.92
_15340_,4.92
_15347_,4.92
_15417_,4.92
_15500_,4.92
_15530_,4.92
_15771_,4.92
_15805_,4.92
_15827_,4.92
_15867_,4.92
_15914_,4.92
_15925_,4.92
_15963_,4.92
_16016_,4.92
_16020_,4.92
_16241_,4.92
_16271_,4.92
_16307_,4.92
_16334_,4.92
_16445_,4.92
_16537_,4.92
_16576_,4.92
_16680_,4.92
_16713_,4.92
_16800_,4.92
_16827_,4.92
_16859_,4.92
_16919_,4.92
_16933_,4.92
_16971_,4.92
_17082_,4.92
_17102_,4.92
_17118_,4.92
_17129_,4.92
_17257_,4.92
_17268_,4.92
_17287_,4.92
_17297_,4.92
_17350_,4.92
_17356_,4.92
_17362_,4.92
_17364_,4.92
_17462_,4.92
_17482_,4.92
_17590_,4.92
_17749_,4.92
_17756_,4.92
_17761_,4.92
_17864_,4.92
_18091_,4.92
_18143_,4.92
_18209_,4.92
_18239_,4.92
_18251_,4.92
_18255_,4.92
_18291_,4.92
_18434_,4.92
_18441_,4.92
_18684_,4.92
_18685_,4.92
_18764_,4.92
_18771_,4.92
_18819_,4.92
_18848_,4.92
_18901_,4.92
_19355_,4.92
_20326_,4.92
_20338_,4.92
_21544_,4.92
_21563_,4.92
_21729_,4.92
_21768_,4.92
_23001_,4.92
_23012_,4.92
_23151_,4.92
_23533_,4.92
_23662_,4.92
_24281_,4.92
_24609_,4.92
_25690_,4.92
_25942_,4.92
_25953_,4.92
_26055_,4.92
_26330_,4.92
_26745_,4.92
_28290_,4.92
_28392_,4.92
_29094_,4.92
_29331_,4.92
_29643_,4.92
_30125_,4.92
_30220_,4.92
_30661_,4.92
_31089_,4.92
_31302_,4.92
_31523_,4.92
_31786_,4.92
_32078_,4.92
_32470_,4.92
_32589_,4.92
_33863_,4.92
_33970_,4.92
_34135_,4.92
_34245_,4.92
_34254_,4.92
_34697_,4.92
_35363_,4.92
_37448_,4.92
_37582_,4.92
_37784_,4.92
_38267_,4.92
_38662_,4.92
_38831_,4.92
_39161_,4.92
_39218_,4.92
_39278_,4.92
_39625_,4.92
_40065_,4.92
_40147_,4.92
_40217_,4.92
_40487_,4.92
_40655_,4.92
_41280_,4.92
_41405_,4.92
_41429_,4.92
_41434_,4.92
_41495_,4.92
_41497_,4.92
_41605_,4.92
_42191_,4.92
_42765_,4.92
_43074_,4.92
_43432_,4.92
_43556_,4.92
_43569_,4.92
k\[30\]\[7\],4.92
k\[85\]\[4\],4.92
out\[15\]\[6\],4.92
out\[16\]\[3\],4.92
out\[21\]\[7\],4.92
out\[2\]\[0\],4.92
out\[4\]\[0\],4.92
out\[50\]\[3\],4.92
out\[65\]\[4\],4.92
out\[6\]\[4\],4.92
out\[79\]\[6\],4.92
out\[83\]\[2\],4.92
q\[14\]\[6\],4.92
q\[5\]\[6\],4.92
q\[7\]\[7\],4.92
raw_scores\[10\]\[17\],4.92
raw_scores\[28\]\[4\],4.92
raw_scores\[2\]\[19\],4.92
raw_scores\[31\]\[15\],4.92
raw_scores\[36\]\[15\],4.92
raw_scores\[37\]\[11\],4.92
raw_scores\[41\]\[4\],4.92
raw_scores\[42\]\[9\],4.92
raw_scores\[46\]\[15\],4.92
raw_scores\[4\]\[15\],4.92
raw_scores\[52\]\[7\],4.92
raw_scores\[55\]\[13\],4.92
raw_scores\[58\]\[18\],4.92
raw_scores\[59\]\[12\],4.92
raw_scores\[59\]\[9\],4.92
raw_scores\[63\]\[12\],4.92
raw_scores\[6\]\[5\],4.92
raw_scores\[9\]\[8\],4.92
scaled_scores\[38\]\[11\],4.92
scaled_scores\[53\]\[14\],4.92
scaled_scores\[5\]\[8\],4.92
v\[119\]\[0\],4.92
net867,4.92
net931,4.92
net1066,4.92
net1158,4.92
net1281,4.92
net1337,4.92
net1869,4.92
net2012,4.92
net2044,4.92
net2195,4.92
net2197,4.92
net2224,4.92
net2293,4.92
net2485,4.92
net2489,4.92
net3524,4.92
net3725,4.92
net3895,4.92
net4149,4.92
net5226,4.92
net5706,4.92
net6163,4.92
net6422,4.92
net6628,4.92
net7179,4.92
net7294,4.92
net7823,4.92
q\[81\]\[7\],4.905
_04667_,4.9
_05802_,4.9
_06553_,4.9
_07981_,4.9
_11747_,4.9
_12904_,4.9
_13553_,4.9
_14899_,4.9
_18181_,4.9
_19300_,4.9
_20313_,4.9
_21632_,4.9
_29208_,4.9
_29262_,4.9
_29673_,4.9
_32341_,4.9
_33569_,4.9
_34127_,4.9
_37429_,4.9
_37548_,4.9
_39440_,4.9
_40047_,4.9
_40495_,4.9
_41226_,4.9
_42314_,4.9
_42594_,4.9
_42788_,4.9
_42799_,4.9
k\[12\]\[7\],4.9
k\[15\]\[3\],4.9
k\[66\]\[1\],4.9
out\[14\]\[6\],4.9
out\[15\]\[4\],4.9
out\[25\]\[5\],4.9
out\[6\]\[5\],4.9
out\[78\]\[4\],4.9
q\[33\]\[3\],4.9
raw_scores\[33\]\[6\],4.9
raw_scores\[34\]\[2\],4.9
raw_scores\[43\]\[4\],4.9
raw_scores\[50\]\[13\],4.9
scaled_scores\[4\]\[0\],4.9
v\[73\]\[6\],4.9
v\[9\]\[3\],4.9
weights\[1\]\[4\],4.9
net2332,4.9
_03871_,4.895
_07048_,4.895
_24781_,4.895
q\[87\]\[4\],4.895
_08149_,4.89
_13045_,4.89
_00499_,4.885
_00630_,4.885
_01378_,4.885
_01447_,4.885
_01574_,4.885
_01860_,4.885
_02527_,4.885
_02679_,4.885
_02937_,4.885
_03369_,4.885
_03571_,4.885
_03902_,4.885
_04324_,4.885
_04437_,4.885
_04988_,4.885
_05048_,4.885
_05079_,4.885
_05677_,4.885
_05767_,4.885
_05776_,4.885
_05812_,4.885
_05843_,4.885
_05871_,4.885
_06431_,4.885
_06682_,4.885
_06787_,4.885
_07321_,4.88
_07463_,4.88
_07622_,4.88
_08013_,4.88
_09923_,4.88
_10122_,4.88
_10692_,4.88
_10742_,4.88
_10750_,4.88
_11474_,4.88
_11702_,4.88
_11931_,4.88
_11955_,4.88
_11976_,4.88
_12017_,4.88
_12048_,4.88
_12234_,4.88
_12293_,4.88
_12430_,4.88
_12461_,4.88
_12562_,4.88
_12590_,4.88
_12635_,4.88
_12774_,4.88
_12831_,4.88
_12848_,4.88
_12917_,4.88
_12954_,4.88
_12958_,4.88
_12981_,4.88
_13091_,4.88
_13121_,4.88
_13250_,4.88
_14108_,4.88
_14699_,4.88
_14987_,4.88
_15109_,4.88
_15220_,4.88
_15547_,4.88
_15835_,4.88
_16074_,4.88
_16125_,4.88
_16138_,4.88
_16145_,4.88
_16165_,4.88
_16230_,4.88
_16300_,4.88
_16328_,4.88
_16357_,4.88
_16405_,4.88
_16408_,4.88
_16413_,4.88
_16458_,4.88
_16496_,4.88
_16559_,4.88
_16589_,4.88
_16625_,4.88
_16630_,4.88
_16718_,4.88
_16744_,4.88
_16753_,4.88
_16812_,4.88
_16820_,4.88
_16901_,4.88
_17195_,4.88
_17813_,4.88
_17948_,4.88
_18276_,4.88
_18278_,4.88
_18397_,4.88
_18435_,4.88
_18652_,4.88
_18697_,4.88
_19765_,4.88
_20375_,4.88
_21641_,4.88
_22149_,4.88
_22386_,4.88
_22445_,4.88
_22571_,4.88
_23249_,4.88
_23276_,4.88
_23279_,4.88
_23476_,4.88
_23594_,4.88
_23640_,4.88
_24651_,4.88
_24869_,4.88
_25063_,4.88
_25529_,4.88
_26051_,4.88
_27316_,4.88
_28084_,4.88
_28500_,4.88
_28775_,4.88
_28991_,4.88
_29087_,4.88
_29522_,4.88
_29556_,4.88
_30080_,4.88
_30252_,4.88
_30367_,4.88
_30748_,4.88
_32931_,4.88
_33549_,4.88
_34239_,4.88
_34453_,4.88
_35432_,4.88
_35545_,4.88
_35596_,4.88
_36113_,4.88
_37154_,4.88
_37426_,4.88
_37652_,4.88
_38139_,4.88
_38429_,4.88
_38580_,4.88
_38861_,4.88
_39298_,4.88
_40237_,4.88
_40801_,4.88
_41577_,4.88
_42198_,4.88
_42540_,4.88
_43211_,4.88
_43620_,4.88
_43990_,4.88
out\[19\]\[1\],4.88
out\[65\]\[6\],4.88
out\[89\]\[2\],4.88
out\[91\]\[7\],4.88
out\[93\]\[5\],4.88
q\[126\]\[3\],4.88
raw_scores\[10\]\[8\],4.88
raw_scores\[11\]\[17\],4.88
raw_scores\[14\]\[11\],4.88
raw_scores\[14\]\[15\],4.88
raw_scores\[14\]\[9\],4.88
raw_scores\[16\]\[11\],4.88
raw_scores\[18\]\[18\],4.88
raw_scores\[1\]\[11\],4.88
raw_scores\[20\]\[8\],4.88
raw_scores\[21\]\[7\],4.88
raw_scores\[24\]\[16\],4.88
raw_scores\[28\]\[9\],4.88
raw_scores\[33\]\[2\],4.88
raw_scores\[34\]\[6\],4.88
raw_scores\[36\]\[19\],4.88
raw_scores\[42\]\[12\],4.88
raw_scores\[44\]\[9\],4.88
raw_scores\[50\]\[12\],4.88
raw_scores\[50\]\[3\],4.88
raw_scores\[56\]\[5\],4.88
raw_scores\[56\]\[6\],4.88
raw_scores\[58\]\[6\],4.88
raw_scores\[59\]\[11\],4.88
raw_scores\[7\]\[7\],4.88
scaled_scores\[57\]\[6\],4.88
net342,4.88
net2172,4.88
net2187,4.88
net3379,4.88
net5169,4.88
_01553_,4.865
_05260_,4.865
_05263_,4.865
_05539_,4.865
_05616_,4.865
_05868_,4.865
_06070_,4.865
k\[59\]\[3\],4.86
_29170_,4.855
_00006_,4.845
_00044_,4.845
_00312_,4.845
_00471_,4.845
_00530_,4.845
_00551_,4.845
_00626_,4.845
_00700_,4.845
_00961_,4.845
_01086_,4.845
_01164_,4.845
_01286_,4.845
_01349_,4.845
_01367_,4.845
_01481_,4.845
_01485_,4.845
_01543_,4.845
_01667_,4.845
_01693_,4.845
_01877_,4.845
_01920_,4.845
_02855_,4.845
_02923_,4.845
_03015_,4.845
_03143_,4.845
_03172_,4.845
_03386_,4.845
_03555_,4.845
_03592_,4.845
_04065_,4.845
_04396_,4.845
_04538_,4.845
_04539_,4.845
_04620_,4.845
_04783_,4.845
_04806_,4.845
_04963_,4.845
_05037_,4.845
_05240_,4.845
_05447_,4.845
_05453_,4.845
_05464_,4.845
_05504_,4.845
_05560_,4.845
_05819_,4.845
_05914_,4.845
_06190_,4.845
_06241_,4.845
_06278_,4.845
_06384_,4.845
_06397_,4.845
_06472_,4.845
_06743_,4.845
_06786_,4.845
_38307_,4.845
_00376_,4.82
_02060_,4.82
_02501_,4.82
_02736_,4.82
_04236_,4.82
_05103_,4.82
_06174_,4.82
_07473_,4.82
_07489_,4.82
_07983_,4.82
_08129_,4.82
_08528_,4.82
_08725_,4.82
_10646_,4.82
_11347_,4.82
_11568_,4.82
_12468_,4.82
_12722_,4.82
_12985_,4.82
_13152_,4.82
_13186_,4.82
_13841_,4.82
_14090_,4.82
_14169_,4.82
_14239_,4.82
_14414_,4.82
_14826_,4.82
_14919_,4.82
_14927_,4.82
_15141_,4.82
_15450_,4.82
_15743_,4.82
_15773_,4.82
_16134_,4.82
_16324_,4.82
_16495_,4.82
_17196_,4.82
_17323_,4.82
_17846_,4.82
_18034_,4.82
_18253_,4.82
_18464_,4.82
_18478_,4.82
_18538_,4.82
_18704_,4.82
_18759_,4.82
_19335_,4.82
_19365_,4.82
_19475_,4.82
_19650_,4.82
_19934_,4.82
_20159_,4.82
_20225_,4.82
_20676_,4.82
_21188_,4.82
_21908_,4.82
_22431_,4.82
_22439_,4.82
_23064_,4.82
_23148_,4.82
_23821_,4.82
_24106_,4.82
_24275_,4.82
_25445_,4.82
_25539_,4.82
_25821_,4.82
_26557_,4.82
_26702_,4.82
_27341_,4.82
_27389_,4.82
_27566_,4.82
_27966_,4.82
_28983_,4.82
_29068_,4.82
_29095_,4.82
_29691_,4.82
_30699_,4.82
_31325_,4.82
_31444_,4.82
_31454_,4.82
_31818_,4.82
_31923_,4.82
_32011_,4.82
_33435_,4.82
_35376_,4.82
_35693_,4.82
_36840_,4.82
_37001_,4.82
_37260_,4.82
_38793_,4.82
_40585_,4.82
_41810_,4.82
_41958_,4.82
_42299_,4.82
_42654_,4.82
_43008_,4.82
_43039_,4.82
_43352_,4.82
k\[112\]\[2\],4.82
k\[112\]\[5\],4.82
k\[22\]\[4\],4.82
k\[91\]\[6\],4.82
k\[93\]\[7\],4.82
k\[94\]\[7\],4.82
out\[13\]\[6\],4.82
out\[21\]\[0\],4.82
out\[24\]\[5\],4.82
out\[27\]\[0\],4.82
out\[28\]\[7\],4.82
out\[30\]\[0\],4.82
out\[30\]\[3\],4.82
out\[31\]\[2\],4.82
out\[64\]\[6\],4.82
out\[9\]\[0\],4.82
q\[12\]\[4\],4.82
q\[17\]\[1\],4.82
q\[6\]\[0\],4.82
scaled_scores\[28\]\[9\],4.82
scaled_scores\[30\]\[13\],4.82
scaled_scores\[3\]\[8\],4.82
scaled_scores\[48\]\[15\],4.82
scaled_scores\[51\]\[17\],4.82
scaled_scores\[52\]\[10\],4.82
scaled_scores\[7\]\[17\],4.82
v\[19\]\[6\],4.82
v\[51\]\[7\],4.82
v\[55\]\[1\],4.82
v\[75\]\[0\],4.82
v\[75\]\[4\],4.82
v\[91\]\[5\],4.82
weights\[1\]\[1\],4.82
weights\[1\]\[3\],4.82
weights\[23\]\[7\],4.82
weights\[5\]\[4\],4.82
weights\[7\]\[4\],4.82
_00707_,4.805
_02506_,4.805
_02596_,4.805
_03335_,4.805
_05542_,4.805
_05702_,4.805
_05785_,4.805
_05844_,4.805
_06039_,4.805
_07298_,4.8
_07642_,4.8
_08061_,4.8
_08639_,4.8
_08717_,4.8
_08948_,4.8
_08976_,4.8
_09178_,4.8
_09712_,4.8
_09977_,4.8
_10013_,4.8
_10177_,4.8
_10258_,4.8
_10322_,4.8
_10478_,4.8
_10505_,4.8
_10540_,4.8
_10602_,4.8
_10614_,4.8
_11103_,4.8
_11261_,4.8
_11389_,4.8
_11446_,4.8
_11497_,4.8
_11612_,4.8
_11619_,4.8
_11691_,4.8
_11701_,4.8
_11861_,4.8
_12093_,4.8
_12137_,4.8
_12279_,4.8
_12282_,4.8
_12283_,4.8
_12319_,4.8
_12393_,4.8
_12580_,4.8
_13003_,4.8
_13057_,4.8
_13195_,4.8
_13732_,4.8
_13799_,4.8
_13880_,4.8
_13991_,4.8
_14597_,4.8
_14777_,4.8
_14804_,4.8
_14808_,4.8
_14905_,4.8
_14935_,4.8
_15010_,4.8
_15037_,4.8
_15108_,4.8
_15253_,4.8
_15342_,4.8
_15428_,4.8
_15447_,4.8
_15451_,4.8
_15465_,4.8
_15492_,4.8
_15525_,4.8
_15578_,4.8
_15639_,4.8
_15766_,4.8
_15862_,4.8
_15899_,4.8
_16030_,4.8
_16046_,4.8
_16189_,4.8
_16550_,4.8
_16601_,4.8
_16758_,4.8
_16792_,4.8
_17051_,4.8
_17190_,4.8
_17288_,4.8
_17445_,4.8
_17502_,4.8
_18038_,4.8
_18089_,4.8
_18164_,4.8
_18205_,4.8
_18279_,4.8
_18384_,4.8
_18452_,4.8
_18471_,4.8
_18570_,4.8
_18722_,4.8
_18871_,4.8
_18915_,4.8
_18998_,4.8
_19029_,4.8
_19080_,4.8
_19115_,4.8
_19656_,4.8
_20244_,4.8
_20438_,4.8
_20479_,4.8
_20551_,4.8
_20556_,4.8
_20863_,4.8
_21085_,4.8
_21449_,4.8
_21513_,4.8
_21589_,4.8
_21614_,4.8
_21659_,4.8
_21715_,4.8
_21839_,4.8
_21874_,4.8
_22218_,4.8
_22235_,4.8
_22383_,4.8
_23111_,4.8
_23492_,4.8
_23527_,4.8
_23709_,4.8
_23711_,4.8
_23743_,4.8
_23877_,4.8
_24085_,4.8
_24471_,4.8
_24512_,4.8
_24600_,4.8
_25093_,4.8
_25116_,4.8
_25190_,4.8
_25252_,4.8
_25280_,4.8
_25729_,4.8
_25965_,4.8
_26772_,4.8
_26777_,4.8
_26789_,4.8
_27049_,4.8
_27223_,4.8
_27808_,4.8
_27986_,4.8
_28152_,4.8
_28255_,4.8
_28320_,4.8
_28811_,4.8
_28996_,4.8
_29197_,4.8
_29265_,4.8
_29495_,4.8
_29620_,4.8
_29706_,4.8
_30022_,4.8
_30268_,4.8
_30391_,4.8
_30697_,4.8
_30708_,4.8
_30785_,4.8
_31136_,4.8
_31241_,4.8
_31627_,4.8
_31704_,4.8
_31842_,4.8
_32137_,4.8
_32158_,4.8
_32404_,4.8
_33000_,4.8
_33587_,4.8
_34126_,4.8
_34215_,4.8
_34689_,4.8
_34702_,4.8
_35301_,4.8
_35635_,4.8
_35651_,4.8
_35690_,4.8
_35694_,4.8
_36499_,4.8
_36790_,4.8
_37042_,4.8
_37057_,4.8
_37385_,4.8
_38081_,4.8
_38153_,4.8
_38813_,4.8
_39068_,4.8
_39443_,4.8
_39659_,4.8
_40109_,4.8
_40577_,4.8
_41113_,4.8
_41404_,4.8
_42023_,4.8
_42217_,4.8
_42357_,4.8
_43207_,4.8
_43791_,4.8
_43828_,4.8
_43876_,4.8
_44145_,4.8
out\[19\]\[7\],4.8
out\[32\]\[2\],4.8
out\[69\]\[3\],4.8
out\[73\]\[7\],4.8
q\[100\]\[5\],4.8
q\[42\]\[3\],4.8
raw_scores\[5\]\[4\],4.8
raw_scores\[61\]\[2\],4.8
scaled_scores\[55\]\[13\],4.8
v\[110\]\[1\],4.8
v\[73\]\[1\],4.8
v\[78\]\[3\],4.8
v\[88\]\[5\],4.8
weights\[12\]\[0\],4.8
weights\[17\]\[7\],4.8
weights\[23\]\[1\],4.8
net875,4.8
net1086,4.8
net1241,4.8
net1262,4.8
net1491,4.8
net1580,4.8
net1659,4.8
net1782,4.8
net2241,4.8
net2302,4.8
net2662,4.8
net3089,4.8
net3265,4.8
net3447,4.8
net3513,4.8
net3921,4.8
net4045,4.8
net4230,4.8
net4258,4.8
net4590,4.8
net4743,4.8
net4954,4.8
net5053,4.8
net5085,4.8
net5227,4.8
net5411,4.8
net5963,4.8
net6222,4.8
net6842,4.8
net7042,4.8
net7045,4.8
net7187,4.8
net7191,4.8
net7615,4.8
_01122_,4.785
_01566_,4.785
_02788_,4.785
_04178_,4.785
_01273_,4.78
_03072_,4.78
_04816_,4.78
_05538_,4.78
_05815_,4.78
_05888_,4.78
_16627_,4.78
_16675_,4.78
_16793_,4.78
_19368_,4.78
_21020_,4.78
_24091_,4.78
_27645_,4.78
_32369_,4.78
_34542_,4.78
_35429_,4.78
_38080_,4.78
_38174_,4.78
_38317_,4.78
_38647_,4.78
_39072_,4.78
_39183_,4.78
_40964_,4.78
_44191_,4.78
net7711,4.78
_09815_,4.77
out\[35\]\[5\],4.765
q\[64\]\[3\],4.765
_08116_,4.76
_08674_,4.76
_09938_,4.76
_10105_,4.76
_10230_,4.76
_10394_,4.76
_10671_,4.76
_11005_,4.76
_11489_,4.76
_11668_,4.76
_11896_,4.76
_12013_,4.76
_12020_,4.76
_12026_,4.76
_12330_,4.76
_12403_,4.76
_12481_,4.76
_12492_,4.76
_12550_,4.76
_12565_,4.76
_12575_,4.76
_12628_,4.76
_12995_,4.76
_14546_,4.76
_14552_,4.76
_14573_,4.76
_14669_,4.76
_14772_,4.76
_14865_,4.76
_14984_,4.76
_15021_,4.76
_15069_,4.76
_15213_,4.76
_15464_,4.76
_15599_,4.76
_15645_,4.76
_15751_,4.76
_15847_,4.76
_16047_,4.76
_16818_,4.76
_17056_,4.76
_17126_,4.76
_17262_,4.76
_17491_,4.76
_17580_,4.76
_17659_,4.76
_18113_,4.76
_18389_,4.76
_18444_,4.76
_18475_,4.76
_18571_,4.76
_18606_,4.76
_18706_,4.76
_18709_,4.76
_18873_,4.76
_18938_,4.76
_19543_,4.76
_19565_,4.76
_19611_,4.76
_20248_,4.76
_20917_,4.76
_20919_,4.76
_21854_,4.76
_22711_,4.76
_22877_,4.76
_23059_,4.76
_23873_,4.76
_23891_,4.76
_27856_,4.76
_28593_,4.76
_29083_,4.76
_29147_,4.76
_30976_,4.76
_32399_,4.76
_33496_,4.76
_33679_,4.76
_34739_,4.76
_35365_,4.76
_36707_,4.76
_38421_,4.76
_38612_,4.76
_38766_,4.76
_39359_,4.76
_41082_,4.76
_42271_,4.76
out\[30\]\[1\],4.76
out\[85\]\[6\],4.76
_00917_,4.755
_02580_,4.755
_03816_,4.755
_05757_,4.755
_05894_,4.755
_06331_,4.755
_06538_,4.755
_02200_,4.745
_43121_,4.74
out_row_data[100],4.73
_00082_,4.725
_00733_,4.725
_01896_,4.725
_03557_,4.725
_04979_,4.725
_06586_,4.725
_07368_,4.725
_00716_,4.72
_00807_,4.72
_00851_,4.72
_01296_,4.72
_01299_,4.72
_01373_,4.72
_02560_,4.72
_02670_,4.72
_02759_,4.72
_02857_,4.72
_03339_,4.72
_03989_,4.72
_04121_,4.72
_04137_,4.72
_04276_,4.72
_04387_,4.72
_04778_,4.72
_05026_,4.72
_05687_,4.72
_06113_,4.72
_06209_,4.72
_06449_,4.72
_06537_,4.72
_11524_,4.72
_15123_,4.72
_15335_,4.72
_42850_,4.72
_34997_,4.71
_01257_,4.705
_00085_,4.7
_00259_,4.7
_00295_,4.7
_00352_,4.7
_00578_,4.7
_00603_,4.7
_00790_,4.7
_01267_,4.7
_01303_,4.7
_01482_,4.7
_01556_,4.7
_01652_,4.7
_01686_,4.7
_02331_,4.7
_02570_,4.7
_02583_,4.7
_02655_,4.7
_02768_,4.7
_02930_,4.7
_02998_,4.7
_03097_,4.7
_03314_,4.7
_03702_,4.7
_03862_,4.7
_04111_,4.7
_04317_,4.7
_04523_,4.7
_04603_,4.7
_04628_,4.7
_04681_,4.7
_04719_,4.7
_04720_,4.7
_04841_,4.7
_04848_,4.7
_04875_,4.7
_05014_,4.7
_05020_,4.7
_05025_,4.7
_05211_,4.7
_05229_,4.7
_05310_,4.7
_05329_,4.7
_05718_,4.7
_05741_,4.7
_05852_,4.7
_05917_,4.7
_06114_,4.7
_06215_,4.7
_06222_,4.7
_06294_,4.7
_06393_,4.7
_06398_,4.7
_06696_,4.7
_06704_,4.7
_13844_,4.7
_14187_,4.7
_18465_,4.7
_19750_,4.7
_20738_,4.7
_24030_,4.7
_30731_,4.7
_33650_,4.7
_36955_,4.7
_36973_,4.7
_37459_,4.7
_42687_,4.7
_42779_,4.7
net2419,4.7
net2873,4.7
net3223,4.7
net3224,4.7
net3380,4.7
net3598,4.7
net3898,4.7
net3996,4.7
net4160,4.7
net4187,4.7
net4390,4.7
net4471,4.7
net4550,4.7
net4574,4.7
net4740,4.7
net4855,4.7
net4945,4.7
net5003,4.7
net5198,4.7
net5208,4.7
net5212,4.7
net5389,4.7
net5472,4.7
net5686,4.7
net5787,4.7
net5840,4.7
net6267,4.7
net6309,4.7
net6447,4.7
net6601,4.7
net6666,4.7
net6963,4.7
net6986,4.7
net7021,4.7
net7468,4.7
net7528,4.7
net7730,4.7
net7766,4.7
net7773,4.7
_00649_,4.695
_03342_,4.695
_05876_,4.695
scaled_scores\[43\]\[3\],4.685
_01654_,4.68
_07888_,4.68
_08590_,4.68
_08642_,4.68
_08644_,4.68
_10600_,4.68
_11419_,4.68
_12030_,4.68
_12276_,4.68
_12989_,4.68
_13094_,4.68
_13303_,4.68
_14857_,4.68
_15136_,4.68
_17913_,4.68
_19522_,4.68
_19621_,4.68
_20067_,4.68
_21407_,4.68
_22548_,4.68
_23446_,4.68
_24028_,4.68
_24219_,4.68
_25352_,4.68
_25527_,4.68
_26379_,4.68
_26587_,4.68
_27463_,4.68
_28024_,4.68
_28393_,4.68
_28854_,4.68
_29033_,4.68
_29071_,4.68
_29296_,4.68
_30081_,4.68
_30083_,4.68
_30174_,4.68
_31070_,4.68
_32108_,4.68
_32215_,4.68
_32596_,4.68
_32716_,4.68
_32756_,4.68
_34152_,4.68
_34257_,4.68
_34850_,4.68
_37428_,4.68
_37645_,4.68
_37736_,4.68
_38255_,4.68
_38274_,4.68
_39224_,4.68
_39347_,4.68
_39605_,4.68
_40113_,4.68
_40936_,4.68
_40986_,4.68
_41009_,4.68
_41104_,4.68
_41487_,4.68
_42071_,4.68
_42259_,4.68
_42395_,4.68
_42944_,4.68
_42988_,4.68
_43153_,4.68
_43230_,4.68
_43393_,4.68
_43789_,4.68
k\[17\]\[0\],4.68
out\[52\]\[6\],4.68
q\[14\]\[0\],4.68
q\[30\]\[7\],4.68
q\[40\]\[7\],4.68
raw_scores\[50\]\[14\],4.68
scaled_scores\[16\]\[8\],4.68
scaled_scores\[62\]\[16\],4.68
v\[100\]\[3\],4.68
v\[119\]\[3\],4.68
v\[56\]\[0\],4.68
v\[68\]\[3\],4.68
v\[91\]\[1\],4.68
net1140,4.68
net2726,4.68
net4374,4.68
net4781,4.68
net4967,4.68
net5432,4.68
net7501,4.68
net7587,4.68
_00659_,4.675
_03982_,4.675
_04170_,4.675
_04815_,4.675
_06168_,4.675
_17483_,4.675
_07337_,4.66
_13116_,4.66
_14681_,4.66
_14897_,4.66
_15624_,4.66
_20511_,4.66
_28831_,4.66
_31560_,4.66
_33043_,4.66
_36237_,4.66
_43504_,4.66
out\[92\]\[0\],4.66
q\[68\]\[5\],4.66
net2745,4.66
net3936,4.66
net6349,4.66
net7153,4.66
net7735,4.66
_00439_,4.655
_00855_,4.655
_03535_,4.655
_20548_,4.64
_00414_,4.635
_00434_,4.635
_01392_,4.635
_02941_,4.635
_03135_,4.635
_04233_,4.635
_05857_,4.635
_06229_,4.635
_06233_,4.635
_21288_,4.635
k\[62\]\[5\],4.635
_08136_,4.63
_00064_,4.625
_00254_,4.625
_00338_,4.625
_00357_,4.625
_00385_,4.625
_00386_,4.625
_00565_,4.625
_00967_,4.625
_01098_,4.625
_01623_,4.625
_01692_,4.625
_01708_,4.625
_01941_,4.625
_01981_,4.625
_02001_,4.625
_02017_,4.625
_02023_,4.625
_02112_,4.625
_02201_,4.625
_02240_,4.625
_02275_,4.625
_02346_,4.625
_03233_,4.625
_03523_,4.625
_03538_,4.625
_03634_,4.625
_03795_,4.625
_03804_,4.625
_03883_,4.625
_04058_,4.625
_04281_,4.625
_04409_,4.625
_05035_,4.625
_05551_,4.625
_06068_,4.625
_06480_,4.625
_06511_,4.625
_06541_,4.625
_06912_,4.625
_07007_,4.625
_00796_,4.605
_01361_,4.605
_01992_,4.605
_02813_,4.605
_02826_,4.605
_04876_,4.605
_05183_,4.6
_08437_,4.6
_13330_,4.6
_13383_,4.6
_13871_,4.6
_26847_,4.6
_28470_,4.6
_32074_,4.6
_32904_,4.6
_33074_,4.6
_33716_,4.6
_35799_,4.6
_37525_,4.6
_38781_,4.6
net1221,4.6
net1296,4.6
net1743,4.6
net4673,4.6
net4963,4.6
net7701,4.6
net7785,4.6
net7830,4.6
net7856,4.6
net7877,4.6
_00060_,4.585
_00397_,4.585
_00428_,4.585
_00600_,4.585
_00889_,4.585
_01461_,4.585
_01754_,4.585
_01890_,4.585
_02047_,4.585
_02075_,4.585
_02472_,4.585
_03005_,4.585
_03194_,4.585
_03351_,4.585
_03390_,4.585
_03737_,4.585
_03807_,4.585
_03826_,4.585
_03900_,4.585
_04038_,4.585
_04043_,4.585
_04421_,4.585
_04495_,4.585
_05407_,4.585
_05639_,4.585
_05890_,4.585
_05898_,4.585
_05951_,4.585
_06069_,4.585
_06275_,4.585
_06322_,4.585
_06383_,4.585
_06445_,4.585
_06629_,4.585
_06834_,4.585
_06952_,4.585
_02019_,4.58
_06471_,4.58
_07033_,4.58
_07141_,4.58
_07200_,4.58
_07237_,4.58
_07367_,4.58
_07376_,4.58
_07406_,4.58
_07413_,4.58
_07456_,4.58
_09291_,4.58
_19489_,4.58
_19784_,4.58
_20434_,4.58
_29091_,4.58
_30057_,4.58
_30134_,4.58
_30351_,4.58
_31606_,4.58
_32222_,4.58
_33039_,4.58
_35492_,4.58
_38676_,4.58
_38720_,4.58
_40930_,4.58
_41684_,4.58
_43482_,4.58
net2999,4.58
net4242,4.58
net6058,4.58
net6607,4.58
net6953,4.58
net7789,4.58
_04075_,4.575
_25752_,4.57
_37909_,4.57
_38110_,4.57
_42778_,4.57
q\[57\]\[5\],4.565
q\[94\]\[3\],4.565
scaled_scores\[44\]\[12\],4.565
v\[102\]\[1\],4.565
v\[113\]\[1\],4.565
_04810_,4.56
_07881_,4.56
_08874_,4.56
_19668_,4.56
_21170_,4.56
_21969_,4.56
_23383_,4.56
_24165_,4.56
_24716_,4.56
_24997_,4.56
_25071_,4.56
_25653_,4.56
_26195_,4.56
_27238_,4.56
_28158_,4.56
_30609_,4.56
_30964_,4.56
_31440_,4.56
_32006_,4.56
_32474_,4.56
_33066_,4.56
_34176_,4.56
_36392_,4.56
_39439_,4.56
_39477_,4.56
_41053_,4.56
_41374_,4.56
_42079_,4.56
_43757_,4.56
k\[113\]\[7\],4.56
k\[65\]\[7\],4.56
k\[8\]\[7\],4.56
k\[92\]\[0\],4.56
k\[9\]\[3\],4.56
out\[101\]\[6\],4.56
out\[12\]\[0\],4.56
out\[1\]\[6\],4.56
q\[111\]\[5\],4.56
q\[22\]\[2\],4.56
q\[89\]\[2\],4.56
scaled_scores\[11\]\[12\],4.56
scaled_scores\[18\]\[7\],4.56
scaled_scores\[37\]\[7\],4.56
v\[11\]\[7\],4.56
v\[13\]\[5\],4.56
v\[21\]\[4\],4.56
v\[34\]\[5\],4.56
v\[69\]\[0\],4.56
weights\[11\]\[0\],4.56
weights\[17\]\[1\],4.56
weights\[23\]\[3\],4.56
net1459,4.56
net4571,4.56
net4675,4.56
_00904_,4.555
_02705_,4.555
_04921_,4.555
_05589_,4.555
_06095_,4.555
_11726_,4.555
_25367_,4.555
_42278_,4.555
v\[96\]\[2\],4.555
_00046_,4.545
_01365_,4.545
_02966_,4.545
_03474_,4.545
_03749_,4.545
_04158_,4.545
_04336_,4.545
_04352_,4.545
_04444_,4.545
_05159_,4.545
_05889_,4.545
_06531_,4.545
_07327_,4.54
_07335_,4.54
_07356_,4.54
_07370_,4.54
_14516_,4.54
_19478_,4.54
_22044_,4.54
_28805_,4.54
_30505_,4.54
_41464_,4.54
_41544_,4.54
_42689_,4.54
net1582,4.54
net2036,4.54
_01406_,4.525
_01445_,4.525
_01570_,4.525
_02155_,4.525
_02344_,4.525
_03128_,4.525
_03434_,4.525
_03656_,4.525
_04134_,4.525
_06130_,4.525
_06164_,4.525
_06309_,4.525
_06314_,4.525
_06626_,4.525
_37681_,4.52
_01390_,4.515
_02612_,4.515
_00296_,4.505
_00729_,4.505
_01112_,4.505
_03420_,4.505
_04207_,4.505
_04792_,4.505
_04860_,4.505
_05131_,4.505
_05761_,4.505
_06141_,4.505
_06526_,4.505
_10509_,4.5
_31588_,4.5
_32414_,4.5
_19645_,4.495
_31200_,4.49
_41202_,4.49
_00017_,4.485
_00682_,4.485
_03166_,4.485
_04404_,4.485
_00240_,4.48
_01769_,4.48
_02493_,4.48
_02665_,4.48
_03890_,4.48
_07486_,4.48
_07969_,4.48
_13446_,4.48
_13524_,4.48
_13916_,4.48
_14011_,4.48
_16098_,4.48
_16106_,4.48
_16112_,4.48
_16116_,4.48
_16139_,4.48
_16164_,4.48
_16247_,4.48
_16251_,4.48
_16282_,4.48
_16381_,4.48
_16403_,4.48
_16439_,4.48
_16505_,4.48
_16509_,4.48
_16536_,4.48
_16543_,4.48
_16575_,4.48
_16590_,4.48
_16595_,4.48
_16650_,4.48
_16651_,4.48
_16736_,4.48
_16796_,4.48
_16817_,4.48
_16837_,4.48
_16851_,4.48
_16858_,4.48
_16894_,4.48
_16909_,4.48
_17031_,4.48
_17100_,4.48
_19585_,4.48
_19869_,4.48
_19956_,4.48
_21312_,4.48
_21387_,4.48
_21417_,4.48
_22346_,4.48
_23091_,4.48
_23672_,4.48
_23780_,4.48
_24329_,4.48
_24405_,4.48
_24654_,4.48
_24854_,4.48
_25314_,4.48
_25680_,4.48
_25882_,4.48
_26061_,4.48
_26296_,4.48
_26427_,4.48
_26529_,4.48
_26683_,4.48
_26776_,4.48
_26827_,4.48
_27155_,4.48
_27301_,4.48
_27330_,4.48
_27771_,4.48
_27951_,4.48
_28308_,4.48
_29180_,4.48
_30830_,4.48
_30833_,4.48
_30835_,4.48
_30889_,4.48
_31507_,4.48
_32587_,4.48
_32962_,4.48
_34565_,4.48
_35511_,4.48
_36882_,4.48
_37023_,4.48
_37300_,4.48
_37512_,4.48
_37515_,4.48
_37878_,4.48
_38190_,4.48
_38572_,4.48
_38679_,4.48
_38695_,4.48
_38786_,4.48
_39622_,4.48
_39966_,4.48
_40026_,4.48
_40170_,4.48
_40215_,4.48
_40256_,4.48
_40909_,4.48
_40971_,4.48
_41180_,4.48
_41835_,4.48
_41918_,4.48
_41973_,4.48
_42490_,4.48
_43684_,4.48
_43694_,4.48
_43709_,4.48
k\[112\]\[0\],4.48
raw_scores\[11\]\[11\],4.48
raw_scores\[17\]\[2\],4.48
raw_scores\[26\]\[6\],4.48
raw_scores\[49\]\[15\],4.48
net1426,4.48
net2400,4.48
net2898,4.48
net4266,4.48
net4480,4.48
net5885,4.48
_23657_,4.475
_30514_,4.475
_31315_,4.47
_04896_,4.465
_07314_,4.465
_00024_,4.46
_00102_,4.46
_00130_,4.46
_00141_,4.46
_00143_,4.46
_00150_,4.46
_00156_,4.46
_00158_,4.46
_07084_,4.46
_07120_,4.46
_07201_,4.46
_07221_,4.46
_07270_,4.46
_07283_,4.46
_07524_,4.46
_07703_,4.46
_07716_,4.46
_07791_,4.46
_07884_,4.46
_07892_,4.46
_07935_,4.46
_08087_,4.46
_08385_,4.46
_08624_,4.46
_08691_,4.46
_08770_,4.46
_08827_,4.46
_09804_,4.46
_09899_,4.46
_09971_,4.46
_09979_,4.46
_10202_,4.46
_10279_,4.46
_10326_,4.46
_10475_,4.46
_10543_,4.46
_10702_,4.46
_11406_,4.46
_11471_,4.46
_11518_,4.46
_11531_,4.46
_11545_,4.46
_11633_,4.46
_11641_,4.46
_11685_,4.46
_11710_,4.46
_11738_,4.46
_11829_,4.46
_11982_,4.46
_11987_,4.46
_12036_,4.46
_12040_,4.46
_12180_,4.46
_12183_,4.46
_12199_,4.46
_12225_,4.46
_12254_,4.46
_12295_,4.46
_12333_,4.46
_12753_,4.46
_12762_,4.46
_12809_,4.46
_12814_,4.46
_12829_,4.46
_12910_,4.46
_12932_,4.46
_12979_,4.46
_13017_,4.46
_13093_,4.46
_13353_,4.46
_13444_,4.46
_13744_,4.46
_13875_,4.46
_13958_,4.46
_14014_,4.46
_14359_,4.46
_14420_,4.46
_14572_,4.46
_14584_,4.46
_14613_,4.46
_14629_,4.46
_14634_,4.46
_14637_,4.46
_14671_,4.46
_14964_,4.46
_14991_,4.46
_15215_,4.46
_15246_,4.46
_15384_,4.46
_15410_,4.46
_15425_,4.46
_15546_,4.46
_15589_,4.46
_15682_,4.46
_15683_,4.46
_15750_,4.46
_15763_,4.46
_15820_,4.46
_15848_,4.46
_15968_,4.46
_16023_,4.46
_16083_,4.46
_16197_,4.46
_16335_,4.46
_16373_,4.46
_16375_,4.46
_16423_,4.46
_16497_,4.46
_16513_,4.46
_16661_,4.46
_16674_,4.46
_16985_,4.46
_17095_,4.46
_17233_,4.46
_17280_,4.46
_17312_,4.46
_17313_,4.46
_17318_,4.46
_17366_,4.46
_17452_,4.46
_17582_,4.46
_17683_,4.46
_17871_,4.46
_18075_,4.46
_18193_,4.46
_18200_,4.46
_18339_,4.46
_18436_,4.46
_18463_,4.46
_18590_,4.46
_18966_,4.46
_18967_,4.46
_19207_,4.46
_20138_,4.46
_20156_,4.46
_20412_,4.46
_20734_,4.46
_20739_,4.46
_20915_,4.46
_21079_,4.46
_21344_,4.46
_21569_,4.46
_21981_,4.46
_22114_,4.46
_22129_,4.46
_22349_,4.46
_22428_,4.46
_22953_,4.46
_23099_,4.46
_23209_,4.46
_23291_,4.46
_23831_,4.46
_24088_,4.46
_24442_,4.46
_24915_,4.46
_25521_,4.46
_25815_,4.46
_26167_,4.46
_26213_,4.46
_26298_,4.46
_26677_,4.46
_27063_,4.46
_27337_,4.46
_27465_,4.46
_27616_,4.46
_27918_,4.46
_28471_,4.46
_28771_,4.46
_28956_,4.46
_29098_,4.46
_29129_,4.46
_29268_,4.46
_29304_,4.46
_29713_,4.46
_30803_,4.46
_31078_,4.46
_31535_,4.46
_32457_,4.46
_32602_,4.46
_34105_,4.46
_34949_,4.46
_35674_,4.46
_35876_,4.46
_36524_,4.46
_37028_,4.46
_37088_,4.46
_37358_,4.46
_37372_,4.46
_37499_,4.46
_37669_,4.46
_38114_,4.46
_38402_,4.46
_38549_,4.46
_39163_,4.46
_39596_,4.46
_39694_,4.46
_39813_,4.46
_39935_,4.46
_39970_,4.46
_39988_,4.46
_40138_,4.46
_40297_,4.46
_40310_,4.46
_40475_,4.46
_40509_,4.46
_40604_,4.46
_40646_,4.46
_41077_,4.46
_41959_,4.46
_42074_,4.46
_42090_,4.46
_42335_,4.46
_42691_,4.46
_43206_,4.46
_43648_,4.46
_43657_,4.46
_43686_,4.46
_44093_,4.46
out\[113\]\[4\],4.46
out\[49\]\[0\],4.46
out\[49\]\[2\],4.46
out\[62\]\[1\],4.46
out\[62\]\[5\],4.46
raw_scores\[0\]\[7\],4.46
raw_scores\[14\]\[7\],4.46
raw_scores\[15\]\[10\],4.46
raw_scores\[17\]\[19\],4.46
raw_scores\[17\]\[8\],4.46
raw_scores\[1\]\[18\],4.46
raw_scores\[22\]\[11\],4.46
raw_scores\[22\]\[12\],4.46
raw_scores\[24\]\[11\],4.46
raw_scores\[24\]\[12\],4.46
raw_scores\[26\]\[16\],4.46
raw_scores\[34\]\[16\],4.46
raw_scores\[34\]\[9\],4.46
raw_scores\[3\]\[4\],4.46
raw_scores\[47\]\[2\],4.46
raw_scores\[48\]\[6\],4.46
raw_scores\[4\]\[10\],4.46
raw_scores\[52\]\[19\],4.46
raw_scores\[53\]\[13\],4.46
raw_scores\[55\]\[14\],4.46
raw_scores\[56\]\[15\],4.46
raw_scores\[57\]\[2\],4.46
raw_scores\[58\]\[8\],4.46
raw_scores\[5\]\[12\],4.46
raw_scores\[61\]\[7\],4.46
raw_scores\[9\]\[16\],4.46
scaled_scores\[14\]\[12\],4.46
scaled_scores\[51\]\[16\],4.46
v\[41\]\[0\],4.46
v\[79\]\[0\],4.46
net1161,4.46
net1162,4.46
net1192,4.46
net1596,4.46
net1775,4.46
net1879,4.46
net1935,4.46
net2146,4.46
net2406,4.46
net2701,4.46
net3211,4.46
net3627,4.46
net4344,4.46
net4618,4.46
net4876,4.46
net5334,4.46
net6820,4.46
net6942,4.46
net7106,4.46
net7262,4.46
net7498,4.46
net7503,4.46
net7644,4.46
net7879,4.46
_01258_,4.455
_06600_,4.455
k\[93\]\[3\],4.445
q\[50\]\[2\],4.445
v\[76\]\[0\],4.445
_01220_,4.44
_06491_,4.44
_08197_,4.44
_11801_,4.44
_11848_,4.44
_13301_,4.44
_13329_,4.44
_15230_,4.44
_16914_,4.44
_17394_,4.44
_17961_,4.44
_18368_,4.44
_19424_,4.44
_20492_,4.44
_20655_,4.44
_20858_,4.44
_21930_,4.44
_23589_,4.44
_23830_,4.44
_25394_,4.44
_26145_,4.44
_27126_,4.44
_27441_,4.44
_29380_,4.44
_30074_,4.44
_31402_,4.44
_34742_,4.44
_35447_,4.44
_38162_,4.44
_38390_,4.44
_39764_,4.44
_40659_,4.44
_42733_,4.44
k\[64\]\[4\],4.44
raw_scores\[35\]\[13\],4.44
raw_scores\[54\]\[5\],4.44
raw_scores\[7\]\[3\],4.44
raw_scores\[8\]\[9\],4.44
scaled_scores\[15\]\[16\],4.44
weights\[32\]\[6\],4.44
weights\[46\]\[6\],4.44
net2988,4.44
_40650_,4.435
_00553_,4.425
_00593_,4.425
_00728_,4.425
_00840_,4.425
_01284_,4.425
_01504_,4.425
_01699_,4.425
_01722_,4.425
_02492_,4.425
_02556_,4.425
_02611_,4.425
_02694_,4.425
_02728_,4.425
_02827_,4.425
_02951_,4.425
_02977_,4.425
_03241_,4.425
_03460_,4.425
_03864_,4.425
_03923_,4.425
_04019_,4.425
_04041_,4.425
_04174_,4.425
_04314_,4.425
_04466_,4.425
_04834_,4.425
_05199_,4.425
_05235_,4.425
_05272_,4.425
_05333_,4.425
_05772_,4.425
_05773_,4.425
_05791_,4.425
_05904_,4.425
_05989_,4.425
_06104_,4.425
_06150_,4.425
_06308_,4.425
_06374_,4.425
_06470_,4.425
_06857_,4.425
_07029_,4.425
k\[59\]\[1\],4.425
_00116_,4.42
_00129_,4.42
_00155_,4.42
_08219_,4.42
_09468_,4.42
_09529_,4.42
_09879_,4.42
_10314_,4.42
_10494_,4.42
_10682_,4.42
_11271_,4.42
_11422_,4.42
_11509_,4.42
_11675_,4.42
_11895_,4.42
_12230_,4.42
_12241_,4.42
_12252_,4.42
_12394_,4.42
_12522_,4.42
_12532_,4.42
_12549_,4.42
_12572_,4.42
_12682_,4.42
_12715_,4.42
_12795_,4.42
_13060_,4.42
_13212_,4.42
_13408_,4.42
_14948_,4.42
_15051_,4.42
_15094_,4.42
_15366_,4.42
_15414_,4.42
_15562_,4.42
_15622_,4.42
_15768_,4.42
_16039_,4.42
_16048_,4.42
_16049_,4.42
_16149_,4.42
_16249_,4.42
_16302_,4.42
_16305_,4.42
_16330_,4.42
_16384_,4.42
_16409_,4.42
_16460_,4.42
_16464_,4.42
_16503_,4.42
_16516_,4.42
_16558_,4.42
_16598_,4.42
_16717_,4.42
_16724_,4.42
_16776_,4.42
_16786_,4.42
_16798_,4.42
_16809_,4.42
_16814_,4.42
_16916_,4.42
_16924_,4.42
_16926_,4.42
_16986_,4.42
_17017_,4.42
_17106_,4.42
_17134_,4.42
_17186_,4.42
_17203_,4.42
_17213_,4.42
_17246_,4.42
_17265_,4.42
_17275_,4.42
_17412_,4.42
_17446_,4.42
_17450_,4.42
_17569_,4.42
_17880_,4.42
_17897_,4.42
_17919_,4.42
_18076_,4.42
_18141_,4.42
_18184_,4.42
_18336_,4.42
_18391_,4.42
_18455_,4.42
_18768_,4.42
_18917_,4.42
_19061_,4.42
_19084_,4.42
_19799_,4.42
_20896_,4.42
_22697_,4.42
_27214_,4.42
_27726_,4.42
_28149_,4.42
_28836_,4.42
_29224_,4.42
_29435_,4.42
_31963_,4.42
_33216_,4.42
_33231_,4.42
_33338_,4.42
_34341_,4.42
_34357_,4.42
_34738_,4.42
_35016_,4.42
_35232_,4.42
_35349_,4.42
_36094_,4.42
_37075_,4.42
_37139_,4.42
_39720_,4.42
_43795_,4.42
k\[101\]\[1\],4.42
out\[43\]\[3\],4.42
out\[61\]\[6\],4.42
out\[94\]\[5\],4.42
out\[95\]\[5\],4.42
q\[5\]\[5\],4.42
q\[8\]\[0\],4.42
raw_scores\[11\]\[5\],4.42
raw_scores\[12\]\[7\],4.42
raw_scores\[13\]\[2\],4.42
raw_scores\[17\]\[4\],4.42
raw_scores\[1\]\[5\],4.42
raw_scores\[26\]\[12\],4.42
raw_scores\[28\]\[6\],4.42
raw_scores\[35\]\[19\],4.42
raw_scores\[37\]\[10\],4.42
raw_scores\[37\]\[16\],4.42
raw_scores\[38\]\[10\],4.42
raw_scores\[44\]\[7\],4.42
raw_scores\[45\]\[10\],4.42
raw_scores\[55\]\[10\],4.42
raw_scores\[9\]\[17\],4.42
v\[119\]\[6\],4.42
weights\[40\]\[4\],4.42
net1718,4.42
net1719,4.42
net7055,4.42
net7531,4.42
_04728_,4.415
_29479_,4.41
_29911_,4.41
_03035_,4.405
_04762_,4.405
scaled_scores\[7\]\[11\],4.4
out_row_data[103],4.39
out_row_data[109],4.39
out_row_data[122],4.39
out_row_data[1],4.39
out_row_data[21],4.39
out_row_data[32],4.39
out_row_data[36],4.39
out_row_data[38],4.39
out_row_data[40],4.39
out_row_data[44],4.39
out_row_data[78],4.39
out_row_data[81],4.39
out_row_data[83],4.39
out_row_data[84],4.39
out_row_data[86],4.39
out_row_data[8],4.39
out_tlast,4.39
_00059_,4.385
_00269_,4.385
_00638_,4.385
_00681_,4.385
_00788_,4.385
_00798_,4.385
_01534_,4.385
_01552_,4.385
_01646_,4.385
_01875_,4.385
_02348_,4.385
_02397_,4.385
_02699_,4.385
_02703_,4.385
_02936_,4.385
_03012_,4.385
_03064_,4.385
_03384_,4.385
_03633_,4.385
_03946_,4.385
_03983_,4.385
_04030_,4.385
_04378_,4.385
_04489_,4.385
_04558_,4.385
_04590_,4.385
_05078_,4.385
_05269_,4.385
_05482_,4.385
_06144_,4.385
_06305_,4.385
_06785_,4.385
_06811_,4.385
_00714_,4.38
_04676_,4.38
_04922_,4.38
_05689_,4.38
_18588_,4.38
_37132_,4.38
_04908_,4.365
_41240_,4.365
_01438_,4.36
_02757_,4.36
_03033_,4.36
_04252_,4.36
_04572_,4.36
_04777_,4.36
_04861_,4.36
_06618_,4.36
_07783_,4.36
_08038_,4.36
_08838_,4.36
_09132_,4.36
_09714_,4.36
_10000_,4.36
_11397_,4.36
_11698_,4.36
_11740_,4.36
_12014_,4.36
_12019_,4.36
_12114_,4.36
_12195_,4.36
_12714_,4.36
_13040_,4.36
_13075_,4.36
_13286_,4.36
_13372_,4.36
_13602_,4.36
_14140_,4.36
_14535_,4.36
_14774_,4.36
_15088_,4.36
_15137_,4.36
_15247_,4.36
_15527_,4.36
_15686_,4.36
_16071_,4.36
_16562_,4.36
_17184_,4.36
_18052_,4.36
_18081_,4.36
_18208_,4.36
_18888_,4.36
_19537_,4.36
_19838_,4.36
_20897_,4.36
_21341_,4.36
_22430_,4.36
_23790_,4.36
_25919_,4.36
_26698_,4.36
_27824_,4.36
_27830_,4.36
_28193_,4.36
_28998_,4.36
_29337_,4.36
_29832_,4.36
_30043_,4.36
_30109_,4.36
_30812_,4.36
_30826_,4.36
_31926_,4.36
_32496_,4.36
_32543_,4.36
_34337_,4.36
_35771_,4.36
_36931_,4.36
_39843_,4.36
_43105_,4.36
_43220_,4.36
_44159_,4.36
net1401,4.36
net1546,4.36
net6965,4.36
net7561,4.36
net7620,4.36
net7865,4.36
net7871,4.36
k\[40\]\[6\],4.35
_34535_,4.345
_00161_,4.34
_00177_,4.34
_04905_,4.34
_06646_,4.34
_07191_,4.34
_07265_,4.34
_07299_,4.34
_07956_,4.34
_07959_,4.34
_08081_,4.34
_08333_,4.34
_08427_,4.34
_08572_,4.34
_08729_,4.34
_08739_,4.34
_08955_,4.34
_08973_,4.34
_09002_,4.34
_09478_,4.34
_09944_,4.34
_10057_,4.34
_10067_,4.34
_10261_,4.34
_10275_,4.34
_10315_,4.34
_10325_,4.34
_10366_,4.34
_10454_,4.34
_10633_,4.34
_11440_,4.34
_11891_,4.34
_11930_,4.34
_11934_,4.34
_11979_,4.34
_11996_,4.34
_12121_,4.34
_12292_,4.34
_12365_,4.34
_12514_,4.34
_12637_,4.34
_12642_,4.34
_12656_,4.34
_12783_,4.34
_12847_,4.34
_12855_,4.34
_12972_,4.34
_13035_,4.34
_13120_,4.34
_13129_,4.34
_13521_,4.34
_13899_,4.34
_13978_,4.34
_13982_,4.34
_14417_,4.34
_14496_,4.34
_14506_,4.34
_14518_,4.34
_14746_,4.34
_14933_,4.34
_15101_,4.34
_15169_,4.34
_15199_,4.34
_15219_,4.34
_15378_,4.34
_15398_,4.34
_15446_,4.34
_15658_,4.34
_15740_,4.34
_15741_,4.34
_15849_,4.34
_15919_,4.34
_15946_,4.34
_15950_,4.34
_16135_,4.34
_16186_,4.34
_16203_,4.34
_16548_,4.34
_16609_,4.34
_16729_,4.34
_16845_,4.34
_16880_,4.34
_16890_,4.34
_17123_,4.34
_17224_,4.34
_17545_,4.34
_17598_,4.34
_17674_,4.34
_17837_,4.34
_17939_,4.34
_18106_,4.34
_18244_,4.34
_18273_,4.34
_18298_,4.34
_18496_,4.34
_18508_,4.34
_18533_,4.34
_18872_,4.34
_19909_,4.34
_20025_,4.34
_20143_,4.34
_20315_,4.34
_20537_,4.34
_20538_,4.34
_20813_,4.34
_21111_,4.34
_21708_,4.34
_22103_,4.34
_22312_,4.34
_22402_,4.34
_23298_,4.34
_23558_,4.34
_23783_,4.34
_23838_,4.34
_23871_,4.34
_23883_,4.34
_24000_,4.34
_24027_,4.34
_24086_,4.34
_24199_,4.34
_24753_,4.34
_25028_,4.34
_25176_,4.34
_25244_,4.34
_25369_,4.34
_25408_,4.34
_25684_,4.34
_25699_,4.34
_25768_,4.34
_26111_,4.34
_26293_,4.34
_26430_,4.34
_26609_,4.34
_26948_,4.34
_27011_,4.34
_27151_,4.34
_27179_,4.34
_27293_,4.34
_27304_,4.34
_27525_,4.34
_27569_,4.34
_27745_,4.34
_27903_,4.34
_28172_,4.34
_28297_,4.34
_28468_,4.34
_28752_,4.34
_28908_,4.34
_29143_,4.34
_29159_,4.34
_29427_,4.34
_29483_,4.34
_29616_,4.34
_29710_,4.34
_29953_,4.34
_30240_,4.34
_30318_,4.34
_30329_,4.34
_30660_,4.34
_30791_,4.34
_31196_,4.34
_31267_,4.34
_31521_,4.34
_31712_,4.34
_31777_,4.34
_32009_,4.34
_32183_,4.34
_32187_,4.34
_32310_,4.34
_32358_,4.34
_33152_,4.34
_33274_,4.34
_33516_,4.34
_34515_,4.34
_34608_,4.34
_34671_,4.34
_34815_,4.34
_35008_,4.34
_35699_,4.34
_36588_,4.34
_36832_,4.34
_37503_,4.34
_37816_,4.34
_37904_,4.34
_37947_,4.34
_39263_,4.34
_39484_,4.34
_39803_,4.34
_39974_,4.34
_40233_,4.34
_40717_,4.34
_40741_,4.34
_41106_,4.34
_41787_,4.34
_42875_,4.34
_42898_,4.34
_43359_,4.34
_43372_,4.34
_43696_,4.34
_43998_,4.34
_44028_,4.34
q\[110\]\[4\],4.34
q\[42\]\[6\],4.34
raw_scores\[11\]\[14\],4.34
raw_scores\[52\]\[16\],4.34
raw_scores\[57\]\[9\],4.34
scaled_scores\[57\]\[0\],4.34
v\[110\]\[3\],4.34
v\[3\]\[0\],4.34
v\[56\]\[1\],4.34
weights\[11\]\[6\],4.34
weights\[14\]\[4\],4.34
net964,4.34
net1186,4.34
net1215,4.34
net1283,4.34
net1396,4.34
net1570,4.34
net1617,4.34
net1894,4.34
net1996,4.34
net2131,4.34
net2163,4.34
net2190,4.34
net2382,4.34
net2466,4.34
net2683,4.34
net2861,4.34
net3034,4.34
net3039,4.34
net3062,4.34
net3114,4.34
net3391,4.34
net3476,4.34
net3500,4.34
net3564,4.34
net3589,4.34
net3703,4.34
net3796,4.34
net3841,4.34
net4009,4.34
net4065,4.34
net4128,4.34
net4407,4.34
net4662,4.34
net5096,4.34
net5103,4.34
net5256,4.34
net5303,4.34
net5343,4.34
net5525,4.34
net5643,4.34
net5860,4.34
net6010,4.34
net6212,4.34
net6308,4.34
net6442,4.34
net6504,4.34
net6505,4.34
net6553,4.34
net6572,4.34
net6772,4.34
net7334,4.34
net7573,4.34
_01697_,4.335
_02375_,4.335
_06864_,4.335
_00267_,4.325
_00452_,4.325
_00639_,4.325
_01058_,4.325
_01448_,4.325
_01454_,4.325
_01565_,4.325
_01620_,4.325
_01812_,4.325
_01815_,4.325
_01824_,4.325
_01848_,4.325
_01869_,4.325
_02436_,4.325
_02588_,4.325
_03435_,4.325
_03455_,4.325
_04632_,4.325
_04706_,4.325
_04928_,4.325
_05756_,4.325
_06032_,4.325
_06656_,4.325
_06747_,4.325
_07032_,4.325
weights\[44\]\[3\],4.325
_08153_,4.32
_11338_,4.32
_16316_,4.32
_19233_,4.32
_20095_,4.32
_23017_,4.32
_24256_,4.32
_25251_,4.32
_26507_,4.32
_26542_,4.32
_26987_,4.32
_29199_,4.32
_29509_,4.32
_31305_,4.32
_31430_,4.32
_38770_,4.32
net1821,4.32
net7783,4.32
_23073_,4.315
_34769_,4.31
_00243_,4.305
_07398_,4.305
_07491_,4.305
_12129_,4.3
_24370_,4.3
_27370_,4.3
_29157_,4.3
_41069_,4.3
_00049_,4.295
_00433_,4.295
_01889_,4.295
_02586_,4.295
_02800_,4.295
_03785_,4.295
_03980_,4.295
_04469_,4.295
_04501_,4.295
_04575_,4.295
_04656_,4.295
_05207_,4.295
_05284_,4.295
_05492_,4.295
_05597_,4.295
_05826_,4.295
_05837_,4.295
_06627_,4.295
_06666_,4.295
_06974_,4.295
_00742_,4.285
_06495_,4.285
k\[29\]\[2\],4.28
_08264_,4.27
_40243_,4.27
_00303_,4.265
_00339_,4.265
_00951_,4.265
_00984_,4.265
_01111_,4.265
_01344_,4.265
_01413_,4.265
_02447_,4.265
_02566_,4.265
_03003_,4.265
_04077_,4.265
_04227_,4.265
_05119_,4.265
_05163_,4.265
_05404_,4.265
_05893_,4.265
_05933_,4.265
_06736_,4.265
_21375_,4.265
_00745_,4.26
_01444_,4.26
_02823_,4.26
_02882_,4.26
_05752_,4.26
_06108_,4.26
_02707_,4.255
_03828_,4.255
_04621_,4.255
_04813_,4.245
_05739_,4.245
_00094_,4.24
_00498_,4.24
_01068_,4.24
_01418_,4.24
_01672_,4.24
_01777_,4.24
_01866_,4.24
_02167_,4.24
_02227_,4.24
_02516_,4.24
_02713_,4.24
_02972_,4.24
_03528_,4.24
_03915_,4.24
_04169_,4.24
_04607_,4.24
_04955_,4.24
_05006_,4.24
_05113_,4.24
_05147_,4.24
_05255_,4.24
_05796_,4.24
_05986_,4.24
_06236_,4.24
_06256_,4.24
_06525_,4.24
_06559_,4.24
_06576_,4.24
_06770_,4.24
_06925_,4.24
_06960_,4.24
_08706_,4.24
_16041_,4.24
_16564_,4.24
_16706_,4.24
_19530_,4.24
_19950_,4.24
_24297_,4.24
_27657_,4.24
_28054_,4.24
_30769_,4.24
_31976_,4.24
_33485_,4.24
_33668_,4.24
_34751_,4.24
_35481_,4.24
_35753_,4.24
_36281_,4.24
_36381_,4.24
_36459_,4.24
_38004_,4.24
_38853_,4.24
_42046_,4.24
net2734,4.24
net3098,4.24
net3248,4.24
net3521,4.24
net3805,4.24
net4046,4.24
net4271,4.24
net4319,4.24
net4400,4.24
net4816,4.24
net4838,4.24
net4867,4.24
net5061,4.24
net5075,4.24
net5550,4.24
net5791,4.24
net5818,4.24
net5854,4.24
net5968,4.24
net6056,4.24
net6105,4.24
net6236,4.24
net6254,4.24
net6524,4.24
net6565,4.24
net6627,4.24
net6878,4.24
net6985,4.24
net7107,4.24
net7147,4.24
net7301,4.24
net7541,4.24
net7555,4.24
_29459_,4.23
k\[87\]\[0\],4.225
v\[44\]\[5\],4.225
weights\[41\]\[2\],4.225
_03602_,4.22
_05685_,4.22
_07707_,4.22
_10342_,4.22
_14216_,4.22
_14367_,4.22
_14954_,4.22
_15251_,4.22
_18258_,4.22
_18842_,4.22
_19911_,4.22
_20057_,4.22
_20274_,4.22
_20291_,4.22
_21470_,4.22
_22625_,4.22
_22856_,4.22
_23975_,4.22
_27019_,4.22
_29327_,4.22
_30122_,4.22
_30148_,4.22
_31028_,4.22
_31099_,4.22
_31331_,4.22
_31632_,4.22
_31865_,4.22
_31921_,4.22
_32330_,4.22
_34262_,4.22
_34885_,4.22
_35088_,4.22
_35234_,4.22
_37240_,4.22
_37614_,4.22
_38127_,4.22
_39201_,4.22
_40088_,4.22
_41097_,4.22
_41347_,4.22
_41673_,4.22
_41991_,4.22
_42024_,4.22
_42501_,4.22
_43218_,4.22
_43961_,4.22
out\[89\]\[1\],4.22
q\[4\]\[1\],4.22
q\[76\]\[3\],4.22
raw_scores\[41\]\[2\],4.22
scaled_scores\[21\]\[1\],4.22
scaled_scores\[32\]\[4\],4.22
v\[100\]\[4\],4.22
v\[84\]\[3\],4.22
net1375,4.22
net1527,4.22
net5775,4.22
net7771,4.22
_00871_,4.215
_26044_,4.215
_40278_,4.215
_00654_,4.205
_13821_,4.2
_19807_,4.2
_26491_,4.2
_27836_,4.2
_28609_,4.2
_28676_,4.2
_32329_,4.2
_32987_,4.2
_32994_,4.2
_33227_,4.2
_38072_,4.2
_42248_,4.2
_43298_,4.2
_43655_,4.2
v\[31\]\[5\],4.2
net3828,4.2
net4993,4.2
net6417,4.2
net7542,4.2
q\[91\]\[5\],4.195
scaled_scores\[3\]\[11\],4.195
_07205_,4.185
_01403_,4.18
_41071_,4.18
_00469_,4.165
_00764_,4.165
_00861_,4.165
_01008_,4.165
_01210_,4.165
_01478_,4.165
_01679_,4.165
_01706_,4.165
_01909_,4.165
_02077_,4.165
_02135_,4.165
_02204_,4.165
_02357_,4.165
_02531_,4.165
_02599_,4.165
_03940_,4.165
_04004_,4.165
_04204_,4.165
_04218_,4.165
_04244_,4.165
_04301_,4.165
_04446_,4.165
_04554_,4.165
_04976_,4.165
_05086_,4.165
_05234_,4.165
_05430_,4.165
_05489_,4.165
_05778_,4.165
_06446_,4.165
_06551_,4.165
_06598_,4.165
_06788_,4.165
_27265_,4.16
_00985_,4.155
_00956_,4.145
_01341_,4.145
_02821_,4.145
_03539_,4.145
_03626_,4.145
_03728_,4.145
_04833_,4.145
_06457_,4.145
_00205_,4.14
_07121_,4.14
_07169_,4.14
_07469_,4.14
_07494_,4.14
_07515_,4.14
_07523_,4.14
_08029_,4.14
_11484_,4.14
_19931_,4.14
_21118_,4.14
_22345_,4.14
_23606_,4.14
_23859_,4.14
_25014_,4.14
_27313_,4.14
_27453_,4.14
_28037_,4.14
_28534_,4.14
_29328_,4.14
_31311_,4.14
_31764_,4.14
_33423_,4.14
_34729_,4.14
_35203_,4.14
_37031_,4.14
_37359_,4.14
_37384_,4.14
_38191_,4.14
_38330_,4.14
_38332_,4.14
_38444_,4.14
_39238_,4.14
_40803_,4.14
_43908_,4.14
net862,4.14
net1073,4.14
net1111,4.14
net1119,4.14
net1120,4.14
net1139,4.14
net1150,4.14
net1233,4.14
net1256,4.14
net1260,4.14
net1297,4.14
net1304,4.14
net1317,4.14
net1395,4.14
net1462,4.14
net1477,4.14
net1538,4.14
net1632,4.14
net1690,4.14
net1933,4.14
net2342,4.14
net4451,4.14
net6597,4.14
net6714,4.14
net7613,4.14
net7650,4.14
net7652,4.14
net7819,4.14
net7834,4.14
_39259_,4.13
_00591_,4.125
_02148_,4.125
_02313_,4.125
_04035_,4.125
_05821_,4.125
_05833_,4.125
_06179_,4.125
_06665_,4.125
_06734_,4.125
_26242_,4.125
_00028_,4.12
_00756_,4.12
_02661_,4.12
_05834_,4.12
_07148_,4.12
_07177_,4.12
_07309_,4.12
_07313_,4.12
_07415_,4.12
_07511_,4.12
_07527_,4.12
_08496_,4.12
_23315_,4.12
_23403_,4.12
_23962_,4.12
_24133_,4.12
_25383_,4.12
_25554_,4.12
_31025_,4.12
_31293_,4.12
_31336_,4.12
_36575_,4.12
_37433_,4.12
_38605_,4.12
_38761_,4.12
_43753_,4.12
_43824_,4.12
net1229,4.12
net1344,4.12
net1442,4.12
net1959,4.12
net1962,4.12
net2183,4.12
net3411,4.12
net3768,4.12
net5451,4.12
net6486,4.12
net6722,4.12
net6989,4.12
net7508,4.12
_00502_,4.115
_03263_,4.115
_29773_,4.115
_26701_,4.11
_34118_,4.11
k\[81\]\[1\],4.105
_07562_,4.1
_09044_,4.1
_13484_,4.1
_14221_,4.1
_18948_,4.1
_20854_,4.1
_21511_,4.1
_22897_,4.1
_23728_,4.1
_27710_,4.1
_28021_,4.1
_29492_,4.1
_29733_,4.1
_30459_,4.1
_31733_,4.1
_31934_,4.1
_32370_,4.1
_34061_,4.1
_35757_,4.1
_37741_,4.1
_38308_,4.1
_39070_,4.1
_40132_,4.1
_41343_,4.1
_42712_,4.1
_43357_,4.1
k\[121\]\[5\],4.1
k\[42\]\[5\],4.1
out\[3\]\[7\],4.1
scaled_scores\[13\]\[16\],4.1
scaled_scores\[50\]\[17\],4.1
scaled_scores\[58\]\[8\],4.1
v\[46\]\[1\],4.1
v\[90\]\[0\],4.1
net1557,4.1
net1922,4.1
_01918_,4.095
_11703_,4.09
_00323_,4.085
_00330_,4.085
_00762_,4.085
_01414_,4.085
_01416_,4.085
_01715_,4.085
_02048_,4.085
_02305_,4.085
_02382_,4.085
_02677_,4.085
_02702_,4.085
_03032_,4.085
_03061_,4.085
_03115_,4.085
_03178_,4.085
_03388_,4.085
_03518_,4.085
_03612_,4.085
_03650_,4.085
_04045_,4.085
_04047_,4.085
_04048_,4.085
_04079_,4.085
_04185_,4.085
_04355_,4.085
_04624_,4.085
_04808_,4.085
_05007_,4.085
_05488_,4.085
_05899_,4.085
_06170_,4.085
_06369_,4.085
_06737_,4.085
_06902_,4.085
_06956_,4.085
_07082_,4.085
_07232_,4.08
_20642_,4.08
_25323_,4.08
_34197_,4.08
_34879_,4.08
_35724_,4.08
_36234_,4.08
_38389_,4.08
net1071,4.08
net7674,4.08
_00963_,4.065
_01501_,4.065
_01803_,4.065
_02035_,4.065
_03250_,4.065
_03323_,4.065
_04083_,4.065
_05973_,4.065
_06004_,4.065
_06267_,4.065
_30825_,4.06
_30842_,4.06
_06381_,4.055
_02157_,4.045
_05496_,4.045
_06542_,4.045
_06860_,4.045
_07475_,4.045
_26322_,4.04
_36273_,4.04
_05615_,4.025
_05997_,4.025
_02362_,4.02
_02791_,4.02
_03719_,4.02
_03908_,4.02
_04609_,4.02
_06607_,4.02
_06942_,4.02
_07434_,4.02
_07639_,4.02
_07652_,4.02
_07773_,4.02
_07814_,4.02
_07978_,4.02
_08811_,4.02
_08882_,4.02
_13682_,4.02
_14450_,4.02
_16002_,4.02
_16229_,4.02
_16319_,4.02
_16427_,4.02
_16434_,4.02
_16476_,4.02
_16518_,4.02
_16553_,4.02
_16663_,4.02
_16683_,4.02
_16728_,4.02
_16876_,4.02
_17006_,4.02
_17142_,4.02
_17159_,4.02
_17175_,4.02
_17216_,4.02
_17249_,4.02
_19947_,4.02
_20279_,4.02
_20310_,4.02
_20753_,4.02
_20883_,4.02
_21537_,4.02
_22198_,4.02
_22332_,4.02
_22377_,4.02
_22687_,4.02
_22709_,4.02
_22932_,4.02
_23508_,4.02
_23945_,4.02
_24209_,4.02
_24304_,4.02
_24880_,4.02
_24987_,4.02
_25068_,4.02
_26096_,4.02
_27183_,4.02
_27208_,4.02
_27457_,4.02
_28040_,4.02
_28951_,4.02
_29130_,4.02
_29242_,4.02
_29280_,4.02
_29944_,4.02
_31692_,4.02
_31991_,4.02
_32275_,4.02
_32284_,4.02
_32400_,4.02
_32445_,4.02
_34300_,4.02
_35036_,4.02
_35369_,4.02
_35617_,4.02
_36758_,4.02
_37125_,4.02
_37902_,4.02
_38405_,4.02
_38531_,4.02
_38629_,4.02
_38845_,4.02
_38970_,4.02
_39515_,4.02
_39648_,4.02
_40264_,4.02
_40267_,4.02
_40623_,4.02
_40921_,4.02
_41073_,4.02
_42086_,4.02
_42414_,4.02
_42503_,4.02
_42706_,4.02
_44103_,4.02
_44152_,4.02
raw_scores\[14\]\[8\],4.02
net886,4.02
net1601,4.02
net1896,4.02
net1914,4.02
net2201,4.02
net2264,4.02
net2283,4.02
net2301,4.02
net2384,4.02
net2500,4.02
net2561,4.02
net2886,4.02
net3497,4.02
net3585,4.02
net3711,4.02
net3749,4.02
net4186,4.02
net4557,4.02
net4608,4.02
net5034,4.02
net7440,4.02
net7694,4.02
net7796,4.02
net7827,4.02
net7854,4.02
_33126_,4.005
_00164_,4
_07137_,4
_07278_,4
_07410_,4
_07570_,4
_07944_,4
_08022_,4
_08157_,4
_08789_,4
_08871_,4
_08981_,4
_09600_,4
_09639_,4
_09809_,4
_09822_,4
_10479_,4
_10527_,4
_10650_,4
_10678_,4
_10974_,4
_11094_,4
_11289_,4
_11396_,4
_11425_,4
_11426_,4
_11447_,4
_11636_,4
_12218_,4
_12337_,4
_12443_,4
_12444_,4
_12659_,4
_12819_,4
_13078_,4
_13282_,4
_13386_,4
_13473_,4
_13533_,4
_13583_,4
_13800_,4
_14058_,4
_14802_,4
_14841_,4
_14866_,4
_14903_,4
_15164_,4
_15240_,4
_15241_,4
_15282_,4
_15352_,4
_15353_,4
_15381_,4
_15445_,4
_15542_,4
_15597_,4
_15621_,4
_15633_,4
_15668_,4
_15680_,4
_15891_,4
_15938_,4
_15986_,4
_15992_,4
_16086_,4
_16095_,4
_16114_,4
_16171_,4
_16206_,4
_16284_,4
_16285_,4
_16437_,4
_16584_,4
_16591_,4
_16746_,4
_16805_,4
_16825_,4
_16908_,4
_16984_,4
_17069_,4
_17168_,4
_17507_,4
_17838_,4
_17863_,4
_17942_,4
_18183_,4
_18257_,4
_18308_,4
_18420_,4
_18650_,4
_18674_,4
_18690_,4
_18779_,4
_18785_,4
_18834_,4
_19283_,4
_19446_,4
_19710_,4
_20003_,4
_20019_,4
_20023_,4
_20209_,4
_20397_,4
_20490_,4
_20550_,4
_20764_,4
_20878_,4
_21582_,4
_21670_,4
_22065_,4
_22162_,4
_22432_,4
_22627_,4
_22882_,4
_23149_,4
_23973_,4
_24216_,4
_24352_,4
_24585_,4
_24873_,4
_25024_,4
_25348_,4
_25512_,4
_25566_,4
_25598_,4
_26160_,4
_26463_,4
_26572_,4
_26608_,4
_26643_,4
_26710_,4
_26781_,4
_26803_,4
_26970_,4
_27280_,4
_27627_,4
_28422_,4
_28784_,4
_28809_,4
_28834_,4
_29545_,4
_30034_,4
_30246_,4
_30838_,4
_31058_,4
_31256_,4
_31918_,4
_32015_,4
_32301_,4
_32750_,4
_33910_,4
_33945_,4
_33984_,4
_34249_,4
_34347_,4
_34426_,4
_34699_,4
_34716_,4
_34740_,4
_34746_,4
_34840_,4
_35042_,4
_35239_,4
_35253_,4
_35531_,4
_35655_,4
_35711_,4
_35731_,4
_36957_,4
_36981_,4
_37111_,4
_37422_,4
_38416_,4
_38567_,4
_38706_,4
_38787_,4
_38820_,4
_38848_,4
_38870_,4
_39007_,4
_39190_,4
_39216_,4
_39339_,4
_39750_,4
_39962_,4
_41349_,4
_41494_,4
_41520_,4
_41633_,4
_41916_,4
_42009_,4
_42169_,4
_42680_,4
_43158_,4
_43243_,4
_43260_,4
_43487_,4
_43622_,4
_44018_,4
out\[63\]\[2\],4
out\[83\]\[4\],4
out\[84\]\[6\],4
out\[85\]\[2\],4
out\[85\]\[3\],4
out\[86\]\[7\],4
raw_scores\[10\]\[13\],4
raw_scores\[15\]\[16\],4
raw_scores\[18\]\[11\],4
raw_scores\[18\]\[7\],4
raw_scores\[19\]\[18\],4
raw_scores\[20\]\[10\],4
raw_scores\[22\]\[18\],4
raw_scores\[24\]\[6\],4
raw_scores\[25\]\[11\],4
raw_scores\[25\]\[2\],4
raw_scores\[32\]\[8\],4
raw_scores\[34\]\[14\],4
raw_scores\[37\]\[12\],4
raw_scores\[37\]\[4\],4
raw_scores\[37\]\[6\],4
raw_scores\[37\]\[7\],4
raw_scores\[40\]\[19\],4
raw_scores\[42\]\[8\],4
raw_scores\[43\]\[11\],4
raw_scores\[43\]\[16\],4
raw_scores\[45\]\[18\],4
raw_scores\[45\]\[3\],4
raw_scores\[45\]\[4\],4
raw_scores\[48\]\[13\],4
raw_scores\[48\]\[18\],4
raw_scores\[48\]\[7\],4
raw_scores\[49\]\[6\],4
raw_scores\[51\]\[8\],4
raw_scores\[51\]\[9\],4
raw_scores\[7\]\[12\],4
scaled_scores\[46\]\[13\],4
v\[41\]\[3\],4
net1068,4
net1104,4
net1112,4
net1293,4
net1354,4
net1405,4
net1844,4
net1921,4
net2079,4
net2220,4
net2273,4
net2524,4
net2994,4
net3087,4
net4015,4
net4829,4
net5342,4
net5571,4
net5870,4
net6227,4
net6374,4
net6390,4
net6499,4
net6653,4
net7090,4
_02681_,3.995
_03231_,3.995
_03562_,3.995
_04164_,3.995
_05314_,3.995
_05594_,3.995
_06013_,3.995
v\[4\]\[7\],3.99
k\[58\]\[6\],3.985
v\[113\]\[7\],3.985
v\[124\]\[6\],3.985
v\[5\]\[5\],3.985
_07153_,3.98
_08641_,3.98
_11609_,3.98
_14657_,3.98
_18120_,3.98
_25346_,3.98
_30807_,3.98
_30953_,3.98
_31899_,3.98
_33727_,3.98
_38111_,3.98
_43068_,3.98
_43937_,3.98
k\[113\]\[4\],3.98
out\[56\]\[2\],3.98
out\[60\]\[3\],3.98
net4183,3.98
_43637_,3.975
weights\[16\]\[2\],3.975
_10330_,3.97
_00246_,3.965
_00693_,3.965
_00939_,3.965
_01430_,3.965
_01487_,3.965
_02603_,3.965
_02963_,3.965
_03029_,3.965
_03152_,3.965
_03470_,3.965
_03473_,3.965
_03485_,3.965
_03576_,3.965
_03587_,3.965
_03683_,3.965
_03808_,3.965
_03867_,3.965
_04021_,3.965
_04023_,3.965
_04095_,3.965
_04179_,3.965
_04277_,3.965
_04388_,3.965
_04440_,3.965
_04626_,3.965
_04644_,3.965
_04670_,3.965
_04828_,3.965
_04941_,3.965
_05104_,3.965
_05114_,3.965
_05281_,3.965
_05891_,3.965
_05910_,3.965
_06244_,3.965
_06324_,3.965
_06338_,3.965
_06422_,3.965
_06622_,3.965
_06739_,3.965
_06746_,3.965
_06872_,3.965
_06904_,3.965
_07031_,3.965
_08837_,3.96
_32491_,3.96
_02455_,3.955
_02511_,3.955
_02964_,3.955
_06213_,3.955
_28229_,3.95
_42922_,3.95
_07204_,3.945
_07757_,3.93
_13486_,3.93
row_data[107],3.93
row_data[10],3.93
row_data[110],3.93
row_data[115],3.93
row_data[24],3.93
row_data[27],3.93
row_data[43],3.93
row_data[58],3.93
row_data[79],3.93
row_data[9],3.93
_00567_,3.925
_00602_,3.925
_01148_,3.925
_01173_,3.925
_01230_,3.925
_01523_,3.925
_01852_,3.925
_02074_,3.925
_02145_,3.925
_02839_,3.925
_02856_,3.925
_03117_,3.925
_03203_,3.925
_03218_,3.925
_03304_,3.925
_03658_,3.925
_03716_,3.925
_03802_,3.925
_04086_,3.925
_04195_,3.925
_04208_,3.925
_04500_,3.925
_05074_,3.925
_05150_,3.925
_05275_,3.925
_05507_,3.925
_05529_,3.925
_05564_,3.925
_05699_,3.925
_05797_,3.925
_06191_,3.925
_06249_,3.925
_06320_,3.925
_06441_,3.925
_06702_,3.925
_06754_,3.925
_06796_,3.925
_01066_,3.92
_12300_,3.92
scaled_scores\[43\]\[17\],3.92
net3953,3.92
_38543_,3.905
_00857_,3.9
_01592_,3.9
_02571_,3.9
_02692_,3.9
_03597_,3.9
_04112_,3.9
_04243_,3.9
_07734_,3.9
_08143_,3.9
_09105_,3.9
_11539_,3.9
_11558_,3.9
_12038_,3.9
_12138_,3.9
_12483_,3.9
_12485_,3.9
_12536_,3.9
_12747_,3.9
_12877_,3.9
_12999_,3.9
_13679_,3.9
_13760_,3.9
_14037_,3.9
_14081_,3.9
_14952_,3.9
_15227_,3.9
_15553_,3.9
_15577_,3.9
_15649_,3.9
_15858_,3.9
_16364_,3.9
_16463_,3.9
_16662_,3.9
_16685_,3.9
_16737_,3.9
_16813_,3.9
_16867_,3.9
_17004_,3.9
_17037_,3.9
_17050_,3.9
_17261_,3.9
_17295_,3.9
_17342_,3.9
_17496_,3.9
_17572_,3.9
_17758_,3.9
_17874_,3.9
_18133_,3.9
_18335_,3.9
_18562_,3.9
_18773_,3.9
_19753_,3.9
_19893_,3.9
_21036_,3.9
_21309_,3.9
_22642_,3.9
_22776_,3.9
_22815_,3.9
_22948_,3.9
_24542_,3.9
_24926_,3.9
_24952_,3.9
_25582_,3.9
_25686_,3.9
_26174_,3.9
_27882_,3.9
_28122_,3.9
_29338_,3.9
_29667_,3.9
_29787_,3.9
_30018_,3.9
_30064_,3.9
_30683_,3.9
_31112_,3.9
_31187_,3.9
_31419_,3.9
_31937_,3.9
_32063_,3.9
_32077_,3.9
_32755_,3.9
_33685_,3.9
_33781_,3.9
_34163_,3.9
_38034_,3.9
_38671_,3.9
_39867_,3.9
_40206_,3.9
_40322_,3.9
_40367_,3.9
_41056_,3.9
_41489_,3.9
_41856_,3.9
_42092_,3.9
_42924_,3.9
_44200_,3.9
raw_scores\[48\]\[15\],3.9
_07172_,3.88
_07761_,3.88
_07930_,3.88
_07964_,3.88
_08486_,3.88
_08611_,3.88
_08803_,3.88
_09147_,3.88
_09910_,3.88
_10069_,3.88
_10243_,3.88
_10274_,3.88
_10364_,3.88
_10890_,3.88
_11001_,3.88
_11053_,3.88
_11280_,3.88
_11430_,3.88
_11461_,3.88
_11686_,3.88
_11945_,3.88
_11975_,3.88
_12008_,3.88
_12079_,3.88
_12122_,3.88
_12155_,3.88
_12197_,3.88
_12308_,3.88
_12497_,3.88
_12510_,3.88
_12573_,3.88
_12576_,3.88
_12826_,3.88
_12911_,3.88
_13111_,3.88
_13150_,3.88
_13176_,3.88
_13179_,3.88
_13290_,3.88
_13425_,3.88
_13685_,3.88
_13725_,3.88
_13742_,3.88
_13825_,3.88
_14163_,3.88
_14300_,3.88
_14714_,3.88
_14743_,3.88
_14796_,3.88
_14904_,3.88
_15106_,3.88
_15422_,3.88
_15570_,3.88
_15623_,3.88
_15736_,3.88
_15954_,3.88
_15990_,3.88
_16005_,3.88
_16014_,3.88
_16213_,3.88
_16346_,3.88
_16478_,3.88
_16600_,3.88
_16653_,3.88
_16696_,3.88
_16804_,3.88
_16885_,3.88
_16931_,3.88
_16960_,3.88
_17098_,3.88
_17468_,3.88
_17916_,3.88
_17978_,3.88
_18138_,3.88
_18284_,3.88
_18462_,3.88
_18667_,3.88
_18688_,3.88
_18700_,3.88
_18720_,3.88
_18746_,3.88
_18782_,3.88
_18983_,3.88
_19021_,3.88
_19079_,3.88
_19305_,3.88
_19443_,3.88
_20182_,3.88
_20602_,3.88
_20644_,3.88
_20853_,3.88
_20922_,3.88
_21120_,3.88
_21224_,3.88
_21320_,3.88
_21549_,3.88
_21705_,3.88
_21737_,3.88
_21924_,3.88
_21925_,3.88
_22024_,3.88
_22315_,3.88
_22319_,3.88
_22370_,3.88
_22401_,3.88
_22457_,3.88
_22631_,3.88
_22716_,3.88
_23610_,3.88
_23754_,3.88
_23892_,3.88
_23981_,3.88
_24047_,3.88
_24196_,3.88
_24437_,3.88
_24601_,3.88
_24696_,3.88
_25182_,3.88
_25201_,3.88
_25631_,3.88
_25782_,3.88
_25957_,3.88
_25959_,3.88
_26016_,3.88
_26563_,3.88
_26617_,3.88
_27005_,3.88
_27067_,3.88
_27427_,3.88
_27509_,3.88
_28316_,3.88
_28483_,3.88
_28599_,3.88
_29099_,3.88
_29472_,3.88
_29602_,3.88
_29634_,3.88
_29808_,3.88
_30271_,3.88
_30283_,3.88
_30542_,3.88
_30893_,3.88
_30960_,3.88
_30997_,3.88
_31244_,3.88
_31286_,3.88
_31403_,3.88
_31451_,3.88
_31628_,3.88
_31689_,3.88
_31872_,3.88
_32443_,3.88
_32531_,3.88
_32554_,3.88
_33692_,3.88
_33985_,3.88
_34943_,3.88
_35284_,3.88
_35487_,3.88
_35790_,3.88
_36515_,3.88
_36676_,3.88
_37562_,3.88
_37585_,3.88
_37762_,3.88
_37823_,3.88
_37864_,3.88
_38446_,3.88
_39077_,3.88
_39180_,3.88
_39255_,3.88
_39373_,3.88
_39637_,3.88
_40063_,3.88
_40268_,3.88
_41227_,3.88
_41589_,3.88
_41948_,3.88
_42323_,3.88
_42582_,3.88
_42620_,3.88
_43140_,3.88
_43416_,3.88
_43524_,3.88
_44072_,3.88
_44174_,3.88
_44223_,3.88
k\[44\]\[0\],3.88
k\[6\]\[0\],3.88
out\[74\]\[2\],3.88
out\[76\]\[3\],3.88
out\[81\]\[1\],3.88
out\[91\]\[2\],3.88
scaled_scores\[12\]\[16\],3.88
v\[30\]\[2\],3.88
v\[98\]\[6\],3.88
net813,3.88
net831,3.88
net939,3.88
net1110,3.88
net1121,3.88
net1235,3.88
net1254,3.88
net1288,3.88
net1363,3.88
net1581,3.88
net1589,3.88
net1641,3.88
net1953,3.88
net2035,3.88
net2112,3.88
net3258,3.88
net3478,3.88
net3583,3.88
net3798,3.88
net4110,3.88
net4783,3.88
net4815,3.88
net4937,3.88
net5123,3.88
net5127,3.88
net5189,3.88
net5281,3.88
net5617,3.88
net5933,3.88
net5960,3.88
net6153,3.88
net6157,3.88
net6679,3.88
net7003,3.88
net7128,3.88
net7576,3.88
_38073_,3.87
_00063_,3.865
_00488_,3.865
_00813_,3.865
_00887_,3.865
_01401_,3.865
_01428_,3.865
_01874_,3.865
_02564_,3.865
_03192_,3.865
_03403_,3.865
_03430_,3.865
_03444_,3.865
_03751_,3.865
_03874_,3.865
_03965_,3.865
_04184_,3.865
_04267_,3.865
_05918_,3.865
_05953_,3.865
_05954_,3.865
_06100_,3.865
_06768_,3.865
_06815_,3.865
_22760_,3.86
_24922_,3.86
_25217_,3.86
_25697_,3.86
_26421_,3.86
_34675_,3.86
_34916_,3.86
_36852_,3.86
_43652_,3.86
out\[25\]\[2\],3.86
_00924_,3.84
_02061_,3.835
_02255_,3.815
_00697_,3.805
_00926_,3.805
_01731_,3.805
_02024_,3.805
_02115_,3.805
_02312_,3.805
_02349_,3.805
_02909_,3.805
_02973_,3.805
_03007_,3.805
_03235_,3.805
_03343_,3.805
_03907_,3.805
_03909_,3.805
_04311_,3.805
_04699_,3.805
_04880_,3.805
_05298_,3.805
_05562_,3.805
_05704_,3.805
_06199_,3.805
_06590_,3.805
_06812_,3.805
_07020_,3.805
_07069_,3.805
_00268_,3.8
_00361_,3.8
_00613_,3.8
_00721_,3.8
_00731_,3.8
_00773_,3.8
_00804_,3.8
_01466_,3.8
_01698_,3.8
_01912_,3.8
_02094_,3.8
_02392_,3.8
_02411_,3.8
_02414_,3.8
_02438_,3.8
_02458_,3.8
_02462_,3.8
_02530_,3.8
_02568_,3.8
_02610_,3.8
_02657_,3.8
_02722_,3.8
_03082_,3.8
_03096_,3.8
_03198_,3.8
_03262_,3.8
_03296_,3.8
_03354_,3.8
_03368_,3.8
_03374_,3.8
_03542_,3.8
_03574_,3.8
_03928_,3.8
_03985_,3.8
_04005_,3.8
_04145_,3.8
_04209_,3.8
_04300_,3.8
_04347_,3.8
_04376_,3.8
_04451_,3.8
_04540_,3.8
_04569_,3.8
_04599_,3.8
_04709_,3.8
_04732_,3.8
_04804_,3.8
_05098_,3.8
_05120_,3.8
_05121_,3.8
_05137_,3.8
_05152_,3.8
_05222_,3.8
_05251_,3.8
_05312_,3.8
_05318_,3.8
_05371_,3.8
_05571_,3.8
_05579_,3.8
_06177_,3.8
_06232_,3.8
_06318_,3.8
_06348_,3.8
_06366_,3.8
_06490_,3.8
_06530_,3.8
_06599_,3.8
_06624_,3.8
_06652_,3.8
_06761_,3.8
_07022_,3.8
_07026_,3.8
_12477_,3.8
_00342_,3.795
_01129_,3.785
_03471_,3.785
_01134_,3.78
_01139_,3.78
_01166_,3.78
_01441_,3.78
_01489_,3.78
_01521_,3.78
_02396_,3.78
_02469_,3.78
_02650_,3.78
_03212_,3.78
_03556_,3.78
_03640_,3.78
_03692_,3.78
_03713_,3.78
_04022_,3.78
_04228_,3.78
_04232_,3.78
_04397_,3.78
_04415_,3.78
_04648_,3.78
_04749_,3.78
_04929_,3.78
_05060_,3.78
_05136_,3.78
_05141_,3.78
_05294_,3.78
_05390_,3.78
_05613_,3.78
_06109_,3.78
_06337_,3.78
_06535_,3.78
_06679_,3.78
_06841_,3.78
_06883_,3.78
_06955_,3.78
_13808_,3.78
_14694_,3.78
_17169_,3.78
_19963_,3.78
_21724_,3.78
_26376_,3.78
_27087_,3.78
_27769_,3.78
_27780_,3.78
_29295_,3.78
_32390_,3.78
_32781_,3.78
_33069_,3.78
_35503_,3.78
_35645_,3.78
_37484_,3.78
_38637_,3.78
_39621_,3.78
_40593_,3.78
_41060_,3.78
net2707,3.78
net2758,3.78
net3018,3.78
net3040,3.78
net3449,3.78
net3838,3.78
net3984,3.78
net4223,3.78
net4312,3.78
net4380,3.78
net4422,3.78
net4786,3.78
net5004,3.78
net5057,3.78
net5390,3.78
net5453,3.78
net5490,3.78
net5505,3.78
net5509,3.78
net5519,3.78
net5666,3.78
net5894,3.78
net6013,3.78
net6175,3.78
net6223,3.78
net6321,3.78
net6483,3.78
net6704,3.78
net6800,3.78
net7116,3.78
net7316,3.78
net7749,3.78
net7754,3.78
net7769,3.78
_40972_,3.775
_30985_,3.77
v\[76\]\[4\],3.765
_00104_,3.76
_07111_,3.76
_07175_,3.76
_07185_,3.76
_07208_,3.76
_07509_,3.76
_07712_,3.76
_08688_,3.76
_10390_,3.76
_12553_,3.76
_12796_,3.76
_15585_,3.76
_15859_,3.76
_16819_,3.76
_19569_,3.76
_22664_,3.76
_25881_,3.76
_26982_,3.76
_27713_,3.76
_29059_,3.76
_29092_,3.76
_29444_,3.76
_29741_,3.76
_30455_,3.76
_30749_,3.76
_31623_,3.76
_33853_,3.76
_33941_,3.76
_34091_,3.76
_34299_,3.76
_34329_,3.76
_37591_,3.76
_38066_,3.76
_38331_,3.76
_39288_,3.76
_39476_,3.76
_43075_,3.76
_43196_,3.76
k\[79\]\[5\],3.76
k\[90\]\[7\],3.76
v\[120\]\[1\],3.76
weights\[7\]\[0\],3.76
net1451,3.76
net3036,3.76
net5162,3.76
net6871,3.76
net7666,3.76
_32248_,3.755
_10471_,3.74
_15145_,3.74
_17624_,3.74
_28825_,3.74
net4710,3.74
_03107_,3.735
_04040_,3.735
_04809_,3.735
_05172_,3.735
_41890_,3.73
_00332_,3.705
_00737_,3.705
_00847_,3.705
_00908_,3.705
_00970_,3.705
_01238_,3.705
_01541_,3.705
_01567_,3.705
_01726_,3.705
_01747_,3.705
_01766_,3.705
_01942_,3.705
_01963_,3.705
_01968_,3.705
_01978_,3.705
_02064_,3.705
_02073_,3.705
_02224_,3.705
_02299_,3.705
_02715_,3.705
_02776_,3.705
_02931_,3.705
_02949_,3.705
_03519_,3.705
_03560_,3.705
_04391_,3.705
_05555_,3.705
_05740_,3.705
_06073_,3.705
_06121_,3.705
_06401_,3.705
_06439_,3.705
_06533_,3.705
_06752_,3.705
_06830_,3.705
_35355_,3.705
_38595_,3.69
_00410_,3.685
_01800_,3.685
_02401_,3.685
_02817_,3.685
_03814_,3.685
_04906_,3.685
_06858_,3.685
_07119_,3.685
_00127_,3.68
_00185_,3.68
_00208_,3.68
_00210_,3.68
_01328_,3.68
_02164_,3.68
_04935_,3.68
_06056_,3.68
_08606_,3.68
_08898_,3.68
_14511_,3.68
_20513_,3.68
_21439_,3.68
_21654_,3.68
_22456_,3.68
_23995_,3.68
_24443_,3.68
_25094_,3.68
_26343_,3.68
_26860_,3.68
_28175_,3.68
_29366_,3.68
_30824_,3.68
_30868_,3.68
_31457_,3.68
_32193_,3.68
_32490_,3.68
_33303_,3.68
_33461_,3.68
_35420_,3.68
_36842_,3.68
_37482_,3.68
_37623_,3.68
_37720_,3.68
_38352_,3.68
_39235_,3.68
_39804_,3.68
_42589_,3.68
_43170_,3.68
net869,3.68
net912,3.68
net1471,3.68
net1840,3.68
net1900,3.68
net1943,3.68
net1998,3.68
net2025,3.68
net2027,3.68
net2174,3.68
net2185,3.68
net2288,3.68
net2425,3.68
net2433,3.68
net2579,3.68
net2878,3.68
net2929,3.68
net3021,3.68
net3116,3.68
net3154,3.68
net3397,3.68
net3417,3.68
net3423,3.68
net3430,3.68
net3525,3.68
net3736,3.68
net3787,3.68
net4193,3.68
net4733,3.68
net4737,3.68
net5111,3.68
net5333,3.68
net5615,3.68
net5851,3.68
net5900,3.68
net6256,3.68
net6656,3.68
net7431,3.68
net7441,3.68
net7470,3.68
net7485,3.68
net7522,3.68
net7596,3.68
net7597,3.68
net7786,3.68
net7792,3.68
net7798,3.68
net7807,3.68
net7829,3.68
net7876,3.68
net7878,3.68
_00013_,3.66
_07105_,3.66
_07108_,3.66
_07125_,3.66
_07139_,3.66
_07285_,3.66
_07287_,3.66
_07347_,3.66
_07397_,3.66
_07487_,3.66
_15222_,3.66
_19969_,3.66
_20092_,3.66
_21519_,3.66
_21799_,3.66
_27093_,3.66
_28971_,3.66
_29605_,3.66
_29746_,3.66
_30409_,3.66
_30482_,3.66
_31348_,3.66
_31359_,3.66
_32473_,3.66
_33752_,3.66
_37120_,3.66
_37893_,3.66
_38503_,3.66
_40304_,3.66
_41942_,3.66
net1144,3.66
net1299,3.66
net1355,3.66
net3436,3.66
net5043,3.66
net5772,3.66
net5961,3.66
net6043,3.66
net6760,3.66
_00642_,3.655
_03130_,3.655
_04064_,3.655
_04071_,3.655
_04992_,3.655
k\[92\]\[4\],3.645
scaled_scores\[43\]\[1\],3.645
v\[118\]\[6\],3.645
v\[92\]\[3\],3.645
_20784_,3.64
_22784_,3.64
_23857_,3.64
_26928_,3.64
_27523_,3.64
_27551_,3.64
_31290_,3.64
_34952_,3.64
_35205_,3.64
_35583_,3.64
_36778_,3.64
_40430_,3.64
_40751_,3.64
_41993_,3.64
_43115_,3.64
k\[8\]\[5\],3.64
k\[91\]\[0\],3.64
scaled_scores\[50\]\[16\],3.64
scaled_scores\[5\]\[4\],3.64
v\[103\]\[1\],3.64
v\[114\]\[5\],3.64
v\[126\]\[5\],3.64
v\[88\]\[1\],3.64
net1948,3.64
net4939,3.64
net7825,3.64
_00834_,3.635
_04442_,3.635
_04696_,3.635
_06649_,3.635
_28695_,3.63
_00314_,3.625
_00542_,3.625
_00555_,3.625
_00558_,3.625
_00739_,3.625
_00758_,3.625
_00760_,3.625
_01089_,3.625
_01450_,3.625
_01483_,3.625
_01557_,3.625
_01636_,3.625
_01664_,3.625
_01793_,3.625
_01996_,3.625
_02069_,3.625
_02097_,3.625
_02293_,3.625
_02434_,3.625
_02474_,3.625
_02507_,3.625
_02629_,3.625
_02718_,3.625
_02739_,3.625
_02751_,3.625
_02764_,3.625
_02819_,3.625
_02837_,3.625
_02925_,3.625
_02958_,3.625
_03065_,3.625
_03076_,3.625
_03103_,3.625
_03108_,3.625
_03118_,3.625
_03150_,3.625
_03223_,3.625
_03283_,3.625
_03294_,3.625
_03391_,3.625
_03402_,3.625
_03505_,3.625
_03573_,3.625
_03575_,3.625
_03698_,3.625
_03715_,3.625
_03723_,3.625
_03731_,3.625
_03754_,3.625
_03901_,3.625
_03910_,3.625
_03930_,3.625
_04042_,3.625
_04059_,3.625
_04099_,3.625
_04135_,3.625
_04140_,3.625
_04181_,3.625
_04182_,3.625
_04186_,3.625
_04229_,3.625
_04240_,3.625
_04262_,3.625
_04363_,3.625
_04418_,3.625
_04482_,3.625
_04494_,3.625
_04535_,3.625
_04547_,3.625
_04740_,3.625
_04871_,3.625
_04886_,3.625
_04970_,3.625
_05013_,3.625
_05015_,3.625
_05091_,3.625
_05197_,3.625
_05227_,3.625
_05231_,3.625
_05252_,3.625
_05256_,3.625
_05304_,3.625
_05306_,3.625
_05319_,3.625
_05338_,3.625
_05416_,3.625
_05471_,3.625
_05508_,3.625
_05523_,3.625
_05525_,3.625
_05600_,3.625
_05647_,3.625
_05681_,3.625
_05696_,3.625
_05709_,3.625
_05814_,3.625
_05896_,3.625
_05913_,3.625
_05946_,3.625
_06003_,3.625
_06012_,3.625
_06043_,3.625
_06051_,3.625
_06276_,3.625
_06352_,3.625
_06359_,3.625
_06407_,3.625
_06453_,3.625
_06455_,3.625
_06498_,3.625
_06547_,3.625
_06662_,3.625
_06726_,3.625
_06745_,3.625
_06826_,3.625
_06876_,3.625
_06881_,3.625
_06935_,3.625
_06993_,3.625
_07000_,3.625
_37777_,3.61
_00340_,3.605
_00768_,3.605
_00962_,3.605
_03320_,3.605
_03532_,3.605
_03545_,3.605
_04094_,3.605
_04502_,3.605
_08121_,3.6
_22128_,3.595
_00354_,3.585
_00514_,3.585
_01321_,3.585
_01527_,3.585
_01786_,3.585
_02320_,3.585
_02623_,3.585
_02712_,3.585
_03095_,3.585
_03441_,3.585
_04780_,3.585
_04784_,3.585
_05668_,3.585
_06155_,3.585
_06416_,3.585
_02489_,3.58
_06017_,3.58
_38490_,3.57
_03880_,3.565
_04000_,3.565
_00118_,3.56
_00140_,3.56
_00153_,3.56
_00173_,3.56
_00181_,3.56
_00182_,3.56
_00184_,3.56
_00190_,3.56
_00192_,3.56
_02468_,3.56
_03703_,3.56
_07754_,3.56
_07854_,3.56
_07897_,3.56
_08070_,3.56
_08150_,3.56
_08509_,3.56
_08555_,3.56
_08668_,3.56
_08929_,3.56
_13279_,3.56
_13757_,3.56
_13763_,3.56
_13769_,3.56
_13919_,3.56
_16045_,3.56
_16092_,3.56
_16141_,3.56
_16143_,3.56
_16156_,3.56
_16220_,3.56
_16237_,3.56
_16243_,3.56
_16291_,3.56
_16294_,3.56
_16298_,3.56
_16315_,3.56
_16356_,3.56
_16374_,3.56
_16386_,3.56
_16387_,3.56
_16394_,3.56
_16414_,3.56
_16426_,3.56
_16457_,3.56
_16462_,3.56
_16471_,3.56
_16485_,3.56
_16522_,3.56
_16526_,3.56
_16570_,3.56
_16573_,3.56
_16613_,3.56
_16622_,3.56
_16704_,3.56
_16769_,3.56
_16785_,3.56
_16830_,3.56
_16831_,3.56
_16834_,3.56
_16844_,3.56
_16850_,3.56
_16882_,3.56
_17070_,3.56
_17085_,3.56
_17091_,3.56
_17113_,3.56
_17117_,3.56
_17120_,3.56
_17140_,3.56
_17158_,3.56
_17162_,3.56
_17171_,3.56
_17215_,3.56
_17239_,3.56
_19169_,3.56
_19746_,3.56
_19776_,3.56
_19843_,3.56
_20451_,3.56
_20746_,3.56
_21107_,3.56
_21400_,3.56
_21784_,3.56
_22147_,3.56
_22963_,3.56
_23361_,3.56
_24268_,3.56
_24506_,3.56
_24614_,3.56
_24787_,3.56
_24985_,3.56
_25461_,3.56
_25755_,3.56
_26025_,3.56
_26064_,3.56
_26724_,3.56
_26820_,3.56
_26949_,3.56
_27537_,3.56
_27845_,3.56
_27883_,3.56
_28655_,3.56
_29054_,3.56
_29469_,3.56
_29842_,3.56
_30243_,3.56
_31395_,3.56
_31762_,3.56
_32127_,3.56
_32162_,3.56
_32550_,3.56
_32814_,3.56
_34330_,3.56
_34585_,3.56
_34871_,3.56
_35703_,3.56
_38314_,3.56
_38501_,3.56
_38703_,3.56
_39176_,3.56
_39299_,3.56
_39531_,3.56
_39836_,3.56
_40254_,3.56
_40506_,3.56
_40632_,3.56
_41307_,3.56
_41325_,3.56
_41500_,3.56
_41528_,3.56
_42001_,3.56
_42703_,3.56
_43889_,3.56
raw_scores\[2\]\[8\],3.56
raw_scores\[41\]\[15\],3.56
raw_scores\[44\]\[16\],3.56
raw_scores\[48\]\[4\],3.56
raw_scores\[5\]\[9\],3.56
net1155,3.56
net1716,3.56
net4165,3.56
_31461_,3.555
_31234_,3.55
_36420_,3.545
_00023_,3.54
_02746_,3.54
_07086_,3.54
_07166_,3.54
_07210_,3.54
_07240_,3.54
_07247_,3.54
_07360_,3.54
_07364_,3.54
_07396_,3.54
_07465_,3.54
_07472_,3.54
_07485_,3.54
_07846_,3.54
_07991_,3.54
_08410_,3.54
_08626_,3.54
_08743_,3.54
_08760_,3.54
_08991_,3.54
_09439_,3.54
_09579_,3.54
_09599_,3.54
_09901_,3.54
_10086_,3.54
_10160_,3.54
_10582_,3.54
_10904_,3.54
_11330_,3.54
_11437_,3.54
_11515_,3.54
_11655_,3.54
_11792_,3.54
_11803_,3.54
_11859_,3.54
_12080_,3.54
_12108_,3.54
_12191_,3.54
_12548_,3.54
_12559_,3.54
_12748_,3.54
_12919_,3.54
_12925_,3.54
_13095_,3.54
_13477_,3.54
_13788_,3.54
_13818_,3.54
_14245_,3.54
_14270_,3.54
_14704_,3.54
_14747_,3.54
_14763_,3.54
_14814_,3.54
_14888_,3.54
_15259_,3.54
_15288_,3.54
_15291_,3.54
_15434_,3.54
_15529_,3.54
_15609_,3.54
_15637_,3.54
_15666_,3.54
_15948_,3.54
_15980_,3.54
_16073_,3.54
_16080_,3.54
_16172_,3.54
_16195_,3.54
_16231_,3.54
_16382_,3.54
_16565_,3.54
_16572_,3.54
_16648_,3.54
_16989_,3.54
_17047_,3.54
_17112_,3.54
_17240_,3.54
_17290_,3.54
_17447_,3.54
_17614_,3.54
_17800_,3.54
_17834_,3.54
_18185_,3.54
_18191_,3.54
_18204_,3.54
_18345_,3.54
_18903_,3.54
_19573_,3.54
_19806_,3.54
_20329_,3.54
_21136_,3.54
_21200_,3.54
_21255_,3.54
_21667_,3.54
_21948_,3.54
_21966_,3.54
_21991_,3.54
_22115_,3.54
_22188_,3.54
_22283_,3.54
_22555_,3.54
_22753_,3.54
_23470_,3.54
_23574_,3.54
_23914_,3.54
_24025_,3.54
_24171_,3.54
_24375_,3.54
_24584_,3.54
_24957_,3.54
_25648_,3.54
_26478_,3.54
_26883_,3.54
_26889_,3.54
_27294_,3.54
_27597_,3.54
_28206_,3.54
_28234_,3.54
_28586_,3.54
_28964_,3.54
_29012_,3.54
_29568_,3.54
_29716_,3.54
_30218_,3.54
_30300_,3.54
_30737_,3.54
_30739_,3.54
_31138_,3.54
_31174_,3.54
_31561_,3.54
_31584_,3.54
_31589_,3.54
_31676_,3.54
_32139_,3.54
_32264_,3.54
_32535_,3.54
_33025_,3.54
_33256_,3.54
_33313_,3.54
_33852_,3.54
_34207_,3.54
_34241_,3.54
_35050_,3.54
_35132_,3.54
_35145_,3.54
_35186_,3.54
_35264_,3.54
_35358_,3.54
_35409_,3.54
_35526_,3.54
_35666_,3.54
_36498_,3.54
_36943_,3.54
_37305_,3.54
_37366_,3.54
_37375_,3.54
_37479_,3.54
_38049_,3.54
_38265_,3.54
_38392_,3.54
_38470_,3.54
_38639_,3.54
_38696_,3.54
_38806_,3.54
_39492_,3.54
_39583_,3.54
_40061_,3.54
_40210_,3.54
_40227_,3.54
_40344_,3.54
_40391_,3.54
_41001_,3.54
_41042_,3.54
_41298_,3.54
_41837_,3.54
_41889_,3.54
_42095_,3.54
_42260_,3.54
_42735_,3.54
_42857_,3.54
_42963_,3.54
_43367_,3.54
_43578_,3.54
_43843_,3.54
_43931_,3.54
k\[115\]\[6\],3.54
out\[54\]\[6\],3.54
out\[57\]\[0\],3.54
out\[87\]\[5\],3.54
out\[89\]\[0\],3.54
out\[91\]\[5\],3.54
raw_scores\[12\]\[2\],3.54
raw_scores\[15\]\[6\],3.54
raw_scores\[16\]\[17\],3.54
raw_scores\[18\]\[14\],3.54
raw_scores\[19\]\[7\],3.54
raw_scores\[20\]\[9\],3.54
raw_scores\[21\]\[13\],3.54
raw_scores\[21\]\[19\],3.54
raw_scores\[22\]\[16\],3.54
raw_scores\[24\]\[18\],3.54
raw_scores\[25\]\[6\],3.54
raw_scores\[27\]\[2\],3.54
raw_scores\[31\]\[17\],3.54
raw_scores\[33\]\[3\],3.54
raw_scores\[35\]\[16\],3.54
raw_scores\[36\]\[16\],3.54
raw_scores\[3\]\[11\],3.54
raw_scores\[3\]\[5\],3.54
raw_scores\[40\]\[3\],3.54
raw_scores\[41\]\[12\],3.54
raw_scores\[42\]\[13\],3.54
raw_scores\[42\]\[19\],3.54
raw_scores\[43\]\[15\],3.54
raw_scores\[45\]\[5\],3.54
raw_scores\[46\]\[19\],3.54
raw_scores\[46\]\[9\],3.54
raw_scores\[48\]\[17\],3.54
raw_scores\[49\]\[14\],3.54
raw_scores\[49\]\[19\],3.54
raw_scores\[4\]\[3\],3.54
raw_scores\[51\]\[5\],3.54
raw_scores\[52\]\[11\],3.54
raw_scores\[55\]\[2\],3.54
raw_scores\[56\]\[3\],3.54
raw_scores\[58\]\[10\],3.54
raw_scores\[62\]\[4\],3.54
raw_scores\[62\]\[9\],3.54
raw_scores\[7\]\[13\],3.54
raw_scores\[8\]\[8\],3.54
scaled_scores\[58\]\[11\],3.54
v\[73\]\[7\],3.54
weights\[52\]\[3\],3.54
net1797,3.54
net1866,3.54
net2193,3.54
net2237,3.54
net2349,3.54
net2402,3.54
net5032,3.54
net5122,3.54
net5656,3.54
net5718,3.54
net6705,3.54
net7073,3.54
net7682,3.54
_19954_,3.53
k\[89\]\[2\],3.525
_15275_,3.52
_15393_,3.52
_16468_,3.52
_20284_,3.52
_21425_,3.52
_22817_,3.52
_24510_,3.52
_30549_,3.52
_32487_,3.52
_34143_,3.52
_36889_,3.52
_37750_,3.52
_41112_,3.52
_42230_,3.52
_43976_,3.52
k\[17\]\[3\],3.52
out\[50\]\[6\],3.52
out\[53\]\[7\],3.52
raw_scores\[1\]\[3\],3.52
v\[71\]\[1\],3.52
net1826,3.52
net2181,3.52
_00825_,3.515
_02814_,3.515
_05632_,3.515
_06171_,3.515
weights\[6\]\[3\],3.515
_00076_,3.505
_00089_,3.505
_00281_,3.505
_00366_,3.505
_00526_,3.505
_00645_,3.505
_00651_,3.505
_00786_,3.505
_00928_,3.505
_01040_,3.505
_01062_,3.505
_01913_,3.505
_01953_,3.505
_01958_,3.505
_02071_,3.505
_02109_,3.505
_02559_,3.505
_02777_,3.505
_02902_,3.505
_03303_,3.505
_03353_,3.505
_03476_,3.505
_04144_,3.505
_04755_,3.505
_04885_,3.505
_05034_,3.505
_05158_,3.505
_05188_,3.505
_05215_,3.505
_05729_,3.505
_05730_,3.505
_05931_,3.505
_05947_,3.505
_06074_,3.505
_06091_,3.505
_06362_,3.505
_06417_,3.505
_06486_,3.505
_07024_,3.505
_31413_,3.5
_41220_,3.5
_00540_,3.495
_43458_,3.49
_00699_,3.465
_00772_,3.465
_00860_,3.465
_01010_,3.465
_01044_,3.465
_01055_,3.465
_01126_,3.465
_01261_,3.465
_01360_,3.465
_01655_,3.465
_01745_,3.465
_01878_,3.465
_02213_,3.465
_02247_,3.465
_02316_,3.465
_02323_,3.465
_02324_,3.465
_02325_,3.465
_02496_,3.465
_02719_,3.465
_02834_,3.465
_02912_,3.465
_03182_,3.465
_03274_,3.465
_03346_,3.465
_03348_,3.465
_03358_,3.465
_03360_,3.465
_03540_,3.465
_03615_,3.465
_03646_,3.465
_03670_,3.465
_03682_,3.465
_03747_,3.465
_03779_,3.465
_03798_,3.465
_03878_,3.465
_03913_,3.465
_04029_,3.465
_04087_,3.465
_04128_,3.465
_04171_,3.465
_04237_,3.465
_04343_,3.465
_04483_,3.465
_04492_,3.465
_04552_,3.465
_04685_,3.465
_04769_,3.465
_04877_,3.465
_04912_,3.465
_05076_,3.465
_05164_,3.465
_05403_,3.465
_05469_,3.465
_05506_,3.465
_05531_,3.465
_05549_,3.465
_05554_,3.465
_05765_,3.465
_05859_,3.465
_05992_,3.465
_06123_,3.465
_06132_,3.465
_06252_,3.465
_06288_,3.465
_06438_,3.465
_06661_,3.465
_06705_,3.465
_06804_,3.465
_06806_,3.465
_00298_,3.46
_02514_,3.46
_02648_,3.46
_00549_,3.455
_04904_,3.455
_38857_,3.45
_42202_,3.45
_00101_,3.44
_02207_,3.44
_02847_,3.44
_03481_,3.44
_03881_,3.44
_03920_,3.44
_09146_,3.44
_09883_,3.44
_10343_,3.44
_10498_,3.44
_10727_,3.44
_10969_,3.44
_11109_,3.44
_11480_,3.44
_11603_,3.44
_11850_,3.44
_12115_,3.44
_12412_,3.44
_12535_,3.44
_12686_,3.44
_12721_,3.44
_12782_,3.44
_12945_,3.44
_12988_,3.44
_13063_,3.44
_13659_,3.44
_13740_,3.44
_14061_,3.44
_14298_,3.44
_14581_,3.44
_15025_,3.44
_15256_,3.44
_15399_,3.44
_16004_,3.44
_16192_,3.44
_17431_,3.44
_17575_,3.44
_18041_,3.44
_18124_,3.44
_18243_,3.44
_18245_,3.44
_18670_,3.44
_19030_,3.44
_19042_,3.44
_19441_,3.44
_19908_,3.44
_20073_,3.44
_22071_,3.44
_22242_,3.44
_22589_,3.44
_25870_,3.44
_27010_,3.44
_27137_,3.44
_27928_,3.44
_28056_,3.44
_30075_,3.44
_30093_,3.44
_30735_,3.44
_31881_,3.44
_31953_,3.44
_32017_,3.44
_32277_,3.44
_33352_,3.44
_33421_,3.44
_33739_,3.44
_33978_,3.44
_34334_,3.44
_34750_,3.44
_36236_,3.44
_37848_,3.44
_38097_,3.44
_38835_,3.44
_38902_,3.44
_41559_,3.44
_42143_,3.44
_43059_,3.44
_44064_,3.44
out\[94\]\[3\],3.44
raw_scores\[32\]\[9\],3.44
raw_scores\[44\]\[18\],3.44
_25388_,3.435
_32093_,3.425
_00175_,3.42
_00241_,3.42
_07249_,3.42
_07350_,3.42
_07405_,3.42
_07530_,3.42
_07607_,3.42
_08027_,3.42
_08125_,3.42
_09544_,3.42
_09820_,3.42
_10367_,3.42
_10371_,3.42
_10675_,3.42
_11319_,3.42
_11355_,3.42
_11431_,3.42
_11536_,3.42
_11857_,3.42
_11974_,3.42
_12152_,3.42
_12270_,3.42
_12290_,3.42
_12304_,3.42
_12487_,3.42
_12547_,3.42
_12808_,3.42
_12857_,3.42
_12860_,3.42
_13163_,3.42
_13172_,3.42
_13216_,3.42
_13366_,3.42
_13540_,3.42
_13631_,3.42
_13716_,3.42
_13779_,3.42
_13878_,3.42
_14542_,3.42
_14622_,3.42
_15002_,3.42
_15365_,3.42
_15416_,3.42
_15429_,3.42
_15526_,3.42
_15560_,3.42
_15663_,3.42
_15675_,3.42
_15684_,3.42
_15718_,3.42
_15967_,3.42
_15989_,3.42
_16064_,3.42
_16592_,3.42
_16747_,3.42
_16849_,3.42
_17007_,3.42
_17189_,3.42
_17245_,3.42
_17365_,3.42
_17425_,3.42
_17427_,3.42
_17525_,3.42
_17669_,3.42
_17729_,3.42
_17803_,3.42
_17839_,3.42
_17886_,3.42
_17899_,3.42
_18007_,3.42
_18036_,3.42
_18098_,3.42
_18288_,3.42
_18354_,3.42
_18395_,3.42
_18551_,3.42
_18566_,3.42
_18594_,3.42
_18679_,3.42
_18695_,3.42
_18907_,3.42
_18933_,3.42
_19062_,3.42
_19069_,3.42
_19216_,3.42
_20054_,3.42
_20070_,3.42
_20200_,3.42
_20281_,3.42
_20649_,3.42
_20687_,3.42
_20722_,3.42
_20911_,3.42
_21041_,3.42
_21103_,3.42
_21248_,3.42
_21457_,3.42
_21764_,3.42
_21912_,3.42
_22107_,3.42
_22163_,3.42
_22418_,3.42
_23106_,3.42
_23603_,3.42
_23744_,3.42
_23983_,3.42
_24174_,3.42
_24238_,3.42
_24314_,3.42
_24596_,3.42
_24816_,3.42
_24864_,3.42
_24890_,3.42
_24999_,3.42
_25030_,3.42
_25037_,3.42
_25235_,3.42
_26324_,3.42
_26576_,3.42
_26603_,3.42
_26611_,3.42
_26934_,3.42
_27055_,3.42
_27271_,3.42
_27309_,3.42
_27362_,3.42
_27382_,3.42
_27615_,3.42
_27821_,3.42
_27953_,3.42
_27990_,3.42
_28291_,3.42
_28351_,3.42
_28459_,3.42
_28522_,3.42
_28619_,3.42
_28723_,3.42
_28993_,3.42
_29022_,3.42
_29191_,3.42
_29518_,3.42
_29611_,3.42
_29644_,3.42
_29780_,3.42
_29839_,3.42
_29890_,3.42
_30466_,3.42
_30890_,3.42
_30905_,3.42
_30935_,3.42
_31297_,3.42
_31322_,3.42
_31351_,3.42
_31522_,3.42
_31776_,3.42
_31820_,3.42
_31960_,3.42
_32102_,3.42
_32335_,3.42
_32344_,3.42
_32557_,3.42
_32825_,3.42
_33409_,3.42
_33592_,3.42
_34339_,3.42
_34639_,3.42
_34704_,3.42
_34727_,3.42
_34860_,3.42
_35198_,3.42
_35478_,3.42
_35544_,3.42
_35619_,3.42
_35719_,3.42
_36375_,3.42
_37035_,3.42
_37137_,3.42
_37712_,3.42
_37754_,3.42
_38003_,3.42
_38078_,3.42
_38480_,3.42
_39037_,3.42
_39410_,3.42
_39776_,3.42
_39982_,3.42
_40000_,3.42
_40033_,3.42
_40204_,3.42
_40406_,3.42
_40870_,3.42
_41234_,3.42
_41311_,3.42
_41718_,3.42
_41886_,3.42
_42274_,3.42
_42667_,3.42
_42699_,3.42
_43775_,3.42
_44012_,3.42
out\[59\]\[1\],3.42
out\[92\]\[1\],3.42
raw_scores\[11\]\[9\],3.42
raw_scores\[23\]\[7\],3.42
raw_scores\[29\]\[6\],3.42
raw_scores\[54\]\[9\],3.42
raw_scores\[5\]\[5\],3.42
v\[46\]\[4\],3.42
v\[94\]\[7\],3.42
net1065,3.42
net1275,3.42
net1539,3.42
net1541,3.42
net1547,3.42
net1733,3.42
net1902,3.42
net1925,3.42
net1936,3.42
net1958,3.42
net2011,3.42
net2101,3.42
net2514,3.42
net2791,3.42
net3096,3.42
net3220,3.42
net3810,3.42
net4048,3.42
net4845,3.42
net5328,3.42
net5470,3.42
net5648,3.42
net5710,3.42
net6234,3.42
net6329,3.42
net6429,3.42
net6625,3.42
net7815,3.42
_04392_,3.415
_43898_,3.41
_00090_,3.405
_00251_,3.405
_00460_,3.405
_00618_,3.405
_00635_,3.405
_00678_,3.405
_00766_,3.405
_00779_,3.405
_00811_,3.405
_00841_,3.405
_00891_,3.405
_01026_,3.405
_01069_,3.405
_01151_,3.405
_01269_,3.405
_01325_,3.405
_01419_,3.405
_01498_,3.405
_01549_,3.405
_01629_,3.405
_01666_,3.405
_01668_,3.405
_01712_,3.405
_01828_,3.405
_02054_,3.405
_02129_,3.405
_02317_,3.405
_02338_,3.405
_02343_,3.405
_02364_,3.405
_02369_,3.405
_02393_,3.405
_02398_,3.405
_02400_,3.405
_02485_,3.405
_02513_,3.405
_02533_,3.405
_02549_,3.405
_02613_,3.405
_02617_,3.405
_02683_,3.405
_02710_,3.405
_02721_,3.405
_02725_,3.405
_02727_,3.405
_02744_,3.405
_02804_,3.405
_02809_,3.405
_02876_,3.405
_02891_,3.405
_02892_,3.405
_02955_,3.405
_02961_,3.405
_03049_,3.405
_03079_,3.405
_03081_,3.405
_03089_,3.405
_03213_,3.405
_03217_,3.405
_03230_,3.405
_03264_,3.405
_03376_,3.405
_03446_,3.405
_03457_,3.405
_03490_,3.405
_03526_,3.405
_03630_,3.405
_03642_,3.405
_03651_,3.405
_03709_,3.405
_03761_,3.405
_03829_,3.405
_03853_,3.405
_03875_,3.405
_03954_,3.405
_03962_,3.405
_03987_,3.405
_04069_,3.405
_04120_,3.405
_04183_,3.405
_04215_,3.405
_04306_,3.405
_04315_,3.405
_04379_,3.405
_04402_,3.405
_04443_,3.405
_04461_,3.405
_04465_,3.405
_04503_,3.405
_04524_,3.405
_04529_,3.405
_04587_,3.405
_04680_,3.405
_04721_,3.405
_04737_,3.405
_04750_,3.405
_05032_,3.405
_05140_,3.405
_05233_,3.405
_05268_,3.405
_05427_,3.405
_05505_,3.405
_05583_,3.405
_05656_,3.405
_05798_,3.405
_06077_,3.405
_06084_,3.405
_06088_,3.405
_06125_,3.405
_06153_,3.405
_06159_,3.405
_06183_,3.405
_06218_,3.405
_06336_,3.405
_06339_,3.405
_06354_,3.405
_06370_,3.405
_06433_,3.405
_06434_,3.405
_06436_,3.405
_06505_,3.405
_06556_,3.405
_06575_,3.405
_06579_,3.405
_06695_,3.405
_06755_,3.405
_06760_,3.405
_06778_,3.405
_06843_,3.405
_06848_,3.405
_06850_,3.405
_06875_,3.405
_06907_,3.405
_06928_,3.405
_06982_,3.405
_07005_,3.405
_07030_,3.405
_07079_,3.405
_01317_,3.4
_13622_,3.4
_16955_,3.4
_19822_,3.4
_23507_,3.4
_26879_,3.4
_44078_,3.4
raw_scores\[62\]\[5\],3.4
net4761,3.4
_01602_,3.395
_07239_,3.385
_04147_,3.38
_31491_,3.35
_35506_,3.35
_38973_,3.35
_00309_,3.345
_00348_,3.345
_00486_,3.345
_00576_,3.345
_00590_,3.345
_00694_,3.345
_00755_,3.345
_01002_,3.345
_02165_,3.345
_02302_,3.345
_02386_,3.345
_02409_,3.345
_02602_,3.345
_02988_,3.345
_02996_,3.345
_03216_,3.345
_03259_,3.345
_03295_,3.345
_03373_,3.345
_03475_,3.345
_03790_,3.345
_03892_,3.345
_04050_,3.345
_04052_,3.345
_04102_,3.345
_04148_,3.345
_04160_,3.345
_04200_,3.345
_04279_,3.345
_04439_,3.345
_04452_,3.345
_04741_,3.345
_04868_,3.345
_05028_,3.345
_05059_,3.345
_05069_,3.345
_05349_,3.345
_05665_,3.345
_05686_,3.345
_06087_,3.345
_06105_,3.345
_06578_,3.345
_06712_,3.345
_06721_,3.345
_06773_,3.345
_06908_,3.345
_06911_,3.345
_06945_,3.345
_00039_,3.34
_00067_,3.34
_00069_,3.34
_00083_,3.34
_00328_,3.34
_00453_,3.34
_00506_,3.34
_00543_,3.34
_00660_,3.34
_00662_,3.34
_00683_,3.34
_00689_,3.34
_00722_,3.34
_00814_,3.34
_00937_,3.34
_01417_,3.34
_01420_,3.34
_01431_,3.34
_01453_,3.34
_01456_,3.34
_01674_,3.34
_01678_,3.34
_01702_,3.34
_01740_,3.34
_01765_,3.34
_01781_,3.34
_01898_,3.34
_01974_,3.34
_02122_,3.34
_02153_,3.34
_02332_,3.34
_02370_,3.34
_02374_,3.34
_02428_,3.34
_02459_,3.34
_02466_,3.34
_02534_,3.34
_02608_,3.34
_02615_,3.34
_02627_,3.34
_02630_,3.34
_02636_,3.34
_02708_,3.34
_02734_,3.34
_02737_,3.34
_02743_,3.34
_02795_,3.34
_02830_,3.34
_02879_,3.34
_02921_,3.34
_02943_,3.34
_02952_,3.34
_02959_,3.34
_02978_,3.34
_02990_,3.34
_03002_,3.34
_03021_,3.34
_03025_,3.34
_03036_,3.34
_03057_,3.34
_03090_,3.34
_03131_,3.34
_03146_,3.34
_03148_,3.34
_03153_,3.34
_03191_,3.34
_03199_,3.34
_03201_,3.34
_03206_,3.34
_03240_,3.34
_03245_,3.34
_03248_,3.34
_03249_,3.34
_03268_,3.34
_03285_,3.34
_03298_,3.34
_03310_,3.34
_03317_,3.34
_03399_,3.34
_03413_,3.34
_03445_,3.34
_03496_,3.34
_03497_,3.34
_03515_,3.34
_03551_,3.34
_03558_,3.34
_03567_,3.34
_03601_,3.34
_03604_,3.34
_03665_,3.34
_03775_,3.34
_03784_,3.34
_03823_,3.34
_03856_,3.34
_03903_,3.34
_03990_,3.34
_03993_,3.34
_04008_,3.34
_04027_,3.34
_04072_,3.34
_04105_,3.34
_04192_,3.34
_04194_,3.34
_04248_,3.34
_04259_,3.34
_04274_,3.34
_04290_,3.34
_04321_,3.34
_04333_,3.34
_04342_,3.34
_04406_,3.34
_04487_,3.34
_04504_,3.34
_04507_,3.34
_04510_,3.34
_04514_,3.34
_04532_,3.34
_04551_,3.34
_04596_,3.34
_04601_,3.34
_04606_,3.34
_04608_,3.34
_04610_,3.34
_04652_,3.34
_04713_,3.34
_04718_,3.34
_04745_,3.34
_04787_,3.34
_04835_,3.34
_04883_,3.34
_04899_,3.34
_04918_,3.34
_04930_,3.34
_04962_,3.34
_05000_,3.34
_05019_,3.34
_05082_,3.34
_05084_,3.34
_05087_,3.34
_05099_,3.34
_05105_,3.34
_05109_,3.34
_05126_,3.34
_05127_,3.34
_05174_,3.34
_05187_,3.34
_05218_,3.34
_05243_,3.34
_05262_,3.34
_05301_,3.34
_05317_,3.34
_05320_,3.34
_05335_,3.34
_05401_,3.34
_05414_,3.34
_05423_,3.34
_05642_,3.34
_05670_,3.34
_05683_,3.34
_05744_,3.34
_05949_,3.34
_05979_,3.34
_05990_,3.34
_06026_,3.34
_06030_,3.34
_06050_,3.34
_06090_,3.34
_06103_,3.34
_06126_,3.34
_06169_,3.34
_06180_,3.34
_06319_,3.34
_06333_,3.34
_06377_,3.34
_06410_,3.34
_06493_,3.34
_06528_,3.34
_06549_,3.34
_06640_,3.34
_06683_,3.34
_06701_,3.34
_06791_,3.34
_06809_,3.34
_06849_,3.34
_06893_,3.34
_06900_,3.34
_06998_,3.34
_07042_,3.34
_05500_,3.335
_34747_,3.33
_35012_,3.325
_38363_,3.325
_00355_,3.32
_00408_,3.32
_00568_,3.32
_00687_,3.32
_00738_,3.32
_00808_,3.32
_00969_,3.32
_01185_,3.32
_02185_,3.32
_02389_,3.32
_02399_,3.32
_02435_,3.32
_02467_,3.32
_02614_,3.32
_02644_,3.32
_03010_,3.32
_03291_,3.32
_03299_,3.32
_03659_,3.32
_04009_,3.32
_04115_,3.32
_04176_,3.32
_04288_,3.32
_04447_,3.32
_04634_,3.32
_04679_,3.32
_04701_,3.32
_04702_,3.32
_04949_,3.32
_05102_,3.32
_05145_,3.32
_05339_,3.32
_05355_,3.32
_05648_,3.32
_05854_,3.32
_06216_,3.32
_06287_,3.32
_06520_,3.32
_06611_,3.32
_07073_,3.32
_08420_,3.32
_09818_,3.32
_11935_,3.32
_12716_,3.32
_14846_,3.32
_21871_,3.32
_23453_,3.32
_27520_,3.32
_28104_,3.32
_31558_,3.32
_32151_,3.32
_32911_,3.32
_33325_,3.32
_35185_,3.32
_35791_,3.32
_37507_,3.32
_37927_,3.32
_39473_,3.32
_40320_,3.32
_43506_,3.32
net2881,3.32
net2902,3.32
net2932,3.32
net2942,3.32
net3023,3.32
net3075,3.32
net3165,3.32
net3197,3.32
net3209,3.32
net3234,3.32
net3277,3.32
net3325,3.32
net3337,3.32
net3354,3.32
net3362,3.32
net3390,3.32
net3456,3.32
net3464,3.32
net3469,3.32
net3505,3.32
net3522,3.32
net3542,3.32
net3618,3.32
net3633,3.32
net3690,3.32
net3693,3.32
net3763,3.32
net3920,3.32
net3928,3.32
net3954,3.32
net3962,3.32
net3997,3.32
net4005,3.32
net4034,3.32
net4044,3.32
net4203,3.32
net4210,3.32
net4300,3.32
net4325,3.32
net4353,3.32
net4358,3.32
net4387,3.32
net4450,3.32
net4548,3.32
net4635,3.32
net4639,3.32
net4658,3.32
net4731,3.32
net4776,3.32
net4911,3.32
net4927,3.32
net4928,3.32
net5017,3.32
net5025,3.32
net5062,3.32
net5090,3.32
net5138,3.32
net5146,3.32
net5250,3.32
net5293,3.32
net5313,3.32
net5355,3.32
net5356,3.32
net5372,3.32
net5386,3.32
net5387,3.32
net5416,3.32
net5417,3.32
net5514,3.32
net5535,3.32
net5742,3.32
net5808,3.32
net5879,3.32
net5928,3.32
net5973,3.32
net5982,3.32
net6048,3.32
net6095,3.32
net6154,3.32
net6251,3.32
net6283,3.32
net6325,3.32
net6342,3.32
net6424,3.32
net6503,3.32
net6582,3.32
net6591,3.32
net6717,3.32
net6725,3.32
net6908,3.32
net6948,3.32
net6968,3.32
net7247,3.32
net7310,3.32
net7361,3.32
net7499,3.32
net7593,3.32
net7712,3.32
net2276,3.315
_36344_,3.31
q\[49\]\[5\],3.305
v\[124\]\[5\],3.305
_01689_,3.3
_07363_,3.3
_08686_,3.3
_15065_,3.3
_18661_,3.3
_23348_,3.3
_23658_,3.3
_28727_,3.3
_30090_,3.3
_30800_,3.3
_34757_,3.3
_35038_,3.3
_35934_,3.3
_36421_,3.3
_42596_,3.3
_42671_,3.3
k\[67\]\[4\],3.3
q\[107\]\[3\],3.3
q\[73\]\[7\],3.3
v\[35\]\[7\],3.3
v\[75\]\[6\],3.3
weights\[51\]\[6\],3.3
weights\[53\]\[3\],3.3
net2021,3.3
net3917,3.3
net4348,3.3
net6438,3.3
net6831,3.3
_01960_,3.295
_02992_,3.295
_06832_,3.295
_21033_,3.29
_02634_,3.275
_04264_,3.275
_35813_,3.27
_03546_,3.255
_00008_,3.245
_00012_,3.245
_00712_,3.245
_00765_,3.245
_00793_,3.245
_00910_,3.245
_00999_,3.245
_01124_,3.245
_01125_,3.245
_01226_,3.245
_01677_,3.245
_01714_,3.245
_01966_,3.245
_02119_,3.245
_02234_,3.245
_02337_,3.245
_02572_,3.245
_02605_,3.245
_02838_,3.245
_03417_,3.245
_03627_,3.245
_03648_,3.245
_03756_,3.245
_03797_,3.245
_03882_,3.245
_03919_,3.245
_03927_,3.245
_03943_,3.245
_04070_,3.245
_04101_,3.245
_04149_,3.245
_04348_,3.245
_04356_,3.245
_04394_,3.245
_04499_,3.245
_04942_,3.245
_04957_,3.245
_05223_,3.245
_05228_,3.245
_05341_,3.245
_05408_,3.245
_05532_,3.245
_05548_,3.245
_05587_,3.245
_05591_,3.245
_05593_,3.245
_05604_,3.245
_05738_,3.245
_05988_,3.245
_06836_,3.245
_06839_,3.245
_07053_,3.245
raw_scores\[56\]\[18\],3.24
_31514_,3.23
_00032_,3.225
_00255_,3.225
_00290_,3.225
_00534_,3.225
_02981_,3.225
_03173_,3.225
_03239_,3.225
_03815_,3.225
_03895_,3.225
_04028_,3.225
_04117_,3.225
_04130_,3.225
_04366_,3.225
_04629_,3.225
_05402_,3.225
_05727_,3.225
_07388_,3.225
_00117_,3.22
_00119_,3.22
_00122_,3.22
_00125_,3.22
_00137_,3.22
_00145_,3.22
_00157_,3.22
_00162_,3.22
_00165_,3.22
_00166_,3.22
_00168_,3.22
_00174_,3.22
_00176_,3.22
_00187_,3.22
_00194_,3.22
_00202_,3.22
_00211_,3.22
_00212_,3.22
_00213_,3.22
_00214_,3.22
_08855_,3.22
_14534_,3.22
_19162_,3.22
_19631_,3.22
_20619_,3.22
_20782_,3.22
_22267_,3.22
_24185_,3.22
_24859_,3.22
_25138_,3.22
_26923_,3.22
_28525_,3.22
_28945_,3.22
_30719_,3.22
_31738_,3.22
_32060_,3.22
_32326_,3.22
_32972_,3.22
_33491_,3.22
_33580_,3.22
_34145_,3.22
_34562_,3.22
_34696_,3.22
_34956_,3.22
_35701_,3.22
_35788_,3.22
_37717_,3.22
_37780_,3.22
_37812_,3.22
_37861_,3.22
_38099_,3.22
_38751_,3.22
_39879_,3.22
_39931_,3.22
_40066_,3.22
_41409_,3.22
_42609_,3.22
_43142_,3.22
net1248,3.22
net1265,3.22
net3081,3.22
_00018_,3.2
_03603_,3.2
_03727_,3.2
_07093_,3.2
_07167_,3.2
_07199_,3.2
_07369_,3.2
_07407_,3.2
_07507_,3.2
_08657_,3.2
_13257_,3.2
_20267_,3.2
_22347_,3.2
_23495_,3.2
_24076_,3.2
_25136_,3.2
_26513_,3.2
_29574_,3.2
_29931_,3.2
_33046_,3.2
_33243_,3.2
_35356_,3.2
_37471_,3.2
_38016_,3.2
_38553_,3.2
_38556_,3.2
_40990_,3.2
_41416_,3.2
net1075,3.2
net1220,3.2
net1285,3.2
net1404,3.2
net1545,3.2
net1681,3.2
net1697,3.2
net2699,3.2
net6049,3.2
raw_scores\[36\]\[9\],3.195
_39409_,3.19
k\[80\]\[4\],3.185
out\[48\]\[2\],3.185
v\[44\]\[4\],3.185
_02095_,3.18
_28799_,3.18
_31453_,3.18
_34775_,3.18
_37395_,3.18
k\[88\]\[6\],3.18
out\[102\]\[5\],3.18
out\[30\]\[6\],3.18
out\[86\]\[1\],3.18
q\[107\]\[7\],3.18
v\[68\]\[1\],3.18
v\[77\]\[2\],3.18
v\[83\]\[7\],3.18
v\[87\]\[7\],3.18
net6514,3.18
_00256_,3.175
_00279_,3.175
_00286_,3.175
_00644_,3.175
_00767_,3.175
_00934_,3.175
_01219_,3.175
_01295_,3.175
_01709_,3.175
_01756_,3.175
_02104_,3.175
_02384_,3.175
_02508_,3.175
_02807_,3.175
_03120_,3.175
_03494_,3.175
_04163_,3.175
_04509_,3.175
_04548_,3.175
_04927_,3.175
_05426_,3.175
_05429_,3.175
_05522_,3.175
_06184_,3.175
_06185_,3.175
_06306_,3.175
_06516_,3.175
_06548_,3.175
_06828_,3.175
_37546_,3.17
_27685_,3.16
_36854_,3.15
_43036_,3.15
_02558_,3.145
_02969_,3.145
_03026_,3.145
_03848_,3.145
_04433_,3.145
_04508_,3.145
_05334_,3.145
_05751_,3.145
_06283_,3.145
_06729_,3.145
_06906_,3.145
_07071_,3.145
_38236_,3.13
_01736_,3.125
_02754_,3.125
_03371_,3.125
_03789_,3.125
_03801_,3.125
_04044_,3.125
_04063_,3.125
_04724_,3.125
_04837_,3.125
_05250_,3.125
_05327_,3.125
_05550_,3.125
_05582_,3.125
_05755_,3.125
_06426_,3.125
_36473_,3.125
_10629_,3.12
_43024_,3.11
_01415_,3.105
_04984_,3.105
_06443_,3.105
_35354_,3.105
_00228_,3.1
_13462_,3.1
_19123_,3.1
_20403_,3.1
_20604_,3.1
_20656_,3.1
_21778_,3.1
_22838_,3.1
_23664_,3.1
_23811_,3.1
_24481_,3.1
_24866_,3.1
_25791_,3.1
_26625_,3.1
_26658_,3.1
_27190_,3.1
_27548_,3.1
_27896_,3.1
_28913_,3.1
_29202_,3.1
_29334_,3.1
_29651_,3.1
_30188_,3.1
_30496_,3.1
_30840_,3.1
_31250_,3.1
_31382_,3.1
_31805_,3.1
_31970_,3.1
_31979_,3.1
_33118_,3.1
_34428_,3.1
_35776_,3.1
_38560_,3.1
_38880_,3.1
_38991_,3.1
_39626_,3.1
_40289_,3.1
_40982_,3.1
_41932_,3.1
_41997_,3.1
_42180_,3.1
_42482_,3.1
_42516_,3.1
_42568_,3.1
_42830_,3.1
_43080_,3.1
_44075_,3.1
_44272_,3.1
raw_scores\[17\]\[6\],3.1
raw_scores\[29\]\[5\],3.1
raw_scores\[57\]\[14\],3.1
net7258,3.1
_00021_,3.08
_00134_,3.08
_00167_,3.08
_02225_,3.08
_07117_,3.08
_07271_,3.08
_07275_,3.08
_07329_,3.08
_07339_,3.08
_07353_,3.08
_07357_,3.08
_07375_,3.08
_07379_,3.08
_07454_,3.08
_07457_,3.08
_07492_,3.08
_07498_,3.08
_08567_,3.08
_09553_,3.08
_09664_,3.08
_10124_,3.08
_10530_,3.08
_10563_,3.08
_10695_,3.08
_11265_,3.08
_11390_,3.08
_11420_,3.08
_11522_,3.08
_11591_,3.08
_11666_,3.08
_11900_,3.08
_11941_,3.08
_12045_,3.08
_12085_,3.08
_12181_,3.08
_12264_,3.08
_12271_,3.08
_12495_,3.08
_12577_,3.08
_12652_,3.08
_12741_,3.08
_12798_,3.08
_12933_,3.08
_13066_,3.08
_13131_,3.08
_13397_,3.08
_14260_,3.08
_14350_,3.08
_14631_,3.08
_14718_,3.08
_14891_,3.08
_15155_,3.08
_15183_,3.08
_15409_,3.08
_15418_,3.08
_15419_,3.08
_15427_,3.08
_15636_,3.08
_15804_,3.08
_15947_,3.08
_16018_,3.08
_16059_,3.08
_16069_,3.08
_16087_,3.08
_16147_,3.08
_16180_,3.08
_16227_,3.08
_16246_,3.08
_16261_,3.08
_16438_,3.08
_16443_,3.08
_16739_,3.08
_16783_,3.08
_16881_,3.08
_16903_,3.08
_16974_,3.08
_17018_,3.08
_17193_,3.08
_17200_,3.08
_17223_,3.08
_17369_,3.08
_17478_,3.08
_17529_,3.08
_17606_,3.08
_17926_,3.08
_18046_,3.08
_18198_,3.08
_18294_,3.08
_18365_,3.08
_18385_,3.08
_18416_,3.08
_18609_,3.08
_18716_,3.08
_18736_,3.08
_18843_,3.08
_18989_,3.08
_19071_,3.08
_19081_,3.08
_19440_,3.08
_19666_,3.08
_19872_,3.08
_20186_,3.08
_20474_,3.08
_20791_,3.08
_21644_,3.08
_21802_,3.08
_21878_,3.08
_22221_,3.08
_22442_,3.08
_22796_,3.08
_23143_,3.08
_23224_,3.08
_23687_,3.08
_23847_,3.08
_23941_,3.08
_24018_,3.08
_24348_,3.08
_24399_,3.08
_24691_,3.08
_24737_,3.08
_24772_,3.08
_24808_,3.08
_25019_,3.08
_25169_,3.08
_25363_,3.08
_25467_,3.08
_25962_,3.08
_26128_,3.08
_26288_,3.08
_26374_,3.08
_26522_,3.08
_26618_,3.08
_26818_,3.08
_26819_,3.08
_27065_,3.08
_27772_,3.08
_28137_,3.08
_28429_,3.08
_28463_,3.08
_29136_,3.08
_29223_,3.08
_29592_,3.08
_30495_,3.08
_30527_,3.08
_30634_,3.08
_30744_,3.08
_31065_,3.08
_31083_,3.08
_31328_,3.08
_31356_,3.08
_31567_,3.08
_32372_,3.08
_32480_,3.08
_33099_,3.08
_33372_,3.08
_34774_,3.08
_35207_,3.08
_35522_,3.08
_35541_,3.08
_36231_,3.08
_37004_,3.08
_37010_,3.08
_37285_,3.08
_37315_,3.08
_37335_,3.08
_37352_,3.08
_37365_,3.08
_37987_,3.08
_38725_,3.08
_38960_,3.08
_39097_,3.08
_39268_,3.08
_39350_,3.08
_39431_,3.08
_39537_,3.08
_39628_,3.08
_39737_,3.08
_39978_,3.08
_40703_,3.08
_40835_,3.08
_40993_,3.08
_41095_,3.08
_41110_,3.08
_41152_,3.08
_41448_,3.08
_41763_,3.08
_41822_,3.08
_41850_,3.08
_42054_,3.08
_42121_,3.08
_42837_,3.08
_43224_,3.08
_43558_,3.08
_43649_,3.08
_43781_,3.08
_44181_,3.08
out\[54\]\[4\],3.08
out\[55\]\[3\],3.08
out\[62\]\[6\],3.08
out\[86\]\[5\],3.08
out\[88\]\[4\],3.08
out\[89\]\[5\],3.08
out\[95\]\[1\],3.08
raw_scores\[14\]\[18\],3.08
raw_scores\[15\]\[19\],3.08
raw_scores\[15\]\[8\],3.08
raw_scores\[16\]\[9\],3.08
raw_scores\[17\]\[12\],3.08
raw_scores\[18\]\[10\],3.08
raw_scores\[18\]\[9\],3.08
raw_scores\[19\]\[16\],3.08
raw_scores\[1\]\[15\],3.08
raw_scores\[20\]\[13\],3.08
raw_scores\[20\]\[7\],3.08
raw_scores\[21\]\[16\],3.08
raw_scores\[21\]\[17\],3.08
raw_scores\[22\]\[15\],3.08
raw_scores\[22\]\[4\],3.08
raw_scores\[23\]\[2\],3.08
raw_scores\[24\]\[19\],3.08
raw_scores\[24\]\[8\],3.08
raw_scores\[25\]\[3\],3.08
raw_scores\[26\]\[17\],3.08
raw_scores\[27\]\[16\],3.08
raw_scores\[27\]\[9\],3.08
raw_scores\[29\]\[10\],3.08
raw_scores\[2\]\[18\],3.08
raw_scores\[30\]\[6\],3.08
raw_scores\[32\]\[18\],3.08
raw_scores\[33\]\[10\],3.08
raw_scores\[33\]\[16\],3.08
raw_scores\[33\]\[4\],3.08
raw_scores\[34\]\[11\],3.08
raw_scores\[38\]\[8\],3.08
raw_scores\[39\]\[18\],3.08
raw_scores\[41\]\[17\],3.08
raw_scores\[44\]\[13\],3.08
raw_scores\[45\]\[16\],3.08
raw_scores\[47\]\[14\],3.08
raw_scores\[47\]\[7\],3.08
raw_scores\[49\]\[2\],3.08
raw_scores\[4\]\[7\],3.08
raw_scores\[50\]\[10\],3.08
raw_scores\[51\]\[17\],3.08
raw_scores\[52\]\[8\],3.08
raw_scores\[54\]\[4\],3.08
raw_scores\[57\]\[15\],3.08
raw_scores\[58\]\[3\],3.08
raw_scores\[58\]\[7\],3.08
raw_scores\[5\]\[13\],3.08
raw_scores\[60\]\[5\],3.08
raw_scores\[61\]\[9\],3.08
raw_scores\[63\]\[16\],3.08
raw_scores\[63\]\[19\],3.08
raw_scores\[8\]\[2\],3.08
v\[0\]\[7\],3.08
net1054,3.08
net1313,3.08
net1370,3.08
net1649,3.08
net2126,3.08
net2142,3.08
net2157,3.08
net3516,3.08
net3780,3.08
net4286,3.08
net5816,3.08
net6383,3.08
net6660,3.08
net6721,3.08
net6724,3.08
net6863,3.08
net7074,3.08
net7142,3.08
net7349,3.08
_01182_,3.075
_05818_,3.06
_07297_,3.06
_16107_,3.06
_17592_,3.06
_22183_,3.06
_27425_,3.06
_30276_,3.06
_35167_,3.06
_36748_,3.06
_38186_,3.06
raw_scores\[45\]\[15\],3.06
_00043_,3.055
_02085_,3.055
_02087_,3.055
_02593_,3.055
_02946_,3.055
_02980_,3.055
_02993_,3.055
_03224_,3.055
_03617_,3.055
_03972_,3.055
_04011_,3.055
_05444_,3.055
_05911_,3.055
_06816_,3.055
_41812_,3.05
_00287_,3.045
_00325_,3.045
_00849_,3.045
_00990_,3.045
_01459_,3.045
_01460_,3.045
_01488_,3.045
_01591_,3.045
_01748_,3.045
_01798_,3.045
_01818_,3.045
_02232_,3.045
_02290_,3.045
_02303_,3.045
_02345_,3.045
_02664_,3.045
_02753_,3.045
_02870_,3.045
_02873_,3.045
_03411_,3.045
_03456_,3.045
_03498_,3.045
_03598_,3.045
_03770_,3.045
_03979_,3.045
_04206_,3.045
_04361_,3.045
_05089_,3.045
_05193_,3.045
_05716_,3.045
_05717_,3.045
_06328_,3.045
_06658_,3.045
_08864_,3.04
_19497_,3.04
_25627_,3.04
_07851_,3.03
_28920_,3.01
_00036_,3.005
_00282_,3.005
_00291_,3.005
_00292_,3.005
_00402_,3.005
_00621_,3.005
_00702_,3.005
_00874_,3.005
_01673_,3.005
_01870_,3.005
_02131_,3.005
_02256_,3.005
_02334_,3.005
_02450_,3.005
_02635_,3.005
_02869_,3.005
_02885_,3.005
_02968_,3.005
_03023_,3.005
_03246_,3.005
_03267_,3.005
_03517_,3.005
_03918_,3.005
_03960_,3.005
_03970_,3.005
_04068_,3.005
_04203_,3.005
_04212_,3.005
_04320_,3.005
_04383_,3.005
_04517_,3.005
_04697_,3.005
_04704_,3.005
_04812_,3.005
_04825_,3.005
_04829_,3.005
_04856_,3.005
_05185_,3.005
_05196_,3.005
_05257_,3.005
_05280_,3.005
_05350_,3.005
_05354_,3.005
_05409_,3.005
_05486_,3.005
_05635_,3.005
_05723_,3.005
_06019_,3.005
_06158_,3.005
_06242_,3.005
_06421_,3.005
_06475_,3.005
_06581_,3.005
_06725_,3.005
_06803_,3.005
_06810_,3.005
_06817_,3.005
_06818_,3.005
_37950_,3.005
_00713_,3
_02740_,3
_02742_,3
_03635_,3
_06040_,3
_06678_,3
_06720_,3
_06957_,3
_16157_,3
_17238_,3
_04786_,2.995
_36258_,2.985
_00324_,2.98
_00879_,2.98
_00884_,2.98
_01711_,2.98
_02081_,2.98
_04046_,2.98
_05182_,2.98
_06034_,2.98
_06282_,2.98
_07901_,2.98
_08541_,2.98
_08660_,2.98
_08941_,2.98
_09653_,2.98
_10500_,2.98
_10588_,2.98
_11303_,2.98
_11613_,2.98
_11786_,2.98
_11970_,2.98
_12088_,2.98
_12247_,2.98
_12426_,2.98
_12448_,2.98
_12543_,2.98
_12662_,2.98
_12726_,2.98
_12778_,2.98
_12841_,2.98
_13090_,2.98
_13118_,2.98
_13193_,2.98
_14702_,2.98
_14880_,2.98
_14922_,2.98
_14958_,2.98
_15089_,2.98
_15121_,2.98
_15157_,2.98
_15323_,2.98
_15469_,2.98
_15544_,2.98
_15583_,2.98
_15714_,2.98
_16540_,2.98
_16554_,2.98
_17488_,2.98
_17653_,2.98
_17789_,2.98
_17883_,2.98
_17884_,2.98
_18068_,2.98
_18186_,2.98
_18450_,2.98
_18461_,2.98
_18605_,2.98
_18744_,2.98
_18881_,2.98
_19491_,2.98
_23043_,2.98
_26079_,2.98
_26957_,2.98
_28608_,2.98
_29217_,2.98
_29421_,2.98
_30289_,2.98
_30671_,2.98
_31166_,2.98
_31199_,2.98
_31956_,2.98
_32037_,2.98
_32409_,2.98
_34635_,2.98
_37107_,2.98
_38327_,2.98
_38816_,2.98
_41509_,2.98
_42368_,2.98
_44115_,2.98
raw_scores\[23\]\[19\],2.98
raw_scores\[29\]\[16\],2.98
raw_scores\[32\]\[19\],2.98
raw_scores\[42\]\[16\],2.98
_37052_,2.97
_00111_,2.96
_07315_,2.96
_07359_,2.96
_07366_,2.96
_07651_,2.96
_07698_,2.96
_07782_,2.96
_07818_,2.96
_08870_,2.96
_09374_,2.96
_09568_,2.96
_09954_,2.96
_10032_,2.96
_10389_,2.96
_10579_,2.96
_10670_,2.96
_11071_,2.96
_11414_,2.96
_11462_,2.96
_11548_,2.96
_11614_,2.96
_11632_,2.96
_11719_,2.96
_11962_,2.96
_12094_,2.96
_12141_,2.96
_12205_,2.96
_12211_,2.96
_12240_,2.96
_12265_,2.96
_12281_,2.96
_12359_,2.96
_12425_,2.96
_12445_,2.96
_12566_,2.96
_12707_,2.96
_12763_,2.96
_12825_,2.96
_12840_,2.96
_12940_,2.96
_12963_,2.96
_12964_,2.96
_12984_,2.96
_13089_,2.96
_13219_,2.96
_13242_,2.96
_13317_,2.96
_13576_,2.96
_13656_,2.96
_13707_,2.96
_13772_,2.96
_13792_,2.96
_13831_,2.96
_13945_,2.96
_14125_,2.96
_14274_,2.96
_14469_,2.96
_14485_,2.96
_14626_,2.96
_14872_,2.96
_14879_,2.96
_14884_,2.96
_14986_,2.96
_14988_,2.96
_15005_,2.96
_15092_,2.96
_15303_,2.96
_15322_,2.96
_15360_,2.96
_15389_,2.96
_15692_,2.96
_15866_,2.96
_15886_,2.96
_15910_,2.96
_15939_,2.96
_16031_,2.96
_16764_,2.96
_17138_,2.96
_17202_,2.96
_17386_,2.96
_17484_,2.96
_17662_,2.96
_17685_,2.96
_17705_,2.96
_17792_,2.96
_17930_,2.96
_18037_,2.96
_18059_,2.96
_18315_,2.96
_18537_,2.96
_18702_,2.96
_18798_,2.96
_18799_,2.96
_18944_,2.96
_19093_,2.96
_19351_,2.96
_19608_,2.96
_19686_,2.96
_19955_,2.96
_20065_,2.96
_20102_,2.96
_20122_,2.96
_20158_,2.96
_20916_,2.96
_20968_,2.96
_21007_,2.96
_21327_,2.96
_21348_,2.96
_21382_,2.96
_21522_,2.96
_21581_,2.96
_22164_,2.96
_22196_,2.96
_22596_,2.96
_22714_,2.96
_22893_,2.96
_22966_,2.96
_23109_,2.96
_23177_,2.96
_23426_,2.96
_23442_,2.96
_23636_,2.96
_23749_,2.96
_23997_,2.96
_24176_,2.96
_24475_,2.96
_24826_,2.96
_24902_,2.96
_24908_,2.96
_25910_,2.96
_26547_,2.96
_26811_,2.96
_26943_,2.96
_26979_,2.96
_27028_,2.96
_27145_,2.96
_27235_,2.96
_27272_,2.96
_27452_,2.96
_27468_,2.96
_27679_,2.96
_27786_,2.96
_28269_,2.96
_28540_,2.96
_28562_,2.96
_28852_,2.96
_28911_,2.96
_29015_,2.96
_29062_,2.96
_29123_,2.96
_29363_,2.96
_29414_,2.96
_29765_,2.96
_29915_,2.96
_30009_,2.96
_30280_,2.96
_31074_,2.96
_31363_,2.96
_31445_,2.96
_31605_,2.96
_31643_,2.96
_31782_,2.96
_32005_,2.96
_32027_,2.96
_32267_,2.96
_32502_,2.96
_32538_,2.96
_32560_,2.96
_32574_,2.96
_32593_,2.96
_32773_,2.96
_32882_,2.96
_33222_,2.96
_33575_,2.96
_34465_,2.96
_35193_,2.96
_35857_,2.96
_37246_,2.96
_37685_,2.96
_37824_,2.96
_37996_,2.96
_38320_,2.96
_38342_,2.96
_38357_,2.96
_39244_,2.96
_39260_,2.96
_39305_,2.96
_39898_,2.96
_39922_,2.96
_39938_,2.96
_40009_,2.96
_40355_,2.96
_41754_,2.96
_41775_,2.96
_43002_,2.96
_43282_,2.96
_43292_,2.96
_43462_,2.96
_43536_,2.96
_43668_,2.96
_43771_,2.96
_43996_,2.96
_44151_,2.96
out\[108\]\[6\],2.96
out\[27\]\[2\],2.96
out\[82\]\[2\],2.96
raw_scores\[59\]\[6\],2.96
v\[78\]\[7\],2.96
net1342,2.96
net1468,2.96
net1721,2.96
net1739,2.96
net1919,2.96
net1979,2.96
net2206,2.96
net2239,2.96
net2523,2.96
net2738,2.96
net3846,2.96
net4167,2.96
net5838,2.96
net6247,2.96
net6563,2.96
net7135,2.96
net7168,2.96
net7366,2.96
net7476,2.96
_04531_,2.955
_37115_,2.95
_00009_,2.945
_00011_,2.945
_00093_,2.945
_00253_,2.945
_00258_,2.945
_00261_,2.945
_00285_,2.945
_00288_,2.945
_00289_,2.945
_00294_,2.945
_00302_,2.945
_00305_,2.945
_00307_,2.945
_00331_,2.945
_00371_,2.945
_00372_,2.945
_00396_,2.945
_00400_,2.945
_00406_,2.945
_00501_,2.945
_00510_,2.945
_00545_,2.945
_00588_,2.945
_00632_,2.945
_00636_,2.945
_00637_,2.945
_00658_,2.945
_00663_,2.945
_00666_,2.945
_00680_,2.945
_00688_,2.945
_00691_,2.945
_00698_,2.945
_00723_,2.945
_00736_,2.945
_00740_,2.945
_00741_,2.945
_00746_,2.945
_00794_,2.945
_00797_,2.945
_00864_,2.945
_00873_,2.945
_01043_,2.945
_01046_,2.945
_01056_,2.945
_01065_,2.945
_01081_,2.945
_01149_,2.945
_01326_,2.945
_01331_,2.945
_01377_,2.945
_01404_,2.945
_01408_,2.945
_01409_,2.945
_01442_,2.945
_01465_,2.945
_01477_,2.945
_01533_,2.945
_01540_,2.945
_01554_,2.945
_01621_,2.945
_01658_,2.945
_01659_,2.945
_01661_,2.945
_01683_,2.945
_01703_,2.945
_01704_,2.945
_01710_,2.945
_01717_,2.945
_01814_,2.945
_01843_,2.945
_01865_,2.945
_01907_,2.945
_01921_,2.945
_01979_,2.945
_02046_,2.945
_02066_,2.945
_02079_,2.945
_02082_,2.945
_02086_,2.945
_02090_,2.945
_02121_,2.945
_02137_,2.945
_02168_,2.945
_02171_,2.945
_02172_,2.945
_02297_,2.945
_02326_,2.945
_02340_,2.945
_02342_,2.945
_02359_,2.945
_02385_,2.945
_02395_,2.945
_02413_,2.945
_02426_,2.945
_02439_,2.945
_02442_,2.945
_02444_,2.945
_02449_,2.945
_02452_,2.945
_02457_,2.945
_02470_,2.945
_02473_,2.945
_02478_,2.945
_02486_,2.945
_02502_,2.945
_02518_,2.945
_02519_,2.945
_02535_,2.945
_02550_,2.945
_02552_,2.945
_02553_,2.945
_02554_,2.945
_02565_,2.945
_02584_,2.945
_02607_,2.945
_02618_,2.945
_02625_,2.945
_02649_,2.945
_02666_,2.945
_02671_,2.945
_02684_,2.945
_02738_,2.945
_02756_,2.945
_02770_,2.945
_02785_,2.945
_02789_,2.945
_02793_,2.945
_02811_,2.945
_02812_,2.945
_02818_,2.945
_02844_,2.945
_02851_,2.945
_02852_,2.945
_02864_,2.945
_02868_,2.945
_02883_,2.945
_02886_,2.945
_02895_,2.945
_02899_,2.945
_02900_,2.945
_02903_,2.945
_02916_,2.945
_02944_,2.945
_02953_,2.945
_02960_,2.945
_02962_,2.945
_02982_,2.945
_03024_,2.945
_03027_,2.945
_03028_,2.945
_03030_,2.945
_03043_,2.945
_03056_,2.945
_03062_,2.945
_03063_,2.945
_03069_,2.945
_03071_,2.945
_03073_,2.945
_03113_,2.945
_03116_,2.945
_03123_,2.945
_03129_,2.945
_03149_,2.945
_03154_,2.945
_03162_,2.945
_03175_,2.945
_03205_,2.945
_03221_,2.945
_03238_,2.945
_03242_,2.945
_03252_,2.945
_03260_,2.945
_03261_,2.945
_03266_,2.945
_03277_,2.945
_03312_,2.945
_03315_,2.945
_03328_,2.945
_03330_,2.945
_03338_,2.945
_03356_,2.945
_03370_,2.945
_03396_,2.945
_03409_,2.945
_03414_,2.945
_03428_,2.945
_03439_,2.945
_03443_,2.945
_03452_,2.945
_03453_,2.945
_03458_,2.945
_03492_,2.945
_03500_,2.945
_03501_,2.945
_03503_,2.945
_03513_,2.945
_03529_,2.945
_03544_,2.945
_03564_,2.945
_03569_,2.945
_03579_,2.945
_03581_,2.945
_03584_,2.945
_03594_,2.945
_03595_,2.945
_03596_,2.945
_03609_,2.945
_03616_,2.945
_03623_,2.945
_03645_,2.945
_03654_,2.945
_03669_,2.945
_03671_,2.945
_03681_,2.945
_03686_,2.945
_03706_,2.945
_03710_,2.945
_03717_,2.945
_03740_,2.945
_03755_,2.945
_03760_,2.945
_03781_,2.945
_03782_,2.945
_03837_,2.945
_03842_,2.945
_03850_,2.945
_03854_,2.945
_03855_,2.945
_03861_,2.945
_03868_,2.945
_03872_,2.945
_03873_,2.945
_03876_,2.945
_03877_,2.945
_03879_,2.945
_03885_,2.945
_03888_,2.945
_03917_,2.945
_03924_,2.945
_03926_,2.945
_03936_,2.945
_03939_,2.945
_03942_,2.945
_03944_,2.945
_03951_,2.945
_03953_,2.945
_03957_,2.945
_03973_,2.945
_03995_,2.945
_03997_,2.945
_03999_,2.945
_04001_,2.945
_04012_,2.945
_04033_,2.945
_04039_,2.945
_04076_,2.945
_04084_,2.945
_04096_,2.945
_04114_,2.945
_04119_,2.945
_04124_,2.945
_04129_,2.945
_04133_,2.945
_04136_,2.945
_04156_,2.945
_04165_,2.945
_04166_,2.945
_04167_,2.945
_04168_,2.945
_04172_,2.945
_04180_,2.945
_04217_,2.945
_04225_,2.945
_04239_,2.945
_04255_,2.945
_04287_,2.945
_04291_,2.945
_04292_,2.945
_04297_,2.945
_04304_,2.945
_04312_,2.945
_04331_,2.945
_04334_,2.945
_04350_,2.945
_04357_,2.945
_04362_,2.945
_04372_,2.945
_04386_,2.945
_04393_,2.945
_04399_,2.945
_04422_,2.945
_04423_,2.945
_04425_,2.945
_04428_,2.945
_04431_,2.945
_04436_,2.945
_04456_,2.945
_04462_,2.945
_04471_,2.945
_04472_,2.945
_04479_,2.945
_04485_,2.945
_04486_,2.945
_04522_,2.945
_04534_,2.945
_04544_,2.945
_04567_,2.945
_04598_,2.945
_04617_,2.945
_04627_,2.945
_04631_,2.945
_04636_,2.945
_04649_,2.945
_04678_,2.945
_04682_,2.945
_04710_,2.945
_04723_,2.945
_04725_,2.945
_04726_,2.945
_04736_,2.945
_04756_,2.945
_04757_,2.945
_04767_,2.945
_04781_,2.945
_04788_,2.945
_04794_,2.945
_04803_,2.945
_04821_,2.945
_04830_,2.945
_04852_,2.945
_04853_,2.945
_04858_,2.945
_04864_,2.945
_04897_,2.945
_04917_,2.945
_04919_,2.945
_04925_,2.945
_04934_,2.945
_04937_,2.945
_04943_,2.945
_04950_,2.945
_04972_,2.945
_04975_,2.945
_04980_,2.945
_04993_,2.945
_04996_,2.945
_05008_,2.945
_05011_,2.945
_05016_,2.945
_05027_,2.945
_05031_,2.945
_05039_,2.945
_05055_,2.945
_05095_,2.945
_05101_,2.945
_05107_,2.945
_05112_,2.945
_05124_,2.945
_05139_,2.945
_05149_,2.945
_05156_,2.945
_05157_,2.945
_05210_,2.945
_05244_,2.945
_05259_,2.945
_05276_,2.945
_05307_,2.945
_05337_,2.945
_05358_,2.945
_05360_,2.945
_05361_,2.945
_05364_,2.945
_05366_,2.945
_05372_,2.945
_05373_,2.945
_05384_,2.945
_05395_,2.945
_05411_,2.945
_05428_,2.945
_05441_,2.945
_05445_,2.945
_05448_,2.945
_05449_,2.945
_05454_,2.945
_05456_,2.945
_05470_,2.945
_05499_,2.945
_05566_,2.945
_05578_,2.945
_05599_,2.945
_05602_,2.945
_05606_,2.945
_05611_,2.945
_05620_,2.945
_05627_,2.945
_05630_,2.945
_05633_,2.945
_05636_,2.945
_05638_,2.945
_05643_,2.945
_05646_,2.945
_05649_,2.945
_05655_,2.945
_05658_,2.945
_05671_,2.945
_05674_,2.945
_05694_,2.945
_05698_,2.945
_05701_,2.945
_05703_,2.945
_05712_,2.945
_05724_,2.945
_05734_,2.945
_05742_,2.945
_05748_,2.945
_05749_,2.945
_05753_,2.945
_05760_,2.945
_05764_,2.945
_05783_,2.945
_05792_,2.945
_05811_,2.945
_05816_,2.945
_05835_,2.945
_05839_,2.945
_05847_,2.945
_05872_,2.945
_05905_,2.945
_05908_,2.945
_05957_,2.945
_05958_,2.945
_05968_,2.945
_05971_,2.945
_05983_,2.945
_05999_,2.945
_06016_,2.945
_06024_,2.945
_06028_,2.945
_06029_,2.945
_06035_,2.945
_06045_,2.945
_06062_,2.945
_06063_,2.945
_06097_,2.945
_06099_,2.945
_06120_,2.945
_06137_,2.945
_06148_,2.945
_06181_,2.945
_06211_,2.945
_06219_,2.945
_06221_,2.945
_06226_,2.945
_06231_,2.945
_06311_,2.945
_06335_,2.945
_06340_,2.945
_06343_,2.945
_06363_,2.945
_06365_,2.945
_06373_,2.945
_06375_,2.945
_06376_,2.945
_06409_,2.945
_06428_,2.945
_06452_,2.945
_06485_,2.945
_06565_,2.945
_06582_,2.945
_06588_,2.945
_06593_,2.945
_06601_,2.945
_06602_,2.945
_06608_,2.945
_06612_,2.945
_06615_,2.945
_06616_,2.945
_06628_,2.945
_06635_,2.945
_06639_,2.945
_06647_,2.945
_06659_,2.945
_06669_,2.945
_06670_,2.945
_06698_,2.945
_06716_,2.945
_06722_,2.945
_06728_,2.945
_06753_,2.945
_06757_,2.945
_06775_,2.945
_06777_,2.945
_06782_,2.945
_06792_,2.945
_06793_,2.945
_06822_,2.945
_06823_,2.945
_06846_,2.945
_06868_,2.945
_06869_,2.945
_06891_,2.945
_06892_,2.945
_06895_,2.945
_06905_,2.945
_06927_,2.945
_06939_,2.945
_06986_,2.945
_06996_,2.945
_07004_,2.945
_07023_,2.945
_07056_,2.945
_07062_,2.945
_07067_,2.945
_07077_,2.945
_05982_,2.935
net3624,2.935
_07173_,2.925
_07225_,2.925
_00467_,2.885
_00676_,2.885
_00771_,2.885
_00835_,2.885
_00897_,2.885
_01059_,2.885
_01312_,2.885
_01908_,2.885
_02133_,2.885
_02140_,2.885
_02146_,2.885
_02246_,2.885
_02390_,2.885
_02517_,2.885
_02726_,2.885
_02766_,2.885
_02913_,2.885
_03047_,2.885
_03357_,2.885
_03389_,2.885
_03734_,2.885
_03783_,2.885
_03916_,2.885
_03988_,2.885
_04078_,2.885
_04211_,2.885
_04271_,2.885
_04368_,2.885
_04416_,2.885
_04453_,2.885
_04840_,2.885
_05168_,2.885
_05249_,2.885
_05394_,2.885
_05410_,2.885
_05412_,2.885
_05510_,2.885
_05605_,2.885
_05706_,2.885
_05845_,2.885
_06149_,2.885
_06396_,2.885
_06633_,2.885
_06673_,2.885
_06798_,2.885
_06867_,2.885
_06932_,2.885
_07021_,2.885
_07072_,2.885
_01176_,2.88
_01411_,2.88
_02150_,2.88
_38253_,2.87
_22160_,2.865
_00007_,2.86
_00271_,2.86
_00787_,2.86
_01243_,2.86
_01288_,2.86
_01663_,2.86
_02383_,2.86
_02545_,2.86
_02548_,2.86
_02578_,2.86
_02675_,2.86
_02845_,2.86
_02887_,2.86
_02950_,2.86
_02989_,2.86
_03176_,2.86
_03209_,2.86
_03288_,2.86
_03422_,2.86
_03565_,2.86
_03845_,2.86
_04299_,2.86
_04561_,2.86
_04638_,2.86
_04694_,2.86
_04748_,2.86
_04849_,2.86
_04920_,2.86
_05292_,2.86
_05370_,2.86
_05415_,2.86
_05661_,2.86
_05707_,2.86
_05885_,2.86
_05895_,2.86
_05906_,2.86
_05996_,2.86
_06367_,2.86
_06642_,2.86
_06748_,2.86
_06767_,2.86
_07320_,2.86
_08084_,2.86
_19626_,2.86
_20454_,2.86
_21057_,2.86
_22851_,2.86
_25550_,2.86
_25632_,2.86
_26301_,2.86
_29565_,2.86
_31031_,2.86
_31334_,2.86
_31920_,2.86
_31993_,2.86
_33395_,2.86
_34053_,2.86
_34333_,2.86
_34763_,2.86
_35502_,2.86
_36715_,2.86
_37187_,2.86
_38548_,2.86
_38700_,2.86
_40586_,2.86
_41975_,2.86
_43585_,2.86
net798,2.86
net2800,2.86
net2876,2.86
net3371,2.86
net3407,2.86
net3683,2.86
net3794,2.86
net4031,2.86
net4037,2.86
net4050,2.86
net4333,2.86
net4765,2.86
net4881,2.86
net4885,2.86
net4886,2.86
net4977,2.86
net5164,2.86
net5171,2.86
net5510,2.86
net5601,2.86
net5670,2.86
net5736,2.86
net5771,2.86
net6033,2.86
net6139,2.86
net6182,2.86
net6471,2.86
net6537,2.86
net6676,2.86
net6791,2.86
net6925,2.86
net6995,2.86
net7102,2.86
net7150,2.86
net7200,2.86
net7324,2.86
net7378,2.86
net7388,2.86
net7443,2.86
net7454,2.86
net7459,2.86
net7663,2.86
net7695,2.86
_01172_,2.84
_07097_,2.84
_07157_,2.84
_07170_,2.84
_07386_,2.84
_15351_,2.84
_16978_,2.84
_17518_,2.84
_19976_,2.84
_21177_,2.84
_22568_,2.84
_26308_,2.84
_35154_,2.84
_38000_,2.84
_39138_,2.84
_39456_,2.84
_41502_,2.84
_41836_,2.84
_41838_,2.84
_43430_,2.84
k\[82\]\[7\],2.84
k\[86\]\[7\],2.84
out\[111\]\[5\],2.84
out\[8\]\[5\],2.84
q\[104\]\[4\],2.84
q\[80\]\[5\],2.84
scaled_scores\[8\]\[12\],2.84
v\[55\]\[4\],2.84
net1387,2.84
net1615,2.84
net2299,2.84
net7472,2.84
_00715_,2.835
_00732_,2.835
_02408_,2.835
_02866_,2.835
_02877_,2.835
_03720_,2.835
_04188_,2.835
_04642_,2.835
_05128_,2.835
_05478_,2.835
_06345_,2.835
_27321_,2.835
_37424_,2.835
_40103_,2.835
_43221_,2.835
_00559_,2.785
_00587_,2.785
_00844_,2.785
_01076_,2.785
_01093_,2.785
_01187_,2.785
_01259_,2.785
_01271_,2.785
_01293_,2.785
_01334_,2.785
_01496_,2.785
_01542_,2.785
_01614_,2.785
_01820_,2.785
_02002_,2.785
_02041_,2.785
_02108_,2.785
_02190_,2.785
_02212_,2.785
_02262_,2.785
_02277_,2.785
_02300_,2.785
_02306_,2.785
_02333_,2.785
_02339_,2.785
_02341_,2.785
_02352_,2.785
_02365_,2.785
_02406_,2.785
_02410_,2.785
_02437_,2.785
_02562_,2.785
_02803_,2.785
_02805_,2.785
_02842_,2.785
_03088_,2.785
_03189_,2.785
_03220_,2.785
_03336_,2.785
_03349_,2.785
_03491_,2.785
_03525_,2.785
_03610_,2.785
_03620_,2.785
_03625_,2.785
_03628_,2.785
_03736_,2.785
_03766_,2.785
_03786_,2.785
_03794_,2.785
_03825_,2.785
_04235_,2.785
_04278_,2.785
_04322_,2.785
_04354_,2.785
_04398_,2.785
_04458_,2.785
_04463_,2.785
_04573_,2.785
_04639_,2.785
_04660_,2.785
_04662_,2.785
_04672_,2.785
_04688_,2.785
_04746_,2.785
_04759_,2.785
_04855_,2.785
_04913_,2.785
_05044_,2.785
_05070_,2.785
_05209_,2.785
_05238_,2.785
_05385_,2.785
_05458_,2.785
_05463_,2.785
_05472_,2.785
_05474_,2.785
_05491_,2.785
_05863_,2.785
_06265_,2.785
_06545_,2.785
_06577_,2.785
_06931_,2.785
_07036_,2.785
_07064_,2.785
_33253_,2.78
_00589_,2.765
_02419_,2.765
_03472_,2.765
_03613_,2.765
_04152_,2.765
_07420_,2.765
_07471_,2.76
_08645_,2.76
_19455_,2.76
_22482_,2.76
_23753_,2.76
_23948_,2.76
_24140_,2.76
_24719_,2.76
_25223_,2.76
_25785_,2.76
_26648_,2.76
_27743_,2.76
_30377_,2.76
_31122_,2.76
_31862_,2.76
_31885_,2.76
_32721_,2.76
_32727_,2.76
_33165_,2.76
_33173_,2.76
_33207_,2.76
_33309_,2.76
_33450_,2.76
_35184_,2.76
_37527_,2.76
_37837_,2.76
_37970_,2.76
_38030_,2.76
_38089_,2.76
_38124_,2.76
_38508_,2.76
_38525_,2.76
_38849_,2.76
_39385_,2.76
_40481_,2.76
_41169_,2.76
_41214_,2.76
_41678_,2.76
net801,2.76
net884,2.76
net4205,2.76
net4955,2.76
net5962,2.76
net6145,2.76
net6284,2.76
net6663,2.76
net7330,2.76
net7449,2.76
net7529,2.76
net7721,2.76
net7777,2.76
_00019_,2.74
_00027_,2.74
_07118_,2.74
_07143_,2.74
_07244_,2.74
_07384_,2.74
_07394_,2.74
_07424_,2.74
_07529_,2.74
_14198_,2.74
_21019_,2.74
_24608_,2.74
_25464_,2.74
_25692_,2.74
_27736_,2.74
_28938_,2.74
_29323_,2.74
_29954_,2.74
_30320_,2.74
_30615_,2.74
_30654_,2.74
_31731_,2.74
_31826_,2.74
_33836_,2.74
_34408_,2.74
_35529_,2.74
_38101_,2.74
_38168_,2.74
_38324_,2.74
net1278,2.74
net1308,2.74
net1349,2.74
net1427,2.74
net1575,2.74
net1579,2.74
net1757,2.74
net1818,2.74
net2386,2.74
net4313,2.74
net7571,2.74
net7838,2.74
net7857,2.74
_08337_,2.735
_30756_,2.735
_02068_,2.72
_05994_,2.72
_35169_,2.72
_35629_,2.72
_36129_,2.72
_37934_,2.72
_37973_,2.72
net5376,2.72
_00274_,2.715
_00373_,2.715
_00392_,2.715
_00531_,2.715
_00641_,2.715
_00832_,2.715
_00859_,2.715
_00919_,2.715
_00929_,2.715
_01132_,2.715
_01387_,2.715
_01475_,2.715
_01506_,2.715
_01763_,2.715
_01770_,2.715
_01772_,2.715
_01914_,2.715
_01959_,2.715
_02417_,2.715
_02454_,2.715
_02477_,2.715
_02509_,2.715
_02574_,2.715
_02581_,2.715
_02652_,2.715
_02697_,2.715
_03092_,2.715
_03110_,2.715
_03395_,2.715
_03404_,2.715
_03479_,2.715
_03622_,2.715
_04061_,2.715
_04216_,2.715
_04249_,2.715
_04257_,2.715
_04420_,2.715
_04478_,2.715
_04497_,2.715
_04585_,2.715
_04692_,2.715
_04733_,2.715
_04742_,2.715
_04795_,2.715
_04798_,2.715
_04802_,2.715
_04894_,2.715
_05046_,2.715
_05058_,2.715
_05170_,2.715
_05171_,2.715
_05206_,2.715
_05232_,2.715
_05383_,2.715
_05519_,2.715
_05541_,2.715
_05693_,2.715
_05708_,2.715
_05920_,2.715
_05972_,2.715
_06058_,2.715
_06112_,2.715
_06225_,2.715
_06262_,2.715
_06412_,2.715
_06414_,2.715
_06555_,2.715
_06558_,2.715
_06563_,2.715
_06573_,2.715
_06583_,2.715
_06605_,2.715
_06771_,2.715
_06903_,2.715
_06910_,2.715
_41593_,2.71
_43226_,2.71
_01245_,2.705
_01520_,2.705
_02030_,2.705
_02158_,2.705
_00247_,2.695
_34880_,2.68
_00308_,2.665
_39855_,2.66
_34602_,2.65
_07458_,2.645
_00016_,2.64
_07295_,2.64
_07392_,2.64
_07600_,2.64
_07819_,2.64
_08159_,2.64
_08655_,2.64
_09610_,2.64
_09794_,2.64
_13467_,2.64
_13663_,2.64
_14434_,2.64
_20969_,2.64
_24752_,2.64
_25087_,2.64
_25375_,2.64
_25510_,2.64
_25857_,2.64
_26003_,2.64
_26525_,2.64
_26756_,2.64
_26881_,2.64
_27231_,2.64
_27556_,2.64
_28028_,2.64
_28526_,2.64
_31253_,2.64
_32319_,2.64
_32563_,2.64
_33464_,2.64
_34144_,2.64
_34447_,2.64
_34582_,2.64
_35103_,2.64
_35582_,2.64
_36850_,2.64
_37360_,2.64
_37392_,2.64
_37897_,2.64
_38251_,2.64
_38284_,2.64
_38305_,2.64
_38667_,2.64
_38810_,2.64
_39096_,2.64
_39601_,2.64
_41907_,2.64
_42028_,2.64
_42338_,2.64
_42600_,2.64
_42730_,2.64
_43149_,2.64
_44016_,2.64
raw_scores\[14\]\[16\],2.64
raw_scores\[1\]\[6\],2.64
raw_scores\[40\]\[6\],2.64
raw_scores\[54\]\[7\],2.64
raw_scores\[61\]\[19\],2.64
_25854_,2.63
_29349_,2.63
_38658_,2.63
_00025_,2.62
_00103_,2.62
_00105_,2.62
_00204_,2.62
_00229_,2.62
_01239_,2.62
_07096_,2.62
_07109_,2.62
_07127_,2.62
_07236_,2.62
_07243_,2.62
_07268_,2.62
_07355_,2.62
_07447_,2.62
_07467_,2.62
_07468_,2.62
_07474_,2.62
_07477_,2.62
_07490_,2.62
_07496_,2.62
_07506_,2.62
_07518_,2.62
_07947_,2.62
_08734_,2.62
_08901_,2.62
_08951_,2.62
_09007_,2.62
_09037_,2.62
_09205_,2.62
_10483_,2.62
_10508_,2.62
_10662_,2.62
_11404_,2.62
_11458_,2.62
_11567_,2.62
_11661_,2.62
_11890_,2.62
_12097_,2.62
_12119_,2.62
_12368_,2.62
_12372_,2.62
_12400_,2.62
_12416_,2.62
_12834_,2.62
_12852_,2.62
_12885_,2.62
_12987_,2.62
_13139_,2.62
_13143_,2.62
_13979_,2.62
_14063_,2.62
_14208_,2.62
_14287_,2.62
_14339_,2.62
_14384_,2.62
_14549_,2.62
_14577_,2.62
_14658_,2.62
_14662_,2.62
_15190_,2.62
_15212_,2.62
_15270_,2.62
_15294_,2.62
_15467_,2.62
_15517_,2.62
_15541_,2.62
_15638_,2.62
_15640_,2.62
_15659_,2.62
_15802_,2.62
_15887_,2.62
_16037_,2.62
_16169_,2.62
_16252_,2.62
_16268_,2.62
_16287_,2.62
_16326_,2.62
_16385_,2.62
_16441_,2.62
_16491_,2.62
_16549_,2.62
_16569_,2.62
_16608_,2.62
_16645_,2.62
_16649_,2.62
_16848_,2.62
_17025_,2.62
_17041_,2.62
_17167_,2.62
_17212_,2.62
_17232_,2.62
_17256_,2.62
_17487_,2.62
_17521_,2.62
_17593_,2.62
_17603_,2.62
_17678_,2.62
_17688_,2.62
_17865_,2.62
_18109_,2.62
_18301_,2.62
_18377_,2.62
_18474_,2.62
_18527_,2.62
_18564_,2.62
_18676_,2.62
_18707_,2.62
_18947_,2.62
_18971_,2.62
_19037_,2.62
_19066_,2.62
_19399_,2.62
_19437_,2.62
_19472_,2.62
_19673_,2.62
_20198_,2.62
_20228_,2.62
_20800_,2.62
_20839_,2.62
_20989_,2.62
_21389_,2.62
_21827_,2.62
_22238_,2.62
_22261_,2.62
_22272_,2.62
_22390_,2.62
_22746_,2.62
_23118_,2.62
_23281_,2.62
_23735_,2.62
_23796_,2.62
_23855_,2.62
_23885_,2.62
_24060_,2.62
_24127_,2.62
_24132_,2.62
_24556_,2.62
_24842_,2.62
_24973_,2.62
_26251_,2.62
_27001_,2.62
_27121_,2.62
_27429_,2.62
_27814_,2.62
_28057_,2.62
_28168_,2.62
_28190_,2.62
_28689_,2.62
_28903_,2.62
_29719_,2.62
_30214_,2.62
_30994_,2.62
_31094_,2.62
_31173_,2.62
_31176_,2.62
_31353_,2.62
_31387_,2.62
_31390_,2.62
_31577_,2.62
_31625_,2.62
_31860_,2.62
_32114_,2.62
_32569_,2.62
_32603_,2.62
_32867_,2.62
_33160_,2.62
_33362_,2.62
_33425_,2.62
_33603_,2.62
_34476_,2.62
_34599_,2.62
_35312_,2.62
_35401_,2.62
_35489_,2.62
_35682_,2.62
_35720_,2.62
_35732_,2.62
_36358_,2.62
_37106_,2.62
_37211_,2.62
_37319_,2.62
_37534_,2.62
_37838_,2.62
_37959_,2.62
_38219_,2.62
_38457_,2.62
_39172_,2.62
_39470_,2.62
_39912_,2.62
_40035_,2.62
_40042_,2.62
_40117_,2.62
_40595_,2.62
_40696_,2.62
_40807_,2.62
_40898_,2.62
_41163_,2.62
_41189_,2.62
_41312_,2.62
_41794_,2.62
_42066_,2.62
_42175_,2.62
_42263_,2.62
_42319_,2.62
_42466_,2.62
_42813_,2.62
_43022_,2.62
_43217_,2.62
_43328_,2.62
_43447_,2.62
_43737_,2.62
_43741_,2.62
_43806_,2.62
_44182_,2.62
out\[19\]\[6\],2.62
out\[22\]\[5\],2.62
out\[53\]\[6\],2.62
out\[56\]\[5\],2.62
out\[57\]\[7\],2.62
out\[60\]\[7\],2.62
out\[62\]\[7\],2.62
out\[86\]\[0\],2.62
out\[92\]\[2\],2.62
out\[93\]\[3\],2.62
raw_scores\[10\]\[12\],2.62
raw_scores\[10\]\[4\],2.62
raw_scores\[10\]\[9\],2.62
raw_scores\[12\]\[12\],2.62
raw_scores\[12\]\[16\],2.62
raw_scores\[13\]\[17\],2.62
raw_scores\[14\]\[4\],2.62
raw_scores\[17\]\[14\],2.62
raw_scores\[18\]\[15\],2.62
raw_scores\[19\]\[6\],2.62
raw_scores\[20\]\[6\],2.62
raw_scores\[21\]\[8\],2.62
raw_scores\[22\]\[13\],2.62
raw_scores\[24\]\[3\],2.62
raw_scores\[2\]\[3\],2.62
raw_scores\[30\]\[5\],2.62
raw_scores\[32\]\[3\],2.62
raw_scores\[34\]\[12\],2.62
raw_scores\[35\]\[12\],2.62
raw_scores\[35\]\[9\],2.62
raw_scores\[36\]\[10\],2.62
raw_scores\[36\]\[14\],2.62
raw_scores\[38\]\[19\],2.62
raw_scores\[39\]\[3\],2.62
raw_scores\[3\]\[19\],2.62
raw_scores\[40\]\[11\],2.62
raw_scores\[41\]\[13\],2.62
raw_scores\[45\]\[14\],2.62
raw_scores\[47\]\[12\],2.62
raw_scores\[47\]\[4\],2.62
raw_scores\[47\]\[6\],2.62
raw_scores\[49\]\[18\],2.62
raw_scores\[52\]\[17\],2.62
raw_scores\[52\]\[9\],2.62
raw_scores\[53\]\[4\],2.62
raw_scores\[55\]\[7\],2.62
raw_scores\[58\]\[11\],2.62
raw_scores\[58\]\[5\],2.62
raw_scores\[59\]\[19\],2.62
raw_scores\[61\]\[18\],2.62
raw_scores\[7\]\[17\],2.62
raw_scores\[8\]\[3\],2.62
raw_scores\[9\]\[6\],2.62
net803,2.62
net941,2.62
net1020,2.62
net1049,2.62
net1196,2.62
net1319,2.62
net1509,2.62
net1705,2.62
net1737,2.62
net1777,2.62
net1956,2.62
net2395,2.62
net2436,2.62
net3055,2.62
net3105,2.62
net3350,2.62
net3432,2.62
net3511,2.62
net3532,2.62
net5534,2.62
net5628,2.62
net6753,2.62
net6895,2.62
net7338,2.62
net7831,2.62
_36298_,2.61
_00086_,2.6
_00065_,2.595
_00347_,2.595
_00661_,2.595
_00677_,2.595
_00821_,2.595
_01545_,2.595
_01760_,2.595
_02036_,2.595
_02784_,2.595
_03070_,2.595
_03075_,2.595
_03244_,2.595
_03247_,2.595
_04616_,2.595
_04836_,2.595
_05050_,2.595
_05379_,2.595
_05386_,2.595
_05516_,2.595
_05544_,2.595
_05747_,2.595
_06156_,2.595
_06280_,2.595
_06474_,2.595
_06481_,2.595
_06742_,2.595
_06920_,2.595
net2871,2.595
_20923_,2.59
_24767_,2.59
_37129_,2.59
_00432_,2.585
_00820_,2.585
_01024_,2.585
_01105_,2.585
_02118_,2.585
_02368_,2.585
_02412_,2.585
_02774_,2.585
_03125_,2.585
_03483_,2.585
_03776_,2.585
_03777_,2.585
_04054_,2.585
_04097_,2.585
_04318_,2.585
_04407_,2.585
_04543_,2.585
_04665_,2.585
_04722_,2.585
_04890_,2.585
_05332_,2.585
_05374_,2.585
_05536_,2.585
_05626_,2.585
_05754_,2.585
_06258_,2.585
_06571_,2.585
_06888_,2.585
_06896_,2.585
_07046_,2.585
_13785_,2.58
_38555_,2.58
_06107_,2.575
_00245_,2.545
_00248_,2.545
_00276_,2.545
_00349_,2.545
_00557_,2.545
_00761_,2.545
_00776_,2.545
_00868_,2.545
_01366_,2.545
_01632_,2.545
_01733_,2.545
_01738_,2.545
_02021_,2.545
_02039_,2.545
_02136_,2.545
_02166_,2.545
_02174_,2.545
_02216_,2.545
_02318_,2.545
_02372_,2.545
_02377_,2.545
_02476_,2.545
_02542_,2.545
_02563_,2.545
_02576_,2.545
_02579_,2.545
_02582_,2.545
_02595_,2.545
_02622_,2.545
_02640_,2.545
_02658_,2.545
_02735_,2.545
_02816_,2.545
_02888_,2.545
_02927_,2.545
_02957_,2.545
_03037_,2.545
_03051_,2.545
_03066_,2.545
_03160_,2.545
_03190_,2.545
_03207_,2.545
_03327_,2.545
_03372_,2.545
_03394_,2.545
_03415_,2.545
_03426_,2.545
_03468_,2.545
_03639_,2.545
_03742_,2.545
_03774_,2.545
_03806_,2.545
_03810_,2.545
_03894_,2.545
_03945_,2.545
_03949_,2.545
_04003_,2.545
_04055_,2.545
_04073_,2.545
_04081_,2.545
_04107_,2.545
_04110_,2.545
_04201_,2.545
_04219_,2.545
_04382_,2.545
_04498_,2.545
_04533_,2.545
_04568_,2.545
_04614_,2.545
_04763_,2.545
_04887_,2.545
_04973_,2.545
_05081_,2.545
_05096_,2.545
_05133_,2.545
_05135_,2.545
_05138_,2.545
_05146_,2.545
_05195_,2.545
_05446_,2.545
_05480_,2.545
_05610_,2.545
_05645_,2.545
_05779_,2.545
_05850_,2.545
_05961_,2.545
_06025_,2.545
_06086_,2.545
_06245_,2.545
_06281_,2.545
_06304_,2.545
_06347_,2.545
_06372_,2.545
_06468_,2.545
_06478_,2.545
_06506_,2.545
_06591_,2.545
_06645_,2.545
_06668_,2.545
_06687_,2.545
_06807_,2.545
_06835_,2.545
_07081_,2.545
_01563_,2.52
_03619_,2.52
_03743_,2.52
_04066_,2.52
_05809_,2.52
_06066_,2.52
_06291_,2.52
_06355_,2.52
_06518_,2.52
_08201_,2.52
_08202_,2.52
_08949_,2.52
_09126_,2.52
_10173_,2.52
_10470_,2.52
_10564_,2.52
_10655_,2.52
_10778_,2.52
_11491_,2.52
_11554_,2.52
_11878_,2.52
_11894_,2.52
_11958_,2.52
_11963_,2.52
_12090_,2.52
_12164_,2.52
_12239_,2.52
_12286_,2.52
_12329_,2.52
_12405_,2.52
_12533_,2.52
_12676_,2.52
_12693_,2.52
_12713_,2.52
_12736_,2.52
_12746_,2.52
_12771_,2.52
_12797_,2.52
_12818_,2.52
_12845_,2.52
_12939_,2.52
_13032_,2.52
_13187_,2.52
_13213_,2.52
_14342_,2.52
_14599_,2.52
_14605_,2.52
_14606_,2.52
_14711_,2.52
_14834_,2.52
_14854_,2.52
_14921_,2.52
_15004_,2.52
_15093_,2.52
_15102_,2.52
_15166_,2.52
_15254_,2.52
_15344_,2.52
_15386_,2.52
_15498_,2.52
_15506_,2.52
_15510_,2.52
_15555_,2.52
_15610_,2.52
_15655_,2.52
_15799_,2.52
_15880_,2.52
_15996_,2.52
_16185_,2.52
_16400_,2.52
_17122_,2.52
_17127_,2.52
_17131_,2.52
_17137_,2.52
_17571_,2.52
_17766_,2.52
_17771_,2.52
_17790_,2.52
_17905_,2.52
_17985_,2.52
_18093_,2.52
_18147_,2.52
_18234_,2.52
_18267_,2.52
_18362_,2.52
_18428_,2.52
_18445_,2.52
_18504_,2.52
_18523_,2.52
_18560_,2.52
_18858_,2.52
_18931_,2.52
_18945_,2.52
_19015_,2.52
_19020_,2.52
_20411_,2.52
_21383_,2.52
_21867_,2.52
_21916_,2.52
_22342_,2.52
_25945_,2.52
_26231_,2.52
_28088_,2.52
_29132_,2.52
_29182_,2.52
_29462_,2.52
_29833_,2.52
_29887_,2.52
_30488_,2.52
_31038_,2.52
_32493_,2.52
_32990_,2.52
_33673_,2.52
_33702_,2.52
_35153_,2.52
_35751_,2.52
_36012_,2.52
_38631_,2.52
_38808_,2.52
_39322_,2.52
_40135_,2.52
_40692_,2.52
_41256_,2.52
_41826_,2.52
_42487_,2.52
_42766_,2.52
raw_scores\[45\]\[7\],2.52
_00180_,2.5
_08018_,2.5
_08472_,2.5
_09935_,2.5
_10055_,2.5
_10185_,2.5
_10203_,2.5
_10386_,2.5
_10605_,2.5
_10754_,2.5
_11286_,2.5
_11339_,2.5
_11388_,2.5
_11516_,2.5
_11528_,2.5
_11600_,2.5
_11621_,2.5
_11653_,2.5
_11952_,2.5
_12192_,2.5
_12224_,2.5
_12311_,2.5
_12367_,2.5
_12370_,2.5
_12373_,2.5
_12402_,2.5
_12496_,2.5
_12632_,2.5
_12704_,2.5
_12951_,2.5
_12961_,2.5
_13030_,2.5
_13076_,2.5
_13165_,2.5
_13167_,2.5
_14465_,2.5
_14612_,2.5
_14635_,2.5
_14691_,2.5
_14716_,2.5
_14930_,2.5
_15011_,2.5
_15221_,2.5
_15290_,2.5
_15304_,2.5
_15400_,2.5
_15476_,2.5
_15586_,2.5
_15687_,2.5
_15906_,2.5
_16709_,2.5
_16833_,2.5
_17066_,2.5
_17218_,2.5
_17254_,2.5
_17400_,2.5
_17409_,2.5
_17499_,2.5
_17543_,2.5
_17560_,2.5
_17622_,2.5
_17747_,2.5
_17954_,2.5
_18077_,2.5
_18338_,2.5
_18505_,2.5
_18646_,2.5
_18689_,2.5
_18781_,2.5
_19085_,2.5
_19332_,2.5
_19767_,2.5
_19905_,2.5
_20622_,2.5
_21015_,2.5
_21139_,2.5
_21147_,2.5
_21330_,2.5
_21339_,2.5
_21385_,2.5
_21740_,2.5
_22014_,2.5
_22373_,2.5
_22532_,2.5
_22634_,2.5
_22719_,2.5
_23050_,2.5
_23095_,2.5
_23206_,2.5
_23289_,2.5
_23809_,2.5
_24152_,2.5
_24157_,2.5
_24358_,2.5
_24402_,2.5
_24479_,2.5
_24523_,2.5
_24674_,2.5
_24823_,2.5
_24912_,2.5
_25060_,2.5
_25098_,2.5
_25861_,2.5
_25999_,2.5
_26008_,2.5
_26263_,2.5
_26299_,2.5
_26386_,2.5
_26754_,2.5
_26824_,2.5
_26858_,2.5
_27449_,2.5
_27480_,2.5
_27661_,2.5
_27869_,2.5
_27929_,2.5
_28334_,2.5
_28398_,2.5
_28427_,2.5
_28614_,2.5
_28758_,2.5
_28856_,2.5
_28883_,2.5
_29041_,2.5
_29361_,2.5
_29623_,2.5
_29758_,2.5
_30015_,2.5
_30343_,2.5
_30520_,2.5
_30857_,2.5
_31047_,2.5
_31145_,2.5
_31412_,2.5
_31618_,2.5
_31672_,2.5
_31684_,2.5
_31867_,2.5
_32013_,2.5
_32107_,2.5
_33191_,2.5
_33469_,2.5
_33666_,2.5
_33750_,2.5
_33800_,2.5
_33908_,2.5
_34066_,2.5
_34149_,2.5
_34344_,2.5
_34523_,2.5
_34587_,2.5
_34638_,2.5
_34707_,2.5
_34857_,2.5
_35063_,2.5
_35389_,2.5
_35399_,2.5
_36163_,2.5
_36548_,2.5
_36788_,2.5
_36952_,2.5
_37817_,2.5
_37826_,2.5
_37995_,2.5
_38052_,2.5
_38104_,2.5
_38204_,2.5
_38412_,2.5
_38479_,2.5
_38626_,2.5
_38628_,2.5
_38708_,2.5
_39000_,2.5
_39181_,2.5
_39887_,2.5
_39944_,2.5
_39948_,2.5
_40038_,2.5
_40558_,2.5
_41338_,2.5
_41756_,2.5
_42235_,2.5
_42352_,2.5
_42388_,2.5
_43015_,2.5
_43020_,2.5
_43091_,2.5
_43300_,2.5
_43434_,2.5
_43943_,2.5
_44269_,2.5
k\[122\]\[5\],2.5
q\[38\]\[2\],2.5
raw_scores\[36\]\[13\],2.5
raw_scores\[9\]\[7\],2.5
net896,2.5
net1258,2.5
net1301,2.5
net1330,2.5
net1630,2.5
net1850,2.5
net2375,2.5
net3483,2.5
net4389,2.5
net5124,2.5
net6066,2.5
net6533,2.5
net7016,2.5
net7177,2.5
_02685_,2.495
_04888_,2.495
_00719_,2.485
_00955_,2.485
_01007_,2.485
_01157_,2.485
_01189_,2.485
_01250_,2.485
_01436_,2.485
_01468_,2.485
_01767_,2.485
_01819_,2.485
_02022_,2.485
_02055_,2.485
_02092_,2.485
_02114_,2.485
_02732_,2.48
_38087_,2.48
_02994_,2.435
_00062_,2.425
_00484_,2.425
_00816_,2.425
_01329_,2.425
_01917_,2.425
_02919_,2.425
_03022_,2.425
_03158_,2.425
_03762_,2.425
_04824_,2.425
_04969_,2.425
_05475_,2.425
_05556_,2.425
_06519_,2.425
_06709_,2.425
_00684_,2.42
_01206_,2.42
_01774_,2.42
_02006_,2.42
_02237_,2.42
_02254_,2.42
_23510_,2.41
_12602_,2.4
_13961_,2.4
_19647_,2.4
_21159_,2.4
_21298_,2.4
_23273_,2.4
_25586_,2.4
_26418_,2.4
_26651_,2.4
_29267_,2.4
_29531_,2.4
_29618_,2.4
_31143_,2.4
_31340_,2.4
_33271_,2.4
_34957_,2.4
_35202_,2.4
_37705_,2.4
_38019_,2.4
_38374_,2.4
net3604,2.4
net3608,2.4
net3879,2.4
net4301,2.4
net4337,2.4
net4405,2.4
net4789,2.4
net4847,2.4
net4989,2.4
net5340,2.4
net5789,2.4
net5937,2.4
net6060,2.4
net6079,2.4
net6576,2.4
net6867,2.4
net7188,2.4
net7391,2.4
_06065_,2.38
_07100_,2.38
_07573_,2.38
_13712_,2.38
_23423_,2.38
_35163_,2.38
_37133_,2.38
_40731_,2.38
_00244_,2.375
_00335_,2.375
_00648_,2.375
_01500_,2.375
_01720_,2.375
_01753_,2.375
_01762_,2.375
_01851_,2.375
_02050_,2.375
_02058_,2.375
_02144_,2.375
_02336_,2.375
_02423_,2.375
_02637_,2.375
_02673_,2.375
_02688_,2.375
_02829_,2.375
_03018_,2.375
_03074_,2.375
_03112_,2.375
_03817_,2.375
_04091_,2.375
_04220_,2.375
_04364_,2.375
_04475_,2.375
_04576_,2.375
_04954_,2.375
_06092_,2.375
_06106_,2.375
_06251_,2.375
_06719_,2.375
_06763_,2.375
_06819_,2.375
_07060_,2.375
_19471_,2.375
_00068_,2.325
_00249_,2.325
_00278_,2.325
_00300_,2.325
_00311_,2.325
_00344_,2.325
_00345_,2.325
_00503_,2.325
_00671_,2.325
_00692_,2.325
_00759_,2.325
_00975_,2.325
_01077_,2.325
_01287_,2.325
_01529_,2.325
_01564_,2.325
_01675_,2.325
_02033_,2.325
_02040_,2.325
_02117_,2.325
_02295_,2.325
_02310_,2.325
_02328_,2.325
_02351_,2.325
_02373_,2.325
_02441_,2.325
_02445_,2.325
_02528_,2.325
_02541_,2.325
_02587_,2.325
_02651_,2.325
_02769_,2.325
_02832_,2.325
_02917_,2.325
_02928_,2.325
_02986_,2.325
_03078_,2.325
_03085_,2.325
_03136_,2.325
_03139_,2.325
_03236_,2.325
_03237_,2.325
_03344_,2.325
_03347_,2.325
_03366_,2.325
_03379_,2.325
_03534_,2.325
_03629_,2.325
_03644_,2.325
_03661_,2.325
_03663_,2.325
_03704_,2.325
_03764_,2.325
_03780_,2.325
_04051_,2.325
_04060_,2.325
_04067_,2.325
_04210_,2.325
_04223_,2.325
_04242_,2.325
_04270_,2.325
_04308_,2.325
_04339_,2.325
_04340_,2.325
_04488_,2.325
_04511_,2.325
_04604_,2.325
_04650_,2.325
_04651_,2.325
_04739_,2.325
_04811_,2.325
_04822_,2.325
_04832_,2.325
_04916_,2.325
_04959_,2.325
_05080_,2.325
_05118_,2.325
_05161_,2.325
_05178_,2.325
_05203_,2.325
_05214_,2.325
_05279_,2.325
_05290_,2.325
_05336_,2.325
_05344_,2.325
_05421_,2.325
_05487_,2.325
_05513_,2.325
_05530_,2.325
_05617_,2.325
_05673_,2.325
_05675_,2.325
_05676_,2.325
_05781_,2.325
_06140_,2.325
_06143_,2.325
_06202_,2.325
_06250_,2.325
_06270_,2.325
_06293_,2.325
_06297_,2.325
_06299_,2.325
_06307_,2.325
_06325_,2.325
_06349_,2.325
_06364_,2.325
_06458_,2.325
_06572_,2.325
_06650_,2.325
_06651_,2.325
_06653_,2.325
_06654_,2.325
_06671_,2.325
_06733_,2.325
_06805_,2.325
_06862_,2.325
_06941_,2.325
_06987_,2.325
_08888_,2.325
net1860,2.325
_38654_,2.31
_07430_,2.305
_00001_,2.3
_07629_,2.3
_07840_,2.3
_07867_,2.3
_08867_,2.3
_13238_,2.3
_13453_,2.3
_19757_,2.3
_20237_,2.3
_20317_,2.3
_20341_,2.3
_20400_,2.3
_21507_,2.3
_23377_,2.3
_23524_,2.3
_25085_,2.3
_25198_,2.3
_25275_,2.3
_25977_,2.3
_28287_,2.3
_29976_,2.3
_31086_,2.3
_32332_,2.3
_33022_,2.3
_33433_,2.3
_34887_,2.3
_35605_,2.3
_35858_,2.3
_37437_,2.3
_38013_,2.3
_38134_,2.3
_38215_,2.3
_38796_,2.3
_39655_,2.3
_41293_,2.3
_41481_,2.3
_41927_,2.3
_41987_,2.3
_42442_,2.3
_43767_,2.3
net894,2.3
net1040,2.3
net1763,2.3
net2285,2.3
net3427,2.3
net3852,2.3
net4134,2.3
net4163,2.3
net4539,2.3
net4924,2.3
net5040,2.3
net5881,2.3
net5994,2.3
net6767,2.3
net6928,2.3
net7533,2.3
_00022_,2.28
_07094_,2.28
_07156_,2.28
_07207_,2.28
_07218_,2.28
_07264_,2.28
_07294_,2.28
_07393_,2.28
_07429_,2.28
_07476_,2.28
_07516_,2.28
_07525_,2.28
_07689_,2.28
_14500_,2.28
_15431_,2.28
_23602_,2.28
_25271_,2.28
_25590_,2.28
_29707_,2.28
_30184_,2.28
_30693_,2.28
_32788_,2.28
_34240_,2.28
_37168_,2.28
_40498_,2.28
_42649_,2.28
_43929_,2.28
net1680,2.28
net4553,2.28
net7331,2.28
net7569,2.28
_01676_,2.26
_01854_,2.26
_03818_,2.26
_00057_,2.255
_00353_,2.255
_00429_,2.255
_00701_,2.255
_00725_,2.255
_00865_,2.255
_01480_,2.255
_01509_,2.255
_01695_,2.255
_01707_,2.255
_01732_,2.255
_01749_,2.255
_01867_,2.255
_01911_,2.255
_02182_,2.255
_02546_,2.255
_02871_,2.255
_02967_,2.255
_03091_,2.255
_03122_,2.255
_03186_,2.255
_03187_,2.255
_03334_,2.255
_03340_,2.255
_03451_,2.255
_03689_,2.255
_03767_,2.255
_03847_,2.255
_04026_,2.255
_04089_,2.255
_04332_,2.255
_04591_,2.255
_04612_,2.255
_04761_,2.255
_04974_,2.255
_05040_,2.255
_05237_,2.255
_05270_,2.255
_05418_,2.255
_05439_,2.255
_05481_,2.255
_05590_,2.255
_05631_,2.255
_05887_,2.255
_06089_,2.255
_06135_,2.255
_06192_,2.255
_06292_,2.255
_06386_,2.255
_06391_,2.255
_06462_,2.255
_06479_,2.255
_06487_,2.255
_06562_,2.255
_06692_,2.255
_06764_,2.255
_06774_,2.255
_06946_,2.255
_10941_,2.255
_39251_,2.255
net3826,2.255
_01180_,2.205
_02429_,2.205
_02446_,2.205
_03378_,2.205
_04085_,2.205
_06427_,2.205
_41693_,2.2
_08377_,2.19
_07192_,2.18
_07263_,2.18
_07451_,2.18
_07951_,2.18
_08424_,2.18
_08814_,2.18
_09183_,2.18
_13292_,2.18
_13581_,2.18
_19236_,2.18
_19698_,2.18
_19760_,2.18
_19761_,2.18
_19803_,2.18
_20125_,2.18
_20251_,2.18
_20505_,2.18
_20607_,2.18
_20702_,2.18
_21230_,2.18
_21887_,2.18
_22086_,2.18
_22173_,2.18
_22227_,2.18
_22701_,2.18
_22799_,2.18
_23879_,2.18
_24011_,2.18
_25505_,2.18
_25659_,2.18
_25662_,2.18
_25689_,2.18
_25823_,2.18
_26058_,2.18
_26269_,2.18
_26338_,2.18
_26405_,2.18
_27108_,2.18
_27243_,2.18
_27285_,2.18
_27364_,2.18
_27492_,2.18
_27833_,2.18
_27906_,2.18
_28434_,2.18
_28443_,2.18
_28698_,2.18
_28716_,2.18
_28968_,2.18
_29185_,2.18
_29301_,2.18
_29647_,2.18
_29722_,2.18
_30249_,2.18
_30566_,2.18
_31190_,2.18
_31504_,2.18
_31646_,2.18
_31749_,2.18
_31892_,2.18
_32436_,2.18
_33771_,2.18
_34319_,2.18
_36861_,2.18
_37431_,2.18
_37445_,2.18
_37455_,2.18
_37508_,2.18
_37608_,2.18
_37679_,2.18
_38086_,2.18
_38571_,2.18
_38785_,2.18
_39719_,2.18
_39733_,2.18
_41427_,2.18
_41621_,2.18
_41744_,2.18
_41864_,2.18
_42012_,2.18
_42033_,2.18
_42393_,2.18
_42968_,2.18
_43242_,2.18
_43351_,2.18
_43531_,2.18
raw_scores\[13\]\[7\],2.18
raw_scores\[1\]\[10\],2.18
raw_scores\[20\]\[12\],2.18
raw_scores\[20\]\[5\],2.18
raw_scores\[32\]\[11\],2.18
raw_scores\[39\]\[14\],2.18
raw_scores\[48\]\[3\],2.18
raw_scores\[52\]\[14\],2.18
raw_scores\[5\]\[11\],2.18
raw_scores\[7\]\[5\],2.18
net1272,2.18
net1284,2.18
net1362,2.18
net1364,2.18
net1381,2.18
net1400,2.18
net1443,2.18
net1452,2.18
net1498,2.18
net1511,2.18
net1555,2.18
net1646,2.18
net1653,2.18
net1661,2.18
net1679,2.18
net1689,2.18
net1693,2.18
net1725,2.18
net1768,2.18
net1802,2.18
net1961,2.18
net1984,2.18
net2029,2.18
net2081,2.18
net2214,2.18
net2315,2.18
net2336,2.18
net2393,2.18
net2510,2.18
net2615,2.18
net3582,2.18
net7574,2.18
net7770,2.18
_00026_,2.16
_00120_,2.16
_00128_,2.16
_00147_,2.16
_00171_,2.16
_00209_,2.16
_00238_,2.16
_00239_,2.16
_07152_,2.16
_07161_,2.16
_07165_,2.16
_07171_,2.16
_07250_,2.16
_07349_,2.16
_07354_,2.16
_07446_,2.16
_07484_,2.16
_07522_,2.16
_07526_,2.16
_07528_,2.16
_07558_,2.16
_07588_,2.16
_08482_,2.16
_08560_,2.16
_08731_,2.16
_09444_,2.16
_09542_,2.16
_09545_,2.16
_09919_,2.16
_09981_,2.16
_10244_,2.16
_10783_,2.16
_11047_,2.16
_11381_,2.16
_11403_,2.16
_11649_,2.16
_11696_,2.16
_11697_,2.16
_11773_,2.16
_11810_,2.16
_11870_,2.16
_12148_,2.16
_12275_,2.16
_12278_,2.16
_12280_,2.16
_12323_,2.16
_12345_,2.16
_12383_,2.16
_12478_,2.16
_12500_,2.16
_12569_,2.16
_12606_,2.16
_12685_,2.16
_12892_,2.16
_12906_,2.16
_12907_,2.16
_13174_,2.16
_13183_,2.16
_13217_,2.16
_13228_,2.16
_13465_,2.16
_13823_,2.16
_13853_,2.16
_13984_,2.16
_14142_,2.16
_14184_,2.16
_14302_,2.16
_14347_,2.16
_14579_,2.16
_14661_,2.16
_14695_,2.16
_14706_,2.16
_14708_,2.16
_14732_,2.16
_14778_,2.16
_14995_,2.16
_15095_,2.16
_15143_,2.16
_15472_,2.16
_15600_,2.16
_15807_,2.16
_15869_,2.16
_15905_,2.16
_15959_,2.16
_15995_,2.16
_16035_,2.16
_16052_,2.16
_16056_,2.16
_16078_,2.16
_16105_,2.16
_16154_,2.16
_16168_,2.16
_16175_,2.16
_16187_,2.16
_16193_,2.16
_16248_,2.16
_16264_,2.16
_16295_,2.16
_16361_,2.16
_16379_,2.16
_16383_,2.16
_16393_,2.16
_16428_,2.16
_16449_,2.16
_16484_,2.16
_16486_,2.16
_16547_,2.16
_16556_,2.16
_16593_,2.16
_16664_,2.16
_16705_,2.16
_16722_,2.16
_16725_,2.16
_16779_,2.16
_16852_,2.16
_16860_,2.16
_16940_,2.16
_16958_,2.16
_16996_,2.16
_17020_,2.16
_17040_,2.16
_17068_,2.16
_17150_,2.16
_17179_,2.16
_17180_,2.16
_17185_,2.16
_17188_,2.16
_17428_,2.16
_17506_,2.16
_17511_,2.16
_17578_,2.16
_17983_,2.16
_17984_,2.16
_18088_,2.16
_18159_,2.16
_18187_,2.16
_18359_,2.16
_18487_,2.16
_18512_,2.16
_18747_,2.16
_18763_,2.16
_18803_,2.16
_18878_,2.16
_19277_,2.16
_19321_,2.16
_19580_,2.16
_19589_,2.16
_19768_,2.16
_20465_,2.16
_21603_,2.16
_21920_,2.16
_22106_,2.16
_22356_,2.16
_22448_,2.16
_22497_,2.16
_22599_,2.16
_22693_,2.16
_23158_,2.16
_23498_,2.16
_23614_,2.16
_24231_,2.16
_24863_,2.16
_24941_,2.16
_24992_,2.16
_25066_,2.16
_25079_,2.16
_25595_,2.16
_25896_,2.16
_26076_,2.16
_26267_,2.16
_26304_,2.16
_26854_,2.16
_27037_,2.16
_27131_,2.16
_27534_,2.16
_27761_,2.16
_27810_,2.16
_28235_,2.16
_28254_,2.16
_28611_,2.16
_28802_,2.16
_29032_,2.16
_29080_,2.16
_29126_,2.16
_29166_,2.16
_29291_,2.16
_29353_,2.16
_29580_,2.16
_29650_,2.16
_29662_,2.16
_29951_,2.16
_30030_,2.16
_30237_,2.16
_30287_,2.16
_30332_,2.16
_30501_,2.16
_30703_,2.16
_30862_,2.16
_30957_,2.16
_31448_,2.16
_31564_,2.16
_31665_,2.16
_31754_,2.16
_32012_,2.16
_32014_,2.16
_32048_,2.16
_32396_,2.16
_32715_,2.16
_32868_,2.16
_33448_,2.16
_33481_,2.16
_34558_,2.16
_34683_,2.16
_34792_,2.16
_35151_,2.16
_35413_,2.16
_35451_,2.16
_35600_,2.16
_35681_,2.16
_35726_,2.16
_36391_,2.16
_38270_,2.16
_38633_,2.16
_39657_,2.16
_39661_,2.16
_39679_,2.16
_39727_,2.16
_39765_,2.16
_39795_,2.16
_39911_,2.16
_40059_,2.16
_40096_,2.16
_40423_,2.16
_41061_,2.16
_41248_,2.16
_41360_,2.16
_41472_,2.16
_41496_,2.16
_41992_,2.16
_42025_,2.16
_42073_,2.16
_42870_,2.16
_43278_,2.16
_43440_,2.16
_43589_,2.16
out\[115\]\[2\],2.16
out\[20\]\[0\],2.16
out\[31\]\[1\],2.16
out\[36\]\[5\],2.16
out\[49\]\[1\],2.16
out\[63\]\[4\],2.16
out\[90\]\[3\],2.16
raw_scores\[0\]\[10\],2.16
raw_scores\[10\]\[11\],2.16
raw_scores\[10\]\[18\],2.16
raw_scores\[12\]\[15\],2.16
raw_scores\[12\]\[9\],2.16
raw_scores\[13\]\[13\],2.16
raw_scores\[16\]\[12\],2.16
raw_scores\[18\]\[13\],2.16
raw_scores\[18\]\[16\],2.16
raw_scores\[18\]\[8\],2.16
raw_scores\[19\]\[10\],2.16
raw_scores\[19\]\[9\],2.16
raw_scores\[1\]\[7\],2.16
raw_scores\[20\]\[11\],2.16
raw_scores\[20\]\[2\],2.16
raw_scores\[23\]\[10\],2.16
raw_scores\[24\]\[9\],2.16
raw_scores\[29\]\[2\],2.16
raw_scores\[29\]\[8\],2.16
raw_scores\[32\]\[5\],2.16
raw_scores\[33\]\[9\],2.16
raw_scores\[36\]\[17\],2.16
raw_scores\[37\]\[18\],2.16
raw_scores\[38\]\[15\],2.16
raw_scores\[38\]\[18\],2.16
raw_scores\[38\]\[3\],2.16
raw_scores\[39\]\[13\],2.16
raw_scores\[40\]\[18\],2.16
raw_scores\[40\]\[7\],2.16
raw_scores\[43\]\[8\],2.16
raw_scores\[45\]\[12\],2.16
raw_scores\[46\]\[17\],2.16
raw_scores\[47\]\[13\],2.16
raw_scores\[48\]\[19\],2.16
raw_scores\[4\]\[4\],2.16
raw_scores\[4\]\[9\],2.16
raw_scores\[50\]\[16\],2.16
raw_scores\[54\]\[3\],2.16
raw_scores\[55\]\[9\],2.16
raw_scores\[57\]\[18\],2.16
raw_scores\[58\]\[15\],2.16
raw_scores\[60\]\[14\],2.16
raw_scores\[63\]\[15\],2.16
raw_scores\[6\]\[14\],2.16
net2009,2.16
net2040,2.16
net2279,2.16
net3243,2.16
net4072,2.16
net4240,2.16
net4832,2.16
net4887,2.16
net4974,2.16
net5245,2.16
net6378,2.16
net6859,2.16
net7049,2.16
net7202,2.16
net7285,2.16
net7461,2.16
net7479,2.16
net7483,2.16
net7578,2.16
net7651,2.16
net7767,2.16
net7782,2.16
_36670_,2.155
_00054_,2.125
_00370_,2.125
_00412_,2.125
_00606_,2.125
_00888_,2.125
_00907_,2.125
_01617_,2.125
_02096_,2.125
_02601_,2.125
_03202_,2.125
_03243_,2.125
_03507_,2.125
_03675_,2.125
_03772_,2.125
_04154_,2.125
_04177_,2.125
_04505_,2.125
_04579_,2.125
_04653_,2.125
_04773_,2.125
_04831_,2.125
_04961_,2.125
_04967_,2.125
_05009_,2.125
_05288_,2.125
_05603_,2.125
_05663_,2.125
_05848_,2.125
_05960_,2.125
_05978_,2.125
_06259_,2.125
_06667_,2.125
_06751_,2.125
_06781_,2.125
_06947_,2.125
_05745_,2.115
_00273_,2.085
_00299_,2.085
_00858_,2.085
_01038_,2.085
_01330_,2.085
_01434_,2.085
_01464_,2.085
_01524_,2.085
_01526_,2.085
_01680_,2.085
_01721_,2.085
_01757_,2.085
_01791_,2.085
_01904_,2.085
_02009_,2.085
_02120_,2.085
_02134_,2.085
_02147_,2.085
_02354_,2.085
_02366_,2.085
_02391_,2.085
_02440_,2.085
_02591_,2.085
_02628_,2.085
_02762_,2.085
_02773_,2.085
_02863_,2.085
_02893_,2.085
_02897_,2.085
_02918_,2.085
_03034_,2.085
_03225_,2.085
_03326_,2.085
_03345_,2.085
_03362_,2.085
_03400_,2.085
_03466_,2.085
_03543_,2.085
_03585_,2.085
_03588_,2.085
_03700_,2.085
_03758_,2.085
_03765_,2.085
_03788_,2.085
_03852_,2.085
_03896_,2.085
_03959_,2.085
_03992_,2.085
_04116_,2.085
_04131_,2.085
_04193_,2.085
_04202_,2.085
_04224_,2.085
_04373_,2.085
_04374_,2.085
_04395_,2.085
_04455_,2.085
_05045_,2.085
_05204_,2.085
_05291_,2.085
_05330_,2.085
_05352_,2.085
_05359_,2.085
_05688_,2.085
_05880_,2.085
_06176_,2.085
_06201_,2.085
_06235_,2.085
_06243_,2.085
_06260_,2.085
_06296_,2.085
_06392_,2.085
_06464_,2.085
_06570_,2.085
_06735_,2.085
_06744_,2.085
_06784_,2.085
_06899_,2.085
_07019_,2.085
_30146_,2.08
_24564_,2.07
_02999_,2.06
_03013_,2.06
_03701_,2.06
_03805_,2.06
_04090_,2.06
_05254_,2.06
_05817_,2.06
_06138_,2.06
_06289_,2.06
_06877_,2.06
_09051_,2.06
_09348_,2.06
_09364_,2.06
_09614_,2.06
_09773_,2.06
_10090_,2.06
_10120_,2.06
_10262_,2.06
_10283_,2.06
_10348_,2.06
_10732_,2.06
_11039_,2.06
_11283_,2.06
_11349_,2.06
_11417_,2.06
_11767_,2.06
_11820_,2.06
_11966_,2.06
_11999_,2.06
_12023_,2.06
_12083_,2.06
_12099_,2.06
_12110_,2.06
_12124_,2.06
_12126_,2.06
_12142_,2.06
_12143_,2.06
_12198_,2.06
_12206_,2.06
_12284_,2.06
_12354_,2.06
_12436_,2.06
_12480_,2.06
_12620_,2.06
_12669_,2.06
_12678_,2.06
_12683_,2.06
_12842_,2.06
_12862_,2.06
_12868_,2.06
_13084_,2.06
_13210_,2.06
_14745_,2.06
_14856_,2.06
_14881_,2.06
_14886_,2.06
_14887_,2.06
_14983_,2.06
_15090_,2.06
_15318_,2.06
_15336_,2.06
_15397_,2.06
_15442_,2.06
_15459_,2.06
_15461_,2.06
_15582_,2.06
_15630_,2.06
_15688_,2.06
_15785_,2.06
_15945_,2.06
_15984_,2.06
_16217_,2.06
_16806_,2.06
_16973_,2.06
_16997_,2.06
_17009_,2.06
_17326_,2.06
_17341_,2.06
_17344_,2.06
_17550_,2.06
_17585_,2.06
_17623_,2.06
_17938_,2.06
_17967_,2.06
_17987_,2.06
_18043_,2.06
_18132_,2.06
_18199_,2.06
_18217_,2.06
_18265_,2.06
_18271_,2.06
_18290_,2.06
_18422_,2.06
_18438_,2.06
_18683_,2.06
_18735_,2.06
_18856_,2.06
_18882_,2.06
_18898_,2.06
_18981_,2.06
_20037_,2.06
_21216_,2.06
_21528_,2.06
_21533_,2.06
_22101_,2.06
_22202_,2.06
_22326_,2.06
_22409_,2.06
_22525_,2.06
_23288_,2.06
_24262_,2.06
_25668_,2.06
_27433_,2.06
_27477_,2.06
_29000_,2.06
_31224_,2.06
_31310_,2.06
_31793_,2.06
_31839_,2.06
_31874_,2.06
_31996_,2.06
_32031_,2.06
_32346_,2.06
_32442_,2.06
_32916_,2.06
_32999_,2.06
_33332_,2.06
_36079_,2.06
_36537_,2.06
_36811_,2.06
_38145_,2.06
_38371_,2.06
_39616_,2.06
_43395_,2.06
_43418_,2.06
raw_scores\[33\]\[8\],2.06
net837,2.06
_39893_,2.045
_00154_,2.04
_07132_,2.04
_07510_,2.04
_07682_,2.04
_07874_,2.04
_08212_,2.04
_08564_,2.04
_09075_,2.04
_09327_,2.04
_09564_,2.04
_09893_,2.04
_11706_,2.04
_11781_,2.04
_11885_,2.04
_11973_,2.04
_12317_,2.04
_12564_,2.04
_12600_,2.04
_13141_,2.04
_13202_,2.04
_13357_,2.04
_13427_,2.04
_13555_,2.04
_13793_,2.04
_13874_,2.04
_13887_,2.04
_14372_,2.04
_15096_,2.04
_15226_,2.04
_15232_,2.04
_15262_,2.04
_15660_,2.04
_15661_,2.04
_15808_,2.04
_15814_,2.04
_15828_,2.04
_15991_,2.04
_16121_,2.04
_16289_,2.04
_17439_,2.04
_17489_,2.04
_17541_,2.04
_17644_,2.04
_17811_,2.04
_17989_,2.04
_18040_,2.04
_18304_,2.04
_18743_,2.04
_18762_,2.04
_19051_,2.04
_19052_,2.04
_20278_,2.04
_20385_,2.04
_20833_,2.04
_20944_,2.04
_21988_,2.04
_22092_,2.04
_22506_,2.04
_22511_,2.04
_22615_,2.04
_22766_,2.04
_23552_,2.04
_24162_,2.04
_24623_,2.04
_24640_,2.04
_25089_,2.04
_25105_,2.04
_25341_,2.04
_25937_,2.04
_26862_,2.04
_27443_,2.04
_27673_,2.04
_27817_,2.04
_27989_,2.04
_28048_,2.04
_28249_,2.04
_28348_,2.04
_28550_,2.04
_28618_,2.04
_28729_,2.04
_28824_,2.04
_29288_,2.04
_29339_,2.04
_29653_,2.04
_29749_,2.04
_29788_,2.04
_29829_,2.04
_30733_,2.04
_31041_,2.04
_31209_,2.04
_31696_,2.04
_31706_,2.04
_31888_,2.04
_31985_,2.04
_33005_,2.04
_34131_,2.04
_34351_,2.04
_34365_,2.04
_35131_,2.04
_35773_,2.04
_36756_,2.04
_37481_,2.04
_37642_,2.04
_38069_,2.04
_38648_,2.04
_38742_,2.04
_39022_,2.04
_39040_,2.04
_39338_,2.04
_39525_,2.04
_40004_,2.04
_40114_,2.04
_40753_,2.04
_40873_,2.04
_42530_,2.04
_42631_,2.04
_43311_,2.04
raw_scores\[14\]\[13\],2.04
raw_scores\[33\]\[14\],2.04
raw_scores\[40\]\[15\],2.04
raw_scores\[6\]\[8\],2.04
net864,2.04
net898,2.04
net1277,2.04
net1682,2.04
net1699,2.04
net1849,2.04
net1886,2.04
net1987,2.04
net2314,2.04
net2373,2.04
net2675,2.04
net2713,2.04
net2859,2.04
net3348,2.04
net3666,2.04
net3945,2.04
net4004,2.04
net4144,2.04
net4306,2.04
net4442,2.04
net4730,2.04
net4921,2.04
net5668,2.04
net6207,2.04
net6278,2.04
net6860,2.04
net7061,2.04
_03008_,2.035
_05743_,2.035
_00527_,2.025
_00529_,2.025
_00622_,2.025
_00995_,2.025
_01103_,2.025
_01184_,2.025
_01194_,2.025
_01213_,2.025
_01743_,2.025
_01902_,2.025
_01925_,2.025
_01999_,2.025
_02181_,2.025
_02221_,2.025
_02230_,2.025
_02258_,2.025
_07092_,2.005
_07101_,2.005
_20119_,2
_08462_,1.94
_12320_,1.94
_12655_,1.94
_15295_,1.94
_19616_,1.94
_26236_,1.94
_27357_,1.94
_31372_,1.94
_32565_,1.94
_33053_,1.94
_33439_,1.94
_37868_,1.94
_38852_,1.94
_40269_,1.94
_42270_,1.94
_42498_,1.94
_43611_,1.94
net3285,1.94
net3444,1.94
net3670,1.94
net4218,1.94
net4355,1.94
net4393,1.94
net4430,1.94
net4799,1.94
net5066,1.94
net5249,1.94
net5274,1.94
net5623,1.94
net5724,1.94
net5957,1.94
net6027,1.94
net6068,1.94
net6174,1.94
net6268,1.94
net6332,1.94
net6366,1.94
net6513,1.94
net6629,1.94
net6927,1.94
net7231,1.94
net7646,1.94
_34937_,1.93
_00616_,1.92
_02043_,1.92
_00080_,1.915
_00500_,1.915
_00869_,1.915
_01274_,1.915
_01439_,1.915
_01508_,1.915
_01716_,1.915
_01789_,1.915
_02335_,1.915
_02540_,1.915
_02775_,1.915
_02861_,1.915
_02889_,1.915
_02938_,1.915
_03094_,1.915
_03276_,1.915
_03322_,1.915
_03655_,1.915
_04385_,1.915
_04879_,1.915
_04892_,1.915
_06067_,1.915
_06200_,1.915
_06207_,1.915
_06271_,1.915
_06274_,1.915
_06303_,1.915
_06315_,1.915
_06450_,1.915
_06550_,1.915
_06681_,1.915
_06802_,1.915
_23555_,1.915
_38499_,1.9
_00092_,1.865
_00095_,1.865
_00097_,1.865
_00265_,1.865
_00306_,1.865
_00337_,1.865
_00346_,1.865
_00362_,1.865
_00394_,1.865
_00415_,1.865
_00457_,1.865
_00554_,1.865
_00575_,1.865
_00652_,1.865
_00653_,1.865
_00656_,1.865
_00895_,1.865
_00915_,1.865
_01019_,1.865
_01023_,1.865
_01121_,1.865
_01316_,1.865
_01386_,1.865
_01491_,1.865
_01492_,1.865
_01499_,1.865
_01514_,1.865
_01525_,1.865
_01694_,1.865
_01725_,1.865
_01739_,1.865
_01755_,1.865
_01783_,1.865
_01837_,1.865
_01950_,1.865
_02038_,1.865
_02056_,1.865
_02057_,1.865
_02084_,1.865
_02101_,1.865
_02138_,1.865
_02175_,1.865
_02176_,1.865
_02178_,1.865
_02358_,1.865
_02380_,1.865
_02402_,1.865
_02403_,1.865
_02425_,1.865
_02427_,1.865
_02430_,1.865
_02480_,1.865
_02504_,1.865
_02569_,1.865
_02573_,1.865
_02606_,1.865
_02638_,1.865
_02659_,1.865
_02686_,1.865
_02691_,1.865
_02700_,1.865
_02706_,1.865
_02733_,1.865
_02780_,1.865
_02828_,1.865
_02831_,1.865
_02854_,1.865
_02894_,1.865
_02935_,1.865
_02991_,1.865
_03048_,1.865
_03086_,1.865
_03098_,1.865
_03100_,1.865
_03109_,1.865
_03121_,1.865
_03164_,1.865
_03174_,1.865
_03196_,1.865
_03222_,1.865
_03228_,1.865
_03257_,1.865
_03282_,1.865
_03287_,1.865
_03341_,1.865
_03352_,1.865
_03387_,1.865
_03398_,1.865
_03416_,1.865
_03541_,1.865
_03547_,1.865
_03550_,1.865
_03583_,1.865
_03606_,1.865
_03608_,1.865
_03638_,1.865
_03643_,1.865
_03667_,1.865
_03680_,1.865
_03708_,1.865
_03722_,1.865
_03733_,1.865
_03769_,1.865
_03886_,1.865
_03911_,1.865
_03935_,1.865
_03958_,1.865
_03966_,1.865
_03967_,1.865
_03968_,1.865
_04020_,1.865
_04031_,1.865
_04088_,1.865
_04118_,1.865
_04125_,1.865
_04139_,1.865
_04155_,1.865
_04269_,1.865
_04303_,1.865
_04381_,1.865
_04611_,1.865
_04658_,1.865
_04675_,1.865
_04823_,1.865
_04839_,1.865
_05023_,1.865
_05117_,1.865
_05186_,1.865
_05200_,1.865
_05219_,1.865
_05273_,1.865
_05299_,1.865
_05324_,1.865
_05356_,1.865
_05484_,1.865
_05518_,1.865
_05535_,1.865
_05552_,1.865
_05672_,1.865
_05682_,1.865
_05726_,1.865
_05874_,1.865
_05902_,1.865
_05903_,1.865
_05930_,1.865
_05952_,1.865
_05998_,1.865
_06023_,1.865
_06071_,1.865
_06101_,1.865
_06115_,1.865
_06128_,1.865
_06131_,1.865
_06154_,1.865
_06189_,1.865
_06246_,1.865
_06247_,1.865
_06253_,1.865
_06257_,1.865
_06261_,1.865
_06341_,1.865
_06346_,1.865
_06353_,1.865
_06380_,1.865
_06405_,1.865
_06411_,1.865
_06420_,1.865
_06469_,1.865
_06503_,1.865
_06540_,1.865
_06568_,1.865
_06584_,1.865
_06606_,1.865
_06630_,1.865
_06637_,1.865
_06677_,1.865
_06691_,1.865
_06717_,1.865
_06878_,1.865
_06890_,1.865
_06915_,1.865
_06918_,1.865
_07035_,1.865
_32355_,1.85
_09865_,1.84
_13308_,1.84
_14137_,1.84
_20765_,1.84
_21525_,1.84
_21745_,1.84
_22144_,1.84
_22657_,1.84
_24212_,1.84
_26240_,1.84
_26302_,1.84
_28046_,1.84
_29240_,1.84
_29537_,1.84
_31163_,1.84
_31914_,1.84
_34693_,1.84
_34890_,1.84
_34947_,1.84
_35268_,1.84
_35368_,1.84
_35476_,1.84
_35586_,1.84
_35754_,1.84
_36783_,1.84
_36909_,1.84
_36941_,1.84
_37825_,1.84
_37975_,1.84
_38339_,1.84
_38442_,1.84
_38453_,1.84
_38610_,1.84
_40931_,1.84
_41852_,1.84
_42539_,1.84
_42888_,1.84
_43330_,1.84
_43334_,1.84
_43401_,1.84
_43451_,1.84
net1027,1.84
net1212,1.84
net1244,1.84
net1263,1.84
net1266,1.84
net1303,1.84
net1339,1.84
net1341,1.84
net1373,1.84
net1446,1.84
net1458,1.84
net1476,1.84
net1479,1.84
net1492,1.84
net1500,1.84
net1519,1.84
net1522,1.84
net1540,1.84
net1669,1.84
net1708,1.84
net1813,1.84
net2014,1.84
net2257,1.84
net2309,1.84
net2414,1.84
net2415,1.84
net2429,1.84
net2516,1.84
net2654,1.84
net2815,1.84
net3572,1.84
net5113,1.84
net7583,1.84
net7631,1.84
_00237_,1.82
_07181_,1.82
_07209_,1.82
_07230_,1.82
_07336_,1.82
_07391_,1.82
_07414_,1.82
_07439_,1.82
_07501_,1.82
_07514_,1.82
_08680_,1.82
_19510_,1.82
_19982_,1.82
_20947_,1.82
_21743_,1.82
_23326_,1.82
_23463_,1.82
_23651_,1.82
_25557_,1.82
_26247_,1.82
_28713_,1.82
_29051_,1.82
_32352_,1.82
_34161_,1.82
_37502_,1.82
_37941_,1.82
net1291,1.82
net1408,1.82
net1464,1.82
net1629,1.82
net7253,1.82
net7741,1.82
_08155_,1.72
_14116_,1.72
_20154_,1.72
_20787_,1.72
_21350_,1.72
_21647_,1.72
_21684_,1.72
_21932_,1.72
_21972_,1.72
_22099_,1.72
_22213_,1.72
_23102_,1.72
_26101_,1.72
_27336_,1.72
_28436_,1.72
_28701_,1.72
_28875_,1.72
_29211_,1.72
_29401_,1.72
_30131_,1.72
_30161_,1.72
_30880_,1.72
_31035_,1.72
_31366_,1.72
_31407_,1.72
_31650_,1.72
_32340_,1.72
_34109_,1.72
_34267_,1.72
_35079_,1.72
_35100_,1.72
_36412_,1.72
_36964_,1.72
_37334_,1.72
_38366_,1.72
_38577_,1.72
_38775_,1.72
_40086_,1.72
_40979_,1.72
_41382_,1.72
_41514_,1.72
_41570_,1.72
_43064_,1.72
_43361_,1.72
_43509_,1.72
out\[82\]\[4\],1.72
out\[89\]\[4\],1.72
out\[93\]\[2\],1.72
out\[94\]\[7\],1.72
raw_scores\[1\]\[4\],1.72
raw_scores\[27\]\[18\],1.72
raw_scores\[31\]\[7\],1.72
raw_scores\[31\]\[8\],1.72
raw_scores\[35\]\[14\],1.72
raw_scores\[41\]\[10\],1.72
raw_scores\[48\]\[2\],1.72
raw_scores\[9\]\[4\],1.72
_00020_,1.7
_00108_,1.7
_00133_,1.7
_00144_,1.7
_00201_,1.7
_00220_,1.7
_07365_,1.7
_07442_,1.7
_07448_,1.7
_07478_,1.7
_07480_,1.7
_08067_,1.7
_08133_,1.7
_08443_,1.7
_08630_,1.7
_08653_,1.7
_08767_,1.7
_09106_,1.7
_09124_,1.7
_09499_,1.7
_09831_,1.7
_10590_,1.7
_10635_,1.7
_11012_,1.7
_12035_,1.7
_12150_,1.7
_12187_,1.7
_12214_,1.7
_12327_,1.7
_12435_,1.7
_12455_,1.7
_12560_,1.7
_12738_,1.7
_13087_,1.7
_13130_,1.7
_13344_,1.7
_13881_,1.7
_14461_,1.7
_14687_,1.7
_14693_,1.7
_14713_,1.7
_14719_,1.7
_14916_,1.7
_15134_,1.7
_15257_,1.7
_15383_,1.7
_15801_,1.7
_15819_,1.7
_15851_,1.7
_15969_,1.7
_16042_,1.7
_16053_,1.7
_16075_,1.7
_16123_,1.7
_16235_,1.7
_16238_,1.7
_16242_,1.7
_16262_,1.7
_16279_,1.7
_16303_,1.7
_16309_,1.7
_16396_,1.7
_16425_,1.7
_16448_,1.7
_16450_,1.7
_16475_,1.7
_16492_,1.7
_16527_,1.7
_16657_,1.7
_16672_,1.7
_16726_,1.7
_16730_,1.7
_16748_,1.7
_16768_,1.7
_16784_,1.7
_16801_,1.7
_16829_,1.7
_16835_,1.7
_16838_,1.7
_16869_,1.7
_16896_,1.7
_16930_,1.7
_16953_,1.7
_17005_,1.7
_17011_,1.7
_17015_,1.7
_17060_,1.7
_17078_,1.7
_17177_,1.7
_17207_,1.7
_17225_,1.7
_17260_,1.7
_17358_,1.7
_17379_,1.7
_17458_,1.7
_17715_,1.7
_17918_,1.7
_18029_,1.7
_18289_,1.7
_18376_,1.7
_18401_,1.7
_18404_,1.7
_18545_,1.7
_18623_,1.7
_18636_,1.7
_18692_,1.7
_18761_,1.7
_18801_,1.7
_19022_,1.7
_19381_,1.7
_19892_,1.7
_20040_,1.7
_20194_,1.7
_20561_,1.7
_21179_,1.7
_21516_,1.7
_22177_,1.7
_22289_,1.7
_23053_,1.7
_23098_,1.7
_23265_,1.7
_23760_,1.7
_23791_,1.7
_24038_,1.7
_24294_,1.7
_24611_,1.7
_24775_,1.7
_24829_,1.7
_25086_,1.7
_25298_,1.7
_25546_,1.7
_26703_,1.7
_26890_,1.7
_27459_,1.7
_28053_,1.7
_29333_,1.7
_29770_,1.7
_29816_,1.7
_29874_,1.7
_30323_,1.7
_30788_,1.7
_30952_,1.7
_31022_,1.7
_31050_,1.7
_31580_,1.7
_32220_,1.7
_32261_,1.7
_32448_,1.7
_32809_,1.7
_33175_,1.7
_33187_,1.7
_33835_,1.7
_33976_,1.7
_33992_,1.7
_34220_,1.7
_34448_,1.7
_34759_,1.7
_34767_,1.7
_34929_,1.7
_35288_,1.7
_35646_,1.7
_35672_,1.7
_35926_,1.7
_36916_,1.7
_37278_,1.7
_37524_,1.7
_37680_,1.7
_38530_,1.7
_38565_,1.7
_39131_,1.7
_39591_,1.7
_39670_,1.7
_40101_,1.7
_40528_,1.7
_40764_,1.7
_40793_,1.7
_40829_,1.7
_41203_,1.7
_41649_,1.7
_41772_,1.7
_42172_,1.7
_42346_,1.7
_42462_,1.7
_42638_,1.7
_43127_,1.7
_43238_,1.7
_43387_,1.7
_43820_,1.7
_44049_,1.7
_44062_,1.7
out\[123\]\[5\],1.7
out\[33\]\[4\],1.7
out\[47\]\[0\],1.7
out\[55\]\[5\],1.7
out\[56\]\[7\],1.7
out\[61\]\[4\],1.7
out\[68\]\[2\],1.7
out\[79\]\[1\],1.7
out\[87\]\[2\],1.7
out\[88\]\[2\],1.7
out\[92\]\[6\],1.7
out\[93\]\[1\],1.7
out\[94\]\[0\],1.7
raw_scores\[0\]\[16\],1.7
raw_scores\[0\]\[4\],1.7
raw_scores\[10\]\[10\],1.7
raw_scores\[10\]\[14\],1.7
raw_scores\[10\]\[2\],1.7
raw_scores\[12\]\[17\],1.7
raw_scores\[13\]\[9\],1.7
raw_scores\[14\]\[3\],1.7
raw_scores\[15\]\[17\],1.7
raw_scores\[18\]\[17\],1.7
raw_scores\[1\]\[12\],1.7
raw_scores\[1\]\[2\],1.7
raw_scores\[22\]\[19\],1.7
raw_scores\[24\]\[10\],1.7
raw_scores\[25\]\[16\],1.7
raw_scores\[25\]\[4\],1.7
raw_scores\[27\]\[11\],1.7
raw_scores\[27\]\[15\],1.7
raw_scores\[27\]\[6\],1.7
raw_scores\[29\]\[19\],1.7
raw_scores\[2\]\[17\],1.7
raw_scores\[2\]\[7\],1.7
raw_scores\[31\]\[13\],1.7
raw_scores\[32\]\[4\],1.7
raw_scores\[33\]\[7\],1.7
raw_scores\[34\]\[13\],1.7
raw_scores\[34\]\[17\],1.7
raw_scores\[34\]\[5\],1.7
raw_scores\[38\]\[4\],1.7
raw_scores\[3\]\[18\],1.7
raw_scores\[40\]\[12\],1.7
raw_scores\[40\]\[14\],1.7
raw_scores\[41\]\[18\],1.7
raw_scores\[42\]\[15\],1.7
raw_scores\[43\]\[3\],1.7
raw_scores\[44\]\[19\],1.7
raw_scores\[44\]\[2\],1.7
raw_scores\[45\]\[8\],1.7
raw_scores\[4\]\[14\],1.7
raw_scores\[51\]\[18\],1.7
raw_scores\[52\]\[13\],1.7
raw_scores\[52\]\[15\],1.7
raw_scores\[52\]\[6\],1.7
raw_scores\[54\]\[6\],1.7
raw_scores\[55\]\[5\],1.7
raw_scores\[56\]\[12\],1.7
raw_scores\[56\]\[7\],1.7
raw_scores\[57\]\[7\],1.7
raw_scores\[58\]\[19\],1.7
raw_scores\[59\]\[13\],1.7
raw_scores\[60\]\[9\],1.7
raw_scores\[62\]\[11\],1.7
raw_scores\[62\]\[17\],1.7
raw_scores\[63\]\[2\],1.7
raw_scores\[6\]\[15\],1.7
raw_scores\[9\]\[15\],1.7
raw_scores\[9\]\[3\],1.7
net487,1.7
net680,1.7
net839,1.7
net1261,1.7
net1489,1.7
net1877,1.7
net1906,1.7
net2016,1.7
net2210,1.7
net2231,1.7
net2901,1.7
net3402,1.7
net3509,1.7
net4270,1.7
net4444,1.7
net5727,1.7
net7398,1.7
net7410,1.7
net7808,1.7
_10161_,1.67
net2063,1.67
_04764_,1.665
_14976_,1.64
_14985_,1.64
_16402_,1.64
_08942_,1.6
_09008_,1.6
_09081_,1.6
_09862_,1.6
_09948_,1.6
_10021_,1.6
_10128_,1.6
_10273_,1.6
_10319_,1.6
_10346_,1.6
_10418_,1.6
_10490_,1.6
_10526_,1.6
_10544_,1.6
_10743_,1.6
_10757_,1.6
_10779_,1.6
_10786_,1.6
_11459_,1.6
_11469_,1.6
_11517_,1.6
_11534_,1.6
_11546_,1.6
_11566_,1.6
_11674_,1.6
_11678_,1.6
_11683_,1.6
_11692_,1.6
_11700_,1.6
_11932_,1.6
_11947_,1.6
_11995_,1.6
_12091_,1.6
_12179_,1.6
_12193_,1.6
_12196_,1.6
_12222_,1.6
_12233_,1.6
_12251_,1.6
_12459_,1.6
_12476_,1.6
_12479_,1.6
_12489_,1.6
_12680_,1.6
_12701_,1.6
_12821_,1.6
_12823_,1.6
_12836_,1.6
_12969_,1.6
_13014_,1.6
_13144_,1.6
_13704_,1.6
_14548_,1.6
_14555_,1.6
_14600_,1.6
_14607_,1.6
_14659_,1.6
_14709_,1.6
_14742_,1.6
_14744_,1.6
_14766_,1.6
_14863_,1.6
_15126_,1.6
_15158_,1.6
_15191_,1.6
_15197_,1.6
_15239_,1.6
_15392_,1.6
_15420_,1.6
_15448_,1.6
_15488_,1.6
_15513_,1.6
_15516_,1.6
_15528_,1.6
_15539_,1.6
_15543_,1.6
_15565_,1.6
_15581_,1.6
_15702_,1.6
_15720_,1.6
_15772_,1.6
_15865_,1.6
_15918_,1.6
_15955_,1.6
_15982_,1.6
_16019_,1.6
_16190_,1.6
_16256_,1.6
_16483_,1.6
_16489_,1.6
_16658_,1.6
_16981_,1.6
_17148_,1.6
_17357_,1.6
_17370_,1.6
_17405_,1.6
_17524_,1.6
_17673_,1.6
_17823_,1.6
_17924_,1.6
_17937_,1.6
_18044_,1.6
_18063_,1.6
_18064_,1.6
_18065_,1.6
_18090_,1.6
_18094_,1.6
_18099_,1.6
_18173_,1.6
_18235_,1.6
_18236_,1.6
_18270_,1.6
_18299_,1.6
_18314_,1.6
_18375_,1.6
_18409_,1.6
_18459_,1.6
_18460_,1.6
_18473_,1.6
_18539_,1.6
_18677_,1.6
_18770_,1.6
_18802_,1.6
_18845_,1.6
_18857_,1.6
_18953_,1.6
_18974_,1.6
_19002_,1.6
_19064_,1.6
_19065_,1.6
_20953_,1.6
_28126_,1.6
_28486_,1.6
_32816_,1.6
_41403_,1.6
out\[50\]\[7\],1.6
out\[63\]\[1\],1.6
raw_scores\[20\]\[3\],1.6
raw_scores\[46\]\[18\],1.6
net7885,1.6
_00757_,1.575
_00894_,1.575
_02139_,1.575
_02539_,1.575
_02749_,1.575
_03126_,1.575
_03163_,1.575
_03169_,1.575
_03195_,1.575
_03302_,1.575
_03319_,1.575
_03350_,1.575
_03367_,1.575
_03820_,1.575
_03898_,1.575
_04774_,1.575
_05047_,1.575
_05130_,1.575
_05221_,1.575
_05803_,1.575
_06356_,1.575
_06432_,1.575
_06459_,1.575
_06723_,1.575
_06750_,1.575
_06780_,1.575
_06940_,1.575
_06983_,1.575
_07095_,1.545
_07499_,1.545
_15045_,1.54
_37806_,1.49
_07825_,1.48
_10076_,1.48
_11454_,1.48
_12752_,1.48
_12815_,1.48
_15415_,1.48
_17616_,1.48
_18341_,1.48
_20918_,1.48
_29066_,1.48
_31263_,1.48
_32849_,1.48
_33374_,1.48
_33426_,1.48
_34451_,1.48
_34745_,1.48
_36583_,1.48
_36743_,1.48
_36802_,1.48
_37465_,1.48
_41377_,1.48
net2760,1.48
net3268,1.48
net3536,1.48
net6062,1.48
net6190,1.48
net6710,1.48
net7087,1.48
net7146,1.48
net7208,1.48
net7305,1.48
net7370,1.48
net7515,1.48
_00250_,1.46
_01310_,1.46
_01713_,1.46
_01813_,1.46
_01893_,1.46
_01986_,1.46
_02363_,1.46
_02790_,1.46
_02979_,1.46
_03305_,1.46
_03568_,1.46
_04018_,1.46
_04268_,1.46
_04448_,1.46
_04838_,1.46
_04947_,1.46
_05166_,1.46
_05877_,1.46
_06351_,1.46
_06845_,1.46
net7543,1.42
_00073_,1.405
_00262_,1.405
_00341_,1.405
_00550_,1.405
_00552_,1.405
_00669_,1.405
_00836_,1.405
_01130_,1.405
_01275_,1.405
_01395_,1.405
_01916_,1.405
_02052_,1.405
_02070_,1.405
_02080_,1.405
_02367_,1.405
_02394_,1.405
_02475_,1.405
_02575_,1.405
_02660_,1.405
_02696_,1.405
_02724_,1.405
_02741_,1.405
_02748_,1.405
_02841_,1.405
_02862_,1.405
_02890_,1.405
_02898_,1.405
_02901_,1.405
_02911_,1.405
_02984_,1.405
_03006_,1.405
_03068_,1.405
_03273_,1.405
_03281_,1.405
_03311_,1.405
_03438_,1.405
_03482_,1.405
_03486_,1.405
_03591_,1.405
_03695_,1.405
_03757_,1.405
_03763_,1.405
_03803_,1.405
_03841_,1.405
_03884_,1.405
_03899_,1.405
_03952_,1.405
_04007_,1.405
_04082_,1.405
_04098_,1.405
_04341_,1.405
_04520_,1.405
_04673_,1.405
_04689_,1.405
_04693_,1.405
_04758_,1.405
_04940_,1.405
_05062_,1.405
_05283_,1.405
_05468_,1.405
_05608_,1.405
_05719_,1.405
_05733_,1.405
_05956_,1.405
_06055_,1.405
_06078_,1.405
_06129_,1.405
_06263_,1.405
_06272_,1.405
_06344_,1.405
_06358_,1.405
_06580_,1.405
_06585_,1.405
_06587_,1.405
_06634_,1.405
_06794_,1.405
_06824_,1.405
_06889_,1.405
_07670_,1.38
_14157_,1.38
_19659_,1.38
_21500_,1.38
_21957_,1.38
_22329_,1.38
_24996_,1.38
_25070_,1.38
_28518_,1.38
_28989_,1.38
_29418_,1.38
_30108_,1.38
_31845_,1.38
_34510_,1.38
_34641_,1.38
_34658_,1.38
_34677_,1.38
_34760_,1.38
_34872_,1.38
_35055_,1.38
_35470_,1.38
_35588_,1.38
_35616_,1.38
_37135_,1.38
_37355_,1.38
_37811_,1.38
_38538_,1.38
_39198_,1.38
_39508_,1.38
_41499_,1.38
_41569_,1.38
net905,1.38
net1367,1.38
net1437,1.38
net1551,1.38
net1644,1.38
net1703,1.38
net1766,1.38
net1888,1.38
net1971,1.38
net1991,1.38
net2117,1.38
net2137,1.38
net2227,1.38
net2246,1.38
net2248,1.38
net2320,1.38
net2366,1.38
net2521,1.38
net2664,1.38
net2970,1.38
net3601,1.38
net4043,1.38
net4100,1.38
net4177,1.38
net4302,1.38
net4540,1.38
net5242,1.38
net5368,1.38
net5409,1.38
net6589,1.38
out\[84\]\[5\],1.375
_07126_,1.36
_07136_,1.36
_07401_,1.36
_07408_,1.36
_07808_,1.36
_23605_,1.36
_24467_,1.36
_24553_,1.36
_25043_,1.36
_27947_,1.36
_29681_,1.36
_31300_,1.36
_31816_,1.36
_41830_,1.36
net2616,1.36
net4721,1.36
_08340_,1.26
_08850_,1.26
_08886_,1.26
_10537_,1.26
_13635_,1.26
_14144_,1.26
_14515_,1.26
_15452_,1.26
_19747_,1.26
_19986_,1.26
_20112_,1.26
_20323_,1.26
_20912_,1.26
_22585_,1.26
_23193_,1.26
_23286_,1.26
_23287_,1.26
_23293_,1.26
_25366_,1.26
_26098_,1.26
_26104_,1.26
_26147_,1.26
_26153_,1.26
_26645_,1.26
_26752_,1.26
_26884_,1.26
_27454_,1.26
_27957_,1.26
_28045_,1.26
_28055_,1.26
_28271_,1.26
_29176_,1.26
_29494_,1.26
_30061_,1.26
_30612_,1.26
_31668_,1.26
_32016_,1.26
_32065_,1.26
_32460_,1.26
_32600_,1.26
_36446_,1.26
_37675_,1.26
_38954_,1.26
_42161_,1.26
out\[50\]\[5\],1.26
out\[56\]\[1\],1.26
out\[56\]\[6\],1.26
out\[81\]\[7\],1.26
out\[82\]\[3\],1.26
out\[85\]\[4\],1.26
out\[87\]\[6\],1.26
out\[88\]\[0\],1.26
out\[91\]\[6\],1.26
raw_scores\[16\]\[15\],1.26
raw_scores\[1\]\[9\],1.26
raw_scores\[25\]\[7\],1.26
raw_scores\[36\]\[11\],1.26
raw_scores\[46\]\[2\],1.26
raw_scores\[56\]\[4\],1.26
raw_scores\[58\]\[4\],1.26
raw_scores\[5\]\[7\],1.26
_10622_,1.18
_10723_,1.15
_25543_,1.15
_37892_,1.15
_07889_,1.14
_08636_,1.14
_08975_,1.14
_08977_,1.14
_08984_,1.14
_08992_,1.14
_08995_,1.14
_09005_,1.14
_09301_,1.14
_09819_,1.14
_09881_,1.14
_09952_,1.14
_09958_,1.14
_09975_,1.14
_10023_,1.14
_10109_,1.14
_10187_,1.14
_10189_,1.14
_10206_,1.14
_10211_,1.14
_10242_,1.14
_10439_,1.14
_10485_,1.14
_10528_,1.14
_10583_,1.14
_10620_,1.14
_10632_,1.14
_10648_,1.14
_10653_,1.14
_10659_,1.14
_10721_,1.14
_10726_,1.14
_10731_,1.14
_10739_,1.14
_10785_,1.14
_10951_,1.14
_11263_,1.14
_11295_,1.14
_11320_,1.14
_11391_,1.14
_11441_,1.14
_11445_,1.14
_11470_,1.14
_11475_,1.14
_11476_,1.14
_11478_,1.14
_11482_,1.14
_11507_,1.14
_11533_,1.14
_11576_,1.14
_11584_,1.14
_11602_,1.14
_11606_,1.14
_11618_,1.14
_11626_,1.14
_11631_,1.14
_11651_,1.14
_11657_,1.14
_11665_,1.14
_11667_,1.14
_11679_,1.14
_11687_,1.14
_11751_,1.14
_11755_,1.14
_11844_,1.14
_11868_,1.14
_11876_,1.14
_11886_,1.14
_11888_,1.14
_11897_,1.14
_11951_,1.14
_11969_,1.14
_11990_,1.14
_12010_,1.14
_12039_,1.14
_12084_,1.14
_12087_,1.14
_12104_,1.14
_12111_,1.14
_12127_,1.14
_12149_,1.14
_12153_,1.14
_12162_,1.14
_12163_,1.14
_12170_,1.14
_12186_,1.14
_12190_,1.14
_12202_,1.14
_12228_,1.14
_12246_,1.14
_12318_,1.14
_12324_,1.14
_12378_,1.14
_12382_,1.14
_12392_,1.14
_12395_,1.14
_12410_,1.14
_12415_,1.14
_12418_,1.14
_12427_,1.14
_12439_,1.14
_12462_,1.14
_12490_,1.14
_12499_,1.14
_12508_,1.14
_12513_,1.14
_12544_,1.14
_12581_,1.14
_12605_,1.14
_12645_,1.14
_12671_,1.14
_12698_,1.14
_12718_,1.14
_12755_,1.14
_12756_,1.14
_12759_,1.14
_12760_,1.14
_12779_,1.14
_12803_,1.14
_12813_,1.14
_12837_,1.14
_12846_,1.14
_12880_,1.14
_12900_,1.14
_12983_,1.14
_13007_,1.14
_13008_,1.14
_13049_,1.14
_13053_,1.14
_13098_,1.14
_13109_,1.14
_13110_,1.14
_13138_,1.14
_13160_,1.14
_13171_,1.14
_13701_,1.14
_14545_,1.14
_14583_,1.14
_14692_,1.14
_14696_,1.14
_14703_,1.14
_14717_,1.14
_14734_,1.14
_14798_,1.14
_14867_,1.14
_14870_,1.14
_14876_,1.14
_14898_,1.14
_14931_,1.14
_14950_,1.14
_14992_,1.14
_14999_,1.14
_15006_,1.14
_15015_,1.14
_15041_,1.14
_15082_,1.14
_15100_,1.14
_15114_,1.14
_15116_,1.14
_15156_,1.14
_15163_,1.14
_15167_,1.14
_15198_,1.14
_15208_,1.14
_15214_,1.14
_15218_,1.14
_15225_,1.14
_15234_,1.14
_15272_,1.14
_15274_,1.14
_15296_,1.14
_15299_,1.14
_15311_,1.14
_15313_,1.14
_15314_,1.14
_15315_,1.14
_15319_,1.14
_15326_,1.14
_15350_,1.14
_15354_,1.14
_15435_,1.14
_15437_,1.14
_15444_,1.14
_15457_,1.14
_15466_,1.14
_15468_,1.14
_15554_,1.14
_15557_,1.14
_15558_,1.14
_15567_,1.14
_15568_,1.14
_15573_,1.14
_15598_,1.14
_15625_,1.14
_15648_,1.14
_15689_,1.14
_15691_,1.14
_15698_,1.14
_15722_,1.14
_15728_,1.14
_15735_,1.14
_15738_,1.14
_15745_,1.14
_15755_,1.14
_15758_,1.14
_15767_,1.14
_15769_,1.14
_15798_,1.14
_15813_,1.14
_15892_,1.14
_15928_,1.14
_15932_,1.14
_15972_,1.14
_15985_,1.14
_15993_,1.14
_16117_,1.14
_16215_,1.14
_16278_,1.14
_16283_,1.14
_16340_,1.14
_16341_,1.14
_16504_,1.14
_16757_,1.14
_16983_,1.14
_17002_,1.14
_17052_,1.14
_17103_,1.14
_17273_,1.14
_17282_,1.14
_17292_,1.14
_17298_,1.14
_17301_,1.14
_17307_,1.14
_17324_,1.14
_17325_,1.14
_17327_,1.14
_17338_,1.14
_17361_,1.14
_17376_,1.14
_17387_,1.14
_17398_,1.14
_17401_,1.14
_17417_,1.14
_17435_,1.14
_17474_,1.14
_17481_,1.14
_17501_,1.14
_17504_,1.14
_17548_,1.14
_17553_,1.14
_17567_,1.14
_17573_,1.14
_17574_,1.14
_17579_,1.14
_17595_,1.14
_17602_,1.14
_17604_,1.14
_17607_,1.14
_17612_,1.14
_17630_,1.14
_17651_,1.14
_17667_,1.14
_17684_,1.14
_17694_,1.14
_17702_,1.14
_17703_,1.14
_17706_,1.14
_17711_,1.14
_17712_,1.14
_17734_,1.14
_17744_,1.14
_17777_,1.14
_17778_,1.14
_17802_,1.14
_17816_,1.14
_17822_,1.14
_17851_,1.14
_17887_,1.14
_17915_,1.14
_17925_,1.14
_17931_,1.14
_17940_,1.14
_17941_,1.14
_17970_,1.14
_17973_,1.14
_17974_,1.14
_17976_,1.14
_17988_,1.14
_17995_,1.14
_18054_,1.14
_18055_,1.14
_18070_,1.14
_18084_,1.14
_18085_,1.14
_18086_,1.14
_18092_,1.14
_18104_,1.14
_18112_,1.14
_18142_,1.14
_18157_,1.14
_18178_,1.14
_18196_,1.14
_18219_,1.14
_18223_,1.14
_18231_,1.14
_18237_,1.14
_18238_,1.14
_18242_,1.14
_18247_,1.14
_18252_,1.14
_18261_,1.14
_18263_,1.14
_18266_,1.14
_18275_,1.14
_18292_,1.14
_18293_,1.14
_18296_,1.14
_18297_,1.14
_18303_,1.14
_18311_,1.14
_18355_,1.14
_18361_,1.14
_18390_,1.14
_18392_,1.14
_18393_,1.14
_18433_,1.14
_18443_,1.14
_18477_,1.14
_18498_,1.14
_18507_,1.14
_18536_,1.14
_18540_,1.14
_18558_,1.14
_18567_,1.14
_18576_,1.14
_18584_,1.14
_18589_,1.14
_18591_,1.14
_18593_,1.14
_18599_,1.14
_18645_,1.14
_18656_,1.14
_18658_,1.14
_18701_,1.14
_18730_,1.14
_18741_,1.14
_18783_,1.14
_18811_,1.14
_18866_,1.14
_18869_,1.14
_18927_,1.14
_18940_,1.14
_18961_,1.14
_19074_,1.14
_19075_,1.14
_19076_,1.14
_21195_,1.14
_24202_,1.14
_24341_,1.14
_24657_,1.14
_24709_,1.14
_25735_,1.14
_25842_,1.14
_26502_,1.14
_27040_,1.14
_27116_,1.14
_28395_,1.14
_29179_,1.14
_29466_,1.14
_29845_,1.14
_30556_,1.14
_31908_,1.14
_32297_,1.14
_32717_,1.14
_33257_,1.14
_33556_,1.14
_33557_,1.14
_41596_,1.14
raw_scores\[0\]\[15\],1.14
raw_scores\[11\]\[18\],1.14
raw_scores\[15\]\[14\],1.14
raw_scores\[20\]\[18\],1.14
raw_scores\[24\]\[4\],1.14
raw_scores\[26\]\[11\],1.14
raw_scores\[26\]\[5\],1.14
raw_scores\[30\]\[7\],1.14
raw_scores\[34\]\[18\],1.14
raw_scores\[35\]\[11\],1.14
raw_scores\[37\]\[14\],1.14
raw_scores\[44\]\[14\],1.14
raw_scores\[46\]\[4\],1.14
raw_scores\[46\]\[7\],1.14
raw_scores\[47\]\[17\],1.14
raw_scores\[47\]\[8\],1.14
raw_scores\[4\]\[13\],1.14
raw_scores\[54\]\[16\],1.14
raw_scores\[54\]\[18\],1.14
raw_scores\[55\]\[3\],1.14
raw_scores\[57\]\[10\],1.14
raw_scores\[61\]\[12\],1.14
raw_scores\[62\]\[13\],1.14
raw_scores\[6\]\[7\],1.14
raw_scores\[7\]\[18\],1.14
raw_scores\[8\]\[10\],1.14
raw_scores\[8\]\[15\],1.14
_07115_,1.085
_14765_,1.08
_07780_,1.02
_17411_,1.02
_34045_,1.02
_34338_,1.02
_35789_,1.02
_37340_,1.02
_37871_,1.02
_39391_,1.02
net3139,1.02
net3426,1.02
net4713,1.02
net6910,1.02
net7535,1.02
_08720_,0.92
_19387_,0.92
_22037_,0.92
_22159_,0.92
_22286_,0.92
_22406_,0.92
_22602_,0.92
_24035_,0.92
_24082_,0.92
_24246_,0.92
_24290_,0.92
_26454_,0.92
_27008_,0.92
_27733_,0.92
_28382_,0.92
_28685_,0.92
_29204_,0.92
_29222_,0.92
_29553_,0.92
_30297_,0.92
_30848_,0.92
_30892_,0.92
_32246_,0.92
_34417_,0.92
_34473_,0.92
_35414_,0.92
_37178_,0.92
_37504_,0.92
_37962_,0.92
_38129_,0.92
_38415_,0.92
_38557_,0.92
_39084_,0.92
_39806_,0.92
_40339_,0.92
_40726_,0.92
_42853_,0.92
_43345_,0.92
net984,0.92
net2259,0.92
_19274_,0.82
_20586_,0.82
_09593_,0.8
_13797_,0.8
_14194_,0.8
_18149_,0.8
_20002_,0.8
_20358_,0.8
_20652_,0.8
_22415_,0.8
_22969_,0.8
_25157_,0.8
_26566_,0.8
_26878_,0.8
_27709_,0.8
_27859_,0.8
_27863_,0.8
_28827_,0.8
_30144_,0.8
_31520_,0.8
_31621_,0.8
_32349_,0.8
_33979_,0.8
_35759_,0.8
_35800_,0.8
_37098_,0.8
_39990_,0.8
_40316_,0.8
_40877_,0.8
_41334_,0.8
_41981_,0.8
_42146_,0.8
_43659_,0.8
out\[123\]\[3\],0.8
out\[49\]\[6\],0.8
out\[54\]\[3\],0.8
out\[55\]\[7\],0.8
out\[56\]\[4\],0.8
out\[57\]\[5\],0.8
out\[58\]\[0\],0.8
out\[58\]\[5\],0.8
out\[63\]\[5\],0.8
out\[70\]\[5\],0.8
out\[85\]\[0\],0.8
out\[86\]\[2\],0.8
out\[87\]\[4\],0.8
out\[88\]\[3\],0.8
out\[90\]\[4\],0.8
out\[90\]\[6\],0.8
out\[93\]\[0\],0.8
raw_scores\[0\]\[12\],0.8
raw_scores\[0\]\[13\],0.8
raw_scores\[10\]\[7\],0.8
raw_scores\[11\]\[13\],0.8
raw_scores\[11\]\[15\],0.8
raw_scores\[11\]\[4\],0.8
raw_scores\[12\]\[19\],0.8
raw_scores\[13\]\[11\],0.8
raw_scores\[13\]\[8\],0.8
raw_scores\[14\]\[5\],0.8
raw_scores\[15\]\[12\],0.8
raw_scores\[15\]\[13\],0.8
raw_scores\[16\]\[3\],0.8
raw_scores\[17\]\[13\],0.8
raw_scores\[18\]\[12\],0.8
raw_scores\[18\]\[3\],0.8
raw_scores\[18\]\[5\],0.8
raw_scores\[19\]\[2\],0.8
raw_scores\[20\]\[16\],0.8
raw_scores\[23\]\[12\],0.8
raw_scores\[23\]\[18\],0.8
raw_scores\[24\]\[17\],0.8
raw_scores\[24\]\[7\],0.8
raw_scores\[25\]\[17\],0.8
raw_scores\[26\]\[10\],0.8
raw_scores\[26\]\[15\],0.8
raw_scores\[26\]\[18\],0.8
raw_scores\[26\]\[19\],0.8
raw_scores\[27\]\[17\],0.8
raw_scores\[29\]\[15\],0.8
raw_scores\[2\]\[14\],0.8
raw_scores\[30\]\[17\],0.8
raw_scores\[30\]\[9\],0.8
raw_scores\[31\]\[10\],0.8
raw_scores\[32\]\[13\],0.8
raw_scores\[32\]\[14\],0.8
raw_scores\[32\]\[7\],0.8
raw_scores\[34\]\[10\],0.8
raw_scores\[34\]\[3\],0.8
raw_scores\[35\]\[18\],0.8
raw_scores\[36\]\[7\],0.8
raw_scores\[37\]\[8\],0.8
raw_scores\[37\]\[9\],0.8
raw_scores\[38\]\[12\],0.8
raw_scores\[38\]\[13\],0.8
raw_scores\[38\]\[14\],0.8
raw_scores\[38\]\[2\],0.8
raw_scores\[39\]\[11\],0.8
raw_scores\[39\]\[12\],0.8
raw_scores\[39\]\[6\],0.8
raw_scores\[39\]\[8\],0.8
raw_scores\[40\]\[2\],0.8
raw_scores\[42\]\[7\],0.8
raw_scores\[43\]\[9\],0.8
raw_scores\[44\]\[11\],0.8
raw_scores\[44\]\[15\],0.8
raw_scores\[44\]\[6\],0.8
raw_scores\[45\]\[11\],0.8
raw_scores\[45\]\[6\],0.8
raw_scores\[46\]\[10\],0.8
raw_scores\[46\]\[14\],0.8
raw_scores\[46\]\[6\],0.8
raw_scores\[47\]\[11\],0.8
raw_scores\[47\]\[9\],0.8
raw_scores\[48\]\[5\],0.8
raw_scores\[48\]\[8\],0.8
raw_scores\[48\]\[9\],0.8
raw_scores\[49\]\[10\],0.8
raw_scores\[4\]\[16\],0.8
raw_scores\[4\]\[18\],0.8
raw_scores\[4\]\[6\],0.8
raw_scores\[50\]\[11\],0.8
raw_scores\[50\]\[15\],0.8
raw_scores\[50\]\[4\],0.8
raw_scores\[52\]\[18\],0.8
raw_scores\[52\]\[5\],0.8
raw_scores\[53\]\[8\],0.8
raw_scores\[53\]\[9\],0.8
raw_scores\[54\]\[13\],0.8
raw_scores\[54\]\[19\],0.8
raw_scores\[56\]\[13\],0.8
raw_scores\[57\]\[11\],0.8
raw_scores\[57\]\[16\],0.8
raw_scores\[57\]\[6\],0.8
raw_scores\[58\]\[16\],0.8
raw_scores\[59\]\[4\],0.8
raw_scores\[60\]\[19\],0.8
raw_scores\[61\]\[10\],0.8
raw_scores\[61\]\[11\],0.8
raw_scores\[62\]\[10\],0.8
raw_scores\[62\]\[16\],0.8
raw_scores\[62\]\[6\],0.8
raw_scores\[62\]\[7\],0.8
raw_scores\[63\]\[13\],0.8
raw_scores\[63\]\[6\],0.8
raw_scores\[63\]\[7\],0.8
raw_scores\[6\]\[10\],0.8
raw_scores\[6\]\[11\],0.8
raw_scores\[6\]\[13\],0.8
raw_scores\[7\]\[4\],0.8
raw_scores\[7\]\[8\],0.8
raw_scores\[8\]\[14\],0.8
raw_scores\[8\]\[4\],0.8
raw_scores\[9\]\[14\],0.8
_13838_,0.59
net1010,0.56
_07648_,0.46
_07746_,0.46
_07778_,0.46
_07805_,0.46
_08041_,0.46
_08049_,0.46
_08052_,0.46
_08380_,0.46
_08404_,0.46
_08808_,0.46
_13305_,0.46
_13321_,0.46
_13440_,0.46
_13596_,0.46
_13676_,0.46
_13729_,0.46
_13925_,0.46
_13999_,0.46
_14078_,0.46
_14236_,0.46
_14242_,0.46
_14315_,0.46
_14321_,0.46
_14327_,0.46
_14396_,0.46
_14402_,0.46
_14643_,0.46
_15201_,0.46
_19259_,0.46
_19302_,0.46
_19679_,0.46
_19705_,0.46
_19733_,0.46
_20529_,0.46
_20830_,0.46
_20836_,0.46
_20860_,0.46
_20894_,0.46
_20986_,0.46
_21565_,0.46
_22020_,0.46
_22191_,0.46
_22393_,0.46
_22522_,0.46
_22542_,0.46
_22684_,0.46
_22763_,0.46
_23200_,0.46
_23717_,0.46
_23951_,0.46
_24064_,0.46
_24222_,0.46
_27323_,0.46
_27354_,0.46
_27461_,0.46
_27512_,0.46
_27623_,0.46
_27923_,0.46
_27963_,0.46
_28101_,0.46
_28187_,0.46
_28808_,0.46
_29408_,0.46
_30394_,0.46
_30638_,0.46
_30725_,0.46
_30794_,0.46
_30821_,0.46
_31761_,0.46
_31848_,0.46
_31944_,0.46
_32051_,0.46
_32115_,0.46
_32527_,0.46
_34305_,0.46
_36422_,0.46
_36433_,0.46
_37338_,0.46
_37378_,0.46
_38454_,0.46
_38843_,0.46
_38854_,0.46
_39283_,0.46
_39316_,0.46
_39761_,0.46
_39791_,0.46
_44243_,0.46
_44287_,0.46
net915,0.46
net936,0.46
net951,0.46
net969,0.46
net986,0.46
net992,0.46
net993,0.46
net1021,0.46
net1024,0.46
net1028,0.46
net1044,0.46
net1045,0.46
net1080,0.46
net1088,0.46
net1090,0.46
net1097,0.46
net1106,0.46
net1129,0.46
net1131,0.46
net1138,0.46
net1159,0.46
net1188,0.46
net1191,0.46
net1193,0.46
net1207,0.46
net1217,0.46
net1225,0.46
net1234,0.46
net1245,0.46
net1340,0.46
net1399,0.46
net1412,0.46
net1413,0.46
net1415,0.46
net1422,0.46
net1434,0.46
net1444,0.46
net1449,0.46
net1517,0.46
net1523,0.46
net1531,0.46
net1574,0.46
net1647,0.46
net1726,0.46
net1827,0.46
net2255,0.46
net2304,0.46
net2478,0.46
net2551,0.46
