
===========================================================================
report_checks -path_delay min (Hold)
============================================================================
======================= Typical Corner ===================================

Startpoint: _438_ (rising edge-triggered flip-flop clocked by clk)
Endpoint: _438_ (rising edge-triggered flip-flop clocked by clk)
Path Group: clk
Path Type: min

Fanout     Cap    Slew   Delay    Time   Description
-----------------------------------------------------------------------------
                          0.00    0.00   clock clk (rise edge)
                          0.00    0.00   clock source latency
                  0.06    0.04    0.04 ^ clk (in)
     1    0.01                           clk (net)
                  0.06    0.00    0.04 ^ clkbuf_0_clk/A (sky130_fd_sc_hd__clkbuf_16)
                  0.04    0.12    0.16 ^ clkbuf_0_clk/X (sky130_fd_sc_hd__clkbuf_16)
     2    0.02                           clknet_0_clk (net)
                  0.04    0.00    0.16 ^ clkbuf_1_0__f_clk/A (sky130_fd_sc_hd__clkbuf_16)
                  0.04    0.12    0.28 ^ clkbuf_1_0__f_clk/X (sky130_fd_sc_hd__clkbuf_16)
     8    0.02                           clknet_1_0__leaf_clk (net)
                  0.04    0.00    0.28 ^ _438_/CLK (sky130_fd_sc_hd__dfrtp_1)
                  0.06    0.31    0.59 ^ _438_/Q (sky130_fd_sc_hd__dfrtp_1)
     2    0.01                           net27 (net)
                  0.06    0.00    0.59 ^ _255_/A1 (sky130_fd_sc_hd__o21ba_1)
                  0.04    0.12    0.71 ^ _255_/X (sky130_fd_sc_hd__o21ba_1)
     1    0.00                           _000_ (net)
                  0.04    0.00    0.71 ^ _438_/D (sky130_fd_sc_hd__dfrtp_1)
                                  0.71   data arrival time

                          0.00    0.00   clock clk (rise edge)
                          0.00    0.00   clock source latency
                  0.06    0.04    0.04 ^ clk (in)
     1    0.01                           clk (net)
                  0.06    0.00    0.04 ^ clkbuf_0_clk/A (sky130_fd_sc_hd__clkbuf_16)
                  0.04    0.14    0.18 ^ clkbuf_0_clk/X (sky130_fd_sc_hd__clkbuf_16)
     2    0.02                           clknet_0_clk (net)
                  0.04    0.00    0.18 ^ clkbuf_1_0__f_clk/A (sky130_fd_sc_hd__clkbuf_16)
                  0.04    0.13    0.31 ^ clkbuf_1_0__f_clk/X (sky130_fd_sc_hd__clkbuf_16)
     8    0.02                           clknet_1_0__leaf_clk (net)
                  0.04    0.00    0.31 ^ _438_/CLK (sky130_fd_sc_hd__dfrtp_1)
                          0.25    0.56   clock uncertainty
                         -0.03    0.53   clock reconvergence pessimism
                         -0.03    0.49   library hold time
                                  0.49   data required time
-----------------------------------------------------------------------------
                                  0.49   data required time
                                 -0.71   data arrival time
-----------------------------------------------------------------------------
                                  0.21   slack (MET)


Startpoint: _443_ (rising edge-triggered flip-flop clocked by clk)
Endpoint: _443_ (rising edge-triggered flip-flop clocked by clk)
Path Group: clk
Path Type: min

Fanout     Cap    Slew   Delay    Time   Description
-----------------------------------------------------------------------------
                          0.00    0.00   clock clk (rise edge)
                          0.00    0.00   clock source latency
                  0.06    0.04    0.04 ^ clk (in)
     1    0.01                           clk (net)
                  0.06    0.00    0.04 ^ clkbuf_0_clk/A (sky130_fd_sc_hd__clkbuf_16)
                  0.04    0.12    0.16 ^ clkbuf_0_clk/X (sky130_fd_sc_hd__clkbuf_16)
     2    0.02                           clknet_0_clk (net)
                  0.04    0.00    0.16 ^ clkbuf_1_0__f_clk/A (sky130_fd_sc_hd__clkbuf_16)
                  0.04    0.12    0.28 ^ clkbuf_1_0__f_clk/X (sky130_fd_sc_hd__clkbuf_16)
     8    0.02                           clknet_1_0__leaf_clk (net)
                  0.04    0.00    0.28 ^ _443_/CLK (sky130_fd_sc_hd__dfrtp_1)
                  0.08    0.33    0.61 ^ _443_/Q (sky130_fd_sc_hd__dfrtp_1)
     2    0.01                           net26 (net)
                  0.08    0.00    0.61 ^ _421_/A2 (sky130_fd_sc_hd__a21bo_1)
                  0.03    0.10    0.71 ^ _421_/X (sky130_fd_sc_hd__a21bo_1)
     1    0.00                           _004_ (net)
                  0.03    0.00    0.71 ^ _443_/D (sky130_fd_sc_hd__dfrtp_1)
                                  0.71   data arrival time

                          0.00    0.00   clock clk (rise edge)
                          0.00    0.00   clock source latency
                  0.06    0.04    0.04 ^ clk (in)
     1    0.01                           clk (net)
                  0.06    0.00    0.04 ^ clkbuf_0_clk/A (sky130_fd_sc_hd__clkbuf_16)
                  0.04    0.14    0.18 ^ clkbuf_0_clk/X (sky130_fd_sc_hd__clkbuf_16)
     2    0.02                           clknet_0_clk (net)
                  0.04    0.00    0.18 ^ clkbuf_1_0__f_clk/A (sky130_fd_sc_hd__clkbuf_16)
                  0.04    0.13    0.31 ^ clkbuf_1_0__f_clk/X (sky130_fd_sc_hd__clkbuf_16)
     8    0.02                           clknet_1_0__leaf_clk (net)
                  0.04    0.00    0.31 ^ _443_/CLK (sky130_fd_sc_hd__dfrtp_1)
                          0.25    0.56   clock uncertainty
                         -0.03    0.53   clock reconvergence pessimism
                         -0.03    0.50   library hold time
                                  0.50   data required time
-----------------------------------------------------------------------------
                                  0.50   data required time
                                 -0.71   data arrival time
-----------------------------------------------------------------------------
                                  0.22   slack (MET)


Startpoint: _440_ (rising edge-triggered flip-flop clocked by clk)
Endpoint: _440_ (rising edge-triggered flip-flop clocked by clk)
Path Group: clk
Path Type: min

Fanout     Cap    Slew   Delay    Time   Description
-----------------------------------------------------------------------------
                          0.00    0.00   clock clk (rise edge)
                          0.00    0.00   clock source latency
                  0.06    0.04    0.04 ^ clk (in)
     1    0.01                           clk (net)
                  0.06    0.00    0.04 ^ clkbuf_0_clk/A (sky130_fd_sc_hd__clkbuf_16)
                  0.04    0.12    0.16 ^ clkbuf_0_clk/X (sky130_fd_sc_hd__clkbuf_16)
     2    0.02                           clknet_0_clk (net)
                  0.04    0.00    0.16 ^ clkbuf_1_0__f_clk/A (sky130_fd_sc_hd__clkbuf_16)
                  0.04    0.12    0.28 ^ clkbuf_1_0__f_clk/X (sky130_fd_sc_hd__clkbuf_16)
     8    0.02                           clknet_1_0__leaf_clk (net)
                  0.04    0.00    0.28 ^ _440_/CLK (sky130_fd_sc_hd__dfrtp_1)
                  0.06    0.31    0.59 ^ _440_/Q (sky130_fd_sc_hd__dfrtp_1)
     2    0.01                           net23 (net)
                  0.06    0.00    0.59 ^ _411_/A2 (sky130_fd_sc_hd__a22o_1)
                  0.04    0.13    0.72 ^ _411_/X (sky130_fd_sc_hd__a22o_1)
     1    0.00                           _001_ (net)
                  0.04    0.00    0.72 ^ _440_/D (sky130_fd_sc_hd__dfrtp_1)
                                  0.72   data arrival time

                          0.00    0.00   clock clk (rise edge)
                          0.00    0.00   clock source latency
                  0.06    0.04    0.04 ^ clk (in)
     1    0.01                           clk (net)
                  0.06    0.00    0.04 ^ clkbuf_0_clk/A (sky130_fd_sc_hd__clkbuf_16)
                  0.04    0.14    0.18 ^ clkbuf_0_clk/X (sky130_fd_sc_hd__clkbuf_16)
     2    0.02                           clknet_0_clk (net)
                  0.04    0.00    0.18 ^ clkbuf_1_0__f_clk/A (sky130_fd_sc_hd__clkbuf_16)
                  0.04    0.13    0.31 ^ clkbuf_1_0__f_clk/X (sky130_fd_sc_hd__clkbuf_16)
     8    0.02                           clknet_1_0__leaf_clk (net)
                  0.04    0.00    0.31 ^ _440_/CLK (sky130_fd_sc_hd__dfrtp_1)
                          0.25    0.56   clock uncertainty
                         -0.03    0.53   clock reconvergence pessimism
                         -0.03    0.49   library hold time
                                  0.49   data required time
-----------------------------------------------------------------------------
                                  0.49   data required time
                                 -0.72   data arrival time
-----------------------------------------------------------------------------
                                  0.22   slack (MET)


Startpoint: _442_ (rising edge-triggered flip-flop clocked by clk)
Endpoint: _442_ (rising edge-triggered flip-flop clocked by clk)
Path Group: clk
Path Type: min

Fanout     Cap    Slew   Delay    Time   Description
-----------------------------------------------------------------------------
                          0.00    0.00   clock clk (rise edge)
                          0.00    0.00   clock source latency
                  0.06    0.04    0.04 ^ clk (in)
     1    0.01                           clk (net)
                  0.06    0.00    0.04 ^ clkbuf_0_clk/A (sky130_fd_sc_hd__clkbuf_16)
                  0.04    0.12    0.16 ^ clkbuf_0_clk/X (sky130_fd_sc_hd__clkbuf_16)
     2    0.02                           clknet_0_clk (net)
                  0.04    0.00    0.16 ^ clkbuf_1_0__f_clk/A (sky130_fd_sc_hd__clkbuf_16)
                  0.04    0.12    0.28 ^ clkbuf_1_0__f_clk/X (sky130_fd_sc_hd__clkbuf_16)
     8    0.02                           clknet_1_0__leaf_clk (net)
                  0.04    0.00    0.28 ^ _442_/CLK (sky130_fd_sc_hd__dfrtp_1)
                  0.08    0.33    0.60 ^ _442_/Q (sky130_fd_sc_hd__dfrtp_1)
     2    0.01                           net25 (net)
                  0.08    0.00    0.60 ^ _419_/A2 (sky130_fd_sc_hd__a22o_1)
                  0.04    0.13    0.73 ^ _419_/X (sky130_fd_sc_hd__a22o_1)
     1    0.00                           _003_ (net)
                  0.04    0.00    0.73 ^ _442_/D (sky130_fd_sc_hd__dfrtp_1)
                                  0.73   data arrival time

                          0.00    0.00   clock clk (rise edge)
                          0.00    0.00   clock source latency
                  0.06    0.04    0.04 ^ clk (in)
     1    0.01                           clk (net)
                  0.06    0.00    0.04 ^ clkbuf_0_clk/A (sky130_fd_sc_hd__clkbuf_16)
                  0.04    0.14    0.18 ^ clkbuf_0_clk/X (sky130_fd_sc_hd__clkbuf_16)
     2    0.02                           clknet_0_clk (net)
                  0.04    0.00    0.18 ^ clkbuf_1_0__f_clk/A (sky130_fd_sc_hd__clkbuf_16)
                  0.04    0.13    0.31 ^ clkbuf_1_0__f_clk/X (sky130_fd_sc_hd__clkbuf_16)
     8    0.02                           clknet_1_0__leaf_clk (net)
                  0.04    0.00    0.31 ^ _442_/CLK (sky130_fd_sc_hd__dfrtp_1)
                          0.25    0.56   clock uncertainty
                         -0.03    0.53   clock reconvergence pessimism
                         -0.03    0.49   library hold time
                                  0.49   data required time
-----------------------------------------------------------------------------
                                  0.49   data required time
                                 -0.73   data arrival time
-----------------------------------------------------------------------------
                                  0.24   slack (MET)


Startpoint: _441_ (rising edge-triggered flip-flop clocked by clk)
Endpoint: _441_ (rising edge-triggered flip-flop clocked by clk)
Path Group: clk
Path Type: min

Fanout     Cap    Slew   Delay    Time   Description
-----------------------------------------------------------------------------
                          0.00    0.00   clock clk (rise edge)
                          0.00    0.00   clock source latency
                  0.06    0.04    0.04 ^ clk (in)
     1    0.01                           clk (net)
                  0.06    0.00    0.04 ^ clkbuf_0_clk/A (sky130_fd_sc_hd__clkbuf_16)
                  0.04    0.12    0.16 ^ clkbuf_0_clk/X (sky130_fd_sc_hd__clkbuf_16)
     2    0.02                           clknet_0_clk (net)
                  0.04    0.00    0.16 ^ clkbuf_1_1__f_clk/A (sky130_fd_sc_hd__clkbuf_16)
                  0.04    0.11    0.27 ^ clkbuf_1_1__f_clk/X (sky130_fd_sc_hd__clkbuf_16)
     6    0.02                           clknet_1_1__leaf_clk (net)
                  0.04    0.00    0.27 ^ _441_/CLK (sky130_fd_sc_hd__dfrtp_1)
                  0.08    0.33    0.60 ^ _441_/Q (sky130_fd_sc_hd__dfrtp_1)
     2    0.01                           net24 (net)
                  0.08    0.00    0.60 ^ _415_/A2 (sky130_fd_sc_hd__a22o_1)
                  0.04    0.13    0.73 ^ _415_/X (sky130_fd_sc_hd__a22o_1)
     1    0.00                           _002_ (net)
                  0.04    0.00    0.73 ^ _441_/D (sky130_fd_sc_hd__dfrtp_1)
                                  0.73   data arrival time

                          0.00    0.00   clock clk (rise edge)
                          0.00    0.00   clock source latency
                  0.06    0.04    0.04 ^ clk (in)
     1    0.01                           clk (net)
                  0.06    0.00    0.04 ^ clkbuf_0_clk/A (sky130_fd_sc_hd__clkbuf_16)
                  0.04    0.14    0.18 ^ clkbuf_0_clk/X (sky130_fd_sc_hd__clkbuf_16)
     2    0.02                           clknet_0_clk (net)
                  0.04    0.00    0.18 ^ clkbuf_1_1__f_clk/A (sky130_fd_sc_hd__clkbuf_16)
                  0.04    0.13    0.30 ^ clkbuf_1_1__f_clk/X (sky130_fd_sc_hd__clkbuf_16)
     6    0.02                           clknet_1_1__leaf_clk (net)
                  0.04    0.00    0.30 ^ _441_/CLK (sky130_fd_sc_hd__dfrtp_1)
                          0.25    0.55   clock uncertainty
                         -0.03    0.52   clock reconvergence pessimism
                         -0.03    0.49   library hold time
                                  0.49   data required time
-----------------------------------------------------------------------------
                                  0.49   data required time
                                 -0.73   data arrival time
-----------------------------------------------------------------------------
                                  0.24   slack (MET)


Startpoint: _445_ (rising edge-triggered flip-flop clocked by clk)
Endpoint: _445_ (rising edge-triggered flip-flop clocked by clk)
Path Group: clk
Path Type: min

Fanout     Cap    Slew   Delay    Time   Description
-----------------------------------------------------------------------------
                          0.00    0.00   clock clk (rise edge)
                          0.00    0.00   clock source latency
                  0.06    0.04    0.04 ^ clk (in)
     1    0.01                           clk (net)
                  0.06    0.00    0.04 ^ clkbuf_0_clk/A (sky130_fd_sc_hd__clkbuf_16)
                  0.04    0.12    0.16 ^ clkbuf_0_clk/X (sky130_fd_sc_hd__clkbuf_16)
     2    0.02                           clknet_0_clk (net)
                  0.04    0.00    0.16 ^ clkbuf_1_1__f_clk/A (sky130_fd_sc_hd__clkbuf_16)
                  0.04    0.11    0.27 ^ clkbuf_1_1__f_clk/X (sky130_fd_sc_hd__clkbuf_16)
     6    0.02                           clknet_1_1__leaf_clk (net)
                  0.04    0.00    0.27 ^ _445_/CLK (sky130_fd_sc_hd__dfrtp_1)
                  0.06    0.31    0.58 ^ _445_/Q (sky130_fd_sc_hd__dfrtp_1)
     2    0.00                           net29 (net)
                  0.06    0.00    0.58 ^ _424_/B (sky130_fd_sc_hd__and2_1)
                  0.05    0.11    0.70 ^ _424_/X (sky130_fd_sc_hd__and2_1)
     1    0.00                           _161_ (net)
                  0.05    0.00    0.70 ^ _425_/B1 (sky130_fd_sc_hd__a31o_1)
                  0.04    0.08    0.77 ^ _425_/X (sky130_fd_sc_hd__a31o_1)
     1    0.00                           _006_ (net)
                  0.04    0.00    0.77 ^ _445_/D (sky130_fd_sc_hd__dfrtp_1)
                                  0.77   data arrival time

                          0.00    0.00   clock clk (rise edge)
                          0.00    0.00   clock source latency
                  0.06    0.04    0.04 ^ clk (in)
     1    0.01                           clk (net)
                  0.06    0.00    0.04 ^ clkbuf_0_clk/A (sky130_fd_sc_hd__clkbuf_16)
                  0.04    0.14    0.18 ^ clkbuf_0_clk/X (sky130_fd_sc_hd__clkbuf_16)
     2    0.02                           clknet_0_clk (net)
                  0.04    0.00    0.18 ^ clkbuf_1_1__f_clk/A (sky130_fd_sc_hd__clkbuf_16)
                  0.04    0.13    0.30 ^ clkbuf_1_1__f_clk/X (sky130_fd_sc_hd__clkbuf_16)
     6    0.02                           clknet_1_1__leaf_clk (net)
                  0.04    0.00    0.30 ^ _445_/CLK (sky130_fd_sc_hd__dfrtp_1)
                          0.25    0.55   clock uncertainty
                         -0.03    0.52   clock reconvergence pessimism
                         -0.03    0.49   library hold time
                                  0.49   data required time
-----------------------------------------------------------------------------
                                  0.49   data required time
                                 -0.77   data arrival time
-----------------------------------------------------------------------------
                                  0.29   slack (MET)


Startpoint: _451_ (rising edge-triggered flip-flop clocked by clk)
Endpoint: _451_ (rising edge-triggered flip-flop clocked by clk)
Path Group: clk
Path Type: min

Fanout     Cap    Slew   Delay    Time   Description
-----------------------------------------------------------------------------
                          0.00    0.00   clock clk (rise edge)
                          0.00    0.00   clock source latency
                  0.06    0.04    0.04 ^ clk (in)
     1    0.01                           clk (net)
                  0.06    0.00    0.04 ^ clkbuf_0_clk/A (sky130_fd_sc_hd__clkbuf_16)
                  0.04    0.12    0.16 ^ clkbuf_0_clk/X (sky130_fd_sc_hd__clkbuf_16)
     2    0.02                           clknet_0_clk (net)
                  0.04    0.00    0.16 ^ clkbuf_1_0__f_clk/A (sky130_fd_sc_hd__clkbuf_16)
                  0.04    0.12    0.28 ^ clkbuf_1_0__f_clk/X (sky130_fd_sc_hd__clkbuf_16)
     8    0.02                           clknet_1_0__leaf_clk (net)
                  0.04    0.00    0.28 ^ _451_/CLK (sky130_fd_sc_hd__dfrtp_1)
                  0.06    0.31    0.59 ^ _451_/Q (sky130_fd_sc_hd__dfrtp_1)
     2    0.00                           net35 (net)
                  0.06    0.00    0.59 ^ _436_/B (sky130_fd_sc_hd__and2_1)
                  0.05    0.11    0.70 ^ _436_/X (sky130_fd_sc_hd__and2_1)
     1    0.00                           _167_ (net)
                  0.05    0.00    0.70 ^ _437_/B1 (sky130_fd_sc_hd__a31o_1)
                  0.04    0.08    0.78 ^ _437_/X (sky130_fd_sc_hd__a31o_1)
     1    0.00                           _012_ (net)
                  0.04    0.00    0.78 ^ _451_/D (sky130_fd_sc_hd__dfrtp_1)
                                  0.78   data arrival time

                          0.00    0.00   clock clk (rise edge)
                          0.00    0.00   clock source latency
                  0.06    0.04    0.04 ^ clk (in)
     1    0.01                           clk (net)
                  0.06    0.00    0.04 ^ clkbuf_0_clk/A (sky130_fd_sc_hd__clkbuf_16)
                  0.04    0.14    0.18 ^ clkbuf_0_clk/X (sky130_fd_sc_hd__clkbuf_16)
     2    0.02                           clknet_0_clk (net)
                  0.04    0.00    0.18 ^ clkbuf_1_0__f_clk/A (sky130_fd_sc_hd__clkbuf_16)
                  0.04    0.13    0.31 ^ clkbuf_1_0__f_clk/X (sky130_fd_sc_hd__clkbuf_16)
     8    0.02                           clknet_1_0__leaf_clk (net)
                  0.04    0.00    0.31 ^ _451_/CLK (sky130_fd_sc_hd__dfrtp_1)
                          0.25    0.56   clock uncertainty
                         -0.03    0.53   clock reconvergence pessimism
                         -0.03    0.49   library hold time
                                  0.49   data required time
-----------------------------------------------------------------------------
                                  0.49   data required time
                                 -0.78   data arrival time
-----------------------------------------------------------------------------
                                  0.29   slack (MET)


Startpoint: _444_ (rising edge-triggered flip-flop clocked by clk)
Endpoint: _444_ (rising edge-triggered flip-flop clocked by clk)
Path Group: clk
Path Type: min

Fanout     Cap    Slew   Delay    Time   Description
-----------------------------------------------------------------------------
                          0.00    0.00   clock clk (rise edge)
                          0.00    0.00   clock source latency
                  0.06    0.04    0.04 ^ clk (in)
     1    0.01                           clk (net)
                  0.06    0.00    0.04 ^ clkbuf_0_clk/A (sky130_fd_sc_hd__clkbuf_16)
                  0.04    0.12    0.16 ^ clkbuf_0_clk/X (sky130_fd_sc_hd__clkbuf_16)
     2    0.02                           clknet_0_clk (net)
                  0.04    0.00    0.16 ^ clkbuf_1_0__f_clk/A (sky130_fd_sc_hd__clkbuf_16)
                  0.04    0.12    0.28 ^ clkbuf_1_0__f_clk/X (sky130_fd_sc_hd__clkbuf_16)
     8    0.02                           clknet_1_0__leaf_clk (net)
                  0.04    0.00    0.28 ^ _444_/CLK (sky130_fd_sc_hd__dfrtp_1)
                  0.06    0.31    0.59 ^ _444_/Q (sky130_fd_sc_hd__dfrtp_1)
     2    0.00                           net28 (net)
                  0.06    0.00    0.59 ^ _422_/B (sky130_fd_sc_hd__and2_1)
                  0.05    0.11    0.70 ^ _422_/X (sky130_fd_sc_hd__and2_1)
     1    0.00                           _160_ (net)
                  0.05    0.00    0.70 ^ _423_/B1 (sky130_fd_sc_hd__a31o_1)
                  0.04    0.08    0.79 ^ _423_/X (sky130_fd_sc_hd__a31o_1)
     1    0.00                           _005_ (net)
                  0.04    0.00    0.79 ^ _444_/D (sky130_fd_sc_hd__dfrtp_1)
                                  0.79   data arrival time

                          0.00    0.00   clock clk (rise edge)
                          0.00    0.00   clock source latency
                  0.06    0.04    0.04 ^ clk (in)
     1    0.01                           clk (net)
                  0.06    0.00    0.04 ^ clkbuf_0_clk/A (sky130_fd_sc_hd__clkbuf_16)
                  0.04    0.14    0.18 ^ clkbuf_0_clk/X (sky130_fd_sc_hd__clkbuf_16)
     2    0.02                           clknet_0_clk (net)
                  0.04    0.00    0.18 ^ clkbuf_1_0__f_clk/A (sky130_fd_sc_hd__clkbuf_16)
                  0.04    0.13    0.31 ^ clkbuf_1_0__f_clk/X (sky130_fd_sc_hd__clkbuf_16)
     8    0.02                           clknet_1_0__leaf_clk (net)
                  0.04    0.00    0.31 ^ _444_/CLK (sky130_fd_sc_hd__dfrtp_1)
                          0.25    0.56   clock uncertainty
                         -0.03    0.53   clock reconvergence pessimism
                         -0.03    0.49   library hold time
                                  0.49   data required time
-----------------------------------------------------------------------------
                                  0.49   data required time
                                 -0.79   data arrival time
-----------------------------------------------------------------------------
                                  0.29   slack (MET)


Startpoint: _450_ (rising edge-triggered flip-flop clocked by clk)
Endpoint: _450_ (rising edge-triggered flip-flop clocked by clk)
Path Group: clk
Path Type: min

Fanout     Cap    Slew   Delay    Time   Description
-----------------------------------------------------------------------------
                          0.00    0.00   clock clk (rise edge)
                          0.00    0.00   clock source latency
                  0.06    0.04    0.04 ^ clk (in)
     1    0.01                           clk (net)
                  0.06    0.00    0.04 ^ clkbuf_0_clk/A (sky130_fd_sc_hd__clkbuf_16)
                  0.04    0.12    0.16 ^ clkbuf_0_clk/X (sky130_fd_sc_hd__clkbuf_16)
     2    0.02                           clknet_0_clk (net)
                  0.04    0.00    0.16 ^ clkbuf_1_0__f_clk/A (sky130_fd_sc_hd__clkbuf_16)
                  0.04    0.12    0.28 ^ clkbuf_1_0__f_clk/X (sky130_fd_sc_hd__clkbuf_16)
     8    0.02                           clknet_1_0__leaf_clk (net)
                  0.04    0.00    0.28 ^ _450_/CLK (sky130_fd_sc_hd__dfrtp_1)
                  0.06    0.31    0.59 ^ _450_/Q (sky130_fd_sc_hd__dfrtp_1)
     2    0.00                           net34 (net)
                  0.06    0.00    0.59 ^ _434_/B (sky130_fd_sc_hd__and2_1)
                  0.05    0.11    0.70 ^ _434_/X (sky130_fd_sc_hd__and2_1)
     1    0.00                           _166_ (net)
                  0.05    0.00    0.70 ^ _435_/B1 (sky130_fd_sc_hd__a31o_1)
                  0.04    0.08    0.79 ^ _435_/X (sky130_fd_sc_hd__a31o_1)
     1    0.00                           _011_ (net)
                  0.04    0.00    0.79 ^ _450_/D (sky130_fd_sc_hd__dfrtp_1)
                                  0.79   data arrival time

                          0.00    0.00   clock clk (rise edge)
                          0.00    0.00   clock source latency
                  0.06    0.04    0.04 ^ clk (in)
     1    0.01                           clk (net)
                  0.06    0.00    0.04 ^ clkbuf_0_clk/A (sky130_fd_sc_hd__clkbuf_16)
                  0.04    0.14    0.18 ^ clkbuf_0_clk/X (sky130_fd_sc_hd__clkbuf_16)
     2    0.02                           clknet_0_clk (net)
                  0.04    0.00    0.18 ^ clkbuf_1_0__f_clk/A (sky130_fd_sc_hd__clkbuf_16)
                  0.04    0.13    0.31 ^ clkbuf_1_0__f_clk/X (sky130_fd_sc_hd__clkbuf_16)
     8    0.02                           clknet_1_0__leaf_clk (net)
                  0.04    0.00    0.31 ^ _450_/CLK (sky130_fd_sc_hd__dfrtp_1)
                          0.25    0.56   clock uncertainty
                         -0.03    0.53   clock reconvergence pessimism
                         -0.03    0.49   library hold time
                                  0.49   data required time
-----------------------------------------------------------------------------
                                  0.49   data required time
                                 -0.79   data arrival time
-----------------------------------------------------------------------------
                                  0.29   slack (MET)


Startpoint: _448_ (rising edge-triggered flip-flop clocked by clk)
Endpoint: _448_ (rising edge-triggered flip-flop clocked by clk)
Path Group: clk
Path Type: min

Fanout     Cap    Slew   Delay    Time   Description
-----------------------------------------------------------------------------
                          0.00    0.00   clock clk (rise edge)
                          0.00    0.00   clock source latency
                  0.06    0.04    0.04 ^ clk (in)
     1    0.01                           clk (net)
                  0.06    0.00    0.04 ^ clkbuf_0_clk/A (sky130_fd_sc_hd__clkbuf_16)
                  0.04    0.12    0.16 ^ clkbuf_0_clk/X (sky130_fd_sc_hd__clkbuf_16)
     2    0.02                           clknet_0_clk (net)
                  0.04    0.00    0.16 ^ clkbuf_1_1__f_clk/A (sky130_fd_sc_hd__clkbuf_16)
                  0.04    0.11    0.27 ^ clkbuf_1_1__f_clk/X (sky130_fd_sc_hd__clkbuf_16)
     6    0.02                           clknet_1_1__leaf_clk (net)
                  0.04    0.00    0.27 ^ _448_/CLK (sky130_fd_sc_hd__dfrtp_1)
                  0.06    0.31    0.59 ^ _448_/Q (sky130_fd_sc_hd__dfrtp_1)
     2    0.01                           net32 (net)
                  0.06    0.00    0.59 ^ _430_/B (sky130_fd_sc_hd__and2_1)
                  0.05    0.12    0.70 ^ _430_/X (sky130_fd_sc_hd__and2_1)
     1    0.00                           _164_ (net)
                  0.05    0.00    0.70 ^ _431_/B1 (sky130_fd_sc_hd__a31o_1)
                  0.04    0.08    0.78 ^ _431_/X (sky130_fd_sc_hd__a31o_1)
     1    0.00                           _009_ (net)
                  0.04    0.00    0.78 ^ _448_/D (sky130_fd_sc_hd__dfrtp_1)
                                  0.78   data arrival time

                          0.00    0.00   clock clk (rise edge)
                          0.00    0.00   clock source latency
                  0.06    0.04    0.04 ^ clk (in)
     1    0.01                           clk (net)
                  0.06    0.00    0.04 ^ clkbuf_0_clk/A (sky130_fd_sc_hd__clkbuf_16)
                  0.04    0.14    0.18 ^ clkbuf_0_clk/X (sky130_fd_sc_hd__clkbuf_16)
     2    0.02                           clknet_0_clk (net)
                  0.04    0.00    0.18 ^ clkbuf_1_1__f_clk/A (sky130_fd_sc_hd__clkbuf_16)
                  0.04    0.13    0.30 ^ clkbuf_1_1__f_clk/X (sky130_fd_sc_hd__clkbuf_16)
     6    0.02                           clknet_1_1__leaf_clk (net)
                  0.04    0.00    0.30 ^ _448_/CLK (sky130_fd_sc_hd__dfrtp_1)
                          0.25    0.55   clock uncertainty
                         -0.03    0.52   clock reconvergence pessimism
                         -0.03    0.49   library hold time
                                  0.49   data required time
-----------------------------------------------------------------------------
                                  0.49   data required time
                                 -0.78   data arrival time
-----------------------------------------------------------------------------
                                  0.29   slack (MET)


Startpoint: _446_ (rising edge-triggered flip-flop clocked by clk)
Endpoint: _446_ (rising edge-triggered flip-flop clocked by clk)
Path Group: clk
Path Type: min

Fanout     Cap    Slew   Delay    Time   Description
-----------------------------------------------------------------------------
                          0.00    0.00   clock clk (rise edge)
                          0.00    0.00   clock source latency
                  0.06    0.04    0.04 ^ clk (in)
     1    0.01                           clk (net)
                  0.06    0.00    0.04 ^ clkbuf_0_clk/A (sky130_fd_sc_hd__clkbuf_16)
                  0.04    0.12    0.16 ^ clkbuf_0_clk/X (sky130_fd_sc_hd__clkbuf_16)
     2    0.02                           clknet_0_clk (net)
                  0.04    0.00    0.16 ^ clkbuf_1_1__f_clk/A (sky130_fd_sc_hd__clkbuf_16)
                  0.04    0.11    0.27 ^ clkbuf_1_1__f_clk/X (sky130_fd_sc_hd__clkbuf_16)
     6    0.02                           clknet_1_1__leaf_clk (net)
                  0.04    0.00    0.27 ^ _446_/CLK (sky130_fd_sc_hd__dfrtp_1)
                  0.07    0.32    0.59 ^ _446_/Q (sky130_fd_sc_hd__dfrtp_1)
     2    0.01                           net30 (net)
                  0.07    0.00    0.59 ^ _426_/B (sky130_fd_sc_hd__and2_1)
                  0.05    0.11    0.71 ^ _426_/X (sky130_fd_sc_hd__and2_1)
     1    0.00                           _162_ (net)
                  0.05    0.00    0.71 ^ _427_/B1 (sky130_fd_sc_hd__a31o_1)
                  0.04    0.08    0.78 ^ _427_/X (sky130_fd_sc_hd__a31o_1)
     1    0.00                           _007_ (net)
                  0.04    0.00    0.78 ^ _446_/D (sky130_fd_sc_hd__dfrtp_1)
                                  0.78   data arrival time

                          0.00    0.00   clock clk (rise edge)
                          0.00    0.00   clock source latency
                  0.06    0.04    0.04 ^ clk (in)
     1    0.01                           clk (net)
                  0.06    0.00    0.04 ^ clkbuf_0_clk/A (sky130_fd_sc_hd__clkbuf_16)
                  0.04    0.14    0.18 ^ clkbuf_0_clk/X (sky130_fd_sc_hd__clkbuf_16)
     2    0.02                           clknet_0_clk (net)
                  0.04    0.00    0.18 ^ clkbuf_1_1__f_clk/A (sky130_fd_sc_hd__clkbuf_16)
                  0.04    0.13    0.30 ^ clkbuf_1_1__f_clk/X (sky130_fd_sc_hd__clkbuf_16)
     6    0.02                           clknet_1_1__leaf_clk (net)
                  0.04    0.00    0.30 ^ _446_/CLK (sky130_fd_sc_hd__dfrtp_1)
                          0.25    0.55   clock uncertainty
                         -0.03    0.52   clock reconvergence pessimism
                         -0.03    0.49   library hold time
                                  0.49   data required time
-----------------------------------------------------------------------------
                                  0.49   data required time
                                 -0.78   data arrival time
-----------------------------------------------------------------------------
                                  0.29   slack (MET)


Startpoint: _449_ (rising edge-triggered flip-flop clocked by clk)
Endpoint: _449_ (rising edge-triggered flip-flop clocked by clk)
Path Group: clk
Path Type: min

Fanout     Cap    Slew   Delay    Time   Description
-----------------------------------------------------------------------------
                          0.00    0.00   clock clk (rise edge)
                          0.00    0.00   clock source latency
                  0.06    0.04    0.04 ^ clk (in)
     1    0.01                           clk (net)
                  0.06    0.00    0.04 ^ clkbuf_0_clk/A (sky130_fd_sc_hd__clkbuf_16)
                  0.04    0.12    0.16 ^ clkbuf_0_clk/X (sky130_fd_sc_hd__clkbuf_16)
     2    0.02                           clknet_0_clk (net)
                  0.04    0.00    0.16 ^ clkbuf_1_0__f_clk/A (sky130_fd_sc_hd__clkbuf_16)
                  0.04    0.12    0.28 ^ clkbuf_1_0__f_clk/X (sky130_fd_sc_hd__clkbuf_16)
     8    0.02                           clknet_1_0__leaf_clk (net)
                  0.04    0.00    0.28 ^ _449_/CLK (sky130_fd_sc_hd__dfrtp_1)
                  0.07    0.32    0.60 ^ _449_/Q (sky130_fd_sc_hd__dfrtp_1)
     2    0.01                           net33 (net)
                  0.07    0.00    0.60 ^ _432_/B (sky130_fd_sc_hd__and2_1)
                  0.05    0.12    0.71 ^ _432_/X (sky130_fd_sc_hd__and2_1)
     1    0.00                           _165_ (net)
                  0.05    0.00    0.71 ^ _433_/B1 (sky130_fd_sc_hd__a31o_1)
                  0.04    0.08    0.79 ^ _433_/X (sky130_fd_sc_hd__a31o_1)
     1    0.00                           _010_ (net)
                  0.04    0.00    0.79 ^ _449_/D (sky130_fd_sc_hd__dfrtp_1)
                                  0.79   data arrival time

                          0.00    0.00   clock clk (rise edge)
                          0.00    0.00   clock source latency
                  0.06    0.04    0.04 ^ clk (in)
     1    0.01                           clk (net)
                  0.06    0.00    0.04 ^ clkbuf_0_clk/A (sky130_fd_sc_hd__clkbuf_16)
                  0.04    0.14    0.18 ^ clkbuf_0_clk/X (sky130_fd_sc_hd__clkbuf_16)
     2    0.02                           clknet_0_clk (net)
                  0.04    0.00    0.18 ^ clkbuf_1_0__f_clk/A (sky130_fd_sc_hd__clkbuf_16)
                  0.04    0.13    0.31 ^ clkbuf_1_0__f_clk/X (sky130_fd_sc_hd__clkbuf_16)
     8    0.02                           clknet_1_0__leaf_clk (net)
                  0.04    0.00    0.31 ^ _449_/CLK (sky130_fd_sc_hd__dfrtp_1)
                          0.25    0.56   clock uncertainty
                         -0.03    0.53   clock reconvergence pessimism
                         -0.03    0.50   library hold time
                                  0.50   data required time
-----------------------------------------------------------------------------
                                  0.50   data required time
                                 -0.79   data arrival time
-----------------------------------------------------------------------------
                                  0.30   slack (MET)


Startpoint: _447_ (rising edge-triggered flip-flop clocked by clk)
Endpoint: _447_ (rising edge-triggered flip-flop clocked by clk)
Path Group: clk
Path Type: min

Fanout     Cap    Slew   Delay    Time   Description
-----------------------------------------------------------------------------
                          0.00    0.00   clock clk (rise edge)
                          0.00    0.00   clock source latency
                  0.06    0.04    0.04 ^ clk (in)
     1    0.01                           clk (net)
                  0.06    0.00    0.04 ^ clkbuf_0_clk/A (sky130_fd_sc_hd__clkbuf_16)
                  0.04    0.12    0.16 ^ clkbuf_0_clk/X (sky130_fd_sc_hd__clkbuf_16)
     2    0.02                           clknet_0_clk (net)
                  0.04    0.00    0.16 ^ clkbuf_1_1__f_clk/A (sky130_fd_sc_hd__clkbuf_16)
                  0.04    0.11    0.27 ^ clkbuf_1_1__f_clk/X (sky130_fd_sc_hd__clkbuf_16)
     6    0.02                           clknet_1_1__leaf_clk (net)
                  0.04    0.00    0.27 ^ _447_/CLK (sky130_fd_sc_hd__dfrtp_1)
                  0.08    0.32    0.60 ^ _447_/Q (sky130_fd_sc_hd__dfrtp_1)
     2    0.01                           net31 (net)
                  0.08    0.00    0.60 ^ _428_/B (sky130_fd_sc_hd__and2_1)
                  0.05    0.12    0.71 ^ _428_/X (sky130_fd_sc_hd__and2_1)
     1    0.00                           _163_ (net)
                  0.05    0.00    0.71 ^ _429_/B1 (sky130_fd_sc_hd__a31o_1)
                  0.04    0.08    0.79 ^ _429_/X (sky130_fd_sc_hd__a31o_1)
     1    0.00                           _008_ (net)
                  0.04    0.00    0.79 ^ _447_/D (sky130_fd_sc_hd__dfrtp_1)
                                  0.79   data arrival time

                          0.00    0.00   clock clk (rise edge)
                          0.00    0.00   clock source latency
                  0.06    0.04    0.04 ^ clk (in)
     1    0.01                           clk (net)
                  0.06    0.00    0.04 ^ clkbuf_0_clk/A (sky130_fd_sc_hd__clkbuf_16)
                  0.04    0.14    0.18 ^ clkbuf_0_clk/X (sky130_fd_sc_hd__clkbuf_16)
     2    0.02                           clknet_0_clk (net)
                  0.04    0.00    0.18 ^ clkbuf_1_1__f_clk/A (sky130_fd_sc_hd__clkbuf_16)
                  0.04    0.13    0.30 ^ clkbuf_1_1__f_clk/X (sky130_fd_sc_hd__clkbuf_16)
     6    0.02                           clknet_1_1__leaf_clk (net)
                  0.04    0.00    0.30 ^ _447_/CLK (sky130_fd_sc_hd__dfrtp_1)
                          0.25    0.55   clock uncertainty
                         -0.03    0.52   clock reconvergence pessimism
                         -0.03    0.49   library hold time
                                  0.49   data required time
-----------------------------------------------------------------------------
                                  0.49   data required time
                                 -0.79   data arrival time
-----------------------------------------------------------------------------
                                  0.30   slack (MET)


Startpoint: rst_n (input port clocked by clk)
Endpoint: _447_ (removal check against rising-edge clock clk)
Path Group: asynchronous
Path Type: min

Fanout     Cap    Slew   Delay    Time   Description
-----------------------------------------------------------------------------
                          0.00    0.00   clock clk (rise edge)
                          0.00    0.00   clock network delay (propagated)
                          5.00    5.00 ^ input external delay
                  0.02    0.01    5.01 ^ rst_n (in)
     1    0.00                           rst_n (net)
                  0.02    0.00    5.01 ^ input9/A (sky130_fd_sc_hd__clkbuf_2)
                  0.12    0.14    5.15 ^ input9/X (sky130_fd_sc_hd__clkbuf_2)
     5    0.02                           net9 (net)
                  0.12    0.00    5.15 ^ _447_/RESET_B (sky130_fd_sc_hd__dfrtp_1)
                                  5.15   data arrival time

                          0.00    0.00   clock clk (rise edge)
                          0.00    0.00   clock source latency
                  0.06    0.04    0.04 ^ clk (in)
     1    0.01                           clk (net)
                  0.06    0.00    0.04 ^ clkbuf_0_clk/A (sky130_fd_sc_hd__clkbuf_16)
                  0.04    0.14    0.18 ^ clkbuf_0_clk/X (sky130_fd_sc_hd__clkbuf_16)
     2    0.02                           clknet_0_clk (net)
                  0.04    0.00    0.18 ^ clkbuf_1_1__f_clk/A (sky130_fd_sc_hd__clkbuf_16)
                  0.04    0.13    0.30 ^ clkbuf_1_1__f_clk/X (sky130_fd_sc_hd__clkbuf_16)
     6    0.02                           clknet_1_1__leaf_clk (net)
                  0.04    0.00    0.30 ^ _447_/CLK (sky130_fd_sc_hd__dfrtp_1)
                          0.25    0.55   clock uncertainty
                          0.00    0.55   clock reconvergence pessimism
                          0.34    0.89   library removal time
                                  0.89   data required time
-----------------------------------------------------------------------------
                                  0.89   data required time
                                 -5.15   data arrival time
-----------------------------------------------------------------------------
                                  4.26   slack (MET)


Startpoint: rst_n (input port clocked by clk)
Endpoint: _446_ (removal check against rising-edge clock clk)
Path Group: asynchronous
Path Type: min

Fanout     Cap    Slew   Delay    Time   Description
-----------------------------------------------------------------------------
                          0.00    0.00   clock clk (rise edge)
                          0.00    0.00   clock network delay (propagated)
                          5.00    5.00 ^ input external delay
                  0.02    0.01    5.01 ^ rst_n (in)
     1    0.00                           rst_n (net)
                  0.02    0.00    5.01 ^ input9/A (sky130_fd_sc_hd__clkbuf_2)
                  0.12    0.14    5.15 ^ input9/X (sky130_fd_sc_hd__clkbuf_2)
     5    0.02                           net9 (net)
                  0.12    0.00    5.15 ^ _446_/RESET_B (sky130_fd_sc_hd__dfrtp_1)
                                  5.15   data arrival time

                          0.00    0.00   clock clk (rise edge)
                          0.00    0.00   clock source latency
                  0.06    0.04    0.04 ^ clk (in)
     1    0.01                           clk (net)
                  0.06    0.00    0.04 ^ clkbuf_0_clk/A (sky130_fd_sc_hd__clkbuf_16)
                  0.04    0.14    0.18 ^ clkbuf_0_clk/X (sky130_fd_sc_hd__clkbuf_16)
     2    0.02                           clknet_0_clk (net)
                  0.04    0.00    0.18 ^ clkbuf_1_1__f_clk/A (sky130_fd_sc_hd__clkbuf_16)
                  0.04    0.13    0.30 ^ clkbuf_1_1__f_clk/X (sky130_fd_sc_hd__clkbuf_16)
     6    0.02                           clknet_1_1__leaf_clk (net)
                  0.04    0.00    0.30 ^ _446_/CLK (sky130_fd_sc_hd__dfrtp_1)
                          0.25    0.55   clock uncertainty
                          0.00    0.55   clock reconvergence pessimism
                          0.34    0.89   library removal time
                                  0.89   data required time
-----------------------------------------------------------------------------
                                  0.89   data required time
                                 -5.15   data arrival time
-----------------------------------------------------------------------------
                                  4.26   slack (MET)


Startpoint: rst_n (input port clocked by clk)
Endpoint: _445_ (removal check against rising-edge clock clk)
Path Group: asynchronous
Path Type: min

Fanout     Cap    Slew   Delay    Time   Description
-----------------------------------------------------------------------------
                          0.00    0.00   clock clk (rise edge)
                          0.00    0.00   clock network delay (propagated)
                          5.00    5.00 ^ input external delay
                  0.02    0.01    5.01 ^ rst_n (in)
     1    0.00                           rst_n (net)
                  0.02    0.00    5.01 ^ input9/A (sky130_fd_sc_hd__clkbuf_2)
                  0.12    0.14    5.15 ^ input9/X (sky130_fd_sc_hd__clkbuf_2)
     5    0.02                           net9 (net)
                  0.12    0.00    5.15 ^ _445_/RESET_B (sky130_fd_sc_hd__dfrtp_1)
                                  5.15   data arrival time

                          0.00    0.00   clock clk (rise edge)
                          0.00    0.00   clock source latency
                  0.06    0.04    0.04 ^ clk (in)
     1    0.01                           clk (net)
                  0.06    0.00    0.04 ^ clkbuf_0_clk/A (sky130_fd_sc_hd__clkbuf_16)
                  0.04    0.14    0.18 ^ clkbuf_0_clk/X (sky130_fd_sc_hd__clkbuf_16)
     2    0.02                           clknet_0_clk (net)
                  0.04    0.00    0.18 ^ clkbuf_1_1__f_clk/A (sky130_fd_sc_hd__clkbuf_16)
                  0.04    0.13    0.30 ^ clkbuf_1_1__f_clk/X (sky130_fd_sc_hd__clkbuf_16)
     6    0.02                           clknet_1_1__leaf_clk (net)
                  0.04    0.00    0.30 ^ _445_/CLK (sky130_fd_sc_hd__dfrtp_1)
                          0.25    0.55   clock uncertainty
                          0.00    0.55   clock reconvergence pessimism
                          0.34    0.89   library removal time
                                  0.89   data required time
-----------------------------------------------------------------------------
                                  0.89   data required time
                                 -5.15   data arrival time
-----------------------------------------------------------------------------
                                  4.26   slack (MET)


Startpoint: rst_n (input port clocked by clk)
Endpoint: _448_ (removal check against rising-edge clock clk)
Path Group: asynchronous
Path Type: min

Fanout     Cap    Slew   Delay    Time   Description
-----------------------------------------------------------------------------
                          0.00    0.00   clock clk (rise edge)
                          0.00    0.00   clock network delay (propagated)
                          5.00    5.00 ^ input external delay
                  0.02    0.01    5.01 ^ rst_n (in)
     1    0.00                           rst_n (net)
                  0.02    0.00    5.01 ^ input9/A (sky130_fd_sc_hd__clkbuf_2)
                  0.12    0.14    5.15 ^ input9/X (sky130_fd_sc_hd__clkbuf_2)
     5    0.02                           net9 (net)
                  0.12    0.00    5.15 ^ _448_/RESET_B (sky130_fd_sc_hd__dfrtp_1)
                                  5.15   data arrival time

                          0.00    0.00   clock clk (rise edge)
                          0.00    0.00   clock source latency
                  0.06    0.04    0.04 ^ clk (in)
     1    0.01                           clk (net)
                  0.06    0.00    0.04 ^ clkbuf_0_clk/A (sky130_fd_sc_hd__clkbuf_16)
                  0.04    0.14    0.18 ^ clkbuf_0_clk/X (sky130_fd_sc_hd__clkbuf_16)
     2    0.02                           clknet_0_clk (net)
                  0.04    0.00    0.18 ^ clkbuf_1_1__f_clk/A (sky130_fd_sc_hd__clkbuf_16)
                  0.04    0.13    0.30 ^ clkbuf_1_1__f_clk/X (sky130_fd_sc_hd__clkbuf_16)
     6    0.02                           clknet_1_1__leaf_clk (net)
                  0.04    0.00    0.30 ^ _448_/CLK (sky130_fd_sc_hd__dfrtp_1)
                          0.25    0.55   clock uncertainty
                          0.00    0.55   clock reconvergence pessimism
                          0.34    0.89   library removal time
                                  0.89   data required time
-----------------------------------------------------------------------------
                                  0.89   data required time
                                 -5.15   data arrival time
-----------------------------------------------------------------------------
                                  4.26   slack (MET)


Startpoint: rst_n (input port clocked by clk)
Endpoint: _442_ (removal check against rising-edge clock clk)
Path Group: asynchronous
Path Type: min

Fanout     Cap    Slew   Delay    Time   Description
-----------------------------------------------------------------------------
                          0.00    0.00   clock clk (rise edge)
                          0.00    0.00   clock network delay (propagated)
                          5.00    5.00 ^ input external delay
                  0.02    0.01    5.01 ^ rst_n (in)
     1    0.00                           rst_n (net)
                  0.02    0.00    5.01 ^ input9/A (sky130_fd_sc_hd__clkbuf_2)
                  0.12    0.14    5.15 ^ input9/X (sky130_fd_sc_hd__clkbuf_2)
     5    0.02                           net9 (net)
                  0.12    0.00    5.15 ^ fanout37/A (sky130_fd_sc_hd__clkbuf_4)
                  0.14    0.22    5.37 ^ fanout37/X (sky130_fd_sc_hd__clkbuf_4)
    10    0.05                           net37 (net)
                  0.14    0.00    5.38 ^ _442_/RESET_B (sky130_fd_sc_hd__dfrtp_1)
                                  5.38   data arrival time

                          0.00    0.00   clock clk (rise edge)
                          0.00    0.00   clock source latency
                  0.06    0.04    0.04 ^ clk (in)
     1    0.01                           clk (net)
                  0.06    0.00    0.04 ^ clkbuf_0_clk/A (sky130_fd_sc_hd__clkbuf_16)
                  0.04    0.14    0.18 ^ clkbuf_0_clk/X (sky130_fd_sc_hd__clkbuf_16)
     2    0.02                           clknet_0_clk (net)
                  0.04    0.00    0.18 ^ clkbuf_1_0__f_clk/A (sky130_fd_sc_hd__clkbuf_16)
                  0.04    0.13    0.31 ^ clkbuf_1_0__f_clk/X (sky130_fd_sc_hd__clkbuf_16)
     8    0.02                           clknet_1_0__leaf_clk (net)
                  0.04    0.00    0.31 ^ _442_/CLK (sky130_fd_sc_hd__dfrtp_1)
                          0.25    0.56   clock uncertainty
                          0.00    0.56   clock reconvergence pessimism
                          0.35    0.90   library removal time
                                  0.90   data required time
-----------------------------------------------------------------------------
                                  0.90   data required time
                                 -5.38   data arrival time
-----------------------------------------------------------------------------
                                  4.47   slack (MET)


Startpoint: rst_n (input port clocked by clk)
Endpoint: _440_ (removal check against rising-edge clock clk)
Path Group: asynchronous
Path Type: min

Fanout     Cap    Slew   Delay    Time   Description
-----------------------------------------------------------------------------
                          0.00    0.00   clock clk (rise edge)
                          0.00    0.00   clock network delay (propagated)
                          5.00    5.00 ^ input external delay
                  0.02    0.01    5.01 ^ rst_n (in)
     1    0.00                           rst_n (net)
                  0.02    0.00    5.01 ^ input9/A (sky130_fd_sc_hd__clkbuf_2)
                  0.12    0.14    5.15 ^ input9/X (sky130_fd_sc_hd__clkbuf_2)
     5    0.02                           net9 (net)
                  0.12    0.00    5.15 ^ fanout37/A (sky130_fd_sc_hd__clkbuf_4)
                  0.14    0.22    5.37 ^ fanout37/X (sky130_fd_sc_hd__clkbuf_4)
    10    0.05                           net37 (net)
                  0.14    0.00    5.38 ^ _440_/RESET_B (sky130_fd_sc_hd__dfrtp_1)
                                  5.38   data arrival time

                          0.00    0.00   clock clk (rise edge)
                          0.00    0.00   clock source latency
                  0.06    0.04    0.04 ^ clk (in)
     1    0.01                           clk (net)
                  0.06    0.00    0.04 ^ clkbuf_0_clk/A (sky130_fd_sc_hd__clkbuf_16)
                  0.04    0.14    0.18 ^ clkbuf_0_clk/X (sky130_fd_sc_hd__clkbuf_16)
     2    0.02                           clknet_0_clk (net)
                  0.04    0.00    0.18 ^ clkbuf_1_0__f_clk/A (sky130_fd_sc_hd__clkbuf_16)
                  0.04    0.13    0.31 ^ clkbuf_1_0__f_clk/X (sky130_fd_sc_hd__clkbuf_16)
     8    0.02                           clknet_1_0__leaf_clk (net)
                  0.04    0.00    0.31 ^ _440_/CLK (sky130_fd_sc_hd__dfrtp_1)
                          0.25    0.56   clock uncertainty
                          0.00    0.56   clock reconvergence pessimism
                          0.35    0.90   library removal time
                                  0.90   data required time
-----------------------------------------------------------------------------
                                  0.90   data required time
                                 -5.38   data arrival time
-----------------------------------------------------------------------------
                                  4.47   slack (MET)


Startpoint: rst_n (input port clocked by clk)
Endpoint: _438_ (removal check against rising-edge clock clk)
Path Group: asynchronous
Path Type: min

Fanout     Cap    Slew   Delay    Time   Description
-----------------------------------------------------------------------------
                          0.00    0.00   clock clk (rise edge)
                          0.00    0.00   clock network delay (propagated)
                          5.00    5.00 ^ input external delay
                  0.02    0.01    5.01 ^ rst_n (in)
     1    0.00                           rst_n (net)
                  0.02    0.00    5.01 ^ input9/A (sky130_fd_sc_hd__clkbuf_2)
                  0.12    0.14    5.15 ^ input9/X (sky130_fd_sc_hd__clkbuf_2)
     5    0.02                           net9 (net)
                  0.12    0.00    5.15 ^ fanout37/A (sky130_fd_sc_hd__clkbuf_4)
                  0.14    0.22    5.37 ^ fanout37/X (sky130_fd_sc_hd__clkbuf_4)
    10    0.05                           net37 (net)
                  0.14    0.00    5.38 ^ _438_/RESET_B (sky130_fd_sc_hd__dfrtp_1)
                                  5.38   data arrival time

                          0.00    0.00   clock clk (rise edge)
                          0.00    0.00   clock source latency
                  0.06    0.04    0.04 ^ clk (in)
     1    0.01                           clk (net)
                  0.06    0.00    0.04 ^ clkbuf_0_clk/A (sky130_fd_sc_hd__clkbuf_16)
                  0.04    0.14    0.18 ^ clkbuf_0_clk/X (sky130_fd_sc_hd__clkbuf_16)
     2    0.02                           clknet_0_clk (net)
                  0.04    0.00    0.18 ^ clkbuf_1_0__f_clk/A (sky130_fd_sc_hd__clkbuf_16)
                  0.04    0.13    0.31 ^ clkbuf_1_0__f_clk/X (sky130_fd_sc_hd__clkbuf_16)
     8    0.02                           clknet_1_0__leaf_clk (net)
                  0.04    0.00    0.31 ^ _438_/CLK (sky130_fd_sc_hd__dfrtp_1)
                          0.25    0.56   clock uncertainty
                          0.00    0.56   clock reconvergence pessimism
                          0.35    0.90   library removal time
                                  0.90   data required time
-----------------------------------------------------------------------------
                                  0.90   data required time
                                 -5.38   data arrival time
-----------------------------------------------------------------------------
                                  4.47   slack (MET)


Startpoint: rst_n (input port clocked by clk)
Endpoint: _443_ (removal check against rising-edge clock clk)
Path Group: asynchronous
Path Type: min

Fanout     Cap    Slew   Delay    Time   Description
-----------------------------------------------------------------------------
                          0.00    0.00   clock clk (rise edge)
                          0.00    0.00   clock network delay (propagated)
                          5.00    5.00 ^ input external delay
                  0.02    0.01    5.01 ^ rst_n (in)
     1    0.00                           rst_n (net)
                  0.02    0.00    5.01 ^ input9/A (sky130_fd_sc_hd__clkbuf_2)
                  0.12    0.14    5.15 ^ input9/X (sky130_fd_sc_hd__clkbuf_2)
     5    0.02                           net9 (net)
                  0.12    0.00    5.15 ^ fanout37/A (sky130_fd_sc_hd__clkbuf_4)
                  0.14    0.22    5.37 ^ fanout37/X (sky130_fd_sc_hd__clkbuf_4)
    10    0.05                           net37 (net)
                  0.14    0.00    5.38 ^ _443_/RESET_B (sky130_fd_sc_hd__dfrtp_1)
                                  5.38   data arrival time

                          0.00    0.00   clock clk (rise edge)
                          0.00    0.00   clock source latency
                  0.06    0.04    0.04 ^ clk (in)
     1    0.01                           clk (net)
                  0.06    0.00    0.04 ^ clkbuf_0_clk/A (sky130_fd_sc_hd__clkbuf_16)
                  0.04    0.14    0.18 ^ clkbuf_0_clk/X (sky130_fd_sc_hd__clkbuf_16)
     2    0.02                           clknet_0_clk (net)
                  0.04    0.00    0.18 ^ clkbuf_1_0__f_clk/A (sky130_fd_sc_hd__clkbuf_16)
                  0.04    0.13    0.31 ^ clkbuf_1_0__f_clk/X (sky130_fd_sc_hd__clkbuf_16)
     8    0.02                           clknet_1_0__leaf_clk (net)
                  0.04    0.00    0.31 ^ _443_/CLK (sky130_fd_sc_hd__dfrtp_1)
                          0.25    0.56   clock uncertainty
                          0.00    0.56   clock reconvergence pessimism
                          0.35    0.90   library removal time
                                  0.90   data required time
-----------------------------------------------------------------------------
                                  0.90   data required time
                                 -5.38   data arrival time
-----------------------------------------------------------------------------
                                  4.47   slack (MET)


Startpoint: rst_n (input port clocked by clk)
Endpoint: _449_ (removal check against rising-edge clock clk)
Path Group: asynchronous
Path Type: min

Fanout     Cap    Slew   Delay    Time   Description
-----------------------------------------------------------------------------
                          0.00    0.00   clock clk (rise edge)
                          0.00    0.00   clock network delay (propagated)
                          5.00    5.00 ^ input external delay
                  0.02    0.01    5.01 ^ rst_n (in)
     1    0.00                           rst_n (net)
                  0.02    0.00    5.01 ^ input9/A (sky130_fd_sc_hd__clkbuf_2)
                  0.12    0.14    5.15 ^ input9/X (sky130_fd_sc_hd__clkbuf_2)
     5    0.02                           net9 (net)
                  0.12    0.00    5.15 ^ fanout37/A (sky130_fd_sc_hd__clkbuf_4)
                  0.14    0.22    5.37 ^ fanout37/X (sky130_fd_sc_hd__clkbuf_4)
    10    0.05                           net37 (net)
                  0.14    0.00    5.38 ^ _449_/RESET_B (sky130_fd_sc_hd__dfrtp_1)
                                  5.38   data arrival time

                          0.00    0.00   clock clk (rise edge)
                          0.00    0.00   clock source latency
                  0.06    0.04    0.04 ^ clk (in)
     1    0.01                           clk (net)
                  0.06    0.00    0.04 ^ clkbuf_0_clk/A (sky130_fd_sc_hd__clkbuf_16)
                  0.04    0.14    0.18 ^ clkbuf_0_clk/X (sky130_fd_sc_hd__clkbuf_16)
     2    0.02                           clknet_0_clk (net)
                  0.04    0.00    0.18 ^ clkbuf_1_0__f_clk/A (sky130_fd_sc_hd__clkbuf_16)
                  0.04    0.13    0.31 ^ clkbuf_1_0__f_clk/X (sky130_fd_sc_hd__clkbuf_16)
     8    0.02                           clknet_1_0__leaf_clk (net)
                  0.04    0.00    0.31 ^ _449_/CLK (sky130_fd_sc_hd__dfrtp_1)
                          0.25    0.56   clock uncertainty
                          0.00    0.56   clock reconvergence pessimism
                          0.35    0.90   library removal time
                                  0.90   data required time
-----------------------------------------------------------------------------
                                  0.90   data required time
                                 -5.38   data arrival time
-----------------------------------------------------------------------------
                                  4.47   slack (MET)


Startpoint: rst_n (input port clocked by clk)
Endpoint: _451_ (removal check against rising-edge clock clk)
Path Group: asynchronous
Path Type: min

Fanout     Cap    Slew   Delay    Time   Description
-----------------------------------------------------------------------------
                          0.00    0.00   clock clk (rise edge)
                          0.00    0.00   clock network delay (propagated)
                          5.00    5.00 ^ input external delay
                  0.02    0.01    5.01 ^ rst_n (in)
     1    0.00                           rst_n (net)
                  0.02    0.00    5.01 ^ input9/A (sky130_fd_sc_hd__clkbuf_2)
                  0.12    0.14    5.15 ^ input9/X (sky130_fd_sc_hd__clkbuf_2)
     5    0.02                           net9 (net)
                  0.12    0.00    5.15 ^ fanout37/A (sky130_fd_sc_hd__clkbuf_4)
                  0.14    0.22    5.37 ^ fanout37/X (sky130_fd_sc_hd__clkbuf_4)
    10    0.05                           net37 (net)
                  0.14    0.00    5.38 ^ _451_/RESET_B (sky130_fd_sc_hd__dfrtp_1)
                                  5.38   data arrival time

                          0.00    0.00   clock clk (rise edge)
                          0.00    0.00   clock source latency
                  0.06    0.04    0.04 ^ clk (in)
     1    0.01                           clk (net)
                  0.06    0.00    0.04 ^ clkbuf_0_clk/A (sky130_fd_sc_hd__clkbuf_16)
                  0.04    0.14    0.18 ^ clkbuf_0_clk/X (sky130_fd_sc_hd__clkbuf_16)
     2    0.02                           clknet_0_clk (net)
                  0.04    0.00    0.18 ^ clkbuf_1_0__f_clk/A (sky130_fd_sc_hd__clkbuf_16)
                  0.04    0.13    0.31 ^ clkbuf_1_0__f_clk/X (sky130_fd_sc_hd__clkbuf_16)
     8    0.02                           clknet_1_0__leaf_clk (net)
                  0.04    0.00    0.31 ^ _451_/CLK (sky130_fd_sc_hd__dfrtp_1)
                          0.25    0.56   clock uncertainty
                          0.00    0.56   clock reconvergence pessimism
                          0.35    0.90   library removal time
                                  0.90   data required time
-----------------------------------------------------------------------------
                                  0.90   data required time
                                 -5.38   data arrival time
-----------------------------------------------------------------------------
                                  4.47   slack (MET)


Startpoint: rst_n (input port clocked by clk)
Endpoint: _450_ (removal check against rising-edge clock clk)
Path Group: asynchronous
Path Type: min

Fanout     Cap    Slew   Delay    Time   Description
-----------------------------------------------------------------------------
                          0.00    0.00   clock clk (rise edge)
                          0.00    0.00   clock network delay (propagated)
                          5.00    5.00 ^ input external delay
                  0.02    0.01    5.01 ^ rst_n (in)
     1    0.00                           rst_n (net)
                  0.02    0.00    5.01 ^ input9/A (sky130_fd_sc_hd__clkbuf_2)
                  0.12    0.14    5.15 ^ input9/X (sky130_fd_sc_hd__clkbuf_2)
     5    0.02                           net9 (net)
                  0.12    0.00    5.15 ^ fanout37/A (sky130_fd_sc_hd__clkbuf_4)
                  0.14    0.22    5.37 ^ fanout37/X (sky130_fd_sc_hd__clkbuf_4)
    10    0.05                           net37 (net)
                  0.14    0.00    5.38 ^ _450_/RESET_B (sky130_fd_sc_hd__dfrtp_1)
                                  5.38   data arrival time

                          0.00    0.00   clock clk (rise edge)
                          0.00    0.00   clock source latency
                  0.06    0.04    0.04 ^ clk (in)
     1    0.01                           clk (net)
                  0.06    0.00    0.04 ^ clkbuf_0_clk/A (sky130_fd_sc_hd__clkbuf_16)
                  0.04    0.14    0.18 ^ clkbuf_0_clk/X (sky130_fd_sc_hd__clkbuf_16)
     2    0.02                           clknet_0_clk (net)
                  0.04    0.00    0.18 ^ clkbuf_1_0__f_clk/A (sky130_fd_sc_hd__clkbuf_16)
                  0.04    0.13    0.31 ^ clkbuf_1_0__f_clk/X (sky130_fd_sc_hd__clkbuf_16)
     8    0.02                           clknet_1_0__leaf_clk (net)
                  0.04    0.00    0.31 ^ _450_/CLK (sky130_fd_sc_hd__dfrtp_1)
                          0.25    0.56   clock uncertainty
                          0.00    0.56   clock reconvergence pessimism
                          0.35    0.90   library removal time
                                  0.90   data required time
-----------------------------------------------------------------------------
                                  0.90   data required time
                                 -5.38   data arrival time
-----------------------------------------------------------------------------
                                  4.47   slack (MET)


Startpoint: rst_n (input port clocked by clk)
Endpoint: _444_ (removal check against rising-edge clock clk)
Path Group: asynchronous
Path Type: min

Fanout     Cap    Slew   Delay    Time   Description
-----------------------------------------------------------------------------
                          0.00    0.00   clock clk (rise edge)
                          0.00    0.00   clock network delay (propagated)
                          5.00    5.00 ^ input external delay
                  0.02    0.01    5.01 ^ rst_n (in)
     1    0.00                           rst_n (net)
                  0.02    0.00    5.01 ^ input9/A (sky130_fd_sc_hd__clkbuf_2)
                  0.12    0.14    5.15 ^ input9/X (sky130_fd_sc_hd__clkbuf_2)
     5    0.02                           net9 (net)
                  0.12    0.00    5.15 ^ fanout37/A (sky130_fd_sc_hd__clkbuf_4)
                  0.14    0.22    5.37 ^ fanout37/X (sky130_fd_sc_hd__clkbuf_4)
    10    0.05                           net37 (net)
                  0.14    0.00    5.38 ^ _444_/RESET_B (sky130_fd_sc_hd__dfrtp_1)
                                  5.38   data arrival time

                          0.00    0.00   clock clk (rise edge)
                          0.00    0.00   clock source latency
                  0.06    0.04    0.04 ^ clk (in)
     1    0.01                           clk (net)
                  0.06    0.00    0.04 ^ clkbuf_0_clk/A (sky130_fd_sc_hd__clkbuf_16)
                  0.04    0.14    0.18 ^ clkbuf_0_clk/X (sky130_fd_sc_hd__clkbuf_16)
     2    0.02                           clknet_0_clk (net)
                  0.04    0.00    0.18 ^ clkbuf_1_0__f_clk/A (sky130_fd_sc_hd__clkbuf_16)
                  0.04    0.13    0.31 ^ clkbuf_1_0__f_clk/X (sky130_fd_sc_hd__clkbuf_16)
     8    0.02                           clknet_1_0__leaf_clk (net)
                  0.04    0.00    0.31 ^ _444_/CLK (sky130_fd_sc_hd__dfrtp_1)
                          0.25    0.56   clock uncertainty
                          0.00    0.56   clock reconvergence pessimism
                          0.35    0.90   library removal time
                                  0.90   data required time
-----------------------------------------------------------------------------
                                  0.90   data required time
                                 -5.38   data arrival time
-----------------------------------------------------------------------------
                                  4.47   slack (MET)


Startpoint: rst_n (input port clocked by clk)
Endpoint: _439_ (removal check against rising-edge clock clk)
Path Group: asynchronous
Path Type: min

Fanout     Cap    Slew   Delay    Time   Description
-----------------------------------------------------------------------------
                          0.00    0.00   clock clk (rise edge)
                          0.00    0.00   clock network delay (propagated)
                          5.00    5.00 ^ input external delay
                  0.02    0.01    5.01 ^ rst_n (in)
     1    0.00                           rst_n (net)
                  0.02    0.00    5.01 ^ input9/A (sky130_fd_sc_hd__clkbuf_2)
                  0.12    0.14    5.15 ^ input9/X (sky130_fd_sc_hd__clkbuf_2)
     5    0.02                           net9 (net)
                  0.12    0.00    5.15 ^ fanout37/A (sky130_fd_sc_hd__clkbuf_4)
                  0.14    0.22    5.37 ^ fanout37/X (sky130_fd_sc_hd__clkbuf_4)
    10    0.05                           net37 (net)
                  0.14    0.00    5.37 ^ _439_/RESET_B (sky130_fd_sc_hd__dfrtp_1)
                                  5.37   data arrival time

                          0.00    0.00   clock clk (rise edge)
                          0.00    0.00   clock source latency
                  0.06    0.04    0.04 ^ clk (in)
     1    0.01                           clk (net)
                  0.06    0.00    0.04 ^ clkbuf_0_clk/A (sky130_fd_sc_hd__clkbuf_16)
                  0.04    0.14    0.18 ^ clkbuf_0_clk/X (sky130_fd_sc_hd__clkbuf_16)
     2    0.02                           clknet_0_clk (net)
                  0.04    0.00    0.18 ^ clkbuf_1_1__f_clk/A (sky130_fd_sc_hd__clkbuf_16)
                  0.04    0.13    0.30 ^ clkbuf_1_1__f_clk/X (sky130_fd_sc_hd__clkbuf_16)
     6    0.02                           clknet_1_1__leaf_clk (net)
                  0.04    0.00    0.30 ^ _439_/CLK (sky130_fd_sc_hd__dfrtp_1)
                          0.25    0.55   clock uncertainty
                          0.00    0.55   clock reconvergence pessimism
                          0.35    0.90   library removal time
                                  0.90   data required time
-----------------------------------------------------------------------------
                                  0.90   data required time
                                 -5.37   data arrival time
-----------------------------------------------------------------------------
                                  4.48   slack (MET)


Startpoint: rst_n (input port clocked by clk)
Endpoint: _441_ (removal check against rising-edge clock clk)
Path Group: asynchronous
Path Type: min

Fanout     Cap    Slew   Delay    Time   Description
-----------------------------------------------------------------------------
                          0.00    0.00   clock clk (rise edge)
                          0.00    0.00   clock network delay (propagated)
                          5.00    5.00 ^ input external delay
                  0.02    0.01    5.01 ^ rst_n (in)
     1    0.00                           rst_n (net)
                  0.02    0.00    5.01 ^ input9/A (sky130_fd_sc_hd__clkbuf_2)
                  0.12    0.14    5.15 ^ input9/X (sky130_fd_sc_hd__clkbuf_2)
     5    0.02                           net9 (net)
                  0.12    0.00    5.15 ^ fanout37/A (sky130_fd_sc_hd__clkbuf_4)
                  0.14    0.22    5.37 ^ fanout37/X (sky130_fd_sc_hd__clkbuf_4)
    10    0.05                           net37 (net)
                  0.14    0.00    5.37 ^ _441_/RESET_B (sky130_fd_sc_hd__dfrtp_1)
                                  5.37   data arrival time

                          0.00    0.00   clock clk (rise edge)
                          0.00    0.00   clock source latency
                  0.06    0.04    0.04 ^ clk (in)
     1    0.01                           clk (net)
                  0.06    0.00    0.04 ^ clkbuf_0_clk/A (sky130_fd_sc_hd__clkbuf_16)
                  0.04    0.14    0.18 ^ clkbuf_0_clk/X (sky130_fd_sc_hd__clkbuf_16)
     2    0.02                           clknet_0_clk (net)
                  0.04    0.00    0.18 ^ clkbuf_1_1__f_clk/A (sky130_fd_sc_hd__clkbuf_16)
                  0.04    0.13    0.30 ^ clkbuf_1_1__f_clk/X (sky130_fd_sc_hd__clkbuf_16)
     6    0.02                           clknet_1_1__leaf_clk (net)
                  0.04    0.00    0.30 ^ _441_/CLK (sky130_fd_sc_hd__dfrtp_1)
                          0.25    0.55   clock uncertainty
                          0.00    0.55   clock reconvergence pessimism
                          0.35    0.90   library removal time
                                  0.90   data required time
-----------------------------------------------------------------------------
                                  0.90   data required time
                                 -5.37   data arrival time
-----------------------------------------------------------------------------
                                  4.48   slack (MET)


Startpoint: valid_in (input port clocked by clk)
Endpoint: _439_ (rising edge-triggered flip-flop clocked by clk)
Path Group: clk
Path Type: min

Fanout     Cap    Slew   Delay    Time   Description
-----------------------------------------------------------------------------
                          0.00    0.00   clock clk (rise edge)
                          0.00    0.00   clock network delay (propagated)
                          5.00    5.00 v input external delay
                  0.01    0.00    5.00 v valid_in (in)
     1    0.00                           valid_in (net)
                  0.01    0.00    5.00 v input22/A (sky130_fd_sc_hd__buf_1)
                  0.07    0.10    5.11 v input22/X (sky130_fd_sc_hd__buf_1)
     2    0.01                           net22 (net)
                  0.07    0.00    5.11 v _439_/D (sky130_fd_sc_hd__dfrtp_1)
                                  5.11   data arrival time

                          0.00    0.00   clock clk (rise edge)
                          0.00    0.00   clock source latency
                  0.06    0.04    0.04 ^ clk (in)
     1    0.01                           clk (net)
                  0.06    0.00    0.04 ^ clkbuf_0_clk/A (sky130_fd_sc_hd__clkbuf_16)
                  0.04    0.14    0.18 ^ clkbuf_0_clk/X (sky130_fd_sc_hd__clkbuf_16)
     2    0.02                           clknet_0_clk (net)
                  0.04    0.00    0.18 ^ clkbuf_1_1__f_clk/A (sky130_fd_sc_hd__clkbuf_16)
                  0.04    0.13    0.30 ^ clkbuf_1_1__f_clk/X (sky130_fd_sc_hd__clkbuf_16)
     6    0.02                           clknet_1_1__leaf_clk (net)
                  0.04    0.00    0.30 ^ _439_/CLK (sky130_fd_sc_hd__dfrtp_1)
                          0.25    0.55   clock uncertainty
                          0.00    0.55   clock reconvergence pessimism
                         -0.06    0.50   library hold time
                                  0.50   data required time
-----------------------------------------------------------------------------
                                  0.50   data required time
                                 -5.11   data arrival time
-----------------------------------------------------------------------------
                                  4.61   slack (MET)


Startpoint: _439_ (rising edge-triggered flip-flop clocked by clk)
Endpoint: valid_out (output port clocked by clk)
Path Group: clk
Path Type: min

Fanout     Cap    Slew   Delay    Time   Description
-----------------------------------------------------------------------------
                          0.00    0.00   clock clk (rise edge)
                          0.00    0.00   clock source latency
                  0.06    0.04    0.04 ^ clk (in)
     1    0.01                           clk (net)
                  0.06    0.00    0.04 ^ clkbuf_0_clk/A (sky130_fd_sc_hd__clkbuf_16)
                  0.04    0.12    0.16 ^ clkbuf_0_clk/X (sky130_fd_sc_hd__clkbuf_16)
     2    0.02                           clknet_0_clk (net)
                  0.04    0.00    0.16 ^ clkbuf_1_1__f_clk/A (sky130_fd_sc_hd__clkbuf_16)
                  0.04    0.11    0.27 ^ clkbuf_1_1__f_clk/X (sky130_fd_sc_hd__clkbuf_16)
     6    0.02                           clknet_1_1__leaf_clk (net)
                  0.04    0.00    0.27 ^ _439_/CLK (sky130_fd_sc_hd__dfrtp_1)
                  0.04    0.29    0.57 ^ _439_/Q (sky130_fd_sc_hd__dfrtp_1)
     1    0.00                           net36 (net)
                  0.04    0.00    0.57 ^ output36/A (sky130_fd_sc_hd__buf_2)
                  0.17    0.19    0.75 ^ output36/X (sky130_fd_sc_hd__buf_2)
     1    0.03                           valid_out (net)
                  0.17    0.00    0.75 ^ valid_out (out)
                                  0.75   data arrival time

                          0.00    0.00   clock clk (rise edge)
                          0.00    0.00   clock network delay (propagated)
                          0.25    0.25   clock uncertainty
                          0.00    0.25   clock reconvergence pessimism
                         -5.00   -4.75   output external delay
                                 -4.75   data required time
-----------------------------------------------------------------------------
                                 -4.75   data required time
                                 -0.75   data arrival time
-----------------------------------------------------------------------------
                                  5.50   slack (MET)


Startpoint: _445_ (rising edge-triggered flip-flop clocked by clk)
Endpoint: sideband_out[1] (output port clocked by clk)
Path Group: clk
Path Type: min

Fanout     Cap    Slew   Delay    Time   Description
-----------------------------------------------------------------------------
                          0.00    0.00   clock clk (rise edge)
                          0.00    0.00   clock source latency
                  0.06    0.04    0.04 ^ clk (in)
     1    0.01                           clk (net)
                  0.06    0.00    0.04 ^ clkbuf_0_clk/A (sky130_fd_sc_hd__clkbuf_16)
                  0.04    0.12    0.16 ^ clkbuf_0_clk/X (sky130_fd_sc_hd__clkbuf_16)
     2    0.02                           clknet_0_clk (net)
                  0.04    0.00    0.16 ^ clkbuf_1_1__f_clk/A (sky130_fd_sc_hd__clkbuf_16)
                  0.04    0.11    0.27 ^ clkbuf_1_1__f_clk/X (sky130_fd_sc_hd__clkbuf_16)
     6    0.02                           clknet_1_1__leaf_clk (net)
                  0.04    0.00    0.27 ^ _445_/CLK (sky130_fd_sc_hd__dfrtp_1)
                  0.06    0.31    0.58 ^ _445_/Q (sky130_fd_sc_hd__dfrtp_1)
     2    0.00                           net29 (net)
                  0.06    0.00    0.58 ^ output29/A (sky130_fd_sc_hd__buf_2)
                  0.17    0.19    0.78 ^ output29/X (sky130_fd_sc_hd__buf_2)
     1    0.03                           sideband_out[1] (net)
                  0.17    0.00    0.78 ^ sideband_out[1] (out)
                                  0.78   data arrival time

                          0.00    0.00   clock clk (rise edge)
                          0.00    0.00   clock network delay (propagated)
                          0.25    0.25   clock uncertainty
                          0.00    0.25   clock reconvergence pessimism
                         -5.00   -4.75   output external delay
                                 -4.75   data required time
-----------------------------------------------------------------------------
                                 -4.75   data required time
                                 -0.78   data arrival time
-----------------------------------------------------------------------------
                                  5.53   slack (MET)


Startpoint: _448_ (rising edge-triggered flip-flop clocked by clk)
Endpoint: sideband_out[4] (output port clocked by clk)
Path Group: clk
Path Type: min

Fanout     Cap    Slew   Delay    Time   Description
-----------------------------------------------------------------------------
                          0.00    0.00   clock clk (rise edge)
                          0.00    0.00   clock source latency
                  0.06    0.04    0.04 ^ clk (in)
     1    0.01                           clk (net)
                  0.06    0.00    0.04 ^ clkbuf_0_clk/A (sky130_fd_sc_hd__clkbuf_16)
                  0.04    0.12    0.16 ^ clkbuf_0_clk/X (sky130_fd_sc_hd__clkbuf_16)
     2    0.02                           clknet_0_clk (net)
                  0.04    0.00    0.16 ^ clkbuf_1_1__f_clk/A (sky130_fd_sc_hd__clkbuf_16)
                  0.04    0.11    0.27 ^ clkbuf_1_1__f_clk/X (sky130_fd_sc_hd__clkbuf_16)
     6    0.02                           clknet_1_1__leaf_clk (net)
                  0.04    0.00    0.27 ^ _448_/CLK (sky130_fd_sc_hd__dfrtp_1)
                  0.06    0.31    0.59 ^ _448_/Q (sky130_fd_sc_hd__dfrtp_1)
     2    0.01                           net32 (net)
                  0.06    0.00    0.59 ^ output32/A (sky130_fd_sc_hd__buf_2)
                  0.17    0.19    0.78 ^ output32/X (sky130_fd_sc_hd__buf_2)
     1    0.03                           sideband_out[4] (net)
                  0.17    0.00    0.78 ^ sideband_out[4] (out)
                                  0.78   data arrival time

                          0.00    0.00   clock clk (rise edge)
                          0.00    0.00   clock network delay (propagated)
                          0.25    0.25   clock uncertainty
                          0.00    0.25   clock reconvergence pessimism
                         -5.00   -4.75   output external delay
                                 -4.75   data required time
-----------------------------------------------------------------------------
                                 -4.75   data required time
                                 -0.78   data arrival time
-----------------------------------------------------------------------------
                                  5.53   slack (MET)


Startpoint: _451_ (rising edge-triggered flip-flop clocked by clk)
Endpoint: sideband_out[7] (output port clocked by clk)
Path Group: clk
Path Type: min

Fanout     Cap    Slew   Delay    Time   Description
-----------------------------------------------------------------------------
                          0.00    0.00   clock clk (rise edge)
                          0.00    0.00   clock source latency
                  0.06    0.04    0.04 ^ clk (in)
     1    0.01                           clk (net)
                  0.06    0.00    0.04 ^ clkbuf_0_clk/A (sky130_fd_sc_hd__clkbuf_16)
                  0.04    0.12    0.16 ^ clkbuf_0_clk/X (sky130_fd_sc_hd__clkbuf_16)
     2    0.02                           clknet_0_clk (net)
                  0.04    0.00    0.16 ^ clkbuf_1_0__f_clk/A (sky130_fd_sc_hd__clkbuf_16)
                  0.04    0.12    0.28 ^ clkbuf_1_0__f_clk/X (sky130_fd_sc_hd__clkbuf_16)
     8    0.02                           clknet_1_0__leaf_clk (net)
                  0.04    0.00    0.28 ^ _451_/CLK (sky130_fd_sc_hd__dfrtp_1)
                  0.06    0.31    0.59 ^ _451_/Q (sky130_fd_sc_hd__dfrtp_1)
     2    0.00                           net35 (net)
                  0.06    0.00    0.59 ^ output35/A (sky130_fd_sc_hd__buf_2)
                  0.17    0.19    0.78 ^ output35/X (sky130_fd_sc_hd__buf_2)
     1    0.03                           sideband_out[7] (net)
                  0.17    0.00    0.78 ^ sideband_out[7] (out)
                                  0.78   data arrival time

                          0.00    0.00   clock clk (rise edge)
                          0.00    0.00   clock network delay (propagated)
                          0.25    0.25   clock uncertainty
                          0.00    0.25   clock reconvergence pessimism
                         -5.00   -4.75   output external delay
                                 -4.75   data required time
-----------------------------------------------------------------------------
                                 -4.75   data required time
                                 -0.78   data arrival time
-----------------------------------------------------------------------------
                                  5.53   slack (MET)


Startpoint: _450_ (rising edge-triggered flip-flop clocked by clk)
Endpoint: sideband_out[6] (output port clocked by clk)
Path Group: clk
Path Type: min

Fanout     Cap    Slew   Delay    Time   Description
-----------------------------------------------------------------------------
                          0.00    0.00   clock clk (rise edge)
                          0.00    0.00   clock source latency
                  0.06    0.04    0.04 ^ clk (in)
     1    0.01                           clk (net)
                  0.06    0.00    0.04 ^ clkbuf_0_clk/A (sky130_fd_sc_hd__clkbuf_16)
                  0.04    0.12    0.16 ^ clkbuf_0_clk/X (sky130_fd_sc_hd__clkbuf_16)
     2    0.02                           clknet_0_clk (net)
                  0.04    0.00    0.16 ^ clkbuf_1_0__f_clk/A (sky130_fd_sc_hd__clkbuf_16)
                  0.04    0.12    0.28 ^ clkbuf_1_0__f_clk/X (sky130_fd_sc_hd__clkbuf_16)
     8    0.02                           clknet_1_0__leaf_clk (net)
                  0.04    0.00    0.28 ^ _450_/CLK (sky130_fd_sc_hd__dfrtp_1)
                  0.06    0.31    0.59 ^ _450_/Q (sky130_fd_sc_hd__dfrtp_1)
     2    0.00                           net34 (net)
                  0.06    0.00    0.59 ^ output34/A (sky130_fd_sc_hd__buf_2)
                  0.17    0.19    0.78 ^ output34/X (sky130_fd_sc_hd__buf_2)
     1    0.03                           sideband_out[6] (net)
                  0.17    0.00    0.78 ^ sideband_out[6] (out)
                                  0.78   data arrival time

                          0.00    0.00   clock clk (rise edge)
                          0.00    0.00   clock network delay (propagated)
                          0.25    0.25   clock uncertainty
                          0.00    0.25   clock reconvergence pessimism
                         -5.00   -4.75   output external delay
                                 -4.75   data required time
-----------------------------------------------------------------------------
                                 -4.75   data required time
                                 -0.78   data arrival time
-----------------------------------------------------------------------------
                                  5.53   slack (MET)


Startpoint: _444_ (rising edge-triggered flip-flop clocked by clk)
Endpoint: sideband_out[0] (output port clocked by clk)
Path Group: clk
Path Type: min

Fanout     Cap    Slew   Delay    Time   Description
-----------------------------------------------------------------------------
                          0.00    0.00   clock clk (rise edge)
                          0.00    0.00   clock source latency
                  0.06    0.04    0.04 ^ clk (in)
     1    0.01                           clk (net)
                  0.06    0.00    0.04 ^ clkbuf_0_clk/A (sky130_fd_sc_hd__clkbuf_16)
                  0.04    0.12    0.16 ^ clkbuf_0_clk/X (sky130_fd_sc_hd__clkbuf_16)
     2    0.02                           clknet_0_clk (net)
                  0.04    0.00    0.16 ^ clkbuf_1_0__f_clk/A (sky130_fd_sc_hd__clkbuf_16)
                  0.04    0.12    0.28 ^ clkbuf_1_0__f_clk/X (sky130_fd_sc_hd__clkbuf_16)
     8    0.02                           clknet_1_0__leaf_clk (net)
                  0.04    0.00    0.28 ^ _444_/CLK (sky130_fd_sc_hd__dfrtp_1)
                  0.06    0.31    0.59 ^ _444_/Q (sky130_fd_sc_hd__dfrtp_1)
     2    0.00                           net28 (net)
                  0.06    0.00    0.59 ^ output28/A (sky130_fd_sc_hd__buf_2)
                  0.17    0.19    0.78 ^ output28/X (sky130_fd_sc_hd__buf_2)
     1    0.03                           sideband_out[0] (net)
                  0.17    0.00    0.78 ^ sideband_out[0] (out)
                                  0.78   data arrival time

                          0.00    0.00   clock clk (rise edge)
                          0.00    0.00   clock network delay (propagated)
                          0.25    0.25   clock uncertainty
                          0.00    0.25   clock reconvergence pessimism
                         -5.00   -4.75   output external delay
                                 -4.75   data required time
-----------------------------------------------------------------------------
                                 -4.75   data required time
                                 -0.78   data arrival time
-----------------------------------------------------------------------------
                                  5.53   slack (MET)


Startpoint: _440_ (rising edge-triggered flip-flop clocked by clk)
Endpoint: int4_out[0] (output port clocked by clk)
Path Group: clk
Path Type: min

Fanout     Cap    Slew   Delay    Time   Description
-----------------------------------------------------------------------------
                          0.00    0.00   clock clk (rise edge)
                          0.00    0.00   clock source latency
                  0.06    0.04    0.04 ^ clk (in)
     1    0.01                           clk (net)
                  0.06    0.00    0.04 ^ clkbuf_0_clk/A (sky130_fd_sc_hd__clkbuf_16)
                  0.04    0.12    0.16 ^ clkbuf_0_clk/X (sky130_fd_sc_hd__clkbuf_16)
     2    0.02                           clknet_0_clk (net)
                  0.04    0.00    0.16 ^ clkbuf_1_0__f_clk/A (sky130_fd_sc_hd__clkbuf_16)
                  0.04    0.12    0.28 ^ clkbuf_1_0__f_clk/X (sky130_fd_sc_hd__clkbuf_16)
     8    0.02                           clknet_1_0__leaf_clk (net)
                  0.04    0.00    0.28 ^ _440_/CLK (sky130_fd_sc_hd__dfrtp_1)
                  0.06    0.31    0.59 ^ _440_/Q (sky130_fd_sc_hd__dfrtp_1)
     2    0.01                           net23 (net)
                  0.06    0.00    0.59 ^ output23/A (sky130_fd_sc_hd__buf_2)
                  0.17    0.19    0.79 ^ output23/X (sky130_fd_sc_hd__buf_2)
     1    0.03                           int4_out[0] (net)
                  0.17    0.00    0.79 ^ int4_out[0] (out)
                                  0.79   data arrival time

                          0.00    0.00   clock clk (rise edge)
                          0.00    0.00   clock network delay (propagated)
                          0.25    0.25   clock uncertainty
                          0.00    0.25   clock reconvergence pessimism
                         -5.00   -4.75   output external delay
                                 -4.75   data required time
-----------------------------------------------------------------------------
                                 -4.75   data required time
                                 -0.79   data arrival time
-----------------------------------------------------------------------------
                                  5.54   slack (MET)


Startpoint: _438_ (rising edge-triggered flip-flop clocked by clk)
Endpoint: is_outlier (output port clocked by clk)
Path Group: clk
Path Type: min

Fanout     Cap    Slew   Delay    Time   Description
-----------------------------------------------------------------------------
                          0.00    0.00   clock clk (rise edge)
                          0.00    0.00   clock source latency
                  0.06    0.04    0.04 ^ clk (in)
     1    0.01                           clk (net)
                  0.06    0.00    0.04 ^ clkbuf_0_clk/A (sky130_fd_sc_hd__clkbuf_16)
                  0.04    0.12    0.16 ^ clkbuf_0_clk/X (sky130_fd_sc_hd__clkbuf_16)
     2    0.02                           clknet_0_clk (net)
                  0.04    0.00    0.16 ^ clkbuf_1_0__f_clk/A (sky130_fd_sc_hd__clkbuf_16)
                  0.04    0.12    0.28 ^ clkbuf_1_0__f_clk/X (sky130_fd_sc_hd__clkbuf_16)
     8    0.02                           clknet_1_0__leaf_clk (net)
                  0.04    0.00    0.28 ^ _438_/CLK (sky130_fd_sc_hd__dfrtp_1)
                  0.06    0.31    0.59 ^ _438_/Q (sky130_fd_sc_hd__dfrtp_1)
     2    0.01                           net27 (net)
                  0.06    0.00    0.59 ^ output27/A (sky130_fd_sc_hd__buf_2)
                  0.17    0.19    0.79 ^ output27/X (sky130_fd_sc_hd__buf_2)
     1    0.03                           is_outlier (net)
                  0.17    0.00    0.79 ^ is_outlier (out)
                                  0.79   data arrival time

                          0.00    0.00   clock clk (rise edge)
                          0.00    0.00   clock network delay (propagated)
                          0.25    0.25   clock uncertainty
                          0.00    0.25   clock reconvergence pessimism
                         -5.00   -4.75   output external delay
                                 -4.75   data required time
-----------------------------------------------------------------------------
                                 -4.75   data required time
                                 -0.79   data arrival time
-----------------------------------------------------------------------------
                                  5.54   slack (MET)


Startpoint: _446_ (rising edge-triggered flip-flop clocked by clk)
Endpoint: sideband_out[2] (output port clocked by clk)
Path Group: clk
Path Type: min

Fanout     Cap    Slew   Delay    Time   Description
-----------------------------------------------------------------------------
                          0.00    0.00   clock clk (rise edge)
                          0.00    0.00   clock source latency
                  0.06    0.04    0.04 ^ clk (in)
     1    0.01                           clk (net)
                  0.06    0.00    0.04 ^ clkbuf_0_clk/A (sky130_fd_sc_hd__clkbuf_16)
                  0.04    0.12    0.16 ^ clkbuf_0_clk/X (sky130_fd_sc_hd__clkbuf_16)
     2    0.02                           clknet_0_clk (net)
                  0.04    0.00    0.16 ^ clkbuf_1_1__f_clk/A (sky130_fd_sc_hd__clkbuf_16)
                  0.04    0.11    0.27 ^ clkbuf_1_1__f_clk/X (sky130_fd_sc_hd__clkbuf_16)
     6    0.02                           clknet_1_1__leaf_clk (net)
                  0.04    0.00    0.27 ^ _446_/CLK (sky130_fd_sc_hd__dfrtp_1)
                  0.07    0.32    0.59 ^ _446_/Q (sky130_fd_sc_hd__dfrtp_1)
     2    0.01                           net30 (net)
                  0.07    0.00    0.59 ^ output30/A (sky130_fd_sc_hd__buf_2)
                  0.17    0.20    0.79 ^ output30/X (sky130_fd_sc_hd__buf_2)
     1    0.03                           sideband_out[2] (net)
                  0.17    0.00    0.79 ^ sideband_out[2] (out)
                                  0.79   data arrival time

                          0.00    0.00   clock clk (rise edge)
                          0.00    0.00   clock network delay (propagated)
                          0.25    0.25   clock uncertainty
                          0.00    0.25   clock reconvergence pessimism
                         -5.00   -4.75   output external delay
                                 -4.75   data required time
-----------------------------------------------------------------------------
                                 -4.75   data required time
                                 -0.79   data arrival time
-----------------------------------------------------------------------------
                                  5.54   slack (MET)


Startpoint: _449_ (rising edge-triggered flip-flop clocked by clk)
Endpoint: sideband_out[5] (output port clocked by clk)
Path Group: clk
Path Type: min

Fanout     Cap    Slew   Delay    Time   Description
-----------------------------------------------------------------------------
                          0.00    0.00   clock clk (rise edge)
                          0.00    0.00   clock source latency
                  0.06    0.04    0.04 ^ clk (in)
     1    0.01                           clk (net)
                  0.06    0.00    0.04 ^ clkbuf_0_clk/A (sky130_fd_sc_hd__clkbuf_16)
                  0.04    0.12    0.16 ^ clkbuf_0_clk/X (sky130_fd_sc_hd__clkbuf_16)
     2    0.02                           clknet_0_clk (net)
                  0.04    0.00    0.16 ^ clkbuf_1_0__f_clk/A (sky130_fd_sc_hd__clkbuf_16)
                  0.04    0.12    0.28 ^ clkbuf_1_0__f_clk/X (sky130_fd_sc_hd__clkbuf_16)
     8    0.02                           clknet_1_0__leaf_clk (net)
                  0.04    0.00    0.28 ^ _449_/CLK (sky130_fd_sc_hd__dfrtp_1)
                  0.07    0.32    0.60 ^ _449_/Q (sky130_fd_sc_hd__dfrtp_1)
     2    0.01                           net33 (net)
                  0.07    0.00    0.60 ^ output33/A (sky130_fd_sc_hd__buf_2)
                  0.17    0.20    0.79 ^ output33/X (sky130_fd_sc_hd__buf_2)
     1    0.03                           sideband_out[5] (net)
                  0.17    0.00    0.79 ^ sideband_out[5] (out)
                                  0.79   data arrival time

                          0.00    0.00   clock clk (rise edge)
                          0.00    0.00   clock network delay (propagated)
                          0.25    0.25   clock uncertainty
                          0.00    0.25   clock reconvergence pessimism
                         -5.00   -4.75   output external delay
                                 -4.75   data required time
-----------------------------------------------------------------------------
                                 -4.75   data required time
                                 -0.79   data arrival time
-----------------------------------------------------------------------------
                                  5.54   slack (MET)


Startpoint: _447_ (rising edge-triggered flip-flop clocked by clk)
Endpoint: sideband_out[3] (output port clocked by clk)
Path Group: clk
Path Type: min

Fanout     Cap    Slew   Delay    Time   Description
-----------------------------------------------------------------------------
                          0.00    0.00   clock clk (rise edge)
                          0.00    0.00   clock source latency
                  0.06    0.04    0.04 ^ clk (in)
     1    0.01                           clk (net)
                  0.06    0.00    0.04 ^ clkbuf_0_clk/A (sky130_fd_sc_hd__clkbuf_16)
                  0.04    0.12    0.16 ^ clkbuf_0_clk/X (sky130_fd_sc_hd__clkbuf_16)
     2    0.02                           clknet_0_clk (net)
                  0.04    0.00    0.16 ^ clkbuf_1_1__f_clk/A (sky130_fd_sc_hd__clkbuf_16)
                  0.04    0.11    0.27 ^ clkbuf_1_1__f_clk/X (sky130_fd_sc_hd__clkbuf_16)
     6    0.02                           clknet_1_1__leaf_clk (net)
                  0.04    0.00    0.27 ^ _447_/CLK (sky130_fd_sc_hd__dfrtp_1)
                  0.08    0.32    0.60 ^ _447_/Q (sky130_fd_sc_hd__dfrtp_1)
     2    0.01                           net31 (net)
                  0.08    0.00    0.60 ^ output31/A (sky130_fd_sc_hd__buf_2)
                  0.17    0.20    0.80 ^ output31/X (sky130_fd_sc_hd__buf_2)
     1    0.03                           sideband_out[3] (net)
                  0.17    0.00    0.80 ^ sideband_out[3] (out)
                                  0.80   data arrival time

                          0.00    0.00   clock clk (rise edge)
                          0.00    0.00   clock network delay (propagated)
                          0.25    0.25   clock uncertainty
                          0.00    0.25   clock reconvergence pessimism
                         -5.00   -4.75   output external delay
                                 -4.75   data required time
-----------------------------------------------------------------------------
                                 -4.75   data required time
                                 -0.80   data arrival time
-----------------------------------------------------------------------------
                                  5.55   slack (MET)


Startpoint: _441_ (rising edge-triggered flip-flop clocked by clk)
Endpoint: int4_out[1] (output port clocked by clk)
Path Group: clk
Path Type: min

Fanout     Cap    Slew   Delay    Time   Description
-----------------------------------------------------------------------------
                          0.00    0.00   clock clk (rise edge)
                          0.00    0.00   clock source latency
                  0.06    0.04    0.04 ^ clk (in)
     1    0.01                           clk (net)
                  0.06    0.00    0.04 ^ clkbuf_0_clk/A (sky130_fd_sc_hd__clkbuf_16)
                  0.04    0.12    0.16 ^ clkbuf_0_clk/X (sky130_fd_sc_hd__clkbuf_16)
     2    0.02                           clknet_0_clk (net)
                  0.04    0.00    0.16 ^ clkbuf_1_1__f_clk/A (sky130_fd_sc_hd__clkbuf_16)
                  0.04    0.11    0.27 ^ clkbuf_1_1__f_clk/X (sky130_fd_sc_hd__clkbuf_16)
     6    0.02                           clknet_1_1__leaf_clk (net)
                  0.04    0.00    0.27 ^ _441_/CLK (sky130_fd_sc_hd__dfrtp_1)
                  0.08    0.33    0.60 ^ _441_/Q (sky130_fd_sc_hd__dfrtp_1)
     2    0.01                           net24 (net)
                  0.08    0.00    0.60 ^ output24/A (sky130_fd_sc_hd__buf_2)
                  0.17    0.20    0.80 ^ output24/X (sky130_fd_sc_hd__buf_2)
     1    0.03                           int4_out[1] (net)
                  0.17    0.00    0.80 ^ int4_out[1] (out)
                                  0.80   data arrival time

                          0.00    0.00   clock clk (rise edge)
                          0.00    0.00   clock network delay (propagated)
                          0.25    0.25   clock uncertainty
                          0.00    0.25   clock reconvergence pessimism
                         -5.00   -4.75   output external delay
                                 -4.75   data required time
-----------------------------------------------------------------------------
                                 -4.75   data required time
                                 -0.80   data arrival time
-----------------------------------------------------------------------------
                                  5.55   slack (MET)


Startpoint: _442_ (rising edge-triggered flip-flop clocked by clk)
Endpoint: int4_out[2] (output port clocked by clk)
Path Group: clk
Path Type: min

Fanout     Cap    Slew   Delay    Time   Description
-----------------------------------------------------------------------------
                          0.00    0.00   clock clk (rise edge)
                          0.00    0.00   clock source latency
                  0.06    0.04    0.04 ^ clk (in)
     1    0.01                           clk (net)
                  0.06    0.00    0.04 ^ clkbuf_0_clk/A (sky130_fd_sc_hd__clkbuf_16)
                  0.04    0.12    0.16 ^ clkbuf_0_clk/X (sky130_fd_sc_hd__clkbuf_16)
     2    0.02                           clknet_0_clk (net)
                  0.04    0.00    0.16 ^ clkbuf_1_0__f_clk/A (sky130_fd_sc_hd__clkbuf_16)
                  0.04    0.12    0.28 ^ clkbuf_1_0__f_clk/X (sky130_fd_sc_hd__clkbuf_16)
     8    0.02                           clknet_1_0__leaf_clk (net)
                  0.04    0.00    0.28 ^ _442_/CLK (sky130_fd_sc_hd__dfrtp_1)
                  0.08    0.33    0.60 ^ _442_/Q (sky130_fd_sc_hd__dfrtp_1)
     2    0.01                           net25 (net)
                  0.08    0.00    0.60 ^ output25/A (sky130_fd_sc_hd__buf_2)
                  0.17    0.20    0.80 ^ output25/X (sky130_fd_sc_hd__buf_2)
     1    0.03                           int4_out[2] (net)
                  0.17    0.00    0.81 ^ int4_out[2] (out)
                                  0.81   data arrival time

                          0.00    0.00   clock clk (rise edge)
                          0.00    0.00   clock network delay (propagated)
                          0.25    0.25   clock uncertainty
                          0.00    0.25   clock reconvergence pessimism
                         -5.00   -4.75   output external delay
                                 -4.75   data required time
-----------------------------------------------------------------------------
                                 -4.75   data required time
                                 -0.81   data arrival time
-----------------------------------------------------------------------------
                                  5.56   slack (MET)


Startpoint: _443_ (rising edge-triggered flip-flop clocked by clk)
Endpoint: int4_out[3] (output port clocked by clk)
Path Group: clk
Path Type: min

Fanout     Cap    Slew   Delay    Time   Description
-----------------------------------------------------------------------------
                          0.00    0.00   clock clk (rise edge)
                          0.00    0.00   clock source latency
                  0.06    0.04    0.04 ^ clk (in)
     1    0.01                           clk (net)
                  0.06    0.00    0.04 ^ clkbuf_0_clk/A (sky130_fd_sc_hd__clkbuf_16)
                  0.04    0.12    0.16 ^ clkbuf_0_clk/X (sky130_fd_sc_hd__clkbuf_16)
     2    0.02                           clknet_0_clk (net)
                  0.04    0.00    0.16 ^ clkbuf_1_0__f_clk/A (sky130_fd_sc_hd__clkbuf_16)
                  0.04    0.12    0.28 ^ clkbuf_1_0__f_clk/X (sky130_fd_sc_hd__clkbuf_16)
     8    0.02                           clknet_1_0__leaf_clk (net)
                  0.04    0.00    0.28 ^ _443_/CLK (sky130_fd_sc_hd__dfrtp_1)
                  0.08    0.33    0.61 ^ _443_/Q (sky130_fd_sc_hd__dfrtp_1)
     2    0.01                           net26 (net)
                  0.08    0.00    0.61 ^ output26/A (sky130_fd_sc_hd__buf_2)
                  0.17    0.20    0.81 ^ output26/X (sky130_fd_sc_hd__buf_2)
     1    0.03                           int4_out[3] (net)
                  0.17    0.00    0.81 ^ int4_out[3] (out)
                                  0.81   data arrival time

                          0.00    0.00   clock clk (rise edge)
                          0.00    0.00   clock network delay (propagated)
                          0.25    0.25   clock uncertainty
                          0.00    0.25   clock reconvergence pessimism
                         -5.00   -4.75   output external delay
                                 -4.75   data required time
-----------------------------------------------------------------------------
                                 -4.75   data required time
                                 -0.81   data arrival time
-----------------------------------------------------------------------------
                                  5.56   slack (MET)



