
===========================================================================
report_checks -path_delay max (Setup)
============================================================================
======================= Typical Corner ===================================

Startpoint: scale[2] (input port clocked by clk)
Endpoint: _442_ (rising edge-triggered flip-flop clocked by clk)
Path Group: clk
Path Type: max

Fanout     Cap    Slew   Delay    Time   Description
-----------------------------------------------------------------------------
                          0.00    0.00   clock clk (rise edge)
                          0.00    0.00   clock network delay (propagated)
                          5.00    5.00 ^ input external delay
                  0.02    0.01    5.01 ^ scale[2] (in)
     1    0.00                           scale[2] (net)
                  0.02    0.00    5.01 ^ input12/A (sky130_fd_sc_hd__buf_2)
                  0.20    0.22    5.23 ^ input12/X (sky130_fd_sc_hd__buf_2)
     7    0.04                           net12 (net)
                  0.20    0.00    5.23 ^ _258_/A (sky130_fd_sc_hd__buf_2)
                  0.19    0.27    5.50 ^ _258_/X (sky130_fd_sc_hd__buf_2)
    10    0.04                           _206_ (net)
                  0.19    0.00    5.50 ^ _304_/B (sky130_fd_sc_hd__nand4_1)
                  0.15    0.18    5.69 v _304_/Y (sky130_fd_sc_hd__nand4_1)
     3    0.01                           _046_ (net)
                  0.15    0.00    5.69 v _316_/A1 (sky130_fd_sc_hd__a21o_1)
                  0.05    0.22    5.90 v _316_/X (sky130_fd_sc_hd__a21o_1)
     2    0.01                           _058_ (net)
                  0.05    0.00    5.90 v _321_/A2 (sky130_fd_sc_hd__a21o_1)
                  0.06    0.21    6.12 v _321_/X (sky130_fd_sc_hd__a21o_1)
     3    0.01                           _063_ (net)
                  0.06    0.00    6.12 v _323_/A2 (sky130_fd_sc_hd__a21bo_1)
                  0.04    0.21    6.33 v _323_/X (sky130_fd_sc_hd__a21bo_1)
     2    0.00                           _065_ (net)
                  0.04    0.00    6.33 v _325_/B (sky130_fd_sc_hd__and3_2)
                  0.07    0.24    6.57 v _325_/X (sky130_fd_sc_hd__and3_2)
     4    0.02                           _067_ (net)
                  0.07    0.00    6.57 v _340_/A (sky130_fd_sc_hd__nor3b_1)
                  0.30    0.32    6.90 ^ _340_/Y (sky130_fd_sc_hd__nor3b_1)
     3    0.01                           _082_ (net)
                  0.30    0.00    6.90 ^ _342_/A (sky130_fd_sc_hd__nor2_1)
                  0.10    0.14    7.04 v _342_/Y (sky130_fd_sc_hd__nor2_1)
     3    0.01                           _084_ (net)
                  0.10    0.00    7.04 v _376_/A1 (sky130_fd_sc_hd__a31o_1)
                  0.04    0.20    7.24 v _376_/X (sky130_fd_sc_hd__a31o_1)
     1    0.00                           _118_ (net)
                  0.04    0.00    7.24 v _377_/B1 (sky130_fd_sc_hd__a21o_1)
                  0.05    0.18    7.41 v _377_/X (sky130_fd_sc_hd__a21o_1)
     2    0.01                           _119_ (net)
                  0.05    0.00    7.41 v _379_/A2 (sky130_fd_sc_hd__a21oi_1)
                  0.22    0.24    7.65 ^ _379_/Y (sky130_fd_sc_hd__a21oi_1)
     2    0.01                           _121_ (net)
                  0.22    0.00    7.65 ^ _380_/S (sky130_fd_sc_hd__mux2_1)
                  0.07    0.39    8.04 v _380_/X (sky130_fd_sc_hd__mux2_1)
     2    0.01                           _122_ (net)
                  0.07    0.00    8.04 v _409_/A1 (sky130_fd_sc_hd__o31a_1)
                  0.08    0.35    8.39 v _409_/X (sky130_fd_sc_hd__o31a_1)
     3    0.01                           _151_ (net)
                  0.08    0.00    8.39 v _418_/B1 (sky130_fd_sc_hd__a31o_1)
                  0.04    0.21    8.60 v _418_/X (sky130_fd_sc_hd__a31o_1)
     1    0.00                           _158_ (net)
                  0.04    0.00    8.60 v _419_/B2 (sky130_fd_sc_hd__a22o_1)
                  0.04    0.20    8.80 v _419_/X (sky130_fd_sc_hd__a22o_1)
     1    0.00                           _003_ (net)
                  0.04    0.00    8.80 v _442_/D (sky130_fd_sc_hd__dfrtp_1)
                                  8.80   data arrival time

                         25.00   25.00   clock clk (rise edge)
                          0.00   25.00   clock source latency
                  0.10    0.06   25.06 ^ clk (in)
     1    0.02                           clk (net)
                  0.10    0.00   25.06 ^ clkbuf_0_clk/A (sky130_fd_sc_hd__clkbuf_16)
                  0.04    0.14   25.20 ^ clkbuf_0_clk/X (sky130_fd_sc_hd__clkbuf_16)
     2    0.02                           clknet_0_clk (net)
                  0.04    0.00   25.20 ^ clkbuf_1_0__f_clk/A (sky130_fd_sc_hd__clkbuf_16)
                  0.04    0.12   25.32 ^ clkbuf_1_0__f_clk/X (sky130_fd_sc_hd__clkbuf_16)
     8    0.02                           clknet_1_0__leaf_clk (net)
                  0.04    0.00   25.32 ^ _442_/CLK (sky130_fd_sc_hd__dfrtp_1)
                         -0.25   25.07   clock uncertainty
                          0.00   25.07   clock reconvergence pessimism
                         -0.11   24.96   library setup time
                                 24.96   data required time
-----------------------------------------------------------------------------
                                 24.96   data required time
                                 -8.80   data arrival time
-----------------------------------------------------------------------------
                                 16.16   slack (MET)


Startpoint: scale[2] (input port clocked by clk)
Endpoint: _440_ (rising edge-triggered flip-flop clocked by clk)
Path Group: clk
Path Type: max

Fanout     Cap    Slew   Delay    Time   Description
-----------------------------------------------------------------------------
                          0.00    0.00   clock clk (rise edge)
                          0.00    0.00   clock network delay (propagated)
                          5.00    5.00 ^ input external delay
                  0.02    0.01    5.01 ^ scale[2] (in)
     1    0.00                           scale[2] (net)
                  0.02    0.00    5.01 ^ input12/A (sky130_fd_sc_hd__buf_2)
                  0.20    0.22    5.23 ^ input12/X (sky130_fd_sc_hd__buf_2)
     7    0.04                           net12 (net)
                  0.20    0.00    5.23 ^ _258_/A (sky130_fd_sc_hd__buf_2)
                  0.19    0.27    5.50 ^ _258_/X (sky130_fd_sc_hd__buf_2)
    10    0.04                           _206_ (net)
                  0.19    0.00    5.50 ^ _304_/B (sky130_fd_sc_hd__nand4_1)
                  0.15    0.18    5.69 v _304_/Y (sky130_fd_sc_hd__nand4_1)
     3    0.01                           _046_ (net)
                  0.15    0.00    5.69 v _316_/A1 (sky130_fd_sc_hd__a21o_1)
                  0.05    0.22    5.90 v _316_/X (sky130_fd_sc_hd__a21o_1)
     2    0.01                           _058_ (net)
                  0.05    0.00    5.90 v _321_/A2 (sky130_fd_sc_hd__a21o_1)
                  0.06    0.21    6.12 v _321_/X (sky130_fd_sc_hd__a21o_1)
     3    0.01                           _063_ (net)
                  0.06    0.00    6.12 v _323_/A2 (sky130_fd_sc_hd__a21bo_1)
                  0.04    0.21    6.33 v _323_/X (sky130_fd_sc_hd__a21bo_1)
     2    0.00                           _065_ (net)
                  0.04    0.00    6.33 v _325_/B (sky130_fd_sc_hd__and3_2)
                  0.07    0.24    6.57 v _325_/X (sky130_fd_sc_hd__and3_2)
     4    0.02                           _067_ (net)
                  0.07    0.00    6.57 v _340_/A (sky130_fd_sc_hd__nor3b_1)
                  0.30    0.32    6.90 ^ _340_/Y (sky130_fd_sc_hd__nor3b_1)
     3    0.01                           _082_ (net)
                  0.30    0.00    6.90 ^ _342_/A (sky130_fd_sc_hd__nor2_1)
                  0.10    0.14    7.04 v _342_/Y (sky130_fd_sc_hd__nor2_1)
     3    0.01                           _084_ (net)
                  0.10    0.00    7.04 v _376_/A1 (sky130_fd_sc_hd__a31o_1)
                  0.04    0.20    7.24 v _376_/X (sky130_fd_sc_hd__a31o_1)
     1    0.00                           _118_ (net)
                  0.04    0.00    7.24 v _377_/B1 (sky130_fd_sc_hd__a21o_1)
                  0.05    0.18    7.41 v _377_/X (sky130_fd_sc_hd__a21o_1)
     2    0.01                           _119_ (net)
                  0.05    0.00    7.41 v _379_/A2 (sky130_fd_sc_hd__a21oi_1)
                  0.22    0.24    7.65 ^ _379_/Y (sky130_fd_sc_hd__a21oi_1)
     2    0.01                           _121_ (net)
                  0.22    0.00    7.65 ^ _380_/S (sky130_fd_sc_hd__mux2_1)
                  0.07    0.39    8.04 v _380_/X (sky130_fd_sc_hd__mux2_1)
     2    0.01                           _122_ (net)
                  0.07    0.00    8.04 v _409_/A1 (sky130_fd_sc_hd__o31a_1)
                  0.08    0.35    8.39 v _409_/X (sky130_fd_sc_hd__o31a_1)
     3    0.01                           _151_ (net)
                  0.08    0.00    8.39 v _410_/B1 (sky130_fd_sc_hd__a31o_1)
                  0.04    0.20    8.60 v _410_/X (sky130_fd_sc_hd__a31o_1)
     1    0.00                           _152_ (net)
                  0.04    0.00    8.60 v _411_/B2 (sky130_fd_sc_hd__a22o_1)
                  0.04    0.20    8.80 v _411_/X (sky130_fd_sc_hd__a22o_1)
     1    0.00                           _001_ (net)
                  0.04    0.00    8.80 v _440_/D (sky130_fd_sc_hd__dfrtp_1)
                                  8.80   data arrival time

                         25.00   25.00   clock clk (rise edge)
                          0.00   25.00   clock source latency
                  0.10    0.06   25.06 ^ clk (in)
     1    0.02                           clk (net)
                  0.10    0.00   25.06 ^ clkbuf_0_clk/A (sky130_fd_sc_hd__clkbuf_16)
                  0.04    0.14   25.20 ^ clkbuf_0_clk/X (sky130_fd_sc_hd__clkbuf_16)
     2    0.02                           clknet_0_clk (net)
                  0.04    0.00   25.20 ^ clkbuf_1_0__f_clk/A (sky130_fd_sc_hd__clkbuf_16)
                  0.04    0.12   25.32 ^ clkbuf_1_0__f_clk/X (sky130_fd_sc_hd__clkbuf_16)
     8    0.02                           clknet_1_0__leaf_clk (net)
                  0.04    0.00   25.32 ^ _440_/CLK (sky130_fd_sc_hd__dfrtp_1)
                         -0.25   25.07   clock uncertainty
                          0.00   25.07   clock reconvergence pessimism
                         -0.11   24.96   library setup time
                                 24.96   data required time
-----------------------------------------------------------------------------
                                 24.96   data required time
                                 -8.80   data arrival time
-----------------------------------------------------------------------------
                                 16.16   slack (MET)


Startpoint: scale[2] (input port clocked by clk)
Endpoint: _441_ (rising edge-triggered flip-flop clocked by clk)
Path Group: clk
Path Type: max

Fanout     Cap    Slew   Delay    Time   Description
-----------------------------------------------------------------------------
                          0.00    0.00   clock clk (rise edge)
                          0.00    0.00   clock network delay (propagated)
                          5.00    5.00 ^ input external delay
                  0.02    0.01    5.01 ^ scale[2] (in)
     1    0.00                           scale[2] (net)
                  0.02    0.00    5.01 ^ input12/A (sky130_fd_sc_hd__buf_2)
                  0.20    0.22    5.23 ^ input12/X (sky130_fd_sc_hd__buf_2)
     7    0.04                           net12 (net)
                  0.20    0.00    5.23 ^ _258_/A (sky130_fd_sc_hd__buf_2)
                  0.19    0.27    5.50 ^ _258_/X (sky130_fd_sc_hd__buf_2)
    10    0.04                           _206_ (net)
                  0.19    0.00    5.50 ^ _304_/B (sky130_fd_sc_hd__nand4_1)
                  0.15    0.18    5.69 v _304_/Y (sky130_fd_sc_hd__nand4_1)
     3    0.01                           _046_ (net)
                  0.15    0.00    5.69 v _316_/A1 (sky130_fd_sc_hd__a21o_1)
                  0.05    0.22    5.90 v _316_/X (sky130_fd_sc_hd__a21o_1)
     2    0.01                           _058_ (net)
                  0.05    0.00    5.90 v _321_/A2 (sky130_fd_sc_hd__a21o_1)
                  0.06    0.21    6.12 v _321_/X (sky130_fd_sc_hd__a21o_1)
     3    0.01                           _063_ (net)
                  0.06    0.00    6.12 v _323_/A2 (sky130_fd_sc_hd__a21bo_1)
                  0.04    0.21    6.33 v _323_/X (sky130_fd_sc_hd__a21bo_1)
     2    0.00                           _065_ (net)
                  0.04    0.00    6.33 v _325_/B (sky130_fd_sc_hd__and3_2)
                  0.07    0.24    6.57 v _325_/X (sky130_fd_sc_hd__and3_2)
     4    0.02                           _067_ (net)
                  0.07    0.00    6.57 v _340_/A (sky130_fd_sc_hd__nor3b_1)
                  0.30    0.32    6.90 ^ _340_/Y (sky130_fd_sc_hd__nor3b_1)
     3    0.01                           _082_ (net)
                  0.30    0.00    6.90 ^ _342_/A (sky130_fd_sc_hd__nor2_1)
                  0.10    0.14    7.04 v _342_/Y (sky130_fd_sc_hd__nor2_1)
     3    0.01                           _084_ (net)
                  0.10    0.00    7.04 v _376_/A1 (sky130_fd_sc_hd__a31o_1)
                  0.04    0.20    7.24 v _376_/X (sky130_fd_sc_hd__a31o_1)
     1    0.00                           _118_ (net)
                  0.04    0.00    7.24 v _377_/B1 (sky130_fd_sc_hd__a21o_1)
                  0.05    0.18    7.41 v _377_/X (sky130_fd_sc_hd__a21o_1)
     2    0.01                           _119_ (net)
                  0.05    0.00    7.41 v _379_/A2 (sky130_fd_sc_hd__a21oi_1)
                  0.22    0.24    7.65 ^ _379_/Y (sky130_fd_sc_hd__a21oi_1)
     2    0.01                           _121_ (net)
                  0.22    0.00    7.65 ^ _380_/S (sky130_fd_sc_hd__mux2_1)
                  0.07    0.39    8.04 v _380_/X (sky130_fd_sc_hd__mux2_1)
     2    0.01                           _122_ (net)
                  0.07    0.00    8.04 v _409_/A1 (sky130_fd_sc_hd__o31a_1)
                  0.08    0.35    8.39 v _409_/X (sky130_fd_sc_hd__o31a_1)
     3    0.01                           _151_ (net)
                  0.08    0.00    8.39 v _414_/B1 (sky130_fd_sc_hd__a31o_1)
                  0.03    0.20    8.59 v _414_/X (sky130_fd_sc_hd__a31o_1)
     1    0.00                           _155_ (net)
                  0.03    0.00    8.59 v _415_/B2 (sky130_fd_sc_hd__a22o_1)
                  0.04    0.20    8.78 v _415_/X (sky130_fd_sc_hd__a22o_1)
     1    0.00                           _002_ (net)
                  0.04    0.00    8.78 v _441_/D (sky130_fd_sc_hd__dfrtp_2)
                                  8.78   data arrival time

                         25.00   25.00   clock clk (rise edge)
                          0.00   25.00   clock source latency
                  0.10    0.06   25.06 ^ clk (in)
     1    0.02                           clk (net)
                  0.10    0.00   25.06 ^ clkbuf_0_clk/A (sky130_fd_sc_hd__clkbuf_16)
                  0.04    0.14   25.20 ^ clkbuf_0_clk/X (sky130_fd_sc_hd__clkbuf_16)
     2    0.02                           clknet_0_clk (net)
                  0.04    0.00   25.20 ^ clkbuf_1_0__f_clk/A (sky130_fd_sc_hd__clkbuf_16)
                  0.04    0.12   25.32 ^ clkbuf_1_0__f_clk/X (sky130_fd_sc_hd__clkbuf_16)
     8    0.02                           clknet_1_0__leaf_clk (net)
                  0.04    0.00   25.32 ^ _441_/CLK (sky130_fd_sc_hd__dfrtp_2)
                         -0.25   25.07   clock uncertainty
                          0.00   25.07   clock reconvergence pessimism
                         -0.11   24.96   library setup time
                                 24.96   data required time
-----------------------------------------------------------------------------
                                 24.96   data required time
                                 -8.78   data arrival time
-----------------------------------------------------------------------------
                                 16.18   slack (MET)


Startpoint: data_in[0] (input port clocked by clk)
Endpoint: _438_ (rising edge-triggered flip-flop clocked by clk)
Path Group: clk
Path Type: max

Fanout     Cap    Slew   Delay    Time   Description
-----------------------------------------------------------------------------
                          0.00    0.00   clock clk (rise edge)
                          0.00    0.00   clock network delay (propagated)
                          5.00    5.00 ^ input external delay
                  0.02    0.01    5.01 ^ data_in[0] (in)
     1    0.00                           data_in[0] (net)
                  0.02    0.00    5.01 ^ input1/A (sky130_fd_sc_hd__clkbuf_2)
                  0.15    0.18    5.19 ^ input1/X (sky130_fd_sc_hd__clkbuf_2)
     4    0.03                           net1 (net)
                  0.15    0.00    5.19 ^ _224_/A (sky130_fd_sc_hd__clkbuf_4)
                  0.14    0.26    5.45 ^ _224_/X (sky130_fd_sc_hd__clkbuf_4)
    10    0.05                           _173_ (net)
                  0.14    0.00    5.45 ^ _243_/B (sky130_fd_sc_hd__nand2_1)
                  0.07    0.09    5.54 v _243_/Y (sky130_fd_sc_hd__nand2_1)
     1    0.00                           _192_ (net)
                  0.07    0.00    5.54 v _244_/B (sky130_fd_sc_hd__xor2_1)
                  0.06    0.16    5.70 v _244_/X (sky130_fd_sc_hd__xor2_1)
     2    0.00                           _193_ (net)
                  0.06    0.00    5.70 v _245_/A2 (sky130_fd_sc_hd__a21oi_1)
                  0.09    0.14    5.84 ^ _245_/Y (sky130_fd_sc_hd__a21oi_1)
     1    0.00                           _194_ (net)
                  0.09    0.00    5.84 ^ _246_/A2_N (sky130_fd_sc_hd__o2bb2a_1)
                  0.07    0.25    6.09 v _246_/X (sky130_fd_sc_hd__o2bb2a_1)
     1    0.01                           _195_ (net)
                  0.07    0.00    6.09 v _247_/B1 (sky130_fd_sc_hd__a21o_1)
                  0.03    0.16    6.25 v _247_/X (sky130_fd_sc_hd__a21o_1)
     1    0.00                           _196_ (net)
                  0.03    0.00    6.25 v _248_/B2 (sky130_fd_sc_hd__a22o_1)
                  0.04    0.20    6.45 v _248_/X (sky130_fd_sc_hd__a22o_1)
     1    0.00                           _197_ (net)
                  0.04    0.00    6.45 v _249_/B2 (sky130_fd_sc_hd__a22o_1)
                  0.04    0.20    6.65 v _249_/X (sky130_fd_sc_hd__a22o_1)
     1    0.00                           _198_ (net)
                  0.04    0.00    6.65 v _250_/B2 (sky130_fd_sc_hd__a22o_1)
                  0.04    0.20    6.85 v _250_/X (sky130_fd_sc_hd__a22o_1)
     1    0.00                           _199_ (net)
                  0.04    0.00    6.85 v _251_/C1 (sky130_fd_sc_hd__o221a_1)
                  0.05    0.12    6.97 v _251_/X (sky130_fd_sc_hd__o221a_1)
     1    0.00                           _200_ (net)
                  0.05    0.00    6.97 v _252_/B2 (sky130_fd_sc_hd__o22a_1)
                  0.07    0.20    7.17 v _252_/X (sky130_fd_sc_hd__o22a_1)
     1    0.01                           _201_ (net)
                  0.07    0.00    7.17 v _253_/B1 (sky130_fd_sc_hd__a21oi_4)
                  0.32    0.30    7.47 ^ _253_/Y (sky130_fd_sc_hd__a21oi_4)
    10    0.04                           _202_ (net)
                  0.32    0.00    7.47 ^ _254_/B (sky130_fd_sc_hd__nor2_1)
                  0.12    0.16    7.63 v _254_/Y (sky130_fd_sc_hd__nor2_1)
     4    0.01                           _203_ (net)
                  0.12    0.00    7.63 v _255_/B1_N (sky130_fd_sc_hd__o21ba_1)
                  0.05    0.26    7.89 ^ _255_/X (sky130_fd_sc_hd__o21ba_1)
     1    0.00                           _000_ (net)
                  0.05    0.00    7.89 ^ _438_/D (sky130_fd_sc_hd__dfrtp_1)
                                  7.89   data arrival time

                         25.00   25.00   clock clk (rise edge)
                          0.00   25.00   clock source latency
                  0.10    0.06   25.06 ^ clk (in)
     1    0.02                           clk (net)
                  0.10    0.00   25.06 ^ clkbuf_0_clk/A (sky130_fd_sc_hd__clkbuf_16)
                  0.04    0.14   25.20 ^ clkbuf_0_clk/X (sky130_fd_sc_hd__clkbuf_16)
     2    0.02                           clknet_0_clk (net)
                  0.04    0.00   25.20 ^ clkbuf_1_1__f_clk/A (sky130_fd_sc_hd__clkbuf_16)
                  0.05    0.12   25.32 ^ clkbuf_1_1__f_clk/X (sky130_fd_sc_hd__clkbuf_16)
     6    0.03                           clknet_1_1__leaf_clk (net)
                  0.05    0.00   25.32 ^ _438_/CLK (sky130_fd_sc_hd__dfrtp_1)
                         -0.25   25.07   clock uncertainty
                          0.00   25.07   clock reconvergence pessimism
                         -0.06   25.01   library setup time
                                 25.01   data required time
-----------------------------------------------------------------------------
                                 25.01   data required time
                                 -7.89   data arrival time
-----------------------------------------------------------------------------
                                 17.13   slack (MET)


Startpoint: data_in[0] (input port clocked by clk)
Endpoint: _443_ (rising edge-triggered flip-flop clocked by clk)
Path Group: clk
Path Type: max

Fanout     Cap    Slew   Delay    Time   Description
-----------------------------------------------------------------------------
                          0.00    0.00   clock clk (rise edge)
                          0.00    0.00   clock network delay (propagated)
                          5.00    5.00 ^ input external delay
                  0.02    0.01    5.01 ^ data_in[0] (in)
     1    0.00                           data_in[0] (net)
                  0.02    0.00    5.01 ^ input1/A (sky130_fd_sc_hd__clkbuf_2)
                  0.15    0.18    5.19 ^ input1/X (sky130_fd_sc_hd__clkbuf_2)
     4    0.03                           net1 (net)
                  0.15    0.00    5.19 ^ _224_/A (sky130_fd_sc_hd__clkbuf_4)
                  0.14    0.26    5.45 ^ _224_/X (sky130_fd_sc_hd__clkbuf_4)
    10    0.05                           _173_ (net)
                  0.14    0.00    5.45 ^ _243_/B (sky130_fd_sc_hd__nand2_1)
                  0.07    0.09    5.54 v _243_/Y (sky130_fd_sc_hd__nand2_1)
     1    0.00                           _192_ (net)
                  0.07    0.00    5.54 v _244_/B (sky130_fd_sc_hd__xor2_1)
                  0.06    0.16    5.70 v _244_/X (sky130_fd_sc_hd__xor2_1)
     2    0.00                           _193_ (net)
                  0.06    0.00    5.70 v _245_/A2 (sky130_fd_sc_hd__a21oi_1)
                  0.09    0.14    5.84 ^ _245_/Y (sky130_fd_sc_hd__a21oi_1)
     1    0.00                           _194_ (net)
                  0.09    0.00    5.84 ^ _246_/A2_N (sky130_fd_sc_hd__o2bb2a_1)
                  0.07    0.25    6.09 v _246_/X (sky130_fd_sc_hd__o2bb2a_1)
     1    0.01                           _195_ (net)
                  0.07    0.00    6.09 v _247_/B1 (sky130_fd_sc_hd__a21o_1)
                  0.03    0.16    6.25 v _247_/X (sky130_fd_sc_hd__a21o_1)
     1    0.00                           _196_ (net)
                  0.03    0.00    6.25 v _248_/B2 (sky130_fd_sc_hd__a22o_1)
                  0.04    0.20    6.45 v _248_/X (sky130_fd_sc_hd__a22o_1)
     1    0.00                           _197_ (net)
                  0.04    0.00    6.45 v _249_/B2 (sky130_fd_sc_hd__a22o_1)
                  0.04    0.20    6.65 v _249_/X (sky130_fd_sc_hd__a22o_1)
     1    0.00                           _198_ (net)
                  0.04    0.00    6.65 v _250_/B2 (sky130_fd_sc_hd__a22o_1)
                  0.04    0.20    6.85 v _250_/X (sky130_fd_sc_hd__a22o_1)
     1    0.00                           _199_ (net)
                  0.04    0.00    6.85 v _251_/C1 (sky130_fd_sc_hd__o221a_1)
                  0.05    0.12    6.97 v _251_/X (sky130_fd_sc_hd__o221a_1)
     1    0.00                           _200_ (net)
                  0.05    0.00    6.97 v _252_/B2 (sky130_fd_sc_hd__o22a_1)
                  0.07    0.20    7.17 v _252_/X (sky130_fd_sc_hd__o22a_1)
     1    0.01                           _201_ (net)
                  0.07    0.00    7.17 v _253_/B1 (sky130_fd_sc_hd__a21oi_4)
                  0.32    0.30    7.47 ^ _253_/Y (sky130_fd_sc_hd__a21oi_4)
    10    0.04                           _202_ (net)
                  0.32    0.00    7.47 ^ _420_/B (sky130_fd_sc_hd__or3_1)
                  0.04    0.17    7.63 ^ _420_/X (sky130_fd_sc_hd__or3_1)
     1    0.00                           _159_ (net)
                  0.04    0.00    7.63 ^ _421_/B1_N (sky130_fd_sc_hd__a21bo_1)
                  0.03    0.19    7.83 v _421_/X (sky130_fd_sc_hd__a21bo_1)
     1    0.00                           _004_ (net)
                  0.03    0.00    7.83 v _443_/D (sky130_fd_sc_hd__dfrtp_1)
                                  7.83   data arrival time

                         25.00   25.00   clock clk (rise edge)
                          0.00   25.00   clock source latency
                  0.10    0.06   25.06 ^ clk (in)
     1    0.02                           clk (net)
                  0.10    0.00   25.06 ^ clkbuf_0_clk/A (sky130_fd_sc_hd__clkbuf_16)
                  0.04    0.14   25.20 ^ clkbuf_0_clk/X (sky130_fd_sc_hd__clkbuf_16)
     2    0.02                           clknet_0_clk (net)
                  0.04    0.00   25.20 ^ clkbuf_1_0__f_clk/A (sky130_fd_sc_hd__clkbuf_16)
                  0.04    0.12   25.32 ^ clkbuf_1_0__f_clk/X (sky130_fd_sc_hd__clkbuf_16)
     8    0.02                           clknet_1_0__leaf_clk (net)
                  0.04    0.00   25.32 ^ _443_/CLK (sky130_fd_sc_hd__dfrtp_1)
                         -0.25   25.07   clock uncertainty
                          0.00   25.07   clock reconvergence pessimism
                         -0.11   24.96   library setup time
                                 24.96   data required time
-----------------------------------------------------------------------------
                                 24.96   data required time
                                 -7.83   data arrival time
-----------------------------------------------------------------------------
                                 17.14   slack (MET)


Startpoint: data_in[0] (input port clocked by clk)
Endpoint: _450_ (rising edge-triggered flip-flop clocked by clk)
Path Group: clk
Path Type: max

Fanout     Cap    Slew   Delay    Time   Description
-----------------------------------------------------------------------------
                          0.00    0.00   clock clk (rise edge)
                          0.00    0.00   clock network delay (propagated)
                          5.00    5.00 ^ input external delay
                  0.02    0.01    5.01 ^ data_in[0] (in)
     1    0.00                           data_in[0] (net)
                  0.02    0.00    5.01 ^ input1/A (sky130_fd_sc_hd__clkbuf_2)
                  0.15    0.18    5.19 ^ input1/X (sky130_fd_sc_hd__clkbuf_2)
     4    0.03                           net1 (net)
                  0.15    0.00    5.19 ^ _224_/A (sky130_fd_sc_hd__clkbuf_4)
                  0.14    0.26    5.45 ^ _224_/X (sky130_fd_sc_hd__clkbuf_4)
    10    0.05                           _173_ (net)
                  0.14    0.00    5.45 ^ _243_/B (sky130_fd_sc_hd__nand2_1)
                  0.07    0.09    5.54 v _243_/Y (sky130_fd_sc_hd__nand2_1)
     1    0.00                           _192_ (net)
                  0.07    0.00    5.54 v _244_/B (sky130_fd_sc_hd__xor2_1)
                  0.06    0.16    5.70 v _244_/X (sky130_fd_sc_hd__xor2_1)
     2    0.00                           _193_ (net)
                  0.06    0.00    5.70 v _245_/A2 (sky130_fd_sc_hd__a21oi_1)
                  0.09    0.14    5.84 ^ _245_/Y (sky130_fd_sc_hd__a21oi_1)
     1    0.00                           _194_ (net)
                  0.09    0.00    5.84 ^ _246_/A2_N (sky130_fd_sc_hd__o2bb2a_1)
                  0.07    0.25    6.09 v _246_/X (sky130_fd_sc_hd__o2bb2a_1)
     1    0.01                           _195_ (net)
                  0.07    0.00    6.09 v _247_/B1 (sky130_fd_sc_hd__a21o_1)
                  0.03    0.16    6.25 v _247_/X (sky130_fd_sc_hd__a21o_1)
     1    0.00                           _196_ (net)
                  0.03    0.00    6.25 v _248_/B2 (sky130_fd_sc_hd__a22o_1)
                  0.04    0.20    6.45 v _248_/X (sky130_fd_sc_hd__a22o_1)
     1    0.00                           _197_ (net)
                  0.04    0.00    6.45 v _249_/B2 (sky130_fd_sc_hd__a22o_1)
                  0.04    0.20    6.65 v _249_/X (sky130_fd_sc_hd__a22o_1)
     1    0.00                           _198_ (net)
                  0.04    0.00    6.65 v _250_/B2 (sky130_fd_sc_hd__a22o_1)
                  0.04    0.20    6.85 v _250_/X (sky130_fd_sc_hd__a22o_1)
     1    0.00                           _199_ (net)
                  0.04    0.00    6.85 v _251_/C1 (sky130_fd_sc_hd__o221a_1)
                  0.05    0.12    6.97 v _251_/X (sky130_fd_sc_hd__o221a_1)
     1    0.00                           _200_ (net)
                  0.05    0.00    6.97 v _252_/B2 (sky130_fd_sc_hd__o22a_1)
                  0.07    0.20    7.17 v _252_/X (sky130_fd_sc_hd__o22a_1)
     1    0.01                           _201_ (net)
                  0.07    0.00    7.17 v _253_/B1 (sky130_fd_sc_hd__a21oi_4)
                  0.32    0.30    7.47 ^ _253_/Y (sky130_fd_sc_hd__a21oi_4)
    10    0.04                           _202_ (net)
                  0.32    0.00    7.47 ^ _435_/A3 (sky130_fd_sc_hd__a31o_1)
                  0.05    0.20    7.66 ^ _435_/X (sky130_fd_sc_hd__a31o_1)
     1    0.00                           _011_ (net)
                  0.05    0.00    7.66 ^ _450_/D (sky130_fd_sc_hd__dfrtp_1)
                                  7.66   data arrival time

                         25.00   25.00   clock clk (rise edge)
                          0.00   25.00   clock source latency
                  0.10    0.06   25.06 ^ clk (in)
     1    0.02                           clk (net)
                  0.10    0.00   25.06 ^ clkbuf_0_clk/A (sky130_fd_sc_hd__clkbuf_16)
                  0.04    0.14   25.20 ^ clkbuf_0_clk/X (sky130_fd_sc_hd__clkbuf_16)
     2    0.02                           clknet_0_clk (net)
                  0.04    0.00   25.20 ^ clkbuf_1_0__f_clk/A (sky130_fd_sc_hd__clkbuf_16)
                  0.04    0.12   25.32 ^ clkbuf_1_0__f_clk/X (sky130_fd_sc_hd__clkbuf_16)
     8    0.02                           clknet_1_0__leaf_clk (net)
                  0.04    0.00   25.32 ^ _450_/CLK (sky130_fd_sc_hd__dfrtp_1)
                         -0.25   25.07   clock uncertainty
                          0.00   25.07   clock reconvergence pessimism
                         -0.06   25.01   library setup time
                                 25.01   data required time
-----------------------------------------------------------------------------
                                 25.01   data required time
                                 -7.66   data arrival time
-----------------------------------------------------------------------------
                                 17.35   slack (MET)


Startpoint: data_in[0] (input port clocked by clk)
Endpoint: _449_ (rising edge-triggered flip-flop clocked by clk)
Path Group: clk
Path Type: max

Fanout     Cap    Slew   Delay    Time   Description
-----------------------------------------------------------------------------
                          0.00    0.00   clock clk (rise edge)
                          0.00    0.00   clock network delay (propagated)
                          5.00    5.00 ^ input external delay
                  0.02    0.01    5.01 ^ data_in[0] (in)
     1    0.00                           data_in[0] (net)
                  0.02    0.00    5.01 ^ input1/A (sky130_fd_sc_hd__clkbuf_2)
                  0.15    0.18    5.19 ^ input1/X (sky130_fd_sc_hd__clkbuf_2)
     4    0.03                           net1 (net)
                  0.15    0.00    5.19 ^ _224_/A (sky130_fd_sc_hd__clkbuf_4)
                  0.14    0.26    5.45 ^ _224_/X (sky130_fd_sc_hd__clkbuf_4)
    10    0.05                           _173_ (net)
                  0.14    0.00    5.45 ^ _243_/B (sky130_fd_sc_hd__nand2_1)
                  0.07    0.09    5.54 v _243_/Y (sky130_fd_sc_hd__nand2_1)
     1    0.00                           _192_ (net)
                  0.07    0.00    5.54 v _244_/B (sky130_fd_sc_hd__xor2_1)
                  0.06    0.16    5.70 v _244_/X (sky130_fd_sc_hd__xor2_1)
     2    0.00                           _193_ (net)
                  0.06    0.00    5.70 v _245_/A2 (sky130_fd_sc_hd__a21oi_1)
                  0.09    0.14    5.84 ^ _245_/Y (sky130_fd_sc_hd__a21oi_1)
     1    0.00                           _194_ (net)
                  0.09    0.00    5.84 ^ _246_/A2_N (sky130_fd_sc_hd__o2bb2a_1)
                  0.07    0.25    6.09 v _246_/X (sky130_fd_sc_hd__o2bb2a_1)
     1    0.01                           _195_ (net)
                  0.07    0.00    6.09 v _247_/B1 (sky130_fd_sc_hd__a21o_1)
                  0.03    0.16    6.25 v _247_/X (sky130_fd_sc_hd__a21o_1)
     1    0.00                           _196_ (net)
                  0.03    0.00    6.25 v _248_/B2 (sky130_fd_sc_hd__a22o_1)
                  0.04    0.20    6.45 v _248_/X (sky130_fd_sc_hd__a22o_1)
     1    0.00                           _197_ (net)
                  0.04    0.00    6.45 v _249_/B2 (sky130_fd_sc_hd__a22o_1)
                  0.04    0.20    6.65 v _249_/X (sky130_fd_sc_hd__a22o_1)
     1    0.00                           _198_ (net)
                  0.04    0.00    6.65 v _250_/B2 (sky130_fd_sc_hd__a22o_1)
                  0.04    0.20    6.85 v _250_/X (sky130_fd_sc_hd__a22o_1)
     1    0.00                           _199_ (net)
                  0.04    0.00    6.85 v _251_/C1 (sky130_fd_sc_hd__o221a_1)
                  0.05    0.12    6.97 v _251_/X (sky130_fd_sc_hd__o221a_1)
     1    0.00                           _200_ (net)
                  0.05    0.00    6.97 v _252_/B2 (sky130_fd_sc_hd__o22a_1)
                  0.07    0.20    7.17 v _252_/X (sky130_fd_sc_hd__o22a_1)
     1    0.01                           _201_ (net)
                  0.07    0.00    7.17 v _253_/B1 (sky130_fd_sc_hd__a21oi_4)
                  0.32    0.30    7.47 ^ _253_/Y (sky130_fd_sc_hd__a21oi_4)
    10    0.04                           _202_ (net)
                  0.32    0.00    7.47 ^ _433_/A3 (sky130_fd_sc_hd__a31o_1)
                  0.05    0.20    7.66 ^ _433_/X (sky130_fd_sc_hd__a31o_1)
     1    0.00                           _010_ (net)
                  0.05    0.00    7.66 ^ _449_/D (sky130_fd_sc_hd__dfrtp_1)
                                  7.66   data arrival time

                         25.00   25.00   clock clk (rise edge)
                          0.00   25.00   clock source latency
                  0.10    0.06   25.06 ^ clk (in)
     1    0.02                           clk (net)
                  0.10    0.00   25.06 ^ clkbuf_0_clk/A (sky130_fd_sc_hd__clkbuf_16)
                  0.04    0.14   25.20 ^ clkbuf_0_clk/X (sky130_fd_sc_hd__clkbuf_16)
     2    0.02                           clknet_0_clk (net)
                  0.04    0.00   25.20 ^ clkbuf_1_0__f_clk/A (sky130_fd_sc_hd__clkbuf_16)
                  0.04    0.12   25.32 ^ clkbuf_1_0__f_clk/X (sky130_fd_sc_hd__clkbuf_16)
     8    0.02                           clknet_1_0__leaf_clk (net)
                  0.04    0.00   25.32 ^ _449_/CLK (sky130_fd_sc_hd__dfrtp_1)
                         -0.25   25.07   clock uncertainty
                          0.00   25.07   clock reconvergence pessimism
                         -0.06   25.01   library setup time
                                 25.01   data required time
-----------------------------------------------------------------------------
                                 25.01   data required time
                                 -7.66   data arrival time
-----------------------------------------------------------------------------
                                 17.35   slack (MET)


Startpoint: data_in[0] (input port clocked by clk)
Endpoint: _444_ (rising edge-triggered flip-flop clocked by clk)
Path Group: clk
Path Type: max

Fanout     Cap    Slew   Delay    Time   Description
-----------------------------------------------------------------------------
                          0.00    0.00   clock clk (rise edge)
                          0.00    0.00   clock network delay (propagated)
                          5.00    5.00 ^ input external delay
                  0.02    0.01    5.01 ^ data_in[0] (in)
     1    0.00                           data_in[0] (net)
                  0.02    0.00    5.01 ^ input1/A (sky130_fd_sc_hd__clkbuf_2)
                  0.15    0.18    5.19 ^ input1/X (sky130_fd_sc_hd__clkbuf_2)
     4    0.03                           net1 (net)
                  0.15    0.00    5.19 ^ _224_/A (sky130_fd_sc_hd__clkbuf_4)
                  0.14    0.26    5.45 ^ _224_/X (sky130_fd_sc_hd__clkbuf_4)
    10    0.05                           _173_ (net)
                  0.14    0.00    5.45 ^ _243_/B (sky130_fd_sc_hd__nand2_1)
                  0.07    0.09    5.54 v _243_/Y (sky130_fd_sc_hd__nand2_1)
     1    0.00                           _192_ (net)
                  0.07    0.00    5.54 v _244_/B (sky130_fd_sc_hd__xor2_1)
                  0.06    0.16    5.70 v _244_/X (sky130_fd_sc_hd__xor2_1)
     2    0.00                           _193_ (net)
                  0.06    0.00    5.70 v _245_/A2 (sky130_fd_sc_hd__a21oi_1)
                  0.09    0.14    5.84 ^ _245_/Y (sky130_fd_sc_hd__a21oi_1)
     1    0.00                           _194_ (net)
                  0.09    0.00    5.84 ^ _246_/A2_N (sky130_fd_sc_hd__o2bb2a_1)
                  0.07    0.25    6.09 v _246_/X (sky130_fd_sc_hd__o2bb2a_1)
     1    0.01                           _195_ (net)
                  0.07    0.00    6.09 v _247_/B1 (sky130_fd_sc_hd__a21o_1)
                  0.03    0.16    6.25 v _247_/X (sky130_fd_sc_hd__a21o_1)
     1    0.00                           _196_ (net)
                  0.03    0.00    6.25 v _248_/B2 (sky130_fd_sc_hd__a22o_1)
                  0.04    0.20    6.45 v _248_/X (sky130_fd_sc_hd__a22o_1)
     1    0.00                           _197_ (net)
                  0.04    0.00    6.45 v _249_/B2 (sky130_fd_sc_hd__a22o_1)
                  0.04    0.20    6.65 v _249_/X (sky130_fd_sc_hd__a22o_1)
     1    0.00                           _198_ (net)
                  0.04    0.00    6.65 v _250_/B2 (sky130_fd_sc_hd__a22o_1)
                  0.04    0.20    6.85 v _250_/X (sky130_fd_sc_hd__a22o_1)
     1    0.00                           _199_ (net)
                  0.04    0.00    6.85 v _251_/C1 (sky130_fd_sc_hd__o221a_1)
                  0.05    0.12    6.97 v _251_/X (sky130_fd_sc_hd__o221a_1)
     1    0.00                           _200_ (net)
                  0.05    0.00    6.97 v _252_/B2 (sky130_fd_sc_hd__o22a_1)
                  0.07    0.20    7.17 v _252_/X (sky130_fd_sc_hd__o22a_1)
     1    0.01                           _201_ (net)
                  0.07    0.00    7.17 v _253_/B1 (sky130_fd_sc_hd__a21oi_4)
                  0.32    0.30    7.47 ^ _253_/Y (sky130_fd_sc_hd__a21oi_4)
    10    0.04                           _202_ (net)
                  0.32    0.00    7.47 ^ _423_/A3 (sky130_fd_sc_hd__a31o_1)
                  0.04    0.19    7.66 ^ _423_/X (sky130_fd_sc_hd__a31o_1)
     1    0.00                           _005_ (net)
                  0.04    0.00    7.66 ^ _444_/D (sky130_fd_sc_hd__dfrtp_1)
                                  7.66   data arrival time

                         25.00   25.00   clock clk (rise edge)
                          0.00   25.00   clock source latency
                  0.10    0.06   25.06 ^ clk (in)
     1    0.02                           clk (net)
                  0.10    0.00   25.06 ^ clkbuf_0_clk/A (sky130_fd_sc_hd__clkbuf_16)
                  0.04    0.14   25.20 ^ clkbuf_0_clk/X (sky130_fd_sc_hd__clkbuf_16)
     2    0.02                           clknet_0_clk (net)
                  0.04    0.00   25.20 ^ clkbuf_1_0__f_clk/A (sky130_fd_sc_hd__clkbuf_16)
                  0.04    0.12   25.32 ^ clkbuf_1_0__f_clk/X (sky130_fd_sc_hd__clkbuf_16)
     8    0.02                           clknet_1_0__leaf_clk (net)
                  0.04    0.00   25.32 ^ _444_/CLK (sky130_fd_sc_hd__dfrtp_1)
                         -0.25   25.07   clock uncertainty
                          0.00   25.07   clock reconvergence pessimism
                         -0.06   25.01   library setup time
                                 25.01   data required time
-----------------------------------------------------------------------------
                                 25.01   data required time
                                 -7.66   data arrival time
-----------------------------------------------------------------------------
                                 17.35   slack (MET)


Startpoint: data_in[0] (input port clocked by clk)
Endpoint: _448_ (rising edge-triggered flip-flop clocked by clk)
Path Group: clk
Path Type: max

Fanout     Cap    Slew   Delay    Time   Description
-----------------------------------------------------------------------------
                          0.00    0.00   clock clk (rise edge)
                          0.00    0.00   clock network delay (propagated)
                          5.00    5.00 ^ input external delay
                  0.02    0.01    5.01 ^ data_in[0] (in)
     1    0.00                           data_in[0] (net)
                  0.02    0.00    5.01 ^ input1/A (sky130_fd_sc_hd__clkbuf_2)
                  0.15    0.18    5.19 ^ input1/X (sky130_fd_sc_hd__clkbuf_2)
     4    0.03                           net1 (net)
                  0.15    0.00    5.19 ^ _224_/A (sky130_fd_sc_hd__clkbuf_4)
                  0.14    0.26    5.45 ^ _224_/X (sky130_fd_sc_hd__clkbuf_4)
    10    0.05                           _173_ (net)
                  0.14    0.00    5.45 ^ _243_/B (sky130_fd_sc_hd__nand2_1)
                  0.07    0.09    5.54 v _243_/Y (sky130_fd_sc_hd__nand2_1)
     1    0.00                           _192_ (net)
                  0.07    0.00    5.54 v _244_/B (sky130_fd_sc_hd__xor2_1)
                  0.06    0.16    5.70 v _244_/X (sky130_fd_sc_hd__xor2_1)
     2    0.00                           _193_ (net)
                  0.06    0.00    5.70 v _245_/A2 (sky130_fd_sc_hd__a21oi_1)
                  0.09    0.14    5.84 ^ _245_/Y (sky130_fd_sc_hd__a21oi_1)
     1    0.00                           _194_ (net)
                  0.09    0.00    5.84 ^ _246_/A2_N (sky130_fd_sc_hd__o2bb2a_1)
                  0.07    0.25    6.09 v _246_/X (sky130_fd_sc_hd__o2bb2a_1)
     1    0.01                           _195_ (net)
                  0.07    0.00    6.09 v _247_/B1 (sky130_fd_sc_hd__a21o_1)
                  0.03    0.16    6.25 v _247_/X (sky130_fd_sc_hd__a21o_1)
     1    0.00                           _196_ (net)
                  0.03    0.00    6.25 v _248_/B2 (sky130_fd_sc_hd__a22o_1)
                  0.04    0.20    6.45 v _248_/X (sky130_fd_sc_hd__a22o_1)
     1    0.00                           _197_ (net)
                  0.04    0.00    6.45 v _249_/B2 (sky130_fd_sc_hd__a22o_1)
                  0.04    0.20    6.65 v _249_/X (sky130_fd_sc_hd__a22o_1)
     1    0.00                           _198_ (net)
                  0.04    0.00    6.65 v _250_/B2 (sky130_fd_sc_hd__a22o_1)
                  0.04    0.20    6.85 v _250_/X (sky130_fd_sc_hd__a22o_1)
     1    0.00                           _199_ (net)
                  0.04    0.00    6.85 v _251_/C1 (sky130_fd_sc_hd__o221a_1)
                  0.05    0.12    6.97 v _251_/X (sky130_fd_sc_hd__o221a_1)
     1    0.00                           _200_ (net)
                  0.05    0.00    6.97 v _252_/B2 (sky130_fd_sc_hd__o22a_1)
                  0.07    0.20    7.17 v _252_/X (sky130_fd_sc_hd__o22a_1)
     1    0.01                           _201_ (net)
                  0.07    0.00    7.17 v _253_/B1 (sky130_fd_sc_hd__a21oi_4)
                  0.32    0.30    7.47 ^ _253_/Y (sky130_fd_sc_hd__a21oi_4)
    10    0.04                           _202_ (net)
                  0.32    0.00    7.47 ^ _431_/A3 (sky130_fd_sc_hd__a31o_1)
                  0.04    0.19    7.66 ^ _431_/X (sky130_fd_sc_hd__a31o_1)
     1    0.00                           _009_ (net)
                  0.04    0.00    7.66 ^ _448_/D (sky130_fd_sc_hd__dfrtp_2)
                                  7.66   data arrival time

                         25.00   25.00   clock clk (rise edge)
                          0.00   25.00   clock source latency
                  0.10    0.06   25.06 ^ clk (in)
     1    0.02                           clk (net)
                  0.10    0.00   25.06 ^ clkbuf_0_clk/A (sky130_fd_sc_hd__clkbuf_16)
                  0.04    0.14   25.20 ^ clkbuf_0_clk/X (sky130_fd_sc_hd__clkbuf_16)
     2    0.02                           clknet_0_clk (net)
                  0.04    0.00   25.20 ^ clkbuf_1_1__f_clk/A (sky130_fd_sc_hd__clkbuf_16)
                  0.05    0.12   25.32 ^ clkbuf_1_1__f_clk/X (sky130_fd_sc_hd__clkbuf_16)
     6    0.03                           clknet_1_1__leaf_clk (net)
                  0.05    0.00   25.33 ^ _448_/CLK (sky130_fd_sc_hd__dfrtp_2)
                         -0.25   25.08   clock uncertainty
                          0.00   25.08   clock reconvergence pessimism
                         -0.06   25.01   library setup time
                                 25.01   data required time
-----------------------------------------------------------------------------
                                 25.01   data required time
                                 -7.66   data arrival time
-----------------------------------------------------------------------------
                                 17.35   slack (MET)


Startpoint: data_in[0] (input port clocked by clk)
Endpoint: _451_ (rising edge-triggered flip-flop clocked by clk)
Path Group: clk
Path Type: max

Fanout     Cap    Slew   Delay    Time   Description
-----------------------------------------------------------------------------
                          0.00    0.00   clock clk (rise edge)
                          0.00    0.00   clock network delay (propagated)
                          5.00    5.00 ^ input external delay
                  0.02    0.01    5.01 ^ data_in[0] (in)
     1    0.00                           data_in[0] (net)
                  0.02    0.00    5.01 ^ input1/A (sky130_fd_sc_hd__clkbuf_2)
                  0.15    0.18    5.19 ^ input1/X (sky130_fd_sc_hd__clkbuf_2)
     4    0.03                           net1 (net)
                  0.15    0.00    5.19 ^ _224_/A (sky130_fd_sc_hd__clkbuf_4)
                  0.14    0.26    5.45 ^ _224_/X (sky130_fd_sc_hd__clkbuf_4)
    10    0.05                           _173_ (net)
                  0.14    0.00    5.45 ^ _243_/B (sky130_fd_sc_hd__nand2_1)
                  0.07    0.09    5.54 v _243_/Y (sky130_fd_sc_hd__nand2_1)
     1    0.00                           _192_ (net)
                  0.07    0.00    5.54 v _244_/B (sky130_fd_sc_hd__xor2_1)
                  0.06    0.16    5.70 v _244_/X (sky130_fd_sc_hd__xor2_1)
     2    0.00                           _193_ (net)
                  0.06    0.00    5.70 v _245_/A2 (sky130_fd_sc_hd__a21oi_1)
                  0.09    0.14    5.84 ^ _245_/Y (sky130_fd_sc_hd__a21oi_1)
     1    0.00                           _194_ (net)
                  0.09    0.00    5.84 ^ _246_/A2_N (sky130_fd_sc_hd__o2bb2a_1)
                  0.07    0.25    6.09 v _246_/X (sky130_fd_sc_hd__o2bb2a_1)
     1    0.01                           _195_ (net)
                  0.07    0.00    6.09 v _247_/B1 (sky130_fd_sc_hd__a21o_1)
                  0.03    0.16    6.25 v _247_/X (sky130_fd_sc_hd__a21o_1)
     1    0.00                           _196_ (net)
                  0.03    0.00    6.25 v _248_/B2 (sky130_fd_sc_hd__a22o_1)
                  0.04    0.20    6.45 v _248_/X (sky130_fd_sc_hd__a22o_1)
     1    0.00                           _197_ (net)
                  0.04    0.00    6.45 v _249_/B2 (sky130_fd_sc_hd__a22o_1)
                  0.04    0.20    6.65 v _249_/X (sky130_fd_sc_hd__a22o_1)
     1    0.00                           _198_ (net)
                  0.04    0.00    6.65 v _250_/B2 (sky130_fd_sc_hd__a22o_1)
                  0.04    0.20    6.85 v _250_/X (sky130_fd_sc_hd__a22o_1)
     1    0.00                           _199_ (net)
                  0.04    0.00    6.85 v _251_/C1 (sky130_fd_sc_hd__o221a_1)
                  0.05    0.12    6.97 v _251_/X (sky130_fd_sc_hd__o221a_1)
     1    0.00                           _200_ (net)
                  0.05    0.00    6.97 v _252_/B2 (sky130_fd_sc_hd__o22a_1)
                  0.07    0.20    7.17 v _252_/X (sky130_fd_sc_hd__o22a_1)
     1    0.01                           _201_ (net)
                  0.07    0.00    7.17 v _253_/B1 (sky130_fd_sc_hd__a21oi_4)
                  0.32    0.30    7.47 ^ _253_/Y (sky130_fd_sc_hd__a21oi_4)
    10    0.04                           _202_ (net)
                  0.32    0.00    7.47 ^ _437_/A3 (sky130_fd_sc_hd__a31o_1)
                  0.04    0.19    7.66 ^ _437_/X (sky130_fd_sc_hd__a31o_1)
     1    0.00                           _012_ (net)
                  0.04    0.00    7.66 ^ _451_/D (sky130_fd_sc_hd__dfrtp_1)
                                  7.66   data arrival time

                         25.00   25.00   clock clk (rise edge)
                          0.00   25.00   clock source latency
                  0.10    0.06   25.06 ^ clk (in)
     1    0.02                           clk (net)
                  0.10    0.00   25.06 ^ clkbuf_0_clk/A (sky130_fd_sc_hd__clkbuf_16)
                  0.04    0.14   25.20 ^ clkbuf_0_clk/X (sky130_fd_sc_hd__clkbuf_16)
     2    0.02                           clknet_0_clk (net)
                  0.04    0.00   25.20 ^ clkbuf_1_0__f_clk/A (sky130_fd_sc_hd__clkbuf_16)
                  0.04    0.12   25.32 ^ clkbuf_1_0__f_clk/X (sky130_fd_sc_hd__clkbuf_16)
     8    0.02                           clknet_1_0__leaf_clk (net)
                  0.04    0.00   25.32 ^ _451_/CLK (sky130_fd_sc_hd__dfrtp_1)
                         -0.25   25.07   clock uncertainty
                          0.00   25.07   clock reconvergence pessimism
                         -0.06   25.01   library setup time
                                 25.01   data required time
-----------------------------------------------------------------------------
                                 25.01   data required time
                                 -7.66   data arrival time
-----------------------------------------------------------------------------
                                 17.35   slack (MET)


Startpoint: data_in[0] (input port clocked by clk)
Endpoint: _445_ (rising edge-triggered flip-flop clocked by clk)
Path Group: clk
Path Type: max

Fanout     Cap    Slew   Delay    Time   Description
-----------------------------------------------------------------------------
                          0.00    0.00   clock clk (rise edge)
                          0.00    0.00   clock network delay (propagated)
                          5.00    5.00 ^ input external delay
                  0.02    0.01    5.01 ^ data_in[0] (in)
     1    0.00                           data_in[0] (net)
                  0.02    0.00    5.01 ^ input1/A (sky130_fd_sc_hd__clkbuf_2)
                  0.15    0.18    5.19 ^ input1/X (sky130_fd_sc_hd__clkbuf_2)
     4    0.03                           net1 (net)
                  0.15    0.00    5.19 ^ _224_/A (sky130_fd_sc_hd__clkbuf_4)
                  0.14    0.26    5.45 ^ _224_/X (sky130_fd_sc_hd__clkbuf_4)
    10    0.05                           _173_ (net)
                  0.14    0.00    5.45 ^ _243_/B (sky130_fd_sc_hd__nand2_1)
                  0.07    0.09    5.54 v _243_/Y (sky130_fd_sc_hd__nand2_1)
     1    0.00                           _192_ (net)
                  0.07    0.00    5.54 v _244_/B (sky130_fd_sc_hd__xor2_1)
                  0.06    0.16    5.70 v _244_/X (sky130_fd_sc_hd__xor2_1)
     2    0.00                           _193_ (net)
                  0.06    0.00    5.70 v _245_/A2 (sky130_fd_sc_hd__a21oi_1)
                  0.09    0.14    5.84 ^ _245_/Y (sky130_fd_sc_hd__a21oi_1)
     1    0.00                           _194_ (net)
                  0.09    0.00    5.84 ^ _246_/A2_N (sky130_fd_sc_hd__o2bb2a_1)
                  0.07    0.25    6.09 v _246_/X (sky130_fd_sc_hd__o2bb2a_1)
     1    0.01                           _195_ (net)
                  0.07    0.00    6.09 v _247_/B1 (sky130_fd_sc_hd__a21o_1)
                  0.03    0.16    6.25 v _247_/X (sky130_fd_sc_hd__a21o_1)
     1    0.00                           _196_ (net)
                  0.03    0.00    6.25 v _248_/B2 (sky130_fd_sc_hd__a22o_1)
                  0.04    0.20    6.45 v _248_/X (sky130_fd_sc_hd__a22o_1)
     1    0.00                           _197_ (net)
                  0.04    0.00    6.45 v _249_/B2 (sky130_fd_sc_hd__a22o_1)
                  0.04    0.20    6.65 v _249_/X (sky130_fd_sc_hd__a22o_1)
     1    0.00                           _198_ (net)
                  0.04    0.00    6.65 v _250_/B2 (sky130_fd_sc_hd__a22o_1)
                  0.04    0.20    6.85 v _250_/X (sky130_fd_sc_hd__a22o_1)
     1    0.00                           _199_ (net)
                  0.04    0.00    6.85 v _251_/C1 (sky130_fd_sc_hd__o221a_1)
                  0.05    0.12    6.97 v _251_/X (sky130_fd_sc_hd__o221a_1)
     1    0.00                           _200_ (net)
                  0.05    0.00    6.97 v _252_/B2 (sky130_fd_sc_hd__o22a_1)
                  0.07    0.20    7.17 v _252_/X (sky130_fd_sc_hd__o22a_1)
     1    0.01                           _201_ (net)
                  0.07    0.00    7.17 v _253_/B1 (sky130_fd_sc_hd__a21oi_4)
                  0.32    0.30    7.47 ^ _253_/Y (sky130_fd_sc_hd__a21oi_4)
    10    0.04                           _202_ (net)
                  0.32    0.00    7.47 ^ _425_/A3 (sky130_fd_sc_hd__a31o_1)
                  0.04    0.19    7.66 ^ _425_/X (sky130_fd_sc_hd__a31o_1)
     1    0.00                           _006_ (net)
                  0.04    0.00    7.66 ^ _445_/D (sky130_fd_sc_hd__dfrtp_1)
                                  7.66   data arrival time

                         25.00   25.00   clock clk (rise edge)
                          0.00   25.00   clock source latency
                  0.10    0.06   25.06 ^ clk (in)
     1    0.02                           clk (net)
                  0.10    0.00   25.06 ^ clkbuf_0_clk/A (sky130_fd_sc_hd__clkbuf_16)
                  0.04    0.14   25.20 ^ clkbuf_0_clk/X (sky130_fd_sc_hd__clkbuf_16)
     2    0.02                           clknet_0_clk (net)
                  0.04    0.00   25.20 ^ clkbuf_1_1__f_clk/A (sky130_fd_sc_hd__clkbuf_16)
                  0.05    0.12   25.32 ^ clkbuf_1_1__f_clk/X (sky130_fd_sc_hd__clkbuf_16)
     6    0.03                           clknet_1_1__leaf_clk (net)
                  0.05    0.00   25.33 ^ _445_/CLK (sky130_fd_sc_hd__dfrtp_1)
                         -0.25   25.08   clock uncertainty
                          0.00   25.08   clock reconvergence pessimism
                         -0.06   25.02   library setup time
                                 25.02   data required time
-----------------------------------------------------------------------------
                                 25.02   data required time
                                 -7.66   data arrival time
-----------------------------------------------------------------------------
                                 17.35   slack (MET)


Startpoint: data_in[0] (input port clocked by clk)
Endpoint: _447_ (rising edge-triggered flip-flop clocked by clk)
Path Group: clk
Path Type: max

Fanout     Cap    Slew   Delay    Time   Description
-----------------------------------------------------------------------------
                          0.00    0.00   clock clk (rise edge)
                          0.00    0.00   clock network delay (propagated)
                          5.00    5.00 ^ input external delay
                  0.02    0.01    5.01 ^ data_in[0] (in)
     1    0.00                           data_in[0] (net)
                  0.02    0.00    5.01 ^ input1/A (sky130_fd_sc_hd__clkbuf_2)
                  0.15    0.18    5.19 ^ input1/X (sky130_fd_sc_hd__clkbuf_2)
     4    0.03                           net1 (net)
                  0.15    0.00    5.19 ^ _224_/A (sky130_fd_sc_hd__clkbuf_4)
                  0.14    0.26    5.45 ^ _224_/X (sky130_fd_sc_hd__clkbuf_4)
    10    0.05                           _173_ (net)
                  0.14    0.00    5.45 ^ _243_/B (sky130_fd_sc_hd__nand2_1)
                  0.07    0.09    5.54 v _243_/Y (sky130_fd_sc_hd__nand2_1)
     1    0.00                           _192_ (net)
                  0.07    0.00    5.54 v _244_/B (sky130_fd_sc_hd__xor2_1)
                  0.06    0.16    5.70 v _244_/X (sky130_fd_sc_hd__xor2_1)
     2    0.00                           _193_ (net)
                  0.06    0.00    5.70 v _245_/A2 (sky130_fd_sc_hd__a21oi_1)
                  0.09    0.14    5.84 ^ _245_/Y (sky130_fd_sc_hd__a21oi_1)
     1    0.00                           _194_ (net)
                  0.09    0.00    5.84 ^ _246_/A2_N (sky130_fd_sc_hd__o2bb2a_1)
                  0.07    0.25    6.09 v _246_/X (sky130_fd_sc_hd__o2bb2a_1)
     1    0.01                           _195_ (net)
                  0.07    0.00    6.09 v _247_/B1 (sky130_fd_sc_hd__a21o_1)
                  0.03    0.16    6.25 v _247_/X (sky130_fd_sc_hd__a21o_1)
     1    0.00                           _196_ (net)
                  0.03    0.00    6.25 v _248_/B2 (sky130_fd_sc_hd__a22o_1)
                  0.04    0.20    6.45 v _248_/X (sky130_fd_sc_hd__a22o_1)
     1    0.00                           _197_ (net)
                  0.04    0.00    6.45 v _249_/B2 (sky130_fd_sc_hd__a22o_1)
                  0.04    0.20    6.65 v _249_/X (sky130_fd_sc_hd__a22o_1)
     1    0.00                           _198_ (net)
                  0.04    0.00    6.65 v _250_/B2 (sky130_fd_sc_hd__a22o_1)
                  0.04    0.20    6.85 v _250_/X (sky130_fd_sc_hd__a22o_1)
     1    0.00                           _199_ (net)
                  0.04    0.00    6.85 v _251_/C1 (sky130_fd_sc_hd__o221a_1)
                  0.05    0.12    6.97 v _251_/X (sky130_fd_sc_hd__o221a_1)
     1    0.00                           _200_ (net)
                  0.05    0.00    6.97 v _252_/B2 (sky130_fd_sc_hd__o22a_1)
                  0.07    0.20    7.17 v _252_/X (sky130_fd_sc_hd__o22a_1)
     1    0.01                           _201_ (net)
                  0.07    0.00    7.17 v _253_/B1 (sky130_fd_sc_hd__a21oi_4)
                  0.32    0.30    7.47 ^ _253_/Y (sky130_fd_sc_hd__a21oi_4)
    10    0.04                           _202_ (net)
                  0.32    0.00    7.47 ^ _429_/A3 (sky130_fd_sc_hd__a31o_1)
                  0.04    0.19    7.66 ^ _429_/X (sky130_fd_sc_hd__a31o_1)
     1    0.00                           _008_ (net)
                  0.04    0.00    7.66 ^ _447_/D (sky130_fd_sc_hd__dfrtp_1)
                                  7.66   data arrival time

                         25.00   25.00   clock clk (rise edge)
                          0.00   25.00   clock source latency
                  0.10    0.06   25.06 ^ clk (in)
     1    0.02                           clk (net)
                  0.10    0.00   25.06 ^ clkbuf_0_clk/A (sky130_fd_sc_hd__clkbuf_16)
                  0.04    0.14   25.20 ^ clkbuf_0_clk/X (sky130_fd_sc_hd__clkbuf_16)
     2    0.02                           clknet_0_clk (net)
                  0.04    0.00   25.20 ^ clkbuf_1_1__f_clk/A (sky130_fd_sc_hd__clkbuf_16)
                  0.05    0.12   25.32 ^ clkbuf_1_1__f_clk/X (sky130_fd_sc_hd__clkbuf_16)
     6    0.03                           clknet_1_1__leaf_clk (net)
                  0.05    0.00   25.33 ^ _447_/CLK (sky130_fd_sc_hd__dfrtp_1)
                         -0.25   25.08   clock uncertainty
                          0.00   25.08   clock reconvergence pessimism
                         -0.06   25.02   library setup time
                                 25.02   data required time
-----------------------------------------------------------------------------
                                 25.02   data required time
                                 -7.66   data arrival time
-----------------------------------------------------------------------------
                                 17.36   slack (MET)


Startpoint: data_in[0] (input port clocked by clk)
Endpoint: _446_ (rising edge-triggered flip-flop clocked by clk)
Path Group: clk
Path Type: max

Fanout     Cap    Slew   Delay    Time   Description
-----------------------------------------------------------------------------
                          0.00    0.00   clock clk (rise edge)
                          0.00    0.00   clock network delay (propagated)
                          5.00    5.00 ^ input external delay
                  0.02    0.01    5.01 ^ data_in[0] (in)
     1    0.00                           data_in[0] (net)
                  0.02    0.00    5.01 ^ input1/A (sky130_fd_sc_hd__clkbuf_2)
                  0.15    0.18    5.19 ^ input1/X (sky130_fd_sc_hd__clkbuf_2)
     4    0.03                           net1 (net)
                  0.15    0.00    5.19 ^ _224_/A (sky130_fd_sc_hd__clkbuf_4)
                  0.14    0.26    5.45 ^ _224_/X (sky130_fd_sc_hd__clkbuf_4)
    10    0.05                           _173_ (net)
                  0.14    0.00    5.45 ^ _243_/B (sky130_fd_sc_hd__nand2_1)
                  0.07    0.09    5.54 v _243_/Y (sky130_fd_sc_hd__nand2_1)
     1    0.00                           _192_ (net)
                  0.07    0.00    5.54 v _244_/B (sky130_fd_sc_hd__xor2_1)
                  0.06    0.16    5.70 v _244_/X (sky130_fd_sc_hd__xor2_1)
     2    0.00                           _193_ (net)
                  0.06    0.00    5.70 v _245_/A2 (sky130_fd_sc_hd__a21oi_1)
                  0.09    0.14    5.84 ^ _245_/Y (sky130_fd_sc_hd__a21oi_1)
     1    0.00                           _194_ (net)
                  0.09    0.00    5.84 ^ _246_/A2_N (sky130_fd_sc_hd__o2bb2a_1)
                  0.07    0.25    6.09 v _246_/X (sky130_fd_sc_hd__o2bb2a_1)
     1    0.01                           _195_ (net)
                  0.07    0.00    6.09 v _247_/B1 (sky130_fd_sc_hd__a21o_1)
                  0.03    0.16    6.25 v _247_/X (sky130_fd_sc_hd__a21o_1)
     1    0.00                           _196_ (net)
                  0.03    0.00    6.25 v _248_/B2 (sky130_fd_sc_hd__a22o_1)
                  0.04    0.20    6.45 v _248_/X (sky130_fd_sc_hd__a22o_1)
     1    0.00                           _197_ (net)
                  0.04    0.00    6.45 v _249_/B2 (sky130_fd_sc_hd__a22o_1)
                  0.04    0.20    6.65 v _249_/X (sky130_fd_sc_hd__a22o_1)
     1    0.00                           _198_ (net)
                  0.04    0.00    6.65 v _250_/B2 (sky130_fd_sc_hd__a22o_1)
                  0.04    0.20    6.85 v _250_/X (sky130_fd_sc_hd__a22o_1)
     1    0.00                           _199_ (net)
                  0.04    0.00    6.85 v _251_/C1 (sky130_fd_sc_hd__o221a_1)
                  0.05    0.12    6.97 v _251_/X (sky130_fd_sc_hd__o221a_1)
     1    0.00                           _200_ (net)
                  0.05    0.00    6.97 v _252_/B2 (sky130_fd_sc_hd__o22a_1)
                  0.07    0.20    7.17 v _252_/X (sky130_fd_sc_hd__o22a_1)
     1    0.01                           _201_ (net)
                  0.07    0.00    7.17 v _253_/B1 (sky130_fd_sc_hd__a21oi_4)
                  0.32    0.30    7.47 ^ _253_/Y (sky130_fd_sc_hd__a21oi_4)
    10    0.04                           _202_ (net)
                  0.32    0.00    7.47 ^ _427_/A3 (sky130_fd_sc_hd__a31o_1)
                  0.04    0.19    7.66 ^ _427_/X (sky130_fd_sc_hd__a31o_1)
     1    0.00                           _007_ (net)
                  0.04    0.00    7.66 ^ _446_/D (sky130_fd_sc_hd__dfrtp_1)
                                  7.66   data arrival time

                         25.00   25.00   clock clk (rise edge)
                          0.00   25.00   clock source latency
                  0.10    0.06   25.06 ^ clk (in)
     1    0.02                           clk (net)
                  0.10    0.00   25.06 ^ clkbuf_0_clk/A (sky130_fd_sc_hd__clkbuf_16)
                  0.04    0.14   25.20 ^ clkbuf_0_clk/X (sky130_fd_sc_hd__clkbuf_16)
     2    0.02                           clknet_0_clk (net)
                  0.04    0.00   25.20 ^ clkbuf_1_1__f_clk/A (sky130_fd_sc_hd__clkbuf_16)
                  0.05    0.12   25.32 ^ clkbuf_1_1__f_clk/X (sky130_fd_sc_hd__clkbuf_16)
     6    0.03                           clknet_1_1__leaf_clk (net)
                  0.05    0.00   25.33 ^ _446_/CLK (sky130_fd_sc_hd__dfrtp_1)
                         -0.25   25.08   clock uncertainty
                          0.00   25.08   clock reconvergence pessimism
                         -0.06   25.02   library setup time
                                 25.02   data required time
-----------------------------------------------------------------------------
                                 25.02   data required time
                                 -7.66   data arrival time
-----------------------------------------------------------------------------
                                 17.36   slack (MET)


Startpoint: _447_ (rising edge-triggered flip-flop clocked by clk)
Endpoint: sideband_out[3] (output port clocked by clk)
Path Group: clk
Path Type: max

Fanout     Cap    Slew   Delay    Time   Description
-----------------------------------------------------------------------------
                          0.00    0.00   clock clk (rise edge)
                          0.00    0.00   clock source latency
                  0.10    0.07    0.07 ^ clk (in)
     1    0.02                           clk (net)
                  0.10    0.00    0.07 ^ clkbuf_0_clk/A (sky130_fd_sc_hd__clkbuf_16)
                  0.04    0.15    0.22 ^ clkbuf_0_clk/X (sky130_fd_sc_hd__clkbuf_16)
     2    0.02                           clknet_0_clk (net)
                  0.04    0.00    0.22 ^ clkbuf_1_1__f_clk/A (sky130_fd_sc_hd__clkbuf_16)
                  0.05    0.14    0.36 ^ clkbuf_1_1__f_clk/X (sky130_fd_sc_hd__clkbuf_16)
     6    0.03                           clknet_1_1__leaf_clk (net)
                  0.05    0.00    0.36 ^ _447_/CLK (sky130_fd_sc_hd__dfrtp_1)
                  0.19    0.45    0.81 ^ _447_/Q (sky130_fd_sc_hd__dfrtp_1)
     2    0.02                           net31 (net)
                  0.19    0.00    0.81 ^ output31/A (sky130_fd_sc_hd__clkbuf_4)
                  0.11    0.25    1.06 ^ output31/X (sky130_fd_sc_hd__clkbuf_4)
     1    0.03                           sideband_out[3] (net)
                  0.11    0.00    1.06 ^ sideband_out[3] (out)
                                  1.06   data arrival time

                         25.00   25.00   clock clk (rise edge)
                          0.00   25.00   clock network delay (propagated)
                         -0.25   24.75   clock uncertainty
                          0.00   24.75   clock reconvergence pessimism
                         -5.00   19.75   output external delay
                                 19.75   data required time
-----------------------------------------------------------------------------
                                 19.75   data required time
                                 -1.06   data arrival time
-----------------------------------------------------------------------------
                                 18.69   slack (MET)


Startpoint: _445_ (rising edge-triggered flip-flop clocked by clk)
Endpoint: sideband_out[1] (output port clocked by clk)
Path Group: clk
Path Type: max

Fanout     Cap    Slew   Delay    Time   Description
-----------------------------------------------------------------------------
                          0.00    0.00   clock clk (rise edge)
                          0.00    0.00   clock source latency
                  0.10    0.07    0.07 ^ clk (in)
     1    0.02                           clk (net)
                  0.10    0.00    0.07 ^ clkbuf_0_clk/A (sky130_fd_sc_hd__clkbuf_16)
                  0.04    0.15    0.22 ^ clkbuf_0_clk/X (sky130_fd_sc_hd__clkbuf_16)
     2    0.02                           clknet_0_clk (net)
                  0.04    0.00    0.22 ^ clkbuf_1_1__f_clk/A (sky130_fd_sc_hd__clkbuf_16)
                  0.05    0.14    0.36 ^ clkbuf_1_1__f_clk/X (sky130_fd_sc_hd__clkbuf_16)
     6    0.03                           clknet_1_1__leaf_clk (net)
                  0.05    0.00    0.36 ^ _445_/CLK (sky130_fd_sc_hd__dfrtp_1)
                  0.17    0.44    0.80 ^ _445_/Q (sky130_fd_sc_hd__dfrtp_1)
     2    0.02                           net29 (net)
                  0.17    0.00    0.80 ^ output29/A (sky130_fd_sc_hd__clkbuf_4)
                  0.11    0.24    1.04 ^ output29/X (sky130_fd_sc_hd__clkbuf_4)
     1    0.03                           sideband_out[1] (net)
                  0.11    0.00    1.04 ^ sideband_out[1] (out)
                                  1.04   data arrival time

                         25.00   25.00   clock clk (rise edge)
                          0.00   25.00   clock network delay (propagated)
                         -0.25   24.75   clock uncertainty
                          0.00   24.75   clock reconvergence pessimism
                         -5.00   19.75   output external delay
                                 19.75   data required time
-----------------------------------------------------------------------------
                                 19.75   data required time
                                 -1.04   data arrival time
-----------------------------------------------------------------------------
                                 18.71   slack (MET)


Startpoint: _449_ (rising edge-triggered flip-flop clocked by clk)
Endpoint: sideband_out[5] (output port clocked by clk)
Path Group: clk
Path Type: max

Fanout     Cap    Slew   Delay    Time   Description
-----------------------------------------------------------------------------
                          0.00    0.00   clock clk (rise edge)
                          0.00    0.00   clock source latency
                  0.10    0.07    0.07 ^ clk (in)
     1    0.02                           clk (net)
                  0.10    0.00    0.07 ^ clkbuf_0_clk/A (sky130_fd_sc_hd__clkbuf_16)
                  0.04    0.15    0.22 ^ clkbuf_0_clk/X (sky130_fd_sc_hd__clkbuf_16)
     2    0.02                           clknet_0_clk (net)
                  0.04    0.00    0.22 ^ clkbuf_1_0__f_clk/A (sky130_fd_sc_hd__clkbuf_16)
                  0.04    0.13    0.35 ^ clkbuf_1_0__f_clk/X (sky130_fd_sc_hd__clkbuf_16)
     8    0.02                           clknet_1_0__leaf_clk (net)
                  0.04    0.00    0.36 ^ _449_/CLK (sky130_fd_sc_hd__dfrtp_1)
                  0.18    0.44    0.79 ^ _449_/Q (sky130_fd_sc_hd__dfrtp_1)
     2    0.02                           net33 (net)
                  0.18    0.00    0.80 ^ output33/A (sky130_fd_sc_hd__clkbuf_4)
                  0.11    0.24    1.04 ^ output33/X (sky130_fd_sc_hd__clkbuf_4)
     1    0.03                           sideband_out[5] (net)
                  0.11    0.00    1.04 ^ sideband_out[5] (out)
                                  1.04   data arrival time

                         25.00   25.00   clock clk (rise edge)
                          0.00   25.00   clock network delay (propagated)
                         -0.25   24.75   clock uncertainty
                          0.00   24.75   clock reconvergence pessimism
                         -5.00   19.75   output external delay
                                 19.75   data required time
-----------------------------------------------------------------------------
                                 19.75   data required time
                                 -1.04   data arrival time
-----------------------------------------------------------------------------
                                 18.71   slack (MET)


Startpoint: _448_ (rising edge-triggered flip-flop clocked by clk)
Endpoint: sideband_out[4] (output port clocked by clk)
Path Group: clk
Path Type: max

Fanout     Cap    Slew   Delay    Time   Description
-----------------------------------------------------------------------------
                          0.00    0.00   clock clk (rise edge)
                          0.00    0.00   clock source latency
                  0.10    0.07    0.07 ^ clk (in)
     1    0.02                           clk (net)
                  0.10    0.00    0.07 ^ clkbuf_0_clk/A (sky130_fd_sc_hd__clkbuf_16)
                  0.04    0.15    0.22 ^ clkbuf_0_clk/X (sky130_fd_sc_hd__clkbuf_16)
     2    0.02                           clknet_0_clk (net)
                  0.04    0.00    0.22 ^ clkbuf_1_1__f_clk/A (sky130_fd_sc_hd__clkbuf_16)
                  0.05    0.14    0.36 ^ clkbuf_1_1__f_clk/X (sky130_fd_sc_hd__clkbuf_16)
     6    0.03                           clknet_1_1__leaf_clk (net)
                  0.05    0.00    0.36 ^ _448_/CLK (sky130_fd_sc_hd__dfrtp_2)
                  0.09    0.46    0.82 v _448_/Q (sky130_fd_sc_hd__dfrtp_2)
     2    0.02                           net32 (net)
                  0.09    0.00    0.82 v output32/A (sky130_fd_sc_hd__clkbuf_4)
                  0.08    0.21    1.03 v output32/X (sky130_fd_sc_hd__clkbuf_4)
     1    0.03                           sideband_out[4] (net)
                  0.08    0.00    1.04 v sideband_out[4] (out)
                                  1.04   data arrival time

                         25.00   25.00   clock clk (rise edge)
                          0.00   25.00   clock network delay (propagated)
                         -0.25   24.75   clock uncertainty
                          0.00   24.75   clock reconvergence pessimism
                         -5.00   19.75   output external delay
                                 19.75   data required time
-----------------------------------------------------------------------------
                                 19.75   data required time
                                 -1.04   data arrival time
-----------------------------------------------------------------------------
                                 18.71   slack (MET)


Startpoint: _441_ (rising edge-triggered flip-flop clocked by clk)
Endpoint: int4_out[1] (output port clocked by clk)
Path Group: clk
Path Type: max

Fanout     Cap    Slew   Delay    Time   Description
-----------------------------------------------------------------------------
                          0.00    0.00   clock clk (rise edge)
                          0.00    0.00   clock source latency
                  0.10    0.07    0.07 ^ clk (in)
     1    0.02                           clk (net)
                  0.10    0.00    0.07 ^ clkbuf_0_clk/A (sky130_fd_sc_hd__clkbuf_16)
                  0.04    0.15    0.22 ^ clkbuf_0_clk/X (sky130_fd_sc_hd__clkbuf_16)
     2    0.02                           clknet_0_clk (net)
                  0.04    0.00    0.22 ^ clkbuf_1_0__f_clk/A (sky130_fd_sc_hd__clkbuf_16)
                  0.04    0.13    0.35 ^ clkbuf_1_0__f_clk/X (sky130_fd_sc_hd__clkbuf_16)
     8    0.02                           clknet_1_0__leaf_clk (net)
                  0.04    0.00    0.36 ^ _441_/CLK (sky130_fd_sc_hd__dfrtp_2)
                  0.09    0.47    0.82 v _441_/Q (sky130_fd_sc_hd__dfrtp_2)
     2    0.02                           net24 (net)
                  0.09    0.00    0.82 v output24/A (sky130_fd_sc_hd__buf_2)
                  0.09    0.21    1.03 v output24/X (sky130_fd_sc_hd__buf_2)
     1    0.03                           int4_out[1] (net)
                  0.09    0.00    1.03 v int4_out[1] (out)
                                  1.03   data arrival time

                         25.00   25.00   clock clk (rise edge)
                          0.00   25.00   clock network delay (propagated)
                         -0.25   24.75   clock uncertainty
                          0.00   24.75   clock reconvergence pessimism
                         -5.00   19.75   output external delay
                                 19.75   data required time
-----------------------------------------------------------------------------
                                 19.75   data required time
                                 -1.03   data arrival time
-----------------------------------------------------------------------------
                                 18.72   slack (MET)


Startpoint: _446_ (rising edge-triggered flip-flop clocked by clk)
Endpoint: sideband_out[2] (output port clocked by clk)
Path Group: clk
Path Type: max

Fanout     Cap    Slew   Delay    Time   Description
-----------------------------------------------------------------------------
                          0.00    0.00   clock clk (rise edge)
                          0.00    0.00   clock source latency
                  0.10    0.07    0.07 ^ clk (in)
     1    0.02                           clk (net)
                  0.10    0.00    0.07 ^ clkbuf_0_clk/A (sky130_fd_sc_hd__clkbuf_16)
                  0.04    0.15    0.22 ^ clkbuf_0_clk/X (sky130_fd_sc_hd__clkbuf_16)
     2    0.02                           clknet_0_clk (net)
                  0.04    0.00    0.22 ^ clkbuf_1_1__f_clk/A (sky130_fd_sc_hd__clkbuf_16)
                  0.05    0.14    0.36 ^ clkbuf_1_1__f_clk/X (sky130_fd_sc_hd__clkbuf_16)
     6    0.03                           clknet_1_1__leaf_clk (net)
                  0.05    0.00    0.36 ^ _446_/CLK (sky130_fd_sc_hd__dfrtp_1)
                  0.16    0.43    0.79 ^ _446_/Q (sky130_fd_sc_hd__dfrtp_1)
     2    0.02                           net30 (net)
                  0.16    0.00    0.79 ^ output30/A (sky130_fd_sc_hd__clkbuf_4)
                  0.11    0.24    1.03 ^ output30/X (sky130_fd_sc_hd__clkbuf_4)
     1    0.03                           sideband_out[2] (net)
                  0.11    0.00    1.03 ^ sideband_out[2] (out)
                                  1.03   data arrival time

                         25.00   25.00   clock clk (rise edge)
                          0.00   25.00   clock network delay (propagated)
                         -0.25   24.75   clock uncertainty
                          0.00   24.75   clock reconvergence pessimism
                         -5.00   19.75   output external delay
                                 19.75   data required time
-----------------------------------------------------------------------------
                                 19.75   data required time
                                 -1.03   data arrival time
-----------------------------------------------------------------------------
                                 18.72   slack (MET)


Startpoint: _450_ (rising edge-triggered flip-flop clocked by clk)
Endpoint: sideband_out[6] (output port clocked by clk)
Path Group: clk
Path Type: max

Fanout     Cap    Slew   Delay    Time   Description
-----------------------------------------------------------------------------
                          0.00    0.00   clock clk (rise edge)
                          0.00    0.00   clock source latency
                  0.10    0.07    0.07 ^ clk (in)
     1    0.02                           clk (net)
                  0.10    0.00    0.07 ^ clkbuf_0_clk/A (sky130_fd_sc_hd__clkbuf_16)
                  0.04    0.15    0.22 ^ clkbuf_0_clk/X (sky130_fd_sc_hd__clkbuf_16)
     2    0.02                           clknet_0_clk (net)
                  0.04    0.00    0.22 ^ clkbuf_1_0__f_clk/A (sky130_fd_sc_hd__clkbuf_16)
                  0.04    0.13    0.35 ^ clkbuf_1_0__f_clk/X (sky130_fd_sc_hd__clkbuf_16)
     8    0.02                           clknet_1_0__leaf_clk (net)
                  0.04    0.00    0.36 ^ _450_/CLK (sky130_fd_sc_hd__dfrtp_1)
                  0.16    0.43    0.78 ^ _450_/Q (sky130_fd_sc_hd__dfrtp_1)
     2    0.02                           net34 (net)
                  0.16    0.00    0.78 ^ output34/A (sky130_fd_sc_hd__clkbuf_4)
                  0.11    0.24    1.02 ^ output34/X (sky130_fd_sc_hd__clkbuf_4)
     1    0.03                           sideband_out[6] (net)
                  0.11    0.00    1.02 ^ sideband_out[6] (out)
                                  1.02   data arrival time

                         25.00   25.00   clock clk (rise edge)
                          0.00   25.00   clock network delay (propagated)
                         -0.25   24.75   clock uncertainty
                          0.00   24.75   clock reconvergence pessimism
                         -5.00   19.75   output external delay
                                 19.75   data required time
-----------------------------------------------------------------------------
                                 19.75   data required time
                                 -1.02   data arrival time
-----------------------------------------------------------------------------
                                 18.73   slack (MET)


Startpoint: _439_ (rising edge-triggered flip-flop clocked by clk)
Endpoint: valid_out (output port clocked by clk)
Path Group: clk
Path Type: max

Fanout     Cap    Slew   Delay    Time   Description
-----------------------------------------------------------------------------
                          0.00    0.00   clock clk (rise edge)
                          0.00    0.00   clock source latency
                  0.10    0.07    0.07 ^ clk (in)
     1    0.02                           clk (net)
                  0.10    0.00    0.07 ^ clkbuf_0_clk/A (sky130_fd_sc_hd__clkbuf_16)
                  0.04    0.15    0.22 ^ clkbuf_0_clk/X (sky130_fd_sc_hd__clkbuf_16)
     2    0.02                           clknet_0_clk (net)
                  0.04    0.00    0.22 ^ clkbuf_1_1__f_clk/A (sky130_fd_sc_hd__clkbuf_16)
                  0.05    0.14    0.36 ^ clkbuf_1_1__f_clk/X (sky130_fd_sc_hd__clkbuf_16)
     6    0.03                           clknet_1_1__leaf_clk (net)
                  0.05    0.00    0.36 ^ _439_/CLK (sky130_fd_sc_hd__dfrtp_1)
                  0.14    0.42    0.77 ^ _439_/Q (sky130_fd_sc_hd__dfrtp_1)
     1    0.02                           net36 (net)
                  0.14    0.00    0.78 ^ output36/A (sky130_fd_sc_hd__buf_2)
                  0.17    0.24    1.02 ^ output36/X (sky130_fd_sc_hd__buf_2)
     1    0.03                           valid_out (net)
                  0.17    0.00    1.02 ^ valid_out (out)
                                  1.02   data arrival time

                         25.00   25.00   clock clk (rise edge)
                          0.00   25.00   clock network delay (propagated)
                         -0.25   24.75   clock uncertainty
                          0.00   24.75   clock reconvergence pessimism
                         -5.00   19.75   output external delay
                                 19.75   data required time
-----------------------------------------------------------------------------
                                 19.75   data required time
                                 -1.02   data arrival time
-----------------------------------------------------------------------------
                                 18.73   slack (MET)


Startpoint: _443_ (rising edge-triggered flip-flop clocked by clk)
Endpoint: int4_out[3] (output port clocked by clk)
Path Group: clk
Path Type: max

Fanout     Cap    Slew   Delay    Time   Description
-----------------------------------------------------------------------------
                          0.00    0.00   clock clk (rise edge)
                          0.00    0.00   clock source latency
                  0.10    0.07    0.07 ^ clk (in)
     1    0.02                           clk (net)
                  0.10    0.00    0.07 ^ clkbuf_0_clk/A (sky130_fd_sc_hd__clkbuf_16)
                  0.04    0.15    0.22 ^ clkbuf_0_clk/X (sky130_fd_sc_hd__clkbuf_16)
     2    0.02                           clknet_0_clk (net)
                  0.04    0.00    0.22 ^ clkbuf_1_0__f_clk/A (sky130_fd_sc_hd__clkbuf_16)
                  0.04    0.13    0.35 ^ clkbuf_1_0__f_clk/X (sky130_fd_sc_hd__clkbuf_16)
     8    0.02                           clknet_1_0__leaf_clk (net)
                  0.04    0.00    0.36 ^ _443_/CLK (sky130_fd_sc_hd__dfrtp_1)
                  0.15    0.42    0.77 ^ _443_/Q (sky130_fd_sc_hd__dfrtp_1)
     2    0.02                           net26 (net)
                  0.15    0.00    0.78 ^ output26/A (sky130_fd_sc_hd__clkbuf_4)
                  0.11    0.23    1.01 ^ output26/X (sky130_fd_sc_hd__clkbuf_4)
     1    0.03                           int4_out[3] (net)
                  0.11    0.00    1.01 ^ int4_out[3] (out)
                                  1.01   data arrival time

                         25.00   25.00   clock clk (rise edge)
                          0.00   25.00   clock network delay (propagated)
                         -0.25   24.75   clock uncertainty
                          0.00   24.75   clock reconvergence pessimism
                         -5.00   19.75   output external delay
                                 19.75   data required time
-----------------------------------------------------------------------------
                                 19.75   data required time
                                 -1.01   data arrival time
-----------------------------------------------------------------------------
                                 18.74   slack (MET)


Startpoint: _451_ (rising edge-triggered flip-flop clocked by clk)
Endpoint: sideband_out[7] (output port clocked by clk)
Path Group: clk
Path Type: max

Fanout     Cap    Slew   Delay    Time   Description
-----------------------------------------------------------------------------
                          0.00    0.00   clock clk (rise edge)
                          0.00    0.00   clock source latency
                  0.10    0.07    0.07 ^ clk (in)
     1    0.02                           clk (net)
                  0.10    0.00    0.07 ^ clkbuf_0_clk/A (sky130_fd_sc_hd__clkbuf_16)
                  0.04    0.15    0.22 ^ clkbuf_0_clk/X (sky130_fd_sc_hd__clkbuf_16)
     2    0.02                           clknet_0_clk (net)
                  0.04    0.00    0.22 ^ clkbuf_1_0__f_clk/A (sky130_fd_sc_hd__clkbuf_16)
                  0.04    0.13    0.35 ^ clkbuf_1_0__f_clk/X (sky130_fd_sc_hd__clkbuf_16)
     8    0.02                           clknet_1_0__leaf_clk (net)
                  0.04    0.00    0.36 ^ _451_/CLK (sky130_fd_sc_hd__dfrtp_1)
                  0.09    0.43    0.79 v _451_/Q (sky130_fd_sc_hd__dfrtp_1)
     2    0.01                           net35 (net)
                  0.09    0.00    0.79 v output35/A (sky130_fd_sc_hd__clkbuf_4)
                  0.08    0.21    1.00 v output35/X (sky130_fd_sc_hd__clkbuf_4)
     1    0.03                           sideband_out[7] (net)
                  0.08    0.00    1.00 v sideband_out[7] (out)
                                  1.00   data arrival time

                         25.00   25.00   clock clk (rise edge)
                          0.00   25.00   clock network delay (propagated)
                         -0.25   24.75   clock uncertainty
                          0.00   24.75   clock reconvergence pessimism
                         -5.00   19.75   output external delay
                                 19.75   data required time
-----------------------------------------------------------------------------
                                 19.75   data required time
                                 -1.00   data arrival time
-----------------------------------------------------------------------------
                                 18.75   slack (MET)


Startpoint: _444_ (rising edge-triggered flip-flop clocked by clk)
Endpoint: sideband_out[0] (output port clocked by clk)
Path Group: clk
Path Type: max

Fanout     Cap    Slew   Delay    Time   Description
-----------------------------------------------------------------------------
                          0.00    0.00   clock clk (rise edge)
                          0.00    0.00   clock source latency
                  0.10    0.07    0.07 ^ clk (in)
     1    0.02                           clk (net)
                  0.10    0.00    0.07 ^ clkbuf_0_clk/A (sky130_fd_sc_hd__clkbuf_16)
                  0.04    0.15    0.22 ^ clkbuf_0_clk/X (sky130_fd_sc_hd__clkbuf_16)
     2    0.02                           clknet_0_clk (net)
                  0.04    0.00    0.22 ^ clkbuf_1_0__f_clk/A (sky130_fd_sc_hd__clkbuf_16)
                  0.04    0.13    0.35 ^ clkbuf_1_0__f_clk/X (sky130_fd_sc_hd__clkbuf_16)
     8    0.02                           clknet_1_0__leaf_clk (net)
                  0.04    0.00    0.36 ^ _444_/CLK (sky130_fd_sc_hd__dfrtp_1)
                  0.08    0.42    0.77 v _444_/Q (sky130_fd_sc_hd__dfrtp_1)
     2    0.01                           net28 (net)
                  0.08    0.00    0.77 v output28/A (sky130_fd_sc_hd__clkbuf_4)
                  0.08    0.21    0.98 v output28/X (sky130_fd_sc_hd__clkbuf_4)
     1    0.03                           sideband_out[0] (net)
                  0.08    0.00    0.98 v sideband_out[0] (out)
                                  0.98   data arrival time

                         25.00   25.00   clock clk (rise edge)
                          0.00   25.00   clock network delay (propagated)
                         -0.25   24.75   clock uncertainty
                          0.00   24.75   clock reconvergence pessimism
                         -5.00   19.75   output external delay
                                 19.75   data required time
-----------------------------------------------------------------------------
                                 19.75   data required time
                                 -0.98   data arrival time
-----------------------------------------------------------------------------
                                 18.77   slack (MET)


Startpoint: _442_ (rising edge-triggered flip-flop clocked by clk)
Endpoint: int4_out[2] (output port clocked by clk)
Path Group: clk
Path Type: max

Fanout     Cap    Slew   Delay    Time   Description
-----------------------------------------------------------------------------
                          0.00    0.00   clock clk (rise edge)
                          0.00    0.00   clock source latency
                  0.10    0.07    0.07 ^ clk (in)
     1    0.02                           clk (net)
                  0.10    0.00    0.07 ^ clkbuf_0_clk/A (sky130_fd_sc_hd__clkbuf_16)
                  0.04    0.15    0.22 ^ clkbuf_0_clk/X (sky130_fd_sc_hd__clkbuf_16)
     2    0.02                           clknet_0_clk (net)
                  0.04    0.00    0.22 ^ clkbuf_1_0__f_clk/A (sky130_fd_sc_hd__clkbuf_16)
                  0.04    0.13    0.35 ^ clkbuf_1_0__f_clk/X (sky130_fd_sc_hd__clkbuf_16)
     8    0.02                           clknet_1_0__leaf_clk (net)
                  0.04    0.00    0.36 ^ _442_/CLK (sky130_fd_sc_hd__dfrtp_1)
                  0.07    0.41    0.77 v _442_/Q (sky130_fd_sc_hd__dfrtp_1)
     2    0.01                           net25 (net)
                  0.07    0.00    0.77 v output25/A (sky130_fd_sc_hd__clkbuf_4)
                  0.08    0.21    0.98 v output25/X (sky130_fd_sc_hd__clkbuf_4)
     1    0.03                           int4_out[2] (net)
                  0.08    0.00    0.98 v int4_out[2] (out)
                                  0.98   data arrival time

                         25.00   25.00   clock clk (rise edge)
                          0.00   25.00   clock network delay (propagated)
                         -0.25   24.75   clock uncertainty
                          0.00   24.75   clock reconvergence pessimism
                         -5.00   19.75   output external delay
                                 19.75   data required time
-----------------------------------------------------------------------------
                                 19.75   data required time
                                 -0.98   data arrival time
-----------------------------------------------------------------------------
                                 18.77   slack (MET)


Startpoint: _440_ (rising edge-triggered flip-flop clocked by clk)
Endpoint: int4_out[0] (output port clocked by clk)
Path Group: clk
Path Type: max

Fanout     Cap    Slew   Delay    Time   Description
-----------------------------------------------------------------------------
                          0.00    0.00   clock clk (rise edge)
                          0.00    0.00   clock source latency
                  0.10    0.07    0.07 ^ clk (in)
     1    0.02                           clk (net)
                  0.10    0.00    0.07 ^ clkbuf_0_clk/A (sky130_fd_sc_hd__clkbuf_16)
                  0.04    0.15    0.22 ^ clkbuf_0_clk/X (sky130_fd_sc_hd__clkbuf_16)
     2    0.02                           clknet_0_clk (net)
                  0.04    0.00    0.22 ^ clkbuf_1_0__f_clk/A (sky130_fd_sc_hd__clkbuf_16)
                  0.04    0.13    0.35 ^ clkbuf_1_0__f_clk/X (sky130_fd_sc_hd__clkbuf_16)
     8    0.02                           clknet_1_0__leaf_clk (net)
                  0.04    0.00    0.36 ^ _440_/CLK (sky130_fd_sc_hd__dfrtp_1)
                  0.07    0.41    0.76 v _440_/Q (sky130_fd_sc_hd__dfrtp_1)
     2    0.01                           net23 (net)
                  0.07    0.00    0.76 v output23/A (sky130_fd_sc_hd__clkbuf_4)
                  0.08    0.20    0.97 v output23/X (sky130_fd_sc_hd__clkbuf_4)
     1    0.03                           int4_out[0] (net)
                  0.08    0.00    0.97 v int4_out[0] (out)
                                  0.97   data arrival time

                         25.00   25.00   clock clk (rise edge)
                          0.00   25.00   clock network delay (propagated)
                         -0.25   24.75   clock uncertainty
                          0.00   24.75   clock reconvergence pessimism
                         -5.00   19.75   output external delay
                                 19.75   data required time
-----------------------------------------------------------------------------
                                 19.75   data required time
                                 -0.97   data arrival time
-----------------------------------------------------------------------------
                                 18.78   slack (MET)


Startpoint: _438_ (rising edge-triggered flip-flop clocked by clk)
Endpoint: is_outlier (output port clocked by clk)
Path Group: clk
Path Type: max

Fanout     Cap    Slew   Delay    Time   Description
-----------------------------------------------------------------------------
                          0.00    0.00   clock clk (rise edge)
                          0.00    0.00   clock source latency
                  0.10    0.07    0.07 ^ clk (in)
     1    0.02                           clk (net)
                  0.10    0.00    0.07 ^ clkbuf_0_clk/A (sky130_fd_sc_hd__clkbuf_16)
                  0.04    0.15    0.22 ^ clkbuf_0_clk/X (sky130_fd_sc_hd__clkbuf_16)
     2    0.02                           clknet_0_clk (net)
                  0.04    0.00    0.22 ^ clkbuf_1_1__f_clk/A (sky130_fd_sc_hd__clkbuf_16)
                  0.05    0.14    0.36 ^ clkbuf_1_1__f_clk/X (sky130_fd_sc_hd__clkbuf_16)
     6    0.03                           clknet_1_1__leaf_clk (net)
                  0.05    0.00    0.36 ^ _438_/CLK (sky130_fd_sc_hd__dfrtp_1)
                  0.06    0.40    0.76 v _438_/Q (sky130_fd_sc_hd__dfrtp_1)
     2    0.01                           net27 (net)
                  0.06    0.00    0.76 v output27/A (sky130_fd_sc_hd__clkbuf_4)
                  0.08    0.20    0.96 v output27/X (sky130_fd_sc_hd__clkbuf_4)
     1    0.03                           is_outlier (net)
                  0.08    0.00    0.96 v is_outlier (out)
                                  0.96   data arrival time

                         25.00   25.00   clock clk (rise edge)
                          0.00   25.00   clock network delay (propagated)
                         -0.25   24.75   clock uncertainty
                          0.00   24.75   clock reconvergence pessimism
                         -5.00   19.75   output external delay
                                 19.75   data required time
-----------------------------------------------------------------------------
                                 19.75   data required time
                                 -0.96   data arrival time
-----------------------------------------------------------------------------
                                 18.79   slack (MET)


Startpoint: valid_in (input port clocked by clk)
Endpoint: _439_ (rising edge-triggered flip-flop clocked by clk)
Path Group: clk
Path Type: max

Fanout     Cap    Slew   Delay    Time   Description
-----------------------------------------------------------------------------
                          0.00    0.00   clock clk (rise edge)
                          0.00    0.00   clock network delay (propagated)
                          5.00    5.00 v input external delay
                  0.01    0.01    5.01 v valid_in (in)
     1    0.00                           valid_in (net)
                  0.01    0.00    5.01 v input22/A (sky130_fd_sc_hd__clkbuf_2)
                  0.10    0.16    5.16 v input22/X (sky130_fd_sc_hd__clkbuf_2)
     2    0.03                           net22 (net)
                  0.10    0.00    5.16 v _439_/D (sky130_fd_sc_hd__dfrtp_1)
                                  5.16   data arrival time

                         25.00   25.00   clock clk (rise edge)
                          0.00   25.00   clock source latency
                  0.10    0.06   25.06 ^ clk (in)
     1    0.02                           clk (net)
                  0.10    0.00   25.06 ^ clkbuf_0_clk/A (sky130_fd_sc_hd__clkbuf_16)
                  0.04    0.14   25.20 ^ clkbuf_0_clk/X (sky130_fd_sc_hd__clkbuf_16)
     2    0.02                           clknet_0_clk (net)
                  0.04    0.00   25.20 ^ clkbuf_1_1__f_clk/A (sky130_fd_sc_hd__clkbuf_16)
                  0.05    0.12   25.32 ^ clkbuf_1_1__f_clk/X (sky130_fd_sc_hd__clkbuf_16)
     6    0.03                           clknet_1_1__leaf_clk (net)
                  0.05    0.00   25.32 ^ _439_/CLK (sky130_fd_sc_hd__dfrtp_1)
                         -0.25   25.07   clock uncertainty
                          0.00   25.07   clock reconvergence pessimism
                         -0.14   24.94   library setup time
                                 24.94   data required time
-----------------------------------------------------------------------------
                                 24.94   data required time
                                 -5.16   data arrival time
-----------------------------------------------------------------------------
                                 19.77   slack (MET)


Startpoint: rst_n (input port clocked by clk)
Endpoint: _441_ (recovery check against rising-edge clock clk)
Path Group: asynchronous
Path Type: max

Fanout     Cap    Slew   Delay    Time   Description
-----------------------------------------------------------------------------
                          0.00    0.00   clock clk (rise edge)
                          0.00    0.00   clock network delay (propagated)
                          5.00    5.00 ^ input external delay
                  0.02    0.01    5.01 ^ rst_n (in)
     1    0.00                           rst_n (net)
                  0.02    0.00    5.01 ^ input9/A (sky130_fd_sc_hd__buf_2)
                  0.16    0.19    5.19 ^ input9/X (sky130_fd_sc_hd__buf_2)
     5    0.03                           net9 (net)
                  0.16    0.00    5.20 ^ fanout37/A (sky130_fd_sc_hd__clkbuf_4)
                  0.16    0.27    5.47 ^ fanout37/X (sky130_fd_sc_hd__clkbuf_4)
    10    0.05                           net37 (net)
                  0.16    0.00    5.47 ^ _441_/RESET_B (sky130_fd_sc_hd__dfrtp_2)
                                  5.47   data arrival time

                         25.00   25.00   clock clk (rise edge)
                          0.00   25.00   clock source latency
                  0.10    0.06   25.06 ^ clk (in)
     1    0.02                           clk (net)
                  0.10    0.00   25.06 ^ clkbuf_0_clk/A (sky130_fd_sc_hd__clkbuf_16)
                  0.04    0.14   25.20 ^ clkbuf_0_clk/X (sky130_fd_sc_hd__clkbuf_16)
     2    0.02                           clknet_0_clk (net)
                  0.04    0.00   25.20 ^ clkbuf_1_0__f_clk/A (sky130_fd_sc_hd__clkbuf_16)
                  0.04    0.12   25.32 ^ clkbuf_1_0__f_clk/X (sky130_fd_sc_hd__clkbuf_16)
     8    0.02                           clknet_1_0__leaf_clk (net)
                  0.04    0.00   25.32 ^ _441_/CLK (sky130_fd_sc_hd__dfrtp_2)
                         -0.25   25.07   clock uncertainty
                          0.00   25.07   clock reconvergence pessimism
                          0.19   25.26   library recovery time
                                 25.26   data required time
-----------------------------------------------------------------------------
                                 25.26   data required time
                                 -5.47   data arrival time
-----------------------------------------------------------------------------
                                 19.79   slack (MET)


Startpoint: rst_n (input port clocked by clk)
Endpoint: _443_ (recovery check against rising-edge clock clk)
Path Group: asynchronous
Path Type: max

Fanout     Cap    Slew   Delay    Time   Description
-----------------------------------------------------------------------------
                          0.00    0.00   clock clk (rise edge)
                          0.00    0.00   clock network delay (propagated)
                          5.00    5.00 ^ input external delay
                  0.02    0.01    5.01 ^ rst_n (in)
     1    0.00                           rst_n (net)
                  0.02    0.00    5.01 ^ input9/A (sky130_fd_sc_hd__buf_2)
                  0.16    0.19    5.19 ^ input9/X (sky130_fd_sc_hd__buf_2)
     5    0.03                           net9 (net)
                  0.16    0.00    5.20 ^ fanout37/A (sky130_fd_sc_hd__clkbuf_4)
                  0.16    0.27    5.47 ^ fanout37/X (sky130_fd_sc_hd__clkbuf_4)
    10    0.05                           net37 (net)
                  0.16    0.00    5.47 ^ _443_/RESET_B (sky130_fd_sc_hd__dfrtp_1)
                                  5.47   data arrival time

                         25.00   25.00   clock clk (rise edge)
                          0.00   25.00   clock source latency
                  0.10    0.06   25.06 ^ clk (in)
     1    0.02                           clk (net)
                  0.10    0.00   25.06 ^ clkbuf_0_clk/A (sky130_fd_sc_hd__clkbuf_16)
                  0.04    0.14   25.20 ^ clkbuf_0_clk/X (sky130_fd_sc_hd__clkbuf_16)
     2    0.02                           clknet_0_clk (net)
                  0.04    0.00   25.20 ^ clkbuf_1_0__f_clk/A (sky130_fd_sc_hd__clkbuf_16)
                  0.04    0.12   25.32 ^ clkbuf_1_0__f_clk/X (sky130_fd_sc_hd__clkbuf_16)
     8    0.02                           clknet_1_0__leaf_clk (net)
                  0.04    0.00   25.32 ^ _443_/CLK (sky130_fd_sc_hd__dfrtp_1)
                         -0.25   25.07   clock uncertainty
                          0.00   25.07   clock reconvergence pessimism
                          0.20   25.27   library recovery time
                                 25.27   data required time
-----------------------------------------------------------------------------
                                 25.27   data required time
                                 -5.47   data arrival time
-----------------------------------------------------------------------------
                                 19.80   slack (MET)


Startpoint: rst_n (input port clocked by clk)
Endpoint: _440_ (recovery check against rising-edge clock clk)
Path Group: asynchronous
Path Type: max

Fanout     Cap    Slew   Delay    Time   Description
-----------------------------------------------------------------------------
                          0.00    0.00   clock clk (rise edge)
                          0.00    0.00   clock network delay (propagated)
                          5.00    5.00 ^ input external delay
                  0.02    0.01    5.01 ^ rst_n (in)
     1    0.00                           rst_n (net)
                  0.02    0.00    5.01 ^ input9/A (sky130_fd_sc_hd__buf_2)
                  0.16    0.19    5.19 ^ input9/X (sky130_fd_sc_hd__buf_2)
     5    0.03                           net9 (net)
                  0.16    0.00    5.20 ^ fanout37/A (sky130_fd_sc_hd__clkbuf_4)
                  0.16    0.27    5.47 ^ fanout37/X (sky130_fd_sc_hd__clkbuf_4)
    10    0.05                           net37 (net)
                  0.16    0.00    5.47 ^ _440_/RESET_B (sky130_fd_sc_hd__dfrtp_1)
                                  5.47   data arrival time

                         25.00   25.00   clock clk (rise edge)
                          0.00   25.00   clock source latency
                  0.10    0.06   25.06 ^ clk (in)
     1    0.02                           clk (net)
                  0.10    0.00   25.06 ^ clkbuf_0_clk/A (sky130_fd_sc_hd__clkbuf_16)
                  0.04    0.14   25.20 ^ clkbuf_0_clk/X (sky130_fd_sc_hd__clkbuf_16)
     2    0.02                           clknet_0_clk (net)
                  0.04    0.00   25.20 ^ clkbuf_1_0__f_clk/A (sky130_fd_sc_hd__clkbuf_16)
                  0.04    0.12   25.32 ^ clkbuf_1_0__f_clk/X (sky130_fd_sc_hd__clkbuf_16)
     8    0.02                           clknet_1_0__leaf_clk (net)
                  0.04    0.00   25.32 ^ _440_/CLK (sky130_fd_sc_hd__dfrtp_1)
                         -0.25   25.07   clock uncertainty
                          0.00   25.07   clock reconvergence pessimism
                          0.20   25.27   library recovery time
                                 25.27   data required time
-----------------------------------------------------------------------------
                                 25.27   data required time
                                 -5.47   data arrival time
-----------------------------------------------------------------------------
                                 19.80   slack (MET)


Startpoint: rst_n (input port clocked by clk)
Endpoint: _442_ (recovery check against rising-edge clock clk)
Path Group: asynchronous
Path Type: max

Fanout     Cap    Slew   Delay    Time   Description
-----------------------------------------------------------------------------
                          0.00    0.00   clock clk (rise edge)
                          0.00    0.00   clock network delay (propagated)
                          5.00    5.00 ^ input external delay
                  0.02    0.01    5.01 ^ rst_n (in)
     1    0.00                           rst_n (net)
                  0.02    0.00    5.01 ^ input9/A (sky130_fd_sc_hd__buf_2)
                  0.16    0.19    5.19 ^ input9/X (sky130_fd_sc_hd__buf_2)
     5    0.03                           net9 (net)
                  0.16    0.00    5.20 ^ fanout37/A (sky130_fd_sc_hd__clkbuf_4)
                  0.16    0.27    5.47 ^ fanout37/X (sky130_fd_sc_hd__clkbuf_4)
    10    0.05                           net37 (net)
                  0.16    0.00    5.47 ^ _442_/RESET_B (sky130_fd_sc_hd__dfrtp_1)
                                  5.47   data arrival time

                         25.00   25.00   clock clk (rise edge)
                          0.00   25.00   clock source latency
                  0.10    0.06   25.06 ^ clk (in)
     1    0.02                           clk (net)
                  0.10    0.00   25.06 ^ clkbuf_0_clk/A (sky130_fd_sc_hd__clkbuf_16)
                  0.04    0.14   25.20 ^ clkbuf_0_clk/X (sky130_fd_sc_hd__clkbuf_16)
     2    0.02                           clknet_0_clk (net)
                  0.04    0.00   25.20 ^ clkbuf_1_0__f_clk/A (sky130_fd_sc_hd__clkbuf_16)
                  0.04    0.12   25.32 ^ clkbuf_1_0__f_clk/X (sky130_fd_sc_hd__clkbuf_16)
     8    0.02                           clknet_1_0__leaf_clk (net)
                  0.04    0.00   25.32 ^ _442_/CLK (sky130_fd_sc_hd__dfrtp_1)
                         -0.25   25.07   clock uncertainty
                          0.00   25.07   clock reconvergence pessimism
                          0.20   25.27   library recovery time
                                 25.27   data required time
-----------------------------------------------------------------------------
                                 25.27   data required time
                                 -5.47   data arrival time
-----------------------------------------------------------------------------
                                 19.80   slack (MET)


Startpoint: rst_n (input port clocked by clk)
Endpoint: _451_ (recovery check against rising-edge clock clk)
Path Group: asynchronous
Path Type: max

Fanout     Cap    Slew   Delay    Time   Description
-----------------------------------------------------------------------------
                          0.00    0.00   clock clk (rise edge)
                          0.00    0.00   clock network delay (propagated)
                          5.00    5.00 ^ input external delay
                  0.02    0.01    5.01 ^ rst_n (in)
     1    0.00                           rst_n (net)
                  0.02    0.00    5.01 ^ input9/A (sky130_fd_sc_hd__buf_2)
                  0.16    0.19    5.19 ^ input9/X (sky130_fd_sc_hd__buf_2)
     5    0.03                           net9 (net)
                  0.16    0.00    5.20 ^ fanout37/A (sky130_fd_sc_hd__clkbuf_4)
                  0.16    0.27    5.47 ^ fanout37/X (sky130_fd_sc_hd__clkbuf_4)
    10    0.05                           net37 (net)
                  0.16    0.00    5.47 ^ _451_/RESET_B (sky130_fd_sc_hd__dfrtp_1)
                                  5.47   data arrival time

                         25.00   25.00   clock clk (rise edge)
                          0.00   25.00   clock source latency
                  0.10    0.06   25.06 ^ clk (in)
     1    0.02                           clk (net)
                  0.10    0.00   25.06 ^ clkbuf_0_clk/A (sky130_fd_sc_hd__clkbuf_16)
                  0.04    0.14   25.20 ^ clkbuf_0_clk/X (sky130_fd_sc_hd__clkbuf_16)
     2    0.02                           clknet_0_clk (net)
                  0.04    0.00   25.20 ^ clkbuf_1_0__f_clk/A (sky130_fd_sc_hd__clkbuf_16)
                  0.04    0.12   25.32 ^ clkbuf_1_0__f_clk/X (sky130_fd_sc_hd__clkbuf_16)
     8    0.02                           clknet_1_0__leaf_clk (net)
                  0.04    0.00   25.32 ^ _451_/CLK (sky130_fd_sc_hd__dfrtp_1)
                         -0.25   25.07   clock uncertainty
                          0.00   25.07   clock reconvergence pessimism
                          0.20   25.27   library recovery time
                                 25.27   data required time
-----------------------------------------------------------------------------
                                 25.27   data required time
                                 -5.47   data arrival time
-----------------------------------------------------------------------------
                                 19.80   slack (MET)


Startpoint: rst_n (input port clocked by clk)
Endpoint: _449_ (recovery check against rising-edge clock clk)
Path Group: asynchronous
Path Type: max

Fanout     Cap    Slew   Delay    Time   Description
-----------------------------------------------------------------------------
                          0.00    0.00   clock clk (rise edge)
                          0.00    0.00   clock network delay (propagated)
                          5.00    5.00 ^ input external delay
                  0.02    0.01    5.01 ^ rst_n (in)
     1    0.00                           rst_n (net)
                  0.02    0.00    5.01 ^ input9/A (sky130_fd_sc_hd__buf_2)
                  0.16    0.19    5.19 ^ input9/X (sky130_fd_sc_hd__buf_2)
     5    0.03                           net9 (net)
                  0.16    0.00    5.20 ^ fanout37/A (sky130_fd_sc_hd__clkbuf_4)
                  0.16    0.27    5.47 ^ fanout37/X (sky130_fd_sc_hd__clkbuf_4)
    10    0.05                           net37 (net)
                  0.16    0.00    5.47 ^ _449_/RESET_B (sky130_fd_sc_hd__dfrtp_1)
                                  5.47   data arrival time

                         25.00   25.00   clock clk (rise edge)
                          0.00   25.00   clock source latency
                  0.10    0.06   25.06 ^ clk (in)
     1    0.02                           clk (net)
                  0.10    0.00   25.06 ^ clkbuf_0_clk/A (sky130_fd_sc_hd__clkbuf_16)
                  0.04    0.14   25.20 ^ clkbuf_0_clk/X (sky130_fd_sc_hd__clkbuf_16)
     2    0.02                           clknet_0_clk (net)
                  0.04    0.00   25.20 ^ clkbuf_1_0__f_clk/A (sky130_fd_sc_hd__clkbuf_16)
                  0.04    0.12   25.32 ^ clkbuf_1_0__f_clk/X (sky130_fd_sc_hd__clkbuf_16)
     8    0.02                           clknet_1_0__leaf_clk (net)
                  0.04    0.00   25.32 ^ _449_/CLK (sky130_fd_sc_hd__dfrtp_1)
                         -0.25   25.07   clock uncertainty
                          0.00   25.07   clock reconvergence pessimism
                          0.20   25.27   library recovery time
                                 25.27   data required time
-----------------------------------------------------------------------------
                                 25.27   data required time
                                 -5.47   data arrival time
-----------------------------------------------------------------------------
                                 19.80   slack (MET)


Startpoint: rst_n (input port clocked by clk)
Endpoint: _450_ (recovery check against rising-edge clock clk)
Path Group: asynchronous
Path Type: max

Fanout     Cap    Slew   Delay    Time   Description
-----------------------------------------------------------------------------
                          0.00    0.00   clock clk (rise edge)
                          0.00    0.00   clock network delay (propagated)
                          5.00    5.00 ^ input external delay
                  0.02    0.01    5.01 ^ rst_n (in)
     1    0.00                           rst_n (net)
                  0.02    0.00    5.01 ^ input9/A (sky130_fd_sc_hd__buf_2)
                  0.16    0.19    5.19 ^ input9/X (sky130_fd_sc_hd__buf_2)
     5    0.03                           net9 (net)
                  0.16    0.00    5.20 ^ fanout37/A (sky130_fd_sc_hd__clkbuf_4)
                  0.16    0.27    5.47 ^ fanout37/X (sky130_fd_sc_hd__clkbuf_4)
    10    0.05                           net37 (net)
                  0.16    0.00    5.47 ^ _450_/RESET_B (sky130_fd_sc_hd__dfrtp_1)
                                  5.47   data arrival time

                         25.00   25.00   clock clk (rise edge)
                          0.00   25.00   clock source latency
                  0.10    0.06   25.06 ^ clk (in)
     1    0.02                           clk (net)
                  0.10    0.00   25.06 ^ clkbuf_0_clk/A (sky130_fd_sc_hd__clkbuf_16)
                  0.04    0.14   25.20 ^ clkbuf_0_clk/X (sky130_fd_sc_hd__clkbuf_16)
     2    0.02                           clknet_0_clk (net)
                  0.04    0.00   25.20 ^ clkbuf_1_0__f_clk/A (sky130_fd_sc_hd__clkbuf_16)
                  0.04    0.12   25.32 ^ clkbuf_1_0__f_clk/X (sky130_fd_sc_hd__clkbuf_16)
     8    0.02                           clknet_1_0__leaf_clk (net)
                  0.04    0.00   25.32 ^ _450_/CLK (sky130_fd_sc_hd__dfrtp_1)
                         -0.25   25.07   clock uncertainty
                          0.00   25.07   clock reconvergence pessimism
                          0.20   25.27   library recovery time
                                 25.27   data required time
-----------------------------------------------------------------------------
                                 25.27   data required time
                                 -5.47   data arrival time
-----------------------------------------------------------------------------
                                 19.80   slack (MET)


Startpoint: rst_n (input port clocked by clk)
Endpoint: _444_ (recovery check against rising-edge clock clk)
Path Group: asynchronous
Path Type: max

Fanout     Cap    Slew   Delay    Time   Description
-----------------------------------------------------------------------------
                          0.00    0.00   clock clk (rise edge)
                          0.00    0.00   clock network delay (propagated)
                          5.00    5.00 ^ input external delay
                  0.02    0.01    5.01 ^ rst_n (in)
     1    0.00                           rst_n (net)
                  0.02    0.00    5.01 ^ input9/A (sky130_fd_sc_hd__buf_2)
                  0.16    0.19    5.19 ^ input9/X (sky130_fd_sc_hd__buf_2)
     5    0.03                           net9 (net)
                  0.16    0.00    5.20 ^ fanout37/A (sky130_fd_sc_hd__clkbuf_4)
                  0.16    0.27    5.47 ^ fanout37/X (sky130_fd_sc_hd__clkbuf_4)
    10    0.05                           net37 (net)
                  0.16    0.00    5.47 ^ _444_/RESET_B (sky130_fd_sc_hd__dfrtp_1)
                                  5.47   data arrival time

                         25.00   25.00   clock clk (rise edge)
                          0.00   25.00   clock source latency
                  0.10    0.06   25.06 ^ clk (in)
     1    0.02                           clk (net)
                  0.10    0.00   25.06 ^ clkbuf_0_clk/A (sky130_fd_sc_hd__clkbuf_16)
                  0.04    0.14   25.20 ^ clkbuf_0_clk/X (sky130_fd_sc_hd__clkbuf_16)
     2    0.02                           clknet_0_clk (net)
                  0.04    0.00   25.20 ^ clkbuf_1_0__f_clk/A (sky130_fd_sc_hd__clkbuf_16)
                  0.04    0.12   25.32 ^ clkbuf_1_0__f_clk/X (sky130_fd_sc_hd__clkbuf_16)
     8    0.02                           clknet_1_0__leaf_clk (net)
                  0.04    0.00   25.32 ^ _444_/CLK (sky130_fd_sc_hd__dfrtp_1)
                         -0.25   25.07   clock uncertainty
                          0.00   25.07   clock reconvergence pessimism
                          0.20   25.27   library recovery time
                                 25.27   data required time
-----------------------------------------------------------------------------
                                 25.27   data required time
                                 -5.47   data arrival time
-----------------------------------------------------------------------------
                                 19.80   slack (MET)


Startpoint: rst_n (input port clocked by clk)
Endpoint: _438_ (recovery check against rising-edge clock clk)
Path Group: asynchronous
Path Type: max

Fanout     Cap    Slew   Delay    Time   Description
-----------------------------------------------------------------------------
                          0.00    0.00   clock clk (rise edge)
                          0.00    0.00   clock network delay (propagated)
                          5.00    5.00 ^ input external delay
                  0.02    0.01    5.01 ^ rst_n (in)
     1    0.00                           rst_n (net)
                  0.02    0.00    5.01 ^ input9/A (sky130_fd_sc_hd__buf_2)
                  0.16    0.19    5.19 ^ input9/X (sky130_fd_sc_hd__buf_2)
     5    0.03                           net9 (net)
                  0.16    0.00    5.20 ^ fanout37/A (sky130_fd_sc_hd__clkbuf_4)
                  0.16    0.27    5.47 ^ fanout37/X (sky130_fd_sc_hd__clkbuf_4)
    10    0.05                           net37 (net)
                  0.16    0.00    5.47 ^ _438_/RESET_B (sky130_fd_sc_hd__dfrtp_1)
                                  5.47   data arrival time

                         25.00   25.00   clock clk (rise edge)
                          0.00   25.00   clock source latency
                  0.10    0.06   25.06 ^ clk (in)
     1    0.02                           clk (net)
                  0.10    0.00   25.06 ^ clkbuf_0_clk/A (sky130_fd_sc_hd__clkbuf_16)
                  0.04    0.14   25.20 ^ clkbuf_0_clk/X (sky130_fd_sc_hd__clkbuf_16)
     2    0.02                           clknet_0_clk (net)
                  0.04    0.00   25.20 ^ clkbuf_1_1__f_clk/A (sky130_fd_sc_hd__clkbuf_16)
                  0.05    0.12   25.32 ^ clkbuf_1_1__f_clk/X (sky130_fd_sc_hd__clkbuf_16)
     6    0.03                           clknet_1_1__leaf_clk (net)
                  0.05    0.00   25.32 ^ _438_/CLK (sky130_fd_sc_hd__dfrtp_1)
                         -0.25   25.07   clock uncertainty
                          0.00   25.07   clock reconvergence pessimism
                          0.20   25.28   library recovery time
                                 25.28   data required time
-----------------------------------------------------------------------------
                                 25.28   data required time
                                 -5.47   data arrival time
-----------------------------------------------------------------------------
                                 19.81   slack (MET)


Startpoint: rst_n (input port clocked by clk)
Endpoint: _439_ (recovery check against rising-edge clock clk)
Path Group: asynchronous
Path Type: max

Fanout     Cap    Slew   Delay    Time   Description
-----------------------------------------------------------------------------
                          0.00    0.00   clock clk (rise edge)
                          0.00    0.00   clock network delay (propagated)
                          5.00    5.00 ^ input external delay
                  0.02    0.01    5.01 ^ rst_n (in)
     1    0.00                           rst_n (net)
                  0.02    0.00    5.01 ^ input9/A (sky130_fd_sc_hd__buf_2)
                  0.16    0.19    5.19 ^ input9/X (sky130_fd_sc_hd__buf_2)
     5    0.03                           net9 (net)
                  0.16    0.00    5.20 ^ fanout37/A (sky130_fd_sc_hd__clkbuf_4)
                  0.16    0.27    5.47 ^ fanout37/X (sky130_fd_sc_hd__clkbuf_4)
    10    0.05                           net37 (net)
                  0.16    0.00    5.47 ^ _439_/RESET_B (sky130_fd_sc_hd__dfrtp_1)
                                  5.47   data arrival time

                         25.00   25.00   clock clk (rise edge)
                          0.00   25.00   clock source latency
                  0.10    0.06   25.06 ^ clk (in)
     1    0.02                           clk (net)
                  0.10    0.00   25.06 ^ clkbuf_0_clk/A (sky130_fd_sc_hd__clkbuf_16)
                  0.04    0.14   25.20 ^ clkbuf_0_clk/X (sky130_fd_sc_hd__clkbuf_16)
     2    0.02                           clknet_0_clk (net)
                  0.04    0.00   25.20 ^ clkbuf_1_1__f_clk/A (sky130_fd_sc_hd__clkbuf_16)
                  0.05    0.12   25.32 ^ clkbuf_1_1__f_clk/X (sky130_fd_sc_hd__clkbuf_16)
     6    0.03                           clknet_1_1__leaf_clk (net)
                  0.05    0.00   25.32 ^ _439_/CLK (sky130_fd_sc_hd__dfrtp_1)
                         -0.25   25.07   clock uncertainty
                          0.00   25.07   clock reconvergence pessimism
                          0.20   25.28   library recovery time
                                 25.28   data required time
-----------------------------------------------------------------------------
                                 25.28   data required time
                                 -5.47   data arrival time
-----------------------------------------------------------------------------
                                 19.81   slack (MET)


Startpoint: rst_n (input port clocked by clk)
Endpoint: _448_ (recovery check against rising-edge clock clk)
Path Group: asynchronous
Path Type: max

Fanout     Cap    Slew   Delay    Time   Description
-----------------------------------------------------------------------------
                          0.00    0.00   clock clk (rise edge)
                          0.00    0.00   clock network delay (propagated)
                          5.00    5.00 ^ input external delay
                  0.02    0.01    5.01 ^ rst_n (in)
     1    0.00                           rst_n (net)
                  0.02    0.00    5.01 ^ input9/A (sky130_fd_sc_hd__buf_2)
                  0.16    0.19    5.19 ^ input9/X (sky130_fd_sc_hd__buf_2)
     5    0.03                           net9 (net)
                  0.16    0.00    5.20 ^ _448_/RESET_B (sky130_fd_sc_hd__dfrtp_2)
                                  5.20   data arrival time

                         25.00   25.00   clock clk (rise edge)
                          0.00   25.00   clock source latency
                  0.10    0.06   25.06 ^ clk (in)
     1    0.02                           clk (net)
                  0.10    0.00   25.06 ^ clkbuf_0_clk/A (sky130_fd_sc_hd__clkbuf_16)
                  0.04    0.14   25.20 ^ clkbuf_0_clk/X (sky130_fd_sc_hd__clkbuf_16)
     2    0.02                           clknet_0_clk (net)
                  0.04    0.00   25.20 ^ clkbuf_1_1__f_clk/A (sky130_fd_sc_hd__clkbuf_16)
                  0.05    0.12   25.32 ^ clkbuf_1_1__f_clk/X (sky130_fd_sc_hd__clkbuf_16)
     6    0.03                           clknet_1_1__leaf_clk (net)
                  0.05    0.00   25.33 ^ _448_/CLK (sky130_fd_sc_hd__dfrtp_2)
                         -0.25   25.08   clock uncertainty
                          0.00   25.08   clock reconvergence pessimism
                          0.19   25.26   library recovery time
                                 25.26   data required time
-----------------------------------------------------------------------------
                                 25.26   data required time
                                 -5.20   data arrival time
-----------------------------------------------------------------------------
                                 20.06   slack (MET)


Startpoint: rst_n (input port clocked by clk)
Endpoint: _445_ (recovery check against rising-edge clock clk)
Path Group: asynchronous
Path Type: max

Fanout     Cap    Slew   Delay    Time   Description
-----------------------------------------------------------------------------
                          0.00    0.00   clock clk (rise edge)
                          0.00    0.00   clock network delay (propagated)
                          5.00    5.00 ^ input external delay
                  0.02    0.01    5.01 ^ rst_n (in)
     1    0.00                           rst_n (net)
                  0.02    0.00    5.01 ^ input9/A (sky130_fd_sc_hd__buf_2)
                  0.16    0.19    5.19 ^ input9/X (sky130_fd_sc_hd__buf_2)
     5    0.03                           net9 (net)
                  0.16    0.00    5.20 ^ _445_/RESET_B (sky130_fd_sc_hd__dfrtp_1)
                                  5.20   data arrival time

                         25.00   25.00   clock clk (rise edge)
                          0.00   25.00   clock source latency
                  0.10    0.06   25.06 ^ clk (in)
     1    0.02                           clk (net)
                  0.10    0.00   25.06 ^ clkbuf_0_clk/A (sky130_fd_sc_hd__clkbuf_16)
                  0.04    0.14   25.20 ^ clkbuf_0_clk/X (sky130_fd_sc_hd__clkbuf_16)
     2    0.02                           clknet_0_clk (net)
                  0.04    0.00   25.20 ^ clkbuf_1_1__f_clk/A (sky130_fd_sc_hd__clkbuf_16)
                  0.05    0.12   25.32 ^ clkbuf_1_1__f_clk/X (sky130_fd_sc_hd__clkbuf_16)
     6    0.03                           clknet_1_1__leaf_clk (net)
                  0.05    0.00   25.33 ^ _445_/CLK (sky130_fd_sc_hd__dfrtp_1)
                         -0.25   25.08   clock uncertainty
                          0.00   25.08   clock reconvergence pessimism
                          0.20   25.28   library recovery time
                                 25.28   data required time
-----------------------------------------------------------------------------
                                 25.28   data required time
                                 -5.20   data arrival time
-----------------------------------------------------------------------------
                                 20.08   slack (MET)


Startpoint: rst_n (input port clocked by clk)
Endpoint: _446_ (recovery check against rising-edge clock clk)
Path Group: asynchronous
Path Type: max

Fanout     Cap    Slew   Delay    Time   Description
-----------------------------------------------------------------------------
                          0.00    0.00   clock clk (rise edge)
                          0.00    0.00   clock network delay (propagated)
                          5.00    5.00 ^ input external delay
                  0.02    0.01    5.01 ^ rst_n (in)
     1    0.00                           rst_n (net)
                  0.02    0.00    5.01 ^ input9/A (sky130_fd_sc_hd__buf_2)
                  0.16    0.19    5.19 ^ input9/X (sky130_fd_sc_hd__buf_2)
     5    0.03                           net9 (net)
                  0.16    0.00    5.20 ^ _446_/RESET_B (sky130_fd_sc_hd__dfrtp_1)
                                  5.20   data arrival time

                         25.00   25.00   clock clk (rise edge)
                          0.00   25.00   clock source latency
                  0.10    0.06   25.06 ^ clk (in)
     1    0.02                           clk (net)
                  0.10    0.00   25.06 ^ clkbuf_0_clk/A (sky130_fd_sc_hd__clkbuf_16)
                  0.04    0.14   25.20 ^ clkbuf_0_clk/X (sky130_fd_sc_hd__clkbuf_16)
     2    0.02                           clknet_0_clk (net)
                  0.04    0.00   25.20 ^ clkbuf_1_1__f_clk/A (sky130_fd_sc_hd__clkbuf_16)
                  0.05    0.12   25.32 ^ clkbuf_1_1__f_clk/X (sky130_fd_sc_hd__clkbuf_16)
     6    0.03                           clknet_1_1__leaf_clk (net)
                  0.05    0.00   25.33 ^ _446_/CLK (sky130_fd_sc_hd__dfrtp_1)
                         -0.25   25.08   clock uncertainty
                          0.00   25.08   clock reconvergence pessimism
                          0.20   25.28   library recovery time
                                 25.28   data required time
-----------------------------------------------------------------------------
                                 25.28   data required time
                                 -5.20   data arrival time
-----------------------------------------------------------------------------
                                 20.08   slack (MET)


Startpoint: rst_n (input port clocked by clk)
Endpoint: _447_ (recovery check against rising-edge clock clk)
Path Group: asynchronous
Path Type: max

Fanout     Cap    Slew   Delay    Time   Description
-----------------------------------------------------------------------------
                          0.00    0.00   clock clk (rise edge)
                          0.00    0.00   clock network delay (propagated)
                          5.00    5.00 ^ input external delay
                  0.02    0.01    5.01 ^ rst_n (in)
     1    0.00                           rst_n (net)
                  0.02    0.00    5.01 ^ input9/A (sky130_fd_sc_hd__buf_2)
                  0.16    0.19    5.19 ^ input9/X (sky130_fd_sc_hd__buf_2)
     5    0.03                           net9 (net)
                  0.16    0.00    5.20 ^ _447_/RESET_B (sky130_fd_sc_hd__dfrtp_1)
                                  5.20   data arrival time

                         25.00   25.00   clock clk (rise edge)
                          0.00   25.00   clock source latency
                  0.10    0.06   25.06 ^ clk (in)
     1    0.02                           clk (net)
                  0.10    0.00   25.06 ^ clkbuf_0_clk/A (sky130_fd_sc_hd__clkbuf_16)
                  0.04    0.14   25.20 ^ clkbuf_0_clk/X (sky130_fd_sc_hd__clkbuf_16)
     2    0.02                           clknet_0_clk (net)
                  0.04    0.00   25.20 ^ clkbuf_1_1__f_clk/A (sky130_fd_sc_hd__clkbuf_16)
                  0.05    0.12   25.32 ^ clkbuf_1_1__f_clk/X (sky130_fd_sc_hd__clkbuf_16)
     6    0.03                           clknet_1_1__leaf_clk (net)
                  0.05    0.00   25.33 ^ _447_/CLK (sky130_fd_sc_hd__dfrtp_1)
                         -0.25   25.08   clock uncertainty
                          0.00   25.08   clock reconvergence pessimism
                          0.20   25.28   library recovery time
                                 25.28   data required time
-----------------------------------------------------------------------------
                                 25.28   data required time
                                 -5.20   data arrival time
-----------------------------------------------------------------------------
                                 20.08   slack (MET)



