OpenSTA 2.4.0 41a51eaf4c Copyright (c) 2021, Parallax Software, Inc.
License GPLv3: GNU GPL version 3 <http://gnu.org/licenses/gpl.html>

This is free software, and you are free to change and redistribute it
under certain conditions; type `show_copying' for details. 
This program comes with ABSOLUTELY NO WARRANTY; for details type `show_warranty'.
define_corners Slowest Typical Fastest
read_liberty -corner Slowest /home/ugunt/.ciel/sky130A/libs.ref/sky130_fd_sc_hd/lib/sky130_fd_sc_hd__ss_100C_1v60.lib
read_liberty -corner Typical /home/ugunt/.ciel/sky130A/libs.ref/sky130_fd_sc_hd/lib/sky130_fd_sc_hd__tt_025C_1v80.lib
read_liberty -corner Fastest /home/ugunt/.ciel/sky130A/libs.ref/sky130_fd_sc_hd/lib/sky130_fd_sc_hd__ff_n40C_1v95.lib
Using 1e-12 for capacitance...
Using 1e+03 for resistance...
Using 1e-09 for time...
Using 1e+00 for voltage...
Using 1e-03 for current...
Using 1e-09 for power...
Using 1e-06 for distance...
Reading netlist '/home/ugunt/projects/ai-accelerator-verification/rung4-gear-quantizer/openlane/runs/RUN_2026.07.04_18.24.21/results/routing/gear_quantizer.nl.v'…
Warning: /home/ugunt/projects/ai-accelerator-verification/rung4-gear-quantizer/openlane/runs/RUN_2026.07.04_18.24.21/results/routing/gear_quantizer.nl.v line 1341, module sky130_fd_sc_hd__tapvpwrvgnd_1 not found. Creating black box for TAP_58.
Warning: /home/ugunt/projects/ai-accelerator-verification/rung4-gear-quantizer/openlane/runs/RUN_2026.07.04_18.24.21/results/routing/gear_quantizer.nl.v line 1542, module sky130_fd_sc_hd__fill_1 not found. Creating black box for FILLER_0_0_7.
Warning: /home/ugunt/projects/ai-accelerator-verification/rung4-gear-quantizer/openlane/runs/RUN_2026.07.04_18.24.21/results/routing/gear_quantizer.nl.v line 1543, module sky130_ef_sc_hd__decap_12 not found. Creating black box for FILLER_0_0_14.
Warning: /home/ugunt/projects/ai-accelerator-verification/rung4-gear-quantizer/openlane/runs/RUN_2026.07.04_18.24.21/results/routing/gear_quantizer.nl.v line 1544, module sky130_fd_sc_hd__fill_2 not found. Creating black box for FILLER_0_0_26.
Reading design constraints file at '/home/ugunt/projects/ai-accelerator-verification/rung4-gear-quantizer/openlane/runs/RUN_2026.07.04_18.24.21/tmp/17-gear_quantizer.sdc'…
min_report

===========================================================================
report_checks -path_delay min (Hold)
============================================================================
======================= Fastest Corner ===================================

Startpoint: _487_ (rising edge-triggered flip-flop clocked by clk)
Endpoint: _487_ (rising edge-triggered flip-flop clocked by clk)
Path Group: clk
Path Type: min
Corner: Fastest

Fanout     Cap    Slew   Delay    Time   Description
-----------------------------------------------------------------------------
                          0.00    0.00   clock clk (rise edge)
                          0.00    0.00   clock source latency
                  0.05    0.03    0.03 ^ clk (in)
     1    0.01                           clk (net)
                  0.05    0.00    0.03 ^ clkbuf_0_clk/A (sky130_fd_sc_hd__clkbuf_16)
                  0.03    0.09    0.12 ^ clkbuf_0_clk/X (sky130_fd_sc_hd__clkbuf_16)
     2    0.02                           clknet_0_clk (net)
                  0.03    0.00    0.12 ^ clkbuf_1_1__f_clk/A (sky130_fd_sc_hd__clkbuf_16)
                  0.04    0.09    0.20 ^ clkbuf_1_1__f_clk/X (sky130_fd_sc_hd__clkbuf_16)
     7    0.03                           clknet_1_1__leaf_clk (net)
                  0.04    0.00    0.21 ^ _487_/CLK (sky130_fd_sc_hd__dfrtp_1)
                  0.08    0.23    0.43 ^ _487_/Q (sky130_fd_sc_hd__dfrtp_1)
     2    0.01                           net32 (net)
                  0.08    0.00    0.43 ^ _468_/B (sky130_fd_sc_hd__and2_1)
                  0.03    0.08    0.51 ^ _468_/X (sky130_fd_sc_hd__and2_1)
     1    0.00                           _184_ (net)
                  0.03    0.00    0.51 ^ _469_/B1 (sky130_fd_sc_hd__a31o_1)
                  0.03    0.05    0.55 ^ _469_/X (sky130_fd_sc_hd__a31o_1)
     1    0.00                           _008_ (net)
                  0.03    0.00    0.55 ^ _487_/D (sky130_fd_sc_hd__dfrtp_1)
                                  0.55   data arrival time

                          0.00    0.00   clock clk (rise edge)
                          0.00    0.00   clock source latency
                  0.05    0.04    0.04 ^ clk (in)
     1    0.01                           clk (net)
                  0.05    0.00    0.04 ^ clkbuf_0_clk/A (sky130_fd_sc_hd__clkbuf_16)
                  0.03    0.09    0.13 ^ clkbuf_0_clk/X (sky130_fd_sc_hd__clkbuf_16)
     2    0.02                           clknet_0_clk (net)
                  0.03    0.00    0.13 ^ clkbuf_1_1__f_clk/A (sky130_fd_sc_hd__clkbuf_16)
                  0.04    0.09    0.23 ^ clkbuf_1_1__f_clk/X (sky130_fd_sc_hd__clkbuf_16)
     7    0.03                           clknet_1_1__leaf_clk (net)
                  0.04    0.00    0.23 ^ _487_/CLK (sky130_fd_sc_hd__dfrtp_1)
                          0.25    0.48   clock uncertainty
                         -0.02    0.46   clock reconvergence pessimism
                         -0.02    0.44   library hold time
                                  0.44   data required time
-----------------------------------------------------------------------------
                                  0.44   data required time
                                 -0.55   data arrival time
-----------------------------------------------------------------------------
                                  0.12   slack (MET)


Startpoint: _480_ (rising edge-triggered flip-flop clocked by clk)
Endpoint: _480_ (rising edge-triggered flip-flop clocked by clk)
Path Group: clk
Path Type: min
Corner: Fastest

Fanout     Cap    Slew   Delay    Time   Description
-----------------------------------------------------------------------------
                          0.00    0.00   clock clk (rise edge)
                          0.00    0.00   clock source latency
                  0.05    0.03    0.03 ^ clk (in)
     1    0.01                           clk (net)
                  0.05    0.00    0.03 ^ clkbuf_0_clk/A (sky130_fd_sc_hd__clkbuf_16)
                  0.03    0.09    0.12 ^ clkbuf_0_clk/X (sky130_fd_sc_hd__clkbuf_16)
     2    0.02                           clknet_0_clk (net)
                  0.03    0.00    0.12 ^ clkbuf_1_1__f_clk/A (sky130_fd_sc_hd__clkbuf_16)
                  0.04    0.09    0.20 ^ clkbuf_1_1__f_clk/X (sky130_fd_sc_hd__clkbuf_16)
     7    0.03                           clknet_1_1__leaf_clk (net)
                  0.04    0.00    0.21 ^ _480_/CLK (sky130_fd_sc_hd__dfrtp_1)
                  0.04    0.20    0.40 ^ _480_/Q (sky130_fd_sc_hd__dfrtp_1)
     2    0.00                           net24 (net)
                  0.04    0.00    0.40 ^ hold1/A (sky130_fd_sc_hd__dlygate4sd3_1)
                  0.04    0.35    0.76 ^ hold1/X (sky130_fd_sc_hd__dlygate4sd3_1)
     1    0.00                           net40 (net)
                  0.04    0.00    0.76 ^ _452_/A2 (sky130_fd_sc_hd__a22o_1)
                  0.03    0.07    0.83 ^ _452_/X (sky130_fd_sc_hd__a22o_1)
     1    0.00                           _001_ (net)
                  0.03    0.00    0.83 ^ _480_/D (sky130_fd_sc_hd__dfrtp_1)
                                  0.83   data arrival time

                          0.00    0.00   clock clk (rise edge)
                          0.00    0.00   clock source latency
                  0.05    0.04    0.04 ^ clk (in)
     1    0.01                           clk (net)
                  0.05    0.00    0.04 ^ clkbuf_0_clk/A (sky130_fd_sc_hd__clkbuf_16)
                  0.03    0.09    0.13 ^ clkbuf_0_clk/X (sky130_fd_sc_hd__clkbuf_16)
     2    0.02                           clknet_0_clk (net)
                  0.03    0.00    0.13 ^ clkbuf_1_1__f_clk/A (sky130_fd_sc_hd__clkbuf_16)
                  0.04    0.09    0.23 ^ clkbuf_1_1__f_clk/X (sky130_fd_sc_hd__clkbuf_16)
     7    0.03                           clknet_1_1__leaf_clk (net)
                  0.04    0.00    0.23 ^ _480_/CLK (sky130_fd_sc_hd__dfrtp_1)
                          0.25    0.48   clock uncertainty
                         -0.02    0.46   clock reconvergence pessimism
                         -0.02    0.44   library hold time
                                  0.44   data required time
-----------------------------------------------------------------------------
                                  0.44   data required time
                                 -0.83   data arrival time
-----------------------------------------------------------------------------
                                  0.39   slack (MET)


Startpoint: _478_ (rising edge-triggered flip-flop clocked by clk)
Endpoint: _478_ (rising edge-triggered flip-flop clocked by clk)
Path Group: clk
Path Type: min
Corner: Fastest

Fanout     Cap    Slew   Delay    Time   Description
-----------------------------------------------------------------------------
                          0.00    0.00   clock clk (rise edge)
                          0.00    0.00   clock source latency
                  0.05    0.03    0.03 ^ clk (in)
     1    0.01                           clk (net)
                  0.05    0.00    0.03 ^ clkbuf_0_clk/A (sky130_fd_sc_hd__clkbuf_16)
                  0.03    0.09    0.12 ^ clkbuf_0_clk/X (sky130_fd_sc_hd__clkbuf_16)
     2    0.02                           clknet_0_clk (net)
                  0.03    0.00    0.12 ^ clkbuf_1_1__f_clk/A (sky130_fd_sc_hd__clkbuf_16)
                  0.04    0.09    0.20 ^ clkbuf_1_1__f_clk/X (sky130_fd_sc_hd__clkbuf_16)
     7    0.03                           clknet_1_1__leaf_clk (net)
                  0.04    0.00    0.20 ^ _478_/CLK (sky130_fd_sc_hd__dfrtp_1)
                  0.04    0.20    0.40 ^ _478_/Q (sky130_fd_sc_hd__dfrtp_1)
     2    0.00                           net28 (net)
                  0.04    0.00    0.40 ^ hold2/A (sky130_fd_sc_hd__dlygate4sd3_1)
                  0.04    0.35    0.76 ^ hold2/X (sky130_fd_sc_hd__dlygate4sd3_1)
     1    0.00                           net41 (net)
                  0.04    0.00    0.76 ^ _279_/A1 (sky130_fd_sc_hd__o21ba_1)
                  0.03    0.07    0.83 ^ _279_/X (sky130_fd_sc_hd__o21ba_1)
     1    0.00                           _000_ (net)
                  0.03    0.00    0.83 ^ _478_/D (sky130_fd_sc_hd__dfrtp_1)
                                  0.83   data arrival time

                          0.00    0.00   clock clk (rise edge)
                          0.00    0.00   clock source latency
                  0.05    0.04    0.04 ^ clk (in)
     1    0.01                           clk (net)
                  0.05    0.00    0.04 ^ clkbuf_0_clk/A (sky130_fd_sc_hd__clkbuf_16)
                  0.03    0.09    0.13 ^ clkbuf_0_clk/X (sky130_fd_sc_hd__clkbuf_16)
     2    0.02                           clknet_0_clk (net)
                  0.03    0.00    0.13 ^ clkbuf_1_1__f_clk/A (sky130_fd_sc_hd__clkbuf_16)
                  0.04    0.09    0.23 ^ clkbuf_1_1__f_clk/X (sky130_fd_sc_hd__clkbuf_16)
     7    0.03                           clknet_1_1__leaf_clk (net)
                  0.04    0.00    0.23 ^ _478_/CLK (sky130_fd_sc_hd__dfrtp_1)
                          0.25    0.48   clock uncertainty
                         -0.02    0.45   clock reconvergence pessimism
                         -0.02    0.44   library hold time
                                  0.44   data required time
-----------------------------------------------------------------------------
                                  0.44   data required time
                                 -0.83   data arrival time
-----------------------------------------------------------------------------
                                  0.39   slack (MET)


Startpoint: _483_ (rising edge-triggered flip-flop clocked by clk)
Endpoint: _483_ (rising edge-triggered flip-flop clocked by clk)
Path Group: clk
Path Type: min
Corner: Fastest

Fanout     Cap    Slew   Delay    Time   Description
-----------------------------------------------------------------------------
                          0.00    0.00   clock clk (rise edge)
                          0.00    0.00   clock source latency
                  0.05    0.03    0.03 ^ clk (in)
     1    0.01                           clk (net)
                  0.05    0.00    0.03 ^ clkbuf_0_clk/A (sky130_fd_sc_hd__clkbuf_16)
                  0.03    0.09    0.12 ^ clkbuf_0_clk/X (sky130_fd_sc_hd__clkbuf_16)
     2    0.02                           clknet_0_clk (net)
                  0.03    0.00    0.12 ^ clkbuf_1_1__f_clk/A (sky130_fd_sc_hd__clkbuf_16)
                  0.04    0.09    0.20 ^ clkbuf_1_1__f_clk/X (sky130_fd_sc_hd__clkbuf_16)
     7    0.03                           clknet_1_1__leaf_clk (net)
                  0.04    0.00    0.21 ^ _483_/CLK (sky130_fd_sc_hd__dfrtp_1)
                  0.05    0.20    0.41 ^ _483_/Q (sky130_fd_sc_hd__dfrtp_1)
     2    0.01                           net27 (net)
                  0.05    0.00    0.41 ^ hold3/A (sky130_fd_sc_hd__dlygate4sd3_1)
                  0.04    0.36    0.76 ^ hold3/X (sky130_fd_sc_hd__dlygate4sd3_1)
     1    0.00                           net42 (net)
                  0.04    0.00    0.76 ^ _461_/A2 (sky130_fd_sc_hd__a22o_1)
                  0.03    0.07    0.84 ^ _461_/X (sky130_fd_sc_hd__a22o_1)
     1    0.00                           _004_ (net)
                  0.03    0.00    0.84 ^ _483_/D (sky130_fd_sc_hd__dfrtp_1)
                                  0.84   data arrival time

                          0.00    0.00   clock clk (rise edge)
                          0.00    0.00   clock source latency
                  0.05    0.04    0.04 ^ clk (in)
     1    0.01                           clk (net)
                  0.05    0.00    0.04 ^ clkbuf_0_clk/A (sky130_fd_sc_hd__clkbuf_16)
                  0.03    0.09    0.13 ^ clkbuf_0_clk/X (sky130_fd_sc_hd__clkbuf_16)
     2    0.02                           clknet_0_clk (net)
                  0.03    0.00    0.13 ^ clkbuf_1_1__f_clk/A (sky130_fd_sc_hd__clkbuf_16)
                  0.04    0.09    0.23 ^ clkbuf_1_1__f_clk/X (sky130_fd_sc_hd__clkbuf_16)
     7    0.03                           clknet_1_1__leaf_clk (net)
                  0.04    0.00    0.23 ^ _483_/CLK (sky130_fd_sc_hd__dfrtp_1)
                          0.25    0.48   clock uncertainty
                         -0.02    0.46   clock reconvergence pessimism
                         -0.02    0.44   library hold time
                                  0.44   data required time
-----------------------------------------------------------------------------
                                  0.44   data required time
                                 -0.84   data arrival time
-----------------------------------------------------------------------------
                                  0.40   slack (MET)


Startpoint: _481_ (rising edge-triggered flip-flop clocked by clk)
Endpoint: _481_ (rising edge-triggered flip-flop clocked by clk)
Path Group: clk
Path Type: min
Corner: Fastest

Fanout     Cap    Slew   Delay    Time   Description
-----------------------------------------------------------------------------
                          0.00    0.00   clock clk (rise edge)
                          0.00    0.00   clock source latency
                  0.05    0.03    0.03 ^ clk (in)
     1    0.01                           clk (net)
                  0.05    0.00    0.03 ^ clkbuf_0_clk/A (sky130_fd_sc_hd__clkbuf_16)
                  0.03    0.09    0.12 ^ clkbuf_0_clk/X (sky130_fd_sc_hd__clkbuf_16)
     2    0.02                           clknet_0_clk (net)
                  0.03    0.00    0.12 ^ clkbuf_1_1__f_clk/A (sky130_fd_sc_hd__clkbuf_16)
                  0.04    0.09    0.20 ^ clkbuf_1_1__f_clk/X (sky130_fd_sc_hd__clkbuf_16)
     7    0.03                           clknet_1_1__leaf_clk (net)
                  0.04    0.00    0.21 ^ _481_/CLK (sky130_fd_sc_hd__dfrtp_1)
                  0.05    0.20    0.41 ^ _481_/Q (sky130_fd_sc_hd__dfrtp_1)
     2    0.01                           net25 (net)
                  0.05    0.00    0.41 ^ hold4/A (sky130_fd_sc_hd__dlygate4sd3_1)
                  0.04    0.36    0.77 ^ hold4/X (sky130_fd_sc_hd__dlygate4sd3_1)
     1    0.00                           net43 (net)
                  0.04    0.00    0.77 ^ _455_/A2 (sky130_fd_sc_hd__a22o_1)
                  0.03    0.07    0.84 ^ _455_/X (sky130_fd_sc_hd__a22o_1)
     1    0.00                           _002_ (net)
                  0.03    0.00    0.84 ^ _481_/D (sky130_fd_sc_hd__dfrtp_1)
                                  0.84   data arrival time

                          0.00    0.00   clock clk (rise edge)
                          0.00    0.00   clock source latency
                  0.05    0.04    0.04 ^ clk (in)
     1    0.01                           clk (net)
                  0.05    0.00    0.04 ^ clkbuf_0_clk/A (sky130_fd_sc_hd__clkbuf_16)
                  0.03    0.09    0.13 ^ clkbuf_0_clk/X (sky130_fd_sc_hd__clkbuf_16)
     2    0.02                           clknet_0_clk (net)
                  0.03    0.00    0.13 ^ clkbuf_1_1__f_clk/A (sky130_fd_sc_hd__clkbuf_16)
                  0.04    0.09    0.23 ^ clkbuf_1_1__f_clk/X (sky130_fd_sc_hd__clkbuf_16)
     7    0.03                           clknet_1_1__leaf_clk (net)
                  0.04    0.00    0.23 ^ _481_/CLK (sky130_fd_sc_hd__dfrtp_1)
                          0.25    0.48   clock uncertainty
                         -0.02    0.46   clock reconvergence pessimism
                         -0.02    0.44   library hold time
                                  0.44   data required time
-----------------------------------------------------------------------------
                                  0.44   data required time
                                 -0.84   data arrival time
-----------------------------------------------------------------------------
                                  0.40   slack (MET)


Startpoint: _482_ (rising edge-triggered flip-flop clocked by clk)
Endpoint: _482_ (rising edge-triggered flip-flop clocked by clk)
Path Group: clk
Path Type: min
Corner: Fastest

Fanout     Cap    Slew   Delay    Time   Description
-----------------------------------------------------------------------------
                          0.00    0.00   clock clk (rise edge)
                          0.00    0.00   clock source latency
                  0.05    0.03    0.03 ^ clk (in)
     1    0.01                           clk (net)
                  0.05    0.00    0.03 ^ clkbuf_0_clk/A (sky130_fd_sc_hd__clkbuf_16)
                  0.03    0.09    0.12 ^ clkbuf_0_clk/X (sky130_fd_sc_hd__clkbuf_16)
     2    0.02                           clknet_0_clk (net)
                  0.03    0.00    0.12 ^ clkbuf_1_1__f_clk/A (sky130_fd_sc_hd__clkbuf_16)
                  0.04    0.09    0.20 ^ clkbuf_1_1__f_clk/X (sky130_fd_sc_hd__clkbuf_16)
     7    0.03                           clknet_1_1__leaf_clk (net)
                  0.04    0.00    0.21 ^ _482_/CLK (sky130_fd_sc_hd__dfrtp_1)
                  0.05    0.21    0.41 ^ _482_/Q (sky130_fd_sc_hd__dfrtp_1)
     2    0.01                           net26 (net)
                  0.05    0.00    0.41 ^ hold5/A (sky130_fd_sc_hd__dlygate4sd3_1)
                  0.04    0.36    0.77 ^ hold5/X (sky130_fd_sc_hd__dlygate4sd3_1)
     1    0.00                           net44 (net)
                  0.04    0.00    0.77 ^ _459_/A2 (sky130_fd_sc_hd__a22o_1)
                  0.03    0.07    0.85 ^ _459_/X (sky130_fd_sc_hd__a22o_1)
     1    0.00                           _003_ (net)
                  0.03    0.00    0.85 ^ _482_/D (sky130_fd_sc_hd__dfrtp_1)
                                  0.85   data arrival time

                          0.00    0.00   clock clk (rise edge)
                          0.00    0.00   clock source latency
                  0.05    0.04    0.04 ^ clk (in)
     1    0.01                           clk (net)
                  0.05    0.00    0.04 ^ clkbuf_0_clk/A (sky130_fd_sc_hd__clkbuf_16)
                  0.03    0.09    0.13 ^ clkbuf_0_clk/X (sky130_fd_sc_hd__clkbuf_16)
     2    0.02                           clknet_0_clk (net)
                  0.03    0.00    0.13 ^ clkbuf_1_1__f_clk/A (sky130_fd_sc_hd__clkbuf_16)
                  0.04    0.09    0.23 ^ clkbuf_1_1__f_clk/X (sky130_fd_sc_hd__clkbuf_16)
     7    0.03                           clknet_1_1__leaf_clk (net)
                  0.04    0.00    0.23 ^ _482_/CLK (sky130_fd_sc_hd__dfrtp_1)
                          0.25    0.48   clock uncertainty
                         -0.02    0.46   clock reconvergence pessimism
                         -0.02    0.44   library hold time
                                  0.44   data required time
-----------------------------------------------------------------------------
                                  0.44   data required time
                                 -0.85   data arrival time
-----------------------------------------------------------------------------
                                  0.41   slack (MET)


Startpoint: _488_ (rising edge-triggered flip-flop clocked by clk)
Endpoint: _488_ (rising edge-triggered flip-flop clocked by clk)
Path Group: clk
Path Type: min
Corner: Fastest

Fanout     Cap    Slew   Delay    Time   Description
-----------------------------------------------------------------------------
                          0.00    0.00   clock clk (rise edge)
                          0.00    0.00   clock source latency
                  0.05    0.03    0.03 ^ clk (in)
     1    0.01                           clk (net)
                  0.05    0.00    0.03 ^ clkbuf_0_clk/A (sky130_fd_sc_hd__clkbuf_16)
                  0.03    0.09    0.12 ^ clkbuf_0_clk/X (sky130_fd_sc_hd__clkbuf_16)
     2    0.02                           clknet_0_clk (net)
                  0.03    0.00    0.12 ^ clkbuf_1_0__f_clk/A (sky130_fd_sc_hd__clkbuf_16)
                  0.04    0.08    0.20 ^ clkbuf_1_0__f_clk/X (sky130_fd_sc_hd__clkbuf_16)
     7    0.03                           clknet_1_0__leaf_clk (net)
                  0.04    0.00    0.20 ^ _488_/CLK (sky130_fd_sc_hd__dfrtp_1)
                  0.05    0.20    0.41 ^ _488_/Q (sky130_fd_sc_hd__dfrtp_1)
     2    0.01                           net33 (net)
                  0.05    0.00    0.41 ^ hold11/A (sky130_fd_sc_hd__dlygate4sd3_1)
                  0.03    0.35    0.76 ^ hold11/X (sky130_fd_sc_hd__dlygate4sd3_1)
     1    0.00                           net50 (net)
                  0.03    0.00    0.76 ^ _470_/B (sky130_fd_sc_hd__and2_1)
                  0.03    0.07    0.83 ^ _470_/X (sky130_fd_sc_hd__and2_1)
     1    0.00                           _185_ (net)
                  0.03    0.00    0.83 ^ _471_/B1 (sky130_fd_sc_hd__a31o_1)
                  0.03    0.05    0.88 ^ _471_/X (sky130_fd_sc_hd__a31o_1)
     1    0.00                           _009_ (net)
                  0.03    0.00    0.88 ^ _488_/D (sky130_fd_sc_hd__dfrtp_1)
                                  0.88   data arrival time

                          0.00    0.00   clock clk (rise edge)
                          0.00    0.00   clock source latency
                  0.05    0.04    0.04 ^ clk (in)
     1    0.01                           clk (net)
                  0.05    0.00    0.04 ^ clkbuf_0_clk/A (sky130_fd_sc_hd__clkbuf_16)
                  0.03    0.09    0.13 ^ clkbuf_0_clk/X (sky130_fd_sc_hd__clkbuf_16)
     2    0.02                           clknet_0_clk (net)
                  0.03    0.00    0.13 ^ clkbuf_1_0__f_clk/A (sky130_fd_sc_hd__clkbuf_16)
                  0.04    0.09    0.23 ^ clkbuf_1_0__f_clk/X (sky130_fd_sc_hd__clkbuf_16)
     7    0.03                           clknet_1_0__leaf_clk (net)
                  0.04    0.00    0.23 ^ _488_/CLK (sky130_fd_sc_hd__dfrtp_1)
                          0.25    0.48   clock uncertainty
                         -0.02    0.45   clock reconvergence pessimism
                         -0.02    0.44   library hold time
                                  0.44   data required time
-----------------------------------------------------------------------------
                                  0.44   data required time
                                 -0.88   data arrival time
-----------------------------------------------------------------------------
                                  0.44   slack (MET)


Startpoint: _485_ (rising edge-triggered flip-flop clocked by clk)
Endpoint: _485_ (rising edge-triggered flip-flop clocked by clk)
Path Group: clk
Path Type: min
Corner: Fastest

Fanout     Cap    Slew   Delay    Time   Description
-----------------------------------------------------------------------------
                          0.00    0.00   clock clk (rise edge)
                          0.00    0.00   clock source latency
                  0.05    0.03    0.03 ^ clk (in)
     1    0.01                           clk (net)
                  0.05    0.00    0.03 ^ clkbuf_0_clk/A (sky130_fd_sc_hd__clkbuf_16)
                  0.03    0.09    0.12 ^ clkbuf_0_clk/X (sky130_fd_sc_hd__clkbuf_16)
     2    0.02                           clknet_0_clk (net)
                  0.03    0.00    0.12 ^ clkbuf_1_0__f_clk/A (sky130_fd_sc_hd__clkbuf_16)
                  0.04    0.08    0.20 ^ clkbuf_1_0__f_clk/X (sky130_fd_sc_hd__clkbuf_16)
     7    0.03                           clknet_1_0__leaf_clk (net)
                  0.04    0.00    0.20 ^ _485_/CLK (sky130_fd_sc_hd__dfrtp_1)
                  0.05    0.20    0.41 ^ _485_/Q (sky130_fd_sc_hd__dfrtp_1)
     2    0.01                           net30 (net)
                  0.05    0.00    0.41 ^ hold9/A (sky130_fd_sc_hd__dlygate4sd3_1)
                  0.04    0.35    0.76 ^ hold9/X (sky130_fd_sc_hd__dlygate4sd3_1)
     1    0.00                           net48 (net)
                  0.04    0.00    0.76 ^ _464_/B (sky130_fd_sc_hd__and2_1)
                  0.03    0.07    0.83 ^ _464_/X (sky130_fd_sc_hd__and2_1)
     1    0.00                           _182_ (net)
                  0.03    0.00    0.83 ^ _465_/B1 (sky130_fd_sc_hd__a31o_1)
                  0.03    0.05    0.88 ^ _465_/X (sky130_fd_sc_hd__a31o_1)
     1    0.00                           _006_ (net)
                  0.03    0.00    0.88 ^ _485_/D (sky130_fd_sc_hd__dfrtp_1)
                                  0.88   data arrival time

                          0.00    0.00   clock clk (rise edge)
                          0.00    0.00   clock source latency
                  0.05    0.04    0.04 ^ clk (in)
     1    0.01                           clk (net)
                  0.05    0.00    0.04 ^ clkbuf_0_clk/A (sky130_fd_sc_hd__clkbuf_16)
                  0.03    0.09    0.13 ^ clkbuf_0_clk/X (sky130_fd_sc_hd__clkbuf_16)
     2    0.02                           clknet_0_clk (net)
                  0.03    0.00    0.13 ^ clkbuf_1_0__f_clk/A (sky130_fd_sc_hd__clkbuf_16)
                  0.04    0.09    0.23 ^ clkbuf_1_0__f_clk/X (sky130_fd_sc_hd__clkbuf_16)
     7    0.03                           clknet_1_0__leaf_clk (net)
                  0.04    0.00    0.23 ^ _485_/CLK (sky130_fd_sc_hd__dfrtp_1)
                          0.25    0.48   clock uncertainty
                         -0.02    0.45   clock reconvergence pessimism
                         -0.02    0.44   library hold time
                                  0.44   data required time
-----------------------------------------------------------------------------
                                  0.44   data required time
                                 -0.88   data arrival time
-----------------------------------------------------------------------------
                                  0.44   slack (MET)


Startpoint: _491_ (rising edge-triggered flip-flop clocked by clk)
Endpoint: _491_ (rising edge-triggered flip-flop clocked by clk)
Path Group: clk
Path Type: min
Corner: Fastest

Fanout     Cap    Slew   Delay    Time   Description
-----------------------------------------------------------------------------
                          0.00    0.00   clock clk (rise edge)
                          0.00    0.00   clock source latency
                  0.05    0.03    0.03 ^ clk (in)
     1    0.01                           clk (net)
                  0.05    0.00    0.03 ^ clkbuf_0_clk/A (sky130_fd_sc_hd__clkbuf_16)
                  0.03    0.09    0.12 ^ clkbuf_0_clk/X (sky130_fd_sc_hd__clkbuf_16)
     2    0.02                           clknet_0_clk (net)
                  0.03    0.00    0.12 ^ clkbuf_1_0__f_clk/A (sky130_fd_sc_hd__clkbuf_16)
                  0.04    0.08    0.20 ^ clkbuf_1_0__f_clk/X (sky130_fd_sc_hd__clkbuf_16)
     7    0.03                           clknet_1_0__leaf_clk (net)
                  0.04    0.00    0.20 ^ _491_/CLK (sky130_fd_sc_hd__dfrtp_1)
                  0.05    0.20    0.40 ^ _491_/Q (sky130_fd_sc_hd__dfrtp_1)
     2    0.01                           net36 (net)
                  0.05    0.00    0.40 ^ hold6/A (sky130_fd_sc_hd__dlygate4sd3_1)
                  0.04    0.36    0.76 ^ hold6/X (sky130_fd_sc_hd__dlygate4sd3_1)
     1    0.00                           net45 (net)
                  0.04    0.00    0.76 ^ _476_/B (sky130_fd_sc_hd__and2_1)
                  0.03    0.07    0.83 ^ _476_/X (sky130_fd_sc_hd__and2_1)
     1    0.00                           _188_ (net)
                  0.03    0.00    0.83 ^ _477_/B1 (sky130_fd_sc_hd__a31o_1)
                  0.03    0.05    0.88 ^ _477_/X (sky130_fd_sc_hd__a31o_1)
     1    0.00                           _012_ (net)
                  0.03    0.00    0.88 ^ _491_/D (sky130_fd_sc_hd__dfrtp_1)
                                  0.88   data arrival time

                          0.00    0.00   clock clk (rise edge)
                          0.00    0.00   clock source latency
                  0.05    0.04    0.04 ^ clk (in)
     1    0.01                           clk (net)
                  0.05    0.00    0.04 ^ clkbuf_0_clk/A (sky130_fd_sc_hd__clkbuf_16)
                  0.03    0.09    0.13 ^ clkbuf_0_clk/X (sky130_fd_sc_hd__clkbuf_16)
     2    0.02                           clknet_0_clk (net)
                  0.03    0.00    0.13 ^ clkbuf_1_0__f_clk/A (sky130_fd_sc_hd__clkbuf_16)
                  0.04    0.09    0.23 ^ clkbuf_1_0__f_clk/X (sky130_fd_sc_hd__clkbuf_16)
     7    0.03                           clknet_1_0__leaf_clk (net)
                  0.04    0.00    0.23 ^ _491_/CLK (sky130_fd_sc_hd__dfrtp_1)
                          0.25    0.48   clock uncertainty
                         -0.02    0.45   clock reconvergence pessimism
                         -0.02    0.43   library hold time
                                  0.43   data required time
-----------------------------------------------------------------------------
                                  0.43   data required time
                                 -0.88   data arrival time
-----------------------------------------------------------------------------
                                  0.45   slack (MET)


Startpoint: _486_ (rising edge-triggered flip-flop clocked by clk)
Endpoint: _486_ (rising edge-triggered flip-flop clocked by clk)
Path Group: clk
Path Type: min
Corner: Fastest

Fanout     Cap    Slew   Delay    Time   Description
-----------------------------------------------------------------------------
                          0.00    0.00   clock clk (rise edge)
                          0.00    0.00   clock source latency
                  0.05    0.03    0.03 ^ clk (in)
     1    0.01                           clk (net)
                  0.05    0.00    0.03 ^ clkbuf_0_clk/A (sky130_fd_sc_hd__clkbuf_16)
                  0.03    0.09    0.12 ^ clkbuf_0_clk/X (sky130_fd_sc_hd__clkbuf_16)
     2    0.02                           clknet_0_clk (net)
                  0.03    0.00    0.12 ^ clkbuf_1_0__f_clk/A (sky130_fd_sc_hd__clkbuf_16)
                  0.04    0.08    0.20 ^ clkbuf_1_0__f_clk/X (sky130_fd_sc_hd__clkbuf_16)
     7    0.03                           clknet_1_0__leaf_clk (net)
                  0.04    0.00    0.20 ^ _486_/CLK (sky130_fd_sc_hd__dfrtp_1)
                  0.06    0.21    0.41 ^ _486_/Q (sky130_fd_sc_hd__dfrtp_1)
     2    0.01                           net31 (net)
                  0.06    0.00    0.41 ^ hold10/A (sky130_fd_sc_hd__dlygate4sd3_1)
                  0.03    0.35    0.76 ^ hold10/X (sky130_fd_sc_hd__dlygate4sd3_1)
     1    0.00                           net49 (net)
                  0.03    0.00    0.76 ^ _466_/B (sky130_fd_sc_hd__and2_1)
                  0.04    0.07    0.84 ^ _466_/X (sky130_fd_sc_hd__and2_1)
     1    0.00                           _183_ (net)
                  0.04    0.00    0.84 ^ _467_/B1 (sky130_fd_sc_hd__a31o_1)
                  0.02    0.05    0.88 ^ _467_/X (sky130_fd_sc_hd__a31o_1)
     1    0.00                           _007_ (net)
                  0.02    0.00    0.88 ^ _486_/D (sky130_fd_sc_hd__dfrtp_1)
                                  0.88   data arrival time

                          0.00    0.00   clock clk (rise edge)
                          0.00    0.00   clock source latency
                  0.05    0.04    0.04 ^ clk (in)
     1    0.01                           clk (net)
                  0.05    0.00    0.04 ^ clkbuf_0_clk/A (sky130_fd_sc_hd__clkbuf_16)
                  0.03    0.09    0.13 ^ clkbuf_0_clk/X (sky130_fd_sc_hd__clkbuf_16)
     2    0.02                           clknet_0_clk (net)
                  0.03    0.00    0.13 ^ clkbuf_1_0__f_clk/A (sky130_fd_sc_hd__clkbuf_16)
                  0.04    0.09    0.23 ^ clkbuf_1_0__f_clk/X (sky130_fd_sc_hd__clkbuf_16)
     7    0.03                           clknet_1_0__leaf_clk (net)
                  0.04    0.00    0.23 ^ _486_/CLK (sky130_fd_sc_hd__dfrtp_1)
                          0.25    0.48   clock uncertainty
                         -0.02    0.45   clock reconvergence pessimism
                         -0.02    0.44   library hold time
                                  0.44   data required time
-----------------------------------------------------------------------------
                                  0.44   data required time
                                 -0.88   data arrival time
-----------------------------------------------------------------------------
                                  0.45   slack (MET)


Startpoint: _489_ (rising edge-triggered flip-flop clocked by clk)
Endpoint: _489_ (rising edge-triggered flip-flop clocked by clk)
Path Group: clk
Path Type: min
Corner: Fastest

Fanout     Cap    Slew   Delay    Time   Description
-----------------------------------------------------------------------------
                          0.00    0.00   clock clk (rise edge)
                          0.00    0.00   clock source latency
                  0.05    0.03    0.03 ^ clk (in)
     1    0.01                           clk (net)
                  0.05    0.00    0.03 ^ clkbuf_0_clk/A (sky130_fd_sc_hd__clkbuf_16)
                  0.03    0.09    0.12 ^ clkbuf_0_clk/X (sky130_fd_sc_hd__clkbuf_16)
     2    0.02                           clknet_0_clk (net)
                  0.03    0.00    0.12 ^ clkbuf_1_0__f_clk/A (sky130_fd_sc_hd__clkbuf_16)
                  0.04    0.08    0.20 ^ clkbuf_1_0__f_clk/X (sky130_fd_sc_hd__clkbuf_16)
     7    0.03                           clknet_1_0__leaf_clk (net)
                  0.04    0.00    0.20 ^ _489_/CLK (sky130_fd_sc_hd__dfrtp_1)
                  0.06    0.21    0.42 ^ _489_/Q (sky130_fd_sc_hd__dfrtp_1)
     2    0.01                           net34 (net)
                  0.06    0.00    0.42 ^ hold12/A (sky130_fd_sc_hd__dlygate4sd3_1)
                  0.03    0.35    0.77 ^ hold12/X (sky130_fd_sc_hd__dlygate4sd3_1)
     1    0.00                           net51 (net)
                  0.03    0.00    0.77 ^ _472_/B (sky130_fd_sc_hd__and2_1)
                  0.03    0.07    0.84 ^ _472_/X (sky130_fd_sc_hd__and2_1)
     1    0.00                           _186_ (net)
                  0.03    0.00    0.84 ^ _473_/B1 (sky130_fd_sc_hd__a31o_1)
                  0.03    0.05    0.89 ^ _473_/X (sky130_fd_sc_hd__a31o_1)
     1    0.00                           _010_ (net)
                  0.03    0.00    0.89 ^ _489_/D (sky130_fd_sc_hd__dfrtp_1)
                                  0.89   data arrival time

                          0.00    0.00   clock clk (rise edge)
                          0.00    0.00   clock source latency
                  0.05    0.04    0.04 ^ clk (in)
     1    0.01                           clk (net)
                  0.05    0.00    0.04 ^ clkbuf_0_clk/A (sky130_fd_sc_hd__clkbuf_16)
                  0.03    0.09    0.13 ^ clkbuf_0_clk/X (sky130_fd_sc_hd__clkbuf_16)
     2    0.02                           clknet_0_clk (net)
                  0.03    0.00    0.13 ^ clkbuf_1_0__f_clk/A (sky130_fd_sc_hd__clkbuf_16)
                  0.04    0.09    0.23 ^ clkbuf_1_0__f_clk/X (sky130_fd_sc_hd__clkbuf_16)
     7    0.03                           clknet_1_0__leaf_clk (net)
                  0.04    0.00    0.23 ^ _489_/CLK (sky130_fd_sc_hd__dfrtp_1)
                          0.25    0.48   clock uncertainty
                         -0.02    0.45   clock reconvergence pessimism
                         -0.02    0.44   library hold time
                                  0.44   data required time
-----------------------------------------------------------------------------
                                  0.44   data required time
                                 -0.89   data arrival time
-----------------------------------------------------------------------------
                                  0.45   slack (MET)


Startpoint: _490_ (rising edge-triggered flip-flop clocked by clk)
Endpoint: _490_ (rising edge-triggered flip-flop clocked by clk)
Path Group: clk
Path Type: min
Corner: Fastest

Fanout     Cap    Slew   Delay    Time   Description
-----------------------------------------------------------------------------
                          0.00    0.00   clock clk (rise edge)
                          0.00    0.00   clock source latency
                  0.05    0.03    0.03 ^ clk (in)
     1    0.01                           clk (net)
                  0.05    0.00    0.03 ^ clkbuf_0_clk/A (sky130_fd_sc_hd__clkbuf_16)
                  0.03    0.09    0.12 ^ clkbuf_0_clk/X (sky130_fd_sc_hd__clkbuf_16)
     2    0.02                           clknet_0_clk (net)
                  0.03    0.00    0.12 ^ clkbuf_1_0__f_clk/A (sky130_fd_sc_hd__clkbuf_16)
                  0.04    0.08    0.20 ^ clkbuf_1_0__f_clk/X (sky130_fd_sc_hd__clkbuf_16)
     7    0.03                           clknet_1_0__leaf_clk (net)
                  0.04    0.00    0.20 ^ _490_/CLK (sky130_fd_sc_hd__dfrtp_1)
                  0.06    0.21    0.41 ^ _490_/Q (sky130_fd_sc_hd__dfrtp_1)
     2    0.01                           net35 (net)
                  0.06    0.00    0.41 ^ hold8/A (sky130_fd_sc_hd__dlygate4sd3_1)
                  0.04    0.36    0.77 ^ hold8/X (sky130_fd_sc_hd__dlygate4sd3_1)
     1    0.00                           net47 (net)
                  0.04    0.00    0.77 ^ _474_/B (sky130_fd_sc_hd__and2_1)
                  0.03    0.07    0.84 ^ _474_/X (sky130_fd_sc_hd__and2_1)
     1    0.00                           _187_ (net)
                  0.03    0.00    0.84 ^ _475_/B1 (sky130_fd_sc_hd__a31o_1)
                  0.03    0.05    0.89 ^ _475_/X (sky130_fd_sc_hd__a31o_1)
     1    0.00                           _011_ (net)
                  0.03    0.00    0.89 ^ _490_/D (sky130_fd_sc_hd__dfrtp_1)
                                  0.89   data arrival time

                          0.00    0.00   clock clk (rise edge)
                          0.00    0.00   clock source latency
                  0.05    0.04    0.04 ^ clk (in)
     1    0.01                           clk (net)
                  0.05    0.00    0.04 ^ clkbuf_0_clk/A (sky130_fd_sc_hd__clkbuf_16)
                  0.03    0.09    0.13 ^ clkbuf_0_clk/X (sky130_fd_sc_hd__clkbuf_16)
     2    0.02                           clknet_0_clk (net)
                  0.03    0.00    0.13 ^ clkbuf_1_0__f_clk/A (sky130_fd_sc_hd__clkbuf_16)
                  0.04    0.09    0.23 ^ clkbuf_1_0__f_clk/X (sky130_fd_sc_hd__clkbuf_16)
     7    0.03                           clknet_1_0__leaf_clk (net)
                  0.04    0.00    0.23 ^ _490_/CLK (sky130_fd_sc_hd__dfrtp_1)
                          0.25    0.48   clock uncertainty
                         -0.02    0.45   clock reconvergence pessimism
                         -0.02    0.43   library hold time
                                  0.43   data required time
-----------------------------------------------------------------------------
                                  0.43   data required time
                                 -0.89   data arrival time
-----------------------------------------------------------------------------
                                  0.45   slack (MET)


Startpoint: _484_ (rising edge-triggered flip-flop clocked by clk)
Endpoint: _484_ (rising edge-triggered flip-flop clocked by clk)
Path Group: clk
Path Type: min
Corner: Fastest

Fanout     Cap    Slew   Delay    Time   Description
-----------------------------------------------------------------------------
                          0.00    0.00   clock clk (rise edge)
                          0.00    0.00   clock source latency
                  0.05    0.03    0.03 ^ clk (in)
     1    0.01                           clk (net)
                  0.05    0.00    0.03 ^ clkbuf_0_clk/A (sky130_fd_sc_hd__clkbuf_16)
                  0.03    0.09    0.12 ^ clkbuf_0_clk/X (sky130_fd_sc_hd__clkbuf_16)
     2    0.02                           clknet_0_clk (net)
                  0.03    0.00    0.12 ^ clkbuf_1_0__f_clk/A (sky130_fd_sc_hd__clkbuf_16)
                  0.04    0.08    0.20 ^ clkbuf_1_0__f_clk/X (sky130_fd_sc_hd__clkbuf_16)
     7    0.03                           clknet_1_0__leaf_clk (net)
                  0.04    0.00    0.20 ^ _484_/CLK (sky130_fd_sc_hd__dfrtp_1)
                  0.05    0.20    0.41 ^ _484_/Q (sky130_fd_sc_hd__dfrtp_1)
     2    0.01                           net29 (net)
                  0.05    0.00    0.41 ^ hold7/A (sky130_fd_sc_hd__dlygate4sd3_1)
                  0.04    0.36    0.76 ^ hold7/X (sky130_fd_sc_hd__dlygate4sd3_1)
     1    0.00                           net46 (net)
                  0.04    0.00    0.76 ^ _462_/B (sky130_fd_sc_hd__and2_1)
                  0.04    0.08    0.84 ^ _462_/X (sky130_fd_sc_hd__and2_1)
     1    0.00                           _181_ (net)
                  0.04    0.00    0.84 ^ _463_/B1 (sky130_fd_sc_hd__a31o_1)
                  0.03    0.05    0.89 ^ _463_/X (sky130_fd_sc_hd__a31o_1)
     1    0.00                           _005_ (net)
                  0.03    0.00    0.89 ^ _484_/D (sky130_fd_sc_hd__dfrtp_1)
                                  0.89   data arrival time

                          0.00    0.00   clock clk (rise edge)
                          0.00    0.00   clock source latency
                  0.05    0.04    0.04 ^ clk (in)
     1    0.01                           clk (net)
                  0.05    0.00    0.04 ^ clkbuf_0_clk/A (sky130_fd_sc_hd__clkbuf_16)
                  0.03    0.09    0.13 ^ clkbuf_0_clk/X (sky130_fd_sc_hd__clkbuf_16)
     2    0.02                           clknet_0_clk (net)
                  0.03    0.00    0.13 ^ clkbuf_1_0__f_clk/A (sky130_fd_sc_hd__clkbuf_16)
                  0.04    0.09    0.23 ^ clkbuf_1_0__f_clk/X (sky130_fd_sc_hd__clkbuf_16)
     7    0.03                           clknet_1_0__leaf_clk (net)
                  0.04    0.00    0.23 ^ _484_/CLK (sky130_fd_sc_hd__dfrtp_1)
                          0.25    0.48   clock uncertainty
                         -0.02    0.45   clock reconvergence pessimism
                         -0.02    0.44   library hold time
                                  0.44   data required time
-----------------------------------------------------------------------------
                                  0.44   data required time
                                 -0.89   data arrival time
-----------------------------------------------------------------------------
                                  0.46   slack (MET)


Startpoint: rst_n (input port clocked by clk)
Endpoint: _487_ (removal check against rising-edge clock clk)
Path Group: asynchronous
Path Type: min
Corner: Fastest

Fanout     Cap    Slew   Delay    Time   Description
-----------------------------------------------------------------------------
                          0.00    0.00   clock clk (rise edge)
                          0.00    0.00   clock network delay (propagated)
                          5.00    5.00 ^ input external delay
                  0.01    0.01    5.01 ^ rst_n (in)
     1    0.00                           rst_n (net)
                  0.01    0.00    5.01 ^ input10/A (sky130_fd_sc_hd__clkbuf_2)
                  0.11    0.11    5.12 ^ input10/X (sky130_fd_sc_hd__clkbuf_2)
     5    0.02                           net10 (net)
                  0.11    0.00    5.12 ^ _487_/RESET_B (sky130_fd_sc_hd__dfrtp_1)
                                  5.12   data arrival time

                          0.00    0.00   clock clk (rise edge)
                          0.00    0.00   clock source latency
                  0.05    0.04    0.04 ^ clk (in)
     1    0.01                           clk (net)
                  0.05    0.00    0.04 ^ clkbuf_0_clk/A (sky130_fd_sc_hd__clkbuf_16)
                  0.03    0.09    0.13 ^ clkbuf_0_clk/X (sky130_fd_sc_hd__clkbuf_16)
     2    0.02                           clknet_0_clk (net)
                  0.03    0.00    0.13 ^ clkbuf_1_1__f_clk/A (sky130_fd_sc_hd__clkbuf_16)
                  0.04    0.09    0.23 ^ clkbuf_1_1__f_clk/X (sky130_fd_sc_hd__clkbuf_16)
     7    0.03                           clknet_1_1__leaf_clk (net)
                  0.04    0.00    0.23 ^ _487_/CLK (sky130_fd_sc_hd__dfrtp_1)
                          0.25    0.48   clock uncertainty
                          0.00    0.48   clock reconvergence pessimism
                          0.22    0.69   library removal time
                                  0.69   data required time
-----------------------------------------------------------------------------
                                  0.69   data required time
                                 -5.12   data arrival time
-----------------------------------------------------------------------------
                                  4.42   slack (MET)


Startpoint: rst_n (input port clocked by clk)
Endpoint: _485_ (removal check against rising-edge clock clk)
Path Group: asynchronous
Path Type: min
Corner: Fastest

Fanout     Cap    Slew   Delay    Time   Description
-----------------------------------------------------------------------------
                          0.00    0.00   clock clk (rise edge)
                          0.00    0.00   clock network delay (propagated)
                          5.00    5.00 ^ input external delay
                  0.01    0.01    5.01 ^ rst_n (in)
     1    0.00                           rst_n (net)
                  0.01    0.00    5.01 ^ input10/A (sky130_fd_sc_hd__clkbuf_2)
                  0.11    0.11    5.12 ^ input10/X (sky130_fd_sc_hd__clkbuf_2)
     5    0.02                           net10 (net)
                  0.11    0.00    5.12 ^ _485_/RESET_B (sky130_fd_sc_hd__dfrtp_1)
                                  5.12   data arrival time

                          0.00    0.00   clock clk (rise edge)
                          0.00    0.00   clock source latency
                  0.05    0.04    0.04 ^ clk (in)
     1    0.01                           clk (net)
                  0.05    0.00    0.04 ^ clkbuf_0_clk/A (sky130_fd_sc_hd__clkbuf_16)
                  0.03    0.09    0.13 ^ clkbuf_0_clk/X (sky130_fd_sc_hd__clkbuf_16)
     2    0.02                           clknet_0_clk (net)
                  0.03    0.00    0.13 ^ clkbuf_1_0__f_clk/A (sky130_fd_sc_hd__clkbuf_16)
                  0.04    0.09    0.23 ^ clkbuf_1_0__f_clk/X (sky130_fd_sc_hd__clkbuf_16)
     7    0.03                           clknet_1_0__leaf_clk (net)
                  0.04    0.00    0.23 ^ _485_/CLK (sky130_fd_sc_hd__dfrtp_1)
                          0.25    0.48   clock uncertainty
                          0.00    0.48   clock reconvergence pessimism
                          0.22    0.69   library removal time
                                  0.69   data required time
-----------------------------------------------------------------------------
                                  0.69   data required time
                                 -5.12   data arrival time
-----------------------------------------------------------------------------
                                  4.42   slack (MET)


Startpoint: rst_n (input port clocked by clk)
Endpoint: _488_ (removal check against rising-edge clock clk)
Path Group: asynchronous
Path Type: min
Corner: Fastest

Fanout     Cap    Slew   Delay    Time   Description
-----------------------------------------------------------------------------
                          0.00    0.00   clock clk (rise edge)
                          0.00    0.00   clock network delay (propagated)
                          5.00    5.00 ^ input external delay
                  0.01    0.01    5.01 ^ rst_n (in)
     1    0.00                           rst_n (net)
                  0.01    0.00    5.01 ^ input10/A (sky130_fd_sc_hd__clkbuf_2)
                  0.11    0.11    5.12 ^ input10/X (sky130_fd_sc_hd__clkbuf_2)
     5    0.02                           net10 (net)
                  0.11    0.00    5.12 ^ _488_/RESET_B (sky130_fd_sc_hd__dfrtp_1)
                                  5.12   data arrival time

                          0.00    0.00   clock clk (rise edge)
                          0.00    0.00   clock source latency
                  0.05    0.04    0.04 ^ clk (in)
     1    0.01                           clk (net)
                  0.05    0.00    0.04 ^ clkbuf_0_clk/A (sky130_fd_sc_hd__clkbuf_16)
                  0.03    0.09    0.13 ^ clkbuf_0_clk/X (sky130_fd_sc_hd__clkbuf_16)
     2    0.02                           clknet_0_clk (net)
                  0.03    0.00    0.13 ^ clkbuf_1_0__f_clk/A (sky130_fd_sc_hd__clkbuf_16)
                  0.04    0.09    0.23 ^ clkbuf_1_0__f_clk/X (sky130_fd_sc_hd__clkbuf_16)
     7    0.03                           clknet_1_0__leaf_clk (net)
                  0.04    0.00    0.23 ^ _488_/CLK (sky130_fd_sc_hd__dfrtp_1)
                          0.25    0.48   clock uncertainty
                          0.00    0.48   clock reconvergence pessimism
                          0.22    0.69   library removal time
                                  0.69   data required time
-----------------------------------------------------------------------------
                                  0.69   data required time
                                 -5.12   data arrival time
-----------------------------------------------------------------------------
                                  4.42   slack (MET)


Startpoint: rst_n (input port clocked by clk)
Endpoint: _486_ (removal check against rising-edge clock clk)
Path Group: asynchronous
Path Type: min
Corner: Fastest

Fanout     Cap    Slew   Delay    Time   Description
-----------------------------------------------------------------------------
                          0.00    0.00   clock clk (rise edge)
                          0.00    0.00   clock network delay (propagated)
                          5.00    5.00 ^ input external delay
                  0.01    0.01    5.01 ^ rst_n (in)
     1    0.00                           rst_n (net)
                  0.01    0.00    5.01 ^ input10/A (sky130_fd_sc_hd__clkbuf_2)
                  0.11    0.11    5.12 ^ input10/X (sky130_fd_sc_hd__clkbuf_2)
     5    0.02                           net10 (net)
                  0.11    0.00    5.12 ^ _486_/RESET_B (sky130_fd_sc_hd__dfrtp_1)
                                  5.12   data arrival time

                          0.00    0.00   clock clk (rise edge)
                          0.00    0.00   clock source latency
                  0.05    0.04    0.04 ^ clk (in)
     1    0.01                           clk (net)
                  0.05    0.00    0.04 ^ clkbuf_0_clk/A (sky130_fd_sc_hd__clkbuf_16)
                  0.03    0.09    0.13 ^ clkbuf_0_clk/X (sky130_fd_sc_hd__clkbuf_16)
     2    0.02                           clknet_0_clk (net)
                  0.03    0.00    0.13 ^ clkbuf_1_0__f_clk/A (sky130_fd_sc_hd__clkbuf_16)
                  0.04    0.09    0.23 ^ clkbuf_1_0__f_clk/X (sky130_fd_sc_hd__clkbuf_16)
     7    0.03                           clknet_1_0__leaf_clk (net)
                  0.04    0.00    0.23 ^ _486_/CLK (sky130_fd_sc_hd__dfrtp_1)
                          0.25    0.48   clock uncertainty
                          0.00    0.48   clock reconvergence pessimism
                          0.22    0.69   library removal time
                                  0.69   data required time
-----------------------------------------------------------------------------
                                  0.69   data required time
                                 -5.12   data arrival time
-----------------------------------------------------------------------------
                                  4.42   slack (MET)


Startpoint: rst_n (input port clocked by clk)
Endpoint: _481_ (removal check against rising-edge clock clk)
Path Group: asynchronous
Path Type: min
Corner: Fastest

Fanout     Cap    Slew   Delay    Time   Description
-----------------------------------------------------------------------------
                          0.00    0.00   clock clk (rise edge)
                          0.00    0.00   clock network delay (propagated)
                          5.00    5.00 ^ input external delay
                  0.01    0.01    5.01 ^ rst_n (in)
     1    0.00                           rst_n (net)
                  0.01    0.00    5.01 ^ input10/A (sky130_fd_sc_hd__clkbuf_2)
                  0.11    0.11    5.12 ^ input10/X (sky130_fd_sc_hd__clkbuf_2)
     5    0.02                           net10 (net)
                  0.11    0.00    5.12 ^ fanout39/A (sky130_fd_sc_hd__buf_4)
                  0.13    0.15    5.27 ^ fanout39/X (sky130_fd_sc_hd__buf_4)
    10    0.06                           net39 (net)
                  0.13    0.00    5.27 ^ _481_/RESET_B (sky130_fd_sc_hd__dfrtp_1)
                                  5.27   data arrival time

                          0.00    0.00   clock clk (rise edge)
                          0.00    0.00   clock source latency
                  0.05    0.04    0.04 ^ clk (in)
     1    0.01                           clk (net)
                  0.05    0.00    0.04 ^ clkbuf_0_clk/A (sky130_fd_sc_hd__clkbuf_16)
                  0.03    0.09    0.13 ^ clkbuf_0_clk/X (sky130_fd_sc_hd__clkbuf_16)
     2    0.02                           clknet_0_clk (net)
                  0.03    0.00    0.13 ^ clkbuf_1_1__f_clk/A (sky130_fd_sc_hd__clkbuf_16)
                  0.04    0.09    0.23 ^ clkbuf_1_1__f_clk/X (sky130_fd_sc_hd__clkbuf_16)
     7    0.03                           clknet_1_1__leaf_clk (net)
                  0.04    0.00    0.23 ^ _481_/CLK (sky130_fd_sc_hd__dfrtp_1)
                          0.25    0.48   clock uncertainty
                          0.00    0.48   clock reconvergence pessimism
                          0.22    0.70   library removal time
                                  0.70   data required time
-----------------------------------------------------------------------------
                                  0.70   data required time
                                 -5.27   data arrival time
-----------------------------------------------------------------------------
                                  4.57   slack (MET)


Startpoint: rst_n (input port clocked by clk)
Endpoint: _479_ (removal check against rising-edge clock clk)
Path Group: asynchronous
Path Type: min
Corner: Fastest

Fanout     Cap    Slew   Delay    Time   Description
-----------------------------------------------------------------------------
                          0.00    0.00   clock clk (rise edge)
                          0.00    0.00   clock network delay (propagated)
                          5.00    5.00 ^ input external delay
                  0.01    0.01    5.01 ^ rst_n (in)
     1    0.00                           rst_n (net)
                  0.01    0.00    5.01 ^ input10/A (sky130_fd_sc_hd__clkbuf_2)
                  0.11    0.11    5.12 ^ input10/X (sky130_fd_sc_hd__clkbuf_2)
     5    0.02                           net10 (net)
                  0.11    0.00    5.12 ^ fanout39/A (sky130_fd_sc_hd__buf_4)
                  0.13    0.15    5.27 ^ fanout39/X (sky130_fd_sc_hd__buf_4)
    10    0.06                           net39 (net)
                  0.13    0.00    5.27 ^ _479_/RESET_B (sky130_fd_sc_hd__dfrtp_1)
                                  5.27   data arrival time

                          0.00    0.00   clock clk (rise edge)
                          0.00    0.00   clock source latency
                  0.05    0.04    0.04 ^ clk (in)
     1    0.01                           clk (net)
                  0.05    0.00    0.04 ^ clkbuf_0_clk/A (sky130_fd_sc_hd__clkbuf_16)
                  0.03    0.09    0.13 ^ clkbuf_0_clk/X (sky130_fd_sc_hd__clkbuf_16)
     2    0.02                           clknet_0_clk (net)
                  0.03    0.00    0.13 ^ clkbuf_1_1__f_clk/A (sky130_fd_sc_hd__clkbuf_16)
                  0.04    0.09    0.23 ^ clkbuf_1_1__f_clk/X (sky130_fd_sc_hd__clkbuf_16)
     7    0.03                           clknet_1_1__leaf_clk (net)
                  0.04    0.00    0.23 ^ _479_/CLK (sky130_fd_sc_hd__dfrtp_1)
                          0.25    0.48   clock uncertainty
                          0.00    0.48   clock reconvergence pessimism
                          0.22    0.70   library removal time
                                  0.70   data required time
-----------------------------------------------------------------------------
                                  0.70   data required time
                                 -5.27   data arrival time
-----------------------------------------------------------------------------
                                  4.57   slack (MET)


Startpoint: rst_n (input port clocked by clk)
Endpoint: _482_ (removal check against rising-edge clock clk)
Path Group: asynchronous
Path Type: min
Corner: Fastest

Fanout     Cap    Slew   Delay    Time   Description
-----------------------------------------------------------------------------
                          0.00    0.00   clock clk (rise edge)
                          0.00    0.00   clock network delay (propagated)
                          5.00    5.00 ^ input external delay
                  0.01    0.01    5.01 ^ rst_n (in)
     1    0.00                           rst_n (net)
                  0.01    0.00    5.01 ^ input10/A (sky130_fd_sc_hd__clkbuf_2)
                  0.11    0.11    5.12 ^ input10/X (sky130_fd_sc_hd__clkbuf_2)
     5    0.02                           net10 (net)
                  0.11    0.00    5.12 ^ fanout39/A (sky130_fd_sc_hd__buf_4)
                  0.13    0.15    5.27 ^ fanout39/X (sky130_fd_sc_hd__buf_4)
    10    0.06                           net39 (net)
                  0.13    0.00    5.27 ^ _482_/RESET_B (sky130_fd_sc_hd__dfrtp_1)
                                  5.27   data arrival time

                          0.00    0.00   clock clk (rise edge)
                          0.00    0.00   clock source latency
                  0.05    0.04    0.04 ^ clk (in)
     1    0.01                           clk (net)
                  0.05    0.00    0.04 ^ clkbuf_0_clk/A (sky130_fd_sc_hd__clkbuf_16)
                  0.03    0.09    0.13 ^ clkbuf_0_clk/X (sky130_fd_sc_hd__clkbuf_16)
     2    0.02                           clknet_0_clk (net)
                  0.03    0.00    0.13 ^ clkbuf_1_1__f_clk/A (sky130_fd_sc_hd__clkbuf_16)
                  0.04    0.09    0.23 ^ clkbuf_1_1__f_clk/X (sky130_fd_sc_hd__clkbuf_16)
     7    0.03                           clknet_1_1__leaf_clk (net)
                  0.04    0.00    0.23 ^ _482_/CLK (sky130_fd_sc_hd__dfrtp_1)
                          0.25    0.48   clock uncertainty
                          0.00    0.48   clock reconvergence pessimism
                          0.22    0.70   library removal time
                                  0.70   data required time
-----------------------------------------------------------------------------
                                  0.70   data required time
                                 -5.27   data arrival time
-----------------------------------------------------------------------------
                                  4.57   slack (MET)


Startpoint: rst_n (input port clocked by clk)
Endpoint: _483_ (removal check against rising-edge clock clk)
Path Group: asynchronous
Path Type: min
Corner: Fastest

Fanout     Cap    Slew   Delay    Time   Description
-----------------------------------------------------------------------------
                          0.00    0.00   clock clk (rise edge)
                          0.00    0.00   clock network delay (propagated)
                          5.00    5.00 ^ input external delay
                  0.01    0.01    5.01 ^ rst_n (in)
     1    0.00                           rst_n (net)
                  0.01    0.00    5.01 ^ input10/A (sky130_fd_sc_hd__clkbuf_2)
                  0.11    0.11    5.12 ^ input10/X (sky130_fd_sc_hd__clkbuf_2)
     5    0.02                           net10 (net)
                  0.11    0.00    5.12 ^ fanout39/A (sky130_fd_sc_hd__buf_4)
                  0.13    0.15    5.27 ^ fanout39/X (sky130_fd_sc_hd__buf_4)
    10    0.06                           net39 (net)
                  0.13    0.00    5.27 ^ _483_/RESET_B (sky130_fd_sc_hd__dfrtp_1)
                                  5.27   data arrival time

                          0.00    0.00   clock clk (rise edge)
                          0.00    0.00   clock source latency
                  0.05    0.04    0.04 ^ clk (in)
     1    0.01                           clk (net)
                  0.05    0.00    0.04 ^ clkbuf_0_clk/A (sky130_fd_sc_hd__clkbuf_16)
                  0.03    0.09    0.13 ^ clkbuf_0_clk/X (sky130_fd_sc_hd__clkbuf_16)
     2    0.02                           clknet_0_clk (net)
                  0.03    0.00    0.13 ^ clkbuf_1_1__f_clk/A (sky130_fd_sc_hd__clkbuf_16)
                  0.04    0.09    0.23 ^ clkbuf_1_1__f_clk/X (sky130_fd_sc_hd__clkbuf_16)
     7    0.03                           clknet_1_1__leaf_clk (net)
                  0.04    0.00    0.23 ^ _483_/CLK (sky130_fd_sc_hd__dfrtp_1)
                          0.25    0.48   clock uncertainty
                          0.00    0.48   clock reconvergence pessimism
                          0.22    0.70   library removal time
                                  0.70   data required time
-----------------------------------------------------------------------------
                                  0.70   data required time
                                 -5.27   data arrival time
-----------------------------------------------------------------------------
                                  4.57   slack (MET)


Startpoint: rst_n (input port clocked by clk)
Endpoint: _480_ (removal check against rising-edge clock clk)
Path Group: asynchronous
Path Type: min
Corner: Fastest

Fanout     Cap    Slew   Delay    Time   Description
-----------------------------------------------------------------------------
                          0.00    0.00   clock clk (rise edge)
                          0.00    0.00   clock network delay (propagated)
                          5.00    5.00 ^ input external delay
                  0.01    0.01    5.01 ^ rst_n (in)
     1    0.00                           rst_n (net)
                  0.01    0.00    5.01 ^ input10/A (sky130_fd_sc_hd__clkbuf_2)
                  0.11    0.11    5.12 ^ input10/X (sky130_fd_sc_hd__clkbuf_2)
     5    0.02                           net10 (net)
                  0.11    0.00    5.12 ^ fanout39/A (sky130_fd_sc_hd__buf_4)
                  0.13    0.15    5.27 ^ fanout39/X (sky130_fd_sc_hd__buf_4)
    10    0.06                           net39 (net)
                  0.13    0.00    5.27 ^ _480_/RESET_B (sky130_fd_sc_hd__dfrtp_1)
                                  5.27   data arrival time

                          0.00    0.00   clock clk (rise edge)
                          0.00    0.00   clock source latency
                  0.05    0.04    0.04 ^ clk (in)
     1    0.01                           clk (net)
                  0.05    0.00    0.04 ^ clkbuf_0_clk/A (sky130_fd_sc_hd__clkbuf_16)
                  0.03    0.09    0.13 ^ clkbuf_0_clk/X (sky130_fd_sc_hd__clkbuf_16)
     2    0.02                           clknet_0_clk (net)
                  0.03    0.00    0.13 ^ clkbuf_1_1__f_clk/A (sky130_fd_sc_hd__clkbuf_16)
                  0.04    0.09    0.23 ^ clkbuf_1_1__f_clk/X (sky130_fd_sc_hd__clkbuf_16)
     7    0.03                           clknet_1_1__leaf_clk (net)
                  0.04    0.00    0.23 ^ _480_/CLK (sky130_fd_sc_hd__dfrtp_1)
                          0.25    0.48   clock uncertainty
                          0.00    0.48   clock reconvergence pessimism
                          0.22    0.70   library removal time
                                  0.70   data required time
-----------------------------------------------------------------------------
                                  0.70   data required time
                                 -5.27   data arrival time
-----------------------------------------------------------------------------
                                  4.57   slack (MET)


Startpoint: rst_n (input port clocked by clk)
Endpoint: _478_ (removal check against rising-edge clock clk)
Path Group: asynchronous
Path Type: min
Corner: Fastest

Fanout     Cap    Slew   Delay    Time   Description
-----------------------------------------------------------------------------
                          0.00    0.00   clock clk (rise edge)
                          0.00    0.00   clock network delay (propagated)
                          5.00    5.00 ^ input external delay
                  0.01    0.01    5.01 ^ rst_n (in)
     1    0.00                           rst_n (net)
                  0.01    0.00    5.01 ^ input10/A (sky130_fd_sc_hd__clkbuf_2)
                  0.11    0.11    5.12 ^ input10/X (sky130_fd_sc_hd__clkbuf_2)
     5    0.02                           net10 (net)
                  0.11    0.00    5.12 ^ fanout39/A (sky130_fd_sc_hd__buf_4)
                  0.13    0.15    5.27 ^ fanout39/X (sky130_fd_sc_hd__buf_4)
    10    0.06                           net39 (net)
                  0.13    0.00    5.27 ^ _478_/RESET_B (sky130_fd_sc_hd__dfrtp_1)
                                  5.27   data arrival time

                          0.00    0.00   clock clk (rise edge)
                          0.00    0.00   clock source latency
                  0.05    0.04    0.04 ^ clk (in)
     1    0.01                           clk (net)
                  0.05    0.00    0.04 ^ clkbuf_0_clk/A (sky130_fd_sc_hd__clkbuf_16)
                  0.03    0.09    0.13 ^ clkbuf_0_clk/X (sky130_fd_sc_hd__clkbuf_16)
     2    0.02                           clknet_0_clk (net)
                  0.03    0.00    0.13 ^ clkbuf_1_1__f_clk/A (sky130_fd_sc_hd__clkbuf_16)
                  0.04    0.09    0.23 ^ clkbuf_1_1__f_clk/X (sky130_fd_sc_hd__clkbuf_16)
     7    0.03                           clknet_1_1__leaf_clk (net)
                  0.04    0.00    0.23 ^ _478_/CLK (sky130_fd_sc_hd__dfrtp_1)
                          0.25    0.48   clock uncertainty
                          0.00    0.48   clock reconvergence pessimism
                          0.22    0.70   library removal time
                                  0.70   data required time
-----------------------------------------------------------------------------
                                  0.70   data required time
                                 -5.27   data arrival time
-----------------------------------------------------------------------------
                                  4.57   slack (MET)


Startpoint: rst_n (input port clocked by clk)
Endpoint: _491_ (removal check against rising-edge clock clk)
Path Group: asynchronous
Path Type: min
Corner: Fastest

Fanout     Cap    Slew   Delay    Time   Description
-----------------------------------------------------------------------------
                          0.00    0.00   clock clk (rise edge)
                          0.00    0.00   clock network delay (propagated)
                          5.00    5.00 ^ input external delay
                  0.01    0.01    5.01 ^ rst_n (in)
     1    0.00                           rst_n (net)
                  0.01    0.00    5.01 ^ input10/A (sky130_fd_sc_hd__clkbuf_2)
                  0.11    0.11    5.12 ^ input10/X (sky130_fd_sc_hd__clkbuf_2)
     5    0.02                           net10 (net)
                  0.11    0.00    5.12 ^ fanout39/A (sky130_fd_sc_hd__buf_4)
                  0.13    0.15    5.27 ^ fanout39/X (sky130_fd_sc_hd__buf_4)
    10    0.06                           net39 (net)
                  0.13    0.01    5.27 ^ _491_/RESET_B (sky130_fd_sc_hd__dfrtp_1)
                                  5.27   data arrival time

                          0.00    0.00   clock clk (rise edge)
                          0.00    0.00   clock source latency
                  0.05    0.04    0.04 ^ clk (in)
     1    0.01                           clk (net)
                  0.05    0.00    0.04 ^ clkbuf_0_clk/A (sky130_fd_sc_hd__clkbuf_16)
                  0.03    0.09    0.13 ^ clkbuf_0_clk/X (sky130_fd_sc_hd__clkbuf_16)
     2    0.02                           clknet_0_clk (net)
                  0.03    0.00    0.13 ^ clkbuf_1_0__f_clk/A (sky130_fd_sc_hd__clkbuf_16)
                  0.04    0.09    0.23 ^ clkbuf_1_0__f_clk/X (sky130_fd_sc_hd__clkbuf_16)
     7    0.03                           clknet_1_0__leaf_clk (net)
                  0.04    0.00    0.23 ^ _491_/CLK (sky130_fd_sc_hd__dfrtp_1)
                          0.25    0.48   clock uncertainty
                          0.00    0.48   clock reconvergence pessimism
                          0.22    0.70   library removal time
                                  0.70   data required time
-----------------------------------------------------------------------------
                                  0.70   data required time
                                 -5.27   data arrival time
-----------------------------------------------------------------------------
                                  4.57   slack (MET)


Startpoint: rst_n (input port clocked by clk)
Endpoint: _489_ (removal check against rising-edge clock clk)
Path Group: asynchronous
Path Type: min
Corner: Fastest

Fanout     Cap    Slew   Delay    Time   Description
-----------------------------------------------------------------------------
                          0.00    0.00   clock clk (rise edge)
                          0.00    0.00   clock network delay (propagated)
                          5.00    5.00 ^ input external delay
                  0.01    0.01    5.01 ^ rst_n (in)
     1    0.00                           rst_n (net)
                  0.01    0.00    5.01 ^ input10/A (sky130_fd_sc_hd__clkbuf_2)
                  0.11    0.11    5.12 ^ input10/X (sky130_fd_sc_hd__clkbuf_2)
     5    0.02                           net10 (net)
                  0.11    0.00    5.12 ^ fanout39/A (sky130_fd_sc_hd__buf_4)
                  0.13    0.15    5.27 ^ fanout39/X (sky130_fd_sc_hd__buf_4)
    10    0.06                           net39 (net)
                  0.13    0.00    5.27 ^ _489_/RESET_B (sky130_fd_sc_hd__dfrtp_1)
                                  5.27   data arrival time

                          0.00    0.00   clock clk (rise edge)
                          0.00    0.00   clock source latency
                  0.05    0.04    0.04 ^ clk (in)
     1    0.01                           clk (net)
                  0.05    0.00    0.04 ^ clkbuf_0_clk/A (sky130_fd_sc_hd__clkbuf_16)
                  0.03    0.09    0.13 ^ clkbuf_0_clk/X (sky130_fd_sc_hd__clkbuf_16)
     2    0.02                           clknet_0_clk (net)
                  0.03    0.00    0.13 ^ clkbuf_1_0__f_clk/A (sky130_fd_sc_hd__clkbuf_16)
                  0.04    0.09    0.23 ^ clkbuf_1_0__f_clk/X (sky130_fd_sc_hd__clkbuf_16)
     7    0.03                           clknet_1_0__leaf_clk (net)
                  0.04    0.00    0.23 ^ _489_/CLK (sky130_fd_sc_hd__dfrtp_1)
                          0.25    0.48   clock uncertainty
                          0.00    0.48   clock reconvergence pessimism
                          0.22    0.70   library removal time
                                  0.70   data required time
-----------------------------------------------------------------------------
                                  0.70   data required time
                                 -5.27   data arrival time
-----------------------------------------------------------------------------
                                  4.57   slack (MET)


Startpoint: rst_n (input port clocked by clk)
Endpoint: _490_ (removal check against rising-edge clock clk)
Path Group: asynchronous
Path Type: min
Corner: Fastest

Fanout     Cap    Slew   Delay    Time   Description
-----------------------------------------------------------------------------
                          0.00    0.00   clock clk (rise edge)
                          0.00    0.00   clock network delay (propagated)
                          5.00    5.00 ^ input external delay
                  0.01    0.01    5.01 ^ rst_n (in)
     1    0.00                           rst_n (net)
                  0.01    0.00    5.01 ^ input10/A (sky130_fd_sc_hd__clkbuf_2)
                  0.11    0.11    5.12 ^ input10/X (sky130_fd_sc_hd__clkbuf_2)
     5    0.02                           net10 (net)
                  0.11    0.00    5.12 ^ fanout39/A (sky130_fd_sc_hd__buf_4)
                  0.13    0.15    5.27 ^ fanout39/X (sky130_fd_sc_hd__buf_4)
    10    0.06                           net39 (net)
                  0.13    0.01    5.27 ^ _490_/RESET_B (sky130_fd_sc_hd__dfrtp_1)
                                  5.27   data arrival time

                          0.00    0.00   clock clk (rise edge)
                          0.00    0.00   clock source latency
                  0.05    0.04    0.04 ^ clk (in)
     1    0.01                           clk (net)
                  0.05    0.00    0.04 ^ clkbuf_0_clk/A (sky130_fd_sc_hd__clkbuf_16)
                  0.03    0.09    0.13 ^ clkbuf_0_clk/X (sky130_fd_sc_hd__clkbuf_16)
     2    0.02                           clknet_0_clk (net)
                  0.03    0.00    0.13 ^ clkbuf_1_0__f_clk/A (sky130_fd_sc_hd__clkbuf_16)
                  0.04    0.09    0.23 ^ clkbuf_1_0__f_clk/X (sky130_fd_sc_hd__clkbuf_16)
     7    0.03                           clknet_1_0__leaf_clk (net)
                  0.04    0.00    0.23 ^ _490_/CLK (sky130_fd_sc_hd__dfrtp_1)
                          0.25    0.48   clock uncertainty
                          0.00    0.48   clock reconvergence pessimism
                          0.22    0.70   library removal time
                                  0.70   data required time
-----------------------------------------------------------------------------
                                  0.70   data required time
                                 -5.27   data arrival time
-----------------------------------------------------------------------------
                                  4.57   slack (MET)


Startpoint: rst_n (input port clocked by clk)
Endpoint: _484_ (removal check against rising-edge clock clk)
Path Group: asynchronous
Path Type: min
Corner: Fastest

Fanout     Cap    Slew   Delay    Time   Description
-----------------------------------------------------------------------------
                          0.00    0.00   clock clk (rise edge)
                          0.00    0.00   clock network delay (propagated)
                          5.00    5.00 ^ input external delay
                  0.01    0.01    5.01 ^ rst_n (in)
     1    0.00                           rst_n (net)
                  0.01    0.00    5.01 ^ input10/A (sky130_fd_sc_hd__clkbuf_2)
                  0.11    0.11    5.12 ^ input10/X (sky130_fd_sc_hd__clkbuf_2)
     5    0.02                           net10 (net)
                  0.11    0.00    5.12 ^ fanout39/A (sky130_fd_sc_hd__buf_4)
                  0.13    0.15    5.27 ^ fanout39/X (sky130_fd_sc_hd__buf_4)
    10    0.06                           net39 (net)
                  0.13    0.01    5.27 ^ _484_/RESET_B (sky130_fd_sc_hd__dfrtp_1)
                                  5.27   data arrival time

                          0.00    0.00   clock clk (rise edge)
                          0.00    0.00   clock source latency
                  0.05    0.04    0.04 ^ clk (in)
     1    0.01                           clk (net)
                  0.05    0.00    0.04 ^ clkbuf_0_clk/A (sky130_fd_sc_hd__clkbuf_16)
                  0.03    0.09    0.13 ^ clkbuf_0_clk/X (sky130_fd_sc_hd__clkbuf_16)
     2    0.02                           clknet_0_clk (net)
                  0.03    0.00    0.13 ^ clkbuf_1_0__f_clk/A (sky130_fd_sc_hd__clkbuf_16)
                  0.04    0.09    0.23 ^ clkbuf_1_0__f_clk/X (sky130_fd_sc_hd__clkbuf_16)
     7    0.03                           clknet_1_0__leaf_clk (net)
                  0.04    0.00    0.23 ^ _484_/CLK (sky130_fd_sc_hd__dfrtp_1)
                          0.25    0.48   clock uncertainty
                          0.00    0.48   clock reconvergence pessimism
                          0.22    0.70   library removal time
                                  0.70   data required time
-----------------------------------------------------------------------------
                                  0.70   data required time
                                 -5.27   data arrival time
-----------------------------------------------------------------------------
                                  4.57   slack (MET)


Startpoint: valid_in (input port clocked by clk)
Endpoint: _479_ (rising edge-triggered flip-flop clocked by clk)
Path Group: clk
Path Type: min
Corner: Fastest

Fanout     Cap    Slew   Delay    Time   Description
-----------------------------------------------------------------------------
                          0.00    0.00   clock clk (rise edge)
                          0.00    0.00   clock network delay (propagated)
                          5.00    5.00 v input external delay
                  0.01    0.00    5.00 v valid_in (in)
     1    0.00                           valid_in (net)
                  0.01    0.00    5.00 v input23/A (sky130_fd_sc_hd__buf_1)
                  0.08    0.09    5.09 v input23/X (sky130_fd_sc_hd__buf_1)
     2    0.02                           net23 (net)
                  0.08    0.00    5.09 v _479_/D (sky130_fd_sc_hd__dfrtp_1)
                                  5.09   data arrival time

                          0.00    0.00   clock clk (rise edge)
                          0.00    0.00   clock source latency
                  0.05    0.04    0.04 ^ clk (in)
     1    0.01                           clk (net)
                  0.05    0.00    0.04 ^ clkbuf_0_clk/A (sky130_fd_sc_hd__clkbuf_16)
                  0.03    0.09    0.13 ^ clkbuf_0_clk/X (sky130_fd_sc_hd__clkbuf_16)
     2    0.02                           clknet_0_clk (net)
                  0.03    0.00    0.13 ^ clkbuf_1_1__f_clk/A (sky130_fd_sc_hd__clkbuf_16)
                  0.04    0.09    0.23 ^ clkbuf_1_1__f_clk/X (sky130_fd_sc_hd__clkbuf_16)
     7    0.03                           clknet_1_1__leaf_clk (net)
                  0.04    0.00    0.23 ^ _479_/CLK (sky130_fd_sc_hd__dfrtp_1)
                          0.25    0.48   clock uncertainty
                          0.00    0.48   clock reconvergence pessimism
                         -0.05    0.43   library hold time
                                  0.43   data required time
-----------------------------------------------------------------------------
                                  0.43   data required time
                                 -5.09   data arrival time
-----------------------------------------------------------------------------
                                  4.66   slack (MET)


Startpoint: _479_ (rising edge-triggered flip-flop clocked by clk)
Endpoint: valid_out (output port clocked by clk)
Path Group: clk
Path Type: min
Corner: Fastest

Fanout     Cap    Slew   Delay    Time   Description
-----------------------------------------------------------------------------
                          0.00    0.00   clock clk (rise edge)
                          0.00    0.00   clock source latency
                  0.05    0.03    0.03 ^ clk (in)
     1    0.01                           clk (net)
                  0.05    0.00    0.03 ^ clkbuf_0_clk/A (sky130_fd_sc_hd__clkbuf_16)
                  0.03    0.09    0.12 ^ clkbuf_0_clk/X (sky130_fd_sc_hd__clkbuf_16)
     2    0.02                           clknet_0_clk (net)
                  0.03    0.00    0.12 ^ clkbuf_1_1__f_clk/A (sky130_fd_sc_hd__clkbuf_16)
                  0.04    0.09    0.20 ^ clkbuf_1_1__f_clk/X (sky130_fd_sc_hd__clkbuf_16)
     7    0.03                           clknet_1_1__leaf_clk (net)
                  0.04    0.00    0.21 ^ _479_/CLK (sky130_fd_sc_hd__dfrtp_1)
                  0.04    0.19    0.40 ^ _479_/Q (sky130_fd_sc_hd__dfrtp_1)
     1    0.00                           net37 (net)
                  0.04    0.00    0.40 ^ output37/A (sky130_fd_sc_hd__clkbuf_4)
                  0.08    0.12    0.52 ^ output37/X (sky130_fd_sc_hd__clkbuf_4)
     1    0.03                           valid_out (net)
                  0.08    0.00    0.52 ^ valid_out (out)
                                  0.52   data arrival time

                          0.00    0.00   clock clk (rise edge)
                          0.00    0.00   clock network delay (propagated)
                          0.25    0.25   clock uncertainty
                          0.00    0.25   clock reconvergence pessimism
                         -5.00   -4.75   output external delay
                                 -4.75   data required time
-----------------------------------------------------------------------------
                                 -4.75   data required time
                                 -0.52   data arrival time
-----------------------------------------------------------------------------
                                  5.27   slack (MET)


Startpoint: _480_ (rising edge-triggered flip-flop clocked by clk)
Endpoint: int4_out[0] (output port clocked by clk)
Path Group: clk
Path Type: min
Corner: Fastest

Fanout     Cap    Slew   Delay    Time   Description
-----------------------------------------------------------------------------
                          0.00    0.00   clock clk (rise edge)
                          0.00    0.00   clock source latency
                  0.05    0.03    0.03 ^ clk (in)
     1    0.01                           clk (net)
                  0.05    0.00    0.03 ^ clkbuf_0_clk/A (sky130_fd_sc_hd__clkbuf_16)
                  0.03    0.09    0.12 ^ clkbuf_0_clk/X (sky130_fd_sc_hd__clkbuf_16)
     2    0.02                           clknet_0_clk (net)
                  0.03    0.00    0.12 ^ clkbuf_1_1__f_clk/A (sky130_fd_sc_hd__clkbuf_16)
                  0.04    0.09    0.20 ^ clkbuf_1_1__f_clk/X (sky130_fd_sc_hd__clkbuf_16)
     7    0.03                           clknet_1_1__leaf_clk (net)
                  0.04    0.00    0.21 ^ _480_/CLK (sky130_fd_sc_hd__dfrtp_1)
                  0.04    0.20    0.40 ^ _480_/Q (sky130_fd_sc_hd__dfrtp_1)
     2    0.00                           net24 (net)
                  0.04    0.00    0.40 ^ output24/A (sky130_fd_sc_hd__clkbuf_4)
                  0.08    0.12    0.52 ^ output24/X (sky130_fd_sc_hd__clkbuf_4)
     1    0.03                           int4_out[0] (net)
                  0.08    0.00    0.53 ^ int4_out[0] (out)
                                  0.53   data arrival time

                          0.00    0.00   clock clk (rise edge)
                          0.00    0.00   clock network delay (propagated)
                          0.25    0.25   clock uncertainty
                          0.00    0.25   clock reconvergence pessimism
                         -5.00   -4.75   output external delay
                                 -4.75   data required time
-----------------------------------------------------------------------------
                                 -4.75   data required time
                                 -0.53   data arrival time
-----------------------------------------------------------------------------
                                  5.28   slack (MET)


Startpoint: _478_ (rising edge-triggered flip-flop clocked by clk)
Endpoint: is_outlier (output port clocked by clk)
Path Group: clk
Path Type: min
Corner: Fastest

Fanout     Cap    Slew   Delay    Time   Description
-----------------------------------------------------------------------------
                          0.00    0.00   clock clk (rise edge)
                          0.00    0.00   clock source latency
                  0.05    0.03    0.03 ^ clk (in)
     1    0.01                           clk (net)
                  0.05    0.00    0.03 ^ clkbuf_0_clk/A (sky130_fd_sc_hd__clkbuf_16)
                  0.03    0.09    0.12 ^ clkbuf_0_clk/X (sky130_fd_sc_hd__clkbuf_16)
     2    0.02                           clknet_0_clk (net)
                  0.03    0.00    0.12 ^ clkbuf_1_1__f_clk/A (sky130_fd_sc_hd__clkbuf_16)
                  0.04    0.09    0.20 ^ clkbuf_1_1__f_clk/X (sky130_fd_sc_hd__clkbuf_16)
     7    0.03                           clknet_1_1__leaf_clk (net)
                  0.04    0.00    0.20 ^ _478_/CLK (sky130_fd_sc_hd__dfrtp_1)
                  0.04    0.20    0.40 ^ _478_/Q (sky130_fd_sc_hd__dfrtp_1)
     2    0.00                           net28 (net)
                  0.04    0.00    0.40 ^ output28/A (sky130_fd_sc_hd__clkbuf_4)
                  0.08    0.12    0.53 ^ output28/X (sky130_fd_sc_hd__clkbuf_4)
     1    0.03                           is_outlier (net)
                  0.08    0.00    0.53 ^ is_outlier (out)
                                  0.53   data arrival time

                          0.00    0.00   clock clk (rise edge)
                          0.00    0.00   clock network delay (propagated)
                          0.25    0.25   clock uncertainty
                          0.00    0.25   clock reconvergence pessimism
                         -5.00   -4.75   output external delay
                                 -4.75   data required time
-----------------------------------------------------------------------------
                                 -4.75   data required time
                                 -0.53   data arrival time
-----------------------------------------------------------------------------
                                  5.28   slack (MET)


Startpoint: _491_ (rising edge-triggered flip-flop clocked by clk)
Endpoint: sideband_out[7] (output port clocked by clk)
Path Group: clk
Path Type: min
Corner: Fastest

Fanout     Cap    Slew   Delay    Time   Description
-----------------------------------------------------------------------------
                          0.00    0.00   clock clk (rise edge)
                          0.00    0.00   clock source latency
                  0.05    0.03    0.03 ^ clk (in)
     1    0.01                           clk (net)
                  0.05    0.00    0.03 ^ clkbuf_0_clk/A (sky130_fd_sc_hd__clkbuf_16)
                  0.03    0.09    0.12 ^ clkbuf_0_clk/X (sky130_fd_sc_hd__clkbuf_16)
     2    0.02                           clknet_0_clk (net)
                  0.03    0.00    0.12 ^ clkbuf_1_0__f_clk/A (sky130_fd_sc_hd__clkbuf_16)
                  0.04    0.08    0.20 ^ clkbuf_1_0__f_clk/X (sky130_fd_sc_hd__clkbuf_16)
     7    0.03                           clknet_1_0__leaf_clk (net)
                  0.04    0.00    0.20 ^ _491_/CLK (sky130_fd_sc_hd__dfrtp_1)
                  0.05    0.20    0.40 ^ _491_/Q (sky130_fd_sc_hd__dfrtp_1)
     2    0.01                           net36 (net)
                  0.05    0.00    0.40 ^ output36/A (sky130_fd_sc_hd__clkbuf_4)
                  0.08    0.12    0.53 ^ output36/X (sky130_fd_sc_hd__clkbuf_4)
     1    0.03                           sideband_out[7] (net)
                  0.08    0.00    0.53 ^ sideband_out[7] (out)
                                  0.53   data arrival time

                          0.00    0.00   clock clk (rise edge)
                          0.00    0.00   clock network delay (propagated)
                          0.25    0.25   clock uncertainty
                          0.00    0.25   clock reconvergence pessimism
                         -5.00   -4.75   output external delay
                                 -4.75   data required time
-----------------------------------------------------------------------------
                                 -4.75   data required time
                                 -0.53   data arrival time
-----------------------------------------------------------------------------
                                  5.28   slack (MET)


Startpoint: _481_ (rising edge-triggered flip-flop clocked by clk)
Endpoint: int4_out[1] (output port clocked by clk)
Path Group: clk
Path Type: min
Corner: Fastest

Fanout     Cap    Slew   Delay    Time   Description
-----------------------------------------------------------------------------
                          0.00    0.00   clock clk (rise edge)
                          0.00    0.00   clock source latency
                  0.05    0.03    0.03 ^ clk (in)
     1    0.01                           clk (net)
                  0.05    0.00    0.03 ^ clkbuf_0_clk/A (sky130_fd_sc_hd__clkbuf_16)
                  0.03    0.09    0.12 ^ clkbuf_0_clk/X (sky130_fd_sc_hd__clkbuf_16)
     2    0.02                           clknet_0_clk (net)
                  0.03    0.00    0.12 ^ clkbuf_1_1__f_clk/A (sky130_fd_sc_hd__clkbuf_16)
                  0.04    0.09    0.20 ^ clkbuf_1_1__f_clk/X (sky130_fd_sc_hd__clkbuf_16)
     7    0.03                           clknet_1_1__leaf_clk (net)
                  0.04    0.00    0.21 ^ _481_/CLK (sky130_fd_sc_hd__dfrtp_1)
                  0.05    0.20    0.41 ^ _481_/Q (sky130_fd_sc_hd__dfrtp_1)
     2    0.01                           net25 (net)
                  0.05    0.00    0.41 ^ output25/A (sky130_fd_sc_hd__clkbuf_4)
                  0.08    0.12    0.53 ^ output25/X (sky130_fd_sc_hd__clkbuf_4)
     1    0.03                           int4_out[1] (net)
                  0.08    0.00    0.53 ^ int4_out[1] (out)
                                  0.53   data arrival time

                          0.00    0.00   clock clk (rise edge)
                          0.00    0.00   clock network delay (propagated)
                          0.25    0.25   clock uncertainty
                          0.00    0.25   clock reconvergence pessimism
                         -5.00   -4.75   output external delay
                                 -4.75   data required time
-----------------------------------------------------------------------------
                                 -4.75   data required time
                                 -0.53   data arrival time
-----------------------------------------------------------------------------
                                  5.28   slack (MET)


Startpoint: _484_ (rising edge-triggered flip-flop clocked by clk)
Endpoint: sideband_out[0] (output port clocked by clk)
Path Group: clk
Path Type: min
Corner: Fastest

Fanout     Cap    Slew   Delay    Time   Description
-----------------------------------------------------------------------------
                          0.00    0.00   clock clk (rise edge)
                          0.00    0.00   clock source latency
                  0.05    0.03    0.03 ^ clk (in)
     1    0.01                           clk (net)
                  0.05    0.00    0.03 ^ clkbuf_0_clk/A (sky130_fd_sc_hd__clkbuf_16)
                  0.03    0.09    0.12 ^ clkbuf_0_clk/X (sky130_fd_sc_hd__clkbuf_16)
     2    0.02                           clknet_0_clk (net)
                  0.03    0.00    0.12 ^ clkbuf_1_0__f_clk/A (sky130_fd_sc_hd__clkbuf_16)
                  0.04    0.08    0.20 ^ clkbuf_1_0__f_clk/X (sky130_fd_sc_hd__clkbuf_16)
     7    0.03                           clknet_1_0__leaf_clk (net)
                  0.04    0.00    0.20 ^ _484_/CLK (sky130_fd_sc_hd__dfrtp_1)
                  0.05    0.20    0.41 ^ _484_/Q (sky130_fd_sc_hd__dfrtp_1)
     2    0.01                           net29 (net)
                  0.05    0.00    0.41 ^ output29/A (sky130_fd_sc_hd__clkbuf_4)
                  0.08    0.12    0.53 ^ output29/X (sky130_fd_sc_hd__clkbuf_4)
     1    0.03                           sideband_out[0] (net)
                  0.08    0.00    0.53 ^ sideband_out[0] (out)
                                  0.53   data arrival time

                          0.00    0.00   clock clk (rise edge)
                          0.00    0.00   clock network delay (propagated)
                          0.25    0.25   clock uncertainty
                          0.00    0.25   clock reconvergence pessimism
                         -5.00   -4.75   output external delay
                                 -4.75   data required time
-----------------------------------------------------------------------------
                                 -4.75   data required time
                                 -0.53   data arrival time
-----------------------------------------------------------------------------
                                  5.28   slack (MET)


Startpoint: _483_ (rising edge-triggered flip-flop clocked by clk)
Endpoint: int4_out[3] (output port clocked by clk)
Path Group: clk
Path Type: min
Corner: Fastest

Fanout     Cap    Slew   Delay    Time   Description
-----------------------------------------------------------------------------
                          0.00    0.00   clock clk (rise edge)
                          0.00    0.00   clock source latency
                  0.05    0.03    0.03 ^ clk (in)
     1    0.01                           clk (net)
                  0.05    0.00    0.03 ^ clkbuf_0_clk/A (sky130_fd_sc_hd__clkbuf_16)
                  0.03    0.09    0.12 ^ clkbuf_0_clk/X (sky130_fd_sc_hd__clkbuf_16)
     2    0.02                           clknet_0_clk (net)
                  0.03    0.00    0.12 ^ clkbuf_1_1__f_clk/A (sky130_fd_sc_hd__clkbuf_16)
                  0.04    0.09    0.20 ^ clkbuf_1_1__f_clk/X (sky130_fd_sc_hd__clkbuf_16)
     7    0.03                           clknet_1_1__leaf_clk (net)
                  0.04    0.00    0.21 ^ _483_/CLK (sky130_fd_sc_hd__dfrtp_1)
                  0.05    0.20    0.41 ^ _483_/Q (sky130_fd_sc_hd__dfrtp_1)
     2    0.01                           net27 (net)
                  0.05    0.00    0.41 ^ output27/A (sky130_fd_sc_hd__clkbuf_4)
                  0.08    0.12    0.53 ^ output27/X (sky130_fd_sc_hd__clkbuf_4)
     1    0.03                           int4_out[3] (net)
                  0.08    0.00    0.53 ^ int4_out[3] (out)
                                  0.53   data arrival time

                          0.00    0.00   clock clk (rise edge)
                          0.00    0.00   clock network delay (propagated)
                          0.25    0.25   clock uncertainty
                          0.00    0.25   clock reconvergence pessimism
                         -5.00   -4.75   output external delay
                                 -4.75   data required time
-----------------------------------------------------------------------------
                                 -4.75   data required time
                                 -0.53   data arrival time
-----------------------------------------------------------------------------
                                  5.28   slack (MET)


Startpoint: _482_ (rising edge-triggered flip-flop clocked by clk)
Endpoint: int4_out[2] (output port clocked by clk)
Path Group: clk
Path Type: min
Corner: Fastest

Fanout     Cap    Slew   Delay    Time   Description
-----------------------------------------------------------------------------
                          0.00    0.00   clock clk (rise edge)
                          0.00    0.00   clock source latency
                  0.05    0.03    0.03 ^ clk (in)
     1    0.01                           clk (net)
                  0.05    0.00    0.03 ^ clkbuf_0_clk/A (sky130_fd_sc_hd__clkbuf_16)
                  0.03    0.09    0.12 ^ clkbuf_0_clk/X (sky130_fd_sc_hd__clkbuf_16)
     2    0.02                           clknet_0_clk (net)
                  0.03    0.00    0.12 ^ clkbuf_1_1__f_clk/A (sky130_fd_sc_hd__clkbuf_16)
                  0.04    0.09    0.20 ^ clkbuf_1_1__f_clk/X (sky130_fd_sc_hd__clkbuf_16)
     7    0.03                           clknet_1_1__leaf_clk (net)
                  0.04    0.00    0.21 ^ _482_/CLK (sky130_fd_sc_hd__dfrtp_1)
                  0.05    0.21    0.41 ^ _482_/Q (sky130_fd_sc_hd__dfrtp_1)
     2    0.01                           net26 (net)
                  0.05    0.00    0.41 ^ output26/A (sky130_fd_sc_hd__clkbuf_4)
                  0.08    0.13    0.54 ^ output26/X (sky130_fd_sc_hd__clkbuf_4)
     1    0.03                           int4_out[2] (net)
                  0.08    0.00    0.54 ^ int4_out[2] (out)
                                  0.54   data arrival time

                          0.00    0.00   clock clk (rise edge)
                          0.00    0.00   clock network delay (propagated)
                          0.25    0.25   clock uncertainty
                          0.00    0.25   clock reconvergence pessimism
                         -5.00   -4.75   output external delay
                                 -4.75   data required time
-----------------------------------------------------------------------------
                                 -4.75   data required time
                                 -0.54   data arrival time
-----------------------------------------------------------------------------
                                  5.29   slack (MET)


Startpoint: _490_ (rising edge-triggered flip-flop clocked by clk)
Endpoint: sideband_out[6] (output port clocked by clk)
Path Group: clk
Path Type: min
Corner: Fastest

Fanout     Cap    Slew   Delay    Time   Description
-----------------------------------------------------------------------------
                          0.00    0.00   clock clk (rise edge)
                          0.00    0.00   clock source latency
                  0.05    0.03    0.03 ^ clk (in)
     1    0.01                           clk (net)
                  0.05    0.00    0.03 ^ clkbuf_0_clk/A (sky130_fd_sc_hd__clkbuf_16)
                  0.03    0.09    0.12 ^ clkbuf_0_clk/X (sky130_fd_sc_hd__clkbuf_16)
     2    0.02                           clknet_0_clk (net)
                  0.03    0.00    0.12 ^ clkbuf_1_0__f_clk/A (sky130_fd_sc_hd__clkbuf_16)
                  0.04    0.08    0.20 ^ clkbuf_1_0__f_clk/X (sky130_fd_sc_hd__clkbuf_16)
     7    0.03                           clknet_1_0__leaf_clk (net)
                  0.04    0.00    0.20 ^ _490_/CLK (sky130_fd_sc_hd__dfrtp_1)
                  0.06    0.21    0.41 ^ _490_/Q (sky130_fd_sc_hd__dfrtp_1)
     2    0.01                           net35 (net)
                  0.06    0.00    0.41 ^ output35/A (sky130_fd_sc_hd__clkbuf_4)
                  0.08    0.13    0.54 ^ output35/X (sky130_fd_sc_hd__clkbuf_4)
     1    0.03                           sideband_out[6] (net)
                  0.08    0.00    0.54 ^ sideband_out[6] (out)
                                  0.54   data arrival time

                          0.00    0.00   clock clk (rise edge)
                          0.00    0.00   clock network delay (propagated)
                          0.25    0.25   clock uncertainty
                          0.00    0.25   clock reconvergence pessimism
                         -5.00   -4.75   output external delay
                                 -4.75   data required time
-----------------------------------------------------------------------------
                                 -4.75   data required time
                                 -0.54   data arrival time
-----------------------------------------------------------------------------
                                  5.29   slack (MET)


Startpoint: _486_ (rising edge-triggered flip-flop clocked by clk)
Endpoint: sideband_out[2] (output port clocked by clk)
Path Group: clk
Path Type: min
Corner: Fastest

Fanout     Cap    Slew   Delay    Time   Description
-----------------------------------------------------------------------------
                          0.00    0.00   clock clk (rise edge)
                          0.00    0.00   clock source latency
                  0.05    0.03    0.03 ^ clk (in)
     1    0.01                           clk (net)
                  0.05    0.00    0.03 ^ clkbuf_0_clk/A (sky130_fd_sc_hd__clkbuf_16)
                  0.03    0.09    0.12 ^ clkbuf_0_clk/X (sky130_fd_sc_hd__clkbuf_16)
     2    0.02                           clknet_0_clk (net)
                  0.03    0.00    0.12 ^ clkbuf_1_0__f_clk/A (sky130_fd_sc_hd__clkbuf_16)
                  0.04    0.08    0.20 ^ clkbuf_1_0__f_clk/X (sky130_fd_sc_hd__clkbuf_16)
     7    0.03                           clknet_1_0__leaf_clk (net)
                  0.04    0.00    0.20 ^ _486_/CLK (sky130_fd_sc_hd__dfrtp_1)
                  0.06    0.21    0.41 ^ _486_/Q (sky130_fd_sc_hd__dfrtp_1)
     2    0.01                           net31 (net)
                  0.06    0.00    0.41 ^ output31/A (sky130_fd_sc_hd__clkbuf_4)
                  0.09    0.13    0.54 ^ output31/X (sky130_fd_sc_hd__clkbuf_4)
     1    0.03                           sideband_out[2] (net)
                  0.09    0.00    0.54 ^ sideband_out[2] (out)
                                  0.54   data arrival time

                          0.00    0.00   clock clk (rise edge)
                          0.00    0.00   clock network delay (propagated)
                          0.25    0.25   clock uncertainty
                          0.00    0.25   clock reconvergence pessimism
                         -5.00   -4.75   output external delay
                                 -4.75   data required time
-----------------------------------------------------------------------------
                                 -4.75   data required time
                                 -0.54   data arrival time
-----------------------------------------------------------------------------
                                  5.29   slack (MET)


Startpoint: _488_ (rising edge-triggered flip-flop clocked by clk)
Endpoint: sideband_out[4] (output port clocked by clk)
Path Group: clk
Path Type: min
Corner: Fastest

Fanout     Cap    Slew   Delay    Time   Description
-----------------------------------------------------------------------------
                          0.00    0.00   clock clk (rise edge)
                          0.00    0.00   clock source latency
                  0.05    0.03    0.03 ^ clk (in)
     1    0.01                           clk (net)
                  0.05    0.00    0.03 ^ clkbuf_0_clk/A (sky130_fd_sc_hd__clkbuf_16)
                  0.03    0.09    0.12 ^ clkbuf_0_clk/X (sky130_fd_sc_hd__clkbuf_16)
     2    0.02                           clknet_0_clk (net)
                  0.03    0.00    0.12 ^ clkbuf_1_0__f_clk/A (sky130_fd_sc_hd__clkbuf_16)
                  0.04    0.08    0.20 ^ clkbuf_1_0__f_clk/X (sky130_fd_sc_hd__clkbuf_16)
     7    0.03                           clknet_1_0__leaf_clk (net)
                  0.04    0.00    0.20 ^ _488_/CLK (sky130_fd_sc_hd__dfrtp_1)
                  0.04    0.22    0.43 v _488_/Q (sky130_fd_sc_hd__dfrtp_1)
     2    0.01                           net33 (net)
                  0.04    0.00    0.43 v output33/A (sky130_fd_sc_hd__buf_2)
                  0.06    0.11    0.54 v output33/X (sky130_fd_sc_hd__buf_2)
     1    0.03                           sideband_out[4] (net)
                  0.06    0.00    0.54 v sideband_out[4] (out)
                                  0.54   data arrival time

                          0.00    0.00   clock clk (rise edge)
                          0.00    0.00   clock network delay (propagated)
                          0.25    0.25   clock uncertainty
                          0.00    0.25   clock reconvergence pessimism
                         -5.00   -4.75   output external delay
                                 -4.75   data required time
-----------------------------------------------------------------------------
                                 -4.75   data required time
                                 -0.54   data arrival time
-----------------------------------------------------------------------------
                                  5.29   slack (MET)


Startpoint: _485_ (rising edge-triggered flip-flop clocked by clk)
Endpoint: sideband_out[1] (output port clocked by clk)
Path Group: clk
Path Type: min
Corner: Fastest

Fanout     Cap    Slew   Delay    Time   Description
-----------------------------------------------------------------------------
                          0.00    0.00   clock clk (rise edge)
                          0.00    0.00   clock source latency
                  0.05    0.03    0.03 ^ clk (in)
     1    0.01                           clk (net)
                  0.05    0.00    0.03 ^ clkbuf_0_clk/A (sky130_fd_sc_hd__clkbuf_16)
                  0.03    0.09    0.12 ^ clkbuf_0_clk/X (sky130_fd_sc_hd__clkbuf_16)
     2    0.02                           clknet_0_clk (net)
                  0.03    0.00    0.12 ^ clkbuf_1_0__f_clk/A (sky130_fd_sc_hd__clkbuf_16)
                  0.04    0.08    0.20 ^ clkbuf_1_0__f_clk/X (sky130_fd_sc_hd__clkbuf_16)
     7    0.03                           clknet_1_0__leaf_clk (net)
                  0.04    0.00    0.20 ^ _485_/CLK (sky130_fd_sc_hd__dfrtp_1)
                  0.04    0.22    0.43 v _485_/Q (sky130_fd_sc_hd__dfrtp_1)
     2    0.01                           net30 (net)
                  0.04    0.00    0.43 v output30/A (sky130_fd_sc_hd__buf_2)
                  0.06    0.11    0.54 v output30/X (sky130_fd_sc_hd__buf_2)
     1    0.03                           sideband_out[1] (net)
                  0.06    0.00    0.54 v sideband_out[1] (out)
                                  0.54   data arrival time

                          0.00    0.00   clock clk (rise edge)
                          0.00    0.00   clock network delay (propagated)
                          0.25    0.25   clock uncertainty
                          0.00    0.25   clock reconvergence pessimism
                         -5.00   -4.75   output external delay
                                 -4.75   data required time
-----------------------------------------------------------------------------
                                 -4.75   data required time
                                 -0.54   data arrival time
-----------------------------------------------------------------------------
                                  5.29   slack (MET)


Startpoint: _489_ (rising edge-triggered flip-flop clocked by clk)
Endpoint: sideband_out[5] (output port clocked by clk)
Path Group: clk
Path Type: min
Corner: Fastest

Fanout     Cap    Slew   Delay    Time   Description
-----------------------------------------------------------------------------
                          0.00    0.00   clock clk (rise edge)
                          0.00    0.00   clock source latency
                  0.05    0.03    0.03 ^ clk (in)
     1    0.01                           clk (net)
                  0.05    0.00    0.03 ^ clkbuf_0_clk/A (sky130_fd_sc_hd__clkbuf_16)
                  0.03    0.09    0.12 ^ clkbuf_0_clk/X (sky130_fd_sc_hd__clkbuf_16)
     2    0.02                           clknet_0_clk (net)
                  0.03    0.00    0.12 ^ clkbuf_1_0__f_clk/A (sky130_fd_sc_hd__clkbuf_16)
                  0.04    0.08    0.20 ^ clkbuf_1_0__f_clk/X (sky130_fd_sc_hd__clkbuf_16)
     7    0.03                           clknet_1_0__leaf_clk (net)
                  0.04    0.00    0.20 ^ _489_/CLK (sky130_fd_sc_hd__dfrtp_1)
                  0.06    0.21    0.42 ^ _489_/Q (sky130_fd_sc_hd__dfrtp_1)
     2    0.01                           net34 (net)
                  0.06    0.00    0.42 ^ output34/A (sky130_fd_sc_hd__clkbuf_4)
                  0.08    0.13    0.54 ^ output34/X (sky130_fd_sc_hd__clkbuf_4)
     1    0.03                           sideband_out[5] (net)
                  0.08    0.00    0.54 ^ sideband_out[5] (out)
                                  0.54   data arrival time

                          0.00    0.00   clock clk (rise edge)
                          0.00    0.00   clock network delay (propagated)
                          0.25    0.25   clock uncertainty
                          0.00    0.25   clock reconvergence pessimism
                         -5.00   -4.75   output external delay
                                 -4.75   data required time
-----------------------------------------------------------------------------
                                 -4.75   data required time
                                 -0.54   data arrival time
-----------------------------------------------------------------------------
                                  5.29   slack (MET)


Startpoint: _487_ (rising edge-triggered flip-flop clocked by clk)
Endpoint: sideband_out[3] (output port clocked by clk)
Path Group: clk
Path Type: min
Corner: Fastest

Fanout     Cap    Slew   Delay    Time   Description
-----------------------------------------------------------------------------
                          0.00    0.00   clock clk (rise edge)
                          0.00    0.00   clock source latency
                  0.05    0.03    0.03 ^ clk (in)
     1    0.01                           clk (net)
                  0.05    0.00    0.03 ^ clkbuf_0_clk/A (sky130_fd_sc_hd__clkbuf_16)
                  0.03    0.09    0.12 ^ clkbuf_0_clk/X (sky130_fd_sc_hd__clkbuf_16)
     2    0.02                           clknet_0_clk (net)
                  0.03    0.00    0.12 ^ clkbuf_1_1__f_clk/A (sky130_fd_sc_hd__clkbuf_16)
                  0.04    0.09    0.20 ^ clkbuf_1_1__f_clk/X (sky130_fd_sc_hd__clkbuf_16)
     7    0.03                           clknet_1_1__leaf_clk (net)
                  0.04    0.00    0.21 ^ _487_/CLK (sky130_fd_sc_hd__dfrtp_1)
                  0.08    0.23    0.43 ^ _487_/Q (sky130_fd_sc_hd__dfrtp_1)
     2    0.01                           net32 (net)
                  0.08    0.00    0.43 ^ output32/A (sky130_fd_sc_hd__clkbuf_4)
                  0.08    0.13    0.56 ^ output32/X (sky130_fd_sc_hd__clkbuf_4)
     1    0.03                           sideband_out[3] (net)
                  0.08    0.00    0.56 ^ sideband_out[3] (out)
                                  0.56   data arrival time

                          0.00    0.00   clock clk (rise edge)
                          0.00    0.00   clock network delay (propagated)
                          0.25    0.25   clock uncertainty
                          0.00    0.25   clock reconvergence pessimism
                         -5.00   -4.75   output external delay
                                 -4.75   data required time
-----------------------------------------------------------------------------
                                 -4.75   data required time
                                 -0.56   data arrival time
-----------------------------------------------------------------------------
                                  5.31   slack (MET)



======================= Slowest Corner ===================================

Startpoint: _487_ (rising edge-triggered flip-flop clocked by clk)
Endpoint: _487_ (rising edge-triggered flip-flop clocked by clk)
Path Group: clk
Path Type: min
Corner: Slowest

Fanout     Cap    Slew   Delay    Time   Description
-----------------------------------------------------------------------------
                          0.00    0.00   clock clk (rise edge)
                          0.00    0.00   clock source latency
                  0.11    0.07    0.07 ^ clk (in)
     1    0.01                           clk (net)
                  0.11    0.00    0.07 ^ clkbuf_0_clk/A (sky130_fd_sc_hd__clkbuf_16)
                  0.07    0.23    0.29 ^ clkbuf_0_clk/X (sky130_fd_sc_hd__clkbuf_16)
     2    0.02                           clknet_0_clk (net)
                  0.07    0.00    0.29 ^ clkbuf_1_1__f_clk/A (sky130_fd_sc_hd__clkbuf_16)
                  0.08    0.22    0.51 ^ clkbuf_1_1__f_clk/X (sky130_fd_sc_hd__clkbuf_16)
     7    0.03                           clknet_1_1__leaf_clk (net)
                  0.08    0.00    0.51 ^ _487_/CLK (sky130_fd_sc_hd__dfrtp_1)
                  0.17    0.69    1.20 ^ _487_/Q (sky130_fd_sc_hd__dfrtp_1)
     2    0.01                           net32 (net)
                  0.17    0.00    1.20 ^ _468_/B (sky130_fd_sc_hd__and2_1)
                  0.08    0.25    1.45 ^ _468_/X (sky130_fd_sc_hd__and2_1)
     1    0.00                           _184_ (net)
                  0.08    0.00    1.45 ^ _469_/B1 (sky130_fd_sc_hd__a31o_1)
                  0.06    0.15    1.60 ^ _469_/X (sky130_fd_sc_hd__a31o_1)
     1    0.00                           _008_ (net)
                  0.06    0.00    1.60 ^ _487_/D (sky130_fd_sc_hd__dfrtp_1)
                                  1.60   data arrival time

                          0.00    0.00   clock clk (rise edge)
                          0.00    0.00   clock source latency
                  0.11    0.07    0.07 ^ clk (in)
     1    0.01                           clk (net)
                  0.11    0.00    0.07 ^ clkbuf_0_clk/A (sky130_fd_sc_hd__clkbuf_16)
                  0.07    0.25    0.32 ^ clkbuf_0_clk/X (sky130_fd_sc_hd__clkbuf_16)
     2    0.02                           clknet_0_clk (net)
                  0.07    0.00    0.32 ^ clkbuf_1_1__f_clk/A (sky130_fd_sc_hd__clkbuf_16)
                  0.08    0.24    0.57 ^ clkbuf_1_1__f_clk/X (sky130_fd_sc_hd__clkbuf_16)
     7    0.03                           clknet_1_1__leaf_clk (net)
                  0.08    0.00    0.57 ^ _487_/CLK (sky130_fd_sc_hd__dfrtp_1)
                          0.25    0.82   clock uncertainty
                         -0.05    0.76   clock reconvergence pessimism
                         -0.07    0.69   library hold time
                                  0.69   data required time
-----------------------------------------------------------------------------
                                  0.69   data required time
                                 -1.60   data arrival time
-----------------------------------------------------------------------------
                                  0.91   slack (MET)


Startpoint: _478_ (rising edge-triggered flip-flop clocked by clk)
Endpoint: _478_ (rising edge-triggered flip-flop clocked by clk)
Path Group: clk
Path Type: min
Corner: Slowest

Fanout     Cap    Slew   Delay    Time   Description
-----------------------------------------------------------------------------
                          0.00    0.00   clock clk (rise edge)
                          0.00    0.00   clock source latency
                  0.11    0.07    0.07 ^ clk (in)
     1    0.01                           clk (net)
                  0.11    0.00    0.07 ^ clkbuf_0_clk/A (sky130_fd_sc_hd__clkbuf_16)
                  0.07    0.23    0.29 ^ clkbuf_0_clk/X (sky130_fd_sc_hd__clkbuf_16)
     2    0.02                           clknet_0_clk (net)
                  0.07    0.00    0.29 ^ clkbuf_1_1__f_clk/A (sky130_fd_sc_hd__clkbuf_16)
                  0.08    0.22    0.51 ^ clkbuf_1_1__f_clk/X (sky130_fd_sc_hd__clkbuf_16)
     7    0.03                           clknet_1_1__leaf_clk (net)
                  0.08    0.00    0.51 ^ _478_/CLK (sky130_fd_sc_hd__dfrtp_1)
                  0.10    0.63    1.14 ^ _478_/Q (sky130_fd_sc_hd__dfrtp_1)
     2    0.00                           net28 (net)
                  0.10    0.00    1.14 ^ hold2/A (sky130_fd_sc_hd__dlygate4sd3_1)
                  0.09    1.00    2.14 ^ hold2/X (sky130_fd_sc_hd__dlygate4sd3_1)
     1    0.00                           net41 (net)
                  0.09    0.00    2.14 ^ _279_/A1 (sky130_fd_sc_hd__o21ba_1)
                  0.07    0.24    2.38 ^ _279_/X (sky130_fd_sc_hd__o21ba_1)
     1    0.00                           _000_ (net)
                  0.07    0.00    2.38 ^ _478_/D (sky130_fd_sc_hd__dfrtp_1)
                                  2.38   data arrival time

                          0.00    0.00   clock clk (rise edge)
                          0.00    0.00   clock source latency
                  0.11    0.07    0.07 ^ clk (in)
     1    0.01                           clk (net)
                  0.11    0.00    0.07 ^ clkbuf_0_clk/A (sky130_fd_sc_hd__clkbuf_16)
                  0.07    0.25    0.32 ^ clkbuf_0_clk/X (sky130_fd_sc_hd__clkbuf_16)
     2    0.02                           clknet_0_clk (net)
                  0.07    0.00    0.32 ^ clkbuf_1_1__f_clk/A (sky130_fd_sc_hd__clkbuf_16)
                  0.08    0.24    0.57 ^ clkbuf_1_1__f_clk/X (sky130_fd_sc_hd__clkbuf_16)
     7    0.03                           clknet_1_1__leaf_clk (net)
                  0.08    0.00    0.57 ^ _478_/CLK (sky130_fd_sc_hd__dfrtp_1)
                          0.25    0.82   clock uncertainty
                         -0.05    0.76   clock reconvergence pessimism
                         -0.08    0.69   library hold time
                                  0.69   data required time
-----------------------------------------------------------------------------
                                  0.69   data required time
                                 -2.38   data arrival time
-----------------------------------------------------------------------------
                                  1.69   slack (MET)


Startpoint: _480_ (rising edge-triggered flip-flop clocked by clk)
Endpoint: _480_ (rising edge-triggered flip-flop clocked by clk)
Path Group: clk
Path Type: min
Corner: Slowest

Fanout     Cap    Slew   Delay    Time   Description
-----------------------------------------------------------------------------
                          0.00    0.00   clock clk (rise edge)
                          0.00    0.00   clock source latency
                  0.11    0.07    0.07 ^ clk (in)
     1    0.01                           clk (net)
                  0.11    0.00    0.07 ^ clkbuf_0_clk/A (sky130_fd_sc_hd__clkbuf_16)
                  0.07    0.23    0.29 ^ clkbuf_0_clk/X (sky130_fd_sc_hd__clkbuf_16)
     2    0.02                           clknet_0_clk (net)
                  0.07    0.00    0.29 ^ clkbuf_1_1__f_clk/A (sky130_fd_sc_hd__clkbuf_16)
                  0.08    0.22    0.51 ^ clkbuf_1_1__f_clk/X (sky130_fd_sc_hd__clkbuf_16)
     7    0.03                           clknet_1_1__leaf_clk (net)
                  0.08    0.00    0.51 ^ _480_/CLK (sky130_fd_sc_hd__dfrtp_1)
                  0.10    0.63    1.14 ^ _480_/Q (sky130_fd_sc_hd__dfrtp_1)
     2    0.00                           net24 (net)
                  0.10    0.00    1.14 ^ hold1/A (sky130_fd_sc_hd__dlygate4sd3_1)
                  0.09    1.00    2.14 ^ hold1/X (sky130_fd_sc_hd__dlygate4sd3_1)
     1    0.00                           net40 (net)
                  0.09    0.00    2.14 ^ _452_/A2 (sky130_fd_sc_hd__a22o_1)
                  0.07    0.26    2.40 ^ _452_/X (sky130_fd_sc_hd__a22o_1)
     1    0.00                           _001_ (net)
                  0.07    0.00    2.40 ^ _480_/D (sky130_fd_sc_hd__dfrtp_1)
                                  2.40   data arrival time

                          0.00    0.00   clock clk (rise edge)
                          0.00    0.00   clock source latency
                  0.11    0.07    0.07 ^ clk (in)
     1    0.01                           clk (net)
                  0.11    0.00    0.07 ^ clkbuf_0_clk/A (sky130_fd_sc_hd__clkbuf_16)
                  0.07    0.25    0.32 ^ clkbuf_0_clk/X (sky130_fd_sc_hd__clkbuf_16)
     2    0.02                           clknet_0_clk (net)
                  0.07    0.00    0.32 ^ clkbuf_1_1__f_clk/A (sky130_fd_sc_hd__clkbuf_16)
                  0.08    0.24    0.57 ^ clkbuf_1_1__f_clk/X (sky130_fd_sc_hd__clkbuf_16)
     7    0.03                           clknet_1_1__leaf_clk (net)
                  0.08    0.00    0.57 ^ _480_/CLK (sky130_fd_sc_hd__dfrtp_1)
                          0.25    0.82   clock uncertainty
                         -0.05    0.76   clock reconvergence pessimism
                         -0.08    0.69   library hold time
                                  0.69   data required time
-----------------------------------------------------------------------------
                                  0.69   data required time
                                 -2.40   data arrival time
-----------------------------------------------------------------------------
                                  1.71   slack (MET)


Startpoint: _483_ (rising edge-triggered flip-flop clocked by clk)
Endpoint: _483_ (rising edge-triggered flip-flop clocked by clk)
Path Group: clk
Path Type: min
Corner: Slowest

Fanout     Cap    Slew   Delay    Time   Description
-----------------------------------------------------------------------------
                          0.00    0.00   clock clk (rise edge)
                          0.00    0.00   clock source latency
                  0.11    0.07    0.07 ^ clk (in)
     1    0.01                           clk (net)
                  0.11    0.00    0.07 ^ clkbuf_0_clk/A (sky130_fd_sc_hd__clkbuf_16)
                  0.07    0.23    0.29 ^ clkbuf_0_clk/X (sky130_fd_sc_hd__clkbuf_16)
     2    0.02                           clknet_0_clk (net)
                  0.07    0.00    0.29 ^ clkbuf_1_1__f_clk/A (sky130_fd_sc_hd__clkbuf_16)
                  0.08    0.22    0.51 ^ clkbuf_1_1__f_clk/X (sky130_fd_sc_hd__clkbuf_16)
     7    0.03                           clknet_1_1__leaf_clk (net)
                  0.08    0.00    0.51 ^ _483_/CLK (sky130_fd_sc_hd__dfrtp_1)
                  0.11    0.64    1.15 ^ _483_/Q (sky130_fd_sc_hd__dfrtp_1)
     2    0.01                           net27 (net)
                  0.11    0.00    1.15 ^ hold3/A (sky130_fd_sc_hd__dlygate4sd3_1)
                  0.09    1.00    2.16 ^ hold3/X (sky130_fd_sc_hd__dlygate4sd3_1)
     1    0.00                           net42 (net)
                  0.09    0.00    2.16 ^ _461_/A2 (sky130_fd_sc_hd__a22o_1)
                  0.07    0.26    2.42 ^ _461_/X (sky130_fd_sc_hd__a22o_1)
     1    0.00                           _004_ (net)
                  0.07    0.00    2.42 ^ _483_/D (sky130_fd_sc_hd__dfrtp_1)
                                  2.42   data arrival time

                          0.00    0.00   clock clk (rise edge)
                          0.00    0.00   clock source latency
                  0.11    0.07    0.07 ^ clk (in)
     1    0.01                           clk (net)
                  0.11    0.00    0.07 ^ clkbuf_0_clk/A (sky130_fd_sc_hd__clkbuf_16)
                  0.07    0.25    0.32 ^ clkbuf_0_clk/X (sky130_fd_sc_hd__clkbuf_16)
     2    0.02                           clknet_0_clk (net)
                  0.07    0.00    0.32 ^ clkbuf_1_1__f_clk/A (sky130_fd_sc_hd__clkbuf_16)
                  0.08    0.24    0.57 ^ clkbuf_1_1__f_clk/X (sky130_fd_sc_hd__clkbuf_16)
     7    0.03                           clknet_1_1__leaf_clk (net)
                  0.08    0.00    0.57 ^ _483_/CLK (sky130_fd_sc_hd__dfrtp_1)
                          0.25    0.82   clock uncertainty
                         -0.05    0.76   clock reconvergence pessimism
                         -0.08    0.69   library hold time
                                  0.69   data required time
-----------------------------------------------------------------------------
                                  0.69   data required time
                                 -2.42   data arrival time
-----------------------------------------------------------------------------
                                  1.73   slack (MET)


Startpoint: _481_ (rising edge-triggered flip-flop clocked by clk)
Endpoint: _481_ (rising edge-triggered flip-flop clocked by clk)
Path Group: clk
Path Type: min
Corner: Slowest

Fanout     Cap    Slew   Delay    Time   Description
-----------------------------------------------------------------------------
                          0.00    0.00   clock clk (rise edge)
                          0.00    0.00   clock source latency
                  0.11    0.07    0.07 ^ clk (in)
     1    0.01                           clk (net)
                  0.11    0.00    0.07 ^ clkbuf_0_clk/A (sky130_fd_sc_hd__clkbuf_16)
                  0.07    0.23    0.29 ^ clkbuf_0_clk/X (sky130_fd_sc_hd__clkbuf_16)
     2    0.02                           clknet_0_clk (net)
                  0.07    0.00    0.29 ^ clkbuf_1_1__f_clk/A (sky130_fd_sc_hd__clkbuf_16)
                  0.08    0.22    0.51 ^ clkbuf_1_1__f_clk/X (sky130_fd_sc_hd__clkbuf_16)
     7    0.03                           clknet_1_1__leaf_clk (net)
                  0.08    0.00    0.51 ^ _481_/CLK (sky130_fd_sc_hd__dfrtp_1)
                  0.11    0.64    1.15 ^ _481_/Q (sky130_fd_sc_hd__dfrtp_1)
     2    0.01                           net25 (net)
                  0.11    0.00    1.15 ^ hold4/A (sky130_fd_sc_hd__dlygate4sd3_1)
                  0.10    1.01    2.16 ^ hold4/X (sky130_fd_sc_hd__dlygate4sd3_1)
     1    0.00                           net43 (net)
                  0.10    0.00    2.16 ^ _455_/A2 (sky130_fd_sc_hd__a22o_1)
                  0.07    0.26    2.42 ^ _455_/X (sky130_fd_sc_hd__a22o_1)
     1    0.00                           _002_ (net)
                  0.07    0.00    2.42 ^ _481_/D (sky130_fd_sc_hd__dfrtp_1)
                                  2.42   data arrival time

                          0.00    0.00   clock clk (rise edge)
                          0.00    0.00   clock source latency
                  0.11    0.07    0.07 ^ clk (in)
     1    0.01                           clk (net)
                  0.11    0.00    0.07 ^ clkbuf_0_clk/A (sky130_fd_sc_hd__clkbuf_16)
                  0.07    0.25    0.32 ^ clkbuf_0_clk/X (sky130_fd_sc_hd__clkbuf_16)
     2    0.02                           clknet_0_clk (net)
                  0.07    0.00    0.32 ^ clkbuf_1_1__f_clk/A (sky130_fd_sc_hd__clkbuf_16)
                  0.08    0.24    0.57 ^ clkbuf_1_1__f_clk/X (sky130_fd_sc_hd__clkbuf_16)
     7    0.03                           clknet_1_1__leaf_clk (net)
                  0.08    0.00    0.57 ^ _481_/CLK (sky130_fd_sc_hd__dfrtp_1)
                          0.25    0.82   clock uncertainty
                         -0.05    0.76   clock reconvergence pessimism
                         -0.08    0.69   library hold time
                                  0.69   data required time
-----------------------------------------------------------------------------
                                  0.69   data required time
                                 -2.42   data arrival time
-----------------------------------------------------------------------------
                                  1.73   slack (MET)


Startpoint: _482_ (rising edge-triggered flip-flop clocked by clk)
Endpoint: _482_ (rising edge-triggered flip-flop clocked by clk)
Path Group: clk
Path Type: min
Corner: Slowest

Fanout     Cap    Slew   Delay    Time   Description
-----------------------------------------------------------------------------
                          0.00    0.00   clock clk (rise edge)
                          0.00    0.00   clock source latency
                  0.11    0.07    0.07 ^ clk (in)
     1    0.01                           clk (net)
                  0.11    0.00    0.07 ^ clkbuf_0_clk/A (sky130_fd_sc_hd__clkbuf_16)
                  0.07    0.23    0.29 ^ clkbuf_0_clk/X (sky130_fd_sc_hd__clkbuf_16)
     2    0.02                           clknet_0_clk (net)
                  0.07    0.00    0.29 ^ clkbuf_1_1__f_clk/A (sky130_fd_sc_hd__clkbuf_16)
                  0.08    0.22    0.51 ^ clkbuf_1_1__f_clk/X (sky130_fd_sc_hd__clkbuf_16)
     7    0.03                           clknet_1_1__leaf_clk (net)
                  0.08    0.00    0.51 ^ _482_/CLK (sky130_fd_sc_hd__dfrtp_1)
                  0.12    0.65    1.16 ^ _482_/Q (sky130_fd_sc_hd__dfrtp_1)
     2    0.01                           net26 (net)
                  0.12    0.00    1.16 ^ hold5/A (sky130_fd_sc_hd__dlygate4sd3_1)
                  0.10    1.02    2.18 ^ hold5/X (sky130_fd_sc_hd__dlygate4sd3_1)
     1    0.00                           net44 (net)
                  0.10    0.00    2.18 ^ _459_/A2 (sky130_fd_sc_hd__a22o_1)
                  0.07    0.27    2.45 ^ _459_/X (sky130_fd_sc_hd__a22o_1)
     1    0.00                           _003_ (net)
                  0.07    0.00    2.45 ^ _482_/D (sky130_fd_sc_hd__dfrtp_1)
                                  2.45   data arrival time

                          0.00    0.00   clock clk (rise edge)
                          0.00    0.00   clock source latency
                  0.11    0.07    0.07 ^ clk (in)
     1    0.01                           clk (net)
                  0.11    0.00    0.07 ^ clkbuf_0_clk/A (sky130_fd_sc_hd__clkbuf_16)
                  0.07    0.25    0.32 ^ clkbuf_0_clk/X (sky130_fd_sc_hd__clkbuf_16)
     2    0.02                           clknet_0_clk (net)
                  0.07    0.00    0.32 ^ clkbuf_1_1__f_clk/A (sky130_fd_sc_hd__clkbuf_16)
                  0.08    0.24    0.57 ^ clkbuf_1_1__f_clk/X (sky130_fd_sc_hd__clkbuf_16)
     7    0.03                           clknet_1_1__leaf_clk (net)
                  0.08    0.00    0.57 ^ _482_/CLK (sky130_fd_sc_hd__dfrtp_1)
                          0.25    0.82   clock uncertainty
                         -0.05    0.76   clock reconvergence pessimism
                         -0.08    0.69   library hold time
                                  0.69   data required time
-----------------------------------------------------------------------------
                                  0.69   data required time
                                 -2.45   data arrival time
-----------------------------------------------------------------------------
                                  1.76   slack (MET)


Startpoint: _488_ (rising edge-triggered flip-flop clocked by clk)
Endpoint: _488_ (rising edge-triggered flip-flop clocked by clk)
Path Group: clk
Path Type: min
Corner: Slowest

Fanout     Cap    Slew   Delay    Time   Description
-----------------------------------------------------------------------------
                          0.00    0.00   clock clk (rise edge)
                          0.00    0.00   clock source latency
                  0.11    0.07    0.07 ^ clk (in)
     1    0.01                           clk (net)
                  0.11    0.00    0.07 ^ clkbuf_0_clk/A (sky130_fd_sc_hd__clkbuf_16)
                  0.07    0.23    0.29 ^ clkbuf_0_clk/X (sky130_fd_sc_hd__clkbuf_16)
     2    0.02                           clknet_0_clk (net)
                  0.07    0.00    0.29 ^ clkbuf_1_0__f_clk/A (sky130_fd_sc_hd__clkbuf_16)
                  0.07    0.22    0.51 ^ clkbuf_1_0__f_clk/X (sky130_fd_sc_hd__clkbuf_16)
     7    0.03                           clknet_1_0__leaf_clk (net)
                  0.07    0.00    0.51 ^ _488_/CLK (sky130_fd_sc_hd__dfrtp_1)
                  0.11    0.64    1.15 ^ _488_/Q (sky130_fd_sc_hd__dfrtp_1)
     2    0.01                           net33 (net)
                  0.11    0.00    1.15 ^ hold11/A (sky130_fd_sc_hd__dlygate4sd3_1)
                  0.08    0.99    2.14 ^ hold11/X (sky130_fd_sc_hd__dlygate4sd3_1)
     1    0.00                           net50 (net)
                  0.08    0.00    2.14 ^ _470_/B (sky130_fd_sc_hd__and2_1)
                  0.08    0.22    2.37 ^ _470_/X (sky130_fd_sc_hd__and2_1)
     1    0.00                           _185_ (net)
                  0.08    0.00    2.37 ^ _471_/B1 (sky130_fd_sc_hd__a31o_1)
                  0.07    0.15    2.52 ^ _471_/X (sky130_fd_sc_hd__a31o_1)
     1    0.00                           _009_ (net)
                  0.07    0.00    2.52 ^ _488_/D (sky130_fd_sc_hd__dfrtp_1)
                                  2.52   data arrival time

                          0.00    0.00   clock clk (rise edge)
                          0.00    0.00   clock source latency
                  0.11    0.07    0.07 ^ clk (in)
     1    0.01                           clk (net)
                  0.11    0.00    0.07 ^ clkbuf_0_clk/A (sky130_fd_sc_hd__clkbuf_16)
                  0.07    0.25    0.32 ^ clkbuf_0_clk/X (sky130_fd_sc_hd__clkbuf_16)
     2    0.02                           clknet_0_clk (net)
                  0.07    0.00    0.32 ^ clkbuf_1_0__f_clk/A (sky130_fd_sc_hd__clkbuf_16)
                  0.07    0.24    0.56 ^ clkbuf_1_0__f_clk/X (sky130_fd_sc_hd__clkbuf_16)
     7    0.03                           clknet_1_0__leaf_clk (net)
                  0.07    0.00    0.57 ^ _488_/CLK (sky130_fd_sc_hd__dfrtp_1)
                          0.25    0.82   clock uncertainty
                         -0.05    0.76   clock reconvergence pessimism
                         -0.08    0.69   library hold time
                                  0.69   data required time
-----------------------------------------------------------------------------
                                  0.69   data required time
                                 -2.52   data arrival time
-----------------------------------------------------------------------------
                                  1.83   slack (MET)


Startpoint: _485_ (rising edge-triggered flip-flop clocked by clk)
Endpoint: _485_ (rising edge-triggered flip-flop clocked by clk)
Path Group: clk
Path Type: min
Corner: Slowest

Fanout     Cap    Slew   Delay    Time   Description
-----------------------------------------------------------------------------
                          0.00    0.00   clock clk (rise edge)
                          0.00    0.00   clock source latency
                  0.11    0.07    0.07 ^ clk (in)
     1    0.01                           clk (net)
                  0.11    0.00    0.07 ^ clkbuf_0_clk/A (sky130_fd_sc_hd__clkbuf_16)
                  0.07    0.23    0.29 ^ clkbuf_0_clk/X (sky130_fd_sc_hd__clkbuf_16)
     2    0.02                           clknet_0_clk (net)
                  0.07    0.00    0.29 ^ clkbuf_1_0__f_clk/A (sky130_fd_sc_hd__clkbuf_16)
                  0.07    0.22    0.51 ^ clkbuf_1_0__f_clk/X (sky130_fd_sc_hd__clkbuf_16)
     7    0.03                           clknet_1_0__leaf_clk (net)
                  0.07    0.00    0.51 ^ _485_/CLK (sky130_fd_sc_hd__dfrtp_1)
                  0.12    0.64    1.15 ^ _485_/Q (sky130_fd_sc_hd__dfrtp_1)
     2    0.01                           net30 (net)
                  0.12    0.00    1.15 ^ hold9/A (sky130_fd_sc_hd__dlygate4sd3_1)
                  0.09    1.00    2.15 ^ hold9/X (sky130_fd_sc_hd__dlygate4sd3_1)
     1    0.00                           net48 (net)
                  0.09    0.00    2.15 ^ _464_/B (sky130_fd_sc_hd__and2_1)
                  0.08    0.22    2.37 ^ _464_/X (sky130_fd_sc_hd__and2_1)
     1    0.00                           _182_ (net)
                  0.08    0.00    2.37 ^ _465_/B1 (sky130_fd_sc_hd__a31o_1)
                  0.07    0.15    2.52 ^ _465_/X (sky130_fd_sc_hd__a31o_1)
     1    0.00                           _006_ (net)
                  0.07    0.00    2.52 ^ _485_/D (sky130_fd_sc_hd__dfrtp_1)
                                  2.52   data arrival time

                          0.00    0.00   clock clk (rise edge)
                          0.00    0.00   clock source latency
                  0.11    0.07    0.07 ^ clk (in)
     1    0.01                           clk (net)
                  0.11    0.00    0.07 ^ clkbuf_0_clk/A (sky130_fd_sc_hd__clkbuf_16)
                  0.07    0.25    0.32 ^ clkbuf_0_clk/X (sky130_fd_sc_hd__clkbuf_16)
     2    0.02                           clknet_0_clk (net)
                  0.07    0.00    0.32 ^ clkbuf_1_0__f_clk/A (sky130_fd_sc_hd__clkbuf_16)
                  0.07    0.24    0.56 ^ clkbuf_1_0__f_clk/X (sky130_fd_sc_hd__clkbuf_16)
     7    0.03                           clknet_1_0__leaf_clk (net)
                  0.07    0.00    0.57 ^ _485_/CLK (sky130_fd_sc_hd__dfrtp_1)
                          0.25    0.82   clock uncertainty
                         -0.05    0.76   clock reconvergence pessimism
                         -0.08    0.69   library hold time
                                  0.69   data required time
-----------------------------------------------------------------------------
                                  0.69   data required time
                                 -2.52   data arrival time
-----------------------------------------------------------------------------
                                  1.83   slack (MET)


Startpoint: _491_ (rising edge-triggered flip-flop clocked by clk)
Endpoint: _491_ (rising edge-triggered flip-flop clocked by clk)
Path Group: clk
Path Type: min
Corner: Slowest

Fanout     Cap    Slew   Delay    Time   Description
-----------------------------------------------------------------------------
                          0.00    0.00   clock clk (rise edge)
                          0.00    0.00   clock source latency
                  0.11    0.07    0.07 ^ clk (in)
     1    0.01                           clk (net)
                  0.11    0.00    0.07 ^ clkbuf_0_clk/A (sky130_fd_sc_hd__clkbuf_16)
                  0.07    0.23    0.29 ^ clkbuf_0_clk/X (sky130_fd_sc_hd__clkbuf_16)
     2    0.02                           clknet_0_clk (net)
                  0.07    0.00    0.29 ^ clkbuf_1_0__f_clk/A (sky130_fd_sc_hd__clkbuf_16)
                  0.07    0.22    0.51 ^ clkbuf_1_0__f_clk/X (sky130_fd_sc_hd__clkbuf_16)
     7    0.03                           clknet_1_0__leaf_clk (net)
                  0.07    0.00    0.51 ^ _491_/CLK (sky130_fd_sc_hd__dfrtp_1)
                  0.11    0.63    1.14 ^ _491_/Q (sky130_fd_sc_hd__dfrtp_1)
     2    0.01                           net36 (net)
                  0.11    0.00    1.14 ^ hold6/A (sky130_fd_sc_hd__dlygate4sd3_1)
                  0.10    1.01    2.15 ^ hold6/X (sky130_fd_sc_hd__dlygate4sd3_1)
     1    0.00                           net45 (net)
                  0.10    0.00    2.15 ^ _476_/B (sky130_fd_sc_hd__and2_1)
                  0.08    0.22    2.38 ^ _476_/X (sky130_fd_sc_hd__and2_1)
     1    0.00                           _188_ (net)
                  0.08    0.00    2.38 ^ _477_/B1 (sky130_fd_sc_hd__a31o_1)
                  0.07    0.15    2.53 ^ _477_/X (sky130_fd_sc_hd__a31o_1)
     1    0.00                           _012_ (net)
                  0.07    0.00    2.53 ^ _491_/D (sky130_fd_sc_hd__dfrtp_1)
                                  2.53   data arrival time

                          0.00    0.00   clock clk (rise edge)
                          0.00    0.00   clock source latency
                  0.11    0.07    0.07 ^ clk (in)
     1    0.01                           clk (net)
                  0.11    0.00    0.07 ^ clkbuf_0_clk/A (sky130_fd_sc_hd__clkbuf_16)
                  0.07    0.25    0.32 ^ clkbuf_0_clk/X (sky130_fd_sc_hd__clkbuf_16)
     2    0.02                           clknet_0_clk (net)
                  0.07    0.00    0.32 ^ clkbuf_1_0__f_clk/A (sky130_fd_sc_hd__clkbuf_16)
                  0.07    0.24    0.56 ^ clkbuf_1_0__f_clk/X (sky130_fd_sc_hd__clkbuf_16)
     7    0.03                           clknet_1_0__leaf_clk (net)
                  0.07    0.00    0.57 ^ _491_/CLK (sky130_fd_sc_hd__dfrtp_1)
                          0.25    0.82   clock uncertainty
                         -0.05    0.76   clock reconvergence pessimism
                         -0.08    0.69   library hold time
                                  0.69   data required time
-----------------------------------------------------------------------------
                                  0.69   data required time
                                 -2.53   data arrival time
-----------------------------------------------------------------------------
                                  1.84   slack (MET)


Startpoint: _486_ (rising edge-triggered flip-flop clocked by clk)
Endpoint: _486_ (rising edge-triggered flip-flop clocked by clk)
Path Group: clk
Path Type: min
Corner: Slowest

Fanout     Cap    Slew   Delay    Time   Description
-----------------------------------------------------------------------------
                          0.00    0.00   clock clk (rise edge)
                          0.00    0.00   clock source latency
                  0.11    0.07    0.07 ^ clk (in)
     1    0.01                           clk (net)
                  0.11    0.00    0.07 ^ clkbuf_0_clk/A (sky130_fd_sc_hd__clkbuf_16)
                  0.07    0.23    0.29 ^ clkbuf_0_clk/X (sky130_fd_sc_hd__clkbuf_16)
     2    0.02                           clknet_0_clk (net)
                  0.07    0.00    0.29 ^ clkbuf_1_0__f_clk/A (sky130_fd_sc_hd__clkbuf_16)
                  0.07    0.22    0.51 ^ clkbuf_1_0__f_clk/X (sky130_fd_sc_hd__clkbuf_16)
     7    0.03                           clknet_1_0__leaf_clk (net)
                  0.07    0.00    0.51 ^ _486_/CLK (sky130_fd_sc_hd__dfrtp_1)
                  0.12    0.65    1.16 ^ _486_/Q (sky130_fd_sc_hd__dfrtp_1)
     2    0.01                           net31 (net)
                  0.12    0.00    1.16 ^ hold10/A (sky130_fd_sc_hd__dlygate4sd3_1)
                  0.08    1.00    2.16 ^ hold10/X (sky130_fd_sc_hd__dlygate4sd3_1)
     1    0.00                           net49 (net)
                  0.08    0.00    2.16 ^ _466_/B (sky130_fd_sc_hd__and2_1)
                  0.09    0.22    2.38 ^ _466_/X (sky130_fd_sc_hd__and2_1)
     1    0.00                           _183_ (net)
                  0.09    0.00    2.38 ^ _467_/B1 (sky130_fd_sc_hd__a31o_1)
                  0.06    0.15    2.53 ^ _467_/X (sky130_fd_sc_hd__a31o_1)
     1    0.00                           _007_ (net)
                  0.06    0.00    2.53 ^ _486_/D (sky130_fd_sc_hd__dfrtp_1)
                                  2.53   data arrival time

                          0.00    0.00   clock clk (rise edge)
                          0.00    0.00   clock source latency
                  0.11    0.07    0.07 ^ clk (in)
     1    0.01                           clk (net)
                  0.11    0.00    0.07 ^ clkbuf_0_clk/A (sky130_fd_sc_hd__clkbuf_16)
                  0.07    0.25    0.32 ^ clkbuf_0_clk/X (sky130_fd_sc_hd__clkbuf_16)
     2    0.02                           clknet_0_clk (net)
                  0.07    0.00    0.32 ^ clkbuf_1_0__f_clk/A (sky130_fd_sc_hd__clkbuf_16)
                  0.07    0.24    0.56 ^ clkbuf_1_0__f_clk/X (sky130_fd_sc_hd__clkbuf_16)
     7    0.03                           clknet_1_0__leaf_clk (net)
                  0.07    0.00    0.57 ^ _486_/CLK (sky130_fd_sc_hd__dfrtp_1)
                          0.25    0.82   clock uncertainty
                         -0.05    0.76   clock reconvergence pessimism
                         -0.07    0.69   library hold time
                                  0.69   data required time
-----------------------------------------------------------------------------
                                  0.69   data required time
                                 -2.53   data arrival time
-----------------------------------------------------------------------------
                                  1.84   slack (MET)


Startpoint: _489_ (rising edge-triggered flip-flop clocked by clk)
Endpoint: _489_ (rising edge-triggered flip-flop clocked by clk)
Path Group: clk
Path Type: min
Corner: Slowest

Fanout     Cap    Slew   Delay    Time   Description
-----------------------------------------------------------------------------
                          0.00    0.00   clock clk (rise edge)
                          0.00    0.00   clock source latency
                  0.11    0.07    0.07 ^ clk (in)
     1    0.01                           clk (net)
                  0.11    0.00    0.07 ^ clkbuf_0_clk/A (sky130_fd_sc_hd__clkbuf_16)
                  0.07    0.23    0.29 ^ clkbuf_0_clk/X (sky130_fd_sc_hd__clkbuf_16)
     2    0.02                           clknet_0_clk (net)
                  0.07    0.00    0.29 ^ clkbuf_1_0__f_clk/A (sky130_fd_sc_hd__clkbuf_16)
                  0.07    0.22    0.51 ^ clkbuf_1_0__f_clk/X (sky130_fd_sc_hd__clkbuf_16)
     7    0.03                           clknet_1_0__leaf_clk (net)
                  0.07    0.00    0.51 ^ _489_/CLK (sky130_fd_sc_hd__dfrtp_1)
                  0.14    0.66    1.17 ^ _489_/Q (sky130_fd_sc_hd__dfrtp_1)
     2    0.01                           net34 (net)
                  0.14    0.00    1.17 ^ hold12/A (sky130_fd_sc_hd__dlygate4sd3_1)
                  0.08    1.00    2.17 ^ hold12/X (sky130_fd_sc_hd__dlygate4sd3_1)
     1    0.00                           net51 (net)
                  0.08    0.00    2.17 ^ _472_/B (sky130_fd_sc_hd__and2_1)
                  0.08    0.22    2.39 ^ _472_/X (sky130_fd_sc_hd__and2_1)
     1    0.00                           _186_ (net)
                  0.08    0.00    2.39 ^ _473_/B1 (sky130_fd_sc_hd__a31o_1)
                  0.06    0.15    2.54 ^ _473_/X (sky130_fd_sc_hd__a31o_1)
     1    0.00                           _010_ (net)
                  0.06    0.00    2.54 ^ _489_/D (sky130_fd_sc_hd__dfrtp_1)
                                  2.54   data arrival time

                          0.00    0.00   clock clk (rise edge)
                          0.00    0.00   clock source latency
                  0.11    0.07    0.07 ^ clk (in)
     1    0.01                           clk (net)
                  0.11    0.00    0.07 ^ clkbuf_0_clk/A (sky130_fd_sc_hd__clkbuf_16)
                  0.07    0.25    0.32 ^ clkbuf_0_clk/X (sky130_fd_sc_hd__clkbuf_16)
     2    0.02                           clknet_0_clk (net)
                  0.07    0.00    0.32 ^ clkbuf_1_0__f_clk/A (sky130_fd_sc_hd__clkbuf_16)
                  0.07    0.24    0.56 ^ clkbuf_1_0__f_clk/X (sky130_fd_sc_hd__clkbuf_16)
     7    0.03                           clknet_1_0__leaf_clk (net)
                  0.07    0.00    0.57 ^ _489_/CLK (sky130_fd_sc_hd__dfrtp_1)
                          0.25    0.82   clock uncertainty
                         -0.05    0.76   clock reconvergence pessimism
                         -0.07    0.69   library hold time
                                  0.69   data required time
-----------------------------------------------------------------------------
                                  0.69   data required time
                                 -2.54   data arrival time
-----------------------------------------------------------------------------
                                  1.85   slack (MET)


Startpoint: _490_ (rising edge-triggered flip-flop clocked by clk)
Endpoint: _490_ (rising edge-triggered flip-flop clocked by clk)
Path Group: clk
Path Type: min
Corner: Slowest

Fanout     Cap    Slew   Delay    Time   Description
-----------------------------------------------------------------------------
                          0.00    0.00   clock clk (rise edge)
                          0.00    0.00   clock source latency
                  0.11    0.07    0.07 ^ clk (in)
     1    0.01                           clk (net)
                  0.11    0.00    0.07 ^ clkbuf_0_clk/A (sky130_fd_sc_hd__clkbuf_16)
                  0.07    0.23    0.29 ^ clkbuf_0_clk/X (sky130_fd_sc_hd__clkbuf_16)
     2    0.02                           clknet_0_clk (net)
                  0.07    0.00    0.29 ^ clkbuf_1_0__f_clk/A (sky130_fd_sc_hd__clkbuf_16)
                  0.07    0.22    0.51 ^ clkbuf_1_0__f_clk/X (sky130_fd_sc_hd__clkbuf_16)
     7    0.03                           clknet_1_0__leaf_clk (net)
                  0.07    0.00    0.51 ^ _490_/CLK (sky130_fd_sc_hd__dfrtp_1)
                  0.12    0.65    1.16 ^ _490_/Q (sky130_fd_sc_hd__dfrtp_1)
     2    0.01                           net35 (net)
                  0.12    0.00    1.16 ^ hold8/A (sky130_fd_sc_hd__dlygate4sd3_1)
                  0.09    1.00    2.16 ^ hold8/X (sky130_fd_sc_hd__dlygate4sd3_1)
     1    0.00                           net47 (net)
                  0.09    0.00    2.16 ^ _474_/B (sky130_fd_sc_hd__and2_1)
                  0.08    0.22    2.39 ^ _474_/X (sky130_fd_sc_hd__and2_1)
     1    0.00                           _187_ (net)
                  0.08    0.00    2.39 ^ _475_/B1 (sky130_fd_sc_hd__a31o_1)
                  0.07    0.16    2.54 ^ _475_/X (sky130_fd_sc_hd__a31o_1)
     1    0.00                           _011_ (net)
                  0.07    0.00    2.54 ^ _490_/D (sky130_fd_sc_hd__dfrtp_1)
                                  2.54   data arrival time

                          0.00    0.00   clock clk (rise edge)
                          0.00    0.00   clock source latency
                  0.11    0.07    0.07 ^ clk (in)
     1    0.01                           clk (net)
                  0.11    0.00    0.07 ^ clkbuf_0_clk/A (sky130_fd_sc_hd__clkbuf_16)
                  0.07    0.25    0.32 ^ clkbuf_0_clk/X (sky130_fd_sc_hd__clkbuf_16)
     2    0.02                           clknet_0_clk (net)
                  0.07    0.00    0.32 ^ clkbuf_1_0__f_clk/A (sky130_fd_sc_hd__clkbuf_16)
                  0.07    0.24    0.56 ^ clkbuf_1_0__f_clk/X (sky130_fd_sc_hd__clkbuf_16)
     7    0.03                           clknet_1_0__leaf_clk (net)
                  0.07    0.00    0.57 ^ _490_/CLK (sky130_fd_sc_hd__dfrtp_1)
                          0.25    0.82   clock uncertainty
                         -0.05    0.76   clock reconvergence pessimism
                         -0.08    0.69   library hold time
                                  0.69   data required time
-----------------------------------------------------------------------------
                                  0.69   data required time
                                 -2.54   data arrival time
-----------------------------------------------------------------------------
                                  1.86   slack (MET)


Startpoint: _484_ (rising edge-triggered flip-flop clocked by clk)
Endpoint: _484_ (rising edge-triggered flip-flop clocked by clk)
Path Group: clk
Path Type: min
Corner: Slowest

Fanout     Cap    Slew   Delay    Time   Description
-----------------------------------------------------------------------------
                          0.00    0.00   clock clk (rise edge)
                          0.00    0.00   clock source latency
                  0.11    0.07    0.07 ^ clk (in)
     1    0.01                           clk (net)
                  0.11    0.00    0.07 ^ clkbuf_0_clk/A (sky130_fd_sc_hd__clkbuf_16)
                  0.07    0.23    0.29 ^ clkbuf_0_clk/X (sky130_fd_sc_hd__clkbuf_16)
     2    0.02                           clknet_0_clk (net)
                  0.07    0.00    0.29 ^ clkbuf_1_0__f_clk/A (sky130_fd_sc_hd__clkbuf_16)
                  0.07    0.22    0.51 ^ clkbuf_1_0__f_clk/X (sky130_fd_sc_hd__clkbuf_16)
     7    0.03                           clknet_1_0__leaf_clk (net)
                  0.07    0.00    0.51 ^ _484_/CLK (sky130_fd_sc_hd__dfrtp_1)
                  0.11    0.64    1.15 ^ _484_/Q (sky130_fd_sc_hd__dfrtp_1)
     2    0.01                           net29 (net)
                  0.11    0.00    1.15 ^ hold7/A (sky130_fd_sc_hd__dlygate4sd3_1)
                  0.09    1.00    2.15 ^ hold7/X (sky130_fd_sc_hd__dlygate4sd3_1)
     1    0.00                           net46 (net)
                  0.09    0.00    2.15 ^ _462_/B (sky130_fd_sc_hd__and2_1)
                  0.10    0.24    2.39 ^ _462_/X (sky130_fd_sc_hd__and2_1)
     1    0.00                           _181_ (net)
                  0.10    0.00    2.39 ^ _463_/B1 (sky130_fd_sc_hd__a31o_1)
                  0.06    0.16    2.55 ^ _463_/X (sky130_fd_sc_hd__a31o_1)
     1    0.00                           _005_ (net)
                  0.06    0.00    2.55 ^ _484_/D (sky130_fd_sc_hd__dfrtp_1)
                                  2.55   data arrival time

                          0.00    0.00   clock clk (rise edge)
                          0.00    0.00   clock source latency
                  0.11    0.07    0.07 ^ clk (in)
     1    0.01                           clk (net)
                  0.11    0.00    0.07 ^ clkbuf_0_clk/A (sky130_fd_sc_hd__clkbuf_16)
                  0.07    0.25    0.32 ^ clkbuf_0_clk/X (sky130_fd_sc_hd__clkbuf_16)
     2    0.02                           clknet_0_clk (net)
                  0.07    0.00    0.32 ^ clkbuf_1_0__f_clk/A (sky130_fd_sc_hd__clkbuf_16)
                  0.07    0.24    0.56 ^ clkbuf_1_0__f_clk/X (sky130_fd_sc_hd__clkbuf_16)
     7    0.03                           clknet_1_0__leaf_clk (net)
                  0.07    0.00    0.57 ^ _484_/CLK (sky130_fd_sc_hd__dfrtp_1)
                          0.25    0.82   clock uncertainty
                         -0.05    0.76   clock reconvergence pessimism
                         -0.07    0.69   library hold time
                                  0.69   data required time
-----------------------------------------------------------------------------
                                  0.69   data required time
                                 -2.55   data arrival time
-----------------------------------------------------------------------------
                                  1.86   slack (MET)


Startpoint: rst_n (input port clocked by clk)
Endpoint: _487_ (removal check against rising-edge clock clk)
Path Group: asynchronous
Path Type: min
Corner: Slowest

Fanout     Cap    Slew   Delay    Time   Description
-----------------------------------------------------------------------------
                          0.00    0.00   clock clk (rise edge)
                          0.00    0.00   clock network delay (propagated)
                          5.00    5.00 ^ input external delay
                  0.03    0.02    5.02 ^ rst_n (in)
     1    0.00                           rst_n (net)
                  0.03    0.00    5.02 ^ input10/A (sky130_fd_sc_hd__clkbuf_2)
                  0.21    0.26    5.28 ^ input10/X (sky130_fd_sc_hd__clkbuf_2)
     5    0.02                           net10 (net)
                  0.21    0.00    5.28 ^ _487_/RESET_B (sky130_fd_sc_hd__dfrtp_1)
                                  5.28   data arrival time

                          0.00    0.00   clock clk (rise edge)
                          0.00    0.00   clock source latency
                  0.11    0.07    0.07 ^ clk (in)
     1    0.01                           clk (net)
                  0.11    0.00    0.07 ^ clkbuf_0_clk/A (sky130_fd_sc_hd__clkbuf_16)
                  0.07    0.25    0.32 ^ clkbuf_0_clk/X (sky130_fd_sc_hd__clkbuf_16)
     2    0.02                           clknet_0_clk (net)
                  0.07    0.00    0.32 ^ clkbuf_1_1__f_clk/A (sky130_fd_sc_hd__clkbuf_16)
                  0.08    0.24    0.57 ^ clkbuf_1_1__f_clk/X (sky130_fd_sc_hd__clkbuf_16)
     7    0.03                           clknet_1_1__leaf_clk (net)
                  0.08    0.00    0.57 ^ _487_/CLK (sky130_fd_sc_hd__dfrtp_1)
                          0.25    0.82   clock uncertainty
                          0.00    0.82   clock reconvergence pessimism
                          0.70    1.52   library removal time
                                  1.52   data required time
-----------------------------------------------------------------------------
                                  1.52   data required time
                                 -5.28   data arrival time
-----------------------------------------------------------------------------
                                  3.76   slack (MET)


Startpoint: rst_n (input port clocked by clk)
Endpoint: _485_ (removal check against rising-edge clock clk)
Path Group: asynchronous
Path Type: min
Corner: Slowest

Fanout     Cap    Slew   Delay    Time   Description
-----------------------------------------------------------------------------
                          0.00    0.00   clock clk (rise edge)
                          0.00    0.00   clock network delay (propagated)
                          5.00    5.00 ^ input external delay
                  0.03    0.02    5.02 ^ rst_n (in)
     1    0.00                           rst_n (net)
                  0.03    0.00    5.02 ^ input10/A (sky130_fd_sc_hd__clkbuf_2)
                  0.21    0.26    5.28 ^ input10/X (sky130_fd_sc_hd__clkbuf_2)
     5    0.02                           net10 (net)
                  0.21    0.00    5.28 ^ _485_/RESET_B (sky130_fd_sc_hd__dfrtp_1)
                                  5.28   data arrival time

                          0.00    0.00   clock clk (rise edge)
                          0.00    0.00   clock source latency
                  0.11    0.07    0.07 ^ clk (in)
     1    0.01                           clk (net)
                  0.11    0.00    0.07 ^ clkbuf_0_clk/A (sky130_fd_sc_hd__clkbuf_16)
                  0.07    0.25    0.32 ^ clkbuf_0_clk/X (sky130_fd_sc_hd__clkbuf_16)
     2    0.02                           clknet_0_clk (net)
                  0.07    0.00    0.32 ^ clkbuf_1_0__f_clk/A (sky130_fd_sc_hd__clkbuf_16)
                  0.07    0.24    0.56 ^ clkbuf_1_0__f_clk/X (sky130_fd_sc_hd__clkbuf_16)
     7    0.03                           clknet_1_0__leaf_clk (net)
                  0.07    0.00    0.57 ^ _485_/CLK (sky130_fd_sc_hd__dfrtp_1)
                          0.25    0.82   clock uncertainty
                          0.00    0.82   clock reconvergence pessimism
                          0.70    1.52   library removal time
                                  1.52   data required time
-----------------------------------------------------------------------------
                                  1.52   data required time
                                 -5.28   data arrival time
-----------------------------------------------------------------------------
                                  3.76   slack (MET)


Startpoint: rst_n (input port clocked by clk)
Endpoint: _488_ (removal check against rising-edge clock clk)
Path Group: asynchronous
Path Type: min
Corner: Slowest

Fanout     Cap    Slew   Delay    Time   Description
-----------------------------------------------------------------------------
                          0.00    0.00   clock clk (rise edge)
                          0.00    0.00   clock network delay (propagated)
                          5.00    5.00 ^ input external delay
                  0.03    0.02    5.02 ^ rst_n (in)
     1    0.00                           rst_n (net)
                  0.03    0.00    5.02 ^ input10/A (sky130_fd_sc_hd__clkbuf_2)
                  0.21    0.26    5.28 ^ input10/X (sky130_fd_sc_hd__clkbuf_2)
     5    0.02                           net10 (net)
                  0.21    0.00    5.28 ^ _488_/RESET_B (sky130_fd_sc_hd__dfrtp_1)
                                  5.28   data arrival time

                          0.00    0.00   clock clk (rise edge)
                          0.00    0.00   clock source latency
                  0.11    0.07    0.07 ^ clk (in)
     1    0.01                           clk (net)
                  0.11    0.00    0.07 ^ clkbuf_0_clk/A (sky130_fd_sc_hd__clkbuf_16)
                  0.07    0.25    0.32 ^ clkbuf_0_clk/X (sky130_fd_sc_hd__clkbuf_16)
     2    0.02                           clknet_0_clk (net)
                  0.07    0.00    0.32 ^ clkbuf_1_0__f_clk/A (sky130_fd_sc_hd__clkbuf_16)
                  0.07    0.24    0.56 ^ clkbuf_1_0__f_clk/X (sky130_fd_sc_hd__clkbuf_16)
     7    0.03                           clknet_1_0__leaf_clk (net)
                  0.07    0.00    0.57 ^ _488_/CLK (sky130_fd_sc_hd__dfrtp_1)
                          0.25    0.82   clock uncertainty
                          0.00    0.82   clock reconvergence pessimism
                          0.70    1.52   library removal time
                                  1.52   data required time
-----------------------------------------------------------------------------
                                  1.52   data required time
                                 -5.28   data arrival time
-----------------------------------------------------------------------------
                                  3.76   slack (MET)


Startpoint: rst_n (input port clocked by clk)
Endpoint: _486_ (removal check against rising-edge clock clk)
Path Group: asynchronous
Path Type: min
Corner: Slowest

Fanout     Cap    Slew   Delay    Time   Description
-----------------------------------------------------------------------------
                          0.00    0.00   clock clk (rise edge)
                          0.00    0.00   clock network delay (propagated)
                          5.00    5.00 ^ input external delay
                  0.03    0.02    5.02 ^ rst_n (in)
     1    0.00                           rst_n (net)
                  0.03    0.00    5.02 ^ input10/A (sky130_fd_sc_hd__clkbuf_2)
                  0.21    0.26    5.28 ^ input10/X (sky130_fd_sc_hd__clkbuf_2)
     5    0.02                           net10 (net)
                  0.21    0.00    5.28 ^ _486_/RESET_B (sky130_fd_sc_hd__dfrtp_1)
                                  5.28   data arrival time

                          0.00    0.00   clock clk (rise edge)
                          0.00    0.00   clock source latency
                  0.11    0.07    0.07 ^ clk (in)
     1    0.01                           clk (net)
                  0.11    0.00    0.07 ^ clkbuf_0_clk/A (sky130_fd_sc_hd__clkbuf_16)
                  0.07    0.25    0.32 ^ clkbuf_0_clk/X (sky130_fd_sc_hd__clkbuf_16)
     2    0.02                           clknet_0_clk (net)
                  0.07    0.00    0.32 ^ clkbuf_1_0__f_clk/A (sky130_fd_sc_hd__clkbuf_16)
                  0.07    0.24    0.56 ^ clkbuf_1_0__f_clk/X (sky130_fd_sc_hd__clkbuf_16)
     7    0.03                           clknet_1_0__leaf_clk (net)
                  0.07    0.00    0.57 ^ _486_/CLK (sky130_fd_sc_hd__dfrtp_1)
                          0.25    0.82   clock uncertainty
                          0.00    0.82   clock reconvergence pessimism
                          0.70    1.52   library removal time
                                  1.52   data required time
-----------------------------------------------------------------------------
                                  1.52   data required time
                                 -5.28   data arrival time
-----------------------------------------------------------------------------
                                  3.76   slack (MET)


Startpoint: rst_n (input port clocked by clk)
Endpoint: _481_ (removal check against rising-edge clock clk)
Path Group: asynchronous
Path Type: min
Corner: Slowest

Fanout     Cap    Slew   Delay    Time   Description
-----------------------------------------------------------------------------
                          0.00    0.00   clock clk (rise edge)
                          0.00    0.00   clock network delay (propagated)
                          5.00    5.00 ^ input external delay
                  0.03    0.02    5.02 ^ rst_n (in)
     1    0.00                           rst_n (net)
                  0.03    0.00    5.02 ^ input10/A (sky130_fd_sc_hd__clkbuf_2)
                  0.21    0.26    5.28 ^ input10/X (sky130_fd_sc_hd__clkbuf_2)
     5    0.02                           net10 (net)
                  0.21    0.00    5.28 ^ fanout39/A (sky130_fd_sc_hd__buf_4)
                  0.25    0.39    5.66 ^ fanout39/X (sky130_fd_sc_hd__buf_4)
    10    0.06                           net39 (net)
                  0.25    0.00    5.66 ^ _481_/RESET_B (sky130_fd_sc_hd__dfrtp_1)
                                  5.66   data arrival time

                          0.00    0.00   clock clk (rise edge)
                          0.00    0.00   clock source latency
                  0.11    0.07    0.07 ^ clk (in)
     1    0.01                           clk (net)
                  0.11    0.00    0.07 ^ clkbuf_0_clk/A (sky130_fd_sc_hd__clkbuf_16)
                  0.07    0.25    0.32 ^ clkbuf_0_clk/X (sky130_fd_sc_hd__clkbuf_16)
     2    0.02                           clknet_0_clk (net)
                  0.07    0.00    0.32 ^ clkbuf_1_1__f_clk/A (sky130_fd_sc_hd__clkbuf_16)
                  0.08    0.24    0.57 ^ clkbuf_1_1__f_clk/X (sky130_fd_sc_hd__clkbuf_16)
     7    0.03                           clknet_1_1__leaf_clk (net)
                  0.08    0.00    0.57 ^ _481_/CLK (sky130_fd_sc_hd__dfrtp_1)
                          0.25    0.82   clock uncertainty
                          0.00    0.82   clock reconvergence pessimism
                          0.72    1.53   library removal time
                                  1.53   data required time
-----------------------------------------------------------------------------
                                  1.53   data required time
                                 -5.66   data arrival time
-----------------------------------------------------------------------------
                                  4.13   slack (MET)


Startpoint: rst_n (input port clocked by clk)
Endpoint: _479_ (removal check against rising-edge clock clk)
Path Group: asynchronous
Path Type: min
Corner: Slowest

Fanout     Cap    Slew   Delay    Time   Description
-----------------------------------------------------------------------------
                          0.00    0.00   clock clk (rise edge)
                          0.00    0.00   clock network delay (propagated)
                          5.00    5.00 ^ input external delay
                  0.03    0.02    5.02 ^ rst_n (in)
     1    0.00                           rst_n (net)
                  0.03    0.00    5.02 ^ input10/A (sky130_fd_sc_hd__clkbuf_2)
                  0.21    0.26    5.28 ^ input10/X (sky130_fd_sc_hd__clkbuf_2)
     5    0.02                           net10 (net)
                  0.21    0.00    5.28 ^ fanout39/A (sky130_fd_sc_hd__buf_4)
                  0.25    0.39    5.66 ^ fanout39/X (sky130_fd_sc_hd__buf_4)
    10    0.06                           net39 (net)
                  0.25    0.00    5.66 ^ _479_/RESET_B (sky130_fd_sc_hd__dfrtp_1)
                                  5.66   data arrival time

                          0.00    0.00   clock clk (rise edge)
                          0.00    0.00   clock source latency
                  0.11    0.07    0.07 ^ clk (in)
     1    0.01                           clk (net)
                  0.11    0.00    0.07 ^ clkbuf_0_clk/A (sky130_fd_sc_hd__clkbuf_16)
                  0.07    0.25    0.32 ^ clkbuf_0_clk/X (sky130_fd_sc_hd__clkbuf_16)
     2    0.02                           clknet_0_clk (net)
                  0.07    0.00    0.32 ^ clkbuf_1_1__f_clk/A (sky130_fd_sc_hd__clkbuf_16)
                  0.08    0.24    0.57 ^ clkbuf_1_1__f_clk/X (sky130_fd_sc_hd__clkbuf_16)
     7    0.03                           clknet_1_1__leaf_clk (net)
                  0.08    0.00    0.57 ^ _479_/CLK (sky130_fd_sc_hd__dfrtp_1)
                          0.25    0.82   clock uncertainty
                          0.00    0.82   clock reconvergence pessimism
                          0.72    1.53   library removal time
                                  1.53   data required time
-----------------------------------------------------------------------------
                                  1.53   data required time
                                 -5.66   data arrival time
-----------------------------------------------------------------------------
                                  4.13   slack (MET)


Startpoint: rst_n (input port clocked by clk)
Endpoint: _482_ (removal check against rising-edge clock clk)
Path Group: asynchronous
Path Type: min
Corner: Slowest

Fanout     Cap    Slew   Delay    Time   Description
-----------------------------------------------------------------------------
                          0.00    0.00   clock clk (rise edge)
                          0.00    0.00   clock network delay (propagated)
                          5.00    5.00 ^ input external delay
                  0.03    0.02    5.02 ^ rst_n (in)
     1    0.00                           rst_n (net)
                  0.03    0.00    5.02 ^ input10/A (sky130_fd_sc_hd__clkbuf_2)
                  0.21    0.26    5.28 ^ input10/X (sky130_fd_sc_hd__clkbuf_2)
     5    0.02                           net10 (net)
                  0.21    0.00    5.28 ^ fanout39/A (sky130_fd_sc_hd__buf_4)
                  0.25    0.39    5.66 ^ fanout39/X (sky130_fd_sc_hd__buf_4)
    10    0.06                           net39 (net)
                  0.25    0.00    5.67 ^ _482_/RESET_B (sky130_fd_sc_hd__dfrtp_1)
                                  5.67   data arrival time

                          0.00    0.00   clock clk (rise edge)
                          0.00    0.00   clock source latency
                  0.11    0.07    0.07 ^ clk (in)
     1    0.01                           clk (net)
                  0.11    0.00    0.07 ^ clkbuf_0_clk/A (sky130_fd_sc_hd__clkbuf_16)
                  0.07    0.25    0.32 ^ clkbuf_0_clk/X (sky130_fd_sc_hd__clkbuf_16)
     2    0.02                           clknet_0_clk (net)
                  0.07    0.00    0.32 ^ clkbuf_1_1__f_clk/A (sky130_fd_sc_hd__clkbuf_16)
                  0.08    0.24    0.57 ^ clkbuf_1_1__f_clk/X (sky130_fd_sc_hd__clkbuf_16)
     7    0.03                           clknet_1_1__leaf_clk (net)
                  0.08    0.00    0.57 ^ _482_/CLK (sky130_fd_sc_hd__dfrtp_1)
                          0.25    0.82   clock uncertainty
                          0.00    0.82   clock reconvergence pessimism
                          0.72    1.53   library removal time
                                  1.53   data required time
-----------------------------------------------------------------------------
                                  1.53   data required time
                                 -5.67   data arrival time
-----------------------------------------------------------------------------
                                  4.13   slack (MET)


Startpoint: rst_n (input port clocked by clk)
Endpoint: _483_ (removal check against rising-edge clock clk)
Path Group: asynchronous
Path Type: min
Corner: Slowest

Fanout     Cap    Slew   Delay    Time   Description
-----------------------------------------------------------------------------
                          0.00    0.00   clock clk (rise edge)
                          0.00    0.00   clock network delay (propagated)
                          5.00    5.00 ^ input external delay
                  0.03    0.02    5.02 ^ rst_n (in)
     1    0.00                           rst_n (net)
                  0.03    0.00    5.02 ^ input10/A (sky130_fd_sc_hd__clkbuf_2)
                  0.21    0.26    5.28 ^ input10/X (sky130_fd_sc_hd__clkbuf_2)
     5    0.02                           net10 (net)
                  0.21    0.00    5.28 ^ fanout39/A (sky130_fd_sc_hd__buf_4)
                  0.25    0.39    5.66 ^ fanout39/X (sky130_fd_sc_hd__buf_4)
    10    0.06                           net39 (net)
                  0.25    0.00    5.67 ^ _483_/RESET_B (sky130_fd_sc_hd__dfrtp_1)
                                  5.67   data arrival time

                          0.00    0.00   clock clk (rise edge)
                          0.00    0.00   clock source latency
                  0.11    0.07    0.07 ^ clk (in)
     1    0.01                           clk (net)
                  0.11    0.00    0.07 ^ clkbuf_0_clk/A (sky130_fd_sc_hd__clkbuf_16)
                  0.07    0.25    0.32 ^ clkbuf_0_clk/X (sky130_fd_sc_hd__clkbuf_16)
     2    0.02                           clknet_0_clk (net)
                  0.07    0.00    0.32 ^ clkbuf_1_1__f_clk/A (sky130_fd_sc_hd__clkbuf_16)
                  0.08    0.24    0.57 ^ clkbuf_1_1__f_clk/X (sky130_fd_sc_hd__clkbuf_16)
     7    0.03                           clknet_1_1__leaf_clk (net)
                  0.08    0.00    0.57 ^ _483_/CLK (sky130_fd_sc_hd__dfrtp_1)
                          0.25    0.82   clock uncertainty
                          0.00    0.82   clock reconvergence pessimism
                          0.72    1.53   library removal time
                                  1.53   data required time
-----------------------------------------------------------------------------
                                  1.53   data required time
                                 -5.67   data arrival time
-----------------------------------------------------------------------------
                                  4.13   slack (MET)


Startpoint: rst_n (input port clocked by clk)
Endpoint: _480_ (removal check against rising-edge clock clk)
Path Group: asynchronous
Path Type: min
Corner: Slowest

Fanout     Cap    Slew   Delay    Time   Description
-----------------------------------------------------------------------------
                          0.00    0.00   clock clk (rise edge)
                          0.00    0.00   clock network delay (propagated)
                          5.00    5.00 ^ input external delay
                  0.03    0.02    5.02 ^ rst_n (in)
     1    0.00                           rst_n (net)
                  0.03    0.00    5.02 ^ input10/A (sky130_fd_sc_hd__clkbuf_2)
                  0.21    0.26    5.28 ^ input10/X (sky130_fd_sc_hd__clkbuf_2)
     5    0.02                           net10 (net)
                  0.21    0.00    5.28 ^ fanout39/A (sky130_fd_sc_hd__buf_4)
                  0.25    0.39    5.66 ^ fanout39/X (sky130_fd_sc_hd__buf_4)
    10    0.06                           net39 (net)
                  0.25    0.00    5.67 ^ _480_/RESET_B (sky130_fd_sc_hd__dfrtp_1)
                                  5.67   data arrival time

                          0.00    0.00   clock clk (rise edge)
                          0.00    0.00   clock source latency
                  0.11    0.07    0.07 ^ clk (in)
     1    0.01                           clk (net)
                  0.11    0.00    0.07 ^ clkbuf_0_clk/A (sky130_fd_sc_hd__clkbuf_16)
                  0.07    0.25    0.32 ^ clkbuf_0_clk/X (sky130_fd_sc_hd__clkbuf_16)
     2    0.02                           clknet_0_clk (net)
                  0.07    0.00    0.32 ^ clkbuf_1_1__f_clk/A (sky130_fd_sc_hd__clkbuf_16)
                  0.08    0.24    0.57 ^ clkbuf_1_1__f_clk/X (sky130_fd_sc_hd__clkbuf_16)
     7    0.03                           clknet_1_1__leaf_clk (net)
                  0.08    0.00    0.57 ^ _480_/CLK (sky130_fd_sc_hd__dfrtp_1)
                          0.25    0.82   clock uncertainty
                          0.00    0.82   clock reconvergence pessimism
                          0.72    1.53   library removal time
                                  1.53   data required time
-----------------------------------------------------------------------------
                                  1.53   data required time
                                 -5.67   data arrival time
-----------------------------------------------------------------------------
                                  4.13   slack (MET)


Startpoint: rst_n (input port clocked by clk)
Endpoint: _478_ (removal check against rising-edge clock clk)
Path Group: asynchronous
Path Type: min
Corner: Slowest

Fanout     Cap    Slew   Delay    Time   Description
-----------------------------------------------------------------------------
                          0.00    0.00   clock clk (rise edge)
                          0.00    0.00   clock network delay (propagated)
                          5.00    5.00 ^ input external delay
                  0.03    0.02    5.02 ^ rst_n (in)
     1    0.00                           rst_n (net)
                  0.03    0.00    5.02 ^ input10/A (sky130_fd_sc_hd__clkbuf_2)
                  0.21    0.26    5.28 ^ input10/X (sky130_fd_sc_hd__clkbuf_2)
     5    0.02                           net10 (net)
                  0.21    0.00    5.28 ^ fanout39/A (sky130_fd_sc_hd__buf_4)
                  0.25    0.39    5.66 ^ fanout39/X (sky130_fd_sc_hd__buf_4)
    10    0.06                           net39 (net)
                  0.25    0.00    5.67 ^ _478_/RESET_B (sky130_fd_sc_hd__dfrtp_1)
                                  5.67   data arrival time

                          0.00    0.00   clock clk (rise edge)
                          0.00    0.00   clock source latency
                  0.11    0.07    0.07 ^ clk (in)
     1    0.01                           clk (net)
                  0.11    0.00    0.07 ^ clkbuf_0_clk/A (sky130_fd_sc_hd__clkbuf_16)
                  0.07    0.25    0.32 ^ clkbuf_0_clk/X (sky130_fd_sc_hd__clkbuf_16)
     2    0.02                           clknet_0_clk (net)
                  0.07    0.00    0.32 ^ clkbuf_1_1__f_clk/A (sky130_fd_sc_hd__clkbuf_16)
                  0.08    0.24    0.57 ^ clkbuf_1_1__f_clk/X (sky130_fd_sc_hd__clkbuf_16)
     7    0.03                           clknet_1_1__leaf_clk (net)
                  0.08    0.00    0.57 ^ _478_/CLK (sky130_fd_sc_hd__dfrtp_1)
                          0.25    0.82   clock uncertainty
                          0.00    0.82   clock reconvergence pessimism
                          0.72    1.53   library removal time
                                  1.53   data required time
-----------------------------------------------------------------------------
                                  1.53   data required time
                                 -5.67   data arrival time
-----------------------------------------------------------------------------
                                  4.13   slack (MET)


Startpoint: rst_n (input port clocked by clk)
Endpoint: _491_ (removal check against rising-edge clock clk)
Path Group: asynchronous
Path Type: min
Corner: Slowest

Fanout     Cap    Slew   Delay    Time   Description
-----------------------------------------------------------------------------
                          0.00    0.00   clock clk (rise edge)
                          0.00    0.00   clock network delay (propagated)
                          5.00    5.00 ^ input external delay
                  0.03    0.02    5.02 ^ rst_n (in)
     1    0.00                           rst_n (net)
                  0.03    0.00    5.02 ^ input10/A (sky130_fd_sc_hd__clkbuf_2)
                  0.21    0.26    5.28 ^ input10/X (sky130_fd_sc_hd__clkbuf_2)
     5    0.02                           net10 (net)
                  0.21    0.00    5.28 ^ fanout39/A (sky130_fd_sc_hd__buf_4)
                  0.25    0.39    5.66 ^ fanout39/X (sky130_fd_sc_hd__buf_4)
    10    0.06                           net39 (net)
                  0.25    0.00    5.67 ^ _491_/RESET_B (sky130_fd_sc_hd__dfrtp_1)
                                  5.67   data arrival time

                          0.00    0.00   clock clk (rise edge)
                          0.00    0.00   clock source latency
                  0.11    0.07    0.07 ^ clk (in)
     1    0.01                           clk (net)
                  0.11    0.00    0.07 ^ clkbuf_0_clk/A (sky130_fd_sc_hd__clkbuf_16)
                  0.07    0.25    0.32 ^ clkbuf_0_clk/X (sky130_fd_sc_hd__clkbuf_16)
     2    0.02                           clknet_0_clk (net)
                  0.07    0.00    0.32 ^ clkbuf_1_0__f_clk/A (sky130_fd_sc_hd__clkbuf_16)
                  0.07    0.24    0.56 ^ clkbuf_1_0__f_clk/X (sky130_fd_sc_hd__clkbuf_16)
     7    0.03                           clknet_1_0__leaf_clk (net)
                  0.07    0.00    0.57 ^ _491_/CLK (sky130_fd_sc_hd__dfrtp_1)
                          0.25    0.82   clock uncertainty
                          0.00    0.82   clock reconvergence pessimism
                          0.72    1.53   library removal time
                                  1.53   data required time
-----------------------------------------------------------------------------
                                  1.53   data required time
                                 -5.67   data arrival time
-----------------------------------------------------------------------------
                                  4.14   slack (MET)


Startpoint: rst_n (input port clocked by clk)
Endpoint: _489_ (removal check against rising-edge clock clk)
Path Group: asynchronous
Path Type: min
Corner: Slowest

Fanout     Cap    Slew   Delay    Time   Description
-----------------------------------------------------------------------------
                          0.00    0.00   clock clk (rise edge)
                          0.00    0.00   clock network delay (propagated)
                          5.00    5.00 ^ input external delay
                  0.03    0.02    5.02 ^ rst_n (in)
     1    0.00                           rst_n (net)
                  0.03    0.00    5.02 ^ input10/A (sky130_fd_sc_hd__clkbuf_2)
                  0.21    0.26    5.28 ^ input10/X (sky130_fd_sc_hd__clkbuf_2)
     5    0.02                           net10 (net)
                  0.21    0.00    5.28 ^ fanout39/A (sky130_fd_sc_hd__buf_4)
                  0.25    0.39    5.66 ^ fanout39/X (sky130_fd_sc_hd__buf_4)
    10    0.06                           net39 (net)
                  0.25    0.00    5.67 ^ _489_/RESET_B (sky130_fd_sc_hd__dfrtp_1)
                                  5.67   data arrival time

                          0.00    0.00   clock clk (rise edge)
                          0.00    0.00   clock source latency
                  0.11    0.07    0.07 ^ clk (in)
     1    0.01                           clk (net)
                  0.11    0.00    0.07 ^ clkbuf_0_clk/A (sky130_fd_sc_hd__clkbuf_16)
                  0.07    0.25    0.32 ^ clkbuf_0_clk/X (sky130_fd_sc_hd__clkbuf_16)
     2    0.02                           clknet_0_clk (net)
                  0.07    0.00    0.32 ^ clkbuf_1_0__f_clk/A (sky130_fd_sc_hd__clkbuf_16)
                  0.07    0.24    0.56 ^ clkbuf_1_0__f_clk/X (sky130_fd_sc_hd__clkbuf_16)
     7    0.03                           clknet_1_0__leaf_clk (net)
                  0.07    0.00    0.57 ^ _489_/CLK (sky130_fd_sc_hd__dfrtp_1)
                          0.25    0.82   clock uncertainty
                          0.00    0.82   clock reconvergence pessimism
                          0.72    1.53   library removal time
                                  1.53   data required time
-----------------------------------------------------------------------------
                                  1.53   data required time
                                 -5.67   data arrival time
-----------------------------------------------------------------------------
                                  4.14   slack (MET)


Startpoint: rst_n (input port clocked by clk)
Endpoint: _490_ (removal check against rising-edge clock clk)
Path Group: asynchronous
Path Type: min
Corner: Slowest

Fanout     Cap    Slew   Delay    Time   Description
-----------------------------------------------------------------------------
                          0.00    0.00   clock clk (rise edge)
                          0.00    0.00   clock network delay (propagated)
                          5.00    5.00 ^ input external delay
                  0.03    0.02    5.02 ^ rst_n (in)
     1    0.00                           rst_n (net)
                  0.03    0.00    5.02 ^ input10/A (sky130_fd_sc_hd__clkbuf_2)
                  0.21    0.26    5.28 ^ input10/X (sky130_fd_sc_hd__clkbuf_2)
     5    0.02                           net10 (net)
                  0.21    0.00    5.28 ^ fanout39/A (sky130_fd_sc_hd__buf_4)
                  0.25    0.39    5.66 ^ fanout39/X (sky130_fd_sc_hd__buf_4)
    10    0.06                           net39 (net)
                  0.25    0.00    5.67 ^ _490_/RESET_B (sky130_fd_sc_hd__dfrtp_1)
                                  5.67   data arrival time

                          0.00    0.00   clock clk (rise edge)
                          0.00    0.00   clock source latency
                  0.11    0.07    0.07 ^ clk (in)
     1    0.01                           clk (net)
                  0.11    0.00    0.07 ^ clkbuf_0_clk/A (sky130_fd_sc_hd__clkbuf_16)
                  0.07    0.25    0.32 ^ clkbuf_0_clk/X (sky130_fd_sc_hd__clkbuf_16)
     2    0.02                           clknet_0_clk (net)
                  0.07    0.00    0.32 ^ clkbuf_1_0__f_clk/A (sky130_fd_sc_hd__clkbuf_16)
                  0.07    0.24    0.56 ^ clkbuf_1_0__f_clk/X (sky130_fd_sc_hd__clkbuf_16)
     7    0.03                           clknet_1_0__leaf_clk (net)
                  0.07    0.00    0.57 ^ _490_/CLK (sky130_fd_sc_hd__dfrtp_1)
                          0.25    0.82   clock uncertainty
                          0.00    0.82   clock reconvergence pessimism
                          0.72    1.53   library removal time
                                  1.53   data required time
-----------------------------------------------------------------------------
                                  1.53   data required time
                                 -5.67   data arrival time
-----------------------------------------------------------------------------
                                  4.14   slack (MET)


Startpoint: rst_n (input port clocked by clk)
Endpoint: _484_ (removal check against rising-edge clock clk)
Path Group: asynchronous
Path Type: min
Corner: Slowest

Fanout     Cap    Slew   Delay    Time   Description
-----------------------------------------------------------------------------
                          0.00    0.00   clock clk (rise edge)
                          0.00    0.00   clock network delay (propagated)
                          5.00    5.00 ^ input external delay
                  0.03    0.02    5.02 ^ rst_n (in)
     1    0.00                           rst_n (net)
                  0.03    0.00    5.02 ^ input10/A (sky130_fd_sc_hd__clkbuf_2)
                  0.21    0.26    5.28 ^ input10/X (sky130_fd_sc_hd__clkbuf_2)
     5    0.02                           net10 (net)
                  0.21    0.00    5.28 ^ fanout39/A (sky130_fd_sc_hd__buf_4)
                  0.25    0.39    5.66 ^ fanout39/X (sky130_fd_sc_hd__buf_4)
    10    0.06                           net39 (net)
                  0.25    0.00    5.67 ^ _484_/RESET_B (sky130_fd_sc_hd__dfrtp_1)
                                  5.67   data arrival time

                          0.00    0.00   clock clk (rise edge)
                          0.00    0.00   clock source latency
                  0.11    0.07    0.07 ^ clk (in)
     1    0.01                           clk (net)
                  0.11    0.00    0.07 ^ clkbuf_0_clk/A (sky130_fd_sc_hd__clkbuf_16)
                  0.07    0.25    0.32 ^ clkbuf_0_clk/X (sky130_fd_sc_hd__clkbuf_16)
     2    0.02                           clknet_0_clk (net)
                  0.07    0.00    0.32 ^ clkbuf_1_0__f_clk/A (sky130_fd_sc_hd__clkbuf_16)
                  0.07    0.24    0.56 ^ clkbuf_1_0__f_clk/X (sky130_fd_sc_hd__clkbuf_16)
     7    0.03                           clknet_1_0__leaf_clk (net)
                  0.07    0.00    0.57 ^ _484_/CLK (sky130_fd_sc_hd__dfrtp_1)
                          0.25    0.82   clock uncertainty
                          0.00    0.82   clock reconvergence pessimism
                          0.72    1.53   library removal time
                                  1.53   data required time
-----------------------------------------------------------------------------
                                  1.53   data required time
                                 -5.67   data arrival time
-----------------------------------------------------------------------------
                                  4.14   slack (MET)


Startpoint: valid_in (input port clocked by clk)
Endpoint: _479_ (rising edge-triggered flip-flop clocked by clk)
Path Group: clk
Path Type: min
Corner: Slowest

Fanout     Cap    Slew   Delay    Time   Description
-----------------------------------------------------------------------------
                          0.00    0.00   clock clk (rise edge)
                          0.00    0.00   clock network delay (propagated)
                          5.00    5.00 v input external delay
                  0.02    0.01    5.01 v valid_in (in)
     1    0.00                           valid_in (net)
                  0.02    0.00    5.01 v input23/A (sky130_fd_sc_hd__buf_1)
                  0.22    0.26    5.27 v input23/X (sky130_fd_sc_hd__buf_1)
     2    0.02                           net23 (net)
                  0.22    0.00    5.27 v _479_/D (sky130_fd_sc_hd__dfrtp_1)
                                  5.27   data arrival time

                          0.00    0.00   clock clk (rise edge)
                          0.00    0.00   clock source latency
                  0.11    0.07    0.07 ^ clk (in)
     1    0.01                           clk (net)
                  0.11    0.00    0.07 ^ clkbuf_0_clk/A (sky130_fd_sc_hd__clkbuf_16)
                  0.07    0.25    0.32 ^ clkbuf_0_clk/X (sky130_fd_sc_hd__clkbuf_16)
     2    0.02                           clknet_0_clk (net)
                  0.07    0.00    0.32 ^ clkbuf_1_1__f_clk/A (sky130_fd_sc_hd__clkbuf_16)
                  0.08    0.24    0.57 ^ clkbuf_1_1__f_clk/X (sky130_fd_sc_hd__clkbuf_16)
     7    0.03                           clknet_1_1__leaf_clk (net)
                  0.08    0.00    0.57 ^ _479_/CLK (sky130_fd_sc_hd__dfrtp_1)
                          0.25    0.82   clock uncertainty
                          0.00    0.82   clock reconvergence pessimism
                         -0.15    0.67   library hold time
                                  0.67   data required time
-----------------------------------------------------------------------------
                                  0.67   data required time
                                 -5.27   data arrival time
-----------------------------------------------------------------------------
                                  4.60   slack (MET)


Startpoint: _479_ (rising edge-triggered flip-flop clocked by clk)
Endpoint: valid_out (output port clocked by clk)
Path Group: clk
Path Type: min
Corner: Slowest

Fanout     Cap    Slew   Delay    Time   Description
-----------------------------------------------------------------------------
                          0.00    0.00   clock clk (rise edge)
                          0.00    0.00   clock source latency
                  0.11    0.07    0.07 ^ clk (in)
     1    0.01                           clk (net)
                  0.11    0.00    0.07 ^ clkbuf_0_clk/A (sky130_fd_sc_hd__clkbuf_16)
                  0.07    0.23    0.29 ^ clkbuf_0_clk/X (sky130_fd_sc_hd__clkbuf_16)
     2    0.02                           clknet_0_clk (net)
                  0.07    0.00    0.29 ^ clkbuf_1_1__f_clk/A (sky130_fd_sc_hd__clkbuf_16)
                  0.08    0.22    0.51 ^ clkbuf_1_1__f_clk/X (sky130_fd_sc_hd__clkbuf_16)
     7    0.03                           clknet_1_1__leaf_clk (net)
                  0.08    0.00    0.51 ^ _479_/CLK (sky130_fd_sc_hd__dfrtp_1)
                  0.09    0.62    1.13 ^ _479_/Q (sky130_fd_sc_hd__dfrtp_1)
     1    0.00                           net37 (net)
                  0.09    0.00    1.13 ^ output37/A (sky130_fd_sc_hd__clkbuf_4)
                  0.18    0.32    1.45 ^ output37/X (sky130_fd_sc_hd__clkbuf_4)
     1    0.03                           valid_out (net)
                  0.18    0.00    1.45 ^ valid_out (out)
                                  1.45   data arrival time

                          0.00    0.00   clock clk (rise edge)
                          0.00    0.00   clock network delay (propagated)
                          0.25    0.25   clock uncertainty
                          0.00    0.25   clock reconvergence pessimism
                         -5.00   -4.75   output external delay
                                 -4.75   data required time
-----------------------------------------------------------------------------
                                 -4.75   data required time
                                 -1.45   data arrival time
-----------------------------------------------------------------------------
                                  6.20   slack (MET)


Startpoint: _480_ (rising edge-triggered flip-flop clocked by clk)
Endpoint: int4_out[0] (output port clocked by clk)
Path Group: clk
Path Type: min
Corner: Slowest

Fanout     Cap    Slew   Delay    Time   Description
-----------------------------------------------------------------------------
                          0.00    0.00   clock clk (rise edge)
                          0.00    0.00   clock source latency
                  0.11    0.07    0.07 ^ clk (in)
     1    0.01                           clk (net)
                  0.11    0.00    0.07 ^ clkbuf_0_clk/A (sky130_fd_sc_hd__clkbuf_16)
                  0.07    0.23    0.29 ^ clkbuf_0_clk/X (sky130_fd_sc_hd__clkbuf_16)
     2    0.02                           clknet_0_clk (net)
                  0.07    0.00    0.29 ^ clkbuf_1_1__f_clk/A (sky130_fd_sc_hd__clkbuf_16)
                  0.08    0.22    0.51 ^ clkbuf_1_1__f_clk/X (sky130_fd_sc_hd__clkbuf_16)
     7    0.03                           clknet_1_1__leaf_clk (net)
                  0.08    0.00    0.51 ^ _480_/CLK (sky130_fd_sc_hd__dfrtp_1)
                  0.10    0.63    1.14 ^ _480_/Q (sky130_fd_sc_hd__dfrtp_1)
     2    0.00                           net24 (net)
                  0.10    0.00    1.14 ^ output24/A (sky130_fd_sc_hd__clkbuf_4)
                  0.18    0.32    1.46 ^ output24/X (sky130_fd_sc_hd__clkbuf_4)
     1    0.03                           int4_out[0] (net)
                  0.18    0.00    1.46 ^ int4_out[0] (out)
                                  1.46   data arrival time

                          0.00    0.00   clock clk (rise edge)
                          0.00    0.00   clock network delay (propagated)
                          0.25    0.25   clock uncertainty
                          0.00    0.25   clock reconvergence pessimism
                         -5.00   -4.75   output external delay
                                 -4.75   data required time
-----------------------------------------------------------------------------
                                 -4.75   data required time
                                 -1.46   data arrival time
-----------------------------------------------------------------------------
                                  6.21   slack (MET)


Startpoint: _478_ (rising edge-triggered flip-flop clocked by clk)
Endpoint: is_outlier (output port clocked by clk)
Path Group: clk
Path Type: min
Corner: Slowest

Fanout     Cap    Slew   Delay    Time   Description
-----------------------------------------------------------------------------
                          0.00    0.00   clock clk (rise edge)
                          0.00    0.00   clock source latency
                  0.11    0.07    0.07 ^ clk (in)
     1    0.01                           clk (net)
                  0.11    0.00    0.07 ^ clkbuf_0_clk/A (sky130_fd_sc_hd__clkbuf_16)
                  0.07    0.23    0.29 ^ clkbuf_0_clk/X (sky130_fd_sc_hd__clkbuf_16)
     2    0.02                           clknet_0_clk (net)
                  0.07    0.00    0.29 ^ clkbuf_1_1__f_clk/A (sky130_fd_sc_hd__clkbuf_16)
                  0.08    0.22    0.51 ^ clkbuf_1_1__f_clk/X (sky130_fd_sc_hd__clkbuf_16)
     7    0.03                           clknet_1_1__leaf_clk (net)
                  0.08    0.00    0.51 ^ _478_/CLK (sky130_fd_sc_hd__dfrtp_1)
                  0.10    0.63    1.14 ^ _478_/Q (sky130_fd_sc_hd__dfrtp_1)
     2    0.00                           net28 (net)
                  0.10    0.00    1.14 ^ output28/A (sky130_fd_sc_hd__clkbuf_4)
                  0.18    0.33    1.47 ^ output28/X (sky130_fd_sc_hd__clkbuf_4)
     1    0.03                           is_outlier (net)
                  0.18    0.00    1.47 ^ is_outlier (out)
                                  1.47   data arrival time

                          0.00    0.00   clock clk (rise edge)
                          0.00    0.00   clock network delay (propagated)
                          0.25    0.25   clock uncertainty
                          0.00    0.25   clock reconvergence pessimism
                         -5.00   -4.75   output external delay
                                 -4.75   data required time
-----------------------------------------------------------------------------
                                 -4.75   data required time
                                 -1.47   data arrival time
-----------------------------------------------------------------------------
                                  6.22   slack (MET)


Startpoint: _491_ (rising edge-triggered flip-flop clocked by clk)
Endpoint: sideband_out[7] (output port clocked by clk)
Path Group: clk
Path Type: min
Corner: Slowest

Fanout     Cap    Slew   Delay    Time   Description
-----------------------------------------------------------------------------
                          0.00    0.00   clock clk (rise edge)
                          0.00    0.00   clock source latency
                  0.11    0.07    0.07 ^ clk (in)
     1    0.01                           clk (net)
                  0.11    0.00    0.07 ^ clkbuf_0_clk/A (sky130_fd_sc_hd__clkbuf_16)
                  0.07    0.23    0.29 ^ clkbuf_0_clk/X (sky130_fd_sc_hd__clkbuf_16)
     2    0.02                           clknet_0_clk (net)
                  0.07    0.00    0.29 ^ clkbuf_1_0__f_clk/A (sky130_fd_sc_hd__clkbuf_16)
                  0.07    0.22    0.51 ^ clkbuf_1_0__f_clk/X (sky130_fd_sc_hd__clkbuf_16)
     7    0.03                           clknet_1_0__leaf_clk (net)
                  0.07    0.00    0.51 ^ _491_/CLK (sky130_fd_sc_hd__dfrtp_1)
                  0.11    0.63    1.14 ^ _491_/Q (sky130_fd_sc_hd__dfrtp_1)
     2    0.01                           net36 (net)
                  0.11    0.00    1.14 ^ output36/A (sky130_fd_sc_hd__clkbuf_4)
                  0.18    0.33    1.47 ^ output36/X (sky130_fd_sc_hd__clkbuf_4)
     1    0.03                           sideband_out[7] (net)
                  0.18    0.00    1.47 ^ sideband_out[7] (out)
                                  1.47   data arrival time

                          0.00    0.00   clock clk (rise edge)
                          0.00    0.00   clock network delay (propagated)
                          0.25    0.25   clock uncertainty
                          0.00    0.25   clock reconvergence pessimism
                         -5.00   -4.75   output external delay
                                 -4.75   data required time
-----------------------------------------------------------------------------
                                 -4.75   data required time
                                 -1.47   data arrival time
-----------------------------------------------------------------------------
                                  6.22   slack (MET)


Startpoint: _481_ (rising edge-triggered flip-flop clocked by clk)
Endpoint: int4_out[1] (output port clocked by clk)
Path Group: clk
Path Type: min
Corner: Slowest

Fanout     Cap    Slew   Delay    Time   Description
-----------------------------------------------------------------------------
                          0.00    0.00   clock clk (rise edge)
                          0.00    0.00   clock source latency
                  0.11    0.07    0.07 ^ clk (in)
     1    0.01                           clk (net)
                  0.11    0.00    0.07 ^ clkbuf_0_clk/A (sky130_fd_sc_hd__clkbuf_16)
                  0.07    0.23    0.29 ^ clkbuf_0_clk/X (sky130_fd_sc_hd__clkbuf_16)
     2    0.02                           clknet_0_clk (net)
                  0.07    0.00    0.29 ^ clkbuf_1_1__f_clk/A (sky130_fd_sc_hd__clkbuf_16)
                  0.08    0.22    0.51 ^ clkbuf_1_1__f_clk/X (sky130_fd_sc_hd__clkbuf_16)
     7    0.03                           clknet_1_1__leaf_clk (net)
                  0.08    0.00    0.51 ^ _481_/CLK (sky130_fd_sc_hd__dfrtp_1)
                  0.11    0.64    1.15 ^ _481_/Q (sky130_fd_sc_hd__dfrtp_1)
     2    0.01                           net25 (net)
                  0.11    0.00    1.15 ^ output25/A (sky130_fd_sc_hd__clkbuf_4)
                  0.18    0.33    1.48 ^ output25/X (sky130_fd_sc_hd__clkbuf_4)
     1    0.03                           int4_out[1] (net)
                  0.18    0.00    1.48 ^ int4_out[1] (out)
                                  1.48   data arrival time

                          0.00    0.00   clock clk (rise edge)
                          0.00    0.00   clock network delay (propagated)
                          0.25    0.25   clock uncertainty
                          0.00    0.25   clock reconvergence pessimism
                         -5.00   -4.75   output external delay
                                 -4.75   data required time
-----------------------------------------------------------------------------
                                 -4.75   data required time
                                 -1.48   data arrival time
-----------------------------------------------------------------------------
                                  6.23   slack (MET)


Startpoint: _484_ (rising edge-triggered flip-flop clocked by clk)
Endpoint: sideband_out[0] (output port clocked by clk)
Path Group: clk
Path Type: min
Corner: Slowest

Fanout     Cap    Slew   Delay    Time   Description
-----------------------------------------------------------------------------
                          0.00    0.00   clock clk (rise edge)
                          0.00    0.00   clock source latency
                  0.11    0.07    0.07 ^ clk (in)
     1    0.01                           clk (net)
                  0.11    0.00    0.07 ^ clkbuf_0_clk/A (sky130_fd_sc_hd__clkbuf_16)
                  0.07    0.23    0.29 ^ clkbuf_0_clk/X (sky130_fd_sc_hd__clkbuf_16)
     2    0.02                           clknet_0_clk (net)
                  0.07    0.00    0.29 ^ clkbuf_1_0__f_clk/A (sky130_fd_sc_hd__clkbuf_16)
                  0.07    0.22    0.51 ^ clkbuf_1_0__f_clk/X (sky130_fd_sc_hd__clkbuf_16)
     7    0.03                           clknet_1_0__leaf_clk (net)
                  0.07    0.00    0.51 ^ _484_/CLK (sky130_fd_sc_hd__dfrtp_1)
                  0.11    0.64    1.15 ^ _484_/Q (sky130_fd_sc_hd__dfrtp_1)
     2    0.01                           net29 (net)
                  0.11    0.00    1.15 ^ output29/A (sky130_fd_sc_hd__clkbuf_4)
                  0.18    0.33    1.48 ^ output29/X (sky130_fd_sc_hd__clkbuf_4)
     1    0.03                           sideband_out[0] (net)
                  0.18    0.00    1.48 ^ sideband_out[0] (out)
                                  1.48   data arrival time

                          0.00    0.00   clock clk (rise edge)
                          0.00    0.00   clock network delay (propagated)
                          0.25    0.25   clock uncertainty
                          0.00    0.25   clock reconvergence pessimism
                         -5.00   -4.75   output external delay
                                 -4.75   data required time
-----------------------------------------------------------------------------
                                 -4.75   data required time
                                 -1.48   data arrival time
-----------------------------------------------------------------------------
                                  6.23   slack (MET)


Startpoint: _483_ (rising edge-triggered flip-flop clocked by clk)
Endpoint: int4_out[3] (output port clocked by clk)
Path Group: clk
Path Type: min
Corner: Slowest

Fanout     Cap    Slew   Delay    Time   Description
-----------------------------------------------------------------------------
                          0.00    0.00   clock clk (rise edge)
                          0.00    0.00   clock source latency
                  0.11    0.07    0.07 ^ clk (in)
     1    0.01                           clk (net)
                  0.11    0.00    0.07 ^ clkbuf_0_clk/A (sky130_fd_sc_hd__clkbuf_16)
                  0.07    0.23    0.29 ^ clkbuf_0_clk/X (sky130_fd_sc_hd__clkbuf_16)
     2    0.02                           clknet_0_clk (net)
                  0.07    0.00    0.29 ^ clkbuf_1_1__f_clk/A (sky130_fd_sc_hd__clkbuf_16)
                  0.08    0.22    0.51 ^ clkbuf_1_1__f_clk/X (sky130_fd_sc_hd__clkbuf_16)
     7    0.03                           clknet_1_1__leaf_clk (net)
                  0.08    0.00    0.51 ^ _483_/CLK (sky130_fd_sc_hd__dfrtp_1)
                  0.11    0.64    1.15 ^ _483_/Q (sky130_fd_sc_hd__dfrtp_1)
     2    0.01                           net27 (net)
                  0.11    0.00    1.15 ^ output27/A (sky130_fd_sc_hd__clkbuf_4)
                  0.18    0.33    1.48 ^ output27/X (sky130_fd_sc_hd__clkbuf_4)
     1    0.03                           int4_out[3] (net)
                  0.18    0.00    1.48 ^ int4_out[3] (out)
                                  1.48   data arrival time

                          0.00    0.00   clock clk (rise edge)
                          0.00    0.00   clock network delay (propagated)
                          0.25    0.25   clock uncertainty
                          0.00    0.25   clock reconvergence pessimism
                         -5.00   -4.75   output external delay
                                 -4.75   data required time
-----------------------------------------------------------------------------
                                 -4.75   data required time
                                 -1.48   data arrival time
-----------------------------------------------------------------------------
                                  6.23   slack (MET)


Startpoint: _482_ (rising edge-triggered flip-flop clocked by clk)
Endpoint: int4_out[2] (output port clocked by clk)
Path Group: clk
Path Type: min
Corner: Slowest

Fanout     Cap    Slew   Delay    Time   Description
-----------------------------------------------------------------------------
                          0.00    0.00   clock clk (rise edge)
                          0.00    0.00   clock source latency
                  0.11    0.07    0.07 ^ clk (in)
     1    0.01                           clk (net)
                  0.11    0.00    0.07 ^ clkbuf_0_clk/A (sky130_fd_sc_hd__clkbuf_16)
                  0.07    0.23    0.29 ^ clkbuf_0_clk/X (sky130_fd_sc_hd__clkbuf_16)
     2    0.02                           clknet_0_clk (net)
                  0.07    0.00    0.29 ^ clkbuf_1_1__f_clk/A (sky130_fd_sc_hd__clkbuf_16)
                  0.08    0.22    0.51 ^ clkbuf_1_1__f_clk/X (sky130_fd_sc_hd__clkbuf_16)
     7    0.03                           clknet_1_1__leaf_clk (net)
                  0.08    0.00    0.51 ^ _482_/CLK (sky130_fd_sc_hd__dfrtp_1)
                  0.12    0.65    1.16 ^ _482_/Q (sky130_fd_sc_hd__dfrtp_1)
     2    0.01                           net26 (net)
                  0.12    0.00    1.16 ^ output26/A (sky130_fd_sc_hd__clkbuf_4)
                  0.18    0.33    1.49 ^ output26/X (sky130_fd_sc_hd__clkbuf_4)
     1    0.03                           int4_out[2] (net)
                  0.18    0.00    1.49 ^ int4_out[2] (out)
                                  1.49   data arrival time

                          0.00    0.00   clock clk (rise edge)
                          0.00    0.00   clock network delay (propagated)
                          0.25    0.25   clock uncertainty
                          0.00    0.25   clock reconvergence pessimism
                         -5.00   -4.75   output external delay
                                 -4.75   data required time
-----------------------------------------------------------------------------
                                 -4.75   data required time
                                 -1.49   data arrival time
-----------------------------------------------------------------------------
                                  6.24   slack (MET)


Startpoint: _488_ (rising edge-triggered flip-flop clocked by clk)
Endpoint: sideband_out[4] (output port clocked by clk)
Path Group: clk
Path Type: min
Corner: Slowest

Fanout     Cap    Slew   Delay    Time   Description
-----------------------------------------------------------------------------
                          0.00    0.00   clock clk (rise edge)
                          0.00    0.00   clock source latency
                  0.11    0.07    0.07 ^ clk (in)
     1    0.01                           clk (net)
                  0.11    0.00    0.07 ^ clkbuf_0_clk/A (sky130_fd_sc_hd__clkbuf_16)
                  0.07    0.23    0.29 ^ clkbuf_0_clk/X (sky130_fd_sc_hd__clkbuf_16)
     2    0.02                           clknet_0_clk (net)
                  0.07    0.00    0.29 ^ clkbuf_1_0__f_clk/A (sky130_fd_sc_hd__clkbuf_16)
                  0.07    0.22    0.51 ^ clkbuf_1_0__f_clk/X (sky130_fd_sc_hd__clkbuf_16)
     7    0.03                           clknet_1_0__leaf_clk (net)
                  0.07    0.00    0.51 ^ _488_/CLK (sky130_fd_sc_hd__dfrtp_1)
                  0.11    0.64    1.15 ^ _488_/Q (sky130_fd_sc_hd__dfrtp_1)
     2    0.01                           net33 (net)
                  0.11    0.00    1.15 ^ output33/A (sky130_fd_sc_hd__buf_2)
                  0.27    0.34    1.50 ^ output33/X (sky130_fd_sc_hd__buf_2)
     1    0.03                           sideband_out[4] (net)
                  0.27    0.00    1.50 ^ sideband_out[4] (out)
                                  1.50   data arrival time

                          0.00    0.00   clock clk (rise edge)
                          0.00    0.00   clock network delay (propagated)
                          0.25    0.25   clock uncertainty
                          0.00    0.25   clock reconvergence pessimism
                         -5.00   -4.75   output external delay
                                 -4.75   data required time
-----------------------------------------------------------------------------
                                 -4.75   data required time
                                 -1.50   data arrival time
-----------------------------------------------------------------------------
                                  6.25   slack (MET)


Startpoint: _490_ (rising edge-triggered flip-flop clocked by clk)
Endpoint: sideband_out[6] (output port clocked by clk)
Path Group: clk
Path Type: min
Corner: Slowest

Fanout     Cap    Slew   Delay    Time   Description
-----------------------------------------------------------------------------
                          0.00    0.00   clock clk (rise edge)
                          0.00    0.00   clock source latency
                  0.11    0.07    0.07 ^ clk (in)
     1    0.01                           clk (net)
                  0.11    0.00    0.07 ^ clkbuf_0_clk/A (sky130_fd_sc_hd__clkbuf_16)
                  0.07    0.23    0.29 ^ clkbuf_0_clk/X (sky130_fd_sc_hd__clkbuf_16)
     2    0.02                           clknet_0_clk (net)
                  0.07    0.00    0.29 ^ clkbuf_1_0__f_clk/A (sky130_fd_sc_hd__clkbuf_16)
                  0.07    0.22    0.51 ^ clkbuf_1_0__f_clk/X (sky130_fd_sc_hd__clkbuf_16)
     7    0.03                           clknet_1_0__leaf_clk (net)
                  0.07    0.00    0.51 ^ _490_/CLK (sky130_fd_sc_hd__dfrtp_1)
                  0.12    0.65    1.16 ^ _490_/Q (sky130_fd_sc_hd__dfrtp_1)
     2    0.01                           net35 (net)
                  0.12    0.00    1.16 ^ output35/A (sky130_fd_sc_hd__clkbuf_4)
                  0.18    0.34    1.50 ^ output35/X (sky130_fd_sc_hd__clkbuf_4)
     1    0.03                           sideband_out[6] (net)
                  0.18    0.00    1.50 ^ sideband_out[6] (out)
                                  1.50   data arrival time

                          0.00    0.00   clock clk (rise edge)
                          0.00    0.00   clock network delay (propagated)
                          0.25    0.25   clock uncertainty
                          0.00    0.25   clock reconvergence pessimism
                         -5.00   -4.75   output external delay
                                 -4.75   data required time
-----------------------------------------------------------------------------
                                 -4.75   data required time
                                 -1.50   data arrival time
-----------------------------------------------------------------------------
                                  6.25   slack (MET)


Startpoint: _486_ (rising edge-triggered flip-flop clocked by clk)
Endpoint: sideband_out[2] (output port clocked by clk)
Path Group: clk
Path Type: min
Corner: Slowest

Fanout     Cap    Slew   Delay    Time   Description
-----------------------------------------------------------------------------
                          0.00    0.00   clock clk (rise edge)
                          0.00    0.00   clock source latency
                  0.11    0.07    0.07 ^ clk (in)
     1    0.01                           clk (net)
                  0.11    0.00    0.07 ^ clkbuf_0_clk/A (sky130_fd_sc_hd__clkbuf_16)
                  0.07    0.23    0.29 ^ clkbuf_0_clk/X (sky130_fd_sc_hd__clkbuf_16)
     2    0.02                           clknet_0_clk (net)
                  0.07    0.00    0.29 ^ clkbuf_1_0__f_clk/A (sky130_fd_sc_hd__clkbuf_16)
                  0.07    0.22    0.51 ^ clkbuf_1_0__f_clk/X (sky130_fd_sc_hd__clkbuf_16)
     7    0.03                           clknet_1_0__leaf_clk (net)
                  0.07    0.00    0.51 ^ _486_/CLK (sky130_fd_sc_hd__dfrtp_1)
                  0.12    0.65    1.16 ^ _486_/Q (sky130_fd_sc_hd__dfrtp_1)
     2    0.01                           net31 (net)
                  0.12    0.00    1.16 ^ output31/A (sky130_fd_sc_hd__clkbuf_4)
                  0.18    0.34    1.50 ^ output31/X (sky130_fd_sc_hd__clkbuf_4)
     1    0.03                           sideband_out[2] (net)
                  0.18    0.00    1.50 ^ sideband_out[2] (out)
                                  1.50   data arrival time

                          0.00    0.00   clock clk (rise edge)
                          0.00    0.00   clock network delay (propagated)
                          0.25    0.25   clock uncertainty
                          0.00    0.25   clock reconvergence pessimism
                         -5.00   -4.75   output external delay
                                 -4.75   data required time
-----------------------------------------------------------------------------
                                 -4.75   data required time
                                 -1.50   data arrival time
-----------------------------------------------------------------------------
                                  6.25   slack (MET)


Startpoint: _485_ (rising edge-triggered flip-flop clocked by clk)
Endpoint: sideband_out[1] (output port clocked by clk)
Path Group: clk
Path Type: min
Corner: Slowest

Fanout     Cap    Slew   Delay    Time   Description
-----------------------------------------------------------------------------
                          0.00    0.00   clock clk (rise edge)
                          0.00    0.00   clock source latency
                  0.11    0.07    0.07 ^ clk (in)
     1    0.01                           clk (net)
                  0.11    0.00    0.07 ^ clkbuf_0_clk/A (sky130_fd_sc_hd__clkbuf_16)
                  0.07    0.23    0.29 ^ clkbuf_0_clk/X (sky130_fd_sc_hd__clkbuf_16)
     2    0.02                           clknet_0_clk (net)
                  0.07    0.00    0.29 ^ clkbuf_1_0__f_clk/A (sky130_fd_sc_hd__clkbuf_16)
                  0.07    0.22    0.51 ^ clkbuf_1_0__f_clk/X (sky130_fd_sc_hd__clkbuf_16)
     7    0.03                           clknet_1_0__leaf_clk (net)
                  0.07    0.00    0.51 ^ _485_/CLK (sky130_fd_sc_hd__dfrtp_1)
                  0.12    0.64    1.15 ^ _485_/Q (sky130_fd_sc_hd__dfrtp_1)
     2    0.01                           net30 (net)
                  0.12    0.00    1.15 ^ output30/A (sky130_fd_sc_hd__buf_2)
                  0.27    0.35    1.50 ^ output30/X (sky130_fd_sc_hd__buf_2)
     1    0.03                           sideband_out[1] (net)
                  0.27    0.00    1.50 ^ sideband_out[1] (out)
                                  1.50   data arrival time

                          0.00    0.00   clock clk (rise edge)
                          0.00    0.00   clock network delay (propagated)
                          0.25    0.25   clock uncertainty
                          0.00    0.25   clock reconvergence pessimism
                         -5.00   -4.75   output external delay
                                 -4.75   data required time
-----------------------------------------------------------------------------
                                 -4.75   data required time
                                 -1.50   data arrival time
-----------------------------------------------------------------------------
                                  6.25   slack (MET)


Startpoint: _489_ (rising edge-triggered flip-flop clocked by clk)
Endpoint: sideband_out[5] (output port clocked by clk)
Path Group: clk
Path Type: min
Corner: Slowest

Fanout     Cap    Slew   Delay    Time   Description
-----------------------------------------------------------------------------
                          0.00    0.00   clock clk (rise edge)
                          0.00    0.00   clock source latency
                  0.11    0.07    0.07 ^ clk (in)
     1    0.01                           clk (net)
                  0.11    0.00    0.07 ^ clkbuf_0_clk/A (sky130_fd_sc_hd__clkbuf_16)
                  0.07    0.23    0.29 ^ clkbuf_0_clk/X (sky130_fd_sc_hd__clkbuf_16)
     2    0.02                           clknet_0_clk (net)
                  0.07    0.00    0.29 ^ clkbuf_1_0__f_clk/A (sky130_fd_sc_hd__clkbuf_16)
                  0.07    0.22    0.51 ^ clkbuf_1_0__f_clk/X (sky130_fd_sc_hd__clkbuf_16)
     7    0.03                           clknet_1_0__leaf_clk (net)
                  0.07    0.00    0.51 ^ _489_/CLK (sky130_fd_sc_hd__dfrtp_1)
                  0.14    0.66    1.17 ^ _489_/Q (sky130_fd_sc_hd__dfrtp_1)
     2    0.01                           net34 (net)
                  0.14    0.00    1.17 ^ output34/A (sky130_fd_sc_hd__clkbuf_4)
                  0.18    0.34    1.51 ^ output34/X (sky130_fd_sc_hd__clkbuf_4)
     1    0.03                           sideband_out[5] (net)
                  0.18    0.00    1.51 ^ sideband_out[5] (out)
                                  1.51   data arrival time

                          0.00    0.00   clock clk (rise edge)
                          0.00    0.00   clock network delay (propagated)
                          0.25    0.25   clock uncertainty
                          0.00    0.25   clock reconvergence pessimism
                         -5.00   -4.75   output external delay
                                 -4.75   data required time
-----------------------------------------------------------------------------
                                 -4.75   data required time
                                 -1.51   data arrival time
-----------------------------------------------------------------------------
                                  6.26   slack (MET)


Startpoint: _487_ (rising edge-triggered flip-flop clocked by clk)
Endpoint: sideband_out[3] (output port clocked by clk)
Path Group: clk
Path Type: min
Corner: Slowest

Fanout     Cap    Slew   Delay    Time   Description
-----------------------------------------------------------------------------
                          0.00    0.00   clock clk (rise edge)
                          0.00    0.00   clock source latency
                  0.11    0.07    0.07 ^ clk (in)
     1    0.01                           clk (net)
                  0.11    0.00    0.07 ^ clkbuf_0_clk/A (sky130_fd_sc_hd__clkbuf_16)
                  0.07    0.23    0.29 ^ clkbuf_0_clk/X (sky130_fd_sc_hd__clkbuf_16)
     2    0.02                           clknet_0_clk (net)
                  0.07    0.00    0.29 ^ clkbuf_1_1__f_clk/A (sky130_fd_sc_hd__clkbuf_16)
                  0.08    0.22    0.51 ^ clkbuf_1_1__f_clk/X (sky130_fd_sc_hd__clkbuf_16)
     7    0.03                           clknet_1_1__leaf_clk (net)
                  0.08    0.00    0.51 ^ _487_/CLK (sky130_fd_sc_hd__dfrtp_1)
                  0.17    0.69    1.20 ^ _487_/Q (sky130_fd_sc_hd__dfrtp_1)
     2    0.01                           net32 (net)
                  0.17    0.00    1.20 ^ output32/A (sky130_fd_sc_hd__clkbuf_4)
                  0.18    0.36    1.56 ^ output32/X (sky130_fd_sc_hd__clkbuf_4)
     1    0.03                           sideband_out[3] (net)
                  0.18    0.00    1.56 ^ sideband_out[3] (out)
                                  1.56   data arrival time

                          0.00    0.00   clock clk (rise edge)
                          0.00    0.00   clock network delay (propagated)
                          0.25    0.25   clock uncertainty
                          0.00    0.25   clock reconvergence pessimism
                         -5.00   -4.75   output external delay
                                 -4.75   data required time
-----------------------------------------------------------------------------
                                 -4.75   data required time
                                 -1.56   data arrival time
-----------------------------------------------------------------------------
                                  6.31   slack (MET)



======================= Typical Corner ===================================

Startpoint: _487_ (rising edge-triggered flip-flop clocked by clk)
Endpoint: _487_ (rising edge-triggered flip-flop clocked by clk)
Path Group: clk
Path Type: min
Corner: Typical

Fanout     Cap    Slew   Delay    Time   Description
-----------------------------------------------------------------------------
                          0.00    0.00   clock clk (rise edge)
                          0.00    0.00   clock source latency
                  0.07    0.04    0.04 ^ clk (in)
     1    0.01                           clk (net)
                  0.07    0.00    0.04 ^ clkbuf_0_clk/A (sky130_fd_sc_hd__clkbuf_16)
                  0.04    0.13    0.17 ^ clkbuf_0_clk/X (sky130_fd_sc_hd__clkbuf_16)
     2    0.02                           clknet_0_clk (net)
                  0.04    0.00    0.17 ^ clkbuf_1_1__f_clk/A (sky130_fd_sc_hd__clkbuf_16)
                  0.05    0.13    0.30 ^ clkbuf_1_1__f_clk/X (sky130_fd_sc_hd__clkbuf_16)
     7    0.03                           clknet_1_1__leaf_clk (net)
                  0.05    0.00    0.30 ^ _487_/CLK (sky130_fd_sc_hd__dfrtp_1)
                  0.10    0.35    0.65 ^ _487_/Q (sky130_fd_sc_hd__dfrtp_1)
     2    0.01                           net32 (net)
                  0.10    0.00    0.65 ^ _468_/B (sky130_fd_sc_hd__and2_1)
                  0.04    0.12    0.77 ^ _468_/X (sky130_fd_sc_hd__and2_1)
     1    0.00                           _184_ (net)
                  0.04    0.00    0.77 ^ _469_/B1 (sky130_fd_sc_hd__a31o_1)
                  0.04    0.08    0.85 ^ _469_/X (sky130_fd_sc_hd__a31o_1)
     1    0.00                           _008_ (net)
                  0.04    0.00    0.85 ^ _487_/D (sky130_fd_sc_hd__dfrtp_1)
                                  0.85   data arrival time

                          0.00    0.00   clock clk (rise edge)
                          0.00    0.00   clock source latency
                  0.07    0.05    0.05 ^ clk (in)
     1    0.01                           clk (net)
                  0.07    0.00    0.05 ^ clkbuf_0_clk/A (sky130_fd_sc_hd__clkbuf_16)
                  0.04    0.14    0.19 ^ clkbuf_0_clk/X (sky130_fd_sc_hd__clkbuf_16)
     2    0.02                           clknet_0_clk (net)
                  0.04    0.00    0.19 ^ clkbuf_1_1__f_clk/A (sky130_fd_sc_hd__clkbuf_16)
                  0.05    0.14    0.33 ^ clkbuf_1_1__f_clk/X (sky130_fd_sc_hd__clkbuf_16)
     7    0.03                           clknet_1_1__leaf_clk (net)
                  0.05    0.00    0.33 ^ _487_/CLK (sky130_fd_sc_hd__dfrtp_1)
                          0.25    0.58   clock uncertainty
                         -0.03    0.55   clock reconvergence pessimism
                         -0.03    0.51   library hold time
                                  0.51   data required time
-----------------------------------------------------------------------------
                                  0.51   data required time
                                 -0.85   data arrival time
-----------------------------------------------------------------------------
                                  0.34   slack (MET)


Startpoint: _478_ (rising edge-triggered flip-flop clocked by clk)
Endpoint: _478_ (rising edge-triggered flip-flop clocked by clk)
Path Group: clk
Path Type: min
Corner: Typical

Fanout     Cap    Slew   Delay    Time   Description
-----------------------------------------------------------------------------
                          0.00    0.00   clock clk (rise edge)
                          0.00    0.00   clock source latency
                  0.07    0.04    0.04 ^ clk (in)
     1    0.01                           clk (net)
                  0.07    0.00    0.04 ^ clkbuf_0_clk/A (sky130_fd_sc_hd__clkbuf_16)
                  0.04    0.13    0.17 ^ clkbuf_0_clk/X (sky130_fd_sc_hd__clkbuf_16)
     2    0.02                           clknet_0_clk (net)
                  0.04    0.00    0.17 ^ clkbuf_1_1__f_clk/A (sky130_fd_sc_hd__clkbuf_16)
                  0.05    0.13    0.30 ^ clkbuf_1_1__f_clk/X (sky130_fd_sc_hd__clkbuf_16)
     7    0.03                           clknet_1_1__leaf_clk (net)
                  0.05    0.00    0.30 ^ _478_/CLK (sky130_fd_sc_hd__dfrtp_1)
                  0.06    0.31    0.61 ^ _478_/Q (sky130_fd_sc_hd__dfrtp_1)
     2    0.00                           net28 (net)
                  0.06    0.00    0.61 ^ hold2/A (sky130_fd_sc_hd__dlygate4sd3_1)
                  0.05    0.51    1.12 ^ hold2/X (sky130_fd_sc_hd__dlygate4sd3_1)
     1    0.00                           net41 (net)
                  0.05    0.00    1.12 ^ _279_/A1 (sky130_fd_sc_hd__o21ba_1)
                  0.04    0.12    1.24 ^ _279_/X (sky130_fd_sc_hd__o21ba_1)
     1    0.00                           _000_ (net)
                  0.04    0.00    1.24 ^ _478_/D (sky130_fd_sc_hd__dfrtp_1)
                                  1.24   data arrival time

                          0.00    0.00   clock clk (rise edge)
                          0.00    0.00   clock source latency
                  0.07    0.05    0.05 ^ clk (in)
     1    0.01                           clk (net)
                  0.07    0.00    0.05 ^ clkbuf_0_clk/A (sky130_fd_sc_hd__clkbuf_16)
                  0.04    0.14    0.19 ^ clkbuf_0_clk/X (sky130_fd_sc_hd__clkbuf_16)
     2    0.02                           clknet_0_clk (net)
                  0.04    0.00    0.19 ^ clkbuf_1_1__f_clk/A (sky130_fd_sc_hd__clkbuf_16)
                  0.05    0.14    0.33 ^ clkbuf_1_1__f_clk/X (sky130_fd_sc_hd__clkbuf_16)
     7    0.03                           clknet_1_1__leaf_clk (net)
                  0.05    0.00    0.33 ^ _478_/CLK (sky130_fd_sc_hd__dfrtp_1)
                          0.25    0.58   clock uncertainty
                         -0.03    0.55   clock reconvergence pessimism
                         -0.03    0.51   library hold time
                                  0.51   data required time
-----------------------------------------------------------------------------
                                  0.51   data required time
                                 -1.24   data arrival time
-----------------------------------------------------------------------------
                                  0.72   slack (MET)


Startpoint: _480_ (rising edge-triggered flip-flop clocked by clk)
Endpoint: _480_ (rising edge-triggered flip-flop clocked by clk)
Path Group: clk
Path Type: min
Corner: Typical

Fanout     Cap    Slew   Delay    Time   Description
-----------------------------------------------------------------------------
                          0.00    0.00   clock clk (rise edge)
                          0.00    0.00   clock source latency
                  0.07    0.04    0.04 ^ clk (in)
     1    0.01                           clk (net)
                  0.07    0.00    0.04 ^ clkbuf_0_clk/A (sky130_fd_sc_hd__clkbuf_16)
                  0.04    0.13    0.17 ^ clkbuf_0_clk/X (sky130_fd_sc_hd__clkbuf_16)
     2    0.02                           clknet_0_clk (net)
                  0.04    0.00    0.17 ^ clkbuf_1_1__f_clk/A (sky130_fd_sc_hd__clkbuf_16)
                  0.05    0.13    0.30 ^ clkbuf_1_1__f_clk/X (sky130_fd_sc_hd__clkbuf_16)
     7    0.03                           clknet_1_1__leaf_clk (net)
                  0.05    0.00    0.30 ^ _480_/CLK (sky130_fd_sc_hd__dfrtp_1)
                  0.06    0.31    0.61 ^ _480_/Q (sky130_fd_sc_hd__dfrtp_1)
     2    0.00                           net24 (net)
                  0.06    0.00    0.61 ^ hold1/A (sky130_fd_sc_hd__dlygate4sd3_1)
                  0.05    0.51    1.12 ^ hold1/X (sky130_fd_sc_hd__dlygate4sd3_1)
     1    0.00                           net40 (net)
                  0.05    0.00    1.12 ^ _452_/A2 (sky130_fd_sc_hd__a22o_1)
                  0.04    0.12    1.24 ^ _452_/X (sky130_fd_sc_hd__a22o_1)
     1    0.00                           _001_ (net)
                  0.04    0.00    1.24 ^ _480_/D (sky130_fd_sc_hd__dfrtp_1)
                                  1.24   data arrival time

                          0.00    0.00   clock clk (rise edge)
                          0.00    0.00   clock source latency
                  0.07    0.05    0.05 ^ clk (in)
     1    0.01                           clk (net)
                  0.07    0.00    0.05 ^ clkbuf_0_clk/A (sky130_fd_sc_hd__clkbuf_16)
                  0.04    0.14    0.19 ^ clkbuf_0_clk/X (sky130_fd_sc_hd__clkbuf_16)
     2    0.02                           clknet_0_clk (net)
                  0.04    0.00    0.19 ^ clkbuf_1_1__f_clk/A (sky130_fd_sc_hd__clkbuf_16)
                  0.05    0.14    0.33 ^ clkbuf_1_1__f_clk/X (sky130_fd_sc_hd__clkbuf_16)
     7    0.03                           clknet_1_1__leaf_clk (net)
                  0.05    0.00    0.33 ^ _480_/CLK (sky130_fd_sc_hd__dfrtp_1)
                          0.25    0.58   clock uncertainty
                         -0.03    0.55   clock reconvergence pessimism
                         -0.03    0.51   library hold time
                                  0.51   data required time
-----------------------------------------------------------------------------
                                  0.51   data required time
                                 -1.24   data arrival time
-----------------------------------------------------------------------------
                                  0.73   slack (MET)


Startpoint: _483_ (rising edge-triggered flip-flop clocked by clk)
Endpoint: _483_ (rising edge-triggered flip-flop clocked by clk)
Path Group: clk
Path Type: min
Corner: Typical

Fanout     Cap    Slew   Delay    Time   Description
-----------------------------------------------------------------------------
                          0.00    0.00   clock clk (rise edge)
                          0.00    0.00   clock source latency
                  0.07    0.04    0.04 ^ clk (in)
     1    0.01                           clk (net)
                  0.07    0.00    0.04 ^ clkbuf_0_clk/A (sky130_fd_sc_hd__clkbuf_16)
                  0.04    0.13    0.17 ^ clkbuf_0_clk/X (sky130_fd_sc_hd__clkbuf_16)
     2    0.02                           clknet_0_clk (net)
                  0.04    0.00    0.17 ^ clkbuf_1_1__f_clk/A (sky130_fd_sc_hd__clkbuf_16)
                  0.05    0.13    0.30 ^ clkbuf_1_1__f_clk/X (sky130_fd_sc_hd__clkbuf_16)
     7    0.03                           clknet_1_1__leaf_clk (net)
                  0.05    0.00    0.30 ^ _483_/CLK (sky130_fd_sc_hd__dfrtp_1)
                  0.07    0.32    0.62 ^ _483_/Q (sky130_fd_sc_hd__dfrtp_1)
     2    0.01                           net27 (net)
                  0.07    0.00    0.62 ^ hold3/A (sky130_fd_sc_hd__dlygate4sd3_1)
                  0.05    0.51    1.13 ^ hold3/X (sky130_fd_sc_hd__dlygate4sd3_1)
     1    0.00                           net42 (net)
                  0.05    0.00    1.13 ^ _461_/A2 (sky130_fd_sc_hd__a22o_1)
                  0.04    0.12    1.25 ^ _461_/X (sky130_fd_sc_hd__a22o_1)
     1    0.00                           _004_ (net)
                  0.04    0.00    1.25 ^ _483_/D (sky130_fd_sc_hd__dfrtp_1)
                                  1.25   data arrival time

                          0.00    0.00   clock clk (rise edge)
                          0.00    0.00   clock source latency
                  0.07    0.05    0.05 ^ clk (in)
     1    0.01                           clk (net)
                  0.07    0.00    0.05 ^ clkbuf_0_clk/A (sky130_fd_sc_hd__clkbuf_16)
                  0.04    0.14    0.19 ^ clkbuf_0_clk/X (sky130_fd_sc_hd__clkbuf_16)
     2    0.02                           clknet_0_clk (net)
                  0.04    0.00    0.19 ^ clkbuf_1_1__f_clk/A (sky130_fd_sc_hd__clkbuf_16)
                  0.05    0.14    0.33 ^ clkbuf_1_1__f_clk/X (sky130_fd_sc_hd__clkbuf_16)
     7    0.03                           clknet_1_1__leaf_clk (net)
                  0.05    0.00    0.33 ^ _483_/CLK (sky130_fd_sc_hd__dfrtp_1)
                          0.25    0.58   clock uncertainty
                         -0.03    0.55   clock reconvergence pessimism
                         -0.03    0.51   library hold time
                                  0.51   data required time
-----------------------------------------------------------------------------
                                  0.51   data required time
                                 -1.25   data arrival time
-----------------------------------------------------------------------------
                                  0.74   slack (MET)


Startpoint: _481_ (rising edge-triggered flip-flop clocked by clk)
Endpoint: _481_ (rising edge-triggered flip-flop clocked by clk)
Path Group: clk
Path Type: min
Corner: Typical

Fanout     Cap    Slew   Delay    Time   Description
-----------------------------------------------------------------------------
                          0.00    0.00   clock clk (rise edge)
                          0.00    0.00   clock source latency
                  0.07    0.04    0.04 ^ clk (in)
     1    0.01                           clk (net)
                  0.07    0.00    0.04 ^ clkbuf_0_clk/A (sky130_fd_sc_hd__clkbuf_16)
                  0.04    0.13    0.17 ^ clkbuf_0_clk/X (sky130_fd_sc_hd__clkbuf_16)
     2    0.02                           clknet_0_clk (net)
                  0.04    0.00    0.17 ^ clkbuf_1_1__f_clk/A (sky130_fd_sc_hd__clkbuf_16)
                  0.05    0.13    0.30 ^ clkbuf_1_1__f_clk/X (sky130_fd_sc_hd__clkbuf_16)
     7    0.03                           clknet_1_1__leaf_clk (net)
                  0.05    0.00    0.30 ^ _481_/CLK (sky130_fd_sc_hd__dfrtp_1)
                  0.07    0.32    0.62 ^ _481_/Q (sky130_fd_sc_hd__dfrtp_1)
     2    0.01                           net25 (net)
                  0.07    0.00    0.62 ^ hold4/A (sky130_fd_sc_hd__dlygate4sd3_1)
                  0.06    0.52    1.13 ^ hold4/X (sky130_fd_sc_hd__dlygate4sd3_1)
     1    0.00                           net43 (net)
                  0.06    0.00    1.13 ^ _455_/A2 (sky130_fd_sc_hd__a22o_1)
                  0.04    0.12    1.26 ^ _455_/X (sky130_fd_sc_hd__a22o_1)
     1    0.00                           _002_ (net)
                  0.04    0.00    1.26 ^ _481_/D (sky130_fd_sc_hd__dfrtp_1)
                                  1.26   data arrival time

                          0.00    0.00   clock clk (rise edge)
                          0.00    0.00   clock source latency
                  0.07    0.05    0.05 ^ clk (in)
     1    0.01                           clk (net)
                  0.07    0.00    0.05 ^ clkbuf_0_clk/A (sky130_fd_sc_hd__clkbuf_16)
                  0.04    0.14    0.19 ^ clkbuf_0_clk/X (sky130_fd_sc_hd__clkbuf_16)
     2    0.02                           clknet_0_clk (net)
                  0.04    0.00    0.19 ^ clkbuf_1_1__f_clk/A (sky130_fd_sc_hd__clkbuf_16)
                  0.05    0.14    0.33 ^ clkbuf_1_1__f_clk/X (sky130_fd_sc_hd__clkbuf_16)
     7    0.03                           clknet_1_1__leaf_clk (net)
                  0.05    0.00    0.33 ^ _481_/CLK (sky130_fd_sc_hd__dfrtp_1)
                          0.25    0.58   clock uncertainty
                         -0.03    0.55   clock reconvergence pessimism
                         -0.03    0.51   library hold time
                                  0.51   data required time
-----------------------------------------------------------------------------
                                  0.51   data required time
                                 -1.26   data arrival time
-----------------------------------------------------------------------------
                                  0.74   slack (MET)


Startpoint: _482_ (rising edge-triggered flip-flop clocked by clk)
Endpoint: _482_ (rising edge-triggered flip-flop clocked by clk)
Path Group: clk
Path Type: min
Corner: Typical

Fanout     Cap    Slew   Delay    Time   Description
-----------------------------------------------------------------------------
                          0.00    0.00   clock clk (rise edge)
                          0.00    0.00   clock source latency
                  0.07    0.04    0.04 ^ clk (in)
     1    0.01                           clk (net)
                  0.07    0.00    0.04 ^ clkbuf_0_clk/A (sky130_fd_sc_hd__clkbuf_16)
                  0.04    0.13    0.17 ^ clkbuf_0_clk/X (sky130_fd_sc_hd__clkbuf_16)
     2    0.02                           clknet_0_clk (net)
                  0.04    0.00    0.17 ^ clkbuf_1_1__f_clk/A (sky130_fd_sc_hd__clkbuf_16)
                  0.05    0.13    0.30 ^ clkbuf_1_1__f_clk/X (sky130_fd_sc_hd__clkbuf_16)
     7    0.03                           clknet_1_1__leaf_clk (net)
                  0.05    0.00    0.30 ^ _482_/CLK (sky130_fd_sc_hd__dfrtp_1)
                  0.07    0.32    0.62 ^ _482_/Q (sky130_fd_sc_hd__dfrtp_1)
     2    0.01                           net26 (net)
                  0.07    0.00    0.62 ^ hold5/A (sky130_fd_sc_hd__dlygate4sd3_1)
                  0.06    0.52    1.14 ^ hold5/X (sky130_fd_sc_hd__dlygate4sd3_1)
     1    0.00                           net44 (net)
                  0.06    0.00    1.14 ^ _459_/A2 (sky130_fd_sc_hd__a22o_1)
                  0.04    0.13    1.27 ^ _459_/X (sky130_fd_sc_hd__a22o_1)
     1    0.00                           _003_ (net)
                  0.04    0.00    1.27 ^ _482_/D (sky130_fd_sc_hd__dfrtp_1)
                                  1.27   data arrival time

                          0.00    0.00   clock clk (rise edge)
                          0.00    0.00   clock source latency
                  0.07    0.05    0.05 ^ clk (in)
     1    0.01                           clk (net)
                  0.07    0.00    0.05 ^ clkbuf_0_clk/A (sky130_fd_sc_hd__clkbuf_16)
                  0.04    0.14    0.19 ^ clkbuf_0_clk/X (sky130_fd_sc_hd__clkbuf_16)
     2    0.02                           clknet_0_clk (net)
                  0.04    0.00    0.19 ^ clkbuf_1_1__f_clk/A (sky130_fd_sc_hd__clkbuf_16)
                  0.05    0.14    0.33 ^ clkbuf_1_1__f_clk/X (sky130_fd_sc_hd__clkbuf_16)
     7    0.03                           clknet_1_1__leaf_clk (net)
                  0.05    0.00    0.33 ^ _482_/CLK (sky130_fd_sc_hd__dfrtp_1)
                          0.25    0.58   clock uncertainty
                         -0.03    0.55   clock reconvergence pessimism
                         -0.03    0.51   library hold time
                                  0.51   data required time
-----------------------------------------------------------------------------
                                  0.51   data required time
                                 -1.27   data arrival time
-----------------------------------------------------------------------------
                                  0.76   slack (MET)


Startpoint: _488_ (rising edge-triggered flip-flop clocked by clk)
Endpoint: _488_ (rising edge-triggered flip-flop clocked by clk)
Path Group: clk
Path Type: min
Corner: Typical

Fanout     Cap    Slew   Delay    Time   Description
-----------------------------------------------------------------------------
                          0.00    0.00   clock clk (rise edge)
                          0.00    0.00   clock source latency
                  0.07    0.04    0.04 ^ clk (in)
     1    0.01                           clk (net)
                  0.07    0.00    0.04 ^ clkbuf_0_clk/A (sky130_fd_sc_hd__clkbuf_16)
                  0.04    0.13    0.17 ^ clkbuf_0_clk/X (sky130_fd_sc_hd__clkbuf_16)
     2    0.02                           clknet_0_clk (net)
                  0.04    0.00    0.17 ^ clkbuf_1_0__f_clk/A (sky130_fd_sc_hd__clkbuf_16)
                  0.05    0.12    0.29 ^ clkbuf_1_0__f_clk/X (sky130_fd_sc_hd__clkbuf_16)
     7    0.03                           clknet_1_0__leaf_clk (net)
                  0.05    0.00    0.30 ^ _488_/CLK (sky130_fd_sc_hd__dfrtp_1)
                  0.07    0.32    0.62 ^ _488_/Q (sky130_fd_sc_hd__dfrtp_1)
     2    0.01                           net33 (net)
                  0.07    0.00    0.62 ^ hold11/A (sky130_fd_sc_hd__dlygate4sd3_1)
                  0.05    0.51    1.12 ^ hold11/X (sky130_fd_sc_hd__dlygate4sd3_1)
     1    0.00                           net50 (net)
                  0.05    0.00    1.12 ^ _470_/B (sky130_fd_sc_hd__and2_1)
                  0.05    0.11    1.23 ^ _470_/X (sky130_fd_sc_hd__and2_1)
     1    0.00                           _185_ (net)
                  0.05    0.00    1.23 ^ _471_/B1 (sky130_fd_sc_hd__a31o_1)
                  0.04    0.08    1.32 ^ _471_/X (sky130_fd_sc_hd__a31o_1)
     1    0.00                           _009_ (net)
                  0.04    0.00    1.32 ^ _488_/D (sky130_fd_sc_hd__dfrtp_1)
                                  1.32   data arrival time

                          0.00    0.00   clock clk (rise edge)
                          0.00    0.00   clock source latency
                  0.07    0.05    0.05 ^ clk (in)
     1    0.01                           clk (net)
                  0.07    0.00    0.05 ^ clkbuf_0_clk/A (sky130_fd_sc_hd__clkbuf_16)
                  0.04    0.14    0.19 ^ clkbuf_0_clk/X (sky130_fd_sc_hd__clkbuf_16)
     2    0.02                           clknet_0_clk (net)
                  0.04    0.00    0.19 ^ clkbuf_1_0__f_clk/A (sky130_fd_sc_hd__clkbuf_16)
                  0.05    0.14    0.33 ^ clkbuf_1_0__f_clk/X (sky130_fd_sc_hd__clkbuf_16)
     7    0.03                           clknet_1_0__leaf_clk (net)
                  0.05    0.00    0.33 ^ _488_/CLK (sky130_fd_sc_hd__dfrtp_1)
                          0.25    0.58   clock uncertainty
                         -0.03    0.55   clock reconvergence pessimism
                         -0.03    0.51   library hold time
                                  0.51   data required time
-----------------------------------------------------------------------------
                                  0.51   data required time
                                 -1.32   data arrival time
-----------------------------------------------------------------------------
                                  0.80   slack (MET)


Startpoint: _485_ (rising edge-triggered flip-flop clocked by clk)
Endpoint: _485_ (rising edge-triggered flip-flop clocked by clk)
Path Group: clk
Path Type: min
Corner: Typical

Fanout     Cap    Slew   Delay    Time   Description
-----------------------------------------------------------------------------
                          0.00    0.00   clock clk (rise edge)
                          0.00    0.00   clock source latency
                  0.07    0.04    0.04 ^ clk (in)
     1    0.01                           clk (net)
                  0.07    0.00    0.04 ^ clkbuf_0_clk/A (sky130_fd_sc_hd__clkbuf_16)
                  0.04    0.13    0.17 ^ clkbuf_0_clk/X (sky130_fd_sc_hd__clkbuf_16)
     2    0.02                           clknet_0_clk (net)
                  0.04    0.00    0.17 ^ clkbuf_1_0__f_clk/A (sky130_fd_sc_hd__clkbuf_16)
                  0.05    0.12    0.29 ^ clkbuf_1_0__f_clk/X (sky130_fd_sc_hd__clkbuf_16)
     7    0.03                           clknet_1_0__leaf_clk (net)
                  0.05    0.00    0.30 ^ _485_/CLK (sky130_fd_sc_hd__dfrtp_1)
                  0.07    0.32    0.62 ^ _485_/Q (sky130_fd_sc_hd__dfrtp_1)
     2    0.01                           net30 (net)
                  0.07    0.00    0.62 ^ hold9/A (sky130_fd_sc_hd__dlygate4sd3_1)
                  0.05    0.51    1.13 ^ hold9/X (sky130_fd_sc_hd__dlygate4sd3_1)
     1    0.00                           net48 (net)
                  0.05    0.00    1.13 ^ _464_/B (sky130_fd_sc_hd__and2_1)
                  0.04    0.11    1.24 ^ _464_/X (sky130_fd_sc_hd__and2_1)
     1    0.00                           _182_ (net)
                  0.04    0.00    1.24 ^ _465_/B1 (sky130_fd_sc_hd__a31o_1)
                  0.04    0.08    1.32 ^ _465_/X (sky130_fd_sc_hd__a31o_1)
     1    0.00                           _006_ (net)
                  0.04    0.00    1.32 ^ _485_/D (sky130_fd_sc_hd__dfrtp_1)
                                  1.32   data arrival time

                          0.00    0.00   clock clk (rise edge)
                          0.00    0.00   clock source latency
                  0.07    0.05    0.05 ^ clk (in)
     1    0.01                           clk (net)
                  0.07    0.00    0.05 ^ clkbuf_0_clk/A (sky130_fd_sc_hd__clkbuf_16)
                  0.04    0.14    0.19 ^ clkbuf_0_clk/X (sky130_fd_sc_hd__clkbuf_16)
     2    0.02                           clknet_0_clk (net)
                  0.04    0.00    0.19 ^ clkbuf_1_0__f_clk/A (sky130_fd_sc_hd__clkbuf_16)
                  0.05    0.14    0.33 ^ clkbuf_1_0__f_clk/X (sky130_fd_sc_hd__clkbuf_16)
     7    0.03                           clknet_1_0__leaf_clk (net)
                  0.05    0.00    0.33 ^ _485_/CLK (sky130_fd_sc_hd__dfrtp_1)
                          0.25    0.58   clock uncertainty
                         -0.03    0.55   clock reconvergence pessimism
                         -0.03    0.51   library hold time
                                  0.51   data required time
-----------------------------------------------------------------------------
                                  0.51   data required time
                                 -1.32   data arrival time
-----------------------------------------------------------------------------
                                  0.81   slack (MET)


Startpoint: _491_ (rising edge-triggered flip-flop clocked by clk)
Endpoint: _491_ (rising edge-triggered flip-flop clocked by clk)
Path Group: clk
Path Type: min
Corner: Typical

Fanout     Cap    Slew   Delay    Time   Description
-----------------------------------------------------------------------------
                          0.00    0.00   clock clk (rise edge)
                          0.00    0.00   clock source latency
                  0.07    0.04    0.04 ^ clk (in)
     1    0.01                           clk (net)
                  0.07    0.00    0.04 ^ clkbuf_0_clk/A (sky130_fd_sc_hd__clkbuf_16)
                  0.04    0.13    0.17 ^ clkbuf_0_clk/X (sky130_fd_sc_hd__clkbuf_16)
     2    0.02                           clknet_0_clk (net)
                  0.04    0.00    0.17 ^ clkbuf_1_0__f_clk/A (sky130_fd_sc_hd__clkbuf_16)
                  0.05    0.12    0.29 ^ clkbuf_1_0__f_clk/X (sky130_fd_sc_hd__clkbuf_16)
     7    0.03                           clknet_1_0__leaf_clk (net)
                  0.05    0.00    0.30 ^ _491_/CLK (sky130_fd_sc_hd__dfrtp_1)
                  0.06    0.32    0.61 ^ _491_/Q (sky130_fd_sc_hd__dfrtp_1)
     2    0.01                           net36 (net)
                  0.06    0.00    0.61 ^ hold6/A (sky130_fd_sc_hd__dlygate4sd3_1)
                  0.06    0.52    1.13 ^ hold6/X (sky130_fd_sc_hd__dlygate4sd3_1)
     1    0.00                           net45 (net)
                  0.06    0.00    1.13 ^ _476_/B (sky130_fd_sc_hd__and2_1)
                  0.05    0.11    1.24 ^ _476_/X (sky130_fd_sc_hd__and2_1)
     1    0.00                           _188_ (net)
                  0.05    0.00    1.24 ^ _477_/B1 (sky130_fd_sc_hd__a31o_1)
                  0.04    0.08    1.32 ^ _477_/X (sky130_fd_sc_hd__a31o_1)
     1    0.00                           _012_ (net)
                  0.04    0.00    1.32 ^ _491_/D (sky130_fd_sc_hd__dfrtp_1)
                                  1.32   data arrival time

                          0.00    0.00   clock clk (rise edge)
                          0.00    0.00   clock source latency
                  0.07    0.05    0.05 ^ clk (in)
     1    0.01                           clk (net)
                  0.07    0.00    0.05 ^ clkbuf_0_clk/A (sky130_fd_sc_hd__clkbuf_16)
                  0.04    0.14    0.19 ^ clkbuf_0_clk/X (sky130_fd_sc_hd__clkbuf_16)
     2    0.02                           clknet_0_clk (net)
                  0.04    0.00    0.19 ^ clkbuf_1_0__f_clk/A (sky130_fd_sc_hd__clkbuf_16)
                  0.05    0.14    0.33 ^ clkbuf_1_0__f_clk/X (sky130_fd_sc_hd__clkbuf_16)
     7    0.03                           clknet_1_0__leaf_clk (net)
                  0.05    0.00    0.33 ^ _491_/CLK (sky130_fd_sc_hd__dfrtp_1)
                          0.25    0.58   clock uncertainty
                         -0.03    0.55   clock reconvergence pessimism
                         -0.03    0.51   library hold time
                                  0.51   data required time
-----------------------------------------------------------------------------
                                  0.51   data required time
                                 -1.32   data arrival time
-----------------------------------------------------------------------------
                                  0.81   slack (MET)


Startpoint: _486_ (rising edge-triggered flip-flop clocked by clk)
Endpoint: _486_ (rising edge-triggered flip-flop clocked by clk)
Path Group: clk
Path Type: min
Corner: Typical

Fanout     Cap    Slew   Delay    Time   Description
-----------------------------------------------------------------------------
                          0.00    0.00   clock clk (rise edge)
                          0.00    0.00   clock source latency
                  0.07    0.04    0.04 ^ clk (in)
     1    0.01                           clk (net)
                  0.07    0.00    0.04 ^ clkbuf_0_clk/A (sky130_fd_sc_hd__clkbuf_16)
                  0.04    0.13    0.17 ^ clkbuf_0_clk/X (sky130_fd_sc_hd__clkbuf_16)
     2    0.02                           clknet_0_clk (net)
                  0.04    0.00    0.17 ^ clkbuf_1_0__f_clk/A (sky130_fd_sc_hd__clkbuf_16)
                  0.05    0.12    0.29 ^ clkbuf_1_0__f_clk/X (sky130_fd_sc_hd__clkbuf_16)
     7    0.03                           clknet_1_0__leaf_clk (net)
                  0.05    0.00    0.30 ^ _486_/CLK (sky130_fd_sc_hd__dfrtp_1)
                  0.08    0.33    0.62 ^ _486_/Q (sky130_fd_sc_hd__dfrtp_1)
     2    0.01                           net31 (net)
                  0.08    0.00    0.62 ^ hold10/A (sky130_fd_sc_hd__dlygate4sd3_1)
                  0.05    0.51    1.13 ^ hold10/X (sky130_fd_sc_hd__dlygate4sd3_1)
     1    0.00                           net49 (net)
                  0.05    0.00    1.13 ^ _466_/B (sky130_fd_sc_hd__and2_1)
                  0.05    0.11    1.24 ^ _466_/X (sky130_fd_sc_hd__and2_1)
     1    0.00                           _183_ (net)
                  0.05    0.00    1.24 ^ _467_/B1 (sky130_fd_sc_hd__a31o_1)
                  0.04    0.08    1.32 ^ _467_/X (sky130_fd_sc_hd__a31o_1)
     1    0.00                           _007_ (net)
                  0.04    0.00    1.32 ^ _486_/D (sky130_fd_sc_hd__dfrtp_1)
                                  1.32   data arrival time

                          0.00    0.00   clock clk (rise edge)
                          0.00    0.00   clock source latency
                  0.07    0.05    0.05 ^ clk (in)
     1    0.01                           clk (net)
                  0.07    0.00    0.05 ^ clkbuf_0_clk/A (sky130_fd_sc_hd__clkbuf_16)
                  0.04    0.14    0.19 ^ clkbuf_0_clk/X (sky130_fd_sc_hd__clkbuf_16)
     2    0.02                           clknet_0_clk (net)
                  0.04    0.00    0.19 ^ clkbuf_1_0__f_clk/A (sky130_fd_sc_hd__clkbuf_16)
                  0.05    0.14    0.33 ^ clkbuf_1_0__f_clk/X (sky130_fd_sc_hd__clkbuf_16)
     7    0.03                           clknet_1_0__leaf_clk (net)
                  0.05    0.00    0.33 ^ _486_/CLK (sky130_fd_sc_hd__dfrtp_1)
                          0.25    0.58   clock uncertainty
                         -0.03    0.55   clock reconvergence pessimism
                         -0.03    0.51   library hold time
                                  0.51   data required time
-----------------------------------------------------------------------------
                                  0.51   data required time
                                 -1.32   data arrival time
-----------------------------------------------------------------------------
                                  0.81   slack (MET)


Startpoint: _489_ (rising edge-triggered flip-flop clocked by clk)
Endpoint: _489_ (rising edge-triggered flip-flop clocked by clk)
Path Group: clk
Path Type: min
Corner: Typical

Fanout     Cap    Slew   Delay    Time   Description
-----------------------------------------------------------------------------
                          0.00    0.00   clock clk (rise edge)
                          0.00    0.00   clock source latency
                  0.07    0.04    0.04 ^ clk (in)
     1    0.01                           clk (net)
                  0.07    0.00    0.04 ^ clkbuf_0_clk/A (sky130_fd_sc_hd__clkbuf_16)
                  0.04    0.13    0.17 ^ clkbuf_0_clk/X (sky130_fd_sc_hd__clkbuf_16)
     2    0.02                           clknet_0_clk (net)
                  0.04    0.00    0.17 ^ clkbuf_1_0__f_clk/A (sky130_fd_sc_hd__clkbuf_16)
                  0.05    0.12    0.29 ^ clkbuf_1_0__f_clk/X (sky130_fd_sc_hd__clkbuf_16)
     7    0.03                           clknet_1_0__leaf_clk (net)
                  0.05    0.00    0.30 ^ _489_/CLK (sky130_fd_sc_hd__dfrtp_1)
                  0.08    0.33    0.63 ^ _489_/Q (sky130_fd_sc_hd__dfrtp_1)
     2    0.01                           net34 (net)
                  0.08    0.00    0.63 ^ hold12/A (sky130_fd_sc_hd__dlygate4sd3_1)
                  0.05    0.51    1.14 ^ hold12/X (sky130_fd_sc_hd__dlygate4sd3_1)
     1    0.00                           net51 (net)
                  0.05    0.00    1.14 ^ _472_/B (sky130_fd_sc_hd__and2_1)
                  0.05    0.11    1.25 ^ _472_/X (sky130_fd_sc_hd__and2_1)
     1    0.00                           _186_ (net)
                  0.05    0.00    1.25 ^ _473_/B1 (sky130_fd_sc_hd__a31o_1)
                  0.04    0.08    1.33 ^ _473_/X (sky130_fd_sc_hd__a31o_1)
     1    0.00                           _010_ (net)
                  0.04    0.00    1.33 ^ _489_/D (sky130_fd_sc_hd__dfrtp_1)
                                  1.33   data arrival time

                          0.00    0.00   clock clk (rise edge)
                          0.00    0.00   clock source latency
                  0.07    0.05    0.05 ^ clk (in)
     1    0.01                           clk (net)
                  0.07    0.00    0.05 ^ clkbuf_0_clk/A (sky130_fd_sc_hd__clkbuf_16)
                  0.04    0.14    0.19 ^ clkbuf_0_clk/X (sky130_fd_sc_hd__clkbuf_16)
     2    0.02                           clknet_0_clk (net)
                  0.04    0.00    0.19 ^ clkbuf_1_0__f_clk/A (sky130_fd_sc_hd__clkbuf_16)
                  0.05    0.14    0.33 ^ clkbuf_1_0__f_clk/X (sky130_fd_sc_hd__clkbuf_16)
     7    0.03                           clknet_1_0__leaf_clk (net)
                  0.05    0.00    0.33 ^ _489_/CLK (sky130_fd_sc_hd__dfrtp_1)
                          0.25    0.58   clock uncertainty
                         -0.03    0.55   clock reconvergence pessimism
                         -0.03    0.51   library hold time
                                  0.51   data required time
-----------------------------------------------------------------------------
                                  0.51   data required time
                                 -1.33   data arrival time
-----------------------------------------------------------------------------
                                  0.81   slack (MET)


Startpoint: _490_ (rising edge-triggered flip-flop clocked by clk)
Endpoint: _490_ (rising edge-triggered flip-flop clocked by clk)
Path Group: clk
Path Type: min
Corner: Typical

Fanout     Cap    Slew   Delay    Time   Description
-----------------------------------------------------------------------------
                          0.00    0.00   clock clk (rise edge)
                          0.00    0.00   clock source latency
                  0.07    0.04    0.04 ^ clk (in)
     1    0.01                           clk (net)
                  0.07    0.00    0.04 ^ clkbuf_0_clk/A (sky130_fd_sc_hd__clkbuf_16)
                  0.04    0.13    0.17 ^ clkbuf_0_clk/X (sky130_fd_sc_hd__clkbuf_16)
     2    0.02                           clknet_0_clk (net)
                  0.04    0.00    0.17 ^ clkbuf_1_0__f_clk/A (sky130_fd_sc_hd__clkbuf_16)
                  0.05    0.12    0.29 ^ clkbuf_1_0__f_clk/X (sky130_fd_sc_hd__clkbuf_16)
     7    0.03                           clknet_1_0__leaf_clk (net)
                  0.05    0.00    0.30 ^ _490_/CLK (sky130_fd_sc_hd__dfrtp_1)
                  0.08    0.33    0.62 ^ _490_/Q (sky130_fd_sc_hd__dfrtp_1)
     2    0.01                           net35 (net)
                  0.08    0.00    0.62 ^ hold8/A (sky130_fd_sc_hd__dlygate4sd3_1)
                  0.05    0.51    1.13 ^ hold8/X (sky130_fd_sc_hd__dlygate4sd3_1)
     1    0.00                           net47 (net)
                  0.05    0.00    1.13 ^ _474_/B (sky130_fd_sc_hd__and2_1)
                  0.05    0.11    1.25 ^ _474_/X (sky130_fd_sc_hd__and2_1)
     1    0.00                           _187_ (net)
                  0.05    0.00    1.25 ^ _475_/B1 (sky130_fd_sc_hd__a31o_1)
                  0.04    0.08    1.33 ^ _475_/X (sky130_fd_sc_hd__a31o_1)
     1    0.00                           _011_ (net)
                  0.04    0.00    1.33 ^ _490_/D (sky130_fd_sc_hd__dfrtp_1)
                                  1.33   data arrival time

                          0.00    0.00   clock clk (rise edge)
                          0.00    0.00   clock source latency
                  0.07    0.05    0.05 ^ clk (in)
     1    0.01                           clk (net)
                  0.07    0.00    0.05 ^ clkbuf_0_clk/A (sky130_fd_sc_hd__clkbuf_16)
                  0.04    0.14    0.19 ^ clkbuf_0_clk/X (sky130_fd_sc_hd__clkbuf_16)
     2    0.02                           clknet_0_clk (net)
                  0.04    0.00    0.19 ^ clkbuf_1_0__f_clk/A (sky130_fd_sc_hd__clkbuf_16)
                  0.05    0.14    0.33 ^ clkbuf_1_0__f_clk/X (sky130_fd_sc_hd__clkbuf_16)
     7    0.03                           clknet_1_0__leaf_clk (net)
                  0.05    0.00    0.33 ^ _490_/CLK (sky130_fd_sc_hd__dfrtp_1)
                          0.25    0.58   clock uncertainty
                         -0.03    0.55   clock reconvergence pessimism
                         -0.03    0.51   library hold time
                                  0.51   data required time
-----------------------------------------------------------------------------
                                  0.51   data required time
                                 -1.33   data arrival time
-----------------------------------------------------------------------------
                                  0.82   slack (MET)


Startpoint: _484_ (rising edge-triggered flip-flop clocked by clk)
Endpoint: _484_ (rising edge-triggered flip-flop clocked by clk)
Path Group: clk
Path Type: min
Corner: Typical

Fanout     Cap    Slew   Delay    Time   Description
-----------------------------------------------------------------------------
                          0.00    0.00   clock clk (rise edge)
                          0.00    0.00   clock source latency
                  0.07    0.04    0.04 ^ clk (in)
     1    0.01                           clk (net)
                  0.07    0.00    0.04 ^ clkbuf_0_clk/A (sky130_fd_sc_hd__clkbuf_16)
                  0.04    0.13    0.17 ^ clkbuf_0_clk/X (sky130_fd_sc_hd__clkbuf_16)
     2    0.02                           clknet_0_clk (net)
                  0.04    0.00    0.17 ^ clkbuf_1_0__f_clk/A (sky130_fd_sc_hd__clkbuf_16)
                  0.05    0.12    0.29 ^ clkbuf_1_0__f_clk/X (sky130_fd_sc_hd__clkbuf_16)
     7    0.03                           clknet_1_0__leaf_clk (net)
                  0.05    0.00    0.30 ^ _484_/CLK (sky130_fd_sc_hd__dfrtp_1)
                  0.07    0.32    0.62 ^ _484_/Q (sky130_fd_sc_hd__dfrtp_1)
     2    0.01                           net29 (net)
                  0.07    0.00    0.62 ^ hold7/A (sky130_fd_sc_hd__dlygate4sd3_1)
                  0.05    0.51    1.13 ^ hold7/X (sky130_fd_sc_hd__dlygate4sd3_1)
     1    0.00                           net46 (net)
                  0.05    0.00    1.13 ^ _462_/B (sky130_fd_sc_hd__and2_1)
                  0.06    0.12    1.25 ^ _462_/X (sky130_fd_sc_hd__and2_1)
     1    0.00                           _181_ (net)
                  0.06    0.00    1.25 ^ _463_/B1 (sky130_fd_sc_hd__a31o_1)
                  0.04    0.08    1.33 ^ _463_/X (sky130_fd_sc_hd__a31o_1)
     1    0.00                           _005_ (net)
                  0.04    0.00    1.33 ^ _484_/D (sky130_fd_sc_hd__dfrtp_1)
                                  1.33   data arrival time

                          0.00    0.00   clock clk (rise edge)
                          0.00    0.00   clock source latency
                  0.07    0.05    0.05 ^ clk (in)
     1    0.01                           clk (net)
                  0.07    0.00    0.05 ^ clkbuf_0_clk/A (sky130_fd_sc_hd__clkbuf_16)
                  0.04    0.14    0.19 ^ clkbuf_0_clk/X (sky130_fd_sc_hd__clkbuf_16)
     2    0.02                           clknet_0_clk (net)
                  0.04    0.00    0.19 ^ clkbuf_1_0__f_clk/A (sky130_fd_sc_hd__clkbuf_16)
                  0.05    0.14    0.33 ^ clkbuf_1_0__f_clk/X (sky130_fd_sc_hd__clkbuf_16)
     7    0.03                           clknet_1_0__leaf_clk (net)
                  0.05    0.00    0.33 ^ _484_/CLK (sky130_fd_sc_hd__dfrtp_1)
                          0.25    0.58   clock uncertainty
                         -0.03    0.55   clock reconvergence pessimism
                         -0.03    0.51   library hold time
                                  0.51   data required time
-----------------------------------------------------------------------------
                                  0.51   data required time
                                 -1.33   data arrival time
-----------------------------------------------------------------------------
                                  0.82   slack (MET)


Startpoint: rst_n (input port clocked by clk)
Endpoint: _487_ (removal check against rising-edge clock clk)
Path Group: asynchronous
Path Type: min
Corner: Typical

Fanout     Cap    Slew   Delay    Time   Description
-----------------------------------------------------------------------------
                          0.00    0.00   clock clk (rise edge)
                          0.00    0.00   clock network delay (propagated)
                          5.00    5.00 ^ input external delay
                  0.02    0.01    5.01 ^ rst_n (in)
     1    0.00                           rst_n (net)
                  0.02    0.00    5.01 ^ input10/A (sky130_fd_sc_hd__clkbuf_2)
                  0.14    0.16    5.17 ^ input10/X (sky130_fd_sc_hd__clkbuf_2)
     5    0.02                           net10 (net)
                  0.14    0.00    5.17 ^ _487_/RESET_B (sky130_fd_sc_hd__dfrtp_1)
                                  5.17   data arrival time

                          0.00    0.00   clock clk (rise edge)
                          0.00    0.00   clock source latency
                  0.07    0.05    0.05 ^ clk (in)
     1    0.01                           clk (net)
                  0.07    0.00    0.05 ^ clkbuf_0_clk/A (sky130_fd_sc_hd__clkbuf_16)
                  0.04    0.14    0.19 ^ clkbuf_0_clk/X (sky130_fd_sc_hd__clkbuf_16)
     2    0.02                           clknet_0_clk (net)
                  0.04    0.00    0.19 ^ clkbuf_1_1__f_clk/A (sky130_fd_sc_hd__clkbuf_16)
                  0.05    0.14    0.33 ^ clkbuf_1_1__f_clk/X (sky130_fd_sc_hd__clkbuf_16)
     7    0.03                           clknet_1_1__leaf_clk (net)
                  0.05    0.00    0.33 ^ _487_/CLK (sky130_fd_sc_hd__dfrtp_1)
                          0.25    0.58   clock uncertainty
                          0.00    0.58   clock reconvergence pessimism
                          0.35    0.93   library removal time
                                  0.93   data required time
-----------------------------------------------------------------------------
                                  0.93   data required time
                                 -5.17   data arrival time
-----------------------------------------------------------------------------
                                  4.24   slack (MET)


Startpoint: rst_n (input port clocked by clk)
Endpoint: _485_ (removal check against rising-edge clock clk)
Path Group: asynchronous
Path Type: min
Corner: Typical

Fanout     Cap    Slew   Delay    Time   Description
-----------------------------------------------------------------------------
                          0.00    0.00   clock clk (rise edge)
                          0.00    0.00   clock network delay (propagated)
                          5.00    5.00 ^ input external delay
                  0.02    0.01    5.01 ^ rst_n (in)
     1    0.00                           rst_n (net)
                  0.02    0.00    5.01 ^ input10/A (sky130_fd_sc_hd__clkbuf_2)
                  0.14    0.16    5.17 ^ input10/X (sky130_fd_sc_hd__clkbuf_2)
     5    0.02                           net10 (net)
                  0.14    0.00    5.17 ^ _485_/RESET_B (sky130_fd_sc_hd__dfrtp_1)
                                  5.17   data arrival time

                          0.00    0.00   clock clk (rise edge)
                          0.00    0.00   clock source latency
                  0.07    0.05    0.05 ^ clk (in)
     1    0.01                           clk (net)
                  0.07    0.00    0.05 ^ clkbuf_0_clk/A (sky130_fd_sc_hd__clkbuf_16)
                  0.04    0.14    0.19 ^ clkbuf_0_clk/X (sky130_fd_sc_hd__clkbuf_16)
     2    0.02                           clknet_0_clk (net)
                  0.04    0.00    0.19 ^ clkbuf_1_0__f_clk/A (sky130_fd_sc_hd__clkbuf_16)
                  0.05    0.14    0.33 ^ clkbuf_1_0__f_clk/X (sky130_fd_sc_hd__clkbuf_16)
     7    0.03                           clknet_1_0__leaf_clk (net)
                  0.05    0.00    0.33 ^ _485_/CLK (sky130_fd_sc_hd__dfrtp_1)
                          0.25    0.58   clock uncertainty
                          0.00    0.58   clock reconvergence pessimism
                          0.35    0.92   library removal time
                                  0.92   data required time
-----------------------------------------------------------------------------
                                  0.92   data required time
                                 -5.17   data arrival time
-----------------------------------------------------------------------------
                                  4.24   slack (MET)


Startpoint: rst_n (input port clocked by clk)
Endpoint: _488_ (removal check against rising-edge clock clk)
Path Group: asynchronous
Path Type: min
Corner: Typical

Fanout     Cap    Slew   Delay    Time   Description
-----------------------------------------------------------------------------
                          0.00    0.00   clock clk (rise edge)
                          0.00    0.00   clock network delay (propagated)
                          5.00    5.00 ^ input external delay
                  0.02    0.01    5.01 ^ rst_n (in)
     1    0.00                           rst_n (net)
                  0.02    0.00    5.01 ^ input10/A (sky130_fd_sc_hd__clkbuf_2)
                  0.14    0.16    5.17 ^ input10/X (sky130_fd_sc_hd__clkbuf_2)
     5    0.02                           net10 (net)
                  0.14    0.00    5.17 ^ _488_/RESET_B (sky130_fd_sc_hd__dfrtp_1)
                                  5.17   data arrival time

                          0.00    0.00   clock clk (rise edge)
                          0.00    0.00   clock source latency
                  0.07    0.05    0.05 ^ clk (in)
     1    0.01                           clk (net)
                  0.07    0.00    0.05 ^ clkbuf_0_clk/A (sky130_fd_sc_hd__clkbuf_16)
                  0.04    0.14    0.19 ^ clkbuf_0_clk/X (sky130_fd_sc_hd__clkbuf_16)
     2    0.02                           clknet_0_clk (net)
                  0.04    0.00    0.19 ^ clkbuf_1_0__f_clk/A (sky130_fd_sc_hd__clkbuf_16)
                  0.05    0.14    0.33 ^ clkbuf_1_0__f_clk/X (sky130_fd_sc_hd__clkbuf_16)
     7    0.03                           clknet_1_0__leaf_clk (net)
                  0.05    0.00    0.33 ^ _488_/CLK (sky130_fd_sc_hd__dfrtp_1)
                          0.25    0.58   clock uncertainty
                          0.00    0.58   clock reconvergence pessimism
                          0.35    0.92   library removal time
                                  0.92   data required time
-----------------------------------------------------------------------------
                                  0.92   data required time
                                 -5.17   data arrival time
-----------------------------------------------------------------------------
                                  4.24   slack (MET)


Startpoint: rst_n (input port clocked by clk)
Endpoint: _486_ (removal check against rising-edge clock clk)
Path Group: asynchronous
Path Type: min
Corner: Typical

Fanout     Cap    Slew   Delay    Time   Description
-----------------------------------------------------------------------------
                          0.00    0.00   clock clk (rise edge)
                          0.00    0.00   clock network delay (propagated)
                          5.00    5.00 ^ input external delay
                  0.02    0.01    5.01 ^ rst_n (in)
     1    0.00                           rst_n (net)
                  0.02    0.00    5.01 ^ input10/A (sky130_fd_sc_hd__clkbuf_2)
                  0.14    0.16    5.17 ^ input10/X (sky130_fd_sc_hd__clkbuf_2)
     5    0.02                           net10 (net)
                  0.14    0.00    5.17 ^ _486_/RESET_B (sky130_fd_sc_hd__dfrtp_1)
                                  5.17   data arrival time

                          0.00    0.00   clock clk (rise edge)
                          0.00    0.00   clock source latency
                  0.07    0.05    0.05 ^ clk (in)
     1    0.01                           clk (net)
                  0.07    0.00    0.05 ^ clkbuf_0_clk/A (sky130_fd_sc_hd__clkbuf_16)
                  0.04    0.14    0.19 ^ clkbuf_0_clk/X (sky130_fd_sc_hd__clkbuf_16)
     2    0.02                           clknet_0_clk (net)
                  0.04    0.00    0.19 ^ clkbuf_1_0__f_clk/A (sky130_fd_sc_hd__clkbuf_16)
                  0.05    0.14    0.33 ^ clkbuf_1_0__f_clk/X (sky130_fd_sc_hd__clkbuf_16)
     7    0.03                           clknet_1_0__leaf_clk (net)
                  0.05    0.00    0.33 ^ _486_/CLK (sky130_fd_sc_hd__dfrtp_1)
                          0.25    0.58   clock uncertainty
                          0.00    0.58   clock reconvergence pessimism
                          0.35    0.92   library removal time
                                  0.92   data required time
-----------------------------------------------------------------------------
                                  0.92   data required time
                                 -5.17   data arrival time
-----------------------------------------------------------------------------
                                  4.24   slack (MET)


Startpoint: rst_n (input port clocked by clk)
Endpoint: _481_ (removal check against rising-edge clock clk)
Path Group: asynchronous
Path Type: min
Corner: Typical

Fanout     Cap    Slew   Delay    Time   Description
-----------------------------------------------------------------------------
                          0.00    0.00   clock clk (rise edge)
                          0.00    0.00   clock network delay (propagated)
                          5.00    5.00 ^ input external delay
                  0.02    0.01    5.01 ^ rst_n (in)
     1    0.00                           rst_n (net)
                  0.02    0.00    5.01 ^ input10/A (sky130_fd_sc_hd__clkbuf_2)
                  0.14    0.16    5.17 ^ input10/X (sky130_fd_sc_hd__clkbuf_2)
     5    0.02                           net10 (net)
                  0.14    0.00    5.17 ^ fanout39/A (sky130_fd_sc_hd__buf_4)
                  0.17    0.22    5.39 ^ fanout39/X (sky130_fd_sc_hd__buf_4)
    10    0.06                           net39 (net)
                  0.17    0.00    5.39 ^ _481_/RESET_B (sky130_fd_sc_hd__dfrtp_1)
                                  5.39   data arrival time

                          0.00    0.00   clock clk (rise edge)
                          0.00    0.00   clock source latency
                  0.07    0.05    0.05 ^ clk (in)
     1    0.01                           clk (net)
                  0.07    0.00    0.05 ^ clkbuf_0_clk/A (sky130_fd_sc_hd__clkbuf_16)
                  0.04    0.14    0.19 ^ clkbuf_0_clk/X (sky130_fd_sc_hd__clkbuf_16)
     2    0.02                           clknet_0_clk (net)
                  0.04    0.00    0.19 ^ clkbuf_1_1__f_clk/A (sky130_fd_sc_hd__clkbuf_16)
                  0.05    0.14    0.33 ^ clkbuf_1_1__f_clk/X (sky130_fd_sc_hd__clkbuf_16)
     7    0.03                           clknet_1_1__leaf_clk (net)
                  0.05    0.00    0.33 ^ _481_/CLK (sky130_fd_sc_hd__dfrtp_1)
                          0.25    0.58   clock uncertainty
                          0.00    0.58   clock reconvergence pessimism
                          0.35    0.93   library removal time
                                  0.93   data required time
-----------------------------------------------------------------------------
                                  0.93   data required time
                                 -5.39   data arrival time
-----------------------------------------------------------------------------
                                  4.46   slack (MET)


Startpoint: rst_n (input port clocked by clk)
Endpoint: _479_ (removal check against rising-edge clock clk)
Path Group: asynchronous
Path Type: min
Corner: Typical

Fanout     Cap    Slew   Delay    Time   Description
-----------------------------------------------------------------------------
                          0.00    0.00   clock clk (rise edge)
                          0.00    0.00   clock network delay (propagated)
                          5.00    5.00 ^ input external delay
                  0.02    0.01    5.01 ^ rst_n (in)
     1    0.00                           rst_n (net)
                  0.02    0.00    5.01 ^ input10/A (sky130_fd_sc_hd__clkbuf_2)
                  0.14    0.16    5.17 ^ input10/X (sky130_fd_sc_hd__clkbuf_2)
     5    0.02                           net10 (net)
                  0.14    0.00    5.17 ^ fanout39/A (sky130_fd_sc_hd__buf_4)
                  0.17    0.22    5.39 ^ fanout39/X (sky130_fd_sc_hd__buf_4)
    10    0.06                           net39 (net)
                  0.17    0.00    5.39 ^ _479_/RESET_B (sky130_fd_sc_hd__dfrtp_1)
                                  5.39   data arrival time

                          0.00    0.00   clock clk (rise edge)
                          0.00    0.00   clock source latency
                  0.07    0.05    0.05 ^ clk (in)
     1    0.01                           clk (net)
                  0.07    0.00    0.05 ^ clkbuf_0_clk/A (sky130_fd_sc_hd__clkbuf_16)
                  0.04    0.14    0.19 ^ clkbuf_0_clk/X (sky130_fd_sc_hd__clkbuf_16)
     2    0.02                           clknet_0_clk (net)
                  0.04    0.00    0.19 ^ clkbuf_1_1__f_clk/A (sky130_fd_sc_hd__clkbuf_16)
                  0.05    0.14    0.33 ^ clkbuf_1_1__f_clk/X (sky130_fd_sc_hd__clkbuf_16)
     7    0.03                           clknet_1_1__leaf_clk (net)
                  0.05    0.00    0.33 ^ _479_/CLK (sky130_fd_sc_hd__dfrtp_1)
                          0.25    0.58   clock uncertainty
                          0.00    0.58   clock reconvergence pessimism
                          0.35    0.93   library removal time
                                  0.93   data required time
-----------------------------------------------------------------------------
                                  0.93   data required time
                                 -5.39   data arrival time
-----------------------------------------------------------------------------
                                  4.46   slack (MET)


Startpoint: rst_n (input port clocked by clk)
Endpoint: _482_ (removal check against rising-edge clock clk)
Path Group: asynchronous
Path Type: min
Corner: Typical

Fanout     Cap    Slew   Delay    Time   Description
-----------------------------------------------------------------------------
                          0.00    0.00   clock clk (rise edge)
                          0.00    0.00   clock network delay (propagated)
                          5.00    5.00 ^ input external delay
                  0.02    0.01    5.01 ^ rst_n (in)
     1    0.00                           rst_n (net)
                  0.02    0.00    5.01 ^ input10/A (sky130_fd_sc_hd__clkbuf_2)
                  0.14    0.16    5.17 ^ input10/X (sky130_fd_sc_hd__clkbuf_2)
     5    0.02                           net10 (net)
                  0.14    0.00    5.17 ^ fanout39/A (sky130_fd_sc_hd__buf_4)
                  0.17    0.22    5.39 ^ fanout39/X (sky130_fd_sc_hd__buf_4)
    10    0.06                           net39 (net)
                  0.17    0.00    5.39 ^ _482_/RESET_B (sky130_fd_sc_hd__dfrtp_1)
                                  5.39   data arrival time

                          0.00    0.00   clock clk (rise edge)
                          0.00    0.00   clock source latency
                  0.07    0.05    0.05 ^ clk (in)
     1    0.01                           clk (net)
                  0.07    0.00    0.05 ^ clkbuf_0_clk/A (sky130_fd_sc_hd__clkbuf_16)
                  0.04    0.14    0.19 ^ clkbuf_0_clk/X (sky130_fd_sc_hd__clkbuf_16)
     2    0.02                           clknet_0_clk (net)
                  0.04    0.00    0.19 ^ clkbuf_1_1__f_clk/A (sky130_fd_sc_hd__clkbuf_16)
                  0.05    0.14    0.33 ^ clkbuf_1_1__f_clk/X (sky130_fd_sc_hd__clkbuf_16)
     7    0.03                           clknet_1_1__leaf_clk (net)
                  0.05    0.00    0.33 ^ _482_/CLK (sky130_fd_sc_hd__dfrtp_1)
                          0.25    0.58   clock uncertainty
                          0.00    0.58   clock reconvergence pessimism
                          0.35    0.93   library removal time
                                  0.93   data required time
-----------------------------------------------------------------------------
                                  0.93   data required time
                                 -5.39   data arrival time
-----------------------------------------------------------------------------
                                  4.46   slack (MET)


Startpoint: rst_n (input port clocked by clk)
Endpoint: _483_ (removal check against rising-edge clock clk)
Path Group: asynchronous
Path Type: min
Corner: Typical

Fanout     Cap    Slew   Delay    Time   Description
-----------------------------------------------------------------------------
                          0.00    0.00   clock clk (rise edge)
                          0.00    0.00   clock network delay (propagated)
                          5.00    5.00 ^ input external delay
                  0.02    0.01    5.01 ^ rst_n (in)
     1    0.00                           rst_n (net)
                  0.02    0.00    5.01 ^ input10/A (sky130_fd_sc_hd__clkbuf_2)
                  0.14    0.16    5.17 ^ input10/X (sky130_fd_sc_hd__clkbuf_2)
     5    0.02                           net10 (net)
                  0.14    0.00    5.17 ^ fanout39/A (sky130_fd_sc_hd__buf_4)
                  0.17    0.22    5.39 ^ fanout39/X (sky130_fd_sc_hd__buf_4)
    10    0.06                           net39 (net)
                  0.17    0.00    5.39 ^ _483_/RESET_B (sky130_fd_sc_hd__dfrtp_1)
                                  5.39   data arrival time

                          0.00    0.00   clock clk (rise edge)
                          0.00    0.00   clock source latency
                  0.07    0.05    0.05 ^ clk (in)
     1    0.01                           clk (net)
                  0.07    0.00    0.05 ^ clkbuf_0_clk/A (sky130_fd_sc_hd__clkbuf_16)
                  0.04    0.14    0.19 ^ clkbuf_0_clk/X (sky130_fd_sc_hd__clkbuf_16)
     2    0.02                           clknet_0_clk (net)
                  0.04    0.00    0.19 ^ clkbuf_1_1__f_clk/A (sky130_fd_sc_hd__clkbuf_16)
                  0.05    0.14    0.33 ^ clkbuf_1_1__f_clk/X (sky130_fd_sc_hd__clkbuf_16)
     7    0.03                           clknet_1_1__leaf_clk (net)
                  0.05    0.00    0.33 ^ _483_/CLK (sky130_fd_sc_hd__dfrtp_1)
                          0.25    0.58   clock uncertainty
                          0.00    0.58   clock reconvergence pessimism
                          0.35    0.93   library removal time
                                  0.93   data required time
-----------------------------------------------------------------------------
                                  0.93   data required time
                                 -5.39   data arrival time
-----------------------------------------------------------------------------
                                  4.46   slack (MET)


Startpoint: rst_n (input port clocked by clk)
Endpoint: _480_ (removal check against rising-edge clock clk)
Path Group: asynchronous
Path Type: min
Corner: Typical

Fanout     Cap    Slew   Delay    Time   Description
-----------------------------------------------------------------------------
                          0.00    0.00   clock clk (rise edge)
                          0.00    0.00   clock network delay (propagated)
                          5.00    5.00 ^ input external delay
                  0.02    0.01    5.01 ^ rst_n (in)
     1    0.00                           rst_n (net)
                  0.02    0.00    5.01 ^ input10/A (sky130_fd_sc_hd__clkbuf_2)
                  0.14    0.16    5.17 ^ input10/X (sky130_fd_sc_hd__clkbuf_2)
     5    0.02                           net10 (net)
                  0.14    0.00    5.17 ^ fanout39/A (sky130_fd_sc_hd__buf_4)
                  0.17    0.22    5.39 ^ fanout39/X (sky130_fd_sc_hd__buf_4)
    10    0.06                           net39 (net)
                  0.17    0.00    5.39 ^ _480_/RESET_B (sky130_fd_sc_hd__dfrtp_1)
                                  5.39   data arrival time

                          0.00    0.00   clock clk (rise edge)
                          0.00    0.00   clock source latency
                  0.07    0.05    0.05 ^ clk (in)
     1    0.01                           clk (net)
                  0.07    0.00    0.05 ^ clkbuf_0_clk/A (sky130_fd_sc_hd__clkbuf_16)
                  0.04    0.14    0.19 ^ clkbuf_0_clk/X (sky130_fd_sc_hd__clkbuf_16)
     2    0.02                           clknet_0_clk (net)
                  0.04    0.00    0.19 ^ clkbuf_1_1__f_clk/A (sky130_fd_sc_hd__clkbuf_16)
                  0.05    0.14    0.33 ^ clkbuf_1_1__f_clk/X (sky130_fd_sc_hd__clkbuf_16)
     7    0.03                           clknet_1_1__leaf_clk (net)
                  0.05    0.00    0.33 ^ _480_/CLK (sky130_fd_sc_hd__dfrtp_1)
                          0.25    0.58   clock uncertainty
                          0.00    0.58   clock reconvergence pessimism
                          0.35    0.93   library removal time
                                  0.93   data required time
-----------------------------------------------------------------------------
                                  0.93   data required time
                                 -5.39   data arrival time
-----------------------------------------------------------------------------
                                  4.46   slack (MET)


Startpoint: rst_n (input port clocked by clk)
Endpoint: _478_ (removal check against rising-edge clock clk)
Path Group: asynchronous
Path Type: min
Corner: Typical

Fanout     Cap    Slew   Delay    Time   Description
-----------------------------------------------------------------------------
                          0.00    0.00   clock clk (rise edge)
                          0.00    0.00   clock network delay (propagated)
                          5.00    5.00 ^ input external delay
                  0.02    0.01    5.01 ^ rst_n (in)
     1    0.00                           rst_n (net)
                  0.02    0.00    5.01 ^ input10/A (sky130_fd_sc_hd__clkbuf_2)
                  0.14    0.16    5.17 ^ input10/X (sky130_fd_sc_hd__clkbuf_2)
     5    0.02                           net10 (net)
                  0.14    0.00    5.17 ^ fanout39/A (sky130_fd_sc_hd__buf_4)
                  0.17    0.22    5.39 ^ fanout39/X (sky130_fd_sc_hd__buf_4)
    10    0.06                           net39 (net)
                  0.17    0.00    5.39 ^ _478_/RESET_B (sky130_fd_sc_hd__dfrtp_1)
                                  5.39   data arrival time

                          0.00    0.00   clock clk (rise edge)
                          0.00    0.00   clock source latency
                  0.07    0.05    0.05 ^ clk (in)
     1    0.01                           clk (net)
                  0.07    0.00    0.05 ^ clkbuf_0_clk/A (sky130_fd_sc_hd__clkbuf_16)
                  0.04    0.14    0.19 ^ clkbuf_0_clk/X (sky130_fd_sc_hd__clkbuf_16)
     2    0.02                           clknet_0_clk (net)
                  0.04    0.00    0.19 ^ clkbuf_1_1__f_clk/A (sky130_fd_sc_hd__clkbuf_16)
                  0.05    0.14    0.33 ^ clkbuf_1_1__f_clk/X (sky130_fd_sc_hd__clkbuf_16)
     7    0.03                           clknet_1_1__leaf_clk (net)
                  0.05    0.00    0.33 ^ _478_/CLK (sky130_fd_sc_hd__dfrtp_1)
                          0.25    0.58   clock uncertainty
                          0.00    0.58   clock reconvergence pessimism
                          0.35    0.93   library removal time
                                  0.93   data required time
-----------------------------------------------------------------------------
                                  0.93   data required time
                                 -5.39   data arrival time
-----------------------------------------------------------------------------
                                  4.46   slack (MET)


Startpoint: rst_n (input port clocked by clk)
Endpoint: _491_ (removal check against rising-edge clock clk)
Path Group: asynchronous
Path Type: min
Corner: Typical

Fanout     Cap    Slew   Delay    Time   Description
-----------------------------------------------------------------------------
                          0.00    0.00   clock clk (rise edge)
                          0.00    0.00   clock network delay (propagated)
                          5.00    5.00 ^ input external delay
                  0.02    0.01    5.01 ^ rst_n (in)
     1    0.00                           rst_n (net)
                  0.02    0.00    5.01 ^ input10/A (sky130_fd_sc_hd__clkbuf_2)
                  0.14    0.16    5.17 ^ input10/X (sky130_fd_sc_hd__clkbuf_2)
     5    0.02                           net10 (net)
                  0.14    0.00    5.17 ^ fanout39/A (sky130_fd_sc_hd__buf_4)
                  0.17    0.22    5.39 ^ fanout39/X (sky130_fd_sc_hd__buf_4)
    10    0.06                           net39 (net)
                  0.17    0.01    5.39 ^ _491_/RESET_B (sky130_fd_sc_hd__dfrtp_1)
                                  5.39   data arrival time

                          0.00    0.00   clock clk (rise edge)
                          0.00    0.00   clock source latency
                  0.07    0.05    0.05 ^ clk (in)
     1    0.01                           clk (net)
                  0.07    0.00    0.05 ^ clkbuf_0_clk/A (sky130_fd_sc_hd__clkbuf_16)
                  0.04    0.14    0.19 ^ clkbuf_0_clk/X (sky130_fd_sc_hd__clkbuf_16)
     2    0.02                           clknet_0_clk (net)
                  0.04    0.00    0.19 ^ clkbuf_1_0__f_clk/A (sky130_fd_sc_hd__clkbuf_16)
                  0.05    0.14    0.33 ^ clkbuf_1_0__f_clk/X (sky130_fd_sc_hd__clkbuf_16)
     7    0.03                           clknet_1_0__leaf_clk (net)
                  0.05    0.00    0.33 ^ _491_/CLK (sky130_fd_sc_hd__dfrtp_1)
                          0.25    0.58   clock uncertainty
                          0.00    0.58   clock reconvergence pessimism
                          0.35    0.93   library removal time
                                  0.93   data required time
-----------------------------------------------------------------------------
                                  0.93   data required time
                                 -5.39   data arrival time
-----------------------------------------------------------------------------
                                  4.46   slack (MET)


Startpoint: rst_n (input port clocked by clk)
Endpoint: _489_ (removal check against rising-edge clock clk)
Path Group: asynchronous
Path Type: min
Corner: Typical

Fanout     Cap    Slew   Delay    Time   Description
-----------------------------------------------------------------------------
                          0.00    0.00   clock clk (rise edge)
                          0.00    0.00   clock network delay (propagated)
                          5.00    5.00 ^ input external delay
                  0.02    0.01    5.01 ^ rst_n (in)
     1    0.00                           rst_n (net)
                  0.02    0.00    5.01 ^ input10/A (sky130_fd_sc_hd__clkbuf_2)
                  0.14    0.16    5.17 ^ input10/X (sky130_fd_sc_hd__clkbuf_2)
     5    0.02                           net10 (net)
                  0.14    0.00    5.17 ^ fanout39/A (sky130_fd_sc_hd__buf_4)
                  0.17    0.22    5.39 ^ fanout39/X (sky130_fd_sc_hd__buf_4)
    10    0.06                           net39 (net)
                  0.17    0.00    5.39 ^ _489_/RESET_B (sky130_fd_sc_hd__dfrtp_1)
                                  5.39   data arrival time

                          0.00    0.00   clock clk (rise edge)
                          0.00    0.00   clock source latency
                  0.07    0.05    0.05 ^ clk (in)
     1    0.01                           clk (net)
                  0.07    0.00    0.05 ^ clkbuf_0_clk/A (sky130_fd_sc_hd__clkbuf_16)
                  0.04    0.14    0.19 ^ clkbuf_0_clk/X (sky130_fd_sc_hd__clkbuf_16)
     2    0.02                           clknet_0_clk (net)
                  0.04    0.00    0.19 ^ clkbuf_1_0__f_clk/A (sky130_fd_sc_hd__clkbuf_16)
                  0.05    0.14    0.33 ^ clkbuf_1_0__f_clk/X (sky130_fd_sc_hd__clkbuf_16)
     7    0.03                           clknet_1_0__leaf_clk (net)
                  0.05    0.00    0.33 ^ _489_/CLK (sky130_fd_sc_hd__dfrtp_1)
                          0.25    0.58   clock uncertainty
                          0.00    0.58   clock reconvergence pessimism
                          0.35    0.93   library removal time
                                  0.93   data required time
-----------------------------------------------------------------------------
                                  0.93   data required time
                                 -5.39   data arrival time
-----------------------------------------------------------------------------
                                  4.46   slack (MET)


Startpoint: rst_n (input port clocked by clk)
Endpoint: _490_ (removal check against rising-edge clock clk)
Path Group: asynchronous
Path Type: min
Corner: Typical

Fanout     Cap    Slew   Delay    Time   Description
-----------------------------------------------------------------------------
                          0.00    0.00   clock clk (rise edge)
                          0.00    0.00   clock network delay (propagated)
                          5.00    5.00 ^ input external delay
                  0.02    0.01    5.01 ^ rst_n (in)
     1    0.00                           rst_n (net)
                  0.02    0.00    5.01 ^ input10/A (sky130_fd_sc_hd__clkbuf_2)
                  0.14    0.16    5.17 ^ input10/X (sky130_fd_sc_hd__clkbuf_2)
     5    0.02                           net10 (net)
                  0.14    0.00    5.17 ^ fanout39/A (sky130_fd_sc_hd__buf_4)
                  0.17    0.22    5.39 ^ fanout39/X (sky130_fd_sc_hd__buf_4)
    10    0.06                           net39 (net)
                  0.17    0.01    5.39 ^ _490_/RESET_B (sky130_fd_sc_hd__dfrtp_1)
                                  5.39   data arrival time

                          0.00    0.00   clock clk (rise edge)
                          0.00    0.00   clock source latency
                  0.07    0.05    0.05 ^ clk (in)
     1    0.01                           clk (net)
                  0.07    0.00    0.05 ^ clkbuf_0_clk/A (sky130_fd_sc_hd__clkbuf_16)
                  0.04    0.14    0.19 ^ clkbuf_0_clk/X (sky130_fd_sc_hd__clkbuf_16)
     2    0.02                           clknet_0_clk (net)
                  0.04    0.00    0.19 ^ clkbuf_1_0__f_clk/A (sky130_fd_sc_hd__clkbuf_16)
                  0.05    0.14    0.33 ^ clkbuf_1_0__f_clk/X (sky130_fd_sc_hd__clkbuf_16)
     7    0.03                           clknet_1_0__leaf_clk (net)
                  0.05    0.00    0.33 ^ _490_/CLK (sky130_fd_sc_hd__dfrtp_1)
                          0.25    0.58   clock uncertainty
                          0.00    0.58   clock reconvergence pessimism
                          0.35    0.93   library removal time
                                  0.93   data required time
-----------------------------------------------------------------------------
                                  0.93   data required time
                                 -5.39   data arrival time
-----------------------------------------------------------------------------
                                  4.46   slack (MET)


Startpoint: rst_n (input port clocked by clk)
Endpoint: _484_ (removal check against rising-edge clock clk)
Path Group: asynchronous
Path Type: min
Corner: Typical

Fanout     Cap    Slew   Delay    Time   Description
-----------------------------------------------------------------------------
                          0.00    0.00   clock clk (rise edge)
                          0.00    0.00   clock network delay (propagated)
                          5.00    5.00 ^ input external delay
                  0.02    0.01    5.01 ^ rst_n (in)
     1    0.00                           rst_n (net)
                  0.02    0.00    5.01 ^ input10/A (sky130_fd_sc_hd__clkbuf_2)
                  0.14    0.16    5.17 ^ input10/X (sky130_fd_sc_hd__clkbuf_2)
     5    0.02                           net10 (net)
                  0.14    0.00    5.17 ^ fanout39/A (sky130_fd_sc_hd__buf_4)
                  0.17    0.22    5.39 ^ fanout39/X (sky130_fd_sc_hd__buf_4)
    10    0.06                           net39 (net)
                  0.17    0.01    5.39 ^ _484_/RESET_B (sky130_fd_sc_hd__dfrtp_1)
                                  5.39   data arrival time

                          0.00    0.00   clock clk (rise edge)
                          0.00    0.00   clock source latency
                  0.07    0.05    0.05 ^ clk (in)
     1    0.01                           clk (net)
                  0.07    0.00    0.05 ^ clkbuf_0_clk/A (sky130_fd_sc_hd__clkbuf_16)
                  0.04    0.14    0.19 ^ clkbuf_0_clk/X (sky130_fd_sc_hd__clkbuf_16)
     2    0.02                           clknet_0_clk (net)
                  0.04    0.00    0.19 ^ clkbuf_1_0__f_clk/A (sky130_fd_sc_hd__clkbuf_16)
                  0.05    0.14    0.33 ^ clkbuf_1_0__f_clk/X (sky130_fd_sc_hd__clkbuf_16)
     7    0.03                           clknet_1_0__leaf_clk (net)
                  0.05    0.00    0.33 ^ _484_/CLK (sky130_fd_sc_hd__dfrtp_1)
                          0.25    0.58   clock uncertainty
                          0.00    0.58   clock reconvergence pessimism
                          0.35    0.93   library removal time
                                  0.93   data required time
-----------------------------------------------------------------------------
                                  0.93   data required time
                                 -5.39   data arrival time
-----------------------------------------------------------------------------
                                  4.46   slack (MET)


Startpoint: valid_in (input port clocked by clk)
Endpoint: _479_ (rising edge-triggered flip-flop clocked by clk)
Path Group: clk
Path Type: min
Corner: Typical

Fanout     Cap    Slew   Delay    Time   Description
-----------------------------------------------------------------------------
                          0.00    0.00   clock clk (rise edge)
                          0.00    0.00   clock network delay (propagated)
                          5.00    5.00 v input external delay
                  0.01    0.00    5.00 v valid_in (in)
     1    0.00                           valid_in (net)
                  0.01    0.00    5.00 v input23/A (sky130_fd_sc_hd__buf_1)
                  0.11    0.14    5.14 v input23/X (sky130_fd_sc_hd__buf_1)
     2    0.02                           net23 (net)
                  0.11    0.00    5.14 v _479_/D (sky130_fd_sc_hd__dfrtp_1)
                                  5.14   data arrival time

                          0.00    0.00   clock clk (rise edge)
                          0.00    0.00   clock source latency
                  0.07    0.05    0.05 ^ clk (in)
     1    0.01                           clk (net)
                  0.07    0.00    0.05 ^ clkbuf_0_clk/A (sky130_fd_sc_hd__clkbuf_16)
                  0.04    0.14    0.19 ^ clkbuf_0_clk/X (sky130_fd_sc_hd__clkbuf_16)
     2    0.02                           clknet_0_clk (net)
                  0.04    0.00    0.19 ^ clkbuf_1_1__f_clk/A (sky130_fd_sc_hd__clkbuf_16)
                  0.05    0.14    0.33 ^ clkbuf_1_1__f_clk/X (sky130_fd_sc_hd__clkbuf_16)
     7    0.03                           clknet_1_1__leaf_clk (net)
                  0.05    0.00    0.33 ^ _479_/CLK (sky130_fd_sc_hd__dfrtp_1)
                          0.25    0.58   clock uncertainty
                          0.00    0.58   clock reconvergence pessimism
                         -0.07    0.50   library hold time
                                  0.50   data required time
-----------------------------------------------------------------------------
                                  0.50   data required time
                                 -5.14   data arrival time
-----------------------------------------------------------------------------
                                  4.64   slack (MET)


Startpoint: _479_ (rising edge-triggered flip-flop clocked by clk)
Endpoint: valid_out (output port clocked by clk)
Path Group: clk
Path Type: min
Corner: Typical

Fanout     Cap    Slew   Delay    Time   Description
-----------------------------------------------------------------------------
                          0.00    0.00   clock clk (rise edge)
                          0.00    0.00   clock source latency
                  0.07    0.04    0.04 ^ clk (in)
     1    0.01                           clk (net)
                  0.07    0.00    0.04 ^ clkbuf_0_clk/A (sky130_fd_sc_hd__clkbuf_16)
                  0.04    0.13    0.17 ^ clkbuf_0_clk/X (sky130_fd_sc_hd__clkbuf_16)
     2    0.02                           clknet_0_clk (net)
                  0.04    0.00    0.17 ^ clkbuf_1_1__f_clk/A (sky130_fd_sc_hd__clkbuf_16)
                  0.05    0.13    0.30 ^ clkbuf_1_1__f_clk/X (sky130_fd_sc_hd__clkbuf_16)
     7    0.03                           clknet_1_1__leaf_clk (net)
                  0.05    0.00    0.30 ^ _479_/CLK (sky130_fd_sc_hd__dfrtp_1)
                  0.05    0.31    0.60 ^ _479_/Q (sky130_fd_sc_hd__dfrtp_1)
     1    0.00                           net37 (net)
                  0.05    0.00    0.60 ^ output37/A (sky130_fd_sc_hd__clkbuf_4)
                  0.11    0.18    0.78 ^ output37/X (sky130_fd_sc_hd__clkbuf_4)
     1    0.03                           valid_out (net)
                  0.11    0.00    0.78 ^ valid_out (out)
                                  0.78   data arrival time

                          0.00    0.00   clock clk (rise edge)
                          0.00    0.00   clock network delay (propagated)
                          0.25    0.25   clock uncertainty
                          0.00    0.25   clock reconvergence pessimism
                         -5.00   -4.75   output external delay
                                 -4.75   data required time
-----------------------------------------------------------------------------
                                 -4.75   data required time
                                 -0.78   data arrival time
-----------------------------------------------------------------------------
                                  5.53   slack (MET)


Startpoint: _480_ (rising edge-triggered flip-flop clocked by clk)
Endpoint: int4_out[0] (output port clocked by clk)
Path Group: clk
Path Type: min
Corner: Typical

Fanout     Cap    Slew   Delay    Time   Description
-----------------------------------------------------------------------------
                          0.00    0.00   clock clk (rise edge)
                          0.00    0.00   clock source latency
                  0.07    0.04    0.04 ^ clk (in)
     1    0.01                           clk (net)
                  0.07    0.00    0.04 ^ clkbuf_0_clk/A (sky130_fd_sc_hd__clkbuf_16)
                  0.04    0.13    0.17 ^ clkbuf_0_clk/X (sky130_fd_sc_hd__clkbuf_16)
     2    0.02                           clknet_0_clk (net)
                  0.04    0.00    0.17 ^ clkbuf_1_1__f_clk/A (sky130_fd_sc_hd__clkbuf_16)
                  0.05    0.13    0.30 ^ clkbuf_1_1__f_clk/X (sky130_fd_sc_hd__clkbuf_16)
     7    0.03                           clknet_1_1__leaf_clk (net)
                  0.05    0.00    0.30 ^ _480_/CLK (sky130_fd_sc_hd__dfrtp_1)
                  0.06    0.31    0.61 ^ _480_/Q (sky130_fd_sc_hd__dfrtp_1)
     2    0.00                           net24 (net)
                  0.06    0.00    0.61 ^ output24/A (sky130_fd_sc_hd__clkbuf_4)
                  0.11    0.18    0.79 ^ output24/X (sky130_fd_sc_hd__clkbuf_4)
     1    0.03                           int4_out[0] (net)
                  0.11    0.00    0.79 ^ int4_out[0] (out)
                                  0.79   data arrival time

                          0.00    0.00   clock clk (rise edge)
                          0.00    0.00   clock network delay (propagated)
                          0.25    0.25   clock uncertainty
                          0.00    0.25   clock reconvergence pessimism
                         -5.00   -4.75   output external delay
                                 -4.75   data required time
-----------------------------------------------------------------------------
                                 -4.75   data required time
                                 -0.79   data arrival time
-----------------------------------------------------------------------------
                                  5.54   slack (MET)


Startpoint: _478_ (rising edge-triggered flip-flop clocked by clk)
Endpoint: is_outlier (output port clocked by clk)
Path Group: clk
Path Type: min
Corner: Typical

Fanout     Cap    Slew   Delay    Time   Description
-----------------------------------------------------------------------------
                          0.00    0.00   clock clk (rise edge)
                          0.00    0.00   clock source latency
                  0.07    0.04    0.04 ^ clk (in)
     1    0.01                           clk (net)
                  0.07    0.00    0.04 ^ clkbuf_0_clk/A (sky130_fd_sc_hd__clkbuf_16)
                  0.04    0.13    0.17 ^ clkbuf_0_clk/X (sky130_fd_sc_hd__clkbuf_16)
     2    0.02                           clknet_0_clk (net)
                  0.04    0.00    0.17 ^ clkbuf_1_1__f_clk/A (sky130_fd_sc_hd__clkbuf_16)
                  0.05    0.13    0.30 ^ clkbuf_1_1__f_clk/X (sky130_fd_sc_hd__clkbuf_16)
     7    0.03                           clknet_1_1__leaf_clk (net)
                  0.05    0.00    0.30 ^ _478_/CLK (sky130_fd_sc_hd__dfrtp_1)
                  0.06    0.31    0.61 ^ _478_/Q (sky130_fd_sc_hd__dfrtp_1)
     2    0.00                           net28 (net)
                  0.06    0.00    0.61 ^ output28/A (sky130_fd_sc_hd__clkbuf_4)
                  0.11    0.18    0.79 ^ output28/X (sky130_fd_sc_hd__clkbuf_4)
     1    0.03                           is_outlier (net)
                  0.11    0.00    0.79 ^ is_outlier (out)
                                  0.79   data arrival time

                          0.00    0.00   clock clk (rise edge)
                          0.00    0.00   clock network delay (propagated)
                          0.25    0.25   clock uncertainty
                          0.00    0.25   clock reconvergence pessimism
                         -5.00   -4.75   output external delay
                                 -4.75   data required time
-----------------------------------------------------------------------------
                                 -4.75   data required time
                                 -0.79   data arrival time
-----------------------------------------------------------------------------
                                  5.54   slack (MET)


Startpoint: _491_ (rising edge-triggered flip-flop clocked by clk)
Endpoint: sideband_out[7] (output port clocked by clk)
Path Group: clk
Path Type: min
Corner: Typical

Fanout     Cap    Slew   Delay    Time   Description
-----------------------------------------------------------------------------
                          0.00    0.00   clock clk (rise edge)
                          0.00    0.00   clock source latency
                  0.07    0.04    0.04 ^ clk (in)
     1    0.01                           clk (net)
                  0.07    0.00    0.04 ^ clkbuf_0_clk/A (sky130_fd_sc_hd__clkbuf_16)
                  0.04    0.13    0.17 ^ clkbuf_0_clk/X (sky130_fd_sc_hd__clkbuf_16)
     2    0.02                           clknet_0_clk (net)
                  0.04    0.00    0.17 ^ clkbuf_1_0__f_clk/A (sky130_fd_sc_hd__clkbuf_16)
                  0.05    0.12    0.29 ^ clkbuf_1_0__f_clk/X (sky130_fd_sc_hd__clkbuf_16)
     7    0.03                           clknet_1_0__leaf_clk (net)
                  0.05    0.00    0.30 ^ _491_/CLK (sky130_fd_sc_hd__dfrtp_1)
                  0.06    0.32    0.61 ^ _491_/Q (sky130_fd_sc_hd__dfrtp_1)
     2    0.01                           net36 (net)
                  0.06    0.00    0.61 ^ output36/A (sky130_fd_sc_hd__clkbuf_4)
                  0.11    0.18    0.79 ^ output36/X (sky130_fd_sc_hd__clkbuf_4)
     1    0.03                           sideband_out[7] (net)
                  0.11    0.00    0.79 ^ sideband_out[7] (out)
                                  0.79   data arrival time

                          0.00    0.00   clock clk (rise edge)
                          0.00    0.00   clock network delay (propagated)
                          0.25    0.25   clock uncertainty
                          0.00    0.25   clock reconvergence pessimism
                         -5.00   -4.75   output external delay
                                 -4.75   data required time
-----------------------------------------------------------------------------
                                 -4.75   data required time
                                 -0.79   data arrival time
-----------------------------------------------------------------------------
                                  5.54   slack (MET)


Startpoint: _481_ (rising edge-triggered flip-flop clocked by clk)
Endpoint: int4_out[1] (output port clocked by clk)
Path Group: clk
Path Type: min
Corner: Typical

Fanout     Cap    Slew   Delay    Time   Description
-----------------------------------------------------------------------------
                          0.00    0.00   clock clk (rise edge)
                          0.00    0.00   clock source latency
                  0.07    0.04    0.04 ^ clk (in)
     1    0.01                           clk (net)
                  0.07    0.00    0.04 ^ clkbuf_0_clk/A (sky130_fd_sc_hd__clkbuf_16)
                  0.04    0.13    0.17 ^ clkbuf_0_clk/X (sky130_fd_sc_hd__clkbuf_16)
     2    0.02                           clknet_0_clk (net)
                  0.04    0.00    0.17 ^ clkbuf_1_1__f_clk/A (sky130_fd_sc_hd__clkbuf_16)
                  0.05    0.13    0.30 ^ clkbuf_1_1__f_clk/X (sky130_fd_sc_hd__clkbuf_16)
     7    0.03                           clknet_1_1__leaf_clk (net)
                  0.05    0.00    0.30 ^ _481_/CLK (sky130_fd_sc_hd__dfrtp_1)
                  0.07    0.32    0.62 ^ _481_/Q (sky130_fd_sc_hd__dfrtp_1)
     2    0.01                           net25 (net)
                  0.07    0.00    0.62 ^ output25/A (sky130_fd_sc_hd__clkbuf_4)
                  0.11    0.18    0.80 ^ output25/X (sky130_fd_sc_hd__clkbuf_4)
     1    0.03                           int4_out[1] (net)
                  0.11    0.00    0.80 ^ int4_out[1] (out)
                                  0.80   data arrival time

                          0.00    0.00   clock clk (rise edge)
                          0.00    0.00   clock network delay (propagated)
                          0.25    0.25   clock uncertainty
                          0.00    0.25   clock reconvergence pessimism
                         -5.00   -4.75   output external delay
                                 -4.75   data required time
-----------------------------------------------------------------------------
                                 -4.75   data required time
                                 -0.80   data arrival time
-----------------------------------------------------------------------------
                                  5.55   slack (MET)


Startpoint: _484_ (rising edge-triggered flip-flop clocked by clk)
Endpoint: sideband_out[0] (output port clocked by clk)
Path Group: clk
Path Type: min
Corner: Typical

Fanout     Cap    Slew   Delay    Time   Description
-----------------------------------------------------------------------------
                          0.00    0.00   clock clk (rise edge)
                          0.00    0.00   clock source latency
                  0.07    0.04    0.04 ^ clk (in)
     1    0.01                           clk (net)
                  0.07    0.00    0.04 ^ clkbuf_0_clk/A (sky130_fd_sc_hd__clkbuf_16)
                  0.04    0.13    0.17 ^ clkbuf_0_clk/X (sky130_fd_sc_hd__clkbuf_16)
     2    0.02                           clknet_0_clk (net)
                  0.04    0.00    0.17 ^ clkbuf_1_0__f_clk/A (sky130_fd_sc_hd__clkbuf_16)
                  0.05    0.12    0.29 ^ clkbuf_1_0__f_clk/X (sky130_fd_sc_hd__clkbuf_16)
     7    0.03                           clknet_1_0__leaf_clk (net)
                  0.05    0.00    0.30 ^ _484_/CLK (sky130_fd_sc_hd__dfrtp_1)
                  0.07    0.32    0.62 ^ _484_/Q (sky130_fd_sc_hd__dfrtp_1)
     2    0.01                           net29 (net)
                  0.07    0.00    0.62 ^ output29/A (sky130_fd_sc_hd__clkbuf_4)
                  0.11    0.18    0.80 ^ output29/X (sky130_fd_sc_hd__clkbuf_4)
     1    0.03                           sideband_out[0] (net)
                  0.11    0.00    0.80 ^ sideband_out[0] (out)
                                  0.80   data arrival time

                          0.00    0.00   clock clk (rise edge)
                          0.00    0.00   clock network delay (propagated)
                          0.25    0.25   clock uncertainty
                          0.00    0.25   clock reconvergence pessimism
                         -5.00   -4.75   output external delay
                                 -4.75   data required time
-----------------------------------------------------------------------------
                                 -4.75   data required time
                                 -0.80   data arrival time
-----------------------------------------------------------------------------
                                  5.55   slack (MET)


Startpoint: _483_ (rising edge-triggered flip-flop clocked by clk)
Endpoint: int4_out[3] (output port clocked by clk)
Path Group: clk
Path Type: min
Corner: Typical

Fanout     Cap    Slew   Delay    Time   Description
-----------------------------------------------------------------------------
                          0.00    0.00   clock clk (rise edge)
                          0.00    0.00   clock source latency
                  0.07    0.04    0.04 ^ clk (in)
     1    0.01                           clk (net)
                  0.07    0.00    0.04 ^ clkbuf_0_clk/A (sky130_fd_sc_hd__clkbuf_16)
                  0.04    0.13    0.17 ^ clkbuf_0_clk/X (sky130_fd_sc_hd__clkbuf_16)
     2    0.02                           clknet_0_clk (net)
                  0.04    0.00    0.17 ^ clkbuf_1_1__f_clk/A (sky130_fd_sc_hd__clkbuf_16)
                  0.05    0.13    0.30 ^ clkbuf_1_1__f_clk/X (sky130_fd_sc_hd__clkbuf_16)
     7    0.03                           clknet_1_1__leaf_clk (net)
                  0.05    0.00    0.30 ^ _483_/CLK (sky130_fd_sc_hd__dfrtp_1)
                  0.07    0.32    0.62 ^ _483_/Q (sky130_fd_sc_hd__dfrtp_1)
     2    0.01                           net27 (net)
                  0.07    0.00    0.62 ^ output27/A (sky130_fd_sc_hd__clkbuf_4)
                  0.11    0.18    0.80 ^ output27/X (sky130_fd_sc_hd__clkbuf_4)
     1    0.03                           int4_out[3] (net)
                  0.11    0.00    0.80 ^ int4_out[3] (out)
                                  0.80   data arrival time

                          0.00    0.00   clock clk (rise edge)
                          0.00    0.00   clock network delay (propagated)
                          0.25    0.25   clock uncertainty
                          0.00    0.25   clock reconvergence pessimism
                         -5.00   -4.75   output external delay
                                 -4.75   data required time
-----------------------------------------------------------------------------
                                 -4.75   data required time
                                 -0.80   data arrival time
-----------------------------------------------------------------------------
                                  5.55   slack (MET)


Startpoint: _482_ (rising edge-triggered flip-flop clocked by clk)
Endpoint: int4_out[2] (output port clocked by clk)
Path Group: clk
Path Type: min
Corner: Typical

Fanout     Cap    Slew   Delay    Time   Description
-----------------------------------------------------------------------------
                          0.00    0.00   clock clk (rise edge)
                          0.00    0.00   clock source latency
                  0.07    0.04    0.04 ^ clk (in)
     1    0.01                           clk (net)
                  0.07    0.00    0.04 ^ clkbuf_0_clk/A (sky130_fd_sc_hd__clkbuf_16)
                  0.04    0.13    0.17 ^ clkbuf_0_clk/X (sky130_fd_sc_hd__clkbuf_16)
     2    0.02                           clknet_0_clk (net)
                  0.04    0.00    0.17 ^ clkbuf_1_1__f_clk/A (sky130_fd_sc_hd__clkbuf_16)
                  0.05    0.13    0.30 ^ clkbuf_1_1__f_clk/X (sky130_fd_sc_hd__clkbuf_16)
     7    0.03                           clknet_1_1__leaf_clk (net)
                  0.05    0.00    0.30 ^ _482_/CLK (sky130_fd_sc_hd__dfrtp_1)
                  0.07    0.32    0.62 ^ _482_/Q (sky130_fd_sc_hd__dfrtp_1)
     2    0.01                           net26 (net)
                  0.07    0.00    0.62 ^ output26/A (sky130_fd_sc_hd__clkbuf_4)
                  0.11    0.19    0.81 ^ output26/X (sky130_fd_sc_hd__clkbuf_4)
     1    0.03                           int4_out[2] (net)
                  0.11    0.00    0.81 ^ int4_out[2] (out)
                                  0.81   data arrival time

                          0.00    0.00   clock clk (rise edge)
                          0.00    0.00   clock network delay (propagated)
                          0.25    0.25   clock uncertainty
                          0.00    0.25   clock reconvergence pessimism
                         -5.00   -4.75   output external delay
                                 -4.75   data required time
-----------------------------------------------------------------------------
                                 -4.75   data required time
                                 -0.81   data arrival time
-----------------------------------------------------------------------------
                                  5.56   slack (MET)


Startpoint: _490_ (rising edge-triggered flip-flop clocked by clk)
Endpoint: sideband_out[6] (output port clocked by clk)
Path Group: clk
Path Type: min
Corner: Typical

Fanout     Cap    Slew   Delay    Time   Description
-----------------------------------------------------------------------------
                          0.00    0.00   clock clk (rise edge)
                          0.00    0.00   clock source latency
                  0.07    0.04    0.04 ^ clk (in)
     1    0.01                           clk (net)
                  0.07    0.00    0.04 ^ clkbuf_0_clk/A (sky130_fd_sc_hd__clkbuf_16)
                  0.04    0.13    0.17 ^ clkbuf_0_clk/X (sky130_fd_sc_hd__clkbuf_16)
     2    0.02                           clknet_0_clk (net)
                  0.04    0.00    0.17 ^ clkbuf_1_0__f_clk/A (sky130_fd_sc_hd__clkbuf_16)
                  0.05    0.12    0.29 ^ clkbuf_1_0__f_clk/X (sky130_fd_sc_hd__clkbuf_16)
     7    0.03                           clknet_1_0__leaf_clk (net)
                  0.05    0.00    0.30 ^ _490_/CLK (sky130_fd_sc_hd__dfrtp_1)
                  0.08    0.33    0.62 ^ _490_/Q (sky130_fd_sc_hd__dfrtp_1)
     2    0.01                           net35 (net)
                  0.08    0.00    0.62 ^ output35/A (sky130_fd_sc_hd__clkbuf_4)
                  0.11    0.19    0.81 ^ output35/X (sky130_fd_sc_hd__clkbuf_4)
     1    0.03                           sideband_out[6] (net)
                  0.11    0.00    0.81 ^ sideband_out[6] (out)
                                  0.81   data arrival time

                          0.00    0.00   clock clk (rise edge)
                          0.00    0.00   clock network delay (propagated)
                          0.25    0.25   clock uncertainty
                          0.00    0.25   clock reconvergence pessimism
                         -5.00   -4.75   output external delay
                                 -4.75   data required time
-----------------------------------------------------------------------------
                                 -4.75   data required time
                                 -0.81   data arrival time
-----------------------------------------------------------------------------
                                  5.56   slack (MET)


Startpoint: _486_ (rising edge-triggered flip-flop clocked by clk)
Endpoint: sideband_out[2] (output port clocked by clk)
Path Group: clk
Path Type: min
Corner: Typical

Fanout     Cap    Slew   Delay    Time   Description
-----------------------------------------------------------------------------
                          0.00    0.00   clock clk (rise edge)
                          0.00    0.00   clock source latency
                  0.07    0.04    0.04 ^ clk (in)
     1    0.01                           clk (net)
                  0.07    0.00    0.04 ^ clkbuf_0_clk/A (sky130_fd_sc_hd__clkbuf_16)
                  0.04    0.13    0.17 ^ clkbuf_0_clk/X (sky130_fd_sc_hd__clkbuf_16)
     2    0.02                           clknet_0_clk (net)
                  0.04    0.00    0.17 ^ clkbuf_1_0__f_clk/A (sky130_fd_sc_hd__clkbuf_16)
                  0.05    0.12    0.29 ^ clkbuf_1_0__f_clk/X (sky130_fd_sc_hd__clkbuf_16)
     7    0.03                           clknet_1_0__leaf_clk (net)
                  0.05    0.00    0.30 ^ _486_/CLK (sky130_fd_sc_hd__dfrtp_1)
                  0.08    0.33    0.62 ^ _486_/Q (sky130_fd_sc_hd__dfrtp_1)
     2    0.01                           net31 (net)
                  0.08    0.00    0.62 ^ output31/A (sky130_fd_sc_hd__clkbuf_4)
                  0.11    0.19    0.81 ^ output31/X (sky130_fd_sc_hd__clkbuf_4)
     1    0.03                           sideband_out[2] (net)
                  0.11    0.00    0.81 ^ sideband_out[2] (out)
                                  0.81   data arrival time

                          0.00    0.00   clock clk (rise edge)
                          0.00    0.00   clock network delay (propagated)
                          0.25    0.25   clock uncertainty
                          0.00    0.25   clock reconvergence pessimism
                         -5.00   -4.75   output external delay
                                 -4.75   data required time
-----------------------------------------------------------------------------
                                 -4.75   data required time
                                 -0.81   data arrival time
-----------------------------------------------------------------------------
                                  5.56   slack (MET)


Startpoint: _488_ (rising edge-triggered flip-flop clocked by clk)
Endpoint: sideband_out[4] (output port clocked by clk)
Path Group: clk
Path Type: min
Corner: Typical

Fanout     Cap    Slew   Delay    Time   Description
-----------------------------------------------------------------------------
                          0.00    0.00   clock clk (rise edge)
                          0.00    0.00   clock source latency
                  0.07    0.04    0.04 ^ clk (in)
     1    0.01                           clk (net)
                  0.07    0.00    0.04 ^ clkbuf_0_clk/A (sky130_fd_sc_hd__clkbuf_16)
                  0.04    0.13    0.17 ^ clkbuf_0_clk/X (sky130_fd_sc_hd__clkbuf_16)
     2    0.02                           clknet_0_clk (net)
                  0.04    0.00    0.17 ^ clkbuf_1_0__f_clk/A (sky130_fd_sc_hd__clkbuf_16)
                  0.05    0.12    0.29 ^ clkbuf_1_0__f_clk/X (sky130_fd_sc_hd__clkbuf_16)
     7    0.03                           clknet_1_0__leaf_clk (net)
                  0.05    0.00    0.30 ^ _488_/CLK (sky130_fd_sc_hd__dfrtp_1)
                  0.07    0.32    0.62 ^ _488_/Q (sky130_fd_sc_hd__dfrtp_1)
     2    0.01                           net33 (net)
                  0.07    0.00    0.62 ^ output33/A (sky130_fd_sc_hd__buf_2)
                  0.17    0.20    0.81 ^ output33/X (sky130_fd_sc_hd__buf_2)
     1    0.03                           sideband_out[4] (net)
                  0.17    0.00    0.81 ^ sideband_out[4] (out)
                                  0.81   data arrival time

                          0.00    0.00   clock clk (rise edge)
                          0.00    0.00   clock network delay (propagated)
                          0.25    0.25   clock uncertainty
                          0.00    0.25   clock reconvergence pessimism
                         -5.00   -4.75   output external delay
                                 -4.75   data required time
-----------------------------------------------------------------------------
                                 -4.75   data required time
                                 -0.81   data arrival time
-----------------------------------------------------------------------------
                                  5.56   slack (MET)


Startpoint: _485_ (rising edge-triggered flip-flop clocked by clk)
Endpoint: sideband_out[1] (output port clocked by clk)
Path Group: clk
Path Type: min
Corner: Typical

Fanout     Cap    Slew   Delay    Time   Description
-----------------------------------------------------------------------------
                          0.00    0.00   clock clk (rise edge)
                          0.00    0.00   clock source latency
                  0.07    0.04    0.04 ^ clk (in)
     1    0.01                           clk (net)
                  0.07    0.00    0.04 ^ clkbuf_0_clk/A (sky130_fd_sc_hd__clkbuf_16)
                  0.04    0.13    0.17 ^ clkbuf_0_clk/X (sky130_fd_sc_hd__clkbuf_16)
     2    0.02                           clknet_0_clk (net)
                  0.04    0.00    0.17 ^ clkbuf_1_0__f_clk/A (sky130_fd_sc_hd__clkbuf_16)
                  0.05    0.12    0.29 ^ clkbuf_1_0__f_clk/X (sky130_fd_sc_hd__clkbuf_16)
     7    0.03                           clknet_1_0__leaf_clk (net)
                  0.05    0.00    0.30 ^ _485_/CLK (sky130_fd_sc_hd__dfrtp_1)
                  0.07    0.32    0.62 ^ _485_/Q (sky130_fd_sc_hd__dfrtp_1)
     2    0.01                           net30 (net)
                  0.07    0.00    0.62 ^ output30/A (sky130_fd_sc_hd__buf_2)
                  0.17    0.20    0.81 ^ output30/X (sky130_fd_sc_hd__buf_2)
     1    0.03                           sideband_out[1] (net)
                  0.17    0.00    0.81 ^ sideband_out[1] (out)
                                  0.81   data arrival time

                          0.00    0.00   clock clk (rise edge)
                          0.00    0.00   clock network delay (propagated)
                          0.25    0.25   clock uncertainty
                          0.00    0.25   clock reconvergence pessimism
                         -5.00   -4.75   output external delay
                                 -4.75   data required time
-----------------------------------------------------------------------------
                                 -4.75   data required time
                                 -0.81   data arrival time
-----------------------------------------------------------------------------
                                  5.56   slack (MET)


Startpoint: _489_ (rising edge-triggered flip-flop clocked by clk)
Endpoint: sideband_out[5] (output port clocked by clk)
Path Group: clk
Path Type: min
Corner: Typical

Fanout     Cap    Slew   Delay    Time   Description
-----------------------------------------------------------------------------
                          0.00    0.00   clock clk (rise edge)
                          0.00    0.00   clock source latency
                  0.07    0.04    0.04 ^ clk (in)
     1    0.01                           clk (net)
                  0.07    0.00    0.04 ^ clkbuf_0_clk/A (sky130_fd_sc_hd__clkbuf_16)
                  0.04    0.13    0.17 ^ clkbuf_0_clk/X (sky130_fd_sc_hd__clkbuf_16)
     2    0.02                           clknet_0_clk (net)
                  0.04    0.00    0.17 ^ clkbuf_1_0__f_clk/A (sky130_fd_sc_hd__clkbuf_16)
                  0.05    0.12    0.29 ^ clkbuf_1_0__f_clk/X (sky130_fd_sc_hd__clkbuf_16)
     7    0.03                           clknet_1_0__leaf_clk (net)
                  0.05    0.00    0.30 ^ _489_/CLK (sky130_fd_sc_hd__dfrtp_1)
                  0.08    0.33    0.63 ^ _489_/Q (sky130_fd_sc_hd__dfrtp_1)
     2    0.01                           net34 (net)
                  0.08    0.00    0.63 ^ output34/A (sky130_fd_sc_hd__clkbuf_4)
                  0.11    0.19    0.82 ^ output34/X (sky130_fd_sc_hd__clkbuf_4)
     1    0.03                           sideband_out[5] (net)
                  0.11    0.00    0.82 ^ sideband_out[5] (out)
                                  0.82   data arrival time

                          0.00    0.00   clock clk (rise edge)
                          0.00    0.00   clock network delay (propagated)
                          0.25    0.25   clock uncertainty
                          0.00    0.25   clock reconvergence pessimism
                         -5.00   -4.75   output external delay
                                 -4.75   data required time
-----------------------------------------------------------------------------
                                 -4.75   data required time
                                 -0.82   data arrival time
-----------------------------------------------------------------------------
                                  5.57   slack (MET)


Startpoint: _487_ (rising edge-triggered flip-flop clocked by clk)
Endpoint: sideband_out[3] (output port clocked by clk)
Path Group: clk
Path Type: min
Corner: Typical

Fanout     Cap    Slew   Delay    Time   Description
-----------------------------------------------------------------------------
                          0.00    0.00   clock clk (rise edge)
                          0.00    0.00   clock source latency
                  0.07    0.04    0.04 ^ clk (in)
     1    0.01                           clk (net)
                  0.07    0.00    0.04 ^ clkbuf_0_clk/A (sky130_fd_sc_hd__clkbuf_16)
                  0.04    0.13    0.17 ^ clkbuf_0_clk/X (sky130_fd_sc_hd__clkbuf_16)
     2    0.02                           clknet_0_clk (net)
                  0.04    0.00    0.17 ^ clkbuf_1_1__f_clk/A (sky130_fd_sc_hd__clkbuf_16)
                  0.05    0.13    0.30 ^ clkbuf_1_1__f_clk/X (sky130_fd_sc_hd__clkbuf_16)
     7    0.03                           clknet_1_1__leaf_clk (net)
                  0.05    0.00    0.30 ^ _487_/CLK (sky130_fd_sc_hd__dfrtp_1)
                  0.10    0.35    0.65 ^ _487_/Q (sky130_fd_sc_hd__dfrtp_1)
     2    0.01                           net32 (net)
                  0.10    0.00    0.65 ^ output32/A (sky130_fd_sc_hd__clkbuf_4)
                  0.11    0.20    0.84 ^ output32/X (sky130_fd_sc_hd__clkbuf_4)
     1    0.03                           sideband_out[3] (net)
                  0.11    0.00    0.84 ^ sideband_out[3] (out)
                                  0.84   data arrival time

                          0.00    0.00   clock clk (rise edge)
                          0.00    0.00   clock network delay (propagated)
                          0.25    0.25   clock uncertainty
                          0.00    0.25   clock reconvergence pessimism
                         -5.00   -4.75   output external delay
                                 -4.75   data required time
-----------------------------------------------------------------------------
                                 -4.75   data required time
                                 -0.84   data arrival time
-----------------------------------------------------------------------------
                                  5.59   slack (MET)



min_report_end
max_report

===========================================================================
report_checks -path_delay max (Setup)
============================================================================
======================= Fastest Corner ===================================

Startpoint: scale[3] (input port clocked by clk)
Endpoint: _480_ (rising edge-triggered flip-flop clocked by clk)
Path Group: clk
Path Type: max
Corner: Fastest

Fanout     Cap    Slew   Delay    Time   Description
-----------------------------------------------------------------------------
                          0.00    0.00   clock clk (rise edge)
                          0.00    0.00   clock network delay (propagated)
                          5.00    5.00 ^ input external delay
                  0.01    0.01    5.01 ^ scale[3] (in)
     1    0.00                           scale[3] (net)
                  0.01    0.00    5.01 ^ input14/A (sky130_fd_sc_hd__buf_2)
                  0.14    0.14    5.15 ^ input14/X (sky130_fd_sc_hd__buf_2)
     9    0.04                           net14 (net)
                  0.14    0.00    5.15 ^ _281_/A (sky130_fd_sc_hd__buf_2)
                  0.15    0.18    5.34 ^ _281_/X (sky130_fd_sc_hd__buf_2)
    10    0.04                           _230_ (net)
                  0.15    0.00    5.34 ^ _296_/A (sky130_fd_sc_hd__nand4_2)
                  0.08    0.08    5.42 v _296_/Y (sky130_fd_sc_hd__nand4_2)
     3    0.01                           _019_ (net)
                  0.08    0.00    5.42 v _331_/B1 (sky130_fd_sc_hd__a22o_1)
                  0.05    0.13    5.54 v _331_/X (sky130_fd_sc_hd__a22o_1)
     3    0.01                           _054_ (net)
                  0.05    0.00    5.54 v _333_/C (sky130_fd_sc_hd__and3_1)
                  0.04    0.13    5.68 v _333_/X (sky130_fd_sc_hd__and3_1)
     2    0.01                           _056_ (net)
                  0.04    0.00    5.68 v _335_/B (sky130_fd_sc_hd__or3b_2)
                  0.07    0.30    5.97 v _335_/X (sky130_fd_sc_hd__or3b_2)
     4    0.01                           _058_ (net)
                  0.07    0.00    5.97 v _354_/A (sky130_fd_sc_hd__and3_2)
                  0.05    0.16    6.13 v _354_/X (sky130_fd_sc_hd__and3_2)
     3    0.02                           _077_ (net)
                  0.05    0.00    6.13 v _410_/A (sky130_fd_sc_hd__nor2_2)
                  0.14    0.15    6.28 ^ _410_/Y (sky130_fd_sc_hd__nor2_2)
     3    0.02                           _133_ (net)
                  0.14    0.00    6.28 ^ _411_/B (sky130_fd_sc_hd__xor2_1)
                  0.05    0.05    6.33 v _411_/X (sky130_fd_sc_hd__xor2_1)
     1    0.00                           _134_ (net)
                  0.05    0.00    6.33 v _414_/A4 (sky130_fd_sc_hd__a41o_1)
                  0.05    0.20    6.53 v _414_/X (sky130_fd_sc_hd__a41o_1)
     3    0.01                           _137_ (net)
                  0.05    0.00    6.53 v _416_/A2 (sky130_fd_sc_hd__a21oi_1)
                  0.16    0.18    6.71 ^ _416_/Y (sky130_fd_sc_hd__a21oi_1)
     1    0.01                           _139_ (net)
                  0.16    0.00    6.71 ^ _417_/B (sky130_fd_sc_hd__xnor2_2)
                  0.19    0.11    6.82 ^ _417_/Y (sky130_fd_sc_hd__xnor2_2)
     4    0.02                           _140_ (net)
                  0.19    0.00    6.82 ^ _447_/C_N (sky130_fd_sc_hd__or3b_2)
                  0.06    0.29    7.11 v _447_/X (sky130_fd_sc_hd__or3b_2)
     1    0.01                           _170_ (net)
                  0.06    0.00    7.11 v _448_/A3 (sky130_fd_sc_hd__o311ai_4)
                  0.20    0.19    7.30 ^ _448_/Y (sky130_fd_sc_hd__o311ai_4)
     3    0.01                           _171_ (net)
                  0.20    0.00    7.30 ^ _451_/B1 (sky130_fd_sc_hd__a22o_1)
                  0.08    0.12    7.43 ^ _451_/X (sky130_fd_sc_hd__a22o_1)
     1    0.01                           _174_ (net)
                  0.08    0.00    7.43 ^ _452_/B2 (sky130_fd_sc_hd__a22o_1)
                  0.03    0.08    7.51 ^ _452_/X (sky130_fd_sc_hd__a22o_1)
     1    0.00                           _001_ (net)
                  0.03    0.00    7.51 ^ _480_/D (sky130_fd_sc_hd__dfrtp_1)
                                  7.51   data arrival time

                         25.00   25.00   clock clk (rise edge)
                          0.00   25.00   clock source latency
                  0.05    0.03   25.03 ^ clk (in)
     1    0.01                           clk (net)
                  0.05    0.00   25.03 ^ clkbuf_0_clk/A (sky130_fd_sc_hd__clkbuf_16)
                  0.03    0.09   25.12 ^ clkbuf_0_clk/X (sky130_fd_sc_hd__clkbuf_16)
     2    0.02                           clknet_0_clk (net)
                  0.03    0.00   25.12 ^ clkbuf_1_1__f_clk/A (sky130_fd_sc_hd__clkbuf_16)
                  0.04    0.09   25.20 ^ clkbuf_1_1__f_clk/X (sky130_fd_sc_hd__clkbuf_16)
     7    0.03                           clknet_1_1__leaf_clk (net)
                  0.04    0.00   25.21 ^ _480_/CLK (sky130_fd_sc_hd__dfrtp_1)
                         -0.25   24.96   clock uncertainty
                          0.00   24.96   clock reconvergence pessimism
                         -0.03   24.92   library setup time
                                 24.92   data required time
-----------------------------------------------------------------------------
                                 24.92   data required time
                                 -7.51   data arrival time
-----------------------------------------------------------------------------
                                 17.41   slack (MET)


Startpoint: scale[3] (input port clocked by clk)
Endpoint: _482_ (rising edge-triggered flip-flop clocked by clk)
Path Group: clk
Path Type: max
Corner: Fastest

Fanout     Cap    Slew   Delay    Time   Description
-----------------------------------------------------------------------------
                          0.00    0.00   clock clk (rise edge)
                          0.00    0.00   clock network delay (propagated)
                          5.00    5.00 ^ input external delay
                  0.01    0.01    5.01 ^ scale[3] (in)
     1    0.00                           scale[3] (net)
                  0.01    0.00    5.01 ^ input14/A (sky130_fd_sc_hd__buf_2)
                  0.14    0.14    5.15 ^ input14/X (sky130_fd_sc_hd__buf_2)
     9    0.04                           net14 (net)
                  0.14    0.00    5.15 ^ _281_/A (sky130_fd_sc_hd__buf_2)
                  0.15    0.18    5.34 ^ _281_/X (sky130_fd_sc_hd__buf_2)
    10    0.04                           _230_ (net)
                  0.15    0.00    5.34 ^ _296_/A (sky130_fd_sc_hd__nand4_2)
                  0.08    0.08    5.42 v _296_/Y (sky130_fd_sc_hd__nand4_2)
     3    0.01                           _019_ (net)
                  0.08    0.00    5.42 v _331_/B1 (sky130_fd_sc_hd__a22o_1)
                  0.05    0.13    5.54 v _331_/X (sky130_fd_sc_hd__a22o_1)
     3    0.01                           _054_ (net)
                  0.05    0.00    5.54 v _333_/C (sky130_fd_sc_hd__and3_1)
                  0.04    0.13    5.68 v _333_/X (sky130_fd_sc_hd__and3_1)
     2    0.01                           _056_ (net)
                  0.04    0.00    5.68 v _335_/B (sky130_fd_sc_hd__or3b_2)
                  0.07    0.30    5.97 v _335_/X (sky130_fd_sc_hd__or3b_2)
     4    0.01                           _058_ (net)
                  0.07    0.00    5.97 v _354_/A (sky130_fd_sc_hd__and3_2)
                  0.05    0.16    6.13 v _354_/X (sky130_fd_sc_hd__and3_2)
     3    0.02                           _077_ (net)
                  0.05    0.00    6.13 v _410_/A (sky130_fd_sc_hd__nor2_2)
                  0.14    0.15    6.28 ^ _410_/Y (sky130_fd_sc_hd__nor2_2)
     3    0.02                           _133_ (net)
                  0.14    0.00    6.28 ^ _411_/B (sky130_fd_sc_hd__xor2_1)
                  0.05    0.05    6.33 v _411_/X (sky130_fd_sc_hd__xor2_1)
     1    0.00                           _134_ (net)
                  0.05    0.00    6.33 v _414_/A4 (sky130_fd_sc_hd__a41o_1)
                  0.05    0.20    6.53 v _414_/X (sky130_fd_sc_hd__a41o_1)
     3    0.01                           _137_ (net)
                  0.05    0.00    6.53 v _416_/A2 (sky130_fd_sc_hd__a21oi_1)
                  0.16    0.18    6.71 ^ _416_/Y (sky130_fd_sc_hd__a21oi_1)
     1    0.01                           _139_ (net)
                  0.16    0.00    6.71 ^ _417_/B (sky130_fd_sc_hd__xnor2_2)
                  0.19    0.11    6.82 ^ _417_/Y (sky130_fd_sc_hd__xnor2_2)
     4    0.02                           _140_ (net)
                  0.19    0.00    6.82 ^ _447_/C_N (sky130_fd_sc_hd__or3b_2)
                  0.06    0.29    7.11 v _447_/X (sky130_fd_sc_hd__or3b_2)
     1    0.01                           _170_ (net)
                  0.06    0.00    7.11 v _448_/A3 (sky130_fd_sc_hd__o311ai_4)
                  0.20    0.19    7.30 ^ _448_/Y (sky130_fd_sc_hd__o311ai_4)
     3    0.01                           _171_ (net)
                  0.20    0.00    7.30 ^ _458_/B1 (sky130_fd_sc_hd__a22o_1)
                  0.08    0.12    7.43 ^ _458_/X (sky130_fd_sc_hd__a22o_1)
     1    0.01                           _179_ (net)
                  0.08    0.00    7.43 ^ _459_/B2 (sky130_fd_sc_hd__a22o_1)
                  0.03    0.08    7.51 ^ _459_/X (sky130_fd_sc_hd__a22o_1)
     1    0.00                           _003_ (net)
                  0.03    0.00    7.51 ^ _482_/D (sky130_fd_sc_hd__dfrtp_1)
                                  7.51   data arrival time

                         25.00   25.00   clock clk (rise edge)
                          0.00   25.00   clock source latency
                  0.05    0.03   25.03 ^ clk (in)
     1    0.01                           clk (net)
                  0.05    0.00   25.03 ^ clkbuf_0_clk/A (sky130_fd_sc_hd__clkbuf_16)
                  0.03    0.09   25.12 ^ clkbuf_0_clk/X (sky130_fd_sc_hd__clkbuf_16)
     2    0.02                           clknet_0_clk (net)
                  0.03    0.00   25.12 ^ clkbuf_1_1__f_clk/A (sky130_fd_sc_hd__clkbuf_16)
                  0.04    0.09   25.20 ^ clkbuf_1_1__f_clk/X (sky130_fd_sc_hd__clkbuf_16)
     7    0.03                           clknet_1_1__leaf_clk (net)
                  0.04    0.00   25.21 ^ _482_/CLK (sky130_fd_sc_hd__dfrtp_1)
                         -0.25   24.96   clock uncertainty
                          0.00   24.96   clock reconvergence pessimism
                         -0.03   24.92   library setup time
                                 24.92   data required time
-----------------------------------------------------------------------------
                                 24.92   data required time
                                 -7.51   data arrival time
-----------------------------------------------------------------------------
                                 17.41   slack (MET)


Startpoint: scale[3] (input port clocked by clk)
Endpoint: _481_ (rising edge-triggered flip-flop clocked by clk)
Path Group: clk
Path Type: max
Corner: Fastest

Fanout     Cap    Slew   Delay    Time   Description
-----------------------------------------------------------------------------
                          0.00    0.00   clock clk (rise edge)
                          0.00    0.00   clock network delay (propagated)
                          5.00    5.00 ^ input external delay
                  0.01    0.01    5.01 ^ scale[3] (in)
     1    0.00                           scale[3] (net)
                  0.01    0.00    5.01 ^ input14/A (sky130_fd_sc_hd__buf_2)
                  0.14    0.14    5.15 ^ input14/X (sky130_fd_sc_hd__buf_2)
     9    0.04                           net14 (net)
                  0.14    0.00    5.15 ^ _281_/A (sky130_fd_sc_hd__buf_2)
                  0.15    0.18    5.34 ^ _281_/X (sky130_fd_sc_hd__buf_2)
    10    0.04                           _230_ (net)
                  0.15    0.00    5.34 ^ _296_/A (sky130_fd_sc_hd__nand4_2)
                  0.08    0.08    5.42 v _296_/Y (sky130_fd_sc_hd__nand4_2)
     3    0.01                           _019_ (net)
                  0.08    0.00    5.42 v _331_/B1 (sky130_fd_sc_hd__a22o_1)
                  0.05    0.13    5.54 v _331_/X (sky130_fd_sc_hd__a22o_1)
     3    0.01                           _054_ (net)
                  0.05    0.00    5.54 v _333_/C (sky130_fd_sc_hd__and3_1)
                  0.04    0.13    5.68 v _333_/X (sky130_fd_sc_hd__and3_1)
     2    0.01                           _056_ (net)
                  0.04    0.00    5.68 v _335_/B (sky130_fd_sc_hd__or3b_2)
                  0.07    0.30    5.97 v _335_/X (sky130_fd_sc_hd__or3b_2)
     4    0.01                           _058_ (net)
                  0.07    0.00    5.97 v _354_/A (sky130_fd_sc_hd__and3_2)
                  0.05    0.16    6.13 v _354_/X (sky130_fd_sc_hd__and3_2)
     3    0.02                           _077_ (net)
                  0.05    0.00    6.13 v _410_/A (sky130_fd_sc_hd__nor2_2)
                  0.14    0.15    6.28 ^ _410_/Y (sky130_fd_sc_hd__nor2_2)
     3    0.02                           _133_ (net)
                  0.14    0.00    6.28 ^ _411_/B (sky130_fd_sc_hd__xor2_1)
                  0.05    0.05    6.33 v _411_/X (sky130_fd_sc_hd__xor2_1)
     1    0.00                           _134_ (net)
                  0.05    0.00    6.33 v _414_/A4 (sky130_fd_sc_hd__a41o_1)
                  0.05    0.20    6.53 v _414_/X (sky130_fd_sc_hd__a41o_1)
     3    0.01                           _137_ (net)
                  0.05    0.00    6.53 v _416_/A2 (sky130_fd_sc_hd__a21oi_1)
                  0.16    0.18    6.71 ^ _416_/Y (sky130_fd_sc_hd__a21oi_1)
     1    0.01                           _139_ (net)
                  0.16    0.00    6.71 ^ _417_/B (sky130_fd_sc_hd__xnor2_2)
                  0.19    0.11    6.82 ^ _417_/Y (sky130_fd_sc_hd__xnor2_2)
     4    0.02                           _140_ (net)
                  0.19    0.00    6.82 ^ _447_/C_N (sky130_fd_sc_hd__or3b_2)
                  0.06    0.29    7.11 v _447_/X (sky130_fd_sc_hd__or3b_2)
     1    0.01                           _170_ (net)
                  0.06    0.00    7.11 v _448_/A3 (sky130_fd_sc_hd__o311ai_4)
                  0.20    0.19    7.30 ^ _448_/Y (sky130_fd_sc_hd__o311ai_4)
     3    0.01                           _171_ (net)
                  0.20    0.00    7.30 ^ _454_/A2 (sky130_fd_sc_hd__a32o_1)
                  0.04    0.11    7.42 ^ _454_/X (sky130_fd_sc_hd__a32o_1)
     1    0.00                           _176_ (net)
                  0.04    0.00    7.42 ^ _455_/B2 (sky130_fd_sc_hd__a22o_1)
                  0.03    0.07    7.49 ^ _455_/X (sky130_fd_sc_hd__a22o_1)
     1    0.00                           _002_ (net)
                  0.03    0.00    7.49 ^ _481_/D (sky130_fd_sc_hd__dfrtp_1)
                                  7.49   data arrival time

                         25.00   25.00   clock clk (rise edge)
                          0.00   25.00   clock source latency
                  0.05    0.03   25.03 ^ clk (in)
     1    0.01                           clk (net)
                  0.05    0.00   25.03 ^ clkbuf_0_clk/A (sky130_fd_sc_hd__clkbuf_16)
                  0.03    0.09   25.12 ^ clkbuf_0_clk/X (sky130_fd_sc_hd__clkbuf_16)
     2    0.02                           clknet_0_clk (net)
                  0.03    0.00   25.12 ^ clkbuf_1_1__f_clk/A (sky130_fd_sc_hd__clkbuf_16)
                  0.04    0.09   25.20 ^ clkbuf_1_1__f_clk/X (sky130_fd_sc_hd__clkbuf_16)
     7    0.03                           clknet_1_1__leaf_clk (net)
                  0.04    0.00   25.21 ^ _481_/CLK (sky130_fd_sc_hd__dfrtp_1)
                         -0.25   24.96   clock uncertainty
                          0.00   24.96   clock reconvergence pessimism
                         -0.03   24.92   library setup time
                                 24.92   data required time
-----------------------------------------------------------------------------
                                 24.92   data required time
                                 -7.49   data arrival time
-----------------------------------------------------------------------------
                                 17.43   slack (MET)


Startpoint: scale[3] (input port clocked by clk)
Endpoint: _483_ (rising edge-triggered flip-flop clocked by clk)
Path Group: clk
Path Type: max
Corner: Fastest

Fanout     Cap    Slew   Delay    Time   Description
-----------------------------------------------------------------------------
                          0.00    0.00   clock clk (rise edge)
                          0.00    0.00   clock network delay (propagated)
                          5.00    5.00 ^ input external delay
                  0.01    0.01    5.01 ^ scale[3] (in)
     1    0.00                           scale[3] (net)
                  0.01    0.00    5.01 ^ input14/A (sky130_fd_sc_hd__buf_2)
                  0.14    0.14    5.15 ^ input14/X (sky130_fd_sc_hd__buf_2)
     9    0.04                           net14 (net)
                  0.14    0.00    5.15 ^ _281_/A (sky130_fd_sc_hd__buf_2)
                  0.15    0.18    5.34 ^ _281_/X (sky130_fd_sc_hd__buf_2)
    10    0.04                           _230_ (net)
                  0.15    0.00    5.34 ^ _296_/A (sky130_fd_sc_hd__nand4_2)
                  0.08    0.08    5.42 v _296_/Y (sky130_fd_sc_hd__nand4_2)
     3    0.01                           _019_ (net)
                  0.08    0.00    5.42 v _331_/B1 (sky130_fd_sc_hd__a22o_1)
                  0.05    0.13    5.54 v _331_/X (sky130_fd_sc_hd__a22o_1)
     3    0.01                           _054_ (net)
                  0.05    0.00    5.54 v _333_/C (sky130_fd_sc_hd__and3_1)
                  0.04    0.13    5.68 v _333_/X (sky130_fd_sc_hd__and3_1)
     2    0.01                           _056_ (net)
                  0.04    0.00    5.68 v _335_/B (sky130_fd_sc_hd__or3b_2)
                  0.07    0.30    5.97 v _335_/X (sky130_fd_sc_hd__or3b_2)
     4    0.01                           _058_ (net)
                  0.07    0.00    5.97 v _354_/A (sky130_fd_sc_hd__and3_2)
                  0.05    0.16    6.13 v _354_/X (sky130_fd_sc_hd__and3_2)
     3    0.02                           _077_ (net)
                  0.05    0.00    6.13 v _410_/A (sky130_fd_sc_hd__nor2_2)
                  0.14    0.15    6.28 ^ _410_/Y (sky130_fd_sc_hd__nor2_2)
     3    0.02                           _133_ (net)
                  0.14    0.00    6.28 ^ _411_/B (sky130_fd_sc_hd__xor2_1)
                  0.05    0.05    6.33 v _411_/X (sky130_fd_sc_hd__xor2_1)
     1    0.00                           _134_ (net)
                  0.05    0.00    6.33 v _414_/A4 (sky130_fd_sc_hd__a41o_1)
                  0.05    0.20    6.53 v _414_/X (sky130_fd_sc_hd__a41o_1)
     3    0.01                           _137_ (net)
                  0.05    0.00    6.53 v _420_/B (sky130_fd_sc_hd__xnor2_1)
                  0.05    0.10    6.63 v _420_/Y (sky130_fd_sc_hd__xnor2_1)
     2    0.01                           _143_ (net)
                  0.05    0.00    6.63 v _429_/C (sky130_fd_sc_hd__nor4_1)
                  0.27    0.25    6.88 ^ _429_/Y (sky130_fd_sc_hd__nor4_1)
     3    0.01                           _152_ (net)
                  0.27    0.00    6.88 ^ max_cap38/A (sky130_fd_sc_hd__buf_1)
                  0.10    0.11    7.00 ^ max_cap38/X (sky130_fd_sc_hd__buf_1)
     2    0.01                           net38 (net)
                  0.10    0.00    7.00 ^ _435_/B (sky130_fd_sc_hd__nand3_2)
                  0.08    0.08    7.08 v _435_/Y (sky130_fd_sc_hd__nand3_2)
     2    0.01                           _158_ (net)
                  0.08    0.00    7.08 v _436_/B (sky130_fd_sc_hd__nand2_2)
                  0.10    0.12    7.20 ^ _436_/Y (sky130_fd_sc_hd__nand2_2)
     4    0.02                           _159_ (net)
                  0.10    0.00    7.20 ^ _460_/A (sky130_fd_sc_hd__inv_2)
                  0.02    0.02    7.22 v _460_/Y (sky130_fd_sc_hd__inv_2)
     1    0.00                           _180_ (net)
                  0.02    0.00    7.22 v _461_/B2 (sky130_fd_sc_hd__a22o_1)
                  0.03    0.09    7.31 v _461_/X (sky130_fd_sc_hd__a22o_1)
     1    0.00                           _004_ (net)
                  0.03    0.00    7.31 v _483_/D (sky130_fd_sc_hd__dfrtp_1)
                                  7.31   data arrival time

                         25.00   25.00   clock clk (rise edge)
                          0.00   25.00   clock source latency
                  0.05    0.03   25.03 ^ clk (in)
     1    0.01                           clk (net)
                  0.05    0.00   25.03 ^ clkbuf_0_clk/A (sky130_fd_sc_hd__clkbuf_16)
                  0.03    0.09   25.12 ^ clkbuf_0_clk/X (sky130_fd_sc_hd__clkbuf_16)
     2    0.02                           clknet_0_clk (net)
                  0.03    0.00   25.12 ^ clkbuf_1_1__f_clk/A (sky130_fd_sc_hd__clkbuf_16)
                  0.04    0.09   25.20 ^ clkbuf_1_1__f_clk/X (sky130_fd_sc_hd__clkbuf_16)
     7    0.03                           clknet_1_1__leaf_clk (net)
                  0.04    0.00   25.21 ^ _483_/CLK (sky130_fd_sc_hd__dfrtp_1)
                         -0.25   24.96   clock uncertainty
                          0.00   24.96   clock reconvergence pessimism
                         -0.07   24.89   library setup time
                                 24.89   data required time
-----------------------------------------------------------------------------
                                 24.89   data required time
                                 -7.31   data arrival time
-----------------------------------------------------------------------------
                                 17.58   slack (MET)


Startpoint: data_in[2] (input port clocked by clk)
Endpoint: _478_ (rising edge-triggered flip-flop clocked by clk)
Path Group: clk
Path Type: max
Corner: Fastest

Fanout     Cap    Slew   Delay    Time   Description
-----------------------------------------------------------------------------
                          0.00    0.00   clock clk (rise edge)
                          0.00    0.00   clock network delay (propagated)
                          5.00    5.00 v input external delay
                  0.01    0.00    5.00 v data_in[2] (in)
     1    0.00                           data_in[2] (net)
                  0.01    0.00    5.00 v input3/A (sky130_fd_sc_hd__clkbuf_2)
                  0.08    0.11    5.11 v input3/X (sky130_fd_sc_hd__clkbuf_2)
     4    0.03                           net3 (net)
                  0.08    0.00    5.11 v _245_/A (sky130_fd_sc_hd__clkbuf_4)
                  0.06    0.15    5.27 v _245_/X (sky130_fd_sc_hd__clkbuf_4)
    10    0.04                           _195_ (net)
                  0.06    0.00    5.27 v _248_/B (sky130_fd_sc_hd__or4_1)
                  0.08    0.34    5.61 v _248_/X (sky130_fd_sc_hd__or4_1)
     3    0.01                           _198_ (net)
                  0.08    0.00    5.61 v _249_/C (sky130_fd_sc_hd__or3_1)
                  0.05    0.21    5.82 v _249_/X (sky130_fd_sc_hd__or3_1)
     2    0.00                           _199_ (net)
                  0.05    0.00    5.82 v _251_/B (sky130_fd_sc_hd__or3b_2)
                  0.07    0.30    6.12 v _251_/X (sky130_fd_sc_hd__or3b_2)
     2    0.01                           _201_ (net)
                  0.07    0.00    6.12 v _276_/A2 (sky130_fd_sc_hd__o22a_1)
                  0.05    0.16    6.28 v _276_/X (sky130_fd_sc_hd__o22a_1)
     1    0.01                           _226_ (net)
                  0.05    0.00    6.28 v _277_/B1 (sky130_fd_sc_hd__a21oi_4)
                  0.26    0.16    6.44 ^ _277_/Y (sky130_fd_sc_hd__a21oi_4)
     9    0.05                           _227_ (net)
                  0.26    0.00    6.44 ^ _278_/B (sky130_fd_sc_hd__nor2_2)
                  0.09    0.08    6.52 v _278_/Y (sky130_fd_sc_hd__nor2_2)
     5    0.03                           _228_ (net)
                  0.09    0.00    6.52 v _279_/B1_N (sky130_fd_sc_hd__o21ba_1)
                  0.03    0.15    6.67 ^ _279_/X (sky130_fd_sc_hd__o21ba_1)
     1    0.00                           _000_ (net)
                  0.03    0.00    6.67 ^ _478_/D (sky130_fd_sc_hd__dfrtp_1)
                                  6.67   data arrival time

                         25.00   25.00   clock clk (rise edge)
                          0.00   25.00   clock source latency
                  0.05    0.03   25.03 ^ clk (in)
     1    0.01                           clk (net)
                  0.05    0.00   25.03 ^ clkbuf_0_clk/A (sky130_fd_sc_hd__clkbuf_16)
                  0.03    0.09   25.12 ^ clkbuf_0_clk/X (sky130_fd_sc_hd__clkbuf_16)
     2    0.02                           clknet_0_clk (net)
                  0.03    0.00   25.12 ^ clkbuf_1_1__f_clk/A (sky130_fd_sc_hd__clkbuf_16)
                  0.04    0.09   25.20 ^ clkbuf_1_1__f_clk/X (sky130_fd_sc_hd__clkbuf_16)
     7    0.03                           clknet_1_1__leaf_clk (net)
                  0.04    0.00   25.20 ^ _478_/CLK (sky130_fd_sc_hd__dfrtp_1)
                         -0.25   24.95   clock uncertainty
                          0.00   24.95   clock reconvergence pessimism
                         -0.03   24.92   library setup time
                                 24.92   data required time
-----------------------------------------------------------------------------
                                 24.92   data required time
                                 -6.67   data arrival time
-----------------------------------------------------------------------------
                                 18.25   slack (MET)


Startpoint: data_in[2] (input port clocked by clk)
Endpoint: _490_ (rising edge-triggered flip-flop clocked by clk)
Path Group: clk
Path Type: max
Corner: Fastest

Fanout     Cap    Slew   Delay    Time   Description
-----------------------------------------------------------------------------
                          0.00    0.00   clock clk (rise edge)
                          0.00    0.00   clock network delay (propagated)
                          5.00    5.00 v input external delay
                  0.01    0.00    5.00 v data_in[2] (in)
     1    0.00                           data_in[2] (net)
                  0.01    0.00    5.00 v input3/A (sky130_fd_sc_hd__clkbuf_2)
                  0.08    0.11    5.11 v input3/X (sky130_fd_sc_hd__clkbuf_2)
     4    0.03                           net3 (net)
                  0.08    0.00    5.11 v _245_/A (sky130_fd_sc_hd__clkbuf_4)
                  0.06    0.15    5.27 v _245_/X (sky130_fd_sc_hd__clkbuf_4)
    10    0.04                           _195_ (net)
                  0.06    0.00    5.27 v _248_/B (sky130_fd_sc_hd__or4_1)
                  0.08    0.34    5.61 v _248_/X (sky130_fd_sc_hd__or4_1)
     3    0.01                           _198_ (net)
                  0.08    0.00    5.61 v _249_/C (sky130_fd_sc_hd__or3_1)
                  0.05    0.21    5.82 v _249_/X (sky130_fd_sc_hd__or3_1)
     2    0.00                           _199_ (net)
                  0.05    0.00    5.82 v _251_/B (sky130_fd_sc_hd__or3b_2)
                  0.07    0.30    6.12 v _251_/X (sky130_fd_sc_hd__or3b_2)
     2    0.01                           _201_ (net)
                  0.07    0.00    6.12 v _276_/A2 (sky130_fd_sc_hd__o22a_1)
                  0.05    0.16    6.28 v _276_/X (sky130_fd_sc_hd__o22a_1)
     1    0.01                           _226_ (net)
                  0.05    0.00    6.28 v _277_/B1 (sky130_fd_sc_hd__a21oi_4)
                  0.26    0.16    6.44 ^ _277_/Y (sky130_fd_sc_hd__a21oi_4)
     9    0.05                           _227_ (net)
                  0.26    0.00    6.44 ^ _475_/A3 (sky130_fd_sc_hd__a31o_1)
                  0.03    0.11    6.55 ^ _475_/X (sky130_fd_sc_hd__a31o_1)
     1    0.00                           _011_ (net)
                  0.03    0.00    6.55 ^ _490_/D (sky130_fd_sc_hd__dfrtp_1)
                                  6.55   data arrival time

                         25.00   25.00   clock clk (rise edge)
                          0.00   25.00   clock source latency
                  0.05    0.03   25.03 ^ clk (in)
     1    0.01                           clk (net)
                  0.05    0.00   25.03 ^ clkbuf_0_clk/A (sky130_fd_sc_hd__clkbuf_16)
                  0.03    0.09   25.12 ^ clkbuf_0_clk/X (sky130_fd_sc_hd__clkbuf_16)
     2    0.02                           clknet_0_clk (net)
                  0.03    0.00   25.12 ^ clkbuf_1_0__f_clk/A (sky130_fd_sc_hd__clkbuf_16)
                  0.04    0.08   25.20 ^ clkbuf_1_0__f_clk/X (sky130_fd_sc_hd__clkbuf_16)
     7    0.03                           clknet_1_0__leaf_clk (net)
                  0.04    0.00   25.20 ^ _490_/CLK (sky130_fd_sc_hd__dfrtp_1)
                         -0.25   24.95   clock uncertainty
                          0.00   24.95   clock reconvergence pessimism
                         -0.03   24.92   library setup time
                                 24.92   data required time
-----------------------------------------------------------------------------
                                 24.92   data required time
                                 -6.55   data arrival time
-----------------------------------------------------------------------------
                                 18.37   slack (MET)


Startpoint: data_in[2] (input port clocked by clk)
Endpoint: _491_ (rising edge-triggered flip-flop clocked by clk)
Path Group: clk
Path Type: max
Corner: Fastest

Fanout     Cap    Slew   Delay    Time   Description
-----------------------------------------------------------------------------
                          0.00    0.00   clock clk (rise edge)
                          0.00    0.00   clock network delay (propagated)
                          5.00    5.00 v input external delay
                  0.01    0.00    5.00 v data_in[2] (in)
     1    0.00                           data_in[2] (net)
                  0.01    0.00    5.00 v input3/A (sky130_fd_sc_hd__clkbuf_2)
                  0.08    0.11    5.11 v input3/X (sky130_fd_sc_hd__clkbuf_2)
     4    0.03                           net3 (net)
                  0.08    0.00    5.11 v _245_/A (sky130_fd_sc_hd__clkbuf_4)
                  0.06    0.15    5.27 v _245_/X (sky130_fd_sc_hd__clkbuf_4)
    10    0.04                           _195_ (net)
                  0.06    0.00    5.27 v _248_/B (sky130_fd_sc_hd__or4_1)
                  0.08    0.34    5.61 v _248_/X (sky130_fd_sc_hd__or4_1)
     3    0.01                           _198_ (net)
                  0.08    0.00    5.61 v _249_/C (sky130_fd_sc_hd__or3_1)
                  0.05    0.21    5.82 v _249_/X (sky130_fd_sc_hd__or3_1)
     2    0.00                           _199_ (net)
                  0.05    0.00    5.82 v _251_/B (sky130_fd_sc_hd__or3b_2)
                  0.07    0.30    6.12 v _251_/X (sky130_fd_sc_hd__or3b_2)
     2    0.01                           _201_ (net)
                  0.07    0.00    6.12 v _276_/A2 (sky130_fd_sc_hd__o22a_1)
                  0.05    0.16    6.28 v _276_/X (sky130_fd_sc_hd__o22a_1)
     1    0.01                           _226_ (net)
                  0.05    0.00    6.28 v _277_/B1 (sky130_fd_sc_hd__a21oi_4)
                  0.26    0.16    6.44 ^ _277_/Y (sky130_fd_sc_hd__a21oi_4)
     9    0.05                           _227_ (net)
                  0.26    0.00    6.44 ^ _477_/A3 (sky130_fd_sc_hd__a31o_1)
                  0.03    0.10    6.54 ^ _477_/X (sky130_fd_sc_hd__a31o_1)
     1    0.00                           _012_ (net)
                  0.03    0.00    6.54 ^ _491_/D (sky130_fd_sc_hd__dfrtp_1)
                                  6.54   data arrival time

                         25.00   25.00   clock clk (rise edge)
                          0.00   25.00   clock source latency
                  0.05    0.03   25.03 ^ clk (in)
     1    0.01                           clk (net)
                  0.05    0.00   25.03 ^ clkbuf_0_clk/A (sky130_fd_sc_hd__clkbuf_16)
                  0.03    0.09   25.12 ^ clkbuf_0_clk/X (sky130_fd_sc_hd__clkbuf_16)
     2    0.02                           clknet_0_clk (net)
                  0.03    0.00   25.12 ^ clkbuf_1_0__f_clk/A (sky130_fd_sc_hd__clkbuf_16)
                  0.04    0.08   25.20 ^ clkbuf_1_0__f_clk/X (sky130_fd_sc_hd__clkbuf_16)
     7    0.03                           clknet_1_0__leaf_clk (net)
                  0.04    0.00   25.20 ^ _491_/CLK (sky130_fd_sc_hd__dfrtp_1)
                         -0.25   24.95   clock uncertainty
                          0.00   24.95   clock reconvergence pessimism
                         -0.03   24.92   library setup time
                                 24.92   data required time
-----------------------------------------------------------------------------
                                 24.92   data required time
                                 -6.54   data arrival time
-----------------------------------------------------------------------------
                                 18.38   slack (MET)


Startpoint: data_in[2] (input port clocked by clk)
Endpoint: _488_ (rising edge-triggered flip-flop clocked by clk)
Path Group: clk
Path Type: max
Corner: Fastest

Fanout     Cap    Slew   Delay    Time   Description
-----------------------------------------------------------------------------
                          0.00    0.00   clock clk (rise edge)
                          0.00    0.00   clock network delay (propagated)
                          5.00    5.00 v input external delay
                  0.01    0.00    5.00 v data_in[2] (in)
     1    0.00                           data_in[2] (net)
                  0.01    0.00    5.00 v input3/A (sky130_fd_sc_hd__clkbuf_2)
                  0.08    0.11    5.11 v input3/X (sky130_fd_sc_hd__clkbuf_2)
     4    0.03                           net3 (net)
                  0.08    0.00    5.11 v _245_/A (sky130_fd_sc_hd__clkbuf_4)
                  0.06    0.15    5.27 v _245_/X (sky130_fd_sc_hd__clkbuf_4)
    10    0.04                           _195_ (net)
                  0.06    0.00    5.27 v _248_/B (sky130_fd_sc_hd__or4_1)
                  0.08    0.34    5.61 v _248_/X (sky130_fd_sc_hd__or4_1)
     3    0.01                           _198_ (net)
                  0.08    0.00    5.61 v _249_/C (sky130_fd_sc_hd__or3_1)
                  0.05    0.21    5.82 v _249_/X (sky130_fd_sc_hd__or3_1)
     2    0.00                           _199_ (net)
                  0.05    0.00    5.82 v _251_/B (sky130_fd_sc_hd__or3b_2)
                  0.07    0.30    6.12 v _251_/X (sky130_fd_sc_hd__or3b_2)
     2    0.01                           _201_ (net)
                  0.07    0.00    6.12 v _276_/A2 (sky130_fd_sc_hd__o22a_1)
                  0.05    0.16    6.28 v _276_/X (sky130_fd_sc_hd__o22a_1)
     1    0.01                           _226_ (net)
                  0.05    0.00    6.28 v _277_/B1 (sky130_fd_sc_hd__a21oi_4)
                  0.26    0.16    6.44 ^ _277_/Y (sky130_fd_sc_hd__a21oi_4)
     9    0.05                           _227_ (net)
                  0.26    0.00    6.44 ^ _471_/A3 (sky130_fd_sc_hd__a31o_1)
                  0.03    0.10    6.54 ^ _471_/X (sky130_fd_sc_hd__a31o_1)
     1    0.00                           _009_ (net)
                  0.03    0.00    6.54 ^ _488_/D (sky130_fd_sc_hd__dfrtp_1)
                                  6.54   data arrival time

                         25.00   25.00   clock clk (rise edge)
                          0.00   25.00   clock source latency
                  0.05    0.03   25.03 ^ clk (in)
     1    0.01                           clk (net)
                  0.05    0.00   25.03 ^ clkbuf_0_clk/A (sky130_fd_sc_hd__clkbuf_16)
                  0.03    0.09   25.12 ^ clkbuf_0_clk/X (sky130_fd_sc_hd__clkbuf_16)
     2    0.02                           clknet_0_clk (net)
                  0.03    0.00   25.12 ^ clkbuf_1_0__f_clk/A (sky130_fd_sc_hd__clkbuf_16)
                  0.04    0.08   25.20 ^ clkbuf_1_0__f_clk/X (sky130_fd_sc_hd__clkbuf_16)
     7    0.03                           clknet_1_0__leaf_clk (net)
                  0.04    0.00   25.20 ^ _488_/CLK (sky130_fd_sc_hd__dfrtp_1)
                         -0.25   24.95   clock uncertainty
                          0.00   24.95   clock reconvergence pessimism
                         -0.03   24.92   library setup time
                                 24.92   data required time
-----------------------------------------------------------------------------
                                 24.92   data required time
                                 -6.54   data arrival time
-----------------------------------------------------------------------------
                                 18.38   slack (MET)


Startpoint: data_in[2] (input port clocked by clk)
Endpoint: _485_ (rising edge-triggered flip-flop clocked by clk)
Path Group: clk
Path Type: max
Corner: Fastest

Fanout     Cap    Slew   Delay    Time   Description
-----------------------------------------------------------------------------
                          0.00    0.00   clock clk (rise edge)
                          0.00    0.00   clock network delay (propagated)
                          5.00    5.00 v input external delay
                  0.01    0.00    5.00 v data_in[2] (in)
     1    0.00                           data_in[2] (net)
                  0.01    0.00    5.00 v input3/A (sky130_fd_sc_hd__clkbuf_2)
                  0.08    0.11    5.11 v input3/X (sky130_fd_sc_hd__clkbuf_2)
     4    0.03                           net3 (net)
                  0.08    0.00    5.11 v _245_/A (sky130_fd_sc_hd__clkbuf_4)
                  0.06    0.15    5.27 v _245_/X (sky130_fd_sc_hd__clkbuf_4)
    10    0.04                           _195_ (net)
                  0.06    0.00    5.27 v _248_/B (sky130_fd_sc_hd__or4_1)
                  0.08    0.34    5.61 v _248_/X (sky130_fd_sc_hd__or4_1)
     3    0.01                           _198_ (net)
                  0.08    0.00    5.61 v _249_/C (sky130_fd_sc_hd__or3_1)
                  0.05    0.21    5.82 v _249_/X (sky130_fd_sc_hd__or3_1)
     2    0.00                           _199_ (net)
                  0.05    0.00    5.82 v _251_/B (sky130_fd_sc_hd__or3b_2)
                  0.07    0.30    6.12 v _251_/X (sky130_fd_sc_hd__or3b_2)
     2    0.01                           _201_ (net)
                  0.07    0.00    6.12 v _276_/A2 (sky130_fd_sc_hd__o22a_1)
                  0.05    0.16    6.28 v _276_/X (sky130_fd_sc_hd__o22a_1)
     1    0.01                           _226_ (net)
                  0.05    0.00    6.28 v _277_/B1 (sky130_fd_sc_hd__a21oi_4)
                  0.26    0.16    6.44 ^ _277_/Y (sky130_fd_sc_hd__a21oi_4)
     9    0.05                           _227_ (net)
                  0.26    0.00    6.44 ^ _465_/A3 (sky130_fd_sc_hd__a31o_1)
                  0.03    0.10    6.54 ^ _465_/X (sky130_fd_sc_hd__a31o_1)
     1    0.00                           _006_ (net)
                  0.03    0.00    6.54 ^ _485_/D (sky130_fd_sc_hd__dfrtp_1)
                                  6.54   data arrival time

                         25.00   25.00   clock clk (rise edge)
                          0.00   25.00   clock source latency
                  0.05    0.03   25.03 ^ clk (in)
     1    0.01                           clk (net)
                  0.05    0.00   25.03 ^ clkbuf_0_clk/A (sky130_fd_sc_hd__clkbuf_16)
                  0.03    0.09   25.12 ^ clkbuf_0_clk/X (sky130_fd_sc_hd__clkbuf_16)
     2    0.02                           clknet_0_clk (net)
                  0.03    0.00   25.12 ^ clkbuf_1_0__f_clk/A (sky130_fd_sc_hd__clkbuf_16)
                  0.04    0.08   25.20 ^ clkbuf_1_0__f_clk/X (sky130_fd_sc_hd__clkbuf_16)
     7    0.03                           clknet_1_0__leaf_clk (net)
                  0.04    0.00   25.20 ^ _485_/CLK (sky130_fd_sc_hd__dfrtp_1)
                         -0.25   24.95   clock uncertainty
                          0.00   24.95   clock reconvergence pessimism
                         -0.03   24.92   library setup time
                                 24.92   data required time
-----------------------------------------------------------------------------
                                 24.92   data required time
                                 -6.54   data arrival time
-----------------------------------------------------------------------------
                                 18.38   slack (MET)


Startpoint: data_in[2] (input port clocked by clk)
Endpoint: _487_ (rising edge-triggered flip-flop clocked by clk)
Path Group: clk
Path Type: max
Corner: Fastest

Fanout     Cap    Slew   Delay    Time   Description
-----------------------------------------------------------------------------
                          0.00    0.00   clock clk (rise edge)
                          0.00    0.00   clock network delay (propagated)
                          5.00    5.00 v input external delay
                  0.01    0.00    5.00 v data_in[2] (in)
     1    0.00                           data_in[2] (net)
                  0.01    0.00    5.00 v input3/A (sky130_fd_sc_hd__clkbuf_2)
                  0.08    0.11    5.11 v input3/X (sky130_fd_sc_hd__clkbuf_2)
     4    0.03                           net3 (net)
                  0.08    0.00    5.11 v _245_/A (sky130_fd_sc_hd__clkbuf_4)
                  0.06    0.15    5.27 v _245_/X (sky130_fd_sc_hd__clkbuf_4)
    10    0.04                           _195_ (net)
                  0.06    0.00    5.27 v _248_/B (sky130_fd_sc_hd__or4_1)
                  0.08    0.34    5.61 v _248_/X (sky130_fd_sc_hd__or4_1)
     3    0.01                           _198_ (net)
                  0.08    0.00    5.61 v _249_/C (sky130_fd_sc_hd__or3_1)
                  0.05    0.21    5.82 v _249_/X (sky130_fd_sc_hd__or3_1)
     2    0.00                           _199_ (net)
                  0.05    0.00    5.82 v _251_/B (sky130_fd_sc_hd__or3b_2)
                  0.07    0.30    6.12 v _251_/X (sky130_fd_sc_hd__or3b_2)
     2    0.01                           _201_ (net)
                  0.07    0.00    6.12 v _276_/A2 (sky130_fd_sc_hd__o22a_1)
                  0.05    0.16    6.28 v _276_/X (sky130_fd_sc_hd__o22a_1)
     1    0.01                           _226_ (net)
                  0.05    0.00    6.28 v _277_/B1 (sky130_fd_sc_hd__a21oi_4)
                  0.26    0.16    6.44 ^ _277_/Y (sky130_fd_sc_hd__a21oi_4)
     9    0.05                           _227_ (net)
                  0.26    0.00    6.44 ^ _469_/A3 (sky130_fd_sc_hd__a31o_1)
                  0.03    0.10    6.54 ^ _469_/X (sky130_fd_sc_hd__a31o_1)
     1    0.00                           _008_ (net)
                  0.03    0.00    6.54 ^ _487_/D (sky130_fd_sc_hd__dfrtp_1)
                                  6.54   data arrival time

                         25.00   25.00   clock clk (rise edge)
                          0.00   25.00   clock source latency
                  0.05    0.03   25.03 ^ clk (in)
     1    0.01                           clk (net)
                  0.05    0.00   25.03 ^ clkbuf_0_clk/A (sky130_fd_sc_hd__clkbuf_16)
                  0.03    0.09   25.12 ^ clkbuf_0_clk/X (sky130_fd_sc_hd__clkbuf_16)
     2    0.02                           clknet_0_clk (net)
                  0.03    0.00   25.12 ^ clkbuf_1_1__f_clk/A (sky130_fd_sc_hd__clkbuf_16)
                  0.04    0.09   25.20 ^ clkbuf_1_1__f_clk/X (sky130_fd_sc_hd__clkbuf_16)
     7    0.03                           clknet_1_1__leaf_clk (net)
                  0.04    0.00   25.21 ^ _487_/CLK (sky130_fd_sc_hd__dfrtp_1)
                         -0.25   24.96   clock uncertainty
                          0.00   24.96   clock reconvergence pessimism
                         -0.03   24.92   library setup time
                                 24.92   data required time
-----------------------------------------------------------------------------
                                 24.92   data required time
                                 -6.54   data arrival time
-----------------------------------------------------------------------------
                                 18.38   slack (MET)


Startpoint: data_in[2] (input port clocked by clk)
Endpoint: _484_ (rising edge-triggered flip-flop clocked by clk)
Path Group: clk
Path Type: max
Corner: Fastest

Fanout     Cap    Slew   Delay    Time   Description
-----------------------------------------------------------------------------
                          0.00    0.00   clock clk (rise edge)
                          0.00    0.00   clock network delay (propagated)
                          5.00    5.00 v input external delay
                  0.01    0.00    5.00 v data_in[2] (in)
     1    0.00                           data_in[2] (net)
                  0.01    0.00    5.00 v input3/A (sky130_fd_sc_hd__clkbuf_2)
                  0.08    0.11    5.11 v input3/X (sky130_fd_sc_hd__clkbuf_2)
     4    0.03                           net3 (net)
                  0.08    0.00    5.11 v _245_/A (sky130_fd_sc_hd__clkbuf_4)
                  0.06    0.15    5.27 v _245_/X (sky130_fd_sc_hd__clkbuf_4)
    10    0.04                           _195_ (net)
                  0.06    0.00    5.27 v _248_/B (sky130_fd_sc_hd__or4_1)
                  0.08    0.34    5.61 v _248_/X (sky130_fd_sc_hd__or4_1)
     3    0.01                           _198_ (net)
                  0.08    0.00    5.61 v _249_/C (sky130_fd_sc_hd__or3_1)
                  0.05    0.21    5.82 v _249_/X (sky130_fd_sc_hd__or3_1)
     2    0.00                           _199_ (net)
                  0.05    0.00    5.82 v _251_/B (sky130_fd_sc_hd__or3b_2)
                  0.07    0.30    6.12 v _251_/X (sky130_fd_sc_hd__or3b_2)
     2    0.01                           _201_ (net)
                  0.07    0.00    6.12 v _276_/A2 (sky130_fd_sc_hd__o22a_1)
                  0.05    0.16    6.28 v _276_/X (sky130_fd_sc_hd__o22a_1)
     1    0.01                           _226_ (net)
                  0.05    0.00    6.28 v _277_/B1 (sky130_fd_sc_hd__a21oi_4)
                  0.26    0.16    6.44 ^ _277_/Y (sky130_fd_sc_hd__a21oi_4)
     9    0.05                           _227_ (net)
                  0.26    0.00    6.44 ^ _463_/A3 (sky130_fd_sc_hd__a31o_1)
                  0.03    0.10    6.54 ^ _463_/X (sky130_fd_sc_hd__a31o_1)
     1    0.00                           _005_ (net)
                  0.03    0.00    6.54 ^ _484_/D (sky130_fd_sc_hd__dfrtp_1)
                                  6.54   data arrival time

                         25.00   25.00   clock clk (rise edge)
                          0.00   25.00   clock source latency
                  0.05    0.03   25.03 ^ clk (in)
     1    0.01                           clk (net)
                  0.05    0.00   25.03 ^ clkbuf_0_clk/A (sky130_fd_sc_hd__clkbuf_16)
                  0.03    0.09   25.12 ^ clkbuf_0_clk/X (sky130_fd_sc_hd__clkbuf_16)
     2    0.02                           clknet_0_clk (net)
                  0.03    0.00   25.12 ^ clkbuf_1_0__f_clk/A (sky130_fd_sc_hd__clkbuf_16)
                  0.04    0.08   25.20 ^ clkbuf_1_0__f_clk/X (sky130_fd_sc_hd__clkbuf_16)
     7    0.03                           clknet_1_0__leaf_clk (net)
                  0.04    0.00   25.20 ^ _484_/CLK (sky130_fd_sc_hd__dfrtp_1)
                         -0.25   24.95   clock uncertainty
                          0.00   24.95   clock reconvergence pessimism
                         -0.03   24.92   library setup time
                                 24.92   data required time
-----------------------------------------------------------------------------
                                 24.92   data required time
                                 -6.54   data arrival time
-----------------------------------------------------------------------------
                                 18.38   slack (MET)


Startpoint: data_in[2] (input port clocked by clk)
Endpoint: _486_ (rising edge-triggered flip-flop clocked by clk)
Path Group: clk
Path Type: max
Corner: Fastest

Fanout     Cap    Slew   Delay    Time   Description
-----------------------------------------------------------------------------
                          0.00    0.00   clock clk (rise edge)
                          0.00    0.00   clock network delay (propagated)
                          5.00    5.00 v input external delay
                  0.01    0.00    5.00 v data_in[2] (in)
     1    0.00                           data_in[2] (net)
                  0.01    0.00    5.00 v input3/A (sky130_fd_sc_hd__clkbuf_2)
                  0.08    0.11    5.11 v input3/X (sky130_fd_sc_hd__clkbuf_2)
     4    0.03                           net3 (net)
                  0.08    0.00    5.11 v _245_/A (sky130_fd_sc_hd__clkbuf_4)
                  0.06    0.15    5.27 v _245_/X (sky130_fd_sc_hd__clkbuf_4)
    10    0.04                           _195_ (net)
                  0.06    0.00    5.27 v _248_/B (sky130_fd_sc_hd__or4_1)
                  0.08    0.34    5.61 v _248_/X (sky130_fd_sc_hd__or4_1)
     3    0.01                           _198_ (net)
                  0.08    0.00    5.61 v _249_/C (sky130_fd_sc_hd__or3_1)
                  0.05    0.21    5.82 v _249_/X (sky130_fd_sc_hd__or3_1)
     2    0.00                           _199_ (net)
                  0.05    0.00    5.82 v _251_/B (sky130_fd_sc_hd__or3b_2)
                  0.07    0.30    6.12 v _251_/X (sky130_fd_sc_hd__or3b_2)
     2    0.01                           _201_ (net)
                  0.07    0.00    6.12 v _276_/A2 (sky130_fd_sc_hd__o22a_1)
                  0.05    0.16    6.28 v _276_/X (sky130_fd_sc_hd__o22a_1)
     1    0.01                           _226_ (net)
                  0.05    0.00    6.28 v _277_/B1 (sky130_fd_sc_hd__a21oi_4)
                  0.26    0.16    6.44 ^ _277_/Y (sky130_fd_sc_hd__a21oi_4)
     9    0.05                           _227_ (net)
                  0.26    0.00    6.44 ^ _467_/A3 (sky130_fd_sc_hd__a31o_1)
                  0.03    0.10    6.54 ^ _467_/X (sky130_fd_sc_hd__a31o_1)
     1    0.00                           _007_ (net)
                  0.03    0.00    6.54 ^ _486_/D (sky130_fd_sc_hd__dfrtp_1)
                                  6.54   data arrival time

                         25.00   25.00   clock clk (rise edge)
                          0.00   25.00   clock source latency
                  0.05    0.03   25.03 ^ clk (in)
     1    0.01                           clk (net)
                  0.05    0.00   25.03 ^ clkbuf_0_clk/A (sky130_fd_sc_hd__clkbuf_16)
                  0.03    0.09   25.12 ^ clkbuf_0_clk/X (sky130_fd_sc_hd__clkbuf_16)
     2    0.02                           clknet_0_clk (net)
                  0.03    0.00   25.12 ^ clkbuf_1_0__f_clk/A (sky130_fd_sc_hd__clkbuf_16)
                  0.04    0.08   25.20 ^ clkbuf_1_0__f_clk/X (sky130_fd_sc_hd__clkbuf_16)
     7    0.03                           clknet_1_0__leaf_clk (net)
                  0.04    0.00   25.20 ^ _486_/CLK (sky130_fd_sc_hd__dfrtp_1)
                         -0.25   24.95   clock uncertainty
                          0.00   24.95   clock reconvergence pessimism
                         -0.03   24.92   library setup time
                                 24.92   data required time
-----------------------------------------------------------------------------
                                 24.92   data required time
                                 -6.54   data arrival time
-----------------------------------------------------------------------------
                                 18.38   slack (MET)


Startpoint: data_in[2] (input port clocked by clk)
Endpoint: _489_ (rising edge-triggered flip-flop clocked by clk)
Path Group: clk
Path Type: max
Corner: Fastest

Fanout     Cap    Slew   Delay    Time   Description
-----------------------------------------------------------------------------
                          0.00    0.00   clock clk (rise edge)
                          0.00    0.00   clock network delay (propagated)
                          5.00    5.00 v input external delay
                  0.01    0.00    5.00 v data_in[2] (in)
     1    0.00                           data_in[2] (net)
                  0.01    0.00    5.00 v input3/A (sky130_fd_sc_hd__clkbuf_2)
                  0.08    0.11    5.11 v input3/X (sky130_fd_sc_hd__clkbuf_2)
     4    0.03                           net3 (net)
                  0.08    0.00    5.11 v _245_/A (sky130_fd_sc_hd__clkbuf_4)
                  0.06    0.15    5.27 v _245_/X (sky130_fd_sc_hd__clkbuf_4)
    10    0.04                           _195_ (net)
                  0.06    0.00    5.27 v _248_/B (sky130_fd_sc_hd__or4_1)
                  0.08    0.34    5.61 v _248_/X (sky130_fd_sc_hd__or4_1)
     3    0.01                           _198_ (net)
                  0.08    0.00    5.61 v _249_/C (sky130_fd_sc_hd__or3_1)
                  0.05    0.21    5.82 v _249_/X (sky130_fd_sc_hd__or3_1)
     2    0.00                           _199_ (net)
                  0.05    0.00    5.82 v _251_/B (sky130_fd_sc_hd__or3b_2)
                  0.07    0.30    6.12 v _251_/X (sky130_fd_sc_hd__or3b_2)
     2    0.01                           _201_ (net)
                  0.07    0.00    6.12 v _276_/A2 (sky130_fd_sc_hd__o22a_1)
                  0.05    0.16    6.28 v _276_/X (sky130_fd_sc_hd__o22a_1)
     1    0.01                           _226_ (net)
                  0.05    0.00    6.28 v _277_/B1 (sky130_fd_sc_hd__a21oi_4)
                  0.26    0.16    6.44 ^ _277_/Y (sky130_fd_sc_hd__a21oi_4)
     9    0.05                           _227_ (net)
                  0.26    0.00    6.44 ^ _473_/A3 (sky130_fd_sc_hd__a31o_1)
                  0.03    0.10    6.54 ^ _473_/X (sky130_fd_sc_hd__a31o_1)
     1    0.00                           _010_ (net)
                  0.03    0.00    6.54 ^ _489_/D (sky130_fd_sc_hd__dfrtp_1)
                                  6.54   data arrival time

                         25.00   25.00   clock clk (rise edge)
                          0.00   25.00   clock source latency
                  0.05    0.03   25.03 ^ clk (in)
     1    0.01                           clk (net)
                  0.05    0.00   25.03 ^ clkbuf_0_clk/A (sky130_fd_sc_hd__clkbuf_16)
                  0.03    0.09   25.12 ^ clkbuf_0_clk/X (sky130_fd_sc_hd__clkbuf_16)
     2    0.02                           clknet_0_clk (net)
                  0.03    0.00   25.12 ^ clkbuf_1_0__f_clk/A (sky130_fd_sc_hd__clkbuf_16)
                  0.04    0.08   25.20 ^ clkbuf_1_0__f_clk/X (sky130_fd_sc_hd__clkbuf_16)
     7    0.03                           clknet_1_0__leaf_clk (net)
                  0.04    0.00   25.20 ^ _489_/CLK (sky130_fd_sc_hd__dfrtp_1)
                         -0.25   24.95   clock uncertainty
                          0.00   24.95   clock reconvergence pessimism
                         -0.03   24.92   library setup time
                                 24.92   data required time
-----------------------------------------------------------------------------
                                 24.92   data required time
                                 -6.54   data arrival time
-----------------------------------------------------------------------------
                                 18.38   slack (MET)


Startpoint: _487_ (rising edge-triggered flip-flop clocked by clk)
Endpoint: sideband_out[3] (output port clocked by clk)
Path Group: clk
Path Type: max
Corner: Fastest

Fanout     Cap    Slew   Delay    Time   Description
-----------------------------------------------------------------------------
                          0.00    0.00   clock clk (rise edge)
                          0.00    0.00   clock source latency
                  0.05    0.04    0.04 ^ clk (in)
     1    0.01                           clk (net)
                  0.05    0.00    0.04 ^ clkbuf_0_clk/A (sky130_fd_sc_hd__clkbuf_16)
                  0.03    0.09    0.13 ^ clkbuf_0_clk/X (sky130_fd_sc_hd__clkbuf_16)
     2    0.02                           clknet_0_clk (net)
                  0.03    0.00    0.13 ^ clkbuf_1_1__f_clk/A (sky130_fd_sc_hd__clkbuf_16)
                  0.04    0.09    0.23 ^ clkbuf_1_1__f_clk/X (sky130_fd_sc_hd__clkbuf_16)
     7    0.03                           clknet_1_1__leaf_clk (net)
                  0.04    0.00    0.23 ^ _487_/CLK (sky130_fd_sc_hd__dfrtp_1)
                  0.05    0.26    0.49 v _487_/Q (sky130_fd_sc_hd__dfrtp_1)
     2    0.01                           net32 (net)
                  0.05    0.00    0.49 v output32/A (sky130_fd_sc_hd__clkbuf_4)
                  0.06    0.14    0.63 v output32/X (sky130_fd_sc_hd__clkbuf_4)
     1    0.03                           sideband_out[3] (net)
                  0.06    0.00    0.63 v sideband_out[3] (out)
                                  0.63   data arrival time

                         25.00   25.00   clock clk (rise edge)
                          0.00   25.00   clock network delay (propagated)
                         -0.25   24.75   clock uncertainty
                          0.00   24.75   clock reconvergence pessimism
                         -5.00   19.75   output external delay
                                 19.75   data required time
-----------------------------------------------------------------------------
                                 19.75   data required time
                                 -0.63   data arrival time
-----------------------------------------------------------------------------
                                 19.12   slack (MET)


Startpoint: _489_ (rising edge-triggered flip-flop clocked by clk)
Endpoint: sideband_out[5] (output port clocked by clk)
Path Group: clk
Path Type: max
Corner: Fastest

Fanout     Cap    Slew   Delay    Time   Description
-----------------------------------------------------------------------------
                          0.00    0.00   clock clk (rise edge)
                          0.00    0.00   clock source latency
                  0.05    0.04    0.04 ^ clk (in)
     1    0.01                           clk (net)
                  0.05    0.00    0.04 ^ clkbuf_0_clk/A (sky130_fd_sc_hd__clkbuf_16)
                  0.03    0.09    0.13 ^ clkbuf_0_clk/X (sky130_fd_sc_hd__clkbuf_16)
     2    0.02                           clknet_0_clk (net)
                  0.03    0.00    0.13 ^ clkbuf_1_0__f_clk/A (sky130_fd_sc_hd__clkbuf_16)
                  0.04    0.09    0.23 ^ clkbuf_1_0__f_clk/X (sky130_fd_sc_hd__clkbuf_16)
     7    0.03                           clknet_1_0__leaf_clk (net)
                  0.04    0.00    0.23 ^ _489_/CLK (sky130_fd_sc_hd__dfrtp_1)
                  0.04    0.25    0.48 v _489_/Q (sky130_fd_sc_hd__dfrtp_1)
     2    0.01                           net34 (net)
                  0.04    0.00    0.48 v output34/A (sky130_fd_sc_hd__clkbuf_4)
                  0.06    0.13    0.61 v output34/X (sky130_fd_sc_hd__clkbuf_4)
     1    0.03                           sideband_out[5] (net)
                  0.06    0.00    0.61 v sideband_out[5] (out)
                                  0.61   data arrival time

                         25.00   25.00   clock clk (rise edge)
                          0.00   25.00   clock network delay (propagated)
                         -0.25   24.75   clock uncertainty
                          0.00   24.75   clock reconvergence pessimism
                         -5.00   19.75   output external delay
                                 19.75   data required time
-----------------------------------------------------------------------------
                                 19.75   data required time
                                 -0.61   data arrival time
-----------------------------------------------------------------------------
                                 19.14   slack (MET)


Startpoint: _486_ (rising edge-triggered flip-flop clocked by clk)
Endpoint: sideband_out[2] (output port clocked by clk)
Path Group: clk
Path Type: max
Corner: Fastest

Fanout     Cap    Slew   Delay    Time   Description
-----------------------------------------------------------------------------
                          0.00    0.00   clock clk (rise edge)
                          0.00    0.00   clock source latency
                  0.05    0.04    0.04 ^ clk (in)
     1    0.01                           clk (net)
                  0.05    0.00    0.04 ^ clkbuf_0_clk/A (sky130_fd_sc_hd__clkbuf_16)
                  0.03    0.09    0.13 ^ clkbuf_0_clk/X (sky130_fd_sc_hd__clkbuf_16)
     2    0.02                           clknet_0_clk (net)
                  0.03    0.00    0.13 ^ clkbuf_1_0__f_clk/A (sky130_fd_sc_hd__clkbuf_16)
                  0.04    0.09    0.23 ^ clkbuf_1_0__f_clk/X (sky130_fd_sc_hd__clkbuf_16)
     7    0.03                           clknet_1_0__leaf_clk (net)
                  0.04    0.00    0.23 ^ _486_/CLK (sky130_fd_sc_hd__dfrtp_1)
                  0.04    0.25    0.47 v _486_/Q (sky130_fd_sc_hd__dfrtp_1)
     2    0.01                           net31 (net)
                  0.04    0.00    0.47 v output31/A (sky130_fd_sc_hd__clkbuf_4)
                  0.06    0.13    0.61 v output31/X (sky130_fd_sc_hd__clkbuf_4)
     1    0.03                           sideband_out[2] (net)
                  0.06    0.00    0.61 v sideband_out[2] (out)
                                  0.61   data arrival time

                         25.00   25.00   clock clk (rise edge)
                          0.00   25.00   clock network delay (propagated)
                         -0.25   24.75   clock uncertainty
                          0.00   24.75   clock reconvergence pessimism
                         -5.00   19.75   output external delay
                                 19.75   data required time
-----------------------------------------------------------------------------
                                 19.75   data required time
                                 -0.61   data arrival time
-----------------------------------------------------------------------------
                                 19.14   slack (MET)


Startpoint: _490_ (rising edge-triggered flip-flop clocked by clk)
Endpoint: sideband_out[6] (output port clocked by clk)
Path Group: clk
Path Type: max
Corner: Fastest

Fanout     Cap    Slew   Delay    Time   Description
-----------------------------------------------------------------------------
                          0.00    0.00   clock clk (rise edge)
                          0.00    0.00   clock source latency
                  0.05    0.04    0.04 ^ clk (in)
     1    0.01                           clk (net)
                  0.05    0.00    0.04 ^ clkbuf_0_clk/A (sky130_fd_sc_hd__clkbuf_16)
                  0.03    0.09    0.13 ^ clkbuf_0_clk/X (sky130_fd_sc_hd__clkbuf_16)
     2    0.02                           clknet_0_clk (net)
                  0.03    0.00    0.13 ^ clkbuf_1_0__f_clk/A (sky130_fd_sc_hd__clkbuf_16)
                  0.04    0.09    0.23 ^ clkbuf_1_0__f_clk/X (sky130_fd_sc_hd__clkbuf_16)
     7    0.03                           clknet_1_0__leaf_clk (net)
                  0.04    0.00    0.23 ^ _490_/CLK (sky130_fd_sc_hd__dfrtp_1)
                  0.04    0.25    0.47 v _490_/Q (sky130_fd_sc_hd__dfrtp_1)
     2    0.01                           net35 (net)
                  0.04    0.00    0.47 v output35/A (sky130_fd_sc_hd__clkbuf_4)
                  0.06    0.13    0.61 v output35/X (sky130_fd_sc_hd__clkbuf_4)
     1    0.03                           sideband_out[6] (net)
                  0.06    0.00    0.61 v sideband_out[6] (out)
                                  0.61   data arrival time

                         25.00   25.00   clock clk (rise edge)
                          0.00   25.00   clock network delay (propagated)
                         -0.25   24.75   clock uncertainty
                          0.00   24.75   clock reconvergence pessimism
                         -5.00   19.75   output external delay
                                 19.75   data required time
-----------------------------------------------------------------------------
                                 19.75   data required time
                                 -0.61   data arrival time
-----------------------------------------------------------------------------
                                 19.14   slack (MET)


Startpoint: _482_ (rising edge-triggered flip-flop clocked by clk)
Endpoint: int4_out[2] (output port clocked by clk)
Path Group: clk
Path Type: max
Corner: Fastest

Fanout     Cap    Slew   Delay    Time   Description
-----------------------------------------------------------------------------
                          0.00    0.00   clock clk (rise edge)
                          0.00    0.00   clock source latency
                  0.05    0.04    0.04 ^ clk (in)
     1    0.01                           clk (net)
                  0.05    0.00    0.04 ^ clkbuf_0_clk/A (sky130_fd_sc_hd__clkbuf_16)
                  0.03    0.09    0.13 ^ clkbuf_0_clk/X (sky130_fd_sc_hd__clkbuf_16)
     2    0.02                           clknet_0_clk (net)
                  0.03    0.00    0.13 ^ clkbuf_1_1__f_clk/A (sky130_fd_sc_hd__clkbuf_16)
                  0.04    0.09    0.23 ^ clkbuf_1_1__f_clk/X (sky130_fd_sc_hd__clkbuf_16)
     7    0.03                           clknet_1_1__leaf_clk (net)
                  0.04    0.00    0.23 ^ _482_/CLK (sky130_fd_sc_hd__dfrtp_1)
                  0.04    0.25    0.47 v _482_/Q (sky130_fd_sc_hd__dfrtp_1)
     2    0.01                           net26 (net)
                  0.04    0.00    0.47 v output26/A (sky130_fd_sc_hd__clkbuf_4)
                  0.06    0.13    0.61 v output26/X (sky130_fd_sc_hd__clkbuf_4)
     1    0.03                           int4_out[2] (net)
                  0.06    0.00    0.61 v int4_out[2] (out)
                                  0.61   data arrival time

                         25.00   25.00   clock clk (rise edge)
                          0.00   25.00   clock network delay (propagated)
                         -0.25   24.75   clock uncertainty
                          0.00   24.75   clock reconvergence pessimism
                         -5.00   19.75   output external delay
                                 19.75   data required time
-----------------------------------------------------------------------------
                                 19.75   data required time
                                 -0.61   data arrival time
-----------------------------------------------------------------------------
                                 19.14   slack (MET)


Startpoint: _483_ (rising edge-triggered flip-flop clocked by clk)
Endpoint: int4_out[3] (output port clocked by clk)
Path Group: clk
Path Type: max
Corner: Fastest

Fanout     Cap    Slew   Delay    Time   Description
-----------------------------------------------------------------------------
                          0.00    0.00   clock clk (rise edge)
                          0.00    0.00   clock source latency
                  0.05    0.04    0.04 ^ clk (in)
     1    0.01                           clk (net)
                  0.05    0.00    0.04 ^ clkbuf_0_clk/A (sky130_fd_sc_hd__clkbuf_16)
                  0.03    0.09    0.13 ^ clkbuf_0_clk/X (sky130_fd_sc_hd__clkbuf_16)
     2    0.02                           clknet_0_clk (net)
                  0.03    0.00    0.13 ^ clkbuf_1_1__f_clk/A (sky130_fd_sc_hd__clkbuf_16)
                  0.04    0.09    0.23 ^ clkbuf_1_1__f_clk/X (sky130_fd_sc_hd__clkbuf_16)
     7    0.03                           clknet_1_1__leaf_clk (net)
                  0.04    0.00    0.23 ^ _483_/CLK (sky130_fd_sc_hd__dfrtp_1)
                  0.04    0.24    0.47 v _483_/Q (sky130_fd_sc_hd__dfrtp_1)
     2    0.01                           net27 (net)
                  0.04    0.00    0.47 v output27/A (sky130_fd_sc_hd__clkbuf_4)
                  0.06    0.13    0.60 v output27/X (sky130_fd_sc_hd__clkbuf_4)
     1    0.03                           int4_out[3] (net)
                  0.06    0.00    0.60 v int4_out[3] (out)
                                  0.60   data arrival time

                         25.00   25.00   clock clk (rise edge)
                          0.00   25.00   clock network delay (propagated)
                         -0.25   24.75   clock uncertainty
                          0.00   24.75   clock reconvergence pessimism
                         -5.00   19.75   output external delay
                                 19.75   data required time
-----------------------------------------------------------------------------
                                 19.75   data required time
                                 -0.60   data arrival time
-----------------------------------------------------------------------------
                                 19.15   slack (MET)


Startpoint: _481_ (rising edge-triggered flip-flop clocked by clk)
Endpoint: int4_out[1] (output port clocked by clk)
Path Group: clk
Path Type: max
Corner: Fastest

Fanout     Cap    Slew   Delay    Time   Description
-----------------------------------------------------------------------------
                          0.00    0.00   clock clk (rise edge)
                          0.00    0.00   clock source latency
                  0.05    0.04    0.04 ^ clk (in)
     1    0.01                           clk (net)
                  0.05    0.00    0.04 ^ clkbuf_0_clk/A (sky130_fd_sc_hd__clkbuf_16)
                  0.03    0.09    0.13 ^ clkbuf_0_clk/X (sky130_fd_sc_hd__clkbuf_16)
     2    0.02                           clknet_0_clk (net)
                  0.03    0.00    0.13 ^ clkbuf_1_1__f_clk/A (sky130_fd_sc_hd__clkbuf_16)
                  0.04    0.09    0.23 ^ clkbuf_1_1__f_clk/X (sky130_fd_sc_hd__clkbuf_16)
     7    0.03                           clknet_1_1__leaf_clk (net)
                  0.04    0.00    0.23 ^ _481_/CLK (sky130_fd_sc_hd__dfrtp_1)
                  0.04    0.24    0.47 v _481_/Q (sky130_fd_sc_hd__dfrtp_1)
     2    0.01                           net25 (net)
                  0.04    0.00    0.47 v output25/A (sky130_fd_sc_hd__clkbuf_4)
                  0.06    0.13    0.60 v output25/X (sky130_fd_sc_hd__clkbuf_4)
     1    0.03                           int4_out[1] (net)
                  0.06    0.00    0.60 v int4_out[1] (out)
                                  0.60   data arrival time

                         25.00   25.00   clock clk (rise edge)
                          0.00   25.00   clock network delay (propagated)
                         -0.25   24.75   clock uncertainty
                          0.00   24.75   clock reconvergence pessimism
                         -5.00   19.75   output external delay
                                 19.75   data required time
-----------------------------------------------------------------------------
                                 19.75   data required time
                                 -0.60   data arrival time
-----------------------------------------------------------------------------
                                 19.15   slack (MET)


Startpoint: _485_ (rising edge-triggered flip-flop clocked by clk)
Endpoint: sideband_out[1] (output port clocked by clk)
Path Group: clk
Path Type: max
Corner: Fastest

Fanout     Cap    Slew   Delay    Time   Description
-----------------------------------------------------------------------------
                          0.00    0.00   clock clk (rise edge)
                          0.00    0.00   clock source latency
                  0.05    0.04    0.04 ^ clk (in)
     1    0.01                           clk (net)
                  0.05    0.00    0.04 ^ clkbuf_0_clk/A (sky130_fd_sc_hd__clkbuf_16)
                  0.03    0.09    0.13 ^ clkbuf_0_clk/X (sky130_fd_sc_hd__clkbuf_16)
     2    0.02                           clknet_0_clk (net)
                  0.03    0.00    0.13 ^ clkbuf_1_0__f_clk/A (sky130_fd_sc_hd__clkbuf_16)
                  0.04    0.09    0.23 ^ clkbuf_1_0__f_clk/X (sky130_fd_sc_hd__clkbuf_16)
     7    0.03                           clknet_1_0__leaf_clk (net)
                  0.04    0.00    0.23 ^ _485_/CLK (sky130_fd_sc_hd__dfrtp_1)
                  0.05    0.23    0.45 ^ _485_/Q (sky130_fd_sc_hd__dfrtp_1)
     2    0.01                           net30 (net)
                  0.05    0.00    0.45 ^ output30/A (sky130_fd_sc_hd__buf_2)
                  0.13    0.15    0.60 ^ output30/X (sky130_fd_sc_hd__buf_2)
     1    0.03                           sideband_out[1] (net)
                  0.13    0.00    0.60 ^ sideband_out[1] (out)
                                  0.60   data arrival time

                         25.00   25.00   clock clk (rise edge)
                          0.00   25.00   clock network delay (propagated)
                         -0.25   24.75   clock uncertainty
                          0.00   24.75   clock reconvergence pessimism
                         -5.00   19.75   output external delay
                                 19.75   data required time
-----------------------------------------------------------------------------
                                 19.75   data required time
                                 -0.60   data arrival time
-----------------------------------------------------------------------------
                                 19.15   slack (MET)


Startpoint: _484_ (rising edge-triggered flip-flop clocked by clk)
Endpoint: sideband_out[0] (output port clocked by clk)
Path Group: clk
Path Type: max
Corner: Fastest

Fanout     Cap    Slew   Delay    Time   Description
-----------------------------------------------------------------------------
                          0.00    0.00   clock clk (rise edge)
                          0.00    0.00   clock source latency
                  0.05    0.04    0.04 ^ clk (in)
     1    0.01                           clk (net)
                  0.05    0.00    0.04 ^ clkbuf_0_clk/A (sky130_fd_sc_hd__clkbuf_16)
                  0.03    0.09    0.13 ^ clkbuf_0_clk/X (sky130_fd_sc_hd__clkbuf_16)
     2    0.02                           clknet_0_clk (net)
                  0.03    0.00    0.13 ^ clkbuf_1_0__f_clk/A (sky130_fd_sc_hd__clkbuf_16)
                  0.04    0.09    0.23 ^ clkbuf_1_0__f_clk/X (sky130_fd_sc_hd__clkbuf_16)
     7    0.03                           clknet_1_0__leaf_clk (net)
                  0.04    0.00    0.23 ^ _484_/CLK (sky130_fd_sc_hd__dfrtp_1)
                  0.04    0.25    0.47 v _484_/Q (sky130_fd_sc_hd__dfrtp_1)
     2    0.01                           net29 (net)
                  0.04    0.00    0.47 v output29/A (sky130_fd_sc_hd__clkbuf_4)
                  0.06    0.13    0.60 v output29/X (sky130_fd_sc_hd__clkbuf_4)
     1    0.03                           sideband_out[0] (net)
                  0.06    0.00    0.60 v sideband_out[0] (out)
                                  0.60   data arrival time

                         25.00   25.00   clock clk (rise edge)
                          0.00   25.00   clock network delay (propagated)
                         -0.25   24.75   clock uncertainty
                          0.00   24.75   clock reconvergence pessimism
                         -5.00   19.75   output external delay
                                 19.75   data required time
-----------------------------------------------------------------------------
                                 19.75   data required time
                                 -0.60   data arrival time
-----------------------------------------------------------------------------
                                 19.15   slack (MET)


Startpoint: _488_ (rising edge-triggered flip-flop clocked by clk)
Endpoint: sideband_out[4] (output port clocked by clk)
Path Group: clk
Path Type: max
Corner: Fastest

Fanout     Cap    Slew   Delay    Time   Description
-----------------------------------------------------------------------------
                          0.00    0.00   clock clk (rise edge)
                          0.00    0.00   clock source latency
                  0.05    0.04    0.04 ^ clk (in)
     1    0.01                           clk (net)
                  0.05    0.00    0.04 ^ clkbuf_0_clk/A (sky130_fd_sc_hd__clkbuf_16)
                  0.03    0.09    0.13 ^ clkbuf_0_clk/X (sky130_fd_sc_hd__clkbuf_16)
     2    0.02                           clknet_0_clk (net)
                  0.03    0.00    0.13 ^ clkbuf_1_0__f_clk/A (sky130_fd_sc_hd__clkbuf_16)
                  0.04    0.09    0.23 ^ clkbuf_1_0__f_clk/X (sky130_fd_sc_hd__clkbuf_16)
     7    0.03                           clknet_1_0__leaf_clk (net)
                  0.04    0.00    0.23 ^ _488_/CLK (sky130_fd_sc_hd__dfrtp_1)
                  0.05    0.23    0.45 ^ _488_/Q (sky130_fd_sc_hd__dfrtp_1)
     2    0.01                           net33 (net)
                  0.05    0.00    0.45 ^ output33/A (sky130_fd_sc_hd__buf_2)
                  0.13    0.15    0.60 ^ output33/X (sky130_fd_sc_hd__buf_2)
     1    0.03                           sideband_out[4] (net)
                  0.13    0.00    0.60 ^ sideband_out[4] (out)
                                  0.60   data arrival time

                         25.00   25.00   clock clk (rise edge)
                          0.00   25.00   clock network delay (propagated)
                         -0.25   24.75   clock uncertainty
                          0.00   24.75   clock reconvergence pessimism
                         -5.00   19.75   output external delay
                                 19.75   data required time
-----------------------------------------------------------------------------
                                 19.75   data required time
                                 -0.60   data arrival time
-----------------------------------------------------------------------------
                                 19.15   slack (MET)


Startpoint: _491_ (rising edge-triggered flip-flop clocked by clk)
Endpoint: sideband_out[7] (output port clocked by clk)
Path Group: clk
Path Type: max
Corner: Fastest

Fanout     Cap    Slew   Delay    Time   Description
-----------------------------------------------------------------------------
                          0.00    0.00   clock clk (rise edge)
                          0.00    0.00   clock source latency
                  0.05    0.04    0.04 ^ clk (in)
     1    0.01                           clk (net)
                  0.05    0.00    0.04 ^ clkbuf_0_clk/A (sky130_fd_sc_hd__clkbuf_16)
                  0.03    0.09    0.13 ^ clkbuf_0_clk/X (sky130_fd_sc_hd__clkbuf_16)
     2    0.02                           clknet_0_clk (net)
                  0.03    0.00    0.13 ^ clkbuf_1_0__f_clk/A (sky130_fd_sc_hd__clkbuf_16)
                  0.04    0.09    0.23 ^ clkbuf_1_0__f_clk/X (sky130_fd_sc_hd__clkbuf_16)
     7    0.03                           clknet_1_0__leaf_clk (net)
                  0.04    0.00    0.23 ^ _491_/CLK (sky130_fd_sc_hd__dfrtp_1)
                  0.03    0.24    0.47 v _491_/Q (sky130_fd_sc_hd__dfrtp_1)
     2    0.00                           net36 (net)
                  0.03    0.00    0.47 v output36/A (sky130_fd_sc_hd__clkbuf_4)
                  0.06    0.13    0.60 v output36/X (sky130_fd_sc_hd__clkbuf_4)
     1    0.03                           sideband_out[7] (net)
                  0.06    0.00    0.60 v sideband_out[7] (out)
                                  0.60   data arrival time

                         25.00   25.00   clock clk (rise edge)
                          0.00   25.00   clock network delay (propagated)
                         -0.25   24.75   clock uncertainty
                          0.00   24.75   clock reconvergence pessimism
                         -5.00   19.75   output external delay
                                 19.75   data required time
-----------------------------------------------------------------------------
                                 19.75   data required time
                                 -0.60   data arrival time
-----------------------------------------------------------------------------
                                 19.15   slack (MET)


Startpoint: _478_ (rising edge-triggered flip-flop clocked by clk)
Endpoint: is_outlier (output port clocked by clk)
Path Group: clk
Path Type: max
Corner: Fastest

Fanout     Cap    Slew   Delay    Time   Description
-----------------------------------------------------------------------------
                          0.00    0.00   clock clk (rise edge)
                          0.00    0.00   clock source latency
                  0.05    0.04    0.04 ^ clk (in)
     1    0.01                           clk (net)
                  0.05    0.00    0.04 ^ clkbuf_0_clk/A (sky130_fd_sc_hd__clkbuf_16)
                  0.03    0.09    0.13 ^ clkbuf_0_clk/X (sky130_fd_sc_hd__clkbuf_16)
     2    0.02                           clknet_0_clk (net)
                  0.03    0.00    0.13 ^ clkbuf_1_1__f_clk/A (sky130_fd_sc_hd__clkbuf_16)
                  0.04    0.09    0.23 ^ clkbuf_1_1__f_clk/X (sky130_fd_sc_hd__clkbuf_16)
     7    0.03                           clknet_1_1__leaf_clk (net)
                  0.04    0.00    0.23 ^ _478_/CLK (sky130_fd_sc_hd__dfrtp_1)
                  0.03    0.24    0.47 v _478_/Q (sky130_fd_sc_hd__dfrtp_1)
     2    0.00                           net28 (net)
                  0.03    0.00    0.47 v output28/A (sky130_fd_sc_hd__clkbuf_4)
                  0.06    0.13    0.60 v output28/X (sky130_fd_sc_hd__clkbuf_4)
     1    0.03                           is_outlier (net)
                  0.06    0.00    0.60 v is_outlier (out)
                                  0.60   data arrival time

                         25.00   25.00   clock clk (rise edge)
                          0.00   25.00   clock network delay (propagated)
                         -0.25   24.75   clock uncertainty
                          0.00   24.75   clock reconvergence pessimism
                         -5.00   19.75   output external delay
                                 19.75   data required time
-----------------------------------------------------------------------------
                                 19.75   data required time
                                 -0.60   data arrival time
-----------------------------------------------------------------------------
                                 19.15   slack (MET)


Startpoint: _480_ (rising edge-triggered flip-flop clocked by clk)
Endpoint: int4_out[0] (output port clocked by clk)
Path Group: clk
Path Type: max
Corner: Fastest

Fanout     Cap    Slew   Delay    Time   Description
-----------------------------------------------------------------------------
                          0.00    0.00   clock clk (rise edge)
                          0.00    0.00   clock source latency
                  0.05    0.04    0.04 ^ clk (in)
     1    0.01                           clk (net)
                  0.05    0.00    0.04 ^ clkbuf_0_clk/A (sky130_fd_sc_hd__clkbuf_16)
                  0.03    0.09    0.13 ^ clkbuf_0_clk/X (sky130_fd_sc_hd__clkbuf_16)
     2    0.02                           clknet_0_clk (net)
                  0.03    0.00    0.13 ^ clkbuf_1_1__f_clk/A (sky130_fd_sc_hd__clkbuf_16)
                  0.04    0.09    0.23 ^ clkbuf_1_1__f_clk/X (sky130_fd_sc_hd__clkbuf_16)
     7    0.03                           clknet_1_1__leaf_clk (net)
                  0.04    0.00    0.23 ^ _480_/CLK (sky130_fd_sc_hd__dfrtp_1)
                  0.03    0.24    0.47 v _480_/Q (sky130_fd_sc_hd__dfrtp_1)
     2    0.00                           net24 (net)
                  0.03    0.00    0.47 v output24/A (sky130_fd_sc_hd__clkbuf_4)
                  0.06    0.13    0.60 v output24/X (sky130_fd_sc_hd__clkbuf_4)
     1    0.03                           int4_out[0] (net)
                  0.06    0.00    0.60 v int4_out[0] (out)
                                  0.60   data arrival time

                         25.00   25.00   clock clk (rise edge)
                          0.00   25.00   clock network delay (propagated)
                         -0.25   24.75   clock uncertainty
                          0.00   24.75   clock reconvergence pessimism
                         -5.00   19.75   output external delay
                                 19.75   data required time
-----------------------------------------------------------------------------
                                 19.75   data required time
                                 -0.60   data arrival time
-----------------------------------------------------------------------------
                                 19.15   slack (MET)


Startpoint: _479_ (rising edge-triggered flip-flop clocked by clk)
Endpoint: valid_out (output port clocked by clk)
Path Group: clk
Path Type: max
Corner: Fastest

Fanout     Cap    Slew   Delay    Time   Description
-----------------------------------------------------------------------------
                          0.00    0.00   clock clk (rise edge)
                          0.00    0.00   clock source latency
                  0.05    0.04    0.04 ^ clk (in)
     1    0.01                           clk (net)
                  0.05    0.00    0.04 ^ clkbuf_0_clk/A (sky130_fd_sc_hd__clkbuf_16)
                  0.03    0.09    0.13 ^ clkbuf_0_clk/X (sky130_fd_sc_hd__clkbuf_16)
     2    0.02                           clknet_0_clk (net)
                  0.03    0.00    0.13 ^ clkbuf_1_1__f_clk/A (sky130_fd_sc_hd__clkbuf_16)
                  0.04    0.09    0.23 ^ clkbuf_1_1__f_clk/X (sky130_fd_sc_hd__clkbuf_16)
     7    0.03                           clknet_1_1__leaf_clk (net)
                  0.04    0.00    0.23 ^ _479_/CLK (sky130_fd_sc_hd__dfrtp_1)
                  0.03    0.24    0.46 v _479_/Q (sky130_fd_sc_hd__dfrtp_1)
     1    0.00                           net37 (net)
                  0.03    0.00    0.46 v output37/A (sky130_fd_sc_hd__clkbuf_4)
                  0.06    0.13    0.59 v output37/X (sky130_fd_sc_hd__clkbuf_4)
     1    0.03                           valid_out (net)
                  0.06    0.00    0.59 v valid_out (out)
                                  0.59   data arrival time

                         25.00   25.00   clock clk (rise edge)
                          0.00   25.00   clock network delay (propagated)
                         -0.25   24.75   clock uncertainty
                          0.00   24.75   clock reconvergence pessimism
                         -5.00   19.75   output external delay
                                 19.75   data required time
-----------------------------------------------------------------------------
                                 19.75   data required time
                                 -0.59   data arrival time
-----------------------------------------------------------------------------
                                 19.16   slack (MET)


Startpoint: valid_in (input port clocked by clk)
Endpoint: _479_ (rising edge-triggered flip-flop clocked by clk)
Path Group: clk
Path Type: max
Corner: Fastest

Fanout     Cap    Slew   Delay    Time   Description
-----------------------------------------------------------------------------
                          0.00    0.00   clock clk (rise edge)
                          0.00    0.00   clock network delay (propagated)
                          5.00    5.00 ^ input external delay
                  0.02    0.01    5.01 ^ valid_in (in)
     1    0.00                           valid_in (net)
                  0.02    0.00    5.01 ^ input23/A (sky130_fd_sc_hd__buf_1)
                  0.17    0.15    5.16 ^ input23/X (sky130_fd_sc_hd__buf_1)
     2    0.02                           net23 (net)
                  0.17    0.00    5.16 ^ _479_/D (sky130_fd_sc_hd__dfrtp_1)
                                  5.16   data arrival time

                         25.00   25.00   clock clk (rise edge)
                          0.00   25.00   clock source latency
                  0.05    0.03   25.03 ^ clk (in)
     1    0.01                           clk (net)
                  0.05    0.00   25.03 ^ clkbuf_0_clk/A (sky130_fd_sc_hd__clkbuf_16)
                  0.03    0.09   25.12 ^ clkbuf_0_clk/X (sky130_fd_sc_hd__clkbuf_16)
     2    0.02                           clknet_0_clk (net)
                  0.03    0.00   25.12 ^ clkbuf_1_1__f_clk/A (sky130_fd_sc_hd__clkbuf_16)
                  0.04    0.09   25.20 ^ clkbuf_1_1__f_clk/X (sky130_fd_sc_hd__clkbuf_16)
     7    0.03                           clknet_1_1__leaf_clk (net)
                  0.04    0.00   25.21 ^ _479_/CLK (sky130_fd_sc_hd__dfrtp_1)
                         -0.25   24.96   clock uncertainty
                          0.00   24.96   clock reconvergence pessimism
                         -0.05   24.91   library setup time
                                 24.91   data required time
-----------------------------------------------------------------------------
                                 24.91   data required time
                                 -5.16   data arrival time
-----------------------------------------------------------------------------
                                 19.75   slack (MET)


Startpoint: rst_n (input port clocked by clk)
Endpoint: _484_ (recovery check against rising-edge clock clk)
Path Group: asynchronous
Path Type: max
Corner: Fastest

Fanout     Cap    Slew   Delay    Time   Description
-----------------------------------------------------------------------------
                          0.00    0.00   clock clk (rise edge)
                          0.00    0.00   clock network delay (propagated)
                          5.00    5.00 ^ input external delay
                  0.01    0.01    5.01 ^ rst_n (in)
     1    0.00                           rst_n (net)
                  0.01    0.00    5.01 ^ input10/A (sky130_fd_sc_hd__clkbuf_2)
                  0.11    0.12    5.13 ^ input10/X (sky130_fd_sc_hd__clkbuf_2)
     5    0.02                           net10 (net)
                  0.11    0.00    5.13 ^ fanout39/A (sky130_fd_sc_hd__buf_4)
                  0.13    0.16    5.29 ^ fanout39/X (sky130_fd_sc_hd__buf_4)
    10    0.06                           net39 (net)
                  0.13    0.01    5.30 ^ _484_/RESET_B (sky130_fd_sc_hd__dfrtp_1)
                                  5.30   data arrival time

                         25.00   25.00   clock clk (rise edge)
                          0.00   25.00   clock source latency
                  0.05    0.03   25.03 ^ clk (in)
     1    0.01                           clk (net)
                  0.05    0.00   25.03 ^ clkbuf_0_clk/A (sky130_fd_sc_hd__clkbuf_16)
                  0.03    0.09   25.12 ^ clkbuf_0_clk/X (sky130_fd_sc_hd__clkbuf_16)
     2    0.02                           clknet_0_clk (net)
                  0.03    0.00   25.12 ^ clkbuf_1_0__f_clk/A (sky130_fd_sc_hd__clkbuf_16)
                  0.04    0.08   25.20 ^ clkbuf_1_0__f_clk/X (sky130_fd_sc_hd__clkbuf_16)
     7    0.03                           clknet_1_0__leaf_clk (net)
                  0.04    0.00   25.20 ^ _484_/CLK (sky130_fd_sc_hd__dfrtp_1)
                         -0.25   24.95   clock uncertainty
                          0.00   24.95   clock reconvergence pessimism
                          0.13   25.08   library recovery time
                                 25.08   data required time
-----------------------------------------------------------------------------
                                 25.08   data required time
                                 -5.30   data arrival time
-----------------------------------------------------------------------------
                                 19.78   slack (MET)


Startpoint: rst_n (input port clocked by clk)
Endpoint: _490_ (recovery check against rising-edge clock clk)
Path Group: asynchronous
Path Type: max
Corner: Fastest

Fanout     Cap    Slew   Delay    Time   Description
-----------------------------------------------------------------------------
                          0.00    0.00   clock clk (rise edge)
                          0.00    0.00   clock network delay (propagated)
                          5.00    5.00 ^ input external delay
                  0.01    0.01    5.01 ^ rst_n (in)
     1    0.00                           rst_n (net)
                  0.01    0.00    5.01 ^ input10/A (sky130_fd_sc_hd__clkbuf_2)
                  0.11    0.12    5.13 ^ input10/X (sky130_fd_sc_hd__clkbuf_2)
     5    0.02                           net10 (net)
                  0.11    0.00    5.13 ^ fanout39/A (sky130_fd_sc_hd__buf_4)
                  0.13    0.16    5.29 ^ fanout39/X (sky130_fd_sc_hd__buf_4)
    10    0.06                           net39 (net)
                  0.13    0.01    5.30 ^ _490_/RESET_B (sky130_fd_sc_hd__dfrtp_1)
                                  5.30   data arrival time

                         25.00   25.00   clock clk (rise edge)
                          0.00   25.00   clock source latency
                  0.05    0.03   25.03 ^ clk (in)
     1    0.01                           clk (net)
                  0.05    0.00   25.03 ^ clkbuf_0_clk/A (sky130_fd_sc_hd__clkbuf_16)
                  0.03    0.09   25.12 ^ clkbuf_0_clk/X (sky130_fd_sc_hd__clkbuf_16)
     2    0.02                           clknet_0_clk (net)
                  0.03    0.00   25.12 ^ clkbuf_1_0__f_clk/A (sky130_fd_sc_hd__clkbuf_16)
                  0.04    0.08   25.20 ^ clkbuf_1_0__f_clk/X (sky130_fd_sc_hd__clkbuf_16)
     7    0.03                           clknet_1_0__leaf_clk (net)
                  0.04    0.00   25.20 ^ _490_/CLK (sky130_fd_sc_hd__dfrtp_1)
                         -0.25   24.95   clock uncertainty
                          0.00   24.95   clock reconvergence pessimism
                          0.13   25.08   library recovery time
                                 25.08   data required time
-----------------------------------------------------------------------------
                                 25.08   data required time
                                 -5.30   data arrival time
-----------------------------------------------------------------------------
                                 19.78   slack (MET)


Startpoint: rst_n (input port clocked by clk)
Endpoint: _489_ (recovery check against rising-edge clock clk)
Path Group: asynchronous
Path Type: max
Corner: Fastest

Fanout     Cap    Slew   Delay    Time   Description
-----------------------------------------------------------------------------
                          0.00    0.00   clock clk (rise edge)
                          0.00    0.00   clock network delay (propagated)
                          5.00    5.00 ^ input external delay
                  0.01    0.01    5.01 ^ rst_n (in)
     1    0.00                           rst_n (net)
                  0.01    0.00    5.01 ^ input10/A (sky130_fd_sc_hd__clkbuf_2)
                  0.11    0.12    5.13 ^ input10/X (sky130_fd_sc_hd__clkbuf_2)
     5    0.02                           net10 (net)
                  0.11    0.00    5.13 ^ fanout39/A (sky130_fd_sc_hd__buf_4)
                  0.13    0.16    5.29 ^ fanout39/X (sky130_fd_sc_hd__buf_4)
    10    0.06                           net39 (net)
                  0.13    0.01    5.30 ^ _489_/RESET_B (sky130_fd_sc_hd__dfrtp_1)
                                  5.30   data arrival time

                         25.00   25.00   clock clk (rise edge)
                          0.00   25.00   clock source latency
                  0.05    0.03   25.03 ^ clk (in)
     1    0.01                           clk (net)
                  0.05    0.00   25.03 ^ clkbuf_0_clk/A (sky130_fd_sc_hd__clkbuf_16)
                  0.03    0.09   25.12 ^ clkbuf_0_clk/X (sky130_fd_sc_hd__clkbuf_16)
     2    0.02                           clknet_0_clk (net)
                  0.03    0.00   25.12 ^ clkbuf_1_0__f_clk/A (sky130_fd_sc_hd__clkbuf_16)
                  0.04    0.08   25.20 ^ clkbuf_1_0__f_clk/X (sky130_fd_sc_hd__clkbuf_16)
     7    0.03                           clknet_1_0__leaf_clk (net)
                  0.04    0.00   25.20 ^ _489_/CLK (sky130_fd_sc_hd__dfrtp_1)
                         -0.25   24.95   clock uncertainty
                          0.00   24.95   clock reconvergence pessimism
                          0.13   25.08   library recovery time
                                 25.08   data required time
-----------------------------------------------------------------------------
                                 25.08   data required time
                                 -5.30   data arrival time
-----------------------------------------------------------------------------
                                 19.78   slack (MET)


Startpoint: rst_n (input port clocked by clk)
Endpoint: _491_ (recovery check against rising-edge clock clk)
Path Group: asynchronous
Path Type: max
Corner: Fastest

Fanout     Cap    Slew   Delay    Time   Description
-----------------------------------------------------------------------------
                          0.00    0.00   clock clk (rise edge)
                          0.00    0.00   clock network delay (propagated)
                          5.00    5.00 ^ input external delay
                  0.01    0.01    5.01 ^ rst_n (in)
     1    0.00                           rst_n (net)
                  0.01    0.00    5.01 ^ input10/A (sky130_fd_sc_hd__clkbuf_2)
                  0.11    0.12    5.13 ^ input10/X (sky130_fd_sc_hd__clkbuf_2)
     5    0.02                           net10 (net)
                  0.11    0.00    5.13 ^ fanout39/A (sky130_fd_sc_hd__buf_4)
                  0.13    0.16    5.29 ^ fanout39/X (sky130_fd_sc_hd__buf_4)
    10    0.06                           net39 (net)
                  0.13    0.01    5.30 ^ _491_/RESET_B (sky130_fd_sc_hd__dfrtp_1)
                                  5.30   data arrival time

                         25.00   25.00   clock clk (rise edge)
                          0.00   25.00   clock source latency
                  0.05    0.03   25.03 ^ clk (in)
     1    0.01                           clk (net)
                  0.05    0.00   25.03 ^ clkbuf_0_clk/A (sky130_fd_sc_hd__clkbuf_16)
                  0.03    0.09   25.12 ^ clkbuf_0_clk/X (sky130_fd_sc_hd__clkbuf_16)
     2    0.02                           clknet_0_clk (net)
                  0.03    0.00   25.12 ^ clkbuf_1_0__f_clk/A (sky130_fd_sc_hd__clkbuf_16)
                  0.04    0.08   25.20 ^ clkbuf_1_0__f_clk/X (sky130_fd_sc_hd__clkbuf_16)
     7    0.03                           clknet_1_0__leaf_clk (net)
                  0.04    0.00   25.20 ^ _491_/CLK (sky130_fd_sc_hd__dfrtp_1)
                         -0.25   24.95   clock uncertainty
                          0.00   24.95   clock reconvergence pessimism
                          0.13   25.08   library recovery time
                                 25.08   data required time
-----------------------------------------------------------------------------
                                 25.08   data required time
                                 -5.30   data arrival time
-----------------------------------------------------------------------------
                                 19.78   slack (MET)


Startpoint: rst_n (input port clocked by clk)
Endpoint: _478_ (recovery check against rising-edge clock clk)
Path Group: asynchronous
Path Type: max
Corner: Fastest

Fanout     Cap    Slew   Delay    Time   Description
-----------------------------------------------------------------------------
                          0.00    0.00   clock clk (rise edge)
                          0.00    0.00   clock network delay (propagated)
                          5.00    5.00 ^ input external delay
                  0.01    0.01    5.01 ^ rst_n (in)
     1    0.00                           rst_n (net)
                  0.01    0.00    5.01 ^ input10/A (sky130_fd_sc_hd__clkbuf_2)
                  0.11    0.12    5.13 ^ input10/X (sky130_fd_sc_hd__clkbuf_2)
     5    0.02                           net10 (net)
                  0.11    0.00    5.13 ^ fanout39/A (sky130_fd_sc_hd__buf_4)
                  0.13    0.16    5.29 ^ fanout39/X (sky130_fd_sc_hd__buf_4)
    10    0.06                           net39 (net)
                  0.13    0.01    5.30 ^ _478_/RESET_B (sky130_fd_sc_hd__dfrtp_1)
                                  5.30   data arrival time

                         25.00   25.00   clock clk (rise edge)
                          0.00   25.00   clock source latency
                  0.05    0.03   25.03 ^ clk (in)
     1    0.01                           clk (net)
                  0.05    0.00   25.03 ^ clkbuf_0_clk/A (sky130_fd_sc_hd__clkbuf_16)
                  0.03    0.09   25.12 ^ clkbuf_0_clk/X (sky130_fd_sc_hd__clkbuf_16)
     2    0.02                           clknet_0_clk (net)
                  0.03    0.00   25.12 ^ clkbuf_1_1__f_clk/A (sky130_fd_sc_hd__clkbuf_16)
                  0.04    0.09   25.20 ^ clkbuf_1_1__f_clk/X (sky130_fd_sc_hd__clkbuf_16)
     7    0.03                           clknet_1_1__leaf_clk (net)
                  0.04    0.00   25.20 ^ _478_/CLK (sky130_fd_sc_hd__dfrtp_1)
                         -0.25   24.95   clock uncertainty
                          0.00   24.95   clock reconvergence pessimism
                          0.13   25.08   library recovery time
                                 25.08   data required time
-----------------------------------------------------------------------------
                                 25.08   data required time
                                 -5.30   data arrival time
-----------------------------------------------------------------------------
                                 19.78   slack (MET)


Startpoint: rst_n (input port clocked by clk)
Endpoint: _480_ (recovery check against rising-edge clock clk)
Path Group: asynchronous
Path Type: max
Corner: Fastest

Fanout     Cap    Slew   Delay    Time   Description
-----------------------------------------------------------------------------
                          0.00    0.00   clock clk (rise edge)
                          0.00    0.00   clock network delay (propagated)
                          5.00    5.00 ^ input external delay
                  0.01    0.01    5.01 ^ rst_n (in)
     1    0.00                           rst_n (net)
                  0.01    0.00    5.01 ^ input10/A (sky130_fd_sc_hd__clkbuf_2)
                  0.11    0.12    5.13 ^ input10/X (sky130_fd_sc_hd__clkbuf_2)
     5    0.02                           net10 (net)
                  0.11    0.00    5.13 ^ fanout39/A (sky130_fd_sc_hd__buf_4)
                  0.13    0.16    5.29 ^ fanout39/X (sky130_fd_sc_hd__buf_4)
    10    0.06                           net39 (net)
                  0.13    0.00    5.30 ^ _480_/RESET_B (sky130_fd_sc_hd__dfrtp_1)
                                  5.30   data arrival time

                         25.00   25.00   clock clk (rise edge)
                          0.00   25.00   clock source latency
                  0.05    0.03   25.03 ^ clk (in)
     1    0.01                           clk (net)
                  0.05    0.00   25.03 ^ clkbuf_0_clk/A (sky130_fd_sc_hd__clkbuf_16)
                  0.03    0.09   25.12 ^ clkbuf_0_clk/X (sky130_fd_sc_hd__clkbuf_16)
     2    0.02                           clknet_0_clk (net)
                  0.03    0.00   25.12 ^ clkbuf_1_1__f_clk/A (sky130_fd_sc_hd__clkbuf_16)
                  0.04    0.09   25.20 ^ clkbuf_1_1__f_clk/X (sky130_fd_sc_hd__clkbuf_16)
     7    0.03                           clknet_1_1__leaf_clk (net)
                  0.04    0.00   25.21 ^ _480_/CLK (sky130_fd_sc_hd__dfrtp_1)
                         -0.25   24.96   clock uncertainty
                          0.00   24.96   clock reconvergence pessimism
                          0.13   25.08   library recovery time
                                 25.08   data required time
-----------------------------------------------------------------------------
                                 25.08   data required time
                                 -5.30   data arrival time
-----------------------------------------------------------------------------
                                 19.78   slack (MET)


Startpoint: rst_n (input port clocked by clk)
Endpoint: _483_ (recovery check against rising-edge clock clk)
Path Group: asynchronous
Path Type: max
Corner: Fastest

Fanout     Cap    Slew   Delay    Time   Description
-----------------------------------------------------------------------------
                          0.00    0.00   clock clk (rise edge)
                          0.00    0.00   clock network delay (propagated)
                          5.00    5.00 ^ input external delay
                  0.01    0.01    5.01 ^ rst_n (in)
     1    0.00                           rst_n (net)
                  0.01    0.00    5.01 ^ input10/A (sky130_fd_sc_hd__clkbuf_2)
                  0.11    0.12    5.13 ^ input10/X (sky130_fd_sc_hd__clkbuf_2)
     5    0.02                           net10 (net)
                  0.11    0.00    5.13 ^ fanout39/A (sky130_fd_sc_hd__buf_4)
                  0.13    0.16    5.29 ^ fanout39/X (sky130_fd_sc_hd__buf_4)
    10    0.06                           net39 (net)
                  0.13    0.00    5.30 ^ _483_/RESET_B (sky130_fd_sc_hd__dfrtp_1)
                                  5.30   data arrival time

                         25.00   25.00   clock clk (rise edge)
                          0.00   25.00   clock source latency
                  0.05    0.03   25.03 ^ clk (in)
     1    0.01                           clk (net)
                  0.05    0.00   25.03 ^ clkbuf_0_clk/A (sky130_fd_sc_hd__clkbuf_16)
                  0.03    0.09   25.12 ^ clkbuf_0_clk/X (sky130_fd_sc_hd__clkbuf_16)
     2    0.02                           clknet_0_clk (net)
                  0.03    0.00   25.12 ^ clkbuf_1_1__f_clk/A (sky130_fd_sc_hd__clkbuf_16)
                  0.04    0.09   25.20 ^ clkbuf_1_1__f_clk/X (sky130_fd_sc_hd__clkbuf_16)
     7    0.03                           clknet_1_1__leaf_clk (net)
                  0.04    0.00   25.21 ^ _483_/CLK (sky130_fd_sc_hd__dfrtp_1)
                         -0.25   24.96   clock uncertainty
                          0.00   24.96   clock reconvergence pessimism
                          0.13   25.08   library recovery time
                                 25.08   data required time
-----------------------------------------------------------------------------
                                 25.08   data required time
                                 -5.30   data arrival time
-----------------------------------------------------------------------------
                                 19.78   slack (MET)


Startpoint: rst_n (input port clocked by clk)
Endpoint: _482_ (recovery check against rising-edge clock clk)
Path Group: asynchronous
Path Type: max
Corner: Fastest

Fanout     Cap    Slew   Delay    Time   Description
-----------------------------------------------------------------------------
                          0.00    0.00   clock clk (rise edge)
                          0.00    0.00   clock network delay (propagated)
                          5.00    5.00 ^ input external delay
                  0.01    0.01    5.01 ^ rst_n (in)
     1    0.00                           rst_n (net)
                  0.01    0.00    5.01 ^ input10/A (sky130_fd_sc_hd__clkbuf_2)
                  0.11    0.12    5.13 ^ input10/X (sky130_fd_sc_hd__clkbuf_2)
     5    0.02                           net10 (net)
                  0.11    0.00    5.13 ^ fanout39/A (sky130_fd_sc_hd__buf_4)
                  0.13    0.16    5.29 ^ fanout39/X (sky130_fd_sc_hd__buf_4)
    10    0.06                           net39 (net)
                  0.13    0.00    5.30 ^ _482_/RESET_B (sky130_fd_sc_hd__dfrtp_1)
                                  5.30   data arrival time

                         25.00   25.00   clock clk (rise edge)
                          0.00   25.00   clock source latency
                  0.05    0.03   25.03 ^ clk (in)
     1    0.01                           clk (net)
                  0.05    0.00   25.03 ^ clkbuf_0_clk/A (sky130_fd_sc_hd__clkbuf_16)
                  0.03    0.09   25.12 ^ clkbuf_0_clk/X (sky130_fd_sc_hd__clkbuf_16)
     2    0.02                           clknet_0_clk (net)
                  0.03    0.00   25.12 ^ clkbuf_1_1__f_clk/A (sky130_fd_sc_hd__clkbuf_16)
                  0.04    0.09   25.20 ^ clkbuf_1_1__f_clk/X (sky130_fd_sc_hd__clkbuf_16)
     7    0.03                           clknet_1_1__leaf_clk (net)
                  0.04    0.00   25.21 ^ _482_/CLK (sky130_fd_sc_hd__dfrtp_1)
                         -0.25   24.96   clock uncertainty
                          0.00   24.96   clock reconvergence pessimism
                          0.13   25.08   library recovery time
                                 25.08   data required time
-----------------------------------------------------------------------------
                                 25.08   data required time
                                 -5.30   data arrival time
-----------------------------------------------------------------------------
                                 19.78   slack (MET)


Startpoint: rst_n (input port clocked by clk)
Endpoint: _479_ (recovery check against rising-edge clock clk)
Path Group: asynchronous
Path Type: max
Corner: Fastest

Fanout     Cap    Slew   Delay    Time   Description
-----------------------------------------------------------------------------
                          0.00    0.00   clock clk (rise edge)
                          0.00    0.00   clock network delay (propagated)
                          5.00    5.00 ^ input external delay
                  0.01    0.01    5.01 ^ rst_n (in)
     1    0.00                           rst_n (net)
                  0.01    0.00    5.01 ^ input10/A (sky130_fd_sc_hd__clkbuf_2)
                  0.11    0.12    5.13 ^ input10/X (sky130_fd_sc_hd__clkbuf_2)
     5    0.02                           net10 (net)
                  0.11    0.00    5.13 ^ fanout39/A (sky130_fd_sc_hd__buf_4)
                  0.13    0.16    5.29 ^ fanout39/X (sky130_fd_sc_hd__buf_4)
    10    0.06                           net39 (net)
                  0.13    0.00    5.30 ^ _479_/RESET_B (sky130_fd_sc_hd__dfrtp_1)
                                  5.30   data arrival time

                         25.00   25.00   clock clk (rise edge)
                          0.00   25.00   clock source latency
                  0.05    0.03   25.03 ^ clk (in)
     1    0.01                           clk (net)
                  0.05    0.00   25.03 ^ clkbuf_0_clk/A (sky130_fd_sc_hd__clkbuf_16)
                  0.03    0.09   25.12 ^ clkbuf_0_clk/X (sky130_fd_sc_hd__clkbuf_16)
     2    0.02                           clknet_0_clk (net)
                  0.03    0.00   25.12 ^ clkbuf_1_1__f_clk/A (sky130_fd_sc_hd__clkbuf_16)
                  0.04    0.09   25.20 ^ clkbuf_1_1__f_clk/X (sky130_fd_sc_hd__clkbuf_16)
     7    0.03                           clknet_1_1__leaf_clk (net)
                  0.04    0.00   25.21 ^ _479_/CLK (sky130_fd_sc_hd__dfrtp_1)
                         -0.25   24.96   clock uncertainty
                          0.00   24.96   clock reconvergence pessimism
                          0.13   25.08   library recovery time
                                 25.08   data required time
-----------------------------------------------------------------------------
                                 25.08   data required time
                                 -5.30   data arrival time
-----------------------------------------------------------------------------
                                 19.79   slack (MET)


Startpoint: rst_n (input port clocked by clk)
Endpoint: _481_ (recovery check against rising-edge clock clk)
Path Group: asynchronous
Path Type: max
Corner: Fastest

Fanout     Cap    Slew   Delay    Time   Description
-----------------------------------------------------------------------------
                          0.00    0.00   clock clk (rise edge)
                          0.00    0.00   clock network delay (propagated)
                          5.00    5.00 ^ input external delay
                  0.01    0.01    5.01 ^ rst_n (in)
     1    0.00                           rst_n (net)
                  0.01    0.00    5.01 ^ input10/A (sky130_fd_sc_hd__clkbuf_2)
                  0.11    0.12    5.13 ^ input10/X (sky130_fd_sc_hd__clkbuf_2)
     5    0.02                           net10 (net)
                  0.11    0.00    5.13 ^ fanout39/A (sky130_fd_sc_hd__buf_4)
                  0.13    0.16    5.29 ^ fanout39/X (sky130_fd_sc_hd__buf_4)
    10    0.06                           net39 (net)
                  0.13    0.00    5.29 ^ _481_/RESET_B (sky130_fd_sc_hd__dfrtp_1)
                                  5.29   data arrival time

                         25.00   25.00   clock clk (rise edge)
                          0.00   25.00   clock source latency
                  0.05    0.03   25.03 ^ clk (in)
     1    0.01                           clk (net)
                  0.05    0.00   25.03 ^ clkbuf_0_clk/A (sky130_fd_sc_hd__clkbuf_16)
                  0.03    0.09   25.12 ^ clkbuf_0_clk/X (sky130_fd_sc_hd__clkbuf_16)
     2    0.02                           clknet_0_clk (net)
                  0.03    0.00   25.12 ^ clkbuf_1_1__f_clk/A (sky130_fd_sc_hd__clkbuf_16)
                  0.04    0.09   25.20 ^ clkbuf_1_1__f_clk/X (sky130_fd_sc_hd__clkbuf_16)
     7    0.03                           clknet_1_1__leaf_clk (net)
                  0.04    0.00   25.21 ^ _481_/CLK (sky130_fd_sc_hd__dfrtp_1)
                         -0.25   24.96   clock uncertainty
                          0.00   24.96   clock reconvergence pessimism
                          0.13   25.08   library recovery time
                                 25.08   data required time
-----------------------------------------------------------------------------
                                 25.08   data required time
                                 -5.29   data arrival time
-----------------------------------------------------------------------------
                                 19.79   slack (MET)


Startpoint: rst_n (input port clocked by clk)
Endpoint: _486_ (recovery check against rising-edge clock clk)
Path Group: asynchronous
Path Type: max
Corner: Fastest

Fanout     Cap    Slew   Delay    Time   Description
-----------------------------------------------------------------------------
                          0.00    0.00   clock clk (rise edge)
                          0.00    0.00   clock network delay (propagated)
                          5.00    5.00 ^ input external delay
                  0.01    0.01    5.01 ^ rst_n (in)
     1    0.00                           rst_n (net)
                  0.01    0.00    5.01 ^ input10/A (sky130_fd_sc_hd__clkbuf_2)
                  0.11    0.12    5.13 ^ input10/X (sky130_fd_sc_hd__clkbuf_2)
     5    0.02                           net10 (net)
                  0.11    0.00    5.13 ^ _486_/RESET_B (sky130_fd_sc_hd__dfrtp_1)
                                  5.13   data arrival time

                         25.00   25.00   clock clk (rise edge)
                          0.00   25.00   clock source latency
                  0.05    0.03   25.03 ^ clk (in)
     1    0.01                           clk (net)
                  0.05    0.00   25.03 ^ clkbuf_0_clk/A (sky130_fd_sc_hd__clkbuf_16)
                  0.03    0.09   25.12 ^ clkbuf_0_clk/X (sky130_fd_sc_hd__clkbuf_16)
     2    0.02                           clknet_0_clk (net)
                  0.03    0.00   25.12 ^ clkbuf_1_0__f_clk/A (sky130_fd_sc_hd__clkbuf_16)
                  0.04    0.08   25.20 ^ clkbuf_1_0__f_clk/X (sky130_fd_sc_hd__clkbuf_16)
     7    0.03                           clknet_1_0__leaf_clk (net)
                  0.04    0.00   25.20 ^ _486_/CLK (sky130_fd_sc_hd__dfrtp_1)
                         -0.25   24.95   clock uncertainty
                          0.00   24.95   clock reconvergence pessimism
                          0.13   25.08   library recovery time
                                 25.08   data required time
-----------------------------------------------------------------------------
                                 25.08   data required time
                                 -5.13   data arrival time
-----------------------------------------------------------------------------
                                 19.95   slack (MET)


Startpoint: rst_n (input port clocked by clk)
Endpoint: _488_ (recovery check against rising-edge clock clk)
Path Group: asynchronous
Path Type: max
Corner: Fastest

Fanout     Cap    Slew   Delay    Time   Description
-----------------------------------------------------------------------------
                          0.00    0.00   clock clk (rise edge)
                          0.00    0.00   clock network delay (propagated)
                          5.00    5.00 ^ input external delay
                  0.01    0.01    5.01 ^ rst_n (in)
     1    0.00                           rst_n (net)
                  0.01    0.00    5.01 ^ input10/A (sky130_fd_sc_hd__clkbuf_2)
                  0.11    0.12    5.13 ^ input10/X (sky130_fd_sc_hd__clkbuf_2)
     5    0.02                           net10 (net)
                  0.11    0.00    5.13 ^ _488_/RESET_B (sky130_fd_sc_hd__dfrtp_1)
                                  5.13   data arrival time

                         25.00   25.00   clock clk (rise edge)
                          0.00   25.00   clock source latency
                  0.05    0.03   25.03 ^ clk (in)
     1    0.01                           clk (net)
                  0.05    0.00   25.03 ^ clkbuf_0_clk/A (sky130_fd_sc_hd__clkbuf_16)
                  0.03    0.09   25.12 ^ clkbuf_0_clk/X (sky130_fd_sc_hd__clkbuf_16)
     2    0.02                           clknet_0_clk (net)
                  0.03    0.00   25.12 ^ clkbuf_1_0__f_clk/A (sky130_fd_sc_hd__clkbuf_16)
                  0.04    0.08   25.20 ^ clkbuf_1_0__f_clk/X (sky130_fd_sc_hd__clkbuf_16)
     7    0.03                           clknet_1_0__leaf_clk (net)
                  0.04    0.00   25.20 ^ _488_/CLK (sky130_fd_sc_hd__dfrtp_1)
                         -0.25   24.95   clock uncertainty
                          0.00   24.95   clock reconvergence pessimism
                          0.13   25.08   library recovery time
                                 25.08   data required time
-----------------------------------------------------------------------------
                                 25.08   data required time
                                 -5.13   data arrival time
-----------------------------------------------------------------------------
                                 19.95   slack (MET)


Startpoint: rst_n (input port clocked by clk)
Endpoint: _485_ (recovery check against rising-edge clock clk)
Path Group: asynchronous
Path Type: max
Corner: Fastest

Fanout     Cap    Slew   Delay    Time   Description
-----------------------------------------------------------------------------
                          0.00    0.00   clock clk (rise edge)
                          0.00    0.00   clock network delay (propagated)
                          5.00    5.00 ^ input external delay
                  0.01    0.01    5.01 ^ rst_n (in)
     1    0.00                           rst_n (net)
                  0.01    0.00    5.01 ^ input10/A (sky130_fd_sc_hd__clkbuf_2)
                  0.11    0.12    5.13 ^ input10/X (sky130_fd_sc_hd__clkbuf_2)
     5    0.02                           net10 (net)
                  0.11    0.00    5.13 ^ _485_/RESET_B (sky130_fd_sc_hd__dfrtp_1)
                                  5.13   data arrival time

                         25.00   25.00   clock clk (rise edge)
                          0.00   25.00   clock source latency
                  0.05    0.03   25.03 ^ clk (in)
     1    0.01                           clk (net)
                  0.05    0.00   25.03 ^ clkbuf_0_clk/A (sky130_fd_sc_hd__clkbuf_16)
                  0.03    0.09   25.12 ^ clkbuf_0_clk/X (sky130_fd_sc_hd__clkbuf_16)
     2    0.02                           clknet_0_clk (net)
                  0.03    0.00   25.12 ^ clkbuf_1_0__f_clk/A (sky130_fd_sc_hd__clkbuf_16)
                  0.04    0.08   25.20 ^ clkbuf_1_0__f_clk/X (sky130_fd_sc_hd__clkbuf_16)
     7    0.03                           clknet_1_0__leaf_clk (net)
                  0.04    0.00   25.20 ^ _485_/CLK (sky130_fd_sc_hd__dfrtp_1)
                         -0.25   24.95   clock uncertainty
                          0.00   24.95   clock reconvergence pessimism
                          0.13   25.08   library recovery time
                                 25.08   data required time
-----------------------------------------------------------------------------
                                 25.08   data required time
                                 -5.13   data arrival time
-----------------------------------------------------------------------------
                                 19.95   slack (MET)


Startpoint: rst_n (input port clocked by clk)
Endpoint: _487_ (recovery check against rising-edge clock clk)
Path Group: asynchronous
Path Type: max
Corner: Fastest

Fanout     Cap    Slew   Delay    Time   Description
-----------------------------------------------------------------------------
                          0.00    0.00   clock clk (rise edge)
                          0.00    0.00   clock network delay (propagated)
                          5.00    5.00 ^ input external delay
                  0.01    0.01    5.01 ^ rst_n (in)
     1    0.00                           rst_n (net)
                  0.01    0.00    5.01 ^ input10/A (sky130_fd_sc_hd__clkbuf_2)
                  0.11    0.12    5.13 ^ input10/X (sky130_fd_sc_hd__clkbuf_2)
     5    0.02                           net10 (net)
                  0.11    0.00    5.13 ^ _487_/RESET_B (sky130_fd_sc_hd__dfrtp_1)
                                  5.13   data arrival time

                         25.00   25.00   clock clk (rise edge)
                          0.00   25.00   clock source latency
                  0.05    0.03   25.03 ^ clk (in)
     1    0.01                           clk (net)
                  0.05    0.00   25.03 ^ clkbuf_0_clk/A (sky130_fd_sc_hd__clkbuf_16)
                  0.03    0.09   25.12 ^ clkbuf_0_clk/X (sky130_fd_sc_hd__clkbuf_16)
     2    0.02                           clknet_0_clk (net)
                  0.03    0.00   25.12 ^ clkbuf_1_1__f_clk/A (sky130_fd_sc_hd__clkbuf_16)
                  0.04    0.09   25.20 ^ clkbuf_1_1__f_clk/X (sky130_fd_sc_hd__clkbuf_16)
     7    0.03                           clknet_1_1__leaf_clk (net)
                  0.04    0.00   25.21 ^ _487_/CLK (sky130_fd_sc_hd__dfrtp_1)
                         -0.25   24.96   clock uncertainty
                          0.00   24.96   clock reconvergence pessimism
                          0.13   25.09   library recovery time
                                 25.09   data required time
-----------------------------------------------------------------------------
                                 25.09   data required time
                                 -5.13   data arrival time
-----------------------------------------------------------------------------
                                 19.96   slack (MET)



======================= Slowest Corner ===================================

Startpoint: data_in[4] (input port clocked by clk)
Endpoint: _480_ (rising edge-triggered flip-flop clocked by clk)
Path Group: clk
Path Type: max
Corner: Slowest

Fanout     Cap    Slew   Delay    Time   Description
-----------------------------------------------------------------------------
                          0.00    0.00   clock clk (rise edge)
                          0.00    0.00   clock network delay (propagated)
                          5.00    5.00 ^ input external delay
                  0.04    0.02    5.02 ^ data_in[4] (in)
     1    0.00                           data_in[4] (net)
                  0.04    0.00    5.02 ^ input5/A (sky130_fd_sc_hd__buf_1)
                  0.29    0.31    5.33 ^ input5/X (sky130_fd_sc_hd__buf_1)
     2    0.01                           net5 (net)
                  0.29    0.00    5.33 ^ _244_/A (sky130_fd_sc_hd__clkbuf_4)
                  0.26    0.51    5.84 ^ _244_/X (sky130_fd_sc_hd__clkbuf_4)
    10    0.05                           _194_ (net)
                  0.26    0.00    5.84 ^ _296_/D (sky130_fd_sc_hd__nand4_2)
                  0.24    0.37    6.21 v _296_/Y (sky130_fd_sc_hd__nand4_2)
     3    0.01                           _019_ (net)
                  0.24    0.00    6.21 v _331_/B1 (sky130_fd_sc_hd__a22o_1)
                  0.12    0.47    6.68 v _331_/X (sky130_fd_sc_hd__a22o_1)
     3    0.01                           _054_ (net)
                  0.12    0.00    6.68 v _333_/C (sky130_fd_sc_hd__and3_1)
                  0.10    0.43    7.11 v _333_/X (sky130_fd_sc_hd__and3_1)
     2    0.01                           _056_ (net)
                  0.10    0.00    7.11 v _335_/B (sky130_fd_sc_hd__or3b_2)
                  0.22    1.20    8.31 v _335_/X (sky130_fd_sc_hd__or3b_2)
     4    0.01                           _058_ (net)
                  0.22    0.00    8.31 v _354_/A (sky130_fd_sc_hd__and3_2)
                  0.13    0.54    8.85 v _354_/X (sky130_fd_sc_hd__and3_2)
     3    0.02                           _077_ (net)
                  0.13    0.00    8.85 v _410_/A (sky130_fd_sc_hd__nor2_2)
                  0.32    0.37    9.21 ^ _410_/Y (sky130_fd_sc_hd__nor2_2)
     3    0.02                           _133_ (net)
                  0.32    0.00    9.21 ^ _411_/B (sky130_fd_sc_hd__xor2_1)
                  0.22    0.37    9.59 ^ _411_/X (sky130_fd_sc_hd__xor2_1)
     1    0.00                           _134_ (net)
                  0.22    0.00    9.59 ^ _414_/A4 (sky130_fd_sc_hd__a41o_1)
                  0.20    0.55   10.14 ^ _414_/X (sky130_fd_sc_hd__a41o_1)
     3    0.01                           _137_ (net)
                  0.20    0.00   10.14 ^ _416_/A2 (sky130_fd_sc_hd__a21oi_1)
                  0.19    0.27   10.40 v _416_/Y (sky130_fd_sc_hd__a21oi_1)
     1    0.01                           _139_ (net)
                  0.19    0.00   10.40 v _417_/B (sky130_fd_sc_hd__xnor2_2)
                  0.38    0.42   10.83 ^ _417_/Y (sky130_fd_sc_hd__xnor2_2)
     4    0.02                           _140_ (net)
                  0.38    0.00   10.83 ^ _447_/C_N (sky130_fd_sc_hd__or3b_2)
                  0.20    1.25   12.08 v _447_/X (sky130_fd_sc_hd__or3b_2)
     1    0.01                           _170_ (net)
                  0.20    0.00   12.08 v _448_/A3 (sky130_fd_sc_hd__o311ai_4)
                  0.40    0.47   12.56 ^ _448_/Y (sky130_fd_sc_hd__o311ai_4)
     3    0.01                           _171_ (net)
                  0.40    0.00   12.56 ^ _451_/B1 (sky130_fd_sc_hd__a22o_1)
                  0.19    0.47   13.03 ^ _451_/X (sky130_fd_sc_hd__a22o_1)
     1    0.01                           _174_ (net)
                  0.19    0.00   13.03 ^ _452_/B2 (sky130_fd_sc_hd__a22o_1)
                  0.08    0.29   13.32 ^ _452_/X (sky130_fd_sc_hd__a22o_1)
     1    0.00                           _001_ (net)
                  0.08    0.00   13.32 ^ _480_/D (sky130_fd_sc_hd__dfrtp_1)
                                 13.32   data arrival time

                         25.00   25.00   clock clk (rise edge)
                          0.00   25.00   clock source latency
                  0.11    0.07   25.07 ^ clk (in)
     1    0.01                           clk (net)
                  0.11    0.00   25.07 ^ clkbuf_0_clk/A (sky130_fd_sc_hd__clkbuf_16)
                  0.07    0.23   25.29 ^ clkbuf_0_clk/X (sky130_fd_sc_hd__clkbuf_16)
     2    0.02                           clknet_0_clk (net)
                  0.07    0.00   25.29 ^ clkbuf_1_1__f_clk/A (sky130_fd_sc_hd__clkbuf_16)
                  0.08    0.22   25.51 ^ clkbuf_1_1__f_clk/X (sky130_fd_sc_hd__clkbuf_16)
     7    0.03                           clknet_1_1__leaf_clk (net)
                  0.08    0.00   25.51 ^ _480_/CLK (sky130_fd_sc_hd__dfrtp_1)
                         -0.25   25.26   clock uncertainty
                          0.00   25.26   clock reconvergence pessimism
                         -0.14   25.13   library setup time
                                 25.13   data required time
-----------------------------------------------------------------------------
                                 25.13   data required time
                                -13.32   data arrival time
-----------------------------------------------------------------------------
                                 11.81   slack (MET)


Startpoint: data_in[4] (input port clocked by clk)
Endpoint: _482_ (rising edge-triggered flip-flop clocked by clk)
Path Group: clk
Path Type: max
Corner: Slowest

Fanout     Cap    Slew   Delay    Time   Description
-----------------------------------------------------------------------------
                          0.00    0.00   clock clk (rise edge)
                          0.00    0.00   clock network delay (propagated)
                          5.00    5.00 ^ input external delay
                  0.04    0.02    5.02 ^ data_in[4] (in)
     1    0.00                           data_in[4] (net)
                  0.04    0.00    5.02 ^ input5/A (sky130_fd_sc_hd__buf_1)
                  0.29    0.31    5.33 ^ input5/X (sky130_fd_sc_hd__buf_1)
     2    0.01                           net5 (net)
                  0.29    0.00    5.33 ^ _244_/A (sky130_fd_sc_hd__clkbuf_4)
                  0.26    0.51    5.84 ^ _244_/X (sky130_fd_sc_hd__clkbuf_4)
    10    0.05                           _194_ (net)
                  0.26    0.00    5.84 ^ _296_/D (sky130_fd_sc_hd__nand4_2)
                  0.24    0.37    6.21 v _296_/Y (sky130_fd_sc_hd__nand4_2)
     3    0.01                           _019_ (net)
                  0.24    0.00    6.21 v _331_/B1 (sky130_fd_sc_hd__a22o_1)
                  0.12    0.47    6.68 v _331_/X (sky130_fd_sc_hd__a22o_1)
     3    0.01                           _054_ (net)
                  0.12    0.00    6.68 v _333_/C (sky130_fd_sc_hd__and3_1)
                  0.10    0.43    7.11 v _333_/X (sky130_fd_sc_hd__and3_1)
     2    0.01                           _056_ (net)
                  0.10    0.00    7.11 v _335_/B (sky130_fd_sc_hd__or3b_2)
                  0.22    1.20    8.31 v _335_/X (sky130_fd_sc_hd__or3b_2)
     4    0.01                           _058_ (net)
                  0.22    0.00    8.31 v _354_/A (sky130_fd_sc_hd__and3_2)
                  0.13    0.54    8.85 v _354_/X (sky130_fd_sc_hd__and3_2)
     3    0.02                           _077_ (net)
                  0.13    0.00    8.85 v _410_/A (sky130_fd_sc_hd__nor2_2)
                  0.32    0.37    9.21 ^ _410_/Y (sky130_fd_sc_hd__nor2_2)
     3    0.02                           _133_ (net)
                  0.32    0.00    9.21 ^ _411_/B (sky130_fd_sc_hd__xor2_1)
                  0.22    0.37    9.59 ^ _411_/X (sky130_fd_sc_hd__xor2_1)
     1    0.00                           _134_ (net)
                  0.22    0.00    9.59 ^ _414_/A4 (sky130_fd_sc_hd__a41o_1)
                  0.20    0.55   10.14 ^ _414_/X (sky130_fd_sc_hd__a41o_1)
     3    0.01                           _137_ (net)
                  0.20    0.00   10.14 ^ _416_/A2 (sky130_fd_sc_hd__a21oi_1)
                  0.19    0.27   10.40 v _416_/Y (sky130_fd_sc_hd__a21oi_1)
     1    0.01                           _139_ (net)
                  0.19    0.00   10.40 v _417_/B (sky130_fd_sc_hd__xnor2_2)
                  0.38    0.42   10.83 ^ _417_/Y (sky130_fd_sc_hd__xnor2_2)
     4    0.02                           _140_ (net)
                  0.38    0.00   10.83 ^ _447_/C_N (sky130_fd_sc_hd__or3b_2)
                  0.20    1.25   12.08 v _447_/X (sky130_fd_sc_hd__or3b_2)
     1    0.01                           _170_ (net)
                  0.20    0.00   12.08 v _448_/A3 (sky130_fd_sc_hd__o311ai_4)
                  0.40    0.47   12.56 ^ _448_/Y (sky130_fd_sc_hd__o311ai_4)
     3    0.01                           _171_ (net)
                  0.40    0.00   12.56 ^ _458_/B1 (sky130_fd_sc_hd__a22o_1)
                  0.18    0.47   13.02 ^ _458_/X (sky130_fd_sc_hd__a22o_1)
     1    0.01                           _179_ (net)
                  0.18    0.00   13.02 ^ _459_/B2 (sky130_fd_sc_hd__a22o_1)
                  0.09    0.29   13.32 ^ _459_/X (sky130_fd_sc_hd__a22o_1)
     1    0.00                           _003_ (net)
                  0.09    0.00   13.32 ^ _482_/D (sky130_fd_sc_hd__dfrtp_1)
                                 13.32   data arrival time

                         25.00   25.00   clock clk (rise edge)
                          0.00   25.00   clock source latency
                  0.11    0.07   25.07 ^ clk (in)
     1    0.01                           clk (net)
                  0.11    0.00   25.07 ^ clkbuf_0_clk/A (sky130_fd_sc_hd__clkbuf_16)
                  0.07    0.23   25.29 ^ clkbuf_0_clk/X (sky130_fd_sc_hd__clkbuf_16)
     2    0.02                           clknet_0_clk (net)
                  0.07    0.00   25.29 ^ clkbuf_1_1__f_clk/A (sky130_fd_sc_hd__clkbuf_16)
                  0.08    0.22   25.51 ^ clkbuf_1_1__f_clk/X (sky130_fd_sc_hd__clkbuf_16)
     7    0.03                           clknet_1_1__leaf_clk (net)
                  0.08    0.00   25.51 ^ _482_/CLK (sky130_fd_sc_hd__dfrtp_1)
                         -0.25   25.26   clock uncertainty
                          0.00   25.26   clock reconvergence pessimism
                         -0.14   25.13   library setup time
                                 25.13   data required time
-----------------------------------------------------------------------------
                                 25.13   data required time
                                -13.32   data arrival time
-----------------------------------------------------------------------------
                                 11.81   slack (MET)


Startpoint: data_in[4] (input port clocked by clk)
Endpoint: _481_ (rising edge-triggered flip-flop clocked by clk)
Path Group: clk
Path Type: max
Corner: Slowest

Fanout     Cap    Slew   Delay    Time   Description
-----------------------------------------------------------------------------
                          0.00    0.00   clock clk (rise edge)
                          0.00    0.00   clock network delay (propagated)
                          5.00    5.00 ^ input external delay
                  0.04    0.02    5.02 ^ data_in[4] (in)
     1    0.00                           data_in[4] (net)
                  0.04    0.00    5.02 ^ input5/A (sky130_fd_sc_hd__buf_1)
                  0.29    0.31    5.33 ^ input5/X (sky130_fd_sc_hd__buf_1)
     2    0.01                           net5 (net)
                  0.29    0.00    5.33 ^ _244_/A (sky130_fd_sc_hd__clkbuf_4)
                  0.26    0.51    5.84 ^ _244_/X (sky130_fd_sc_hd__clkbuf_4)
    10    0.05                           _194_ (net)
                  0.26    0.00    5.84 ^ _296_/D (sky130_fd_sc_hd__nand4_2)
                  0.24    0.37    6.21 v _296_/Y (sky130_fd_sc_hd__nand4_2)
     3    0.01                           _019_ (net)
                  0.24    0.00    6.21 v _331_/B1 (sky130_fd_sc_hd__a22o_1)
                  0.12    0.47    6.68 v _331_/X (sky130_fd_sc_hd__a22o_1)
     3    0.01                           _054_ (net)
                  0.12    0.00    6.68 v _333_/C (sky130_fd_sc_hd__and3_1)
                  0.10    0.43    7.11 v _333_/X (sky130_fd_sc_hd__and3_1)
     2    0.01                           _056_ (net)
                  0.10    0.00    7.11 v _335_/B (sky130_fd_sc_hd__or3b_2)
                  0.22    1.20    8.31 v _335_/X (sky130_fd_sc_hd__or3b_2)
     4    0.01                           _058_ (net)
                  0.22    0.00    8.31 v _354_/A (sky130_fd_sc_hd__and3_2)
                  0.13    0.54    8.85 v _354_/X (sky130_fd_sc_hd__and3_2)
     3    0.02                           _077_ (net)
                  0.13    0.00    8.85 v _410_/A (sky130_fd_sc_hd__nor2_2)
                  0.32    0.37    9.21 ^ _410_/Y (sky130_fd_sc_hd__nor2_2)
     3    0.02                           _133_ (net)
                  0.32    0.00    9.21 ^ _411_/B (sky130_fd_sc_hd__xor2_1)
                  0.22    0.37    9.59 ^ _411_/X (sky130_fd_sc_hd__xor2_1)
     1    0.00                           _134_ (net)
                  0.22    0.00    9.59 ^ _414_/A4 (sky130_fd_sc_hd__a41o_1)
                  0.20    0.55   10.14 ^ _414_/X (sky130_fd_sc_hd__a41o_1)
     3    0.01                           _137_ (net)
                  0.20    0.00   10.14 ^ _416_/A2 (sky130_fd_sc_hd__a21oi_1)
                  0.19    0.27   10.40 v _416_/Y (sky130_fd_sc_hd__a21oi_1)
     1    0.01                           _139_ (net)
                  0.19    0.00   10.40 v _417_/B (sky130_fd_sc_hd__xnor2_2)
                  0.38    0.42   10.83 ^ _417_/Y (sky130_fd_sc_hd__xnor2_2)
     4    0.02                           _140_ (net)
                  0.38    0.00   10.83 ^ _447_/C_N (sky130_fd_sc_hd__or3b_2)
                  0.20    1.25   12.08 v _447_/X (sky130_fd_sc_hd__or3b_2)
     1    0.01                           _170_ (net)
                  0.20    0.00   12.08 v _448_/A3 (sky130_fd_sc_hd__o311ai_4)
                  0.40    0.47   12.56 ^ _448_/Y (sky130_fd_sc_hd__o311ai_4)
     3    0.01                           _171_ (net)
                  0.40    0.00   12.56 ^ _454_/A2 (sky130_fd_sc_hd__a32o_1)
                  0.10    0.47   13.03 ^ _454_/X (sky130_fd_sc_hd__a32o_1)
     1    0.00                           _176_ (net)
                  0.10    0.00   13.03 ^ _455_/B2 (sky130_fd_sc_hd__a22o_1)
                  0.08    0.26   13.28 ^ _455_/X (sky130_fd_sc_hd__a22o_1)
     1    0.00                           _002_ (net)
                  0.08    0.00   13.28 ^ _481_/D (sky130_fd_sc_hd__dfrtp_1)
                                 13.28   data arrival time

                         25.00   25.00   clock clk (rise edge)
                          0.00   25.00   clock source latency
                  0.11    0.07   25.07 ^ clk (in)
     1    0.01                           clk (net)
                  0.11    0.00   25.07 ^ clkbuf_0_clk/A (sky130_fd_sc_hd__clkbuf_16)
                  0.07    0.23   25.29 ^ clkbuf_0_clk/X (sky130_fd_sc_hd__clkbuf_16)
     2    0.02                           clknet_0_clk (net)
                  0.07    0.00   25.29 ^ clkbuf_1_1__f_clk/A (sky130_fd_sc_hd__clkbuf_16)
                  0.08    0.22   25.51 ^ clkbuf_1_1__f_clk/X (sky130_fd_sc_hd__clkbuf_16)
     7    0.03                           clknet_1_1__leaf_clk (net)
                  0.08    0.00   25.51 ^ _481_/CLK (sky130_fd_sc_hd__dfrtp_1)
                         -0.25   25.26   clock uncertainty
                          0.00   25.26   clock reconvergence pessimism
                         -0.14   25.13   library setup time
                                 25.13   data required time
-----------------------------------------------------------------------------
                                 25.13   data required time
                                -13.28   data arrival time
-----------------------------------------------------------------------------
                                 11.84   slack (MET)


Startpoint: data_in[4] (input port clocked by clk)
Endpoint: _483_ (rising edge-triggered flip-flop clocked by clk)
Path Group: clk
Path Type: max
Corner: Slowest

Fanout     Cap    Slew   Delay    Time   Description
-----------------------------------------------------------------------------
                          0.00    0.00   clock clk (rise edge)
                          0.00    0.00   clock network delay (propagated)
                          5.00    5.00 ^ input external delay
                  0.04    0.02    5.02 ^ data_in[4] (in)
     1    0.00                           data_in[4] (net)
                  0.04    0.00    5.02 ^ input5/A (sky130_fd_sc_hd__buf_1)
                  0.29    0.31    5.33 ^ input5/X (sky130_fd_sc_hd__buf_1)
     2    0.01                           net5 (net)
                  0.29    0.00    5.33 ^ _244_/A (sky130_fd_sc_hd__clkbuf_4)
                  0.26    0.51    5.84 ^ _244_/X (sky130_fd_sc_hd__clkbuf_4)
    10    0.05                           _194_ (net)
                  0.26    0.00    5.84 ^ _296_/D (sky130_fd_sc_hd__nand4_2)
                  0.24    0.37    6.21 v _296_/Y (sky130_fd_sc_hd__nand4_2)
     3    0.01                           _019_ (net)
                  0.24    0.00    6.21 v _331_/B1 (sky130_fd_sc_hd__a22o_1)
                  0.12    0.47    6.68 v _331_/X (sky130_fd_sc_hd__a22o_1)
     3    0.01                           _054_ (net)
                  0.12    0.00    6.68 v _333_/C (sky130_fd_sc_hd__and3_1)
                  0.10    0.43    7.11 v _333_/X (sky130_fd_sc_hd__and3_1)
     2    0.01                           _056_ (net)
                  0.10    0.00    7.11 v _335_/B (sky130_fd_sc_hd__or3b_2)
                  0.22    1.20    8.31 v _335_/X (sky130_fd_sc_hd__or3b_2)
     4    0.01                           _058_ (net)
                  0.22    0.00    8.31 v _354_/A (sky130_fd_sc_hd__and3_2)
                  0.13    0.54    8.85 v _354_/X (sky130_fd_sc_hd__and3_2)
     3    0.02                           _077_ (net)
                  0.13    0.00    8.85 v _410_/A (sky130_fd_sc_hd__nor2_2)
                  0.32    0.37    9.21 ^ _410_/Y (sky130_fd_sc_hd__nor2_2)
     3    0.02                           _133_ (net)
                  0.32    0.00    9.21 ^ _411_/B (sky130_fd_sc_hd__xor2_1)
                  0.22    0.37    9.59 ^ _411_/X (sky130_fd_sc_hd__xor2_1)
     1    0.00                           _134_ (net)
                  0.22    0.00    9.59 ^ _414_/A4 (sky130_fd_sc_hd__a41o_1)
                  0.20    0.55   10.14 ^ _414_/X (sky130_fd_sc_hd__a41o_1)
     3    0.01                           _137_ (net)
                  0.20    0.00   10.14 ^ _420_/B (sky130_fd_sc_hd__xnor2_1)
                  0.14    0.21   10.35 v _420_/Y (sky130_fd_sc_hd__xnor2_1)
     2    0.01                           _143_ (net)
                  0.14    0.00   10.35 v _429_/C (sky130_fd_sc_hd__nor4_1)
                  0.67    0.67   11.02 ^ _429_/Y (sky130_fd_sc_hd__nor4_1)
     3    0.01                           _152_ (net)
                  0.67    0.00   11.02 ^ max_cap38/A (sky130_fd_sc_hd__buf_1)
                  0.22    0.46   11.48 ^ max_cap38/X (sky130_fd_sc_hd__buf_1)
     2    0.01                           net38 (net)
                  0.22    0.00   11.48 ^ _435_/B (sky130_fd_sc_hd__nand3_2)
                  0.23    0.30   11.78 v _435_/Y (sky130_fd_sc_hd__nand3_2)
     2    0.01                           _158_ (net)
                  0.23    0.00   11.78 v _436_/B (sky130_fd_sc_hd__nand2_2)
                  0.21    0.30   12.08 ^ _436_/Y (sky130_fd_sc_hd__nand2_2)
     4    0.02                           _159_ (net)
                  0.21    0.00   12.08 ^ _460_/A (sky130_fd_sc_hd__inv_2)
                  0.05    0.11   12.19 v _460_/Y (sky130_fd_sc_hd__inv_2)
     1    0.00                           _180_ (net)
                  0.05    0.00   12.19 v _461_/B2 (sky130_fd_sc_hd__a22o_1)
                  0.07    0.36   12.55 v _461_/X (sky130_fd_sc_hd__a22o_1)
     1    0.00                           _004_ (net)
                  0.07    0.00   12.55 v _483_/D (sky130_fd_sc_hd__dfrtp_1)
                                 12.55   data arrival time

                         25.00   25.00   clock clk (rise edge)
                          0.00   25.00   clock source latency
                  0.11    0.07   25.07 ^ clk (in)
     1    0.01                           clk (net)
                  0.11    0.00   25.07 ^ clkbuf_0_clk/A (sky130_fd_sc_hd__clkbuf_16)
                  0.07    0.23   25.29 ^ clkbuf_0_clk/X (sky130_fd_sc_hd__clkbuf_16)
     2    0.02                           clknet_0_clk (net)
                  0.07    0.00   25.29 ^ clkbuf_1_1__f_clk/A (sky130_fd_sc_hd__clkbuf_16)
                  0.08    0.22   25.51 ^ clkbuf_1_1__f_clk/X (sky130_fd_sc_hd__clkbuf_16)
     7    0.03                           clknet_1_1__leaf_clk (net)
                  0.08    0.00   25.51 ^ _483_/CLK (sky130_fd_sc_hd__dfrtp_1)
                         -0.25   25.26   clock uncertainty
                          0.00   25.26   clock reconvergence pessimism
                         -0.27   24.99   library setup time
                                 24.99   data required time
-----------------------------------------------------------------------------
                                 24.99   data required time
                                -12.55   data arrival time
-----------------------------------------------------------------------------
                                 12.44   slack (MET)


Startpoint: data_in[2] (input port clocked by clk)
Endpoint: _478_ (rising edge-triggered flip-flop clocked by clk)
Path Group: clk
Path Type: max
Corner: Slowest

Fanout     Cap    Slew   Delay    Time   Description
-----------------------------------------------------------------------------
                          0.00    0.00   clock clk (rise edge)
                          0.00    0.00   clock network delay (propagated)
                          5.00    5.00 v input external delay
                  0.02    0.01    5.01 v data_in[2] (in)
     1    0.00                           data_in[2] (net)
                  0.02    0.00    5.01 v input3/A (sky130_fd_sc_hd__clkbuf_2)
                  0.20    0.29    5.31 v input3/X (sky130_fd_sc_hd__clkbuf_2)
     4    0.03                           net3 (net)
                  0.20    0.00    5.31 v _245_/A (sky130_fd_sc_hd__clkbuf_4)
                  0.16    0.42    5.73 v _245_/X (sky130_fd_sc_hd__clkbuf_4)
    10    0.04                           _195_ (net)
                  0.16    0.00    5.73 v _248_/B (sky130_fd_sc_hd__or4_1)
                  0.25    1.38    7.11 v _248_/X (sky130_fd_sc_hd__or4_1)
     3    0.01                           _198_ (net)
                  0.25    0.00    7.11 v _249_/C (sky130_fd_sc_hd__or3_1)
                  0.16    0.85    7.96 v _249_/X (sky130_fd_sc_hd__or3_1)
     2    0.00                           _199_ (net)
                  0.16    0.00    7.96 v _251_/B (sky130_fd_sc_hd__or3b_2)
                  0.22    1.23    9.19 v _251_/X (sky130_fd_sc_hd__or3b_2)
     2    0.01                           _201_ (net)
                  0.22    0.00    9.19 v _276_/A2 (sky130_fd_sc_hd__o22a_1)
                  0.14    0.51    9.70 v _276_/X (sky130_fd_sc_hd__o22a_1)
     1    0.01                           _226_ (net)
                  0.14    0.00    9.70 v _277_/B1 (sky130_fd_sc_hd__a21oi_4)
                  0.54    0.53   10.23 ^ _277_/Y (sky130_fd_sc_hd__a21oi_4)
     9    0.05                           _227_ (net)
                  0.54    0.00   10.23 ^ _278_/B (sky130_fd_sc_hd__nor2_2)
                  0.19    0.34   10.56 v _278_/Y (sky130_fd_sc_hd__nor2_2)
     5    0.03                           _228_ (net)
                  0.19    0.00   10.56 v _279_/B1_N (sky130_fd_sc_hd__o21ba_1)
                  0.07    0.49   11.06 ^ _279_/X (sky130_fd_sc_hd__o21ba_1)
     1    0.00                           _000_ (net)
                  0.07    0.00   11.06 ^ _478_/D (sky130_fd_sc_hd__dfrtp_1)
                                 11.06   data arrival time

                         25.00   25.00   clock clk (rise edge)
                          0.00   25.00   clock source latency
                  0.11    0.07   25.07 ^ clk (in)
     1    0.01                           clk (net)
                  0.11    0.00   25.07 ^ clkbuf_0_clk/A (sky130_fd_sc_hd__clkbuf_16)
                  0.07    0.23   25.29 ^ clkbuf_0_clk/X (sky130_fd_sc_hd__clkbuf_16)
     2    0.02                           clknet_0_clk (net)
                  0.07    0.00   25.29 ^ clkbuf_1_1__f_clk/A (sky130_fd_sc_hd__clkbuf_16)
                  0.08    0.22   25.51 ^ clkbuf_1_1__f_clk/X (sky130_fd_sc_hd__clkbuf_16)
     7    0.03                           clknet_1_1__leaf_clk (net)
                  0.08    0.00   25.51 ^ _478_/CLK (sky130_fd_sc_hd__dfrtp_1)
                         -0.25   25.26   clock uncertainty
                          0.00   25.26   clock reconvergence pessimism
                         -0.13   25.13   library setup time
                                 25.13   data required time
-----------------------------------------------------------------------------
                                 25.13   data required time
                                -11.06   data arrival time
-----------------------------------------------------------------------------
                                 14.08   slack (MET)


Startpoint: data_in[2] (input port clocked by clk)
Endpoint: _490_ (rising edge-triggered flip-flop clocked by clk)
Path Group: clk
Path Type: max
Corner: Slowest

Fanout     Cap    Slew   Delay    Time   Description
-----------------------------------------------------------------------------
                          0.00    0.00   clock clk (rise edge)
                          0.00    0.00   clock network delay (propagated)
                          5.00    5.00 v input external delay
                  0.02    0.01    5.01 v data_in[2] (in)
     1    0.00                           data_in[2] (net)
                  0.02    0.00    5.01 v input3/A (sky130_fd_sc_hd__clkbuf_2)
                  0.20    0.29    5.31 v input3/X (sky130_fd_sc_hd__clkbuf_2)
     4    0.03                           net3 (net)
                  0.20    0.00    5.31 v _245_/A (sky130_fd_sc_hd__clkbuf_4)
                  0.16    0.42    5.73 v _245_/X (sky130_fd_sc_hd__clkbuf_4)
    10    0.04                           _195_ (net)
                  0.16    0.00    5.73 v _248_/B (sky130_fd_sc_hd__or4_1)
                  0.25    1.38    7.11 v _248_/X (sky130_fd_sc_hd__or4_1)
     3    0.01                           _198_ (net)
                  0.25    0.00    7.11 v _249_/C (sky130_fd_sc_hd__or3_1)
                  0.16    0.85    7.96 v _249_/X (sky130_fd_sc_hd__or3_1)
     2    0.00                           _199_ (net)
                  0.16    0.00    7.96 v _251_/B (sky130_fd_sc_hd__or3b_2)
                  0.22    1.23    9.19 v _251_/X (sky130_fd_sc_hd__or3b_2)
     2    0.01                           _201_ (net)
                  0.22    0.00    9.19 v _276_/A2 (sky130_fd_sc_hd__o22a_1)
                  0.14    0.51    9.70 v _276_/X (sky130_fd_sc_hd__o22a_1)
     1    0.01                           _226_ (net)
                  0.14    0.00    9.70 v _277_/B1 (sky130_fd_sc_hd__a21oi_4)
                  0.54    0.53   10.23 ^ _277_/Y (sky130_fd_sc_hd__a21oi_4)
     9    0.05                           _227_ (net)
                  0.54    0.00   10.23 ^ _475_/A3 (sky130_fd_sc_hd__a31o_1)
                  0.08    0.46   10.69 ^ _475_/X (sky130_fd_sc_hd__a31o_1)
     1    0.00                           _011_ (net)
                  0.08    0.00   10.69 ^ _490_/D (sky130_fd_sc_hd__dfrtp_1)
                                 10.69   data arrival time

                         25.00   25.00   clock clk (rise edge)
                          0.00   25.00   clock source latency
                  0.11    0.07   25.07 ^ clk (in)
     1    0.01                           clk (net)
                  0.11    0.00   25.07 ^ clkbuf_0_clk/A (sky130_fd_sc_hd__clkbuf_16)
                  0.07    0.23   25.29 ^ clkbuf_0_clk/X (sky130_fd_sc_hd__clkbuf_16)
     2    0.02                           clknet_0_clk (net)
                  0.07    0.00   25.29 ^ clkbuf_1_0__f_clk/A (sky130_fd_sc_hd__clkbuf_16)
                  0.07    0.22   25.51 ^ clkbuf_1_0__f_clk/X (sky130_fd_sc_hd__clkbuf_16)
     7    0.03                           clknet_1_0__leaf_clk (net)
                  0.07    0.00   25.51 ^ _490_/CLK (sky130_fd_sc_hd__dfrtp_1)
                         -0.25   25.26   clock uncertainty
                          0.00   25.26   clock reconvergence pessimism
                         -0.14   25.13   library setup time
                                 25.13   data required time
-----------------------------------------------------------------------------
                                 25.13   data required time
                                -10.69   data arrival time
-----------------------------------------------------------------------------
                                 14.44   slack (MET)


Startpoint: data_in[2] (input port clocked by clk)
Endpoint: _491_ (rising edge-triggered flip-flop clocked by clk)
Path Group: clk
Path Type: max
Corner: Slowest

Fanout     Cap    Slew   Delay    Time   Description
-----------------------------------------------------------------------------
                          0.00    0.00   clock clk (rise edge)
                          0.00    0.00   clock network delay (propagated)
                          5.00    5.00 v input external delay
                  0.02    0.01    5.01 v data_in[2] (in)
     1    0.00                           data_in[2] (net)
                  0.02    0.00    5.01 v input3/A (sky130_fd_sc_hd__clkbuf_2)
                  0.20    0.29    5.31 v input3/X (sky130_fd_sc_hd__clkbuf_2)
     4    0.03                           net3 (net)
                  0.20    0.00    5.31 v _245_/A (sky130_fd_sc_hd__clkbuf_4)
                  0.16    0.42    5.73 v _245_/X (sky130_fd_sc_hd__clkbuf_4)
    10    0.04                           _195_ (net)
                  0.16    0.00    5.73 v _248_/B (sky130_fd_sc_hd__or4_1)
                  0.25    1.38    7.11 v _248_/X (sky130_fd_sc_hd__or4_1)
     3    0.01                           _198_ (net)
                  0.25    0.00    7.11 v _249_/C (sky130_fd_sc_hd__or3_1)
                  0.16    0.85    7.96 v _249_/X (sky130_fd_sc_hd__or3_1)
     2    0.00                           _199_ (net)
                  0.16    0.00    7.96 v _251_/B (sky130_fd_sc_hd__or3b_2)
                  0.22    1.23    9.19 v _251_/X (sky130_fd_sc_hd__or3b_2)
     2    0.01                           _201_ (net)
                  0.22    0.00    9.19 v _276_/A2 (sky130_fd_sc_hd__o22a_1)
                  0.14    0.51    9.70 v _276_/X (sky130_fd_sc_hd__o22a_1)
     1    0.01                           _226_ (net)
                  0.14    0.00    9.70 v _277_/B1 (sky130_fd_sc_hd__a21oi_4)
                  0.54    0.53   10.23 ^ _277_/Y (sky130_fd_sc_hd__a21oi_4)
     9    0.05                           _227_ (net)
                  0.54    0.00   10.23 ^ _477_/A3 (sky130_fd_sc_hd__a31o_1)
                  0.08    0.46   10.68 ^ _477_/X (sky130_fd_sc_hd__a31o_1)
     1    0.00                           _012_ (net)
                  0.08    0.00   10.68 ^ _491_/D (sky130_fd_sc_hd__dfrtp_1)
                                 10.68   data arrival time

                         25.00   25.00   clock clk (rise edge)
                          0.00   25.00   clock source latency
                  0.11    0.07   25.07 ^ clk (in)
     1    0.01                           clk (net)
                  0.11    0.00   25.07 ^ clkbuf_0_clk/A (sky130_fd_sc_hd__clkbuf_16)
                  0.07    0.23   25.29 ^ clkbuf_0_clk/X (sky130_fd_sc_hd__clkbuf_16)
     2    0.02                           clknet_0_clk (net)
                  0.07    0.00   25.29 ^ clkbuf_1_0__f_clk/A (sky130_fd_sc_hd__clkbuf_16)
                  0.07    0.22   25.51 ^ clkbuf_1_0__f_clk/X (sky130_fd_sc_hd__clkbuf_16)
     7    0.03                           clknet_1_0__leaf_clk (net)
                  0.07    0.00   25.51 ^ _491_/CLK (sky130_fd_sc_hd__dfrtp_1)
                         -0.25   25.26   clock uncertainty
                          0.00   25.26   clock reconvergence pessimism
                         -0.13   25.13   library setup time
                                 25.13   data required time
-----------------------------------------------------------------------------
                                 25.13   data required time
                                -10.68   data arrival time
-----------------------------------------------------------------------------
                                 14.44   slack (MET)


Startpoint: data_in[2] (input port clocked by clk)
Endpoint: _488_ (rising edge-triggered flip-flop clocked by clk)
Path Group: clk
Path Type: max
Corner: Slowest

Fanout     Cap    Slew   Delay    Time   Description
-----------------------------------------------------------------------------
                          0.00    0.00   clock clk (rise edge)
                          0.00    0.00   clock network delay (propagated)
                          5.00    5.00 v input external delay
                  0.02    0.01    5.01 v data_in[2] (in)
     1    0.00                           data_in[2] (net)
                  0.02    0.00    5.01 v input3/A (sky130_fd_sc_hd__clkbuf_2)
                  0.20    0.29    5.31 v input3/X (sky130_fd_sc_hd__clkbuf_2)
     4    0.03                           net3 (net)
                  0.20    0.00    5.31 v _245_/A (sky130_fd_sc_hd__clkbuf_4)
                  0.16    0.42    5.73 v _245_/X (sky130_fd_sc_hd__clkbuf_4)
    10    0.04                           _195_ (net)
                  0.16    0.00    5.73 v _248_/B (sky130_fd_sc_hd__or4_1)
                  0.25    1.38    7.11 v _248_/X (sky130_fd_sc_hd__or4_1)
     3    0.01                           _198_ (net)
                  0.25    0.00    7.11 v _249_/C (sky130_fd_sc_hd__or3_1)
                  0.16    0.85    7.96 v _249_/X (sky130_fd_sc_hd__or3_1)
     2    0.00                           _199_ (net)
                  0.16    0.00    7.96 v _251_/B (sky130_fd_sc_hd__or3b_2)
                  0.22    1.23    9.19 v _251_/X (sky130_fd_sc_hd__or3b_2)
     2    0.01                           _201_ (net)
                  0.22    0.00    9.19 v _276_/A2 (sky130_fd_sc_hd__o22a_1)
                  0.14    0.51    9.70 v _276_/X (sky130_fd_sc_hd__o22a_1)
     1    0.01                           _226_ (net)
                  0.14    0.00    9.70 v _277_/B1 (sky130_fd_sc_hd__a21oi_4)
                  0.54    0.53   10.23 ^ _277_/Y (sky130_fd_sc_hd__a21oi_4)
     9    0.05                           _227_ (net)
                  0.54    0.00   10.23 ^ _471_/A3 (sky130_fd_sc_hd__a31o_1)
                  0.08    0.46   10.68 ^ _471_/X (sky130_fd_sc_hd__a31o_1)
     1    0.00                           _009_ (net)
                  0.08    0.00   10.68 ^ _488_/D (sky130_fd_sc_hd__dfrtp_1)
                                 10.68   data arrival time

                         25.00   25.00   clock clk (rise edge)
                          0.00   25.00   clock source latency
                  0.11    0.07   25.07 ^ clk (in)
     1    0.01                           clk (net)
                  0.11    0.00   25.07 ^ clkbuf_0_clk/A (sky130_fd_sc_hd__clkbuf_16)
                  0.07    0.23   25.29 ^ clkbuf_0_clk/X (sky130_fd_sc_hd__clkbuf_16)
     2    0.02                           clknet_0_clk (net)
                  0.07    0.00   25.29 ^ clkbuf_1_0__f_clk/A (sky130_fd_sc_hd__clkbuf_16)
                  0.07    0.22   25.51 ^ clkbuf_1_0__f_clk/X (sky130_fd_sc_hd__clkbuf_16)
     7    0.03                           clknet_1_0__leaf_clk (net)
                  0.07    0.00   25.51 ^ _488_/CLK (sky130_fd_sc_hd__dfrtp_1)
                         -0.25   25.26   clock uncertainty
                          0.00   25.26   clock reconvergence pessimism
                         -0.13   25.13   library setup time
                                 25.13   data required time
-----------------------------------------------------------------------------
                                 25.13   data required time
                                -10.68   data arrival time
-----------------------------------------------------------------------------
                                 14.44   slack (MET)


Startpoint: data_in[2] (input port clocked by clk)
Endpoint: _485_ (rising edge-triggered flip-flop clocked by clk)
Path Group: clk
Path Type: max
Corner: Slowest

Fanout     Cap    Slew   Delay    Time   Description
-----------------------------------------------------------------------------
                          0.00    0.00   clock clk (rise edge)
                          0.00    0.00   clock network delay (propagated)
                          5.00    5.00 v input external delay
                  0.02    0.01    5.01 v data_in[2] (in)
     1    0.00                           data_in[2] (net)
                  0.02    0.00    5.01 v input3/A (sky130_fd_sc_hd__clkbuf_2)
                  0.20    0.29    5.31 v input3/X (sky130_fd_sc_hd__clkbuf_2)
     4    0.03                           net3 (net)
                  0.20    0.00    5.31 v _245_/A (sky130_fd_sc_hd__clkbuf_4)
                  0.16    0.42    5.73 v _245_/X (sky130_fd_sc_hd__clkbuf_4)
    10    0.04                           _195_ (net)
                  0.16    0.00    5.73 v _248_/B (sky130_fd_sc_hd__or4_1)
                  0.25    1.38    7.11 v _248_/X (sky130_fd_sc_hd__or4_1)
     3    0.01                           _198_ (net)
                  0.25    0.00    7.11 v _249_/C (sky130_fd_sc_hd__or3_1)
                  0.16    0.85    7.96 v _249_/X (sky130_fd_sc_hd__or3_1)
     2    0.00                           _199_ (net)
                  0.16    0.00    7.96 v _251_/B (sky130_fd_sc_hd__or3b_2)
                  0.22    1.23    9.19 v _251_/X (sky130_fd_sc_hd__or3b_2)
     2    0.01                           _201_ (net)
                  0.22    0.00    9.19 v _276_/A2 (sky130_fd_sc_hd__o22a_1)
                  0.14    0.51    9.70 v _276_/X (sky130_fd_sc_hd__o22a_1)
     1    0.01                           _226_ (net)
                  0.14    0.00    9.70 v _277_/B1 (sky130_fd_sc_hd__a21oi_4)
                  0.54    0.53   10.23 ^ _277_/Y (sky130_fd_sc_hd__a21oi_4)
     9    0.05                           _227_ (net)
                  0.54    0.00   10.23 ^ _465_/A3 (sky130_fd_sc_hd__a31o_1)
                  0.08    0.45   10.68 ^ _465_/X (sky130_fd_sc_hd__a31o_1)
     1    0.00                           _006_ (net)
                  0.08    0.00   10.68 ^ _485_/D (sky130_fd_sc_hd__dfrtp_1)
                                 10.68   data arrival time

                         25.00   25.00   clock clk (rise edge)
                          0.00   25.00   clock source latency
                  0.11    0.07   25.07 ^ clk (in)
     1    0.01                           clk (net)
                  0.11    0.00   25.07 ^ clkbuf_0_clk/A (sky130_fd_sc_hd__clkbuf_16)
                  0.07    0.23   25.29 ^ clkbuf_0_clk/X (sky130_fd_sc_hd__clkbuf_16)
     2    0.02                           clknet_0_clk (net)
                  0.07    0.00   25.29 ^ clkbuf_1_0__f_clk/A (sky130_fd_sc_hd__clkbuf_16)
                  0.07    0.22   25.51 ^ clkbuf_1_0__f_clk/X (sky130_fd_sc_hd__clkbuf_16)
     7    0.03                           clknet_1_0__leaf_clk (net)
                  0.07    0.00   25.51 ^ _485_/CLK (sky130_fd_sc_hd__dfrtp_1)
                         -0.25   25.26   clock uncertainty
                          0.00   25.26   clock reconvergence pessimism
                         -0.13   25.13   library setup time
                                 25.13   data required time
-----------------------------------------------------------------------------
                                 25.13   data required time
                                -10.68   data arrival time
-----------------------------------------------------------------------------
                                 14.45   slack (MET)


Startpoint: data_in[2] (input port clocked by clk)
Endpoint: _484_ (rising edge-triggered flip-flop clocked by clk)
Path Group: clk
Path Type: max
Corner: Slowest

Fanout     Cap    Slew   Delay    Time   Description
-----------------------------------------------------------------------------
                          0.00    0.00   clock clk (rise edge)
                          0.00    0.00   clock network delay (propagated)
                          5.00    5.00 v input external delay
                  0.02    0.01    5.01 v data_in[2] (in)
     1    0.00                           data_in[2] (net)
                  0.02    0.00    5.01 v input3/A (sky130_fd_sc_hd__clkbuf_2)
                  0.20    0.29    5.31 v input3/X (sky130_fd_sc_hd__clkbuf_2)
     4    0.03                           net3 (net)
                  0.20    0.00    5.31 v _245_/A (sky130_fd_sc_hd__clkbuf_4)
                  0.16    0.42    5.73 v _245_/X (sky130_fd_sc_hd__clkbuf_4)
    10    0.04                           _195_ (net)
                  0.16    0.00    5.73 v _248_/B (sky130_fd_sc_hd__or4_1)
                  0.25    1.38    7.11 v _248_/X (sky130_fd_sc_hd__or4_1)
     3    0.01                           _198_ (net)
                  0.25    0.00    7.11 v _249_/C (sky130_fd_sc_hd__or3_1)
                  0.16    0.85    7.96 v _249_/X (sky130_fd_sc_hd__or3_1)
     2    0.00                           _199_ (net)
                  0.16    0.00    7.96 v _251_/B (sky130_fd_sc_hd__or3b_2)
                  0.22    1.23    9.19 v _251_/X (sky130_fd_sc_hd__or3b_2)
     2    0.01                           _201_ (net)
                  0.22    0.00    9.19 v _276_/A2 (sky130_fd_sc_hd__o22a_1)
                  0.14    0.51    9.70 v _276_/X (sky130_fd_sc_hd__o22a_1)
     1    0.01                           _226_ (net)
                  0.14    0.00    9.70 v _277_/B1 (sky130_fd_sc_hd__a21oi_4)
                  0.54    0.53   10.23 ^ _277_/Y (sky130_fd_sc_hd__a21oi_4)
     9    0.05                           _227_ (net)
                  0.54    0.00   10.23 ^ _463_/A3 (sky130_fd_sc_hd__a31o_1)
                  0.08    0.45   10.68 ^ _463_/X (sky130_fd_sc_hd__a31o_1)
     1    0.00                           _005_ (net)
                  0.08    0.00   10.68 ^ _484_/D (sky130_fd_sc_hd__dfrtp_1)
                                 10.68   data arrival time

                         25.00   25.00   clock clk (rise edge)
                          0.00   25.00   clock source latency
                  0.11    0.07   25.07 ^ clk (in)
     1    0.01                           clk (net)
                  0.11    0.00   25.07 ^ clkbuf_0_clk/A (sky130_fd_sc_hd__clkbuf_16)
                  0.07    0.23   25.29 ^ clkbuf_0_clk/X (sky130_fd_sc_hd__clkbuf_16)
     2    0.02                           clknet_0_clk (net)
                  0.07    0.00   25.29 ^ clkbuf_1_0__f_clk/A (sky130_fd_sc_hd__clkbuf_16)
                  0.07    0.22   25.51 ^ clkbuf_1_0__f_clk/X (sky130_fd_sc_hd__clkbuf_16)
     7    0.03                           clknet_1_0__leaf_clk (net)
                  0.07    0.00   25.51 ^ _484_/CLK (sky130_fd_sc_hd__dfrtp_1)
                         -0.25   25.26   clock uncertainty
                          0.00   25.26   clock reconvergence pessimism
                         -0.13   25.13   library setup time
                                 25.13   data required time
-----------------------------------------------------------------------------
                                 25.13   data required time
                                -10.68   data arrival time
-----------------------------------------------------------------------------
                                 14.45   slack (MET)


Startpoint: data_in[2] (input port clocked by clk)
Endpoint: _487_ (rising edge-triggered flip-flop clocked by clk)
Path Group: clk
Path Type: max
Corner: Slowest

Fanout     Cap    Slew   Delay    Time   Description
-----------------------------------------------------------------------------
                          0.00    0.00   clock clk (rise edge)
                          0.00    0.00   clock network delay (propagated)
                          5.00    5.00 v input external delay
                  0.02    0.01    5.01 v data_in[2] (in)
     1    0.00                           data_in[2] (net)
                  0.02    0.00    5.01 v input3/A (sky130_fd_sc_hd__clkbuf_2)
                  0.20    0.29    5.31 v input3/X (sky130_fd_sc_hd__clkbuf_2)
     4    0.03                           net3 (net)
                  0.20    0.00    5.31 v _245_/A (sky130_fd_sc_hd__clkbuf_4)
                  0.16    0.42    5.73 v _245_/X (sky130_fd_sc_hd__clkbuf_4)
    10    0.04                           _195_ (net)
                  0.16    0.00    5.73 v _248_/B (sky130_fd_sc_hd__or4_1)
                  0.25    1.38    7.11 v _248_/X (sky130_fd_sc_hd__or4_1)
     3    0.01                           _198_ (net)
                  0.25    0.00    7.11 v _249_/C (sky130_fd_sc_hd__or3_1)
                  0.16    0.85    7.96 v _249_/X (sky130_fd_sc_hd__or3_1)
     2    0.00                           _199_ (net)
                  0.16    0.00    7.96 v _251_/B (sky130_fd_sc_hd__or3b_2)
                  0.22    1.23    9.19 v _251_/X (sky130_fd_sc_hd__or3b_2)
     2    0.01                           _201_ (net)
                  0.22    0.00    9.19 v _276_/A2 (sky130_fd_sc_hd__o22a_1)
                  0.14    0.51    9.70 v _276_/X (sky130_fd_sc_hd__o22a_1)
     1    0.01                           _226_ (net)
                  0.14    0.00    9.70 v _277_/B1 (sky130_fd_sc_hd__a21oi_4)
                  0.54    0.53   10.23 ^ _277_/Y (sky130_fd_sc_hd__a21oi_4)
     9    0.05                           _227_ (net)
                  0.54    0.00   10.23 ^ _469_/A3 (sky130_fd_sc_hd__a31o_1)
                  0.08    0.45   10.68 ^ _469_/X (sky130_fd_sc_hd__a31o_1)
     1    0.00                           _008_ (net)
                  0.08    0.00   10.68 ^ _487_/D (sky130_fd_sc_hd__dfrtp_1)
                                 10.68   data arrival time

                         25.00   25.00   clock clk (rise edge)
                          0.00   25.00   clock source latency
                  0.11    0.07   25.07 ^ clk (in)
     1    0.01                           clk (net)
                  0.11    0.00   25.07 ^ clkbuf_0_clk/A (sky130_fd_sc_hd__clkbuf_16)
                  0.07    0.23   25.29 ^ clkbuf_0_clk/X (sky130_fd_sc_hd__clkbuf_16)
     2    0.02                           clknet_0_clk (net)
                  0.07    0.00   25.29 ^ clkbuf_1_1__f_clk/A (sky130_fd_sc_hd__clkbuf_16)
                  0.08    0.22   25.51 ^ clkbuf_1_1__f_clk/X (sky130_fd_sc_hd__clkbuf_16)
     7    0.03                           clknet_1_1__leaf_clk (net)
                  0.08    0.00   25.51 ^ _487_/CLK (sky130_fd_sc_hd__dfrtp_1)
                         -0.25   25.26   clock uncertainty
                          0.00   25.26   clock reconvergence pessimism
                         -0.13   25.13   library setup time
                                 25.13   data required time
-----------------------------------------------------------------------------
                                 25.13   data required time
                                -10.68   data arrival time
-----------------------------------------------------------------------------
                                 14.45   slack (MET)


Startpoint: data_in[2] (input port clocked by clk)
Endpoint: _489_ (rising edge-triggered flip-flop clocked by clk)
Path Group: clk
Path Type: max
Corner: Slowest

Fanout     Cap    Slew   Delay    Time   Description
-----------------------------------------------------------------------------
                          0.00    0.00   clock clk (rise edge)
                          0.00    0.00   clock network delay (propagated)
                          5.00    5.00 v input external delay
                  0.02    0.01    5.01 v data_in[2] (in)
     1    0.00                           data_in[2] (net)
                  0.02    0.00    5.01 v input3/A (sky130_fd_sc_hd__clkbuf_2)
                  0.20    0.29    5.31 v input3/X (sky130_fd_sc_hd__clkbuf_2)
     4    0.03                           net3 (net)
                  0.20    0.00    5.31 v _245_/A (sky130_fd_sc_hd__clkbuf_4)
                  0.16    0.42    5.73 v _245_/X (sky130_fd_sc_hd__clkbuf_4)
    10    0.04                           _195_ (net)
                  0.16    0.00    5.73 v _248_/B (sky130_fd_sc_hd__or4_1)
                  0.25    1.38    7.11 v _248_/X (sky130_fd_sc_hd__or4_1)
     3    0.01                           _198_ (net)
                  0.25    0.00    7.11 v _249_/C (sky130_fd_sc_hd__or3_1)
                  0.16    0.85    7.96 v _249_/X (sky130_fd_sc_hd__or3_1)
     2    0.00                           _199_ (net)
                  0.16    0.00    7.96 v _251_/B (sky130_fd_sc_hd__or3b_2)
                  0.22    1.23    9.19 v _251_/X (sky130_fd_sc_hd__or3b_2)
     2    0.01                           _201_ (net)
                  0.22    0.00    9.19 v _276_/A2 (sky130_fd_sc_hd__o22a_1)
                  0.14    0.51    9.70 v _276_/X (sky130_fd_sc_hd__o22a_1)
     1    0.01                           _226_ (net)
                  0.14    0.00    9.70 v _277_/B1 (sky130_fd_sc_hd__a21oi_4)
                  0.54    0.53   10.23 ^ _277_/Y (sky130_fd_sc_hd__a21oi_4)
     9    0.05                           _227_ (net)
                  0.54    0.00   10.23 ^ _473_/A3 (sky130_fd_sc_hd__a31o_1)
                  0.08    0.45   10.68 ^ _473_/X (sky130_fd_sc_hd__a31o_1)
     1    0.00                           _010_ (net)
                  0.08    0.00   10.68 ^ _489_/D (sky130_fd_sc_hd__dfrtp_1)
                                 10.68   data arrival time

                         25.00   25.00   clock clk (rise edge)
                          0.00   25.00   clock source latency
                  0.11    0.07   25.07 ^ clk (in)
     1    0.01                           clk (net)
                  0.11    0.00   25.07 ^ clkbuf_0_clk/A (sky130_fd_sc_hd__clkbuf_16)
                  0.07    0.23   25.29 ^ clkbuf_0_clk/X (sky130_fd_sc_hd__clkbuf_16)
     2    0.02                           clknet_0_clk (net)
                  0.07    0.00   25.29 ^ clkbuf_1_0__f_clk/A (sky130_fd_sc_hd__clkbuf_16)
                  0.07    0.22   25.51 ^ clkbuf_1_0__f_clk/X (sky130_fd_sc_hd__clkbuf_16)
     7    0.03                           clknet_1_0__leaf_clk (net)
                  0.07    0.00   25.51 ^ _489_/CLK (sky130_fd_sc_hd__dfrtp_1)
                         -0.25   25.26   clock uncertainty
                          0.00   25.26   clock reconvergence pessimism
                         -0.13   25.13   library setup time
                                 25.13   data required time
-----------------------------------------------------------------------------
                                 25.13   data required time
                                -10.68   data arrival time
-----------------------------------------------------------------------------
                                 14.45   slack (MET)


Startpoint: data_in[2] (input port clocked by clk)
Endpoint: _486_ (rising edge-triggered flip-flop clocked by clk)
Path Group: clk
Path Type: max
Corner: Slowest

Fanout     Cap    Slew   Delay    Time   Description
-----------------------------------------------------------------------------
                          0.00    0.00   clock clk (rise edge)
                          0.00    0.00   clock network delay (propagated)
                          5.00    5.00 v input external delay
                  0.02    0.01    5.01 v data_in[2] (in)
     1    0.00                           data_in[2] (net)
                  0.02    0.00    5.01 v input3/A (sky130_fd_sc_hd__clkbuf_2)
                  0.20    0.29    5.31 v input3/X (sky130_fd_sc_hd__clkbuf_2)
     4    0.03                           net3 (net)
                  0.20    0.00    5.31 v _245_/A (sky130_fd_sc_hd__clkbuf_4)
                  0.16    0.42    5.73 v _245_/X (sky130_fd_sc_hd__clkbuf_4)
    10    0.04                           _195_ (net)
                  0.16    0.00    5.73 v _248_/B (sky130_fd_sc_hd__or4_1)
                  0.25    1.38    7.11 v _248_/X (sky130_fd_sc_hd__or4_1)
     3    0.01                           _198_ (net)
                  0.25    0.00    7.11 v _249_/C (sky130_fd_sc_hd__or3_1)
                  0.16    0.85    7.96 v _249_/X (sky130_fd_sc_hd__or3_1)
     2    0.00                           _199_ (net)
                  0.16    0.00    7.96 v _251_/B (sky130_fd_sc_hd__or3b_2)
                  0.22    1.23    9.19 v _251_/X (sky130_fd_sc_hd__or3b_2)
     2    0.01                           _201_ (net)
                  0.22    0.00    9.19 v _276_/A2 (sky130_fd_sc_hd__o22a_1)
                  0.14    0.51    9.70 v _276_/X (sky130_fd_sc_hd__o22a_1)
     1    0.01                           _226_ (net)
                  0.14    0.00    9.70 v _277_/B1 (sky130_fd_sc_hd__a21oi_4)
                  0.54    0.53   10.23 ^ _277_/Y (sky130_fd_sc_hd__a21oi_4)
     9    0.05                           _227_ (net)
                  0.54    0.00   10.23 ^ _467_/A3 (sky130_fd_sc_hd__a31o_1)
                  0.08    0.45   10.68 ^ _467_/X (sky130_fd_sc_hd__a31o_1)
     1    0.00                           _007_ (net)
                  0.08    0.00   10.68 ^ _486_/D (sky130_fd_sc_hd__dfrtp_1)
                                 10.68   data arrival time

                         25.00   25.00   clock clk (rise edge)
                          0.00   25.00   clock source latency
                  0.11    0.07   25.07 ^ clk (in)
     1    0.01                           clk (net)
                  0.11    0.00   25.07 ^ clkbuf_0_clk/A (sky130_fd_sc_hd__clkbuf_16)
                  0.07    0.23   25.29 ^ clkbuf_0_clk/X (sky130_fd_sc_hd__clkbuf_16)
     2    0.02                           clknet_0_clk (net)
                  0.07    0.00   25.29 ^ clkbuf_1_0__f_clk/A (sky130_fd_sc_hd__clkbuf_16)
                  0.07    0.22   25.51 ^ clkbuf_1_0__f_clk/X (sky130_fd_sc_hd__clkbuf_16)
     7    0.03                           clknet_1_0__leaf_clk (net)
                  0.07    0.00   25.51 ^ _486_/CLK (sky130_fd_sc_hd__dfrtp_1)
                         -0.25   25.26   clock uncertainty
                          0.00   25.26   clock reconvergence pessimism
                         -0.13   25.13   library setup time
                                 25.13   data required time
-----------------------------------------------------------------------------
                                 25.13   data required time
                                -10.68   data arrival time
-----------------------------------------------------------------------------
                                 14.45   slack (MET)


Startpoint: _487_ (rising edge-triggered flip-flop clocked by clk)
Endpoint: sideband_out[3] (output port clocked by clk)
Path Group: clk
Path Type: max
Corner: Slowest

Fanout     Cap    Slew   Delay    Time   Description
-----------------------------------------------------------------------------
                          0.00    0.00   clock clk (rise edge)
                          0.00    0.00   clock source latency
                  0.11    0.07    0.07 ^ clk (in)
     1    0.01                           clk (net)
                  0.11    0.00    0.07 ^ clkbuf_0_clk/A (sky130_fd_sc_hd__clkbuf_16)
                  0.07    0.25    0.32 ^ clkbuf_0_clk/X (sky130_fd_sc_hd__clkbuf_16)
     2    0.02                           clknet_0_clk (net)
                  0.07    0.00    0.32 ^ clkbuf_1_1__f_clk/A (sky130_fd_sc_hd__clkbuf_16)
                  0.08    0.24    0.57 ^ clkbuf_1_1__f_clk/X (sky130_fd_sc_hd__clkbuf_16)
     7    0.03                           clknet_1_1__leaf_clk (net)
                  0.08    0.00    0.57 ^ _487_/CLK (sky130_fd_sc_hd__dfrtp_1)
                  0.14    0.85    1.41 v _487_/Q (sky130_fd_sc_hd__dfrtp_1)
     2    0.01                           net32 (net)
                  0.14    0.00    1.42 v output32/A (sky130_fd_sc_hd__clkbuf_4)
                  0.14    0.38    1.79 v output32/X (sky130_fd_sc_hd__clkbuf_4)
     1    0.03                           sideband_out[3] (net)
                  0.14    0.00    1.79 v sideband_out[3] (out)
                                  1.79   data arrival time

                         25.00   25.00   clock clk (rise edge)
                          0.00   25.00   clock network delay (propagated)
                         -0.25   24.75   clock uncertainty
                          0.00   24.75   clock reconvergence pessimism
                         -5.00   19.75   output external delay
                                 19.75   data required time
-----------------------------------------------------------------------------
                                 19.75   data required time
                                 -1.79   data arrival time
-----------------------------------------------------------------------------
                                 17.96   slack (MET)


Startpoint: _489_ (rising edge-triggered flip-flop clocked by clk)
Endpoint: sideband_out[5] (output port clocked by clk)
Path Group: clk
Path Type: max
Corner: Slowest

Fanout     Cap    Slew   Delay    Time   Description
-----------------------------------------------------------------------------
                          0.00    0.00   clock clk (rise edge)
                          0.00    0.00   clock source latency
                  0.11    0.07    0.07 ^ clk (in)
     1    0.01                           clk (net)
                  0.11    0.00    0.07 ^ clkbuf_0_clk/A (sky130_fd_sc_hd__clkbuf_16)
                  0.07    0.25    0.32 ^ clkbuf_0_clk/X (sky130_fd_sc_hd__clkbuf_16)
     2    0.02                           clknet_0_clk (net)
                  0.07    0.00    0.32 ^ clkbuf_1_0__f_clk/A (sky130_fd_sc_hd__clkbuf_16)
                  0.07    0.24    0.56 ^ clkbuf_1_0__f_clk/X (sky130_fd_sc_hd__clkbuf_16)
     7    0.03                           clknet_1_0__leaf_clk (net)
                  0.07    0.00    0.57 ^ _489_/CLK (sky130_fd_sc_hd__dfrtp_1)
                  0.11    0.82    1.38 v _489_/Q (sky130_fd_sc_hd__dfrtp_1)
     2    0.01                           net34 (net)
                  0.11    0.00    1.38 v output34/A (sky130_fd_sc_hd__clkbuf_4)
                  0.14    0.36    1.75 v output34/X (sky130_fd_sc_hd__clkbuf_4)
     1    0.03                           sideband_out[5] (net)
                  0.14    0.00    1.75 v sideband_out[5] (out)
                                  1.75   data arrival time

                         25.00   25.00   clock clk (rise edge)
                          0.00   25.00   clock network delay (propagated)
                         -0.25   24.75   clock uncertainty
                          0.00   24.75   clock reconvergence pessimism
                         -5.00   19.75   output external delay
                                 19.75   data required time
-----------------------------------------------------------------------------
                                 19.75   data required time
                                 -1.75   data arrival time
-----------------------------------------------------------------------------
                                 18.00   slack (MET)


Startpoint: _485_ (rising edge-triggered flip-flop clocked by clk)
Endpoint: sideband_out[1] (output port clocked by clk)
Path Group: clk
Path Type: max
Corner: Slowest

Fanout     Cap    Slew   Delay    Time   Description
-----------------------------------------------------------------------------
                          0.00    0.00   clock clk (rise edge)
                          0.00    0.00   clock source latency
                  0.11    0.07    0.07 ^ clk (in)
     1    0.01                           clk (net)
                  0.11    0.00    0.07 ^ clkbuf_0_clk/A (sky130_fd_sc_hd__clkbuf_16)
                  0.07    0.25    0.32 ^ clkbuf_0_clk/X (sky130_fd_sc_hd__clkbuf_16)
     2    0.02                           clknet_0_clk (net)
                  0.07    0.00    0.32 ^ clkbuf_1_0__f_clk/A (sky130_fd_sc_hd__clkbuf_16)
                  0.07    0.24    0.56 ^ clkbuf_1_0__f_clk/X (sky130_fd_sc_hd__clkbuf_16)
     7    0.03                           clknet_1_0__leaf_clk (net)
                  0.07    0.00    0.57 ^ _485_/CLK (sky130_fd_sc_hd__dfrtp_1)
                  0.10    0.80    1.37 v _485_/Q (sky130_fd_sc_hd__dfrtp_1)
     2    0.01                           net30 (net)
                  0.10    0.00    1.37 v output30/A (sky130_fd_sc_hd__buf_2)
                  0.16    0.38    1.75 v output30/X (sky130_fd_sc_hd__buf_2)
     1    0.03                           sideband_out[1] (net)
                  0.16    0.00    1.75 v sideband_out[1] (out)
                                  1.75   data arrival time

                         25.00   25.00   clock clk (rise edge)
                          0.00   25.00   clock network delay (propagated)
                         -0.25   24.75   clock uncertainty
                          0.00   24.75   clock reconvergence pessimism
                         -5.00   19.75   output external delay
                                 19.75   data required time
-----------------------------------------------------------------------------
                                 19.75   data required time
                                 -1.75   data arrival time
-----------------------------------------------------------------------------
                                 18.00   slack (MET)


Startpoint: _488_ (rising edge-triggered flip-flop clocked by clk)
Endpoint: sideband_out[4] (output port clocked by clk)
Path Group: clk
Path Type: max
Corner: Slowest

Fanout     Cap    Slew   Delay    Time   Description
-----------------------------------------------------------------------------
                          0.00    0.00   clock clk (rise edge)
                          0.00    0.00   clock source latency
                  0.11    0.07    0.07 ^ clk (in)
     1    0.01                           clk (net)
                  0.11    0.00    0.07 ^ clkbuf_0_clk/A (sky130_fd_sc_hd__clkbuf_16)
                  0.07    0.25    0.32 ^ clkbuf_0_clk/X (sky130_fd_sc_hd__clkbuf_16)
     2    0.02                           clknet_0_clk (net)
                  0.07    0.00    0.32 ^ clkbuf_1_0__f_clk/A (sky130_fd_sc_hd__clkbuf_16)
                  0.07    0.24    0.56 ^ clkbuf_1_0__f_clk/X (sky130_fd_sc_hd__clkbuf_16)
     7    0.03                           clknet_1_0__leaf_clk (net)
                  0.07    0.00    0.57 ^ _488_/CLK (sky130_fd_sc_hd__dfrtp_1)
                  0.10    0.80    1.37 v _488_/Q (sky130_fd_sc_hd__dfrtp_1)
     2    0.01                           net33 (net)
                  0.10    0.00    1.37 v output33/A (sky130_fd_sc_hd__buf_2)
                  0.17    0.38    1.74 v output33/X (sky130_fd_sc_hd__buf_2)
     1    0.03                           sideband_out[4] (net)
                  0.17    0.00    1.74 v sideband_out[4] (out)
                                  1.74   data arrival time

                         25.00   25.00   clock clk (rise edge)
                          0.00   25.00   clock network delay (propagated)
                         -0.25   24.75   clock uncertainty
                          0.00   24.75   clock reconvergence pessimism
                         -5.00   19.75   output external delay
                                 19.75   data required time
-----------------------------------------------------------------------------
                                 19.75   data required time
                                 -1.74   data arrival time
-----------------------------------------------------------------------------
                                 18.01   slack (MET)


Startpoint: _486_ (rising edge-triggered flip-flop clocked by clk)
Endpoint: sideband_out[2] (output port clocked by clk)
Path Group: clk
Path Type: max
Corner: Slowest

Fanout     Cap    Slew   Delay    Time   Description
-----------------------------------------------------------------------------
                          0.00    0.00   clock clk (rise edge)
                          0.00    0.00   clock source latency
                  0.11    0.07    0.07 ^ clk (in)
     1    0.01                           clk (net)
                  0.11    0.00    0.07 ^ clkbuf_0_clk/A (sky130_fd_sc_hd__clkbuf_16)
                  0.07    0.25    0.32 ^ clkbuf_0_clk/X (sky130_fd_sc_hd__clkbuf_16)
     2    0.02                           clknet_0_clk (net)
                  0.07    0.00    0.32 ^ clkbuf_1_0__f_clk/A (sky130_fd_sc_hd__clkbuf_16)
                  0.07    0.24    0.56 ^ clkbuf_1_0__f_clk/X (sky130_fd_sc_hd__clkbuf_16)
     7    0.03                           clknet_1_0__leaf_clk (net)
                  0.07    0.00    0.57 ^ _486_/CLK (sky130_fd_sc_hd__dfrtp_1)
                  0.11    0.81    1.38 v _486_/Q (sky130_fd_sc_hd__dfrtp_1)
     2    0.01                           net31 (net)
                  0.11    0.00    1.38 v output31/A (sky130_fd_sc_hd__clkbuf_4)
                  0.14    0.36    1.74 v output31/X (sky130_fd_sc_hd__clkbuf_4)
     1    0.03                           sideband_out[2] (net)
                  0.14    0.00    1.74 v sideband_out[2] (out)
                                  1.74   data arrival time

                         25.00   25.00   clock clk (rise edge)
                          0.00   25.00   clock network delay (propagated)
                         -0.25   24.75   clock uncertainty
                          0.00   24.75   clock reconvergence pessimism
                         -5.00   19.75   output external delay
                                 19.75   data required time
-----------------------------------------------------------------------------
                                 19.75   data required time
                                 -1.74   data arrival time
-----------------------------------------------------------------------------
                                 18.01   slack (MET)


Startpoint: _490_ (rising edge-triggered flip-flop clocked by clk)
Endpoint: sideband_out[6] (output port clocked by clk)
Path Group: clk
Path Type: max
Corner: Slowest

Fanout     Cap    Slew   Delay    Time   Description
-----------------------------------------------------------------------------
                          0.00    0.00   clock clk (rise edge)
                          0.00    0.00   clock source latency
                  0.11    0.07    0.07 ^ clk (in)
     1    0.01                           clk (net)
                  0.11    0.00    0.07 ^ clkbuf_0_clk/A (sky130_fd_sc_hd__clkbuf_16)
                  0.07    0.25    0.32 ^ clkbuf_0_clk/X (sky130_fd_sc_hd__clkbuf_16)
     2    0.02                           clknet_0_clk (net)
                  0.07    0.00    0.32 ^ clkbuf_1_0__f_clk/A (sky130_fd_sc_hd__clkbuf_16)
                  0.07    0.24    0.56 ^ clkbuf_1_0__f_clk/X (sky130_fd_sc_hd__clkbuf_16)
     7    0.03                           clknet_1_0__leaf_clk (net)
                  0.07    0.00    0.57 ^ _490_/CLK (sky130_fd_sc_hd__dfrtp_1)
                  0.11    0.81    1.38 v _490_/Q (sky130_fd_sc_hd__dfrtp_1)
     2    0.01                           net35 (net)
                  0.11    0.00    1.38 v output35/A (sky130_fd_sc_hd__clkbuf_4)
                  0.14    0.36    1.74 v output35/X (sky130_fd_sc_hd__clkbuf_4)
     1    0.03                           sideband_out[6] (net)
                  0.14    0.00    1.74 v sideband_out[6] (out)
                                  1.74   data arrival time

                         25.00   25.00   clock clk (rise edge)
                          0.00   25.00   clock network delay (propagated)
                         -0.25   24.75   clock uncertainty
                          0.00   24.75   clock reconvergence pessimism
                         -5.00   19.75   output external delay
                                 19.75   data required time
-----------------------------------------------------------------------------
                                 19.75   data required time
                                 -1.74   data arrival time
-----------------------------------------------------------------------------
                                 18.01   slack (MET)


Startpoint: _482_ (rising edge-triggered flip-flop clocked by clk)
Endpoint: int4_out[2] (output port clocked by clk)
Path Group: clk
Path Type: max
Corner: Slowest

Fanout     Cap    Slew   Delay    Time   Description
-----------------------------------------------------------------------------
                          0.00    0.00   clock clk (rise edge)
                          0.00    0.00   clock source latency
                  0.11    0.07    0.07 ^ clk (in)
     1    0.01                           clk (net)
                  0.11    0.00    0.07 ^ clkbuf_0_clk/A (sky130_fd_sc_hd__clkbuf_16)
                  0.07    0.25    0.32 ^ clkbuf_0_clk/X (sky130_fd_sc_hd__clkbuf_16)
     2    0.02                           clknet_0_clk (net)
                  0.07    0.00    0.32 ^ clkbuf_1_1__f_clk/A (sky130_fd_sc_hd__clkbuf_16)
                  0.08    0.24    0.57 ^ clkbuf_1_1__f_clk/X (sky130_fd_sc_hd__clkbuf_16)
     7    0.03                           clknet_1_1__leaf_clk (net)
                  0.08    0.00    0.57 ^ _482_/CLK (sky130_fd_sc_hd__dfrtp_1)
                  0.10    0.81    1.37 v _482_/Q (sky130_fd_sc_hd__dfrtp_1)
     2    0.01                           net26 (net)
                  0.10    0.00    1.37 v output26/A (sky130_fd_sc_hd__clkbuf_4)
                  0.14    0.36    1.73 v output26/X (sky130_fd_sc_hd__clkbuf_4)
     1    0.03                           int4_out[2] (net)
                  0.14    0.00    1.73 v int4_out[2] (out)
                                  1.73   data arrival time

                         25.00   25.00   clock clk (rise edge)
                          0.00   25.00   clock network delay (propagated)
                         -0.25   24.75   clock uncertainty
                          0.00   24.75   clock reconvergence pessimism
                         -5.00   19.75   output external delay
                                 19.75   data required time
-----------------------------------------------------------------------------
                                 19.75   data required time
                                 -1.73   data arrival time
-----------------------------------------------------------------------------
                                 18.02   slack (MET)


Startpoint: _483_ (rising edge-triggered flip-flop clocked by clk)
Endpoint: int4_out[3] (output port clocked by clk)
Path Group: clk
Path Type: max
Corner: Slowest

Fanout     Cap    Slew   Delay    Time   Description
-----------------------------------------------------------------------------
                          0.00    0.00   clock clk (rise edge)
                          0.00    0.00   clock source latency
                  0.11    0.07    0.07 ^ clk (in)
     1    0.01                           clk (net)
                  0.11    0.00    0.07 ^ clkbuf_0_clk/A (sky130_fd_sc_hd__clkbuf_16)
                  0.07    0.25    0.32 ^ clkbuf_0_clk/X (sky130_fd_sc_hd__clkbuf_16)
     2    0.02                           clknet_0_clk (net)
                  0.07    0.00    0.32 ^ clkbuf_1_1__f_clk/A (sky130_fd_sc_hd__clkbuf_16)
                  0.08    0.24    0.57 ^ clkbuf_1_1__f_clk/X (sky130_fd_sc_hd__clkbuf_16)
     7    0.03                           clknet_1_1__leaf_clk (net)
                  0.08    0.00    0.57 ^ _483_/CLK (sky130_fd_sc_hd__dfrtp_1)
                  0.10    0.80    1.37 v _483_/Q (sky130_fd_sc_hd__dfrtp_1)
     2    0.01                           net27 (net)
                  0.10    0.00    1.37 v output27/A (sky130_fd_sc_hd__clkbuf_4)
                  0.14    0.36    1.72 v output27/X (sky130_fd_sc_hd__clkbuf_4)
     1    0.03                           int4_out[3] (net)
                  0.14    0.00    1.72 v int4_out[3] (out)
                                  1.72   data arrival time

                         25.00   25.00   clock clk (rise edge)
                          0.00   25.00   clock network delay (propagated)
                         -0.25   24.75   clock uncertainty
                          0.00   24.75   clock reconvergence pessimism
                         -5.00   19.75   output external delay
                                 19.75   data required time
-----------------------------------------------------------------------------
                                 19.75   data required time
                                 -1.72   data arrival time
-----------------------------------------------------------------------------
                                 18.03   slack (MET)


Startpoint: _481_ (rising edge-triggered flip-flop clocked by clk)
Endpoint: int4_out[1] (output port clocked by clk)
Path Group: clk
Path Type: max
Corner: Slowest

Fanout     Cap    Slew   Delay    Time   Description
-----------------------------------------------------------------------------
                          0.00    0.00   clock clk (rise edge)
                          0.00    0.00   clock source latency
                  0.11    0.07    0.07 ^ clk (in)
     1    0.01                           clk (net)
                  0.11    0.00    0.07 ^ clkbuf_0_clk/A (sky130_fd_sc_hd__clkbuf_16)
                  0.07    0.25    0.32 ^ clkbuf_0_clk/X (sky130_fd_sc_hd__clkbuf_16)
     2    0.02                           clknet_0_clk (net)
                  0.07    0.00    0.32 ^ clkbuf_1_1__f_clk/A (sky130_fd_sc_hd__clkbuf_16)
                  0.08    0.24    0.57 ^ clkbuf_1_1__f_clk/X (sky130_fd_sc_hd__clkbuf_16)
     7    0.03                           clknet_1_1__leaf_clk (net)
                  0.08    0.00    0.57 ^ _481_/CLK (sky130_fd_sc_hd__dfrtp_1)
                  0.10    0.80    1.37 v _481_/Q (sky130_fd_sc_hd__dfrtp_1)
     2    0.01                           net25 (net)
                  0.10    0.00    1.37 v output25/A (sky130_fd_sc_hd__clkbuf_4)
                  0.14    0.35    1.72 v output25/X (sky130_fd_sc_hd__clkbuf_4)
     1    0.03                           int4_out[1] (net)
                  0.14    0.00    1.72 v int4_out[1] (out)
                                  1.72   data arrival time

                         25.00   25.00   clock clk (rise edge)
                          0.00   25.00   clock network delay (propagated)
                         -0.25   24.75   clock uncertainty
                          0.00   24.75   clock reconvergence pessimism
                         -5.00   19.75   output external delay
                                 19.75   data required time
-----------------------------------------------------------------------------
                                 19.75   data required time
                                 -1.72   data arrival time
-----------------------------------------------------------------------------
                                 18.03   slack (MET)


Startpoint: _484_ (rising edge-triggered flip-flop clocked by clk)
Endpoint: sideband_out[0] (output port clocked by clk)
Path Group: clk
Path Type: max
Corner: Slowest

Fanout     Cap    Slew   Delay    Time   Description
-----------------------------------------------------------------------------
                          0.00    0.00   clock clk (rise edge)
                          0.00    0.00   clock source latency
                  0.11    0.07    0.07 ^ clk (in)
     1    0.01                           clk (net)
                  0.11    0.00    0.07 ^ clkbuf_0_clk/A (sky130_fd_sc_hd__clkbuf_16)
                  0.07    0.25    0.32 ^ clkbuf_0_clk/X (sky130_fd_sc_hd__clkbuf_16)
     2    0.02                           clknet_0_clk (net)
                  0.07    0.00    0.32 ^ clkbuf_1_0__f_clk/A (sky130_fd_sc_hd__clkbuf_16)
                  0.07    0.24    0.56 ^ clkbuf_1_0__f_clk/X (sky130_fd_sc_hd__clkbuf_16)
     7    0.03                           clknet_1_0__leaf_clk (net)
                  0.07    0.00    0.57 ^ _484_/CLK (sky130_fd_sc_hd__dfrtp_1)
                  0.10    0.80    1.37 v _484_/Q (sky130_fd_sc_hd__dfrtp_1)
     2    0.01                           net29 (net)
                  0.10    0.00    1.37 v output29/A (sky130_fd_sc_hd__clkbuf_4)
                  0.14    0.36    1.72 v output29/X (sky130_fd_sc_hd__clkbuf_4)
     1    0.03                           sideband_out[0] (net)
                  0.14    0.00    1.72 v sideband_out[0] (out)
                                  1.72   data arrival time

                         25.00   25.00   clock clk (rise edge)
                          0.00   25.00   clock network delay (propagated)
                         -0.25   24.75   clock uncertainty
                          0.00   24.75   clock reconvergence pessimism
                         -5.00   19.75   output external delay
                                 19.75   data required time
-----------------------------------------------------------------------------
                                 19.75   data required time
                                 -1.72   data arrival time
-----------------------------------------------------------------------------
                                 18.03   slack (MET)


Startpoint: _491_ (rising edge-triggered flip-flop clocked by clk)
Endpoint: sideband_out[7] (output port clocked by clk)
Path Group: clk
Path Type: max
Corner: Slowest

Fanout     Cap    Slew   Delay    Time   Description
-----------------------------------------------------------------------------
                          0.00    0.00   clock clk (rise edge)
                          0.00    0.00   clock source latency
                  0.11    0.07    0.07 ^ clk (in)
     1    0.01                           clk (net)
                  0.11    0.00    0.07 ^ clkbuf_0_clk/A (sky130_fd_sc_hd__clkbuf_16)
                  0.07    0.25    0.32 ^ clkbuf_0_clk/X (sky130_fd_sc_hd__clkbuf_16)
     2    0.02                           clknet_0_clk (net)
                  0.07    0.00    0.32 ^ clkbuf_1_0__f_clk/A (sky130_fd_sc_hd__clkbuf_16)
                  0.07    0.24    0.56 ^ clkbuf_1_0__f_clk/X (sky130_fd_sc_hd__clkbuf_16)
     7    0.03                           clknet_1_0__leaf_clk (net)
                  0.07    0.00    0.57 ^ _491_/CLK (sky130_fd_sc_hd__dfrtp_1)
                  0.09    0.79    1.36 v _491_/Q (sky130_fd_sc_hd__dfrtp_1)
     2    0.00                           net36 (net)
                  0.09    0.00    1.36 v output36/A (sky130_fd_sc_hd__clkbuf_4)
                  0.14    0.35    1.71 v output36/X (sky130_fd_sc_hd__clkbuf_4)
     1    0.03                           sideband_out[7] (net)
                  0.14    0.00    1.71 v sideband_out[7] (out)
                                  1.71   data arrival time

                         25.00   25.00   clock clk (rise edge)
                          0.00   25.00   clock network delay (propagated)
                         -0.25   24.75   clock uncertainty
                          0.00   24.75   clock reconvergence pessimism
                         -5.00   19.75   output external delay
                                 19.75   data required time
-----------------------------------------------------------------------------
                                 19.75   data required time
                                 -1.71   data arrival time
-----------------------------------------------------------------------------
                                 18.04   slack (MET)


Startpoint: _478_ (rising edge-triggered flip-flop clocked by clk)
Endpoint: is_outlier (output port clocked by clk)
Path Group: clk
Path Type: max
Corner: Slowest

Fanout     Cap    Slew   Delay    Time   Description
-----------------------------------------------------------------------------
                          0.00    0.00   clock clk (rise edge)
                          0.00    0.00   clock source latency
                  0.11    0.07    0.07 ^ clk (in)
     1    0.01                           clk (net)
                  0.11    0.00    0.07 ^ clkbuf_0_clk/A (sky130_fd_sc_hd__clkbuf_16)
                  0.07    0.25    0.32 ^ clkbuf_0_clk/X (sky130_fd_sc_hd__clkbuf_16)
     2    0.02                           clknet_0_clk (net)
                  0.07    0.00    0.32 ^ clkbuf_1_1__f_clk/A (sky130_fd_sc_hd__clkbuf_16)
                  0.08    0.24    0.57 ^ clkbuf_1_1__f_clk/X (sky130_fd_sc_hd__clkbuf_16)
     7    0.03                           clknet_1_1__leaf_clk (net)
                  0.08    0.00    0.57 ^ _478_/CLK (sky130_fd_sc_hd__dfrtp_1)
                  0.09    0.79    1.36 v _478_/Q (sky130_fd_sc_hd__dfrtp_1)
     2    0.00                           net28 (net)
                  0.09    0.00    1.36 v output28/A (sky130_fd_sc_hd__clkbuf_4)
                  0.14    0.35    1.71 v output28/X (sky130_fd_sc_hd__clkbuf_4)
     1    0.03                           is_outlier (net)
                  0.14    0.00    1.71 v is_outlier (out)
                                  1.71   data arrival time

                         25.00   25.00   clock clk (rise edge)
                          0.00   25.00   clock network delay (propagated)
                         -0.25   24.75   clock uncertainty
                          0.00   24.75   clock reconvergence pessimism
                         -5.00   19.75   output external delay
                                 19.75   data required time
-----------------------------------------------------------------------------
                                 19.75   data required time
                                 -1.71   data arrival time
-----------------------------------------------------------------------------
                                 18.04   slack (MET)


Startpoint: _480_ (rising edge-triggered flip-flop clocked by clk)
Endpoint: int4_out[0] (output port clocked by clk)
Path Group: clk
Path Type: max
Corner: Slowest

Fanout     Cap    Slew   Delay    Time   Description
-----------------------------------------------------------------------------
                          0.00    0.00   clock clk (rise edge)
                          0.00    0.00   clock source latency
                  0.11    0.07    0.07 ^ clk (in)
     1    0.01                           clk (net)
                  0.11    0.00    0.07 ^ clkbuf_0_clk/A (sky130_fd_sc_hd__clkbuf_16)
                  0.07    0.25    0.32 ^ clkbuf_0_clk/X (sky130_fd_sc_hd__clkbuf_16)
     2    0.02                           clknet_0_clk (net)
                  0.07    0.00    0.32 ^ clkbuf_1_1__f_clk/A (sky130_fd_sc_hd__clkbuf_16)
                  0.08    0.24    0.57 ^ clkbuf_1_1__f_clk/X (sky130_fd_sc_hd__clkbuf_16)
     7    0.03                           clknet_1_1__leaf_clk (net)
                  0.08    0.00    0.57 ^ _480_/CLK (sky130_fd_sc_hd__dfrtp_1)
                  0.09    0.79    1.35 v _480_/Q (sky130_fd_sc_hd__dfrtp_1)
     2    0.00                           net24 (net)
                  0.09    0.00    1.35 v output24/A (sky130_fd_sc_hd__clkbuf_4)
                  0.14    0.35    1.70 v output24/X (sky130_fd_sc_hd__clkbuf_4)
     1    0.03                           int4_out[0] (net)
                  0.14    0.00    1.70 v int4_out[0] (out)
                                  1.70   data arrival time

                         25.00   25.00   clock clk (rise edge)
                          0.00   25.00   clock network delay (propagated)
                         -0.25   24.75   clock uncertainty
                          0.00   24.75   clock reconvergence pessimism
                         -5.00   19.75   output external delay
                                 19.75   data required time
-----------------------------------------------------------------------------
                                 19.75   data required time
                                 -1.70   data arrival time
-----------------------------------------------------------------------------
                                 18.05   slack (MET)


Startpoint: _479_ (rising edge-triggered flip-flop clocked by clk)
Endpoint: valid_out (output port clocked by clk)
Path Group: clk
Path Type: max
Corner: Slowest

Fanout     Cap    Slew   Delay    Time   Description
-----------------------------------------------------------------------------
                          0.00    0.00   clock clk (rise edge)
                          0.00    0.00   clock source latency
                  0.11    0.07    0.07 ^ clk (in)
     1    0.01                           clk (net)
                  0.11    0.00    0.07 ^ clkbuf_0_clk/A (sky130_fd_sc_hd__clkbuf_16)
                  0.07    0.25    0.32 ^ clkbuf_0_clk/X (sky130_fd_sc_hd__clkbuf_16)
     2    0.02                           clknet_0_clk (net)
                  0.07    0.00    0.32 ^ clkbuf_1_1__f_clk/A (sky130_fd_sc_hd__clkbuf_16)
                  0.08    0.24    0.57 ^ clkbuf_1_1__f_clk/X (sky130_fd_sc_hd__clkbuf_16)
     7    0.03                           clknet_1_1__leaf_clk (net)
                  0.08    0.00    0.57 ^ _479_/CLK (sky130_fd_sc_hd__dfrtp_1)
                  0.08    0.78    1.35 v _479_/Q (sky130_fd_sc_hd__dfrtp_1)
     1    0.00                           net37 (net)
                  0.08    0.00    1.35 v output37/A (sky130_fd_sc_hd__clkbuf_4)
                  0.14    0.35    1.70 v output37/X (sky130_fd_sc_hd__clkbuf_4)
     1    0.03                           valid_out (net)
                  0.14    0.00    1.70 v valid_out (out)
                                  1.70   data arrival time

                         25.00   25.00   clock clk (rise edge)
                          0.00   25.00   clock network delay (propagated)
                         -0.25   24.75   clock uncertainty
                          0.00   24.75   clock reconvergence pessimism
                         -5.00   19.75   output external delay
                                 19.75   data required time
-----------------------------------------------------------------------------
                                 19.75   data required time
                                 -1.70   data arrival time
-----------------------------------------------------------------------------
                                 18.05   slack (MET)


Startpoint: valid_in (input port clocked by clk)
Endpoint: _479_ (rising edge-triggered flip-flop clocked by clk)
Path Group: clk
Path Type: max
Corner: Slowest

Fanout     Cap    Slew   Delay    Time   Description
-----------------------------------------------------------------------------
                          0.00    0.00   clock clk (rise edge)
                          0.00    0.00   clock network delay (propagated)
                          5.00    5.00 v input external delay
                  0.02    0.01    5.01 v valid_in (in)
     1    0.00                           valid_in (net)
                  0.02    0.00    5.01 v input23/A (sky130_fd_sc_hd__buf_1)
                  0.22    0.28    5.29 v input23/X (sky130_fd_sc_hd__buf_1)
     2    0.02                           net23 (net)
                  0.22    0.00    5.29 v _479_/D (sky130_fd_sc_hd__dfrtp_1)
                                  5.29   data arrival time

                         25.00   25.00   clock clk (rise edge)
                          0.00   25.00   clock source latency
                  0.11    0.07   25.07 ^ clk (in)
     1    0.01                           clk (net)
                  0.11    0.00   25.07 ^ clkbuf_0_clk/A (sky130_fd_sc_hd__clkbuf_16)
                  0.07    0.23   25.29 ^ clkbuf_0_clk/X (sky130_fd_sc_hd__clkbuf_16)
     2    0.02                           clknet_0_clk (net)
                  0.07    0.00   25.29 ^ clkbuf_1_1__f_clk/A (sky130_fd_sc_hd__clkbuf_16)
                  0.08    0.22   25.51 ^ clkbuf_1_1__f_clk/X (sky130_fd_sc_hd__clkbuf_16)
     7    0.03                           clknet_1_1__leaf_clk (net)
                  0.08    0.00   25.51 ^ _479_/CLK (sky130_fd_sc_hd__dfrtp_1)
                         -0.25   25.26   clock uncertainty
                          0.00   25.26   clock reconvergence pessimism
                         -0.34   24.93   library setup time
                                 24.93   data required time
-----------------------------------------------------------------------------
                                 24.93   data required time
                                 -5.29   data arrival time
-----------------------------------------------------------------------------
                                 19.63   slack (MET)


Startpoint: rst_n (input port clocked by clk)
Endpoint: _484_ (recovery check against rising-edge clock clk)
Path Group: asynchronous
Path Type: max
Corner: Slowest

Fanout     Cap    Slew   Delay    Time   Description
-----------------------------------------------------------------------------
                          0.00    0.00   clock clk (rise edge)
                          0.00    0.00   clock network delay (propagated)
                          5.00    5.00 ^ input external delay
                  0.03    0.02    5.02 ^ rst_n (in)
     1    0.00                           rst_n (net)
                  0.03    0.00    5.02 ^ input10/A (sky130_fd_sc_hd__clkbuf_2)
                  0.21    0.29    5.30 ^ input10/X (sky130_fd_sc_hd__clkbuf_2)
     5    0.02                           net10 (net)
                  0.21    0.00    5.31 ^ fanout39/A (sky130_fd_sc_hd__buf_4)
                  0.25    0.43    5.73 ^ fanout39/X (sky130_fd_sc_hd__buf_4)
    10    0.06                           net39 (net)
                  0.25    0.01    5.74 ^ _484_/RESET_B (sky130_fd_sc_hd__dfrtp_1)
                                  5.74   data arrival time

                         25.00   25.00   clock clk (rise edge)
                          0.00   25.00   clock source latency
                  0.11    0.07   25.07 ^ clk (in)
     1    0.01                           clk (net)
                  0.11    0.00   25.07 ^ clkbuf_0_clk/A (sky130_fd_sc_hd__clkbuf_16)
                  0.07    0.23   25.29 ^ clkbuf_0_clk/X (sky130_fd_sc_hd__clkbuf_16)
     2    0.02                           clknet_0_clk (net)
                  0.07    0.00   25.29 ^ clkbuf_1_0__f_clk/A (sky130_fd_sc_hd__clkbuf_16)
                  0.07    0.22   25.51 ^ clkbuf_1_0__f_clk/X (sky130_fd_sc_hd__clkbuf_16)
     7    0.03                           clknet_1_0__leaf_clk (net)
                  0.07    0.00   25.51 ^ _484_/CLK (sky130_fd_sc_hd__dfrtp_1)
                         -0.25   25.26   clock uncertainty
                          0.00   25.26   clock reconvergence pessimism
                          0.40   25.66   library recovery time
                                 25.66   data required time
-----------------------------------------------------------------------------
                                 25.66   data required time
                                 -5.74   data arrival time
-----------------------------------------------------------------------------
                                 19.92   slack (MET)


Startpoint: rst_n (input port clocked by clk)
Endpoint: _490_ (recovery check against rising-edge clock clk)
Path Group: asynchronous
Path Type: max
Corner: Slowest

Fanout     Cap    Slew   Delay    Time   Description
-----------------------------------------------------------------------------
                          0.00    0.00   clock clk (rise edge)
                          0.00    0.00   clock network delay (propagated)
                          5.00    5.00 ^ input external delay
                  0.03    0.02    5.02 ^ rst_n (in)
     1    0.00                           rst_n (net)
                  0.03    0.00    5.02 ^ input10/A (sky130_fd_sc_hd__clkbuf_2)
                  0.21    0.29    5.30 ^ input10/X (sky130_fd_sc_hd__clkbuf_2)
     5    0.02                           net10 (net)
                  0.21    0.00    5.31 ^ fanout39/A (sky130_fd_sc_hd__buf_4)
                  0.25    0.43    5.73 ^ fanout39/X (sky130_fd_sc_hd__buf_4)
    10    0.06                           net39 (net)
                  0.25    0.01    5.74 ^ _490_/RESET_B (sky130_fd_sc_hd__dfrtp_1)
                                  5.74   data arrival time

                         25.00   25.00   clock clk (rise edge)
                          0.00   25.00   clock source latency
                  0.11    0.07   25.07 ^ clk (in)
     1    0.01                           clk (net)
                  0.11    0.00   25.07 ^ clkbuf_0_clk/A (sky130_fd_sc_hd__clkbuf_16)
                  0.07    0.23   25.29 ^ clkbuf_0_clk/X (sky130_fd_sc_hd__clkbuf_16)
     2    0.02                           clknet_0_clk (net)
                  0.07    0.00   25.29 ^ clkbuf_1_0__f_clk/A (sky130_fd_sc_hd__clkbuf_16)
                  0.07    0.22   25.51 ^ clkbuf_1_0__f_clk/X (sky130_fd_sc_hd__clkbuf_16)
     7    0.03                           clknet_1_0__leaf_clk (net)
                  0.07    0.00   25.51 ^ _490_/CLK (sky130_fd_sc_hd__dfrtp_1)
                         -0.25   25.26   clock uncertainty
                          0.00   25.26   clock reconvergence pessimism
                          0.40   25.66   library recovery time
                                 25.66   data required time
-----------------------------------------------------------------------------
                                 25.66   data required time
                                 -5.74   data arrival time
-----------------------------------------------------------------------------
                                 19.92   slack (MET)


Startpoint: rst_n (input port clocked by clk)
Endpoint: _489_ (recovery check against rising-edge clock clk)
Path Group: asynchronous
Path Type: max
Corner: Slowest

Fanout     Cap    Slew   Delay    Time   Description
-----------------------------------------------------------------------------
                          0.00    0.00   clock clk (rise edge)
                          0.00    0.00   clock network delay (propagated)
                          5.00    5.00 ^ input external delay
                  0.03    0.02    5.02 ^ rst_n (in)
     1    0.00                           rst_n (net)
                  0.03    0.00    5.02 ^ input10/A (sky130_fd_sc_hd__clkbuf_2)
                  0.21    0.29    5.30 ^ input10/X (sky130_fd_sc_hd__clkbuf_2)
     5    0.02                           net10 (net)
                  0.21    0.00    5.31 ^ fanout39/A (sky130_fd_sc_hd__buf_4)
                  0.25    0.43    5.73 ^ fanout39/X (sky130_fd_sc_hd__buf_4)
    10    0.06                           net39 (net)
                  0.25    0.01    5.74 ^ _489_/RESET_B (sky130_fd_sc_hd__dfrtp_1)
                                  5.74   data arrival time

                         25.00   25.00   clock clk (rise edge)
                          0.00   25.00   clock source latency
                  0.11    0.07   25.07 ^ clk (in)
     1    0.01                           clk (net)
                  0.11    0.00   25.07 ^ clkbuf_0_clk/A (sky130_fd_sc_hd__clkbuf_16)
                  0.07    0.23   25.29 ^ clkbuf_0_clk/X (sky130_fd_sc_hd__clkbuf_16)
     2    0.02                           clknet_0_clk (net)
                  0.07    0.00   25.29 ^ clkbuf_1_0__f_clk/A (sky130_fd_sc_hd__clkbuf_16)
                  0.07    0.22   25.51 ^ clkbuf_1_0__f_clk/X (sky130_fd_sc_hd__clkbuf_16)
     7    0.03                           clknet_1_0__leaf_clk (net)
                  0.07    0.00   25.51 ^ _489_/CLK (sky130_fd_sc_hd__dfrtp_1)
                         -0.25   25.26   clock uncertainty
                          0.00   25.26   clock reconvergence pessimism
                          0.40   25.66   library recovery time
                                 25.66   data required time
-----------------------------------------------------------------------------
                                 25.66   data required time
                                 -5.74   data arrival time
-----------------------------------------------------------------------------
                                 19.92   slack (MET)


Startpoint: rst_n (input port clocked by clk)
Endpoint: _491_ (recovery check against rising-edge clock clk)
Path Group: asynchronous
Path Type: max
Corner: Slowest

Fanout     Cap    Slew   Delay    Time   Description
-----------------------------------------------------------------------------
                          0.00    0.00   clock clk (rise edge)
                          0.00    0.00   clock network delay (propagated)
                          5.00    5.00 ^ input external delay
                  0.03    0.02    5.02 ^ rst_n (in)
     1    0.00                           rst_n (net)
                  0.03    0.00    5.02 ^ input10/A (sky130_fd_sc_hd__clkbuf_2)
                  0.21    0.29    5.30 ^ input10/X (sky130_fd_sc_hd__clkbuf_2)
     5    0.02                           net10 (net)
                  0.21    0.00    5.31 ^ fanout39/A (sky130_fd_sc_hd__buf_4)
                  0.25    0.43    5.73 ^ fanout39/X (sky130_fd_sc_hd__buf_4)
    10    0.06                           net39 (net)
                  0.25    0.01    5.74 ^ _491_/RESET_B (sky130_fd_sc_hd__dfrtp_1)
                                  5.74   data arrival time

                         25.00   25.00   clock clk (rise edge)
                          0.00   25.00   clock source latency
                  0.11    0.07   25.07 ^ clk (in)
     1    0.01                           clk (net)
                  0.11    0.00   25.07 ^ clkbuf_0_clk/A (sky130_fd_sc_hd__clkbuf_16)
                  0.07    0.23   25.29 ^ clkbuf_0_clk/X (sky130_fd_sc_hd__clkbuf_16)
     2    0.02                           clknet_0_clk (net)
                  0.07    0.00   25.29 ^ clkbuf_1_0__f_clk/A (sky130_fd_sc_hd__clkbuf_16)
                  0.07    0.22   25.51 ^ clkbuf_1_0__f_clk/X (sky130_fd_sc_hd__clkbuf_16)
     7    0.03                           clknet_1_0__leaf_clk (net)
                  0.07    0.00   25.51 ^ _491_/CLK (sky130_fd_sc_hd__dfrtp_1)
                         -0.25   25.26   clock uncertainty
                          0.00   25.26   clock reconvergence pessimism
                          0.40   25.66   library recovery time
                                 25.66   data required time
-----------------------------------------------------------------------------
                                 25.66   data required time
                                 -5.74   data arrival time
-----------------------------------------------------------------------------
                                 19.92   slack (MET)


Startpoint: rst_n (input port clocked by clk)
Endpoint: _478_ (recovery check against rising-edge clock clk)
Path Group: asynchronous
Path Type: max
Corner: Slowest

Fanout     Cap    Slew   Delay    Time   Description
-----------------------------------------------------------------------------
                          0.00    0.00   clock clk (rise edge)
                          0.00    0.00   clock network delay (propagated)
                          5.00    5.00 ^ input external delay
                  0.03    0.02    5.02 ^ rst_n (in)
     1    0.00                           rst_n (net)
                  0.03    0.00    5.02 ^ input10/A (sky130_fd_sc_hd__clkbuf_2)
                  0.21    0.29    5.30 ^ input10/X (sky130_fd_sc_hd__clkbuf_2)
     5    0.02                           net10 (net)
                  0.21    0.00    5.31 ^ fanout39/A (sky130_fd_sc_hd__buf_4)
                  0.25    0.43    5.73 ^ fanout39/X (sky130_fd_sc_hd__buf_4)
    10    0.06                           net39 (net)
                  0.25    0.00    5.74 ^ _478_/RESET_B (sky130_fd_sc_hd__dfrtp_1)
                                  5.74   data arrival time

                         25.00   25.00   clock clk (rise edge)
                          0.00   25.00   clock source latency
                  0.11    0.07   25.07 ^ clk (in)
     1    0.01                           clk (net)
                  0.11    0.00   25.07 ^ clkbuf_0_clk/A (sky130_fd_sc_hd__clkbuf_16)
                  0.07    0.23   25.29 ^ clkbuf_0_clk/X (sky130_fd_sc_hd__clkbuf_16)
     2    0.02                           clknet_0_clk (net)
                  0.07    0.00   25.29 ^ clkbuf_1_1__f_clk/A (sky130_fd_sc_hd__clkbuf_16)
                  0.08    0.22   25.51 ^ clkbuf_1_1__f_clk/X (sky130_fd_sc_hd__clkbuf_16)
     7    0.03                           clknet_1_1__leaf_clk (net)
                  0.08    0.00   25.51 ^ _478_/CLK (sky130_fd_sc_hd__dfrtp_1)
                         -0.25   25.26   clock uncertainty
                          0.00   25.26   clock reconvergence pessimism
                          0.40   25.66   library recovery time
                                 25.66   data required time
-----------------------------------------------------------------------------
                                 25.66   data required time
                                 -5.74   data arrival time
-----------------------------------------------------------------------------
                                 19.92   slack (MET)


Startpoint: rst_n (input port clocked by clk)
Endpoint: _480_ (recovery check against rising-edge clock clk)
Path Group: asynchronous
Path Type: max
Corner: Slowest

Fanout     Cap    Slew   Delay    Time   Description
-----------------------------------------------------------------------------
                          0.00    0.00   clock clk (rise edge)
                          0.00    0.00   clock network delay (propagated)
                          5.00    5.00 ^ input external delay
                  0.03    0.02    5.02 ^ rst_n (in)
     1    0.00                           rst_n (net)
                  0.03    0.00    5.02 ^ input10/A (sky130_fd_sc_hd__clkbuf_2)
                  0.21    0.29    5.30 ^ input10/X (sky130_fd_sc_hd__clkbuf_2)
     5    0.02                           net10 (net)
                  0.21    0.00    5.31 ^ fanout39/A (sky130_fd_sc_hd__buf_4)
                  0.25    0.43    5.73 ^ fanout39/X (sky130_fd_sc_hd__buf_4)
    10    0.06                           net39 (net)
                  0.25    0.00    5.74 ^ _480_/RESET_B (sky130_fd_sc_hd__dfrtp_1)
                                  5.74   data arrival time

                         25.00   25.00   clock clk (rise edge)
                          0.00   25.00   clock source latency
                  0.11    0.07   25.07 ^ clk (in)
     1    0.01                           clk (net)
                  0.11    0.00   25.07 ^ clkbuf_0_clk/A (sky130_fd_sc_hd__clkbuf_16)
                  0.07    0.23   25.29 ^ clkbuf_0_clk/X (sky130_fd_sc_hd__clkbuf_16)
     2    0.02                           clknet_0_clk (net)
                  0.07    0.00   25.29 ^ clkbuf_1_1__f_clk/A (sky130_fd_sc_hd__clkbuf_16)
                  0.08    0.22   25.51 ^ clkbuf_1_1__f_clk/X (sky130_fd_sc_hd__clkbuf_16)
     7    0.03                           clknet_1_1__leaf_clk (net)
                  0.08    0.00   25.51 ^ _480_/CLK (sky130_fd_sc_hd__dfrtp_1)
                         -0.25   25.26   clock uncertainty
                          0.00   25.26   clock reconvergence pessimism
                          0.40   25.66   library recovery time
                                 25.66   data required time
-----------------------------------------------------------------------------
                                 25.66   data required time
                                 -5.74   data arrival time
-----------------------------------------------------------------------------
                                 19.92   slack (MET)


Startpoint: rst_n (input port clocked by clk)
Endpoint: _483_ (recovery check against rising-edge clock clk)
Path Group: asynchronous
Path Type: max
Corner: Slowest

Fanout     Cap    Slew   Delay    Time   Description
-----------------------------------------------------------------------------
                          0.00    0.00   clock clk (rise edge)
                          0.00    0.00   clock network delay (propagated)
                          5.00    5.00 ^ input external delay
                  0.03    0.02    5.02 ^ rst_n (in)
     1    0.00                           rst_n (net)
                  0.03    0.00    5.02 ^ input10/A (sky130_fd_sc_hd__clkbuf_2)
                  0.21    0.29    5.30 ^ input10/X (sky130_fd_sc_hd__clkbuf_2)
     5    0.02                           net10 (net)
                  0.21    0.00    5.31 ^ fanout39/A (sky130_fd_sc_hd__buf_4)
                  0.25    0.43    5.73 ^ fanout39/X (sky130_fd_sc_hd__buf_4)
    10    0.06                           net39 (net)
                  0.25    0.00    5.74 ^ _483_/RESET_B (sky130_fd_sc_hd__dfrtp_1)
                                  5.74   data arrival time

                         25.00   25.00   clock clk (rise edge)
                          0.00   25.00   clock source latency
                  0.11    0.07   25.07 ^ clk (in)
     1    0.01                           clk (net)
                  0.11    0.00   25.07 ^ clkbuf_0_clk/A (sky130_fd_sc_hd__clkbuf_16)
                  0.07    0.23   25.29 ^ clkbuf_0_clk/X (sky130_fd_sc_hd__clkbuf_16)
     2    0.02                           clknet_0_clk (net)
                  0.07    0.00   25.29 ^ clkbuf_1_1__f_clk/A (sky130_fd_sc_hd__clkbuf_16)
                  0.08    0.22   25.51 ^ clkbuf_1_1__f_clk/X (sky130_fd_sc_hd__clkbuf_16)
     7    0.03                           clknet_1_1__leaf_clk (net)
                  0.08    0.00   25.51 ^ _483_/CLK (sky130_fd_sc_hd__dfrtp_1)
                         -0.25   25.26   clock uncertainty
                          0.00   25.26   clock reconvergence pessimism
                          0.40   25.66   library recovery time
                                 25.66   data required time
-----------------------------------------------------------------------------
                                 25.66   data required time
                                 -5.74   data arrival time
-----------------------------------------------------------------------------
                                 19.92   slack (MET)


Startpoint: rst_n (input port clocked by clk)
Endpoint: _482_ (recovery check against rising-edge clock clk)
Path Group: asynchronous
Path Type: max
Corner: Slowest

Fanout     Cap    Slew   Delay    Time   Description
-----------------------------------------------------------------------------
                          0.00    0.00   clock clk (rise edge)
                          0.00    0.00   clock network delay (propagated)
                          5.00    5.00 ^ input external delay
                  0.03    0.02    5.02 ^ rst_n (in)
     1    0.00                           rst_n (net)
                  0.03    0.00    5.02 ^ input10/A (sky130_fd_sc_hd__clkbuf_2)
                  0.21    0.29    5.30 ^ input10/X (sky130_fd_sc_hd__clkbuf_2)
     5    0.02                           net10 (net)
                  0.21    0.00    5.31 ^ fanout39/A (sky130_fd_sc_hd__buf_4)
                  0.25    0.43    5.73 ^ fanout39/X (sky130_fd_sc_hd__buf_4)
    10    0.06                           net39 (net)
                  0.25    0.00    5.74 ^ _482_/RESET_B (sky130_fd_sc_hd__dfrtp_1)
                                  5.74   data arrival time

                         25.00   25.00   clock clk (rise edge)
                          0.00   25.00   clock source latency
                  0.11    0.07   25.07 ^ clk (in)
     1    0.01                           clk (net)
                  0.11    0.00   25.07 ^ clkbuf_0_clk/A (sky130_fd_sc_hd__clkbuf_16)
                  0.07    0.23   25.29 ^ clkbuf_0_clk/X (sky130_fd_sc_hd__clkbuf_16)
     2    0.02                           clknet_0_clk (net)
                  0.07    0.00   25.29 ^ clkbuf_1_1__f_clk/A (sky130_fd_sc_hd__clkbuf_16)
                  0.08    0.22   25.51 ^ clkbuf_1_1__f_clk/X (sky130_fd_sc_hd__clkbuf_16)
     7    0.03                           clknet_1_1__leaf_clk (net)
                  0.08    0.00   25.51 ^ _482_/CLK (sky130_fd_sc_hd__dfrtp_1)
                         -0.25   25.26   clock uncertainty
                          0.00   25.26   clock reconvergence pessimism
                          0.40   25.66   library recovery time
                                 25.66   data required time
-----------------------------------------------------------------------------
                                 25.66   data required time
                                 -5.74   data arrival time
-----------------------------------------------------------------------------
                                 19.92   slack (MET)


Startpoint: rst_n (input port clocked by clk)
Endpoint: _479_ (recovery check against rising-edge clock clk)
Path Group: asynchronous
Path Type: max
Corner: Slowest

Fanout     Cap    Slew   Delay    Time   Description
-----------------------------------------------------------------------------
                          0.00    0.00   clock clk (rise edge)
                          0.00    0.00   clock network delay (propagated)
                          5.00    5.00 ^ input external delay
                  0.03    0.02    5.02 ^ rst_n (in)
     1    0.00                           rst_n (net)
                  0.03    0.00    5.02 ^ input10/A (sky130_fd_sc_hd__clkbuf_2)
                  0.21    0.29    5.30 ^ input10/X (sky130_fd_sc_hd__clkbuf_2)
     5    0.02                           net10 (net)
                  0.21    0.00    5.31 ^ fanout39/A (sky130_fd_sc_hd__buf_4)
                  0.25    0.43    5.73 ^ fanout39/X (sky130_fd_sc_hd__buf_4)
    10    0.06                           net39 (net)
                  0.25    0.00    5.73 ^ _479_/RESET_B (sky130_fd_sc_hd__dfrtp_1)
                                  5.73   data arrival time

                         25.00   25.00   clock clk (rise edge)
                          0.00   25.00   clock source latency
                  0.11    0.07   25.07 ^ clk (in)
     1    0.01                           clk (net)
                  0.11    0.00   25.07 ^ clkbuf_0_clk/A (sky130_fd_sc_hd__clkbuf_16)
                  0.07    0.23   25.29 ^ clkbuf_0_clk/X (sky130_fd_sc_hd__clkbuf_16)
     2    0.02                           clknet_0_clk (net)
                  0.07    0.00   25.29 ^ clkbuf_1_1__f_clk/A (sky130_fd_sc_hd__clkbuf_16)
                  0.08    0.22   25.51 ^ clkbuf_1_1__f_clk/X (sky130_fd_sc_hd__clkbuf_16)
     7    0.03                           clknet_1_1__leaf_clk (net)
                  0.08    0.00   25.51 ^ _479_/CLK (sky130_fd_sc_hd__dfrtp_1)
                         -0.25   25.26   clock uncertainty
                          0.00   25.26   clock reconvergence pessimism
                          0.40   25.66   library recovery time
                                 25.66   data required time
-----------------------------------------------------------------------------
                                 25.66   data required time
                                 -5.73   data arrival time
-----------------------------------------------------------------------------
                                 19.93   slack (MET)


Startpoint: rst_n (input port clocked by clk)
Endpoint: _481_ (recovery check against rising-edge clock clk)
Path Group: asynchronous
Path Type: max
Corner: Slowest

Fanout     Cap    Slew   Delay    Time   Description
-----------------------------------------------------------------------------
                          0.00    0.00   clock clk (rise edge)
                          0.00    0.00   clock network delay (propagated)
                          5.00    5.00 ^ input external delay
                  0.03    0.02    5.02 ^ rst_n (in)
     1    0.00                           rst_n (net)
                  0.03    0.00    5.02 ^ input10/A (sky130_fd_sc_hd__clkbuf_2)
                  0.21    0.29    5.30 ^ input10/X (sky130_fd_sc_hd__clkbuf_2)
     5    0.02                           net10 (net)
                  0.21    0.00    5.31 ^ fanout39/A (sky130_fd_sc_hd__buf_4)
                  0.25    0.43    5.73 ^ fanout39/X (sky130_fd_sc_hd__buf_4)
    10    0.06                           net39 (net)
                  0.25    0.00    5.73 ^ _481_/RESET_B (sky130_fd_sc_hd__dfrtp_1)
                                  5.73   data arrival time

                         25.00   25.00   clock clk (rise edge)
                          0.00   25.00   clock source latency
                  0.11    0.07   25.07 ^ clk (in)
     1    0.01                           clk (net)
                  0.11    0.00   25.07 ^ clkbuf_0_clk/A (sky130_fd_sc_hd__clkbuf_16)
                  0.07    0.23   25.29 ^ clkbuf_0_clk/X (sky130_fd_sc_hd__clkbuf_16)
     2    0.02                           clknet_0_clk (net)
                  0.07    0.00   25.29 ^ clkbuf_1_1__f_clk/A (sky130_fd_sc_hd__clkbuf_16)
                  0.08    0.22   25.51 ^ clkbuf_1_1__f_clk/X (sky130_fd_sc_hd__clkbuf_16)
     7    0.03                           clknet_1_1__leaf_clk (net)
                  0.08    0.00   25.51 ^ _481_/CLK (sky130_fd_sc_hd__dfrtp_1)
                         -0.25   25.26   clock uncertainty
                          0.00   25.26   clock reconvergence pessimism
                          0.40   25.66   library recovery time
                                 25.66   data required time
-----------------------------------------------------------------------------
                                 25.66   data required time
                                 -5.73   data arrival time
-----------------------------------------------------------------------------
                                 19.93   slack (MET)


Startpoint: rst_n (input port clocked by clk)
Endpoint: _486_ (recovery check against rising-edge clock clk)
Path Group: asynchronous
Path Type: max
Corner: Slowest

Fanout     Cap    Slew   Delay    Time   Description
-----------------------------------------------------------------------------
                          0.00    0.00   clock clk (rise edge)
                          0.00    0.00   clock network delay (propagated)
                          5.00    5.00 ^ input external delay
                  0.03    0.02    5.02 ^ rst_n (in)
     1    0.00                           rst_n (net)
                  0.03    0.00    5.02 ^ input10/A (sky130_fd_sc_hd__clkbuf_2)
                  0.21    0.29    5.30 ^ input10/X (sky130_fd_sc_hd__clkbuf_2)
     5    0.02                           net10 (net)
                  0.21    0.00    5.31 ^ _486_/RESET_B (sky130_fd_sc_hd__dfrtp_1)
                                  5.31   data arrival time

                         25.00   25.00   clock clk (rise edge)
                          0.00   25.00   clock source latency
                  0.11    0.07   25.07 ^ clk (in)
     1    0.01                           clk (net)
                  0.11    0.00   25.07 ^ clkbuf_0_clk/A (sky130_fd_sc_hd__clkbuf_16)
                  0.07    0.23   25.29 ^ clkbuf_0_clk/X (sky130_fd_sc_hd__clkbuf_16)
     2    0.02                           clknet_0_clk (net)
                  0.07    0.00   25.29 ^ clkbuf_1_0__f_clk/A (sky130_fd_sc_hd__clkbuf_16)
                  0.07    0.22   25.51 ^ clkbuf_1_0__f_clk/X (sky130_fd_sc_hd__clkbuf_16)
     7    0.03                           clknet_1_0__leaf_clk (net)
                  0.07    0.00   25.51 ^ _486_/CLK (sky130_fd_sc_hd__dfrtp_1)
                         -0.25   25.26   clock uncertainty
                          0.00   25.26   clock reconvergence pessimism
                          0.41   25.68   library recovery time
                                 25.68   data required time
-----------------------------------------------------------------------------
                                 25.68   data required time
                                 -5.31   data arrival time
-----------------------------------------------------------------------------
                                 20.37   slack (MET)


Startpoint: rst_n (input port clocked by clk)
Endpoint: _488_ (recovery check against rising-edge clock clk)
Path Group: asynchronous
Path Type: max
Corner: Slowest

Fanout     Cap    Slew   Delay    Time   Description
-----------------------------------------------------------------------------
                          0.00    0.00   clock clk (rise edge)
                          0.00    0.00   clock network delay (propagated)
                          5.00    5.00 ^ input external delay
                  0.03    0.02    5.02 ^ rst_n (in)
     1    0.00                           rst_n (net)
                  0.03    0.00    5.02 ^ input10/A (sky130_fd_sc_hd__clkbuf_2)
                  0.21    0.29    5.30 ^ input10/X (sky130_fd_sc_hd__clkbuf_2)
     5    0.02                           net10 (net)
                  0.21    0.00    5.31 ^ _488_/RESET_B (sky130_fd_sc_hd__dfrtp_1)
                                  5.31   data arrival time

                         25.00   25.00   clock clk (rise edge)
                          0.00   25.00   clock source latency
                  0.11    0.07   25.07 ^ clk (in)
     1    0.01                           clk (net)
                  0.11    0.00   25.07 ^ clkbuf_0_clk/A (sky130_fd_sc_hd__clkbuf_16)
                  0.07    0.23   25.29 ^ clkbuf_0_clk/X (sky130_fd_sc_hd__clkbuf_16)
     2    0.02                           clknet_0_clk (net)
                  0.07    0.00   25.29 ^ clkbuf_1_0__f_clk/A (sky130_fd_sc_hd__clkbuf_16)
                  0.07    0.22   25.51 ^ clkbuf_1_0__f_clk/X (sky130_fd_sc_hd__clkbuf_16)
     7    0.03                           clknet_1_0__leaf_clk (net)
                  0.07    0.00   25.51 ^ _488_/CLK (sky130_fd_sc_hd__dfrtp_1)
                         -0.25   25.26   clock uncertainty
                          0.00   25.26   clock reconvergence pessimism
                          0.41   25.68   library recovery time
                                 25.68   data required time
-----------------------------------------------------------------------------
                                 25.68   data required time
                                 -5.31   data arrival time
-----------------------------------------------------------------------------
                                 20.37   slack (MET)


Startpoint: rst_n (input port clocked by clk)
Endpoint: _485_ (recovery check against rising-edge clock clk)
Path Group: asynchronous
Path Type: max
Corner: Slowest

Fanout     Cap    Slew   Delay    Time   Description
-----------------------------------------------------------------------------
                          0.00    0.00   clock clk (rise edge)
                          0.00    0.00   clock network delay (propagated)
                          5.00    5.00 ^ input external delay
                  0.03    0.02    5.02 ^ rst_n (in)
     1    0.00                           rst_n (net)
                  0.03    0.00    5.02 ^ input10/A (sky130_fd_sc_hd__clkbuf_2)
                  0.21    0.29    5.30 ^ input10/X (sky130_fd_sc_hd__clkbuf_2)
     5    0.02                           net10 (net)
                  0.21    0.00    5.31 ^ _485_/RESET_B (sky130_fd_sc_hd__dfrtp_1)
                                  5.31   data arrival time

                         25.00   25.00   clock clk (rise edge)
                          0.00   25.00   clock source latency
                  0.11    0.07   25.07 ^ clk (in)
     1    0.01                           clk (net)
                  0.11    0.00   25.07 ^ clkbuf_0_clk/A (sky130_fd_sc_hd__clkbuf_16)
                  0.07    0.23   25.29 ^ clkbuf_0_clk/X (sky130_fd_sc_hd__clkbuf_16)
     2    0.02                           clknet_0_clk (net)
                  0.07    0.00   25.29 ^ clkbuf_1_0__f_clk/A (sky130_fd_sc_hd__clkbuf_16)
                  0.07    0.22   25.51 ^ clkbuf_1_0__f_clk/X (sky130_fd_sc_hd__clkbuf_16)
     7    0.03                           clknet_1_0__leaf_clk (net)
                  0.07    0.00   25.51 ^ _485_/CLK (sky130_fd_sc_hd__dfrtp_1)
                         -0.25   25.26   clock uncertainty
                          0.00   25.26   clock reconvergence pessimism
                          0.41   25.68   library recovery time
                                 25.68   data required time
-----------------------------------------------------------------------------
                                 25.68   data required time
                                 -5.31   data arrival time
-----------------------------------------------------------------------------
                                 20.37   slack (MET)


Startpoint: rst_n (input port clocked by clk)
Endpoint: _487_ (recovery check against rising-edge clock clk)
Path Group: asynchronous
Path Type: max
Corner: Slowest

Fanout     Cap    Slew   Delay    Time   Description
-----------------------------------------------------------------------------
                          0.00    0.00   clock clk (rise edge)
                          0.00    0.00   clock network delay (propagated)
                          5.00    5.00 ^ input external delay
                  0.03    0.02    5.02 ^ rst_n (in)
     1    0.00                           rst_n (net)
                  0.03    0.00    5.02 ^ input10/A (sky130_fd_sc_hd__clkbuf_2)
                  0.21    0.29    5.30 ^ input10/X (sky130_fd_sc_hd__clkbuf_2)
     5    0.02                           net10 (net)
                  0.21    0.00    5.31 ^ _487_/RESET_B (sky130_fd_sc_hd__dfrtp_1)
                                  5.31   data arrival time

                         25.00   25.00   clock clk (rise edge)
                          0.00   25.00   clock source latency
                  0.11    0.07   25.07 ^ clk (in)
     1    0.01                           clk (net)
                  0.11    0.00   25.07 ^ clkbuf_0_clk/A (sky130_fd_sc_hd__clkbuf_16)
                  0.07    0.23   25.29 ^ clkbuf_0_clk/X (sky130_fd_sc_hd__clkbuf_16)
     2    0.02                           clknet_0_clk (net)
                  0.07    0.00   25.29 ^ clkbuf_1_1__f_clk/A (sky130_fd_sc_hd__clkbuf_16)
                  0.08    0.22   25.51 ^ clkbuf_1_1__f_clk/X (sky130_fd_sc_hd__clkbuf_16)
     7    0.03                           clknet_1_1__leaf_clk (net)
                  0.08    0.00   25.51 ^ _487_/CLK (sky130_fd_sc_hd__dfrtp_1)
                         -0.25   25.26   clock uncertainty
                          0.00   25.26   clock reconvergence pessimism
                          0.41   25.68   library recovery time
                                 25.68   data required time
-----------------------------------------------------------------------------
                                 25.68   data required time
                                 -5.31   data arrival time
-----------------------------------------------------------------------------
                                 20.37   slack (MET)



======================= Typical Corner ===================================

Startpoint: data_in[4] (input port clocked by clk)
Endpoint: _480_ (rising edge-triggered flip-flop clocked by clk)
Path Group: clk
Path Type: max
Corner: Typical

Fanout     Cap    Slew   Delay    Time   Description
-----------------------------------------------------------------------------
                          0.00    0.00   clock clk (rise edge)
                          0.00    0.00   clock network delay (propagated)
                          5.00    5.00 ^ input external delay
                  0.02    0.01    5.01 ^ data_in[4] (in)
     1    0.00                           data_in[4] (net)
                  0.02    0.00    5.01 ^ input5/A (sky130_fd_sc_hd__buf_1)
                  0.18    0.18    5.19 ^ input5/X (sky130_fd_sc_hd__buf_1)
     2    0.01                           net5 (net)
                  0.18    0.00    5.19 ^ _244_/A (sky130_fd_sc_hd__clkbuf_4)
                  0.17    0.29    5.48 ^ _244_/X (sky130_fd_sc_hd__clkbuf_4)
    10    0.05                           _194_ (net)
                  0.17    0.00    5.48 ^ _296_/D (sky130_fd_sc_hd__nand4_2)
                  0.12    0.16    5.63 v _296_/Y (sky130_fd_sc_hd__nand4_2)
     3    0.01                           _019_ (net)
                  0.12    0.00    5.63 v _331_/B1 (sky130_fd_sc_hd__a22o_1)
                  0.07    0.24    5.88 v _331_/X (sky130_fd_sc_hd__a22o_1)
     3    0.01                           _054_ (net)
                  0.07    0.00    5.88 v _333_/C (sky130_fd_sc_hd__and3_1)
                  0.05    0.21    6.09 v _333_/X (sky130_fd_sc_hd__and3_1)
     2    0.01                           _056_ (net)
                  0.05    0.00    6.09 v _335_/B (sky130_fd_sc_hd__or3b_2)
                  0.11    0.52    6.60 v _335_/X (sky130_fd_sc_hd__or3b_2)
     4    0.01                           _058_ (net)
                  0.11    0.00    6.60 v _354_/A (sky130_fd_sc_hd__and3_2)
                  0.07    0.25    6.85 v _354_/X (sky130_fd_sc_hd__and3_2)
     3    0.02                           _077_ (net)
                  0.07    0.00    6.85 v _410_/A (sky130_fd_sc_hd__nor2_2)
                  0.19    0.21    7.06 ^ _410_/Y (sky130_fd_sc_hd__nor2_2)
     3    0.02                           _133_ (net)
                  0.19    0.00    7.06 ^ _411_/B (sky130_fd_sc_hd__xor2_1)
                  0.07    0.10    7.17 v _411_/X (sky130_fd_sc_hd__xor2_1)
     1    0.00                           _134_ (net)
                  0.07    0.00    7.17 v _414_/A4 (sky130_fd_sc_hd__a41o_1)
                  0.07    0.30    7.46 v _414_/X (sky130_fd_sc_hd__a41o_1)
     3    0.01                           _137_ (net)
                  0.07    0.00    7.46 v _416_/A2 (sky130_fd_sc_hd__a21oi_1)
                  0.23    0.25    7.72 ^ _416_/Y (sky130_fd_sc_hd__a21oi_1)
     1    0.01                           _139_ (net)
                  0.23    0.00    7.72 ^ _417_/B (sky130_fd_sc_hd__xnor2_2)
                  0.25    0.19    7.91 ^ _417_/Y (sky130_fd_sc_hd__xnor2_2)
     4    0.02                           _140_ (net)
                  0.25    0.00    7.91 ^ _447_/C_N (sky130_fd_sc_hd__or3b_2)
                  0.10    0.53    8.44 v _447_/X (sky130_fd_sc_hd__or3b_2)
     1    0.01                           _170_ (net)
                  0.10    0.00    8.44 v _448_/A3 (sky130_fd_sc_hd__o311ai_4)
                  0.26    0.28    8.71 ^ _448_/Y (sky130_fd_sc_hd__o311ai_4)
     3    0.01                           _171_ (net)
                  0.26    0.00    8.72 ^ _451_/B1 (sky130_fd_sc_hd__a22o_1)
                  0.11    0.23    8.95 ^ _451_/X (sky130_fd_sc_hd__a22o_1)
     1    0.01                           _174_ (net)
                  0.11    0.00    8.95 ^ _452_/B2 (sky130_fd_sc_hd__a22o_1)
                  0.05    0.14    9.09 ^ _452_/X (sky130_fd_sc_hd__a22o_1)
     1    0.00                           _001_ (net)
                  0.05    0.00    9.09 ^ _480_/D (sky130_fd_sc_hd__dfrtp_1)
                                  9.09   data arrival time

                         25.00   25.00   clock clk (rise edge)
                          0.00   25.00   clock source latency
                  0.07    0.04   25.04 ^ clk (in)
     1    0.01                           clk (net)
                  0.07    0.00   25.04 ^ clkbuf_0_clk/A (sky130_fd_sc_hd__clkbuf_16)
                  0.04    0.13   25.17 ^ clkbuf_0_clk/X (sky130_fd_sc_hd__clkbuf_16)
     2    0.02                           clknet_0_clk (net)
                  0.04    0.00   25.17 ^ clkbuf_1_1__f_clk/A (sky130_fd_sc_hd__clkbuf_16)
                  0.05    0.13   25.30 ^ clkbuf_1_1__f_clk/X (sky130_fd_sc_hd__clkbuf_16)
     7    0.03                           clknet_1_1__leaf_clk (net)
                  0.05    0.00   25.30 ^ _480_/CLK (sky130_fd_sc_hd__dfrtp_1)
                         -0.25   25.05   clock uncertainty
                          0.00   25.05   clock reconvergence pessimism
                         -0.06   24.99   library setup time
                                 24.99   data required time
-----------------------------------------------------------------------------
                                 24.99   data required time
                                 -9.09   data arrival time
-----------------------------------------------------------------------------
                                 15.90   slack (MET)


Startpoint: data_in[4] (input port clocked by clk)
Endpoint: _482_ (rising edge-triggered flip-flop clocked by clk)
Path Group: clk
Path Type: max
Corner: Typical

Fanout     Cap    Slew   Delay    Time   Description
-----------------------------------------------------------------------------
                          0.00    0.00   clock clk (rise edge)
                          0.00    0.00   clock network delay (propagated)
                          5.00    5.00 ^ input external delay
                  0.02    0.01    5.01 ^ data_in[4] (in)
     1    0.00                           data_in[4] (net)
                  0.02    0.00    5.01 ^ input5/A (sky130_fd_sc_hd__buf_1)
                  0.18    0.18    5.19 ^ input5/X (sky130_fd_sc_hd__buf_1)
     2    0.01                           net5 (net)
                  0.18    0.00    5.19 ^ _244_/A (sky130_fd_sc_hd__clkbuf_4)
                  0.17    0.29    5.48 ^ _244_/X (sky130_fd_sc_hd__clkbuf_4)
    10    0.05                           _194_ (net)
                  0.17    0.00    5.48 ^ _296_/D (sky130_fd_sc_hd__nand4_2)
                  0.12    0.16    5.63 v _296_/Y (sky130_fd_sc_hd__nand4_2)
     3    0.01                           _019_ (net)
                  0.12    0.00    5.63 v _331_/B1 (sky130_fd_sc_hd__a22o_1)
                  0.07    0.24    5.88 v _331_/X (sky130_fd_sc_hd__a22o_1)
     3    0.01                           _054_ (net)
                  0.07    0.00    5.88 v _333_/C (sky130_fd_sc_hd__and3_1)
                  0.05    0.21    6.09 v _333_/X (sky130_fd_sc_hd__and3_1)
     2    0.01                           _056_ (net)
                  0.05    0.00    6.09 v _335_/B (sky130_fd_sc_hd__or3b_2)
                  0.11    0.52    6.60 v _335_/X (sky130_fd_sc_hd__or3b_2)
     4    0.01                           _058_ (net)
                  0.11    0.00    6.60 v _354_/A (sky130_fd_sc_hd__and3_2)
                  0.07    0.25    6.85 v _354_/X (sky130_fd_sc_hd__and3_2)
     3    0.02                           _077_ (net)
                  0.07    0.00    6.85 v _410_/A (sky130_fd_sc_hd__nor2_2)
                  0.19    0.21    7.06 ^ _410_/Y (sky130_fd_sc_hd__nor2_2)
     3    0.02                           _133_ (net)
                  0.19    0.00    7.06 ^ _411_/B (sky130_fd_sc_hd__xor2_1)
                  0.07    0.10    7.17 v _411_/X (sky130_fd_sc_hd__xor2_1)
     1    0.00                           _134_ (net)
                  0.07    0.00    7.17 v _414_/A4 (sky130_fd_sc_hd__a41o_1)
                  0.07    0.30    7.46 v _414_/X (sky130_fd_sc_hd__a41o_1)
     3    0.01                           _137_ (net)
                  0.07    0.00    7.46 v _416_/A2 (sky130_fd_sc_hd__a21oi_1)
                  0.23    0.25    7.72 ^ _416_/Y (sky130_fd_sc_hd__a21oi_1)
     1    0.01                           _139_ (net)
                  0.23    0.00    7.72 ^ _417_/B (sky130_fd_sc_hd__xnor2_2)
                  0.25    0.19    7.91 ^ _417_/Y (sky130_fd_sc_hd__xnor2_2)
     4    0.02                           _140_ (net)
                  0.25    0.00    7.91 ^ _447_/C_N (sky130_fd_sc_hd__or3b_2)
                  0.10    0.53    8.44 v _447_/X (sky130_fd_sc_hd__or3b_2)
     1    0.01                           _170_ (net)
                  0.10    0.00    8.44 v _448_/A3 (sky130_fd_sc_hd__o311ai_4)
                  0.26    0.28    8.71 ^ _448_/Y (sky130_fd_sc_hd__o311ai_4)
     3    0.01                           _171_ (net)
                  0.26    0.00    8.71 ^ _458_/B1 (sky130_fd_sc_hd__a22o_1)
                  0.11    0.23    8.95 ^ _458_/X (sky130_fd_sc_hd__a22o_1)
     1    0.01                           _179_ (net)
                  0.11    0.00    8.95 ^ _459_/B2 (sky130_fd_sc_hd__a22o_1)
                  0.05    0.14    9.09 ^ _459_/X (sky130_fd_sc_hd__a22o_1)
     1    0.00                           _003_ (net)
                  0.05    0.00    9.09 ^ _482_/D (sky130_fd_sc_hd__dfrtp_1)
                                  9.09   data arrival time

                         25.00   25.00   clock clk (rise edge)
                          0.00   25.00   clock source latency
                  0.07    0.04   25.04 ^ clk (in)
     1    0.01                           clk (net)
                  0.07    0.00   25.04 ^ clkbuf_0_clk/A (sky130_fd_sc_hd__clkbuf_16)
                  0.04    0.13   25.17 ^ clkbuf_0_clk/X (sky130_fd_sc_hd__clkbuf_16)
     2    0.02                           clknet_0_clk (net)
                  0.04    0.00   25.17 ^ clkbuf_1_1__f_clk/A (sky130_fd_sc_hd__clkbuf_16)
                  0.05    0.13   25.30 ^ clkbuf_1_1__f_clk/X (sky130_fd_sc_hd__clkbuf_16)
     7    0.03                           clknet_1_1__leaf_clk (net)
                  0.05    0.00   25.30 ^ _482_/CLK (sky130_fd_sc_hd__dfrtp_1)
                         -0.25   25.05   clock uncertainty
                          0.00   25.05   clock reconvergence pessimism
                         -0.06   24.99   library setup time
                                 24.99   data required time
-----------------------------------------------------------------------------
                                 24.99   data required time
                                 -9.09   data arrival time
-----------------------------------------------------------------------------
                                 15.90   slack (MET)


Startpoint: data_in[4] (input port clocked by clk)
Endpoint: _481_ (rising edge-triggered flip-flop clocked by clk)
Path Group: clk
Path Type: max
Corner: Typical

Fanout     Cap    Slew   Delay    Time   Description
-----------------------------------------------------------------------------
                          0.00    0.00   clock clk (rise edge)
                          0.00    0.00   clock network delay (propagated)
                          5.00    5.00 ^ input external delay
                  0.02    0.01    5.01 ^ data_in[4] (in)
     1    0.00                           data_in[4] (net)
                  0.02    0.00    5.01 ^ input5/A (sky130_fd_sc_hd__buf_1)
                  0.18    0.18    5.19 ^ input5/X (sky130_fd_sc_hd__buf_1)
     2    0.01                           net5 (net)
                  0.18    0.00    5.19 ^ _244_/A (sky130_fd_sc_hd__clkbuf_4)
                  0.17    0.29    5.48 ^ _244_/X (sky130_fd_sc_hd__clkbuf_4)
    10    0.05                           _194_ (net)
                  0.17    0.00    5.48 ^ _296_/D (sky130_fd_sc_hd__nand4_2)
                  0.12    0.16    5.63 v _296_/Y (sky130_fd_sc_hd__nand4_2)
     3    0.01                           _019_ (net)
                  0.12    0.00    5.63 v _331_/B1 (sky130_fd_sc_hd__a22o_1)
                  0.07    0.24    5.88 v _331_/X (sky130_fd_sc_hd__a22o_1)
     3    0.01                           _054_ (net)
                  0.07    0.00    5.88 v _333_/C (sky130_fd_sc_hd__and3_1)
                  0.05    0.21    6.09 v _333_/X (sky130_fd_sc_hd__and3_1)
     2    0.01                           _056_ (net)
                  0.05    0.00    6.09 v _335_/B (sky130_fd_sc_hd__or3b_2)
                  0.11    0.52    6.60 v _335_/X (sky130_fd_sc_hd__or3b_2)
     4    0.01                           _058_ (net)
                  0.11    0.00    6.60 v _354_/A (sky130_fd_sc_hd__and3_2)
                  0.07    0.25    6.85 v _354_/X (sky130_fd_sc_hd__and3_2)
     3    0.02                           _077_ (net)
                  0.07    0.00    6.85 v _410_/A (sky130_fd_sc_hd__nor2_2)
                  0.19    0.21    7.06 ^ _410_/Y (sky130_fd_sc_hd__nor2_2)
     3    0.02                           _133_ (net)
                  0.19    0.00    7.06 ^ _411_/B (sky130_fd_sc_hd__xor2_1)
                  0.07    0.10    7.17 v _411_/X (sky130_fd_sc_hd__xor2_1)
     1    0.00                           _134_ (net)
                  0.07    0.00    7.17 v _414_/A4 (sky130_fd_sc_hd__a41o_1)
                  0.07    0.30    7.46 v _414_/X (sky130_fd_sc_hd__a41o_1)
     3    0.01                           _137_ (net)
                  0.07    0.00    7.46 v _416_/A2 (sky130_fd_sc_hd__a21oi_1)
                  0.23    0.25    7.72 ^ _416_/Y (sky130_fd_sc_hd__a21oi_1)
     1    0.01                           _139_ (net)
                  0.23    0.00    7.72 ^ _417_/B (sky130_fd_sc_hd__xnor2_2)
                  0.25    0.19    7.91 ^ _417_/Y (sky130_fd_sc_hd__xnor2_2)
     4    0.02                           _140_ (net)
                  0.25    0.00    7.91 ^ _447_/C_N (sky130_fd_sc_hd__or3b_2)
                  0.10    0.53    8.44 v _447_/X (sky130_fd_sc_hd__or3b_2)
     1    0.01                           _170_ (net)
                  0.10    0.00    8.44 v _448_/A3 (sky130_fd_sc_hd__o311ai_4)
                  0.26    0.28    8.71 ^ _448_/Y (sky130_fd_sc_hd__o311ai_4)
     3    0.01                           _171_ (net)
                  0.26    0.00    8.72 ^ _454_/A2 (sky130_fd_sc_hd__a32o_1)
                  0.06    0.22    8.93 ^ _454_/X (sky130_fd_sc_hd__a32o_1)
     1    0.00                           _176_ (net)
                  0.06    0.00    8.93 ^ _455_/B2 (sky130_fd_sc_hd__a22o_1)
                  0.05    0.12    9.06 ^ _455_/X (sky130_fd_sc_hd__a22o_1)
     1    0.00                           _002_ (net)
                  0.05    0.00    9.06 ^ _481_/D (sky130_fd_sc_hd__dfrtp_1)
                                  9.06   data arrival time

                         25.00   25.00   clock clk (rise edge)
                          0.00   25.00   clock source latency
                  0.07    0.04   25.04 ^ clk (in)
     1    0.01                           clk (net)
                  0.07    0.00   25.04 ^ clkbuf_0_clk/A (sky130_fd_sc_hd__clkbuf_16)
                  0.04    0.13   25.17 ^ clkbuf_0_clk/X (sky130_fd_sc_hd__clkbuf_16)
     2    0.02                           clknet_0_clk (net)
                  0.04    0.00   25.17 ^ clkbuf_1_1__f_clk/A (sky130_fd_sc_hd__clkbuf_16)
                  0.05    0.13   25.30 ^ clkbuf_1_1__f_clk/X (sky130_fd_sc_hd__clkbuf_16)
     7    0.03                           clknet_1_1__leaf_clk (net)
                  0.05    0.00   25.30 ^ _481_/CLK (sky130_fd_sc_hd__dfrtp_1)
                         -0.25   25.05   clock uncertainty
                          0.00   25.05   clock reconvergence pessimism
                         -0.06   24.99   library setup time
                                 24.99   data required time
-----------------------------------------------------------------------------
                                 24.99   data required time
                                 -9.06   data arrival time
-----------------------------------------------------------------------------
                                 15.93   slack (MET)


Startpoint: data_in[4] (input port clocked by clk)
Endpoint: _483_ (rising edge-triggered flip-flop clocked by clk)
Path Group: clk
Path Type: max
Corner: Typical

Fanout     Cap    Slew   Delay    Time   Description
-----------------------------------------------------------------------------
                          0.00    0.00   clock clk (rise edge)
                          0.00    0.00   clock network delay (propagated)
                          5.00    5.00 ^ input external delay
                  0.02    0.01    5.01 ^ data_in[4] (in)
     1    0.00                           data_in[4] (net)
                  0.02    0.00    5.01 ^ input5/A (sky130_fd_sc_hd__buf_1)
                  0.18    0.18    5.19 ^ input5/X (sky130_fd_sc_hd__buf_1)
     2    0.01                           net5 (net)
                  0.18    0.00    5.19 ^ _244_/A (sky130_fd_sc_hd__clkbuf_4)
                  0.17    0.29    5.48 ^ _244_/X (sky130_fd_sc_hd__clkbuf_4)
    10    0.05                           _194_ (net)
                  0.17    0.00    5.48 ^ _296_/D (sky130_fd_sc_hd__nand4_2)
                  0.12    0.16    5.63 v _296_/Y (sky130_fd_sc_hd__nand4_2)
     3    0.01                           _019_ (net)
                  0.12    0.00    5.63 v _331_/B1 (sky130_fd_sc_hd__a22o_1)
                  0.07    0.24    5.88 v _331_/X (sky130_fd_sc_hd__a22o_1)
     3    0.01                           _054_ (net)
                  0.07    0.00    5.88 v _333_/C (sky130_fd_sc_hd__and3_1)
                  0.05    0.21    6.09 v _333_/X (sky130_fd_sc_hd__and3_1)
     2    0.01                           _056_ (net)
                  0.05    0.00    6.09 v _335_/B (sky130_fd_sc_hd__or3b_2)
                  0.11    0.52    6.60 v _335_/X (sky130_fd_sc_hd__or3b_2)
     4    0.01                           _058_ (net)
                  0.11    0.00    6.60 v _354_/A (sky130_fd_sc_hd__and3_2)
                  0.07    0.25    6.85 v _354_/X (sky130_fd_sc_hd__and3_2)
     3    0.02                           _077_ (net)
                  0.07    0.00    6.85 v _410_/A (sky130_fd_sc_hd__nor2_2)
                  0.19    0.21    7.06 ^ _410_/Y (sky130_fd_sc_hd__nor2_2)
     3    0.02                           _133_ (net)
                  0.19    0.00    7.06 ^ _411_/B (sky130_fd_sc_hd__xor2_1)
                  0.07    0.10    7.17 v _411_/X (sky130_fd_sc_hd__xor2_1)
     1    0.00                           _134_ (net)
                  0.07    0.00    7.17 v _414_/A4 (sky130_fd_sc_hd__a41o_1)
                  0.07    0.30    7.46 v _414_/X (sky130_fd_sc_hd__a41o_1)
     3    0.01                           _137_ (net)
                  0.07    0.00    7.46 v _420_/B (sky130_fd_sc_hd__xnor2_1)
                  0.07    0.15    7.62 v _420_/Y (sky130_fd_sc_hd__xnor2_1)
     2    0.01                           _143_ (net)
                  0.07    0.00    7.62 v _429_/C (sky130_fd_sc_hd__nor4_1)
                  0.38    0.38    7.99 ^ _429_/Y (sky130_fd_sc_hd__nor4_1)
     3    0.01                           _152_ (net)
                  0.38    0.00    7.99 ^ max_cap38/A (sky130_fd_sc_hd__buf_1)
                  0.14    0.21    8.20 ^ max_cap38/X (sky130_fd_sc_hd__buf_1)
     2    0.01                           net38 (net)
                  0.14    0.00    8.20 ^ _435_/B (sky130_fd_sc_hd__nand3_2)
                  0.12    0.14    8.33 v _435_/Y (sky130_fd_sc_hd__nand3_2)
     2    0.01                           _158_ (net)
                  0.12    0.00    8.34 v _436_/B (sky130_fd_sc_hd__nand2_2)
                  0.13    0.17    8.50 ^ _436_/Y (sky130_fd_sc_hd__nand2_2)
     4    0.02                           _159_ (net)
                  0.13    0.00    8.51 ^ _460_/A (sky130_fd_sc_hd__inv_2)
                  0.03    0.04    8.55 v _460_/Y (sky130_fd_sc_hd__inv_2)
     1    0.00                           _180_ (net)
                  0.03    0.00    8.55 v _461_/B2 (sky130_fd_sc_hd__a22o_1)
                  0.04    0.20    8.74 v _461_/X (sky130_fd_sc_hd__a22o_1)
     1    0.00                           _004_ (net)
                  0.04    0.00    8.74 v _483_/D (sky130_fd_sc_hd__dfrtp_1)
                                  8.74   data arrival time

                         25.00   25.00   clock clk (rise edge)
                          0.00   25.00   clock source latency
                  0.07    0.04   25.04 ^ clk (in)
     1    0.01                           clk (net)
                  0.07    0.00   25.04 ^ clkbuf_0_clk/A (sky130_fd_sc_hd__clkbuf_16)
                  0.04    0.13   25.17 ^ clkbuf_0_clk/X (sky130_fd_sc_hd__clkbuf_16)
     2    0.02                           clknet_0_clk (net)
                  0.04    0.00   25.17 ^ clkbuf_1_1__f_clk/A (sky130_fd_sc_hd__clkbuf_16)
                  0.05    0.13   25.30 ^ clkbuf_1_1__f_clk/X (sky130_fd_sc_hd__clkbuf_16)
     7    0.03                           clknet_1_1__leaf_clk (net)
                  0.05    0.00   25.30 ^ _483_/CLK (sky130_fd_sc_hd__dfrtp_1)
                         -0.25   25.05   clock uncertainty
                          0.00   25.05   clock reconvergence pessimism
                         -0.11   24.94   library setup time
                                 24.94   data required time
-----------------------------------------------------------------------------
                                 24.94   data required time
                                 -8.74   data arrival time
-----------------------------------------------------------------------------
                                 16.19   slack (MET)


Startpoint: data_in[2] (input port clocked by clk)
Endpoint: _478_ (rising edge-triggered flip-flop clocked by clk)
Path Group: clk
Path Type: max
Corner: Typical

Fanout     Cap    Slew   Delay    Time   Description
-----------------------------------------------------------------------------
                          0.00    0.00   clock clk (rise edge)
                          0.00    0.00   clock network delay (propagated)
                          5.00    5.00 v input external delay
                  0.01    0.01    5.01 v data_in[2] (in)
     1    0.00                           data_in[2] (net)
                  0.01    0.00    5.01 v input3/A (sky130_fd_sc_hd__clkbuf_2)
                  0.11    0.16    5.17 v input3/X (sky130_fd_sc_hd__clkbuf_2)
     4    0.03                           net3 (net)
                  0.11    0.00    5.17 v _245_/A (sky130_fd_sc_hd__clkbuf_4)
                  0.09    0.23    5.40 v _245_/X (sky130_fd_sc_hd__clkbuf_4)
    10    0.04                           _195_ (net)
                  0.09    0.00    5.40 v _248_/B (sky130_fd_sc_hd__or4_1)
                  0.12    0.60    6.00 v _248_/X (sky130_fd_sc_hd__or4_1)
     3    0.01                           _198_ (net)
                  0.12    0.00    6.00 v _249_/C (sky130_fd_sc_hd__or3_1)
                  0.08    0.36    6.36 v _249_/X (sky130_fd_sc_hd__or3_1)
     2    0.00                           _199_ (net)
                  0.08    0.00    6.36 v _251_/B (sky130_fd_sc_hd__or3b_2)
                  0.11    0.52    6.88 v _251_/X (sky130_fd_sc_hd__or3b_2)
     2    0.01                           _201_ (net)
                  0.11    0.00    6.88 v _276_/A2 (sky130_fd_sc_hd__o22a_1)
                  0.07    0.26    7.14 v _276_/X (sky130_fd_sc_hd__o22a_1)
     1    0.01                           _226_ (net)
                  0.07    0.00    7.14 v _277_/B1 (sky130_fd_sc_hd__a21oi_4)
                  0.34    0.32    7.46 ^ _277_/Y (sky130_fd_sc_hd__a21oi_4)
     9    0.05                           _227_ (net)
                  0.34    0.00    7.46 ^ _278_/B (sky130_fd_sc_hd__nor2_2)
                  0.12    0.15    7.61 v _278_/Y (sky130_fd_sc_hd__nor2_2)
     5    0.03                           _228_ (net)
                  0.12    0.00    7.61 v _279_/B1_N (sky130_fd_sc_hd__o21ba_1)
                  0.04    0.25    7.86 ^ _279_/X (sky130_fd_sc_hd__o21ba_1)
     1    0.00                           _000_ (net)
                  0.04    0.00    7.86 ^ _478_/D (sky130_fd_sc_hd__dfrtp_1)
                                  7.86   data arrival time

                         25.00   25.00   clock clk (rise edge)
                          0.00   25.00   clock source latency
                  0.07    0.04   25.04 ^ clk (in)
     1    0.01                           clk (net)
                  0.07    0.00   25.04 ^ clkbuf_0_clk/A (sky130_fd_sc_hd__clkbuf_16)
                  0.04    0.13   25.17 ^ clkbuf_0_clk/X (sky130_fd_sc_hd__clkbuf_16)
     2    0.02                           clknet_0_clk (net)
                  0.04    0.00   25.17 ^ clkbuf_1_1__f_clk/A (sky130_fd_sc_hd__clkbuf_16)
                  0.05    0.13   25.30 ^ clkbuf_1_1__f_clk/X (sky130_fd_sc_hd__clkbuf_16)
     7    0.03                           clknet_1_1__leaf_clk (net)
                  0.05    0.00   25.30 ^ _478_/CLK (sky130_fd_sc_hd__dfrtp_1)
                         -0.25   25.05   clock uncertainty
                          0.00   25.05   clock reconvergence pessimism
                         -0.06   24.99   library setup time
                                 24.99   data required time
-----------------------------------------------------------------------------
                                 24.99   data required time
                                 -7.86   data arrival time
-----------------------------------------------------------------------------
                                 17.13   slack (MET)


Startpoint: data_in[2] (input port clocked by clk)
Endpoint: _490_ (rising edge-triggered flip-flop clocked by clk)
Path Group: clk
Path Type: max
Corner: Typical

Fanout     Cap    Slew   Delay    Time   Description
-----------------------------------------------------------------------------
                          0.00    0.00   clock clk (rise edge)
                          0.00    0.00   clock network delay (propagated)
                          5.00    5.00 v input external delay
                  0.01    0.01    5.01 v data_in[2] (in)
     1    0.00                           data_in[2] (net)
                  0.01    0.00    5.01 v input3/A (sky130_fd_sc_hd__clkbuf_2)
                  0.11    0.16    5.17 v input3/X (sky130_fd_sc_hd__clkbuf_2)
     4    0.03                           net3 (net)
                  0.11    0.00    5.17 v _245_/A (sky130_fd_sc_hd__clkbuf_4)
                  0.09    0.23    5.40 v _245_/X (sky130_fd_sc_hd__clkbuf_4)
    10    0.04                           _195_ (net)
                  0.09    0.00    5.40 v _248_/B (sky130_fd_sc_hd__or4_1)
                  0.12    0.60    6.00 v _248_/X (sky130_fd_sc_hd__or4_1)
     3    0.01                           _198_ (net)
                  0.12    0.00    6.00 v _249_/C (sky130_fd_sc_hd__or3_1)
                  0.08    0.36    6.36 v _249_/X (sky130_fd_sc_hd__or3_1)
     2    0.00                           _199_ (net)
                  0.08    0.00    6.36 v _251_/B (sky130_fd_sc_hd__or3b_2)
                  0.11    0.52    6.88 v _251_/X (sky130_fd_sc_hd__or3b_2)
     2    0.01                           _201_ (net)
                  0.11    0.00    6.88 v _276_/A2 (sky130_fd_sc_hd__o22a_1)
                  0.07    0.26    7.14 v _276_/X (sky130_fd_sc_hd__o22a_1)
     1    0.01                           _226_ (net)
                  0.07    0.00    7.14 v _277_/B1 (sky130_fd_sc_hd__a21oi_4)
                  0.34    0.32    7.46 ^ _277_/Y (sky130_fd_sc_hd__a21oi_4)
     9    0.05                           _227_ (net)
                  0.34    0.00    7.46 ^ _475_/A3 (sky130_fd_sc_hd__a31o_1)
                  0.05    0.20    7.66 ^ _475_/X (sky130_fd_sc_hd__a31o_1)
     1    0.00                           _011_ (net)
                  0.05    0.00    7.66 ^ _490_/D (sky130_fd_sc_hd__dfrtp_1)
                                  7.66   data arrival time

                         25.00   25.00   clock clk (rise edge)
                          0.00   25.00   clock source latency
                  0.07    0.04   25.04 ^ clk (in)
     1    0.01                           clk (net)
                  0.07    0.00   25.04 ^ clkbuf_0_clk/A (sky130_fd_sc_hd__clkbuf_16)
                  0.04    0.13   25.17 ^ clkbuf_0_clk/X (sky130_fd_sc_hd__clkbuf_16)
     2    0.02                           clknet_0_clk (net)
                  0.04    0.00   25.17 ^ clkbuf_1_0__f_clk/A (sky130_fd_sc_hd__clkbuf_16)
                  0.05    0.12   25.29 ^ clkbuf_1_0__f_clk/X (sky130_fd_sc_hd__clkbuf_16)
     7    0.03                           clknet_1_0__leaf_clk (net)
                  0.05    0.00   25.30 ^ _490_/CLK (sky130_fd_sc_hd__dfrtp_1)
                         -0.25   25.05   clock uncertainty
                          0.00   25.05   clock reconvergence pessimism
                         -0.06   24.99   library setup time
                                 24.99   data required time
-----------------------------------------------------------------------------
                                 24.99   data required time
                                 -7.66   data arrival time
-----------------------------------------------------------------------------
                                 17.33   slack (MET)


Startpoint: data_in[2] (input port clocked by clk)
Endpoint: _491_ (rising edge-triggered flip-flop clocked by clk)
Path Group: clk
Path Type: max
Corner: Typical

Fanout     Cap    Slew   Delay    Time   Description
-----------------------------------------------------------------------------
                          0.00    0.00   clock clk (rise edge)
                          0.00    0.00   clock network delay (propagated)
                          5.00    5.00 v input external delay
                  0.01    0.01    5.01 v data_in[2] (in)
     1    0.00                           data_in[2] (net)
                  0.01    0.00    5.01 v input3/A (sky130_fd_sc_hd__clkbuf_2)
                  0.11    0.16    5.17 v input3/X (sky130_fd_sc_hd__clkbuf_2)
     4    0.03                           net3 (net)
                  0.11    0.00    5.17 v _245_/A (sky130_fd_sc_hd__clkbuf_4)
                  0.09    0.23    5.40 v _245_/X (sky130_fd_sc_hd__clkbuf_4)
    10    0.04                           _195_ (net)
                  0.09    0.00    5.40 v _248_/B (sky130_fd_sc_hd__or4_1)
                  0.12    0.60    6.00 v _248_/X (sky130_fd_sc_hd__or4_1)
     3    0.01                           _198_ (net)
                  0.12    0.00    6.00 v _249_/C (sky130_fd_sc_hd__or3_1)
                  0.08    0.36    6.36 v _249_/X (sky130_fd_sc_hd__or3_1)
     2    0.00                           _199_ (net)
                  0.08    0.00    6.36 v _251_/B (sky130_fd_sc_hd__or3b_2)
                  0.11    0.52    6.88 v _251_/X (sky130_fd_sc_hd__or3b_2)
     2    0.01                           _201_ (net)
                  0.11    0.00    6.88 v _276_/A2 (sky130_fd_sc_hd__o22a_1)
                  0.07    0.26    7.14 v _276_/X (sky130_fd_sc_hd__o22a_1)
     1    0.01                           _226_ (net)
                  0.07    0.00    7.14 v _277_/B1 (sky130_fd_sc_hd__a21oi_4)
                  0.34    0.32    7.46 ^ _277_/Y (sky130_fd_sc_hd__a21oi_4)
     9    0.05                           _227_ (net)
                  0.34    0.00    7.46 ^ _477_/A3 (sky130_fd_sc_hd__a31o_1)
                  0.05    0.20    7.66 ^ _477_/X (sky130_fd_sc_hd__a31o_1)
     1    0.00                           _012_ (net)
                  0.05    0.00    7.66 ^ _491_/D (sky130_fd_sc_hd__dfrtp_1)
                                  7.66   data arrival time

                         25.00   25.00   clock clk (rise edge)
                          0.00   25.00   clock source latency
                  0.07    0.04   25.04 ^ clk (in)
     1    0.01                           clk (net)
                  0.07    0.00   25.04 ^ clkbuf_0_clk/A (sky130_fd_sc_hd__clkbuf_16)
                  0.04    0.13   25.17 ^ clkbuf_0_clk/X (sky130_fd_sc_hd__clkbuf_16)
     2    0.02                           clknet_0_clk (net)
                  0.04    0.00   25.17 ^ clkbuf_1_0__f_clk/A (sky130_fd_sc_hd__clkbuf_16)
                  0.05    0.12   25.29 ^ clkbuf_1_0__f_clk/X (sky130_fd_sc_hd__clkbuf_16)
     7    0.03                           clknet_1_0__leaf_clk (net)
                  0.05    0.00   25.30 ^ _491_/CLK (sky130_fd_sc_hd__dfrtp_1)
                         -0.25   25.05   clock uncertainty
                          0.00   25.05   clock reconvergence pessimism
                         -0.06   24.99   library setup time
                                 24.99   data required time
-----------------------------------------------------------------------------
                                 24.99   data required time
                                 -7.66   data arrival time
-----------------------------------------------------------------------------
                                 17.33   slack (MET)


Startpoint: data_in[2] (input port clocked by clk)
Endpoint: _488_ (rising edge-triggered flip-flop clocked by clk)
Path Group: clk
Path Type: max
Corner: Typical

Fanout     Cap    Slew   Delay    Time   Description
-----------------------------------------------------------------------------
                          0.00    0.00   clock clk (rise edge)
                          0.00    0.00   clock network delay (propagated)
                          5.00    5.00 v input external delay
                  0.01    0.01    5.01 v data_in[2] (in)
     1    0.00                           data_in[2] (net)
                  0.01    0.00    5.01 v input3/A (sky130_fd_sc_hd__clkbuf_2)
                  0.11    0.16    5.17 v input3/X (sky130_fd_sc_hd__clkbuf_2)
     4    0.03                           net3 (net)
                  0.11    0.00    5.17 v _245_/A (sky130_fd_sc_hd__clkbuf_4)
                  0.09    0.23    5.40 v _245_/X (sky130_fd_sc_hd__clkbuf_4)
    10    0.04                           _195_ (net)
                  0.09    0.00    5.40 v _248_/B (sky130_fd_sc_hd__or4_1)
                  0.12    0.60    6.00 v _248_/X (sky130_fd_sc_hd__or4_1)
     3    0.01                           _198_ (net)
                  0.12    0.00    6.00 v _249_/C (sky130_fd_sc_hd__or3_1)
                  0.08    0.36    6.36 v _249_/X (sky130_fd_sc_hd__or3_1)
     2    0.00                           _199_ (net)
                  0.08    0.00    6.36 v _251_/B (sky130_fd_sc_hd__or3b_2)
                  0.11    0.52    6.88 v _251_/X (sky130_fd_sc_hd__or3b_2)
     2    0.01                           _201_ (net)
                  0.11    0.00    6.88 v _276_/A2 (sky130_fd_sc_hd__o22a_1)
                  0.07    0.26    7.14 v _276_/X (sky130_fd_sc_hd__o22a_1)
     1    0.01                           _226_ (net)
                  0.07    0.00    7.14 v _277_/B1 (sky130_fd_sc_hd__a21oi_4)
                  0.34    0.32    7.46 ^ _277_/Y (sky130_fd_sc_hd__a21oi_4)
     9    0.05                           _227_ (net)
                  0.34    0.00    7.46 ^ _471_/A3 (sky130_fd_sc_hd__a31o_1)
                  0.05    0.20    7.66 ^ _471_/X (sky130_fd_sc_hd__a31o_1)
     1    0.00                           _009_ (net)
                  0.05    0.00    7.66 ^ _488_/D (sky130_fd_sc_hd__dfrtp_1)
                                  7.66   data arrival time

                         25.00   25.00   clock clk (rise edge)
                          0.00   25.00   clock source latency
                  0.07    0.04   25.04 ^ clk (in)
     1    0.01                           clk (net)
                  0.07    0.00   25.04 ^ clkbuf_0_clk/A (sky130_fd_sc_hd__clkbuf_16)
                  0.04    0.13   25.17 ^ clkbuf_0_clk/X (sky130_fd_sc_hd__clkbuf_16)
     2    0.02                           clknet_0_clk (net)
                  0.04    0.00   25.17 ^ clkbuf_1_0__f_clk/A (sky130_fd_sc_hd__clkbuf_16)
                  0.05    0.12   25.29 ^ clkbuf_1_0__f_clk/X (sky130_fd_sc_hd__clkbuf_16)
     7    0.03                           clknet_1_0__leaf_clk (net)
                  0.05    0.00   25.30 ^ _488_/CLK (sky130_fd_sc_hd__dfrtp_1)
                         -0.25   25.05   clock uncertainty
                          0.00   25.05   clock reconvergence pessimism
                         -0.06   24.99   library setup time
                                 24.99   data required time
-----------------------------------------------------------------------------
                                 24.99   data required time
                                 -7.66   data arrival time
-----------------------------------------------------------------------------
                                 17.33   slack (MET)


Startpoint: data_in[2] (input port clocked by clk)
Endpoint: _485_ (rising edge-triggered flip-flop clocked by clk)
Path Group: clk
Path Type: max
Corner: Typical

Fanout     Cap    Slew   Delay    Time   Description
-----------------------------------------------------------------------------
                          0.00    0.00   clock clk (rise edge)
                          0.00    0.00   clock network delay (propagated)
                          5.00    5.00 v input external delay
                  0.01    0.01    5.01 v data_in[2] (in)
     1    0.00                           data_in[2] (net)
                  0.01    0.00    5.01 v input3/A (sky130_fd_sc_hd__clkbuf_2)
                  0.11    0.16    5.17 v input3/X (sky130_fd_sc_hd__clkbuf_2)
     4    0.03                           net3 (net)
                  0.11    0.00    5.17 v _245_/A (sky130_fd_sc_hd__clkbuf_4)
                  0.09    0.23    5.40 v _245_/X (sky130_fd_sc_hd__clkbuf_4)
    10    0.04                           _195_ (net)
                  0.09    0.00    5.40 v _248_/B (sky130_fd_sc_hd__or4_1)
                  0.12    0.60    6.00 v _248_/X (sky130_fd_sc_hd__or4_1)
     3    0.01                           _198_ (net)
                  0.12    0.00    6.00 v _249_/C (sky130_fd_sc_hd__or3_1)
                  0.08    0.36    6.36 v _249_/X (sky130_fd_sc_hd__or3_1)
     2    0.00                           _199_ (net)
                  0.08    0.00    6.36 v _251_/B (sky130_fd_sc_hd__or3b_2)
                  0.11    0.52    6.88 v _251_/X (sky130_fd_sc_hd__or3b_2)
     2    0.01                           _201_ (net)
                  0.11    0.00    6.88 v _276_/A2 (sky130_fd_sc_hd__o22a_1)
                  0.07    0.26    7.14 v _276_/X (sky130_fd_sc_hd__o22a_1)
     1    0.01                           _226_ (net)
                  0.07    0.00    7.14 v _277_/B1 (sky130_fd_sc_hd__a21oi_4)
                  0.34    0.32    7.46 ^ _277_/Y (sky130_fd_sc_hd__a21oi_4)
     9    0.05                           _227_ (net)
                  0.34    0.00    7.46 ^ _465_/A3 (sky130_fd_sc_hd__a31o_1)
                  0.05    0.20    7.66 ^ _465_/X (sky130_fd_sc_hd__a31o_1)
     1    0.00                           _006_ (net)
                  0.05    0.00    7.66 ^ _485_/D (sky130_fd_sc_hd__dfrtp_1)
                                  7.66   data arrival time

                         25.00   25.00   clock clk (rise edge)
                          0.00   25.00   clock source latency
                  0.07    0.04   25.04 ^ clk (in)
     1    0.01                           clk (net)
                  0.07    0.00   25.04 ^ clkbuf_0_clk/A (sky130_fd_sc_hd__clkbuf_16)
                  0.04    0.13   25.17 ^ clkbuf_0_clk/X (sky130_fd_sc_hd__clkbuf_16)
     2    0.02                           clknet_0_clk (net)
                  0.04    0.00   25.17 ^ clkbuf_1_0__f_clk/A (sky130_fd_sc_hd__clkbuf_16)
                  0.05    0.12   25.29 ^ clkbuf_1_0__f_clk/X (sky130_fd_sc_hd__clkbuf_16)
     7    0.03                           clknet_1_0__leaf_clk (net)
                  0.05    0.00   25.30 ^ _485_/CLK (sky130_fd_sc_hd__dfrtp_1)
                         -0.25   25.05   clock uncertainty
                          0.00   25.05   clock reconvergence pessimism
                         -0.06   24.99   library setup time
                                 24.99   data required time
-----------------------------------------------------------------------------
                                 24.99   data required time
                                 -7.66   data arrival time
-----------------------------------------------------------------------------
                                 17.33   slack (MET)


Startpoint: data_in[2] (input port clocked by clk)
Endpoint: _484_ (rising edge-triggered flip-flop clocked by clk)
Path Group: clk
Path Type: max
Corner: Typical

Fanout     Cap    Slew   Delay    Time   Description
-----------------------------------------------------------------------------
                          0.00    0.00   clock clk (rise edge)
                          0.00    0.00   clock network delay (propagated)
                          5.00    5.00 v input external delay
                  0.01    0.01    5.01 v data_in[2] (in)
     1    0.00                           data_in[2] (net)
                  0.01    0.00    5.01 v input3/A (sky130_fd_sc_hd__clkbuf_2)
                  0.11    0.16    5.17 v input3/X (sky130_fd_sc_hd__clkbuf_2)
     4    0.03                           net3 (net)
                  0.11    0.00    5.17 v _245_/A (sky130_fd_sc_hd__clkbuf_4)
                  0.09    0.23    5.40 v _245_/X (sky130_fd_sc_hd__clkbuf_4)
    10    0.04                           _195_ (net)
                  0.09    0.00    5.40 v _248_/B (sky130_fd_sc_hd__or4_1)
                  0.12    0.60    6.00 v _248_/X (sky130_fd_sc_hd__or4_1)
     3    0.01                           _198_ (net)
                  0.12    0.00    6.00 v _249_/C (sky130_fd_sc_hd__or3_1)
                  0.08    0.36    6.36 v _249_/X (sky130_fd_sc_hd__or3_1)
     2    0.00                           _199_ (net)
                  0.08    0.00    6.36 v _251_/B (sky130_fd_sc_hd__or3b_2)
                  0.11    0.52    6.88 v _251_/X (sky130_fd_sc_hd__or3b_2)
     2    0.01                           _201_ (net)
                  0.11    0.00    6.88 v _276_/A2 (sky130_fd_sc_hd__o22a_1)
                  0.07    0.26    7.14 v _276_/X (sky130_fd_sc_hd__o22a_1)
     1    0.01                           _226_ (net)
                  0.07    0.00    7.14 v _277_/B1 (sky130_fd_sc_hd__a21oi_4)
                  0.34    0.32    7.46 ^ _277_/Y (sky130_fd_sc_hd__a21oi_4)
     9    0.05                           _227_ (net)
                  0.34    0.00    7.46 ^ _463_/A3 (sky130_fd_sc_hd__a31o_1)
                  0.04    0.20    7.65 ^ _463_/X (sky130_fd_sc_hd__a31o_1)
     1    0.00                           _005_ (net)
                  0.04    0.00    7.65 ^ _484_/D (sky130_fd_sc_hd__dfrtp_1)
                                  7.65   data arrival time

                         25.00   25.00   clock clk (rise edge)
                          0.00   25.00   clock source latency
                  0.07    0.04   25.04 ^ clk (in)
     1    0.01                           clk (net)
                  0.07    0.00   25.04 ^ clkbuf_0_clk/A (sky130_fd_sc_hd__clkbuf_16)
                  0.04    0.13   25.17 ^ clkbuf_0_clk/X (sky130_fd_sc_hd__clkbuf_16)
     2    0.02                           clknet_0_clk (net)
                  0.04    0.00   25.17 ^ clkbuf_1_0__f_clk/A (sky130_fd_sc_hd__clkbuf_16)
                  0.05    0.12   25.29 ^ clkbuf_1_0__f_clk/X (sky130_fd_sc_hd__clkbuf_16)
     7    0.03                           clknet_1_0__leaf_clk (net)
                  0.05    0.00   25.30 ^ _484_/CLK (sky130_fd_sc_hd__dfrtp_1)
                         -0.25   25.05   clock uncertainty
                          0.00   25.05   clock reconvergence pessimism
                         -0.06   24.99   library setup time
                                 24.99   data required time
-----------------------------------------------------------------------------
                                 24.99   data required time
                                 -7.65   data arrival time
-----------------------------------------------------------------------------
                                 17.33   slack (MET)


Startpoint: data_in[2] (input port clocked by clk)
Endpoint: _487_ (rising edge-triggered flip-flop clocked by clk)
Path Group: clk
Path Type: max
Corner: Typical

Fanout     Cap    Slew   Delay    Time   Description
-----------------------------------------------------------------------------
                          0.00    0.00   clock clk (rise edge)
                          0.00    0.00   clock network delay (propagated)
                          5.00    5.00 v input external delay
                  0.01    0.01    5.01 v data_in[2] (in)
     1    0.00                           data_in[2] (net)
                  0.01    0.00    5.01 v input3/A (sky130_fd_sc_hd__clkbuf_2)
                  0.11    0.16    5.17 v input3/X (sky130_fd_sc_hd__clkbuf_2)
     4    0.03                           net3 (net)
                  0.11    0.00    5.17 v _245_/A (sky130_fd_sc_hd__clkbuf_4)
                  0.09    0.23    5.40 v _245_/X (sky130_fd_sc_hd__clkbuf_4)
    10    0.04                           _195_ (net)
                  0.09    0.00    5.40 v _248_/B (sky130_fd_sc_hd__or4_1)
                  0.12    0.60    6.00 v _248_/X (sky130_fd_sc_hd__or4_1)
     3    0.01                           _198_ (net)
                  0.12    0.00    6.00 v _249_/C (sky130_fd_sc_hd__or3_1)
                  0.08    0.36    6.36 v _249_/X (sky130_fd_sc_hd__or3_1)
     2    0.00                           _199_ (net)
                  0.08    0.00    6.36 v _251_/B (sky130_fd_sc_hd__or3b_2)
                  0.11    0.52    6.88 v _251_/X (sky130_fd_sc_hd__or3b_2)
     2    0.01                           _201_ (net)
                  0.11    0.00    6.88 v _276_/A2 (sky130_fd_sc_hd__o22a_1)
                  0.07    0.26    7.14 v _276_/X (sky130_fd_sc_hd__o22a_1)
     1    0.01                           _226_ (net)
                  0.07    0.00    7.14 v _277_/B1 (sky130_fd_sc_hd__a21oi_4)
                  0.34    0.32    7.46 ^ _277_/Y (sky130_fd_sc_hd__a21oi_4)
     9    0.05                           _227_ (net)
                  0.34    0.00    7.46 ^ _469_/A3 (sky130_fd_sc_hd__a31o_1)
                  0.04    0.20    7.66 ^ _469_/X (sky130_fd_sc_hd__a31o_1)
     1    0.00                           _008_ (net)
                  0.04    0.00    7.66 ^ _487_/D (sky130_fd_sc_hd__dfrtp_1)
                                  7.66   data arrival time

                         25.00   25.00   clock clk (rise edge)
                          0.00   25.00   clock source latency
                  0.07    0.04   25.04 ^ clk (in)
     1    0.01                           clk (net)
                  0.07    0.00   25.04 ^ clkbuf_0_clk/A (sky130_fd_sc_hd__clkbuf_16)
                  0.04    0.13   25.17 ^ clkbuf_0_clk/X (sky130_fd_sc_hd__clkbuf_16)
     2    0.02                           clknet_0_clk (net)
                  0.04    0.00   25.17 ^ clkbuf_1_1__f_clk/A (sky130_fd_sc_hd__clkbuf_16)
                  0.05    0.13   25.30 ^ clkbuf_1_1__f_clk/X (sky130_fd_sc_hd__clkbuf_16)
     7    0.03                           clknet_1_1__leaf_clk (net)
                  0.05    0.00   25.30 ^ _487_/CLK (sky130_fd_sc_hd__dfrtp_1)
                         -0.25   25.05   clock uncertainty
                          0.00   25.05   clock reconvergence pessimism
                         -0.06   24.99   library setup time
                                 24.99   data required time
-----------------------------------------------------------------------------
                                 24.99   data required time
                                 -7.66   data arrival time
-----------------------------------------------------------------------------
                                 17.33   slack (MET)


Startpoint: data_in[2] (input port clocked by clk)
Endpoint: _489_ (rising edge-triggered flip-flop clocked by clk)
Path Group: clk
Path Type: max
Corner: Typical

Fanout     Cap    Slew   Delay    Time   Description
-----------------------------------------------------------------------------
                          0.00    0.00   clock clk (rise edge)
                          0.00    0.00   clock network delay (propagated)
                          5.00    5.00 v input external delay
                  0.01    0.01    5.01 v data_in[2] (in)
     1    0.00                           data_in[2] (net)
                  0.01    0.00    5.01 v input3/A (sky130_fd_sc_hd__clkbuf_2)
                  0.11    0.16    5.17 v input3/X (sky130_fd_sc_hd__clkbuf_2)
     4    0.03                           net3 (net)
                  0.11    0.00    5.17 v _245_/A (sky130_fd_sc_hd__clkbuf_4)
                  0.09    0.23    5.40 v _245_/X (sky130_fd_sc_hd__clkbuf_4)
    10    0.04                           _195_ (net)
                  0.09    0.00    5.40 v _248_/B (sky130_fd_sc_hd__or4_1)
                  0.12    0.60    6.00 v _248_/X (sky130_fd_sc_hd__or4_1)
     3    0.01                           _198_ (net)
                  0.12    0.00    6.00 v _249_/C (sky130_fd_sc_hd__or3_1)
                  0.08    0.36    6.36 v _249_/X (sky130_fd_sc_hd__or3_1)
     2    0.00                           _199_ (net)
                  0.08    0.00    6.36 v _251_/B (sky130_fd_sc_hd__or3b_2)
                  0.11    0.52    6.88 v _251_/X (sky130_fd_sc_hd__or3b_2)
     2    0.01                           _201_ (net)
                  0.11    0.00    6.88 v _276_/A2 (sky130_fd_sc_hd__o22a_1)
                  0.07    0.26    7.14 v _276_/X (sky130_fd_sc_hd__o22a_1)
     1    0.01                           _226_ (net)
                  0.07    0.00    7.14 v _277_/B1 (sky130_fd_sc_hd__a21oi_4)
                  0.34    0.32    7.46 ^ _277_/Y (sky130_fd_sc_hd__a21oi_4)
     9    0.05                           _227_ (net)
                  0.34    0.00    7.46 ^ _473_/A3 (sky130_fd_sc_hd__a31o_1)
                  0.04    0.20    7.65 ^ _473_/X (sky130_fd_sc_hd__a31o_1)
     1    0.00                           _010_ (net)
                  0.04    0.00    7.65 ^ _489_/D (sky130_fd_sc_hd__dfrtp_1)
                                  7.65   data arrival time

                         25.00   25.00   clock clk (rise edge)
                          0.00   25.00   clock source latency
                  0.07    0.04   25.04 ^ clk (in)
     1    0.01                           clk (net)
                  0.07    0.00   25.04 ^ clkbuf_0_clk/A (sky130_fd_sc_hd__clkbuf_16)
                  0.04    0.13   25.17 ^ clkbuf_0_clk/X (sky130_fd_sc_hd__clkbuf_16)
     2    0.02                           clknet_0_clk (net)
                  0.04    0.00   25.17 ^ clkbuf_1_0__f_clk/A (sky130_fd_sc_hd__clkbuf_16)
                  0.05    0.12   25.29 ^ clkbuf_1_0__f_clk/X (sky130_fd_sc_hd__clkbuf_16)
     7    0.03                           clknet_1_0__leaf_clk (net)
                  0.05    0.00   25.30 ^ _489_/CLK (sky130_fd_sc_hd__dfrtp_1)
                         -0.25   25.05   clock uncertainty
                          0.00   25.05   clock reconvergence pessimism
                         -0.06   24.99   library setup time
                                 24.99   data required time
-----------------------------------------------------------------------------
                                 24.99   data required time
                                 -7.65   data arrival time
-----------------------------------------------------------------------------
                                 17.33   slack (MET)


Startpoint: data_in[2] (input port clocked by clk)
Endpoint: _486_ (rising edge-triggered flip-flop clocked by clk)
Path Group: clk
Path Type: max
Corner: Typical

Fanout     Cap    Slew   Delay    Time   Description
-----------------------------------------------------------------------------
                          0.00    0.00   clock clk (rise edge)
                          0.00    0.00   clock network delay (propagated)
                          5.00    5.00 v input external delay
                  0.01    0.01    5.01 v data_in[2] (in)
     1    0.00                           data_in[2] (net)
                  0.01    0.00    5.01 v input3/A (sky130_fd_sc_hd__clkbuf_2)
                  0.11    0.16    5.17 v input3/X (sky130_fd_sc_hd__clkbuf_2)
     4    0.03                           net3 (net)
                  0.11    0.00    5.17 v _245_/A (sky130_fd_sc_hd__clkbuf_4)
                  0.09    0.23    5.40 v _245_/X (sky130_fd_sc_hd__clkbuf_4)
    10    0.04                           _195_ (net)
                  0.09    0.00    5.40 v _248_/B (sky130_fd_sc_hd__or4_1)
                  0.12    0.60    6.00 v _248_/X (sky130_fd_sc_hd__or4_1)
     3    0.01                           _198_ (net)
                  0.12    0.00    6.00 v _249_/C (sky130_fd_sc_hd__or3_1)
                  0.08    0.36    6.36 v _249_/X (sky130_fd_sc_hd__or3_1)
     2    0.00                           _199_ (net)
                  0.08    0.00    6.36 v _251_/B (sky130_fd_sc_hd__or3b_2)
                  0.11    0.52    6.88 v _251_/X (sky130_fd_sc_hd__or3b_2)
     2    0.01                           _201_ (net)
                  0.11    0.00    6.88 v _276_/A2 (sky130_fd_sc_hd__o22a_1)
                  0.07    0.26    7.14 v _276_/X (sky130_fd_sc_hd__o22a_1)
     1    0.01                           _226_ (net)
                  0.07    0.00    7.14 v _277_/B1 (sky130_fd_sc_hd__a21oi_4)
                  0.34    0.32    7.46 ^ _277_/Y (sky130_fd_sc_hd__a21oi_4)
     9    0.05                           _227_ (net)
                  0.34    0.00    7.46 ^ _467_/A3 (sky130_fd_sc_hd__a31o_1)
                  0.04    0.20    7.65 ^ _467_/X (sky130_fd_sc_hd__a31o_1)
     1    0.00                           _007_ (net)
                  0.04    0.00    7.65 ^ _486_/D (sky130_fd_sc_hd__dfrtp_1)
                                  7.65   data arrival time

                         25.00   25.00   clock clk (rise edge)
                          0.00   25.00   clock source latency
                  0.07    0.04   25.04 ^ clk (in)
     1    0.01                           clk (net)
                  0.07    0.00   25.04 ^ clkbuf_0_clk/A (sky130_fd_sc_hd__clkbuf_16)
                  0.04    0.13   25.17 ^ clkbuf_0_clk/X (sky130_fd_sc_hd__clkbuf_16)
     2    0.02                           clknet_0_clk (net)
                  0.04    0.00   25.17 ^ clkbuf_1_0__f_clk/A (sky130_fd_sc_hd__clkbuf_16)
                  0.05    0.12   25.29 ^ clkbuf_1_0__f_clk/X (sky130_fd_sc_hd__clkbuf_16)
     7    0.03                           clknet_1_0__leaf_clk (net)
                  0.05    0.00   25.30 ^ _486_/CLK (sky130_fd_sc_hd__dfrtp_1)
                         -0.25   25.05   clock uncertainty
                          0.00   25.05   clock reconvergence pessimism
                         -0.06   24.99   library setup time
                                 24.99   data required time
-----------------------------------------------------------------------------
                                 24.99   data required time
                                 -7.65   data arrival time
-----------------------------------------------------------------------------
                                 17.33   slack (MET)


Startpoint: _487_ (rising edge-triggered flip-flop clocked by clk)
Endpoint: sideband_out[3] (output port clocked by clk)
Path Group: clk
Path Type: max
Corner: Typical

Fanout     Cap    Slew   Delay    Time   Description
-----------------------------------------------------------------------------
                          0.00    0.00   clock clk (rise edge)
                          0.00    0.00   clock source latency
                  0.07    0.05    0.05 ^ clk (in)
     1    0.01                           clk (net)
                  0.07    0.00    0.05 ^ clkbuf_0_clk/A (sky130_fd_sc_hd__clkbuf_16)
                  0.04    0.14    0.19 ^ clkbuf_0_clk/X (sky130_fd_sc_hd__clkbuf_16)
     2    0.02                           clknet_0_clk (net)
                  0.04    0.00    0.19 ^ clkbuf_1_1__f_clk/A (sky130_fd_sc_hd__clkbuf_16)
                  0.05    0.14    0.33 ^ clkbuf_1_1__f_clk/X (sky130_fd_sc_hd__clkbuf_16)
     7    0.03                           clknet_1_1__leaf_clk (net)
                  0.05    0.00    0.33 ^ _487_/CLK (sky130_fd_sc_hd__dfrtp_1)
                  0.07    0.41    0.74 v _487_/Q (sky130_fd_sc_hd__dfrtp_1)
     2    0.01                           net32 (net)
                  0.07    0.00    0.74 v output32/A (sky130_fd_sc_hd__clkbuf_4)
                  0.08    0.20    0.95 v output32/X (sky130_fd_sc_hd__clkbuf_4)
     1    0.03                           sideband_out[3] (net)
                  0.08    0.00    0.95 v sideband_out[3] (out)
                                  0.95   data arrival time

                         25.00   25.00   clock clk (rise edge)
                          0.00   25.00   clock network delay (propagated)
                         -0.25   24.75   clock uncertainty
                          0.00   24.75   clock reconvergence pessimism
                         -5.00   19.75   output external delay
                                 19.75   data required time
-----------------------------------------------------------------------------
                                 19.75   data required time
                                 -0.95   data arrival time
-----------------------------------------------------------------------------
                                 18.80   slack (MET)


Startpoint: _489_ (rising edge-triggered flip-flop clocked by clk)
Endpoint: sideband_out[5] (output port clocked by clk)
Path Group: clk
Path Type: max
Corner: Typical

Fanout     Cap    Slew   Delay    Time   Description
-----------------------------------------------------------------------------
                          0.00    0.00   clock clk (rise edge)
                          0.00    0.00   clock source latency
                  0.07    0.05    0.05 ^ clk (in)
     1    0.01                           clk (net)
                  0.07    0.00    0.05 ^ clkbuf_0_clk/A (sky130_fd_sc_hd__clkbuf_16)
                  0.04    0.14    0.19 ^ clkbuf_0_clk/X (sky130_fd_sc_hd__clkbuf_16)
     2    0.02                           clknet_0_clk (net)
                  0.04    0.00    0.19 ^ clkbuf_1_0__f_clk/A (sky130_fd_sc_hd__clkbuf_16)
                  0.05    0.14    0.33 ^ clkbuf_1_0__f_clk/X (sky130_fd_sc_hd__clkbuf_16)
     7    0.03                           clknet_1_0__leaf_clk (net)
                  0.05    0.00    0.33 ^ _489_/CLK (sky130_fd_sc_hd__dfrtp_1)
                  0.06    0.40    0.72 v _489_/Q (sky130_fd_sc_hd__dfrtp_1)
     2    0.01                           net34 (net)
                  0.06    0.00    0.72 v output34/A (sky130_fd_sc_hd__clkbuf_4)
                  0.08    0.20    0.92 v output34/X (sky130_fd_sc_hd__clkbuf_4)
     1    0.03                           sideband_out[5] (net)
                  0.08    0.00    0.92 v sideband_out[5] (out)
                                  0.92   data arrival time

                         25.00   25.00   clock clk (rise edge)
                          0.00   25.00   clock network delay (propagated)
                         -0.25   24.75   clock uncertainty
                          0.00   24.75   clock reconvergence pessimism
                         -5.00   19.75   output external delay
                                 19.75   data required time
-----------------------------------------------------------------------------
                                 19.75   data required time
                                 -0.92   data arrival time
-----------------------------------------------------------------------------
                                 18.83   slack (MET)


Startpoint: _486_ (rising edge-triggered flip-flop clocked by clk)
Endpoint: sideband_out[2] (output port clocked by clk)
Path Group: clk
Path Type: max
Corner: Typical

Fanout     Cap    Slew   Delay    Time   Description
-----------------------------------------------------------------------------
                          0.00    0.00   clock clk (rise edge)
                          0.00    0.00   clock source latency
                  0.07    0.05    0.05 ^ clk (in)
     1    0.01                           clk (net)
                  0.07    0.00    0.05 ^ clkbuf_0_clk/A (sky130_fd_sc_hd__clkbuf_16)
                  0.04    0.14    0.19 ^ clkbuf_0_clk/X (sky130_fd_sc_hd__clkbuf_16)
     2    0.02                           clknet_0_clk (net)
                  0.04    0.00    0.19 ^ clkbuf_1_0__f_clk/A (sky130_fd_sc_hd__clkbuf_16)
                  0.05    0.14    0.33 ^ clkbuf_1_0__f_clk/X (sky130_fd_sc_hd__clkbuf_16)
     7    0.03                           clknet_1_0__leaf_clk (net)
                  0.05    0.00    0.33 ^ _486_/CLK (sky130_fd_sc_hd__dfrtp_1)
                  0.06    0.39    0.72 v _486_/Q (sky130_fd_sc_hd__dfrtp_1)
     2    0.01                           net31 (net)
                  0.06    0.00    0.72 v output31/A (sky130_fd_sc_hd__clkbuf_4)
                  0.08    0.20    0.92 v output31/X (sky130_fd_sc_hd__clkbuf_4)
     1    0.03                           sideband_out[2] (net)
                  0.08    0.00    0.92 v sideband_out[2] (out)
                                  0.92   data arrival time

                         25.00   25.00   clock clk (rise edge)
                          0.00   25.00   clock network delay (propagated)
                         -0.25   24.75   clock uncertainty
                          0.00   24.75   clock reconvergence pessimism
                         -5.00   19.75   output external delay
                                 19.75   data required time
-----------------------------------------------------------------------------
                                 19.75   data required time
                                 -0.92   data arrival time
-----------------------------------------------------------------------------
                                 18.83   slack (MET)


Startpoint: _490_ (rising edge-triggered flip-flop clocked by clk)
Endpoint: sideband_out[6] (output port clocked by clk)
Path Group: clk
Path Type: max
Corner: Typical

Fanout     Cap    Slew   Delay    Time   Description
-----------------------------------------------------------------------------
                          0.00    0.00   clock clk (rise edge)
                          0.00    0.00   clock source latency
                  0.07    0.05    0.05 ^ clk (in)
     1    0.01                           clk (net)
                  0.07    0.00    0.05 ^ clkbuf_0_clk/A (sky130_fd_sc_hd__clkbuf_16)
                  0.04    0.14    0.19 ^ clkbuf_0_clk/X (sky130_fd_sc_hd__clkbuf_16)
     2    0.02                           clknet_0_clk (net)
                  0.04    0.00    0.19 ^ clkbuf_1_0__f_clk/A (sky130_fd_sc_hd__clkbuf_16)
                  0.05    0.14    0.33 ^ clkbuf_1_0__f_clk/X (sky130_fd_sc_hd__clkbuf_16)
     7    0.03                           clknet_1_0__leaf_clk (net)
                  0.05    0.00    0.33 ^ _490_/CLK (sky130_fd_sc_hd__dfrtp_1)
                  0.06    0.39    0.72 v _490_/Q (sky130_fd_sc_hd__dfrtp_1)
     2    0.01                           net35 (net)
                  0.06    0.00    0.72 v output35/A (sky130_fd_sc_hd__clkbuf_4)
                  0.08    0.20    0.92 v output35/X (sky130_fd_sc_hd__clkbuf_4)
     1    0.03                           sideband_out[6] (net)
                  0.08    0.00    0.92 v sideband_out[6] (out)
                                  0.92   data arrival time

                         25.00   25.00   clock clk (rise edge)
                          0.00   25.00   clock network delay (propagated)
                         -0.25   24.75   clock uncertainty
                          0.00   24.75   clock reconvergence pessimism
                         -5.00   19.75   output external delay
                                 19.75   data required time
-----------------------------------------------------------------------------
                                 19.75   data required time
                                 -0.92   data arrival time
-----------------------------------------------------------------------------
                                 18.83   slack (MET)


Startpoint: _482_ (rising edge-triggered flip-flop clocked by clk)
Endpoint: int4_out[2] (output port clocked by clk)
Path Group: clk
Path Type: max
Corner: Typical

Fanout     Cap    Slew   Delay    Time   Description
-----------------------------------------------------------------------------
                          0.00    0.00   clock clk (rise edge)
                          0.00    0.00   clock source latency
                  0.07    0.05    0.05 ^ clk (in)
     1    0.01                           clk (net)
                  0.07    0.00    0.05 ^ clkbuf_0_clk/A (sky130_fd_sc_hd__clkbuf_16)
                  0.04    0.14    0.19 ^ clkbuf_0_clk/X (sky130_fd_sc_hd__clkbuf_16)
     2    0.02                           clknet_0_clk (net)
                  0.04    0.00    0.19 ^ clkbuf_1_1__f_clk/A (sky130_fd_sc_hd__clkbuf_16)
                  0.05    0.14    0.33 ^ clkbuf_1_1__f_clk/X (sky130_fd_sc_hd__clkbuf_16)
     7    0.03                           clknet_1_1__leaf_clk (net)
                  0.05    0.00    0.33 ^ _482_/CLK (sky130_fd_sc_hd__dfrtp_1)
                  0.05    0.39    0.72 v _482_/Q (sky130_fd_sc_hd__dfrtp_1)
     2    0.01                           net26 (net)
                  0.05    0.00    0.72 v output26/A (sky130_fd_sc_hd__clkbuf_4)
                  0.08    0.20    0.91 v output26/X (sky130_fd_sc_hd__clkbuf_4)
     1    0.03                           int4_out[2] (net)
                  0.08    0.00    0.92 v int4_out[2] (out)
                                  0.92   data arrival time

                         25.00   25.00   clock clk (rise edge)
                          0.00   25.00   clock network delay (propagated)
                         -0.25   24.75   clock uncertainty
                          0.00   24.75   clock reconvergence pessimism
                         -5.00   19.75   output external delay
                                 19.75   data required time
-----------------------------------------------------------------------------
                                 19.75   data required time
                                 -0.92   data arrival time
-----------------------------------------------------------------------------
                                 18.83   slack (MET)


Startpoint: _483_ (rising edge-triggered flip-flop clocked by clk)
Endpoint: int4_out[3] (output port clocked by clk)
Path Group: clk
Path Type: max
Corner: Typical

Fanout     Cap    Slew   Delay    Time   Description
-----------------------------------------------------------------------------
                          0.00    0.00   clock clk (rise edge)
                          0.00    0.00   clock source latency
                  0.07    0.05    0.05 ^ clk (in)
     1    0.01                           clk (net)
                  0.07    0.00    0.05 ^ clkbuf_0_clk/A (sky130_fd_sc_hd__clkbuf_16)
                  0.04    0.14    0.19 ^ clkbuf_0_clk/X (sky130_fd_sc_hd__clkbuf_16)
     2    0.02                           clknet_0_clk (net)
                  0.04    0.00    0.19 ^ clkbuf_1_1__f_clk/A (sky130_fd_sc_hd__clkbuf_16)
                  0.05    0.14    0.33 ^ clkbuf_1_1__f_clk/X (sky130_fd_sc_hd__clkbuf_16)
     7    0.03                           clknet_1_1__leaf_clk (net)
                  0.05    0.00    0.33 ^ _483_/CLK (sky130_fd_sc_hd__dfrtp_1)
                  0.05    0.39    0.72 v _483_/Q (sky130_fd_sc_hd__dfrtp_1)
     2    0.01                           net27 (net)
                  0.05    0.00    0.72 v output27/A (sky130_fd_sc_hd__clkbuf_4)
                  0.08    0.19    0.91 v output27/X (sky130_fd_sc_hd__clkbuf_4)
     1    0.03                           int4_out[3] (net)
                  0.08    0.00    0.91 v int4_out[3] (out)
                                  0.91   data arrival time

                         25.00   25.00   clock clk (rise edge)
                          0.00   25.00   clock network delay (propagated)
                         -0.25   24.75   clock uncertainty
                          0.00   24.75   clock reconvergence pessimism
                         -5.00   19.75   output external delay
                                 19.75   data required time
-----------------------------------------------------------------------------
                                 19.75   data required time
                                 -0.91   data arrival time
-----------------------------------------------------------------------------
                                 18.84   slack (MET)


Startpoint: _481_ (rising edge-triggered flip-flop clocked by clk)
Endpoint: int4_out[1] (output port clocked by clk)
Path Group: clk
Path Type: max
Corner: Typical

Fanout     Cap    Slew   Delay    Time   Description
-----------------------------------------------------------------------------
                          0.00    0.00   clock clk (rise edge)
                          0.00    0.00   clock source latency
                  0.07    0.05    0.05 ^ clk (in)
     1    0.01                           clk (net)
                  0.07    0.00    0.05 ^ clkbuf_0_clk/A (sky130_fd_sc_hd__clkbuf_16)
                  0.04    0.14    0.19 ^ clkbuf_0_clk/X (sky130_fd_sc_hd__clkbuf_16)
     2    0.02                           clknet_0_clk (net)
                  0.04    0.00    0.19 ^ clkbuf_1_1__f_clk/A (sky130_fd_sc_hd__clkbuf_16)
                  0.05    0.14    0.33 ^ clkbuf_1_1__f_clk/X (sky130_fd_sc_hd__clkbuf_16)
     7    0.03                           clknet_1_1__leaf_clk (net)
                  0.05    0.00    0.33 ^ _481_/CLK (sky130_fd_sc_hd__dfrtp_1)
                  0.05    0.39    0.72 v _481_/Q (sky130_fd_sc_hd__dfrtp_1)
     2    0.01                           net25 (net)
                  0.05    0.00    0.72 v output25/A (sky130_fd_sc_hd__clkbuf_4)
                  0.08    0.19    0.91 v output25/X (sky130_fd_sc_hd__clkbuf_4)
     1    0.03                           int4_out[1] (net)
                  0.08    0.00    0.91 v int4_out[1] (out)
                                  0.91   data arrival time

                         25.00   25.00   clock clk (rise edge)
                          0.00   25.00   clock network delay (propagated)
                         -0.25   24.75   clock uncertainty
                          0.00   24.75   clock reconvergence pessimism
                         -5.00   19.75   output external delay
                                 19.75   data required time
-----------------------------------------------------------------------------
                                 19.75   data required time
                                 -0.91   data arrival time
-----------------------------------------------------------------------------
                                 18.84   slack (MET)


Startpoint: _484_ (rising edge-triggered flip-flop clocked by clk)
Endpoint: sideband_out[0] (output port clocked by clk)
Path Group: clk
Path Type: max
Corner: Typical

Fanout     Cap    Slew   Delay    Time   Description
-----------------------------------------------------------------------------
                          0.00    0.00   clock clk (rise edge)
                          0.00    0.00   clock source latency
                  0.07    0.05    0.05 ^ clk (in)
     1    0.01                           clk (net)
                  0.07    0.00    0.05 ^ clkbuf_0_clk/A (sky130_fd_sc_hd__clkbuf_16)
                  0.04    0.14    0.19 ^ clkbuf_0_clk/X (sky130_fd_sc_hd__clkbuf_16)
     2    0.02                           clknet_0_clk (net)
                  0.04    0.00    0.19 ^ clkbuf_1_0__f_clk/A (sky130_fd_sc_hd__clkbuf_16)
                  0.05    0.14    0.33 ^ clkbuf_1_0__f_clk/X (sky130_fd_sc_hd__clkbuf_16)
     7    0.03                           clknet_1_0__leaf_clk (net)
                  0.05    0.00    0.33 ^ _484_/CLK (sky130_fd_sc_hd__dfrtp_1)
                  0.05    0.39    0.71 v _484_/Q (sky130_fd_sc_hd__dfrtp_1)
     2    0.01                           net29 (net)
                  0.05    0.00    0.71 v output29/A (sky130_fd_sc_hd__clkbuf_4)
                  0.08    0.19    0.91 v output29/X (sky130_fd_sc_hd__clkbuf_4)
     1    0.03                           sideband_out[0] (net)
                  0.08    0.00    0.91 v sideband_out[0] (out)
                                  0.91   data arrival time

                         25.00   25.00   clock clk (rise edge)
                          0.00   25.00   clock network delay (propagated)
                         -0.25   24.75   clock uncertainty
                          0.00   24.75   clock reconvergence pessimism
                         -5.00   19.75   output external delay
                                 19.75   data required time
-----------------------------------------------------------------------------
                                 19.75   data required time
                                 -0.91   data arrival time
-----------------------------------------------------------------------------
                                 18.84   slack (MET)


Startpoint: _485_ (rising edge-triggered flip-flop clocked by clk)
Endpoint: sideband_out[1] (output port clocked by clk)
Path Group: clk
Path Type: max
Corner: Typical

Fanout     Cap    Slew   Delay    Time   Description
-----------------------------------------------------------------------------
                          0.00    0.00   clock clk (rise edge)
                          0.00    0.00   clock source latency
                  0.07    0.05    0.05 ^ clk (in)
     1    0.01                           clk (net)
                  0.07    0.00    0.05 ^ clkbuf_0_clk/A (sky130_fd_sc_hd__clkbuf_16)
                  0.04    0.14    0.19 ^ clkbuf_0_clk/X (sky130_fd_sc_hd__clkbuf_16)
     2    0.02                           clknet_0_clk (net)
                  0.04    0.00    0.19 ^ clkbuf_1_0__f_clk/A (sky130_fd_sc_hd__clkbuf_16)
                  0.05    0.14    0.33 ^ clkbuf_1_0__f_clk/X (sky130_fd_sc_hd__clkbuf_16)
     7    0.03                           clknet_1_0__leaf_clk (net)
                  0.05    0.00    0.33 ^ _485_/CLK (sky130_fd_sc_hd__dfrtp_1)
                  0.05    0.39    0.72 v _485_/Q (sky130_fd_sc_hd__dfrtp_1)
     2    0.01                           net30 (net)
                  0.05    0.00    0.72 v output30/A (sky130_fd_sc_hd__buf_2)
                  0.09    0.19    0.91 v output30/X (sky130_fd_sc_hd__buf_2)
     1    0.03                           sideband_out[1] (net)
                  0.09    0.00    0.91 v sideband_out[1] (out)
                                  0.91   data arrival time

                         25.00   25.00   clock clk (rise edge)
                          0.00   25.00   clock network delay (propagated)
                         -0.25   24.75   clock uncertainty
                          0.00   24.75   clock reconvergence pessimism
                         -5.00   19.75   output external delay
                                 19.75   data required time
-----------------------------------------------------------------------------
                                 19.75   data required time
                                 -0.91   data arrival time
-----------------------------------------------------------------------------
                                 18.84   slack (MET)


Startpoint: _488_ (rising edge-triggered flip-flop clocked by clk)
Endpoint: sideband_out[4] (output port clocked by clk)
Path Group: clk
Path Type: max
Corner: Typical

Fanout     Cap    Slew   Delay    Time   Description
-----------------------------------------------------------------------------
                          0.00    0.00   clock clk (rise edge)
                          0.00    0.00   clock source latency
                  0.07    0.05    0.05 ^ clk (in)
     1    0.01                           clk (net)
                  0.07    0.00    0.05 ^ clkbuf_0_clk/A (sky130_fd_sc_hd__clkbuf_16)
                  0.04    0.14    0.19 ^ clkbuf_0_clk/X (sky130_fd_sc_hd__clkbuf_16)
     2    0.02                           clknet_0_clk (net)
                  0.04    0.00    0.19 ^ clkbuf_1_0__f_clk/A (sky130_fd_sc_hd__clkbuf_16)
                  0.05    0.14    0.33 ^ clkbuf_1_0__f_clk/X (sky130_fd_sc_hd__clkbuf_16)
     7    0.03                           clknet_1_0__leaf_clk (net)
                  0.05    0.00    0.33 ^ _488_/CLK (sky130_fd_sc_hd__dfrtp_1)
                  0.05    0.39    0.71 v _488_/Q (sky130_fd_sc_hd__dfrtp_1)
     2    0.01                           net33 (net)
                  0.05    0.00    0.71 v output33/A (sky130_fd_sc_hd__buf_2)
                  0.09    0.19    0.91 v output33/X (sky130_fd_sc_hd__buf_2)
     1    0.03                           sideband_out[4] (net)
                  0.09    0.00    0.91 v sideband_out[4] (out)
                                  0.91   data arrival time

                         25.00   25.00   clock clk (rise edge)
                          0.00   25.00   clock network delay (propagated)
                         -0.25   24.75   clock uncertainty
                          0.00   24.75   clock reconvergence pessimism
                         -5.00   19.75   output external delay
                                 19.75   data required time
-----------------------------------------------------------------------------
                                 19.75   data required time
                                 -0.91   data arrival time
-----------------------------------------------------------------------------
                                 18.84   slack (MET)


Startpoint: _491_ (rising edge-triggered flip-flop clocked by clk)
Endpoint: sideband_out[7] (output port clocked by clk)
Path Group: clk
Path Type: max
Corner: Typical

Fanout     Cap    Slew   Delay    Time   Description
-----------------------------------------------------------------------------
                          0.00    0.00   clock clk (rise edge)
                          0.00    0.00   clock source latency
                  0.07    0.05    0.05 ^ clk (in)
     1    0.01                           clk (net)
                  0.07    0.00    0.05 ^ clkbuf_0_clk/A (sky130_fd_sc_hd__clkbuf_16)
                  0.04    0.14    0.19 ^ clkbuf_0_clk/X (sky130_fd_sc_hd__clkbuf_16)
     2    0.02                           clknet_0_clk (net)
                  0.04    0.00    0.19 ^ clkbuf_1_0__f_clk/A (sky130_fd_sc_hd__clkbuf_16)
                  0.05    0.14    0.33 ^ clkbuf_1_0__f_clk/X (sky130_fd_sc_hd__clkbuf_16)
     7    0.03                           clknet_1_0__leaf_clk (net)
                  0.05    0.00    0.33 ^ _491_/CLK (sky130_fd_sc_hd__dfrtp_1)
                  0.05    0.38    0.71 v _491_/Q (sky130_fd_sc_hd__dfrtp_1)
     2    0.00                           net36 (net)
                  0.05    0.00    0.71 v output36/A (sky130_fd_sc_hd__clkbuf_4)
                  0.08    0.19    0.90 v output36/X (sky130_fd_sc_hd__clkbuf_4)
     1    0.03                           sideband_out[7] (net)
                  0.08    0.00    0.90 v sideband_out[7] (out)
                                  0.90   data arrival time

                         25.00   25.00   clock clk (rise edge)
                          0.00   25.00   clock network delay (propagated)
                         -0.25   24.75   clock uncertainty
                          0.00   24.75   clock reconvergence pessimism
                         -5.00   19.75   output external delay
                                 19.75   data required time
-----------------------------------------------------------------------------
                                 19.75   data required time
                                 -0.90   data arrival time
-----------------------------------------------------------------------------
                                 18.85   slack (MET)


Startpoint: _478_ (rising edge-triggered flip-flop clocked by clk)
Endpoint: is_outlier (output port clocked by clk)
Path Group: clk
Path Type: max
Corner: Typical

Fanout     Cap    Slew   Delay    Time   Description
-----------------------------------------------------------------------------
                          0.00    0.00   clock clk (rise edge)
                          0.00    0.00   clock source latency
                  0.07    0.05    0.05 ^ clk (in)
     1    0.01                           clk (net)
                  0.07    0.00    0.05 ^ clkbuf_0_clk/A (sky130_fd_sc_hd__clkbuf_16)
                  0.04    0.14    0.19 ^ clkbuf_0_clk/X (sky130_fd_sc_hd__clkbuf_16)
     2    0.02                           clknet_0_clk (net)
                  0.04    0.00    0.19 ^ clkbuf_1_1__f_clk/A (sky130_fd_sc_hd__clkbuf_16)
                  0.05    0.14    0.33 ^ clkbuf_1_1__f_clk/X (sky130_fd_sc_hd__clkbuf_16)
     7    0.03                           clknet_1_1__leaf_clk (net)
                  0.05    0.00    0.33 ^ _478_/CLK (sky130_fd_sc_hd__dfrtp_1)
                  0.05    0.38    0.71 v _478_/Q (sky130_fd_sc_hd__dfrtp_1)
     2    0.00                           net28 (net)
                  0.05    0.00    0.71 v output28/A (sky130_fd_sc_hd__clkbuf_4)
                  0.08    0.19    0.90 v output28/X (sky130_fd_sc_hd__clkbuf_4)
     1    0.03                           is_outlier (net)
                  0.08    0.00    0.90 v is_outlier (out)
                                  0.90   data arrival time

                         25.00   25.00   clock clk (rise edge)
                          0.00   25.00   clock network delay (propagated)
                         -0.25   24.75   clock uncertainty
                          0.00   24.75   clock reconvergence pessimism
                         -5.00   19.75   output external delay
                                 19.75   data required time
-----------------------------------------------------------------------------
                                 19.75   data required time
                                 -0.90   data arrival time
-----------------------------------------------------------------------------
                                 18.85   slack (MET)


Startpoint: _480_ (rising edge-triggered flip-flop clocked by clk)
Endpoint: int4_out[0] (output port clocked by clk)
Path Group: clk
Path Type: max
Corner: Typical

Fanout     Cap    Slew   Delay    Time   Description
-----------------------------------------------------------------------------
                          0.00    0.00   clock clk (rise edge)
                          0.00    0.00   clock source latency
                  0.07    0.05    0.05 ^ clk (in)
     1    0.01                           clk (net)
                  0.07    0.00    0.05 ^ clkbuf_0_clk/A (sky130_fd_sc_hd__clkbuf_16)
                  0.04    0.14    0.19 ^ clkbuf_0_clk/X (sky130_fd_sc_hd__clkbuf_16)
     2    0.02                           clknet_0_clk (net)
                  0.04    0.00    0.19 ^ clkbuf_1_1__f_clk/A (sky130_fd_sc_hd__clkbuf_16)
                  0.05    0.14    0.33 ^ clkbuf_1_1__f_clk/X (sky130_fd_sc_hd__clkbuf_16)
     7    0.03                           clknet_1_1__leaf_clk (net)
                  0.05    0.00    0.33 ^ _480_/CLK (sky130_fd_sc_hd__dfrtp_1)
                  0.05    0.38    0.71 v _480_/Q (sky130_fd_sc_hd__dfrtp_1)
     2    0.00                           net24 (net)
                  0.05    0.00    0.71 v output24/A (sky130_fd_sc_hd__clkbuf_4)
                  0.08    0.19    0.90 v output24/X (sky130_fd_sc_hd__clkbuf_4)
     1    0.03                           int4_out[0] (net)
                  0.08    0.00    0.90 v int4_out[0] (out)
                                  0.90   data arrival time

                         25.00   25.00   clock clk (rise edge)
                          0.00   25.00   clock network delay (propagated)
                         -0.25   24.75   clock uncertainty
                          0.00   24.75   clock reconvergence pessimism
                         -5.00   19.75   output external delay
                                 19.75   data required time
-----------------------------------------------------------------------------
                                 19.75   data required time
                                 -0.90   data arrival time
-----------------------------------------------------------------------------
                                 18.85   slack (MET)


Startpoint: _479_ (rising edge-triggered flip-flop clocked by clk)
Endpoint: valid_out (output port clocked by clk)
Path Group: clk
Path Type: max
Corner: Typical

Fanout     Cap    Slew   Delay    Time   Description
-----------------------------------------------------------------------------
                          0.00    0.00   clock clk (rise edge)
                          0.00    0.00   clock source latency
                  0.07    0.05    0.05 ^ clk (in)
     1    0.01                           clk (net)
                  0.07    0.00    0.05 ^ clkbuf_0_clk/A (sky130_fd_sc_hd__clkbuf_16)
                  0.04    0.14    0.19 ^ clkbuf_0_clk/X (sky130_fd_sc_hd__clkbuf_16)
     2    0.02                           clknet_0_clk (net)
                  0.04    0.00    0.19 ^ clkbuf_1_1__f_clk/A (sky130_fd_sc_hd__clkbuf_16)
                  0.05    0.14    0.33 ^ clkbuf_1_1__f_clk/X (sky130_fd_sc_hd__clkbuf_16)
     7    0.03                           clknet_1_1__leaf_clk (net)
                  0.05    0.00    0.33 ^ _479_/CLK (sky130_fd_sc_hd__dfrtp_1)
                  0.04    0.38    0.71 v _479_/Q (sky130_fd_sc_hd__dfrtp_1)
     1    0.00                           net37 (net)
                  0.04    0.00    0.71 v output37/A (sky130_fd_sc_hd__clkbuf_4)
                  0.08    0.19    0.90 v output37/X (sky130_fd_sc_hd__clkbuf_4)
     1    0.03                           valid_out (net)
                  0.08    0.00    0.90 v valid_out (out)
                                  0.90   data arrival time

                         25.00   25.00   clock clk (rise edge)
                          0.00   25.00   clock network delay (propagated)
                         -0.25   24.75   clock uncertainty
                          0.00   24.75   clock reconvergence pessimism
                         -5.00   19.75   output external delay
                                 19.75   data required time
-----------------------------------------------------------------------------
                                 19.75   data required time
                                 -0.90   data arrival time
-----------------------------------------------------------------------------
                                 18.85   slack (MET)


Startpoint: valid_in (input port clocked by clk)
Endpoint: _479_ (rising edge-triggered flip-flop clocked by clk)
Path Group: clk
Path Type: max
Corner: Typical

Fanout     Cap    Slew   Delay    Time   Description
-----------------------------------------------------------------------------
                          0.00    0.00   clock clk (rise edge)
                          0.00    0.00   clock network delay (propagated)
                          5.00    5.00 ^ input external delay
                  0.02    0.01    5.01 ^ valid_in (in)
     1    0.00                           valid_in (net)
                  0.02    0.00    5.01 ^ input23/A (sky130_fd_sc_hd__buf_1)
                  0.23    0.21    5.22 ^ input23/X (sky130_fd_sc_hd__buf_1)
     2    0.02                           net23 (net)
                  0.23    0.00    5.23 ^ _479_/D (sky130_fd_sc_hd__dfrtp_1)
                                  5.23   data arrival time

                         25.00   25.00   clock clk (rise edge)
                          0.00   25.00   clock source latency
                  0.07    0.04   25.04 ^ clk (in)
     1    0.01                           clk (net)
                  0.07    0.00   25.04 ^ clkbuf_0_clk/A (sky130_fd_sc_hd__clkbuf_16)
                  0.04    0.13   25.17 ^ clkbuf_0_clk/X (sky130_fd_sc_hd__clkbuf_16)
     2    0.02                           clknet_0_clk (net)
                  0.04    0.00   25.17 ^ clkbuf_1_1__f_clk/A (sky130_fd_sc_hd__clkbuf_16)
                  0.05    0.13   25.30 ^ clkbuf_1_1__f_clk/X (sky130_fd_sc_hd__clkbuf_16)
     7    0.03                           clknet_1_1__leaf_clk (net)
                  0.05    0.00   25.30 ^ _479_/CLK (sky130_fd_sc_hd__dfrtp_1)
                         -0.25   25.05   clock uncertainty
                          0.00   25.05   clock reconvergence pessimism
                         -0.10   24.94   library setup time
                                 24.94   data required time
-----------------------------------------------------------------------------
                                 24.94   data required time
                                 -5.23   data arrival time
-----------------------------------------------------------------------------
                                 19.72   slack (MET)


Startpoint: rst_n (input port clocked by clk)
Endpoint: _484_ (recovery check against rising-edge clock clk)
Path Group: asynchronous
Path Type: max
Corner: Typical

Fanout     Cap    Slew   Delay    Time   Description
-----------------------------------------------------------------------------
                          0.00    0.00   clock clk (rise edge)
                          0.00    0.00   clock network delay (propagated)
                          5.00    5.00 ^ input external delay
                  0.02    0.01    5.01 ^ rst_n (in)
     1    0.00                           rst_n (net)
                  0.02    0.00    5.01 ^ input10/A (sky130_fd_sc_hd__clkbuf_2)
                  0.14    0.17    5.18 ^ input10/X (sky130_fd_sc_hd__clkbuf_2)
     5    0.02                           net10 (net)
                  0.14    0.00    5.18 ^ fanout39/A (sky130_fd_sc_hd__buf_4)
                  0.17    0.25    5.43 ^ fanout39/X (sky130_fd_sc_hd__buf_4)
    10    0.06                           net39 (net)
                  0.17    0.01    5.43 ^ _484_/RESET_B (sky130_fd_sc_hd__dfrtp_1)
                                  5.43   data arrival time

                         25.00   25.00   clock clk (rise edge)
                          0.00   25.00   clock source latency
                  0.07    0.04   25.04 ^ clk (in)
     1    0.01                           clk (net)
                  0.07    0.00   25.04 ^ clkbuf_0_clk/A (sky130_fd_sc_hd__clkbuf_16)
                  0.04    0.13   25.17 ^ clkbuf_0_clk/X (sky130_fd_sc_hd__clkbuf_16)
     2    0.02                           clknet_0_clk (net)
                  0.04    0.00   25.17 ^ clkbuf_1_0__f_clk/A (sky130_fd_sc_hd__clkbuf_16)
                  0.05    0.12   25.29 ^ clkbuf_1_0__f_clk/X (sky130_fd_sc_hd__clkbuf_16)
     7    0.03                           clknet_1_0__leaf_clk (net)
                  0.05    0.00   25.30 ^ _484_/CLK (sky130_fd_sc_hd__dfrtp_1)
                         -0.25   25.05   clock uncertainty
                          0.00   25.05   clock reconvergence pessimism
                          0.20   25.24   library recovery time
                                 25.24   data required time
-----------------------------------------------------------------------------
                                 25.24   data required time
                                 -5.43   data arrival time
-----------------------------------------------------------------------------
                                 19.81   slack (MET)


Startpoint: rst_n (input port clocked by clk)
Endpoint: _490_ (recovery check against rising-edge clock clk)
Path Group: asynchronous
Path Type: max
Corner: Typical

Fanout     Cap    Slew   Delay    Time   Description
-----------------------------------------------------------------------------
                          0.00    0.00   clock clk (rise edge)
                          0.00    0.00   clock network delay (propagated)
                          5.00    5.00 ^ input external delay
                  0.02    0.01    5.01 ^ rst_n (in)
     1    0.00                           rst_n (net)
                  0.02    0.00    5.01 ^ input10/A (sky130_fd_sc_hd__clkbuf_2)
                  0.14    0.17    5.18 ^ input10/X (sky130_fd_sc_hd__clkbuf_2)
     5    0.02                           net10 (net)
                  0.14    0.00    5.18 ^ fanout39/A (sky130_fd_sc_hd__buf_4)
                  0.17    0.25    5.43 ^ fanout39/X (sky130_fd_sc_hd__buf_4)
    10    0.06                           net39 (net)
                  0.17    0.01    5.44 ^ _490_/RESET_B (sky130_fd_sc_hd__dfrtp_1)
                                  5.44   data arrival time

                         25.00   25.00   clock clk (rise edge)
                          0.00   25.00   clock source latency
                  0.07    0.04   25.04 ^ clk (in)
     1    0.01                           clk (net)
                  0.07    0.00   25.04 ^ clkbuf_0_clk/A (sky130_fd_sc_hd__clkbuf_16)
                  0.04    0.13   25.17 ^ clkbuf_0_clk/X (sky130_fd_sc_hd__clkbuf_16)
     2    0.02                           clknet_0_clk (net)
                  0.04    0.00   25.17 ^ clkbuf_1_0__f_clk/A (sky130_fd_sc_hd__clkbuf_16)
                  0.05    0.12   25.29 ^ clkbuf_1_0__f_clk/X (sky130_fd_sc_hd__clkbuf_16)
     7    0.03                           clknet_1_0__leaf_clk (net)
                  0.05    0.00   25.30 ^ _490_/CLK (sky130_fd_sc_hd__dfrtp_1)
                         -0.25   25.05   clock uncertainty
                          0.00   25.05   clock reconvergence pessimism
                          0.20   25.24   library recovery time
                                 25.24   data required time
-----------------------------------------------------------------------------
                                 25.24   data required time
                                 -5.44   data arrival time
-----------------------------------------------------------------------------
                                 19.81   slack (MET)


Startpoint: rst_n (input port clocked by clk)
Endpoint: _489_ (recovery check against rising-edge clock clk)
Path Group: asynchronous
Path Type: max
Corner: Typical

Fanout     Cap    Slew   Delay    Time   Description
-----------------------------------------------------------------------------
                          0.00    0.00   clock clk (rise edge)
                          0.00    0.00   clock network delay (propagated)
                          5.00    5.00 ^ input external delay
                  0.02    0.01    5.01 ^ rst_n (in)
     1    0.00                           rst_n (net)
                  0.02    0.00    5.01 ^ input10/A (sky130_fd_sc_hd__clkbuf_2)
                  0.14    0.17    5.18 ^ input10/X (sky130_fd_sc_hd__clkbuf_2)
     5    0.02                           net10 (net)
                  0.14    0.00    5.18 ^ fanout39/A (sky130_fd_sc_hd__buf_4)
                  0.17    0.25    5.43 ^ fanout39/X (sky130_fd_sc_hd__buf_4)
    10    0.06                           net39 (net)
                  0.17    0.01    5.43 ^ _489_/RESET_B (sky130_fd_sc_hd__dfrtp_1)
                                  5.43   data arrival time

                         25.00   25.00   clock clk (rise edge)
                          0.00   25.00   clock source latency
                  0.07    0.04   25.04 ^ clk (in)
     1    0.01                           clk (net)
                  0.07    0.00   25.04 ^ clkbuf_0_clk/A (sky130_fd_sc_hd__clkbuf_16)
                  0.04    0.13   25.17 ^ clkbuf_0_clk/X (sky130_fd_sc_hd__clkbuf_16)
     2    0.02                           clknet_0_clk (net)
                  0.04    0.00   25.17 ^ clkbuf_1_0__f_clk/A (sky130_fd_sc_hd__clkbuf_16)
                  0.05    0.12   25.29 ^ clkbuf_1_0__f_clk/X (sky130_fd_sc_hd__clkbuf_16)
     7    0.03                           clknet_1_0__leaf_clk (net)
                  0.05    0.00   25.30 ^ _489_/CLK (sky130_fd_sc_hd__dfrtp_1)
                         -0.25   25.05   clock uncertainty
                          0.00   25.05   clock reconvergence pessimism
                          0.20   25.24   library recovery time
                                 25.24   data required time
-----------------------------------------------------------------------------
                                 25.24   data required time
                                 -5.43   data arrival time
-----------------------------------------------------------------------------
                                 19.81   slack (MET)


Startpoint: rst_n (input port clocked by clk)
Endpoint: _491_ (recovery check against rising-edge clock clk)
Path Group: asynchronous
Path Type: max
Corner: Typical

Fanout     Cap    Slew   Delay    Time   Description
-----------------------------------------------------------------------------
                          0.00    0.00   clock clk (rise edge)
                          0.00    0.00   clock network delay (propagated)
                          5.00    5.00 ^ input external delay
                  0.02    0.01    5.01 ^ rst_n (in)
     1    0.00                           rst_n (net)
                  0.02    0.00    5.01 ^ input10/A (sky130_fd_sc_hd__clkbuf_2)
                  0.14    0.17    5.18 ^ input10/X (sky130_fd_sc_hd__clkbuf_2)
     5    0.02                           net10 (net)
                  0.14    0.00    5.18 ^ fanout39/A (sky130_fd_sc_hd__buf_4)
                  0.17    0.25    5.43 ^ fanout39/X (sky130_fd_sc_hd__buf_4)
    10    0.06                           net39 (net)
                  0.17    0.01    5.43 ^ _491_/RESET_B (sky130_fd_sc_hd__dfrtp_1)
                                  5.43   data arrival time

                         25.00   25.00   clock clk (rise edge)
                          0.00   25.00   clock source latency
                  0.07    0.04   25.04 ^ clk (in)
     1    0.01                           clk (net)
                  0.07    0.00   25.04 ^ clkbuf_0_clk/A (sky130_fd_sc_hd__clkbuf_16)
                  0.04    0.13   25.17 ^ clkbuf_0_clk/X (sky130_fd_sc_hd__clkbuf_16)
     2    0.02                           clknet_0_clk (net)
                  0.04    0.00   25.17 ^ clkbuf_1_0__f_clk/A (sky130_fd_sc_hd__clkbuf_16)
                  0.05    0.12   25.29 ^ clkbuf_1_0__f_clk/X (sky130_fd_sc_hd__clkbuf_16)
     7    0.03                           clknet_1_0__leaf_clk (net)
                  0.05    0.00   25.30 ^ _491_/CLK (sky130_fd_sc_hd__dfrtp_1)
                         -0.25   25.05   clock uncertainty
                          0.00   25.05   clock reconvergence pessimism
                          0.20   25.24   library recovery time
                                 25.24   data required time
-----------------------------------------------------------------------------
                                 25.24   data required time
                                 -5.43   data arrival time
-----------------------------------------------------------------------------
                                 19.81   slack (MET)


Startpoint: rst_n (input port clocked by clk)
Endpoint: _478_ (recovery check against rising-edge clock clk)
Path Group: asynchronous
Path Type: max
Corner: Typical

Fanout     Cap    Slew   Delay    Time   Description
-----------------------------------------------------------------------------
                          0.00    0.00   clock clk (rise edge)
                          0.00    0.00   clock network delay (propagated)
                          5.00    5.00 ^ input external delay
                  0.02    0.01    5.01 ^ rst_n (in)
     1    0.00                           rst_n (net)
                  0.02    0.00    5.01 ^ input10/A (sky130_fd_sc_hd__clkbuf_2)
                  0.14    0.17    5.18 ^ input10/X (sky130_fd_sc_hd__clkbuf_2)
     5    0.02                           net10 (net)
                  0.14    0.00    5.18 ^ fanout39/A (sky130_fd_sc_hd__buf_4)
                  0.17    0.25    5.43 ^ fanout39/X (sky130_fd_sc_hd__buf_4)
    10    0.06                           net39 (net)
                  0.17    0.01    5.43 ^ _478_/RESET_B (sky130_fd_sc_hd__dfrtp_1)
                                  5.43   data arrival time

                         25.00   25.00   clock clk (rise edge)
                          0.00   25.00   clock source latency
                  0.07    0.04   25.04 ^ clk (in)
     1    0.01                           clk (net)
                  0.07    0.00   25.04 ^ clkbuf_0_clk/A (sky130_fd_sc_hd__clkbuf_16)
                  0.04    0.13   25.17 ^ clkbuf_0_clk/X (sky130_fd_sc_hd__clkbuf_16)
     2    0.02                           clknet_0_clk (net)
                  0.04    0.00   25.17 ^ clkbuf_1_1__f_clk/A (sky130_fd_sc_hd__clkbuf_16)
                  0.05    0.13   25.30 ^ clkbuf_1_1__f_clk/X (sky130_fd_sc_hd__clkbuf_16)
     7    0.03                           clknet_1_1__leaf_clk (net)
                  0.05    0.00   25.30 ^ _478_/CLK (sky130_fd_sc_hd__dfrtp_1)
                         -0.25   25.05   clock uncertainty
                          0.00   25.05   clock reconvergence pessimism
                          0.20   25.25   library recovery time
                                 25.25   data required time
-----------------------------------------------------------------------------
                                 25.25   data required time
                                 -5.43   data arrival time
-----------------------------------------------------------------------------
                                 19.81   slack (MET)


Startpoint: rst_n (input port clocked by clk)
Endpoint: _480_ (recovery check against rising-edge clock clk)
Path Group: asynchronous
Path Type: max
Corner: Typical

Fanout     Cap    Slew   Delay    Time   Description
-----------------------------------------------------------------------------
                          0.00    0.00   clock clk (rise edge)
                          0.00    0.00   clock network delay (propagated)
                          5.00    5.00 ^ input external delay
                  0.02    0.01    5.01 ^ rst_n (in)
     1    0.00                           rst_n (net)
                  0.02    0.00    5.01 ^ input10/A (sky130_fd_sc_hd__clkbuf_2)
                  0.14    0.17    5.18 ^ input10/X (sky130_fd_sc_hd__clkbuf_2)
     5    0.02                           net10 (net)
                  0.14    0.00    5.18 ^ fanout39/A (sky130_fd_sc_hd__buf_4)
                  0.17    0.25    5.43 ^ fanout39/X (sky130_fd_sc_hd__buf_4)
    10    0.06                           net39 (net)
                  0.17    0.00    5.43 ^ _480_/RESET_B (sky130_fd_sc_hd__dfrtp_1)
                                  5.43   data arrival time

                         25.00   25.00   clock clk (rise edge)
                          0.00   25.00   clock source latency
                  0.07    0.04   25.04 ^ clk (in)
     1    0.01                           clk (net)
                  0.07    0.00   25.04 ^ clkbuf_0_clk/A (sky130_fd_sc_hd__clkbuf_16)
                  0.04    0.13   25.17 ^ clkbuf_0_clk/X (sky130_fd_sc_hd__clkbuf_16)
     2    0.02                           clknet_0_clk (net)
                  0.04    0.00   25.17 ^ clkbuf_1_1__f_clk/A (sky130_fd_sc_hd__clkbuf_16)
                  0.05    0.13   25.30 ^ clkbuf_1_1__f_clk/X (sky130_fd_sc_hd__clkbuf_16)
     7    0.03                           clknet_1_1__leaf_clk (net)
                  0.05    0.00   25.30 ^ _480_/CLK (sky130_fd_sc_hd__dfrtp_1)
                         -0.25   25.05   clock uncertainty
                          0.00   25.05   clock reconvergence pessimism
                          0.20   25.25   library recovery time
                                 25.25   data required time
-----------------------------------------------------------------------------
                                 25.25   data required time
                                 -5.43   data arrival time
-----------------------------------------------------------------------------
                                 19.81   slack (MET)


Startpoint: rst_n (input port clocked by clk)
Endpoint: _483_ (recovery check against rising-edge clock clk)
Path Group: asynchronous
Path Type: max
Corner: Typical

Fanout     Cap    Slew   Delay    Time   Description
-----------------------------------------------------------------------------
                          0.00    0.00   clock clk (rise edge)
                          0.00    0.00   clock network delay (propagated)
                          5.00    5.00 ^ input external delay
                  0.02    0.01    5.01 ^ rst_n (in)
     1    0.00                           rst_n (net)
                  0.02    0.00    5.01 ^ input10/A (sky130_fd_sc_hd__clkbuf_2)
                  0.14    0.17    5.18 ^ input10/X (sky130_fd_sc_hd__clkbuf_2)
     5    0.02                           net10 (net)
                  0.14    0.00    5.18 ^ fanout39/A (sky130_fd_sc_hd__buf_4)
                  0.17    0.25    5.43 ^ fanout39/X (sky130_fd_sc_hd__buf_4)
    10    0.06                           net39 (net)
                  0.17    0.00    5.43 ^ _483_/RESET_B (sky130_fd_sc_hd__dfrtp_1)
                                  5.43   data arrival time

                         25.00   25.00   clock clk (rise edge)
                          0.00   25.00   clock source latency
                  0.07    0.04   25.04 ^ clk (in)
     1    0.01                           clk (net)
                  0.07    0.00   25.04 ^ clkbuf_0_clk/A (sky130_fd_sc_hd__clkbuf_16)
                  0.04    0.13   25.17 ^ clkbuf_0_clk/X (sky130_fd_sc_hd__clkbuf_16)
     2    0.02                           clknet_0_clk (net)
                  0.04    0.00   25.17 ^ clkbuf_1_1__f_clk/A (sky130_fd_sc_hd__clkbuf_16)
                  0.05    0.13   25.30 ^ clkbuf_1_1__f_clk/X (sky130_fd_sc_hd__clkbuf_16)
     7    0.03                           clknet_1_1__leaf_clk (net)
                  0.05    0.00   25.30 ^ _483_/CLK (sky130_fd_sc_hd__dfrtp_1)
                         -0.25   25.05   clock uncertainty
                          0.00   25.05   clock reconvergence pessimism
                          0.20   25.25   library recovery time
                                 25.25   data required time
-----------------------------------------------------------------------------
                                 25.25   data required time
                                 -5.43   data arrival time
-----------------------------------------------------------------------------
                                 19.81   slack (MET)


Startpoint: rst_n (input port clocked by clk)
Endpoint: _482_ (recovery check against rising-edge clock clk)
Path Group: asynchronous
Path Type: max
Corner: Typical

Fanout     Cap    Slew   Delay    Time   Description
-----------------------------------------------------------------------------
                          0.00    0.00   clock clk (rise edge)
                          0.00    0.00   clock network delay (propagated)
                          5.00    5.00 ^ input external delay
                  0.02    0.01    5.01 ^ rst_n (in)
     1    0.00                           rst_n (net)
                  0.02    0.00    5.01 ^ input10/A (sky130_fd_sc_hd__clkbuf_2)
                  0.14    0.17    5.18 ^ input10/X (sky130_fd_sc_hd__clkbuf_2)
     5    0.02                           net10 (net)
                  0.14    0.00    5.18 ^ fanout39/A (sky130_fd_sc_hd__buf_4)
                  0.17    0.25    5.43 ^ fanout39/X (sky130_fd_sc_hd__buf_4)
    10    0.06                           net39 (net)
                  0.17    0.00    5.43 ^ _482_/RESET_B (sky130_fd_sc_hd__dfrtp_1)
                                  5.43   data arrival time

                         25.00   25.00   clock clk (rise edge)
                          0.00   25.00   clock source latency
                  0.07    0.04   25.04 ^ clk (in)
     1    0.01                           clk (net)
                  0.07    0.00   25.04 ^ clkbuf_0_clk/A (sky130_fd_sc_hd__clkbuf_16)
                  0.04    0.13   25.17 ^ clkbuf_0_clk/X (sky130_fd_sc_hd__clkbuf_16)
     2    0.02                           clknet_0_clk (net)
                  0.04    0.00   25.17 ^ clkbuf_1_1__f_clk/A (sky130_fd_sc_hd__clkbuf_16)
                  0.05    0.13   25.30 ^ clkbuf_1_1__f_clk/X (sky130_fd_sc_hd__clkbuf_16)
     7    0.03                           clknet_1_1__leaf_clk (net)
                  0.05    0.00   25.30 ^ _482_/CLK (sky130_fd_sc_hd__dfrtp_1)
                         -0.25   25.05   clock uncertainty
                          0.00   25.05   clock reconvergence pessimism
                          0.20   25.25   library recovery time
                                 25.25   data required time
-----------------------------------------------------------------------------
                                 25.25   data required time
                                 -5.43   data arrival time
-----------------------------------------------------------------------------
                                 19.81   slack (MET)


Startpoint: rst_n (input port clocked by clk)
Endpoint: _479_ (recovery check against rising-edge clock clk)
Path Group: asynchronous
Path Type: max
Corner: Typical

Fanout     Cap    Slew   Delay    Time   Description
-----------------------------------------------------------------------------
                          0.00    0.00   clock clk (rise edge)
                          0.00    0.00   clock network delay (propagated)
                          5.00    5.00 ^ input external delay
                  0.02    0.01    5.01 ^ rst_n (in)
     1    0.00                           rst_n (net)
                  0.02    0.00    5.01 ^ input10/A (sky130_fd_sc_hd__clkbuf_2)
                  0.14    0.17    5.18 ^ input10/X (sky130_fd_sc_hd__clkbuf_2)
     5    0.02                           net10 (net)
                  0.14    0.00    5.18 ^ fanout39/A (sky130_fd_sc_hd__buf_4)
                  0.17    0.25    5.43 ^ fanout39/X (sky130_fd_sc_hd__buf_4)
    10    0.06                           net39 (net)
                  0.17    0.00    5.43 ^ _479_/RESET_B (sky130_fd_sc_hd__dfrtp_1)
                                  5.43   data arrival time

                         25.00   25.00   clock clk (rise edge)
                          0.00   25.00   clock source latency
                  0.07    0.04   25.04 ^ clk (in)
     1    0.01                           clk (net)
                  0.07    0.00   25.04 ^ clkbuf_0_clk/A (sky130_fd_sc_hd__clkbuf_16)
                  0.04    0.13   25.17 ^ clkbuf_0_clk/X (sky130_fd_sc_hd__clkbuf_16)
     2    0.02                           clknet_0_clk (net)
                  0.04    0.00   25.17 ^ clkbuf_1_1__f_clk/A (sky130_fd_sc_hd__clkbuf_16)
                  0.05    0.13   25.30 ^ clkbuf_1_1__f_clk/X (sky130_fd_sc_hd__clkbuf_16)
     7    0.03                           clknet_1_1__leaf_clk (net)
                  0.05    0.00   25.30 ^ _479_/CLK (sky130_fd_sc_hd__dfrtp_1)
                         -0.25   25.05   clock uncertainty
                          0.00   25.05   clock reconvergence pessimism
                          0.20   25.25   library recovery time
                                 25.25   data required time
-----------------------------------------------------------------------------
                                 25.25   data required time
                                 -5.43   data arrival time
-----------------------------------------------------------------------------
                                 19.82   slack (MET)


Startpoint: rst_n (input port clocked by clk)
Endpoint: _481_ (recovery check against rising-edge clock clk)
Path Group: asynchronous
Path Type: max
Corner: Typical

Fanout     Cap    Slew   Delay    Time   Description
-----------------------------------------------------------------------------
                          0.00    0.00   clock clk (rise edge)
                          0.00    0.00   clock network delay (propagated)
                          5.00    5.00 ^ input external delay
                  0.02    0.01    5.01 ^ rst_n (in)
     1    0.00                           rst_n (net)
                  0.02    0.00    5.01 ^ input10/A (sky130_fd_sc_hd__clkbuf_2)
                  0.14    0.17    5.18 ^ input10/X (sky130_fd_sc_hd__clkbuf_2)
     5    0.02                           net10 (net)
                  0.14    0.00    5.18 ^ fanout39/A (sky130_fd_sc_hd__buf_4)
                  0.17    0.25    5.43 ^ fanout39/X (sky130_fd_sc_hd__buf_4)
    10    0.06                           net39 (net)
                  0.17    0.00    5.43 ^ _481_/RESET_B (sky130_fd_sc_hd__dfrtp_1)
                                  5.43   data arrival time

                         25.00   25.00   clock clk (rise edge)
                          0.00   25.00   clock source latency
                  0.07    0.04   25.04 ^ clk (in)
     1    0.01                           clk (net)
                  0.07    0.00   25.04 ^ clkbuf_0_clk/A (sky130_fd_sc_hd__clkbuf_16)
                  0.04    0.13   25.17 ^ clkbuf_0_clk/X (sky130_fd_sc_hd__clkbuf_16)
     2    0.02                           clknet_0_clk (net)
                  0.04    0.00   25.17 ^ clkbuf_1_1__f_clk/A (sky130_fd_sc_hd__clkbuf_16)
                  0.05    0.13   25.30 ^ clkbuf_1_1__f_clk/X (sky130_fd_sc_hd__clkbuf_16)
     7    0.03                           clknet_1_1__leaf_clk (net)
                  0.05    0.00   25.30 ^ _481_/CLK (sky130_fd_sc_hd__dfrtp_1)
                         -0.25   25.05   clock uncertainty
                          0.00   25.05   clock reconvergence pessimism
                          0.20   25.25   library recovery time
                                 25.25   data required time
-----------------------------------------------------------------------------
                                 25.25   data required time
                                 -5.43   data arrival time
-----------------------------------------------------------------------------
                                 19.82   slack (MET)


Startpoint: rst_n (input port clocked by clk)
Endpoint: _486_ (recovery check against rising-edge clock clk)
Path Group: asynchronous
Path Type: max
Corner: Typical

Fanout     Cap    Slew   Delay    Time   Description
-----------------------------------------------------------------------------
                          0.00    0.00   clock clk (rise edge)
                          0.00    0.00   clock network delay (propagated)
                          5.00    5.00 ^ input external delay
                  0.02    0.01    5.01 ^ rst_n (in)
     1    0.00                           rst_n (net)
                  0.02    0.00    5.01 ^ input10/A (sky130_fd_sc_hd__clkbuf_2)
                  0.14    0.17    5.18 ^ input10/X (sky130_fd_sc_hd__clkbuf_2)
     5    0.02                           net10 (net)
                  0.14    0.00    5.18 ^ _486_/RESET_B (sky130_fd_sc_hd__dfrtp_1)
                                  5.18   data arrival time

                         25.00   25.00   clock clk (rise edge)
                          0.00   25.00   clock source latency
                  0.07    0.04   25.04 ^ clk (in)
     1    0.01                           clk (net)
                  0.07    0.00   25.04 ^ clkbuf_0_clk/A (sky130_fd_sc_hd__clkbuf_16)
                  0.04    0.13   25.17 ^ clkbuf_0_clk/X (sky130_fd_sc_hd__clkbuf_16)
     2    0.02                           clknet_0_clk (net)
                  0.04    0.00   25.17 ^ clkbuf_1_0__f_clk/A (sky130_fd_sc_hd__clkbuf_16)
                  0.05    0.12   25.29 ^ clkbuf_1_0__f_clk/X (sky130_fd_sc_hd__clkbuf_16)
     7    0.03                           clknet_1_0__leaf_clk (net)
                  0.05    0.00   25.30 ^ _486_/CLK (sky130_fd_sc_hd__dfrtp_1)
                         -0.25   25.05   clock uncertainty
                          0.00   25.05   clock reconvergence pessimism
                          0.21   25.25   library recovery time
                                 25.25   data required time
-----------------------------------------------------------------------------
                                 25.25   data required time
                                 -5.18   data arrival time
-----------------------------------------------------------------------------
                                 20.07   slack (MET)


Startpoint: rst_n (input port clocked by clk)
Endpoint: _488_ (recovery check against rising-edge clock clk)
Path Group: asynchronous
Path Type: max
Corner: Typical

Fanout     Cap    Slew   Delay    Time   Description
-----------------------------------------------------------------------------
                          0.00    0.00   clock clk (rise edge)
                          0.00    0.00   clock network delay (propagated)
                          5.00    5.00 ^ input external delay
                  0.02    0.01    5.01 ^ rst_n (in)
     1    0.00                           rst_n (net)
                  0.02    0.00    5.01 ^ input10/A (sky130_fd_sc_hd__clkbuf_2)
                  0.14    0.17    5.18 ^ input10/X (sky130_fd_sc_hd__clkbuf_2)
     5    0.02                           net10 (net)
                  0.14    0.00    5.18 ^ _488_/RESET_B (sky130_fd_sc_hd__dfrtp_1)
                                  5.18   data arrival time

                         25.00   25.00   clock clk (rise edge)
                          0.00   25.00   clock source latency
                  0.07    0.04   25.04 ^ clk (in)
     1    0.01                           clk (net)
                  0.07    0.00   25.04 ^ clkbuf_0_clk/A (sky130_fd_sc_hd__clkbuf_16)
                  0.04    0.13   25.17 ^ clkbuf_0_clk/X (sky130_fd_sc_hd__clkbuf_16)
     2    0.02                           clknet_0_clk (net)
                  0.04    0.00   25.17 ^ clkbuf_1_0__f_clk/A (sky130_fd_sc_hd__clkbuf_16)
                  0.05    0.12   25.29 ^ clkbuf_1_0__f_clk/X (sky130_fd_sc_hd__clkbuf_16)
     7    0.03                           clknet_1_0__leaf_clk (net)
                  0.05    0.00   25.30 ^ _488_/CLK (sky130_fd_sc_hd__dfrtp_1)
                         -0.25   25.05   clock uncertainty
                          0.00   25.05   clock reconvergence pessimism
                          0.21   25.25   library recovery time
                                 25.25   data required time
-----------------------------------------------------------------------------
                                 25.25   data required time
                                 -5.18   data arrival time
-----------------------------------------------------------------------------
                                 20.07   slack (MET)


Startpoint: rst_n (input port clocked by clk)
Endpoint: _485_ (recovery check against rising-edge clock clk)
Path Group: asynchronous
Path Type: max
Corner: Typical

Fanout     Cap    Slew   Delay    Time   Description
-----------------------------------------------------------------------------
                          0.00    0.00   clock clk (rise edge)
                          0.00    0.00   clock network delay (propagated)
                          5.00    5.00 ^ input external delay
                  0.02    0.01    5.01 ^ rst_n (in)
     1    0.00                           rst_n (net)
                  0.02    0.00    5.01 ^ input10/A (sky130_fd_sc_hd__clkbuf_2)
                  0.14    0.17    5.18 ^ input10/X (sky130_fd_sc_hd__clkbuf_2)
     5    0.02                           net10 (net)
                  0.14    0.00    5.18 ^ _485_/RESET_B (sky130_fd_sc_hd__dfrtp_1)
                                  5.18   data arrival time

                         25.00   25.00   clock clk (rise edge)
                          0.00   25.00   clock source latency
                  0.07    0.04   25.04 ^ clk (in)
     1    0.01                           clk (net)
                  0.07    0.00   25.04 ^ clkbuf_0_clk/A (sky130_fd_sc_hd__clkbuf_16)
                  0.04    0.13   25.17 ^ clkbuf_0_clk/X (sky130_fd_sc_hd__clkbuf_16)
     2    0.02                           clknet_0_clk (net)
                  0.04    0.00   25.17 ^ clkbuf_1_0__f_clk/A (sky130_fd_sc_hd__clkbuf_16)
                  0.05    0.12   25.29 ^ clkbuf_1_0__f_clk/X (sky130_fd_sc_hd__clkbuf_16)
     7    0.03                           clknet_1_0__leaf_clk (net)
                  0.05    0.00   25.30 ^ _485_/CLK (sky130_fd_sc_hd__dfrtp_1)
                         -0.25   25.05   clock uncertainty
                          0.00   25.05   clock reconvergence pessimism
                          0.21   25.25   library recovery time
                                 25.25   data required time
-----------------------------------------------------------------------------
                                 25.25   data required time
                                 -5.18   data arrival time
-----------------------------------------------------------------------------
                                 20.07   slack (MET)


Startpoint: rst_n (input port clocked by clk)
Endpoint: _487_ (recovery check against rising-edge clock clk)
Path Group: asynchronous
Path Type: max
Corner: Typical

Fanout     Cap    Slew   Delay    Time   Description
-----------------------------------------------------------------------------
                          0.00    0.00   clock clk (rise edge)
                          0.00    0.00   clock network delay (propagated)
                          5.00    5.00 ^ input external delay
                  0.02    0.01    5.01 ^ rst_n (in)
     1    0.00                           rst_n (net)
                  0.02    0.00    5.01 ^ input10/A (sky130_fd_sc_hd__clkbuf_2)
                  0.14    0.17    5.18 ^ input10/X (sky130_fd_sc_hd__clkbuf_2)
     5    0.02                           net10 (net)
                  0.14    0.00    5.18 ^ _487_/RESET_B (sky130_fd_sc_hd__dfrtp_1)
                                  5.18   data arrival time

                         25.00   25.00   clock clk (rise edge)
                          0.00   25.00   clock source latency
                  0.07    0.04   25.04 ^ clk (in)
     1    0.01                           clk (net)
                  0.07    0.00   25.04 ^ clkbuf_0_clk/A (sky130_fd_sc_hd__clkbuf_16)
                  0.04    0.13   25.17 ^ clkbuf_0_clk/X (sky130_fd_sc_hd__clkbuf_16)
     2    0.02                           clknet_0_clk (net)
                  0.04    0.00   25.17 ^ clkbuf_1_1__f_clk/A (sky130_fd_sc_hd__clkbuf_16)
                  0.05    0.13   25.30 ^ clkbuf_1_1__f_clk/X (sky130_fd_sc_hd__clkbuf_16)
     7    0.03                           clknet_1_1__leaf_clk (net)
                  0.05    0.00   25.30 ^ _487_/CLK (sky130_fd_sc_hd__dfrtp_1)
                         -0.25   25.05   clock uncertainty
                          0.00   25.05   clock reconvergence pessimism
                          0.21   25.25   library recovery time
                                 25.25   data required time
-----------------------------------------------------------------------------
                                 25.25   data required time
                                 -5.18   data arrival time
-----------------------------------------------------------------------------
                                 20.07   slack (MET)



max_report_end
checks_report

===========================================================================
report_checks -unconstrained
===========================================================================
======================= Fastest Corner ===================================

Startpoint: rst_n (input port clocked by clk)
Endpoint: _484_ (recovery check against rising-edge clock clk)
Path Group: asynchronous
Path Type: max
Corner: Fastest

Fanout     Cap    Slew   Delay    Time   Description
-----------------------------------------------------------------------------
                          0.00    0.00   clock clk (rise edge)
                          0.00    0.00   clock network delay (propagated)
                          5.00    5.00 ^ input external delay
                  0.01    0.01    5.01 ^ rst_n (in)
     1    0.00                           rst_n (net)
                  0.01    0.00    5.01 ^ input10/A (sky130_fd_sc_hd__clkbuf_2)
                  0.11    0.12    5.13 ^ input10/X (sky130_fd_sc_hd__clkbuf_2)
     5    0.02                           net10 (net)
                  0.11    0.00    5.13 ^ fanout39/A (sky130_fd_sc_hd__buf_4)
                  0.13    0.16    5.29 ^ fanout39/X (sky130_fd_sc_hd__buf_4)
    10    0.06                           net39 (net)
                  0.13    0.01    5.30 ^ _484_/RESET_B (sky130_fd_sc_hd__dfrtp_1)
                                  5.30   data arrival time

                         25.00   25.00   clock clk (rise edge)
                          0.00   25.00   clock source latency
                  0.05    0.03   25.03 ^ clk (in)
     1    0.01                           clk (net)
                  0.05    0.00   25.03 ^ clkbuf_0_clk/A (sky130_fd_sc_hd__clkbuf_16)
                  0.03    0.09   25.12 ^ clkbuf_0_clk/X (sky130_fd_sc_hd__clkbuf_16)
     2    0.02                           clknet_0_clk (net)
                  0.03    0.00   25.12 ^ clkbuf_1_0__f_clk/A (sky130_fd_sc_hd__clkbuf_16)
                  0.04    0.08   25.20 ^ clkbuf_1_0__f_clk/X (sky130_fd_sc_hd__clkbuf_16)
     7    0.03                           clknet_1_0__leaf_clk (net)
                  0.04    0.00   25.20 ^ _484_/CLK (sky130_fd_sc_hd__dfrtp_1)
                         -0.25   24.95   clock uncertainty
                          0.00   24.95   clock reconvergence pessimism
                          0.13   25.08   library recovery time
                                 25.08   data required time
-----------------------------------------------------------------------------
                                 25.08   data required time
                                 -5.30   data arrival time
-----------------------------------------------------------------------------
                                 19.78   slack (MET)


Startpoint: scale[3] (input port clocked by clk)
Endpoint: _480_ (rising edge-triggered flip-flop clocked by clk)
Path Group: clk
Path Type: max
Corner: Fastest

Fanout     Cap    Slew   Delay    Time   Description
-----------------------------------------------------------------------------
                          0.00    0.00   clock clk (rise edge)
                          0.00    0.00   clock network delay (propagated)
                          5.00    5.00 ^ input external delay
                  0.01    0.01    5.01 ^ scale[3] (in)
     1    0.00                           scale[3] (net)
                  0.01    0.00    5.01 ^ input14/A (sky130_fd_sc_hd__buf_2)
                  0.14    0.14    5.15 ^ input14/X (sky130_fd_sc_hd__buf_2)
     9    0.04                           net14 (net)
                  0.14    0.00    5.15 ^ _281_/A (sky130_fd_sc_hd__buf_2)
                  0.15    0.18    5.34 ^ _281_/X (sky130_fd_sc_hd__buf_2)
    10    0.04                           _230_ (net)
                  0.15    0.00    5.34 ^ _296_/A (sky130_fd_sc_hd__nand4_2)
                  0.08    0.08    5.42 v _296_/Y (sky130_fd_sc_hd__nand4_2)
     3    0.01                           _019_ (net)
                  0.08    0.00    5.42 v _331_/B1 (sky130_fd_sc_hd__a22o_1)
                  0.05    0.13    5.54 v _331_/X (sky130_fd_sc_hd__a22o_1)
     3    0.01                           _054_ (net)
                  0.05    0.00    5.54 v _333_/C (sky130_fd_sc_hd__and3_1)
                  0.04    0.13    5.68 v _333_/X (sky130_fd_sc_hd__and3_1)
     2    0.01                           _056_ (net)
                  0.04    0.00    5.68 v _335_/B (sky130_fd_sc_hd__or3b_2)
                  0.07    0.30    5.97 v _335_/X (sky130_fd_sc_hd__or3b_2)
     4    0.01                           _058_ (net)
                  0.07    0.00    5.97 v _354_/A (sky130_fd_sc_hd__and3_2)
                  0.05    0.16    6.13 v _354_/X (sky130_fd_sc_hd__and3_2)
     3    0.02                           _077_ (net)
                  0.05    0.00    6.13 v _410_/A (sky130_fd_sc_hd__nor2_2)
                  0.14    0.15    6.28 ^ _410_/Y (sky130_fd_sc_hd__nor2_2)
     3    0.02                           _133_ (net)
                  0.14    0.00    6.28 ^ _411_/B (sky130_fd_sc_hd__xor2_1)
                  0.05    0.05    6.33 v _411_/X (sky130_fd_sc_hd__xor2_1)
     1    0.00                           _134_ (net)
                  0.05    0.00    6.33 v _414_/A4 (sky130_fd_sc_hd__a41o_1)
                  0.05    0.20    6.53 v _414_/X (sky130_fd_sc_hd__a41o_1)
     3    0.01                           _137_ (net)
                  0.05    0.00    6.53 v _416_/A2 (sky130_fd_sc_hd__a21oi_1)
                  0.16    0.18    6.71 ^ _416_/Y (sky130_fd_sc_hd__a21oi_1)
     1    0.01                           _139_ (net)
                  0.16    0.00    6.71 ^ _417_/B (sky130_fd_sc_hd__xnor2_2)
                  0.19    0.11    6.82 ^ _417_/Y (sky130_fd_sc_hd__xnor2_2)
     4    0.02                           _140_ (net)
                  0.19    0.00    6.82 ^ _447_/C_N (sky130_fd_sc_hd__or3b_2)
                  0.06    0.29    7.11 v _447_/X (sky130_fd_sc_hd__or3b_2)
     1    0.01                           _170_ (net)
                  0.06    0.00    7.11 v _448_/A3 (sky130_fd_sc_hd__o311ai_4)
                  0.20    0.19    7.30 ^ _448_/Y (sky130_fd_sc_hd__o311ai_4)
     3    0.01                           _171_ (net)
                  0.20    0.00    7.30 ^ _451_/B1 (sky130_fd_sc_hd__a22o_1)
                  0.08    0.12    7.43 ^ _451_/X (sky130_fd_sc_hd__a22o_1)
     1    0.01                           _174_ (net)
                  0.08    0.00    7.43 ^ _452_/B2 (sky130_fd_sc_hd__a22o_1)
                  0.03    0.08    7.51 ^ _452_/X (sky130_fd_sc_hd__a22o_1)
     1    0.00                           _001_ (net)
                  0.03    0.00    7.51 ^ _480_/D (sky130_fd_sc_hd__dfrtp_1)
                                  7.51   data arrival time

                         25.00   25.00   clock clk (rise edge)
                          0.00   25.00   clock source latency
                  0.05    0.03   25.03 ^ clk (in)
     1    0.01                           clk (net)
                  0.05    0.00   25.03 ^ clkbuf_0_clk/A (sky130_fd_sc_hd__clkbuf_16)
                  0.03    0.09   25.12 ^ clkbuf_0_clk/X (sky130_fd_sc_hd__clkbuf_16)
     2    0.02                           clknet_0_clk (net)
                  0.03    0.00   25.12 ^ clkbuf_1_1__f_clk/A (sky130_fd_sc_hd__clkbuf_16)
                  0.04    0.09   25.20 ^ clkbuf_1_1__f_clk/X (sky130_fd_sc_hd__clkbuf_16)
     7    0.03                           clknet_1_1__leaf_clk (net)
                  0.04    0.00   25.21 ^ _480_/CLK (sky130_fd_sc_hd__dfrtp_1)
                         -0.25   24.96   clock uncertainty
                          0.00   24.96   clock reconvergence pessimism
                         -0.03   24.92   library setup time
                                 24.92   data required time
-----------------------------------------------------------------------------
                                 24.92   data required time
                                 -7.51   data arrival time
-----------------------------------------------------------------------------
                                 17.41   slack (MET)



======================= Slowest Corner ===================================

Startpoint: rst_n (input port clocked by clk)
Endpoint: _484_ (recovery check against rising-edge clock clk)
Path Group: asynchronous
Path Type: max
Corner: Slowest

Fanout     Cap    Slew   Delay    Time   Description
-----------------------------------------------------------------------------
                          0.00    0.00   clock clk (rise edge)
                          0.00    0.00   clock network delay (propagated)
                          5.00    5.00 ^ input external delay
                  0.03    0.02    5.02 ^ rst_n (in)
     1    0.00                           rst_n (net)
                  0.03    0.00    5.02 ^ input10/A (sky130_fd_sc_hd__clkbuf_2)
                  0.21    0.29    5.30 ^ input10/X (sky130_fd_sc_hd__clkbuf_2)
     5    0.02                           net10 (net)
                  0.21    0.00    5.31 ^ fanout39/A (sky130_fd_sc_hd__buf_4)
                  0.25    0.43    5.73 ^ fanout39/X (sky130_fd_sc_hd__buf_4)
    10    0.06                           net39 (net)
                  0.25    0.01    5.74 ^ _484_/RESET_B (sky130_fd_sc_hd__dfrtp_1)
                                  5.74   data arrival time

                         25.00   25.00   clock clk (rise edge)
                          0.00   25.00   clock source latency
                  0.11    0.07   25.07 ^ clk (in)
     1    0.01                           clk (net)
                  0.11    0.00   25.07 ^ clkbuf_0_clk/A (sky130_fd_sc_hd__clkbuf_16)
                  0.07    0.23   25.29 ^ clkbuf_0_clk/X (sky130_fd_sc_hd__clkbuf_16)
     2    0.02                           clknet_0_clk (net)
                  0.07    0.00   25.29 ^ clkbuf_1_0__f_clk/A (sky130_fd_sc_hd__clkbuf_16)
                  0.07    0.22   25.51 ^ clkbuf_1_0__f_clk/X (sky130_fd_sc_hd__clkbuf_16)
     7    0.03                           clknet_1_0__leaf_clk (net)
                  0.07    0.00   25.51 ^ _484_/CLK (sky130_fd_sc_hd__dfrtp_1)
                         -0.25   25.26   clock uncertainty
                          0.00   25.26   clock reconvergence pessimism
                          0.40   25.66   library recovery time
                                 25.66   data required time
-----------------------------------------------------------------------------
                                 25.66   data required time
                                 -5.74   data arrival time
-----------------------------------------------------------------------------
                                 19.92   slack (MET)


Startpoint: data_in[4] (input port clocked by clk)
Endpoint: _480_ (rising edge-triggered flip-flop clocked by clk)
Path Group: clk
Path Type: max
Corner: Slowest

Fanout     Cap    Slew   Delay    Time   Description
-----------------------------------------------------------------------------
                          0.00    0.00   clock clk (rise edge)
                          0.00    0.00   clock network delay (propagated)
                          5.00    5.00 ^ input external delay
                  0.04    0.02    5.02 ^ data_in[4] (in)
     1    0.00                           data_in[4] (net)
                  0.04    0.00    5.02 ^ input5/A (sky130_fd_sc_hd__buf_1)
                  0.29    0.31    5.33 ^ input5/X (sky130_fd_sc_hd__buf_1)
     2    0.01                           net5 (net)
                  0.29    0.00    5.33 ^ _244_/A (sky130_fd_sc_hd__clkbuf_4)
                  0.26    0.51    5.84 ^ _244_/X (sky130_fd_sc_hd__clkbuf_4)
    10    0.05                           _194_ (net)
                  0.26    0.00    5.84 ^ _296_/D (sky130_fd_sc_hd__nand4_2)
                  0.24    0.37    6.21 v _296_/Y (sky130_fd_sc_hd__nand4_2)
     3    0.01                           _019_ (net)
                  0.24    0.00    6.21 v _331_/B1 (sky130_fd_sc_hd__a22o_1)
                  0.12    0.47    6.68 v _331_/X (sky130_fd_sc_hd__a22o_1)
     3    0.01                           _054_ (net)
                  0.12    0.00    6.68 v _333_/C (sky130_fd_sc_hd__and3_1)
                  0.10    0.43    7.11 v _333_/X (sky130_fd_sc_hd__and3_1)
     2    0.01                           _056_ (net)
                  0.10    0.00    7.11 v _335_/B (sky130_fd_sc_hd__or3b_2)
                  0.22    1.20    8.31 v _335_/X (sky130_fd_sc_hd__or3b_2)
     4    0.01                           _058_ (net)
                  0.22    0.00    8.31 v _354_/A (sky130_fd_sc_hd__and3_2)
                  0.13    0.54    8.85 v _354_/X (sky130_fd_sc_hd__and3_2)
     3    0.02                           _077_ (net)
                  0.13    0.00    8.85 v _410_/A (sky130_fd_sc_hd__nor2_2)
                  0.32    0.37    9.21 ^ _410_/Y (sky130_fd_sc_hd__nor2_2)
     3    0.02                           _133_ (net)
                  0.32    0.00    9.21 ^ _411_/B (sky130_fd_sc_hd__xor2_1)
                  0.22    0.37    9.59 ^ _411_/X (sky130_fd_sc_hd__xor2_1)
     1    0.00                           _134_ (net)
                  0.22    0.00    9.59 ^ _414_/A4 (sky130_fd_sc_hd__a41o_1)
                  0.20    0.55   10.14 ^ _414_/X (sky130_fd_sc_hd__a41o_1)
     3    0.01                           _137_ (net)
                  0.20    0.00   10.14 ^ _416_/A2 (sky130_fd_sc_hd__a21oi_1)
                  0.19    0.27   10.40 v _416_/Y (sky130_fd_sc_hd__a21oi_1)
     1    0.01                           _139_ (net)
                  0.19    0.00   10.40 v _417_/B (sky130_fd_sc_hd__xnor2_2)
                  0.38    0.42   10.83 ^ _417_/Y (sky130_fd_sc_hd__xnor2_2)
     4    0.02                           _140_ (net)
                  0.38    0.00   10.83 ^ _447_/C_N (sky130_fd_sc_hd__or3b_2)
                  0.20    1.25   12.08 v _447_/X (sky130_fd_sc_hd__or3b_2)
     1    0.01                           _170_ (net)
                  0.20    0.00   12.08 v _448_/A3 (sky130_fd_sc_hd__o311ai_4)
                  0.40    0.47   12.56 ^ _448_/Y (sky130_fd_sc_hd__o311ai_4)
     3    0.01                           _171_ (net)
                  0.40    0.00   12.56 ^ _451_/B1 (sky130_fd_sc_hd__a22o_1)
                  0.19    0.47   13.03 ^ _451_/X (sky130_fd_sc_hd__a22o_1)
     1    0.01                           _174_ (net)
                  0.19    0.00   13.03 ^ _452_/B2 (sky130_fd_sc_hd__a22o_1)
                  0.08    0.29   13.32 ^ _452_/X (sky130_fd_sc_hd__a22o_1)
     1    0.00                           _001_ (net)
                  0.08    0.00   13.32 ^ _480_/D (sky130_fd_sc_hd__dfrtp_1)
                                 13.32   data arrival time

                         25.00   25.00   clock clk (rise edge)
                          0.00   25.00   clock source latency
                  0.11    0.07   25.07 ^ clk (in)
     1    0.01                           clk (net)
                  0.11    0.00   25.07 ^ clkbuf_0_clk/A (sky130_fd_sc_hd__clkbuf_16)
                  0.07    0.23   25.29 ^ clkbuf_0_clk/X (sky130_fd_sc_hd__clkbuf_16)
     2    0.02                           clknet_0_clk (net)
                  0.07    0.00   25.29 ^ clkbuf_1_1__f_clk/A (sky130_fd_sc_hd__clkbuf_16)
                  0.08    0.22   25.51 ^ clkbuf_1_1__f_clk/X (sky130_fd_sc_hd__clkbuf_16)
     7    0.03                           clknet_1_1__leaf_clk (net)
                  0.08    0.00   25.51 ^ _480_/CLK (sky130_fd_sc_hd__dfrtp_1)
                         -0.25   25.26   clock uncertainty
                          0.00   25.26   clock reconvergence pessimism
                         -0.14   25.13   library setup time
                                 25.13   data required time
-----------------------------------------------------------------------------
                                 25.13   data required time
                                -13.32   data arrival time
-----------------------------------------------------------------------------
                                 11.81   slack (MET)



======================= Typical Corner ===================================

Startpoint: rst_n (input port clocked by clk)
Endpoint: _484_ (recovery check against rising-edge clock clk)
Path Group: asynchronous
Path Type: max
Corner: Typical

Fanout     Cap    Slew   Delay    Time   Description
-----------------------------------------------------------------------------
                          0.00    0.00   clock clk (rise edge)
                          0.00    0.00   clock network delay (propagated)
                          5.00    5.00 ^ input external delay
                  0.02    0.01    5.01 ^ rst_n (in)
     1    0.00                           rst_n (net)
                  0.02    0.00    5.01 ^ input10/A (sky130_fd_sc_hd__clkbuf_2)
                  0.14    0.17    5.18 ^ input10/X (sky130_fd_sc_hd__clkbuf_2)
     5    0.02                           net10 (net)
                  0.14    0.00    5.18 ^ fanout39/A (sky130_fd_sc_hd__buf_4)
                  0.17    0.25    5.43 ^ fanout39/X (sky130_fd_sc_hd__buf_4)
    10    0.06                           net39 (net)
                  0.17    0.01    5.43 ^ _484_/RESET_B (sky130_fd_sc_hd__dfrtp_1)
                                  5.43   data arrival time

                         25.00   25.00   clock clk (rise edge)
                          0.00   25.00   clock source latency
                  0.07    0.04   25.04 ^ clk (in)
     1    0.01                           clk (net)
                  0.07    0.00   25.04 ^ clkbuf_0_clk/A (sky130_fd_sc_hd__clkbuf_16)
                  0.04    0.13   25.17 ^ clkbuf_0_clk/X (sky130_fd_sc_hd__clkbuf_16)
     2    0.02                           clknet_0_clk (net)
                  0.04    0.00   25.17 ^ clkbuf_1_0__f_clk/A (sky130_fd_sc_hd__clkbuf_16)
                  0.05    0.12   25.29 ^ clkbuf_1_0__f_clk/X (sky130_fd_sc_hd__clkbuf_16)
     7    0.03                           clknet_1_0__leaf_clk (net)
                  0.05    0.00   25.30 ^ _484_/CLK (sky130_fd_sc_hd__dfrtp_1)
                         -0.25   25.05   clock uncertainty
                          0.00   25.05   clock reconvergence pessimism
                          0.20   25.24   library recovery time
                                 25.24   data required time
-----------------------------------------------------------------------------
                                 25.24   data required time
                                 -5.43   data arrival time
-----------------------------------------------------------------------------
                                 19.81   slack (MET)


Startpoint: data_in[4] (input port clocked by clk)
Endpoint: _480_ (rising edge-triggered flip-flop clocked by clk)
Path Group: clk
Path Type: max
Corner: Typical

Fanout     Cap    Slew   Delay    Time   Description
-----------------------------------------------------------------------------
                          0.00    0.00   clock clk (rise edge)
                          0.00    0.00   clock network delay (propagated)
                          5.00    5.00 ^ input external delay
                  0.02    0.01    5.01 ^ data_in[4] (in)
     1    0.00                           data_in[4] (net)
                  0.02    0.00    5.01 ^ input5/A (sky130_fd_sc_hd__buf_1)
                  0.18    0.18    5.19 ^ input5/X (sky130_fd_sc_hd__buf_1)
     2    0.01                           net5 (net)
                  0.18    0.00    5.19 ^ _244_/A (sky130_fd_sc_hd__clkbuf_4)
                  0.17    0.29    5.48 ^ _244_/X (sky130_fd_sc_hd__clkbuf_4)
    10    0.05                           _194_ (net)
                  0.17    0.00    5.48 ^ _296_/D (sky130_fd_sc_hd__nand4_2)
                  0.12    0.16    5.63 v _296_/Y (sky130_fd_sc_hd__nand4_2)
     3    0.01                           _019_ (net)
                  0.12    0.00    5.63 v _331_/B1 (sky130_fd_sc_hd__a22o_1)
                  0.07    0.24    5.88 v _331_/X (sky130_fd_sc_hd__a22o_1)
     3    0.01                           _054_ (net)
                  0.07    0.00    5.88 v _333_/C (sky130_fd_sc_hd__and3_1)
                  0.05    0.21    6.09 v _333_/X (sky130_fd_sc_hd__and3_1)
     2    0.01                           _056_ (net)
                  0.05    0.00    6.09 v _335_/B (sky130_fd_sc_hd__or3b_2)
                  0.11    0.52    6.60 v _335_/X (sky130_fd_sc_hd__or3b_2)
     4    0.01                           _058_ (net)
                  0.11    0.00    6.60 v _354_/A (sky130_fd_sc_hd__and3_2)
                  0.07    0.25    6.85 v _354_/X (sky130_fd_sc_hd__and3_2)
     3    0.02                           _077_ (net)
                  0.07    0.00    6.85 v _410_/A (sky130_fd_sc_hd__nor2_2)
                  0.19    0.21    7.06 ^ _410_/Y (sky130_fd_sc_hd__nor2_2)
     3    0.02                           _133_ (net)
                  0.19    0.00    7.06 ^ _411_/B (sky130_fd_sc_hd__xor2_1)
                  0.07    0.10    7.17 v _411_/X (sky130_fd_sc_hd__xor2_1)
     1    0.00                           _134_ (net)
                  0.07    0.00    7.17 v _414_/A4 (sky130_fd_sc_hd__a41o_1)
                  0.07    0.30    7.46 v _414_/X (sky130_fd_sc_hd__a41o_1)
     3    0.01                           _137_ (net)
                  0.07    0.00    7.46 v _416_/A2 (sky130_fd_sc_hd__a21oi_1)
                  0.23    0.25    7.72 ^ _416_/Y (sky130_fd_sc_hd__a21oi_1)
     1    0.01                           _139_ (net)
                  0.23    0.00    7.72 ^ _417_/B (sky130_fd_sc_hd__xnor2_2)
                  0.25    0.19    7.91 ^ _417_/Y (sky130_fd_sc_hd__xnor2_2)
     4    0.02                           _140_ (net)
                  0.25    0.00    7.91 ^ _447_/C_N (sky130_fd_sc_hd__or3b_2)
                  0.10    0.53    8.44 v _447_/X (sky130_fd_sc_hd__or3b_2)
     1    0.01                           _170_ (net)
                  0.10    0.00    8.44 v _448_/A3 (sky130_fd_sc_hd__o311ai_4)
                  0.26    0.28    8.71 ^ _448_/Y (sky130_fd_sc_hd__o311ai_4)
     3    0.01                           _171_ (net)
                  0.26    0.00    8.72 ^ _451_/B1 (sky130_fd_sc_hd__a22o_1)
                  0.11    0.23    8.95 ^ _451_/X (sky130_fd_sc_hd__a22o_1)
     1    0.01                           _174_ (net)
                  0.11    0.00    8.95 ^ _452_/B2 (sky130_fd_sc_hd__a22o_1)
                  0.05    0.14    9.09 ^ _452_/X (sky130_fd_sc_hd__a22o_1)
     1    0.00                           _001_ (net)
                  0.05    0.00    9.09 ^ _480_/D (sky130_fd_sc_hd__dfrtp_1)
                                  9.09   data arrival time

                         25.00   25.00   clock clk (rise edge)
                          0.00   25.00   clock source latency
                  0.07    0.04   25.04 ^ clk (in)
     1    0.01                           clk (net)
                  0.07    0.00   25.04 ^ clkbuf_0_clk/A (sky130_fd_sc_hd__clkbuf_16)
                  0.04    0.13   25.17 ^ clkbuf_0_clk/X (sky130_fd_sc_hd__clkbuf_16)
     2    0.02                           clknet_0_clk (net)
                  0.04    0.00   25.17 ^ clkbuf_1_1__f_clk/A (sky130_fd_sc_hd__clkbuf_16)
                  0.05    0.13   25.30 ^ clkbuf_1_1__f_clk/X (sky130_fd_sc_hd__clkbuf_16)
     7    0.03                           clknet_1_1__leaf_clk (net)
                  0.05    0.00   25.30 ^ _480_/CLK (sky130_fd_sc_hd__dfrtp_1)
                         -0.25   25.05   clock uncertainty
                          0.00   25.05   clock reconvergence pessimism
                         -0.06   24.99   library setup time
                                 24.99   data required time
-----------------------------------------------------------------------------
                                 24.99   data required time
                                 -9.09   data arrival time
-----------------------------------------------------------------------------
                                 15.90   slack (MET)




===========================================================================
report_checks --slack_max -0.01
============================================================================
======================= Fastest Corner ===================================

No paths found.

======================= Slowest Corner ===================================

No paths found.

======================= Typical Corner ===================================

No paths found.


===========================================================================
 report_check_types -max_slew -max_cap -max_fanout -violators
============================================================================
======================= Fastest Corner ===================================


======================= Slowest Corner ===================================


======================= Typical Corner ===================================



===========================================================================
report_parasitic_annotation -report_unannotated
============================================================================
Found 0 unannotated drivers.
Found 0 partially unannotated drivers.

===========================================================================
max slew violation count 0
max fanout violation count 0
max cap violation count 0
============================================================================

===========================================================================
check_setup -verbose -unconstrained_endpoints -multiple_clock -no_clock -no_input_delay -loops -generated_clocks
===========================================================================
checks_report_end
power_report

===========================================================================
 report_power
============================================================================
======================= Fastest Corner ===================================

Group                  Internal  Switching    Leakage      Total
                          Power      Power      Power      Power (Watts)
----------------------------------------------------------------
Sequential             2.95e-05   1.80e-06   6.61e-08   3.13e-05  19.9%
Combinational          6.36e-05   6.23e-05   2.96e-09   1.26e-04  80.1%
Macro                  0.00e+00   0.00e+00   0.00e+00   0.00e+00   0.0%
Pad                    0.00e+00   0.00e+00   0.00e+00   0.00e+00   0.0%
----------------------------------------------------------------
Total                  9.30e-05   6.41e-05   6.91e-08   1.57e-04 100.0%
                          59.2%      40.8%       0.0%

======================= Slowest Corner ===================================

Group                  Internal  Switching    Leakage      Total
                          Power      Power      Power      Power (Watts)
----------------------------------------------------------------
Sequential             1.96e-05   1.16e-06   2.64e-07   2.11e-05  19.1%
Combinational          4.64e-05   4.12e-05   1.35e-06   8.89e-05  80.9%
Macro                  0.00e+00   0.00e+00   0.00e+00   0.00e+00   0.0%
Pad                    0.00e+00   0.00e+00   0.00e+00   0.00e+00   0.0%
----------------------------------------------------------------
Total                  6.60e-05   4.24e-05   1.61e-06   1.10e-04 100.0%
                          60.0%      38.5%       1.5%

======================= Typical Corner ===================================

Group                  Internal  Switching    Leakage      Total
                          Power      Power      Power      Power (Watts)
----------------------------------------------------------------
Sequential             2.54e-05   1.50e-06   6.61e-08   2.69e-05  19.7%
Combinational          5.69e-05   5.26e-05   1.70e-09   1.10e-04  80.3%
Macro                  0.00e+00   0.00e+00   0.00e+00   0.00e+00   0.0%
Pad                    0.00e+00   0.00e+00   0.00e+00   0.00e+00   0.0%
----------------------------------------------------------------
Total                  8.23e-05   5.41e-05   6.78e-08   1.37e-04 100.0%
                          60.3%      39.7%       0.0%

power_report_end
skew_report

===========================================================================
report_clock_skew
============================================================================
Clock clk
Latency      CRPR       Skew
_481_/CLK ^
   0.23
_481_/CLK ^
   0.21     -0.02       0.00

skew_report_end
summary_report

===========================================================================
report_tns
============================================================================
tns 0.00

===========================================================================
report_wns
============================================================================
wns 0.00

===========================================================================
report_worst_slack -max (Setup)
============================================================================
worst slack 11.81

===========================================================================
report_worst_slack -min (Hold)
============================================================================
worst slack 0.12
summary_report_end
[WARNING] Did not save OpenROAD database!
Writing SDF files for all corners…
Writing SDF for the Fastest corner to /home/ugunt/projects/ai-accelerator-verification/rung4-gear-quantizer/openlane/runs/RUN_2026.07.04_18.24.21/results/routing/mca/process_corner_nom/gear_quantizer.Fastest.sdf…
Writing SDF for the Slowest corner to /home/ugunt/projects/ai-accelerator-verification/rung4-gear-quantizer/openlane/runs/RUN_2026.07.04_18.24.21/results/routing/mca/process_corner_nom/gear_quantizer.Slowest.sdf…
Writing SDF for the Typical corner to /home/ugunt/projects/ai-accelerator-verification/rung4-gear-quantizer/openlane/runs/RUN_2026.07.04_18.24.21/results/routing/mca/process_corner_nom/gear_quantizer.Typical.sdf…
Writing timing models for all corners…
Writing timing models for the Fastest corner to /home/ugunt/projects/ai-accelerator-verification/rung4-gear-quantizer/openlane/runs/RUN_2026.07.04_18.24.21/results/routing/mca/process_corner_nom/gear_quantizer.Fastest.lib…
Writing timing models for the Slowest corner to /home/ugunt/projects/ai-accelerator-verification/rung4-gear-quantizer/openlane/runs/RUN_2026.07.04_18.24.21/results/routing/mca/process_corner_nom/gear_quantizer.Slowest.lib…
Writing timing models for the Typical corner to /home/ugunt/projects/ai-accelerator-verification/rung4-gear-quantizer/openlane/runs/RUN_2026.07.04_18.24.21/results/routing/mca/process_corner_nom/gear_quantizer.Typical.lib…
