$date
	Tue Jun 30 17:21:21 2026
$end
$version
	Icarus Verilog
$end
$timescale
	1ps
$end
$scope module tb_cosim $end
$var wire 1 ! valid_out $end
$var wire 8 " sideband_out [7:0] $end
$var wire 1 # is_outlier $end
$var wire 4 $ int4_out [3:0] $end
$var parameter 32 % DATA_WIDTH $end
$var parameter 32 & INT4_WIDTH $end
$var reg 1 ' clk $end
$var reg 8 ( data_in [7:0] $end
$var reg 4 ) exp_int4 [3:0] $end
$var reg 1 * exp_outlier $end
$var reg 8 + exp_sideband [7:0] $end
$var reg 1 , round_mode $end
$var reg 1 - rst_n $end
$var reg 4 . scale [3:0] $end
$var reg 8 / threshold [7:0] $end
$var reg 1 0 valid_in $end
$var integer 32 1 fails [31:0] $end
$var integer 32 2 fd [31:0] $end
$var integer 32 3 passes [31:0] $end
$scope module dut $end
$var wire 1 ' clk $end
$var wire 8 4 data_in [7:0] $end
$var wire 1 , round_mode $end
$var wire 1 - rst_n $end
$var wire 4 5 scale [3:0] $end
$var wire 8 6 threshold [7:0] $end
$var wire 1 0 valid_in $end
$var parameter 32 7 DATA_WIDTH $end
$var parameter 4 8 INT4_MAX $end
$var parameter 4 9 INT4_MIN $end
$var parameter 32 : INT4_WIDTH $end
$var reg 8 ; abs_data_in [7:0] $end
$var reg 4 < int4_out [3:0] $end
$var reg 1 # is_outlier $end
$var reg 12 = mult_res [11:0] $end
$var reg 1 > outlier_comp_res $end
$var reg 4 ? post_clip_res [3:0] $end
$var reg 8 @ sideband_out [7:0] $end
$var reg 1 ! valid_out $end
$upscope $end
$upscope $end
$enddefinitions $end
$comment Show the parameter values. $end
$dumpall
b100 :
b1000 9
b111 8
b1000 7
b100 &
b1000 %
$end
#0
$dumpvars
b0 @
bx ?
x>
bx =
b0 <
bx ;
bx 6
bx 5
bx 4
b0 3
b0 2
b0 1
00
bx /
bx .
0-
0,
bx +
x*
bx )
bx (
0'
b0 $
0#
b0 "
0!
$end
#5000
1'
#10000
0'
#15000
1-
1'
#20000
0'
#25000
1'
#26000
1>
b1000 ?
b111100101110 =
b11110 ;
10
b11100010 +
b0 )
1*
b111 .
b111 5
b101 /
b101 6
b11100010 (
b11100010 4
b10000000000000000000000000000011 2
#30000
0'
#35000
1#
b11100010 "
b11100010 @
1!
1'
#36000
b111 ?
b10001110100 =
b1001100 ;
b1001100 +
b1111 .
b1111 5
b111100 /
b111100 6
b1001100 (
b1001100 4
b1 3
10
#40000
0'
#45000
b1001100 "
b1001100 @
1'
#46000
0>
b1000 ?
b111000100000 =
b110000 ;
b0 +
b1000 )
0*
b1010 .
b1010 5
b1100011 /
b1100011 6
b11010000 (
b11010000 4
b10 3
10
#50000
0'
#55000
0#
b0 "
b0 @
b1000 $
b1000 <
1'
#56000
b101 ?
b101 =
b101 ;
b101 )
b1 .
b1 5
b110111 /
b110111 6
b101 (
b101 4
b11 3
10
#60000
0'
#65000
b101 $
b101 <
1'
#66000
1>
b111 ?
b10111001100 =
b1101010 ;
b1101010 +
b0 )
1*
b1110 .
b1110 5
b1101 /
b1101 6
b1101010 (
b1101010 4
b100 3
10
#70000
0'
#75000
1#
b1101010 "
b1101010 @
b0 $
b0 <
1'
#76000
b1000 ?
b110001001000 =
b1110111 ;
b10001001 +
b1000 .
b1000 5
b11 /
b11 6
b10001001 (
b10001001 4
b101 3
10
#80000
0'
#85000
b10001001 "
b10001001 @
1'
#86000
0>
b0 ?
b0 =
b101111 ;
b0 +
0*
b0 .
b0 5
b111111 /
b111111 6
b101111 (
b101111 4
b110 3
10
#90000
0'
#95000
0#
b0 "
b0 @
1'
#96000
1>
b111 ?
b10000010100 =
b1110100 ;
b1110100 +
1*
b1001 .
b1001 5
b101 /
b101 6
b1110100 (
b1110100 4
b111 3
10
#100000
0'
#105000
1#
b1110100 "
b1110100 @
1'
#106000
b10110111110 =
b1100010 ;
b1100010 +
b1111 .
b1111 5
b1001110 /
b1001110 6
b1100010 (
b1100010 4
b1000 3
10
#110000
0'
#115000
b1100010 "
b1100010 @
1'
#116000
0>
b1000 ?
b111011010111 =
b11011 ;
b0 +
b1000 )
0*
b1011 .
b1011 5
b111000 /
b111000 6
b11100101 (
b11100101 4
b1001 3
10
#120000
0'
#125000
0#
b0 "
b0 @
b1000 $
b1000 <
1'
#126000
1>
b111111000100 =
b1010 ;
b11110110 +
b0 )
1*
b110 .
b110 5
b100 /
b100 6
b11110110 (
b11110110 4
b1010 3
10
#130000
0'
#135000
1#
b11110110 "
b11110110 @
b0 $
b0 <
1'
#136000
b111111010110 =
b11 ;
b11111101 +
b1110 .
b1110 5
b0 /
b0 6
b11111101 (
b11111101 4
b1011 3
10
#140000
0'
#145000
b11111101 "
b11111101 @
1'
#146000
b111 ?
b10101001001 =
b1111011 ;
b1111011 +
b1011 .
b1011 5
b110001 /
b110001 6
b1111011 (
b1111011 4
b1100 3
10
#150000
0'
#155000
b1111011 "
b1111011 @
1'
#156000
0>
b1000 ?
b111000100110 =
b1001111 ;
b0 +
b1000 )
0*
b110 .
b110 5
b1001111 /
b1001111 6
b10110001 (
b10110001 4
b1101 3
10
#160000
0'
#165000
0#
b0 "
b0 @
b1000 $
b1000 <
1'
#166000
b111101110100 =
b11100 ;
b101 .
b101 5
b100001 /
b100001 6
b11100100 (
b11100100 4
b1110 3
10
#170000
0'
#175000
1'
#176000
b111 ?
b101000010 =
b101110 ;
b111 )
b111 .
b111 5
b1011110 /
b1011110 6
b101110 (
b101110 4
b1111 3
10
#180000
0'
#185000
b111 $
b111 <
1'
#186000
1>
b110011110 =
b101110 +
b0 )
1*
b1001 .
b1001 5
b11000 /
b11000 6
b10000 3
10
#190000
0'
#195000
1#
b101110 "
b101110 @
b0 $
b0 <
1'
#196000
0>
b1000 ?
b111111010000 =
b1100 ;
b0 +
b1000 )
0*
b100 .
b100 5
b10000 /
b10000 6
b11110100 (
b11110100 4
b10001 3
10
#200000
0'
#205000
0#
b0 "
b0 @
b1000 $
b1000 <
1'
#206000
b111 ?
b1000000000 =
b1000000 ;
b111 )
b1000 .
b1000 5
b1011000 /
b1011000 6
b1000000 (
b1000000 4
b10010 3
10
#210000
0'
#215000
b111 $
b111 <
1'
#216000
1>
b100101111 =
b1100101 ;
b1100101 +
b0 )
1*
b11 .
b11 5
b11001 /
b11001 6
b1100101 (
b1100101 4
b10011 3
10
#220000
0'
#225000
1#
b1100101 "
b1100101 @
b0 $
b0 <
1'
#226000
0>
b100101100 =
b110010 ;
b0 +
b111 )
0*
b110 .
b110 5
b111111 /
b111111 6
b110010 (
b110010 4
b10100 3
10
#230000
0'
#235000
0#
b0 "
b0 @
b111 $
b111 <
1'
#236000
1>
b10100010 =
b10010 ;
b10010 +
b0 )
1*
b1001 .
b1001 5
b0 /
b0 6
b10010 (
b10010 4
b10101 3
10
#240000
0'
#245000
1#
b10010 "
b10010 @
b0 $
b0 <
1'
#246000
b1000 ?
b111110011011 =
b1100101 ;
b10011011 +
b1 .
b1 5
b100100 /
b100100 6
b10011011 (
b10011011 4
b10110 3
10
#250000
0'
#255000
b10011011 "
b10011011 @
1'
#256000
b110101101100 =
b111100 ;
b11000100 +
b1011 .
b1011 5
b100101 /
b100101 6
b11000100 (
b11000100 4
b10111 3
10
#260000
0'
#265000
b11000100 "
b11000100 @
1'
#266000
0>
b111000100000 =
b101000 ;
b0 +
b1000 )
0*
b1100 .
b1100 5
b1000010 /
b1000010 6
b11011000 (
b11011000 4
b11000 3
10
#270000
0'
#275000
0#
b0 "
b0 @
b1000 $
b1000 <
1'
#276000
1>
b111111000000 =
b1000000 ;
b11000000 +
b0 )
1*
b1 .
b1 5
b10 /
b10 6
b11000000 (
b11000000 4
b11001 3
10
#280000
0'
#285000
1#
b11000000 "
b11000000 @
b0 $
b0 <
1'
#286000
b111 ?
b1000110000 =
b1110000 ;
b1110000 +
b101 .
b101 5
b100110 /
b100110 6
b1110000 (
b1110000 4
b11010 3
10
#290000
0'
#295000
b1110000 "
b1110000 @
1'
#296000
b1101111000 =
b1101111 ;
b1101111 +
b1000 .
b1000 5
b1010001 /
b1010001 6
b1101111 (
b1101111 4
b11011 3
10
#300000
0'
#305000
b1101111 "
b1101111 @
1'
#306000
b1000 ?
b111011111110 =
b1010110 ;
b10101010 +
b11 .
b11 5
b101110 /
b101110 6
b10101010 (
b10101010 4
b11100 3
10
#310000
0'
#315000
b10101010 "
b10101010 @
1'
#316000
b111101111000 =
b10001 ;
b11101111 +
b1000 .
b1000 5
b1101 /
b1101 6
b11101111 (
b11101111 4
b11101 3
10
#320000
0'
#325000
b11101111 "
b11101111 @
1'
#326000
b111 ?
b100100000 =
b100100 ;
b100100 +
b10001 /
b10001 6
b100100 (
b100100 4
b11110 3
10
#330000
0'
#335000
b100100 "
b100100 @
1'
#336000
0>
b1000 ?
b111111000100 =
b111100 ;
b0 +
b1000 )
0*
b1 .
b1 5
b1000111 /
b1000111 6
b11000100 (
b11000100 4
b11111 3
10
#340000
0'
#345000
0#
b0 "
b0 @
b1000 $
b1000 <
1'
#346000
b111111101000 =
b1000 ;
b11 .
b11 5
b110100 /
b110100 6
b11111000 (
b11111000 4
b100000 3
10
#350000
0'
#355000
1'
#356000
1>
b111 ?
b10110110 =
b1110 ;
b1110 +
b0 )
1*
b1101 .
b1101 5
b1100 /
b1100 6
b1110 (
b1110 4
b100001 3
10
#360000
0'
#365000
1#
b1110 "
b1110 @
b0 $
b0 <
1'
#366000
b110100111 =
b101111 ;
b101111 +
b1001 .
b1001 5
b11010 /
b11010 6
b101111 (
b101111 4
b100010 3
10
#370000
0'
#375000
b101111 "
b101111 @
1'
#376000
0>
b1001000 =
b1000 ;
b0 +
b111 )
0*
b111000 /
b111000 6
b1000 (
b1000 4
b100011 3
10
#380000
0'
#385000
0#
b0 "
b0 @
b111 $
b111 <
1'
#386000
b11001000 =
b10100 ;
b1010 .
b1010 5
b1100011 /
b1100011 6
b10100 (
b10100 4
b100100 3
10
#390000
0'
#395000
1'
#396000
1>
b1011100100 =
b1001010 ;
b1001010 +
b0 )
1*
b11011 /
b11011 6
b1001010 (
b1001010 4
b100101 3
10
#400000
0'
#405000
1#
b1001010 "
b1001010 @
b0 $
b0 <
1'
#406000
b1000111111 =
b1110011 ;
b1110011 +
b101 .
b101 5
b110010 /
b110010 6
b1110011 (
b1110011 4
b100110 3
10
#410000
0'
#415000
b1110011 "
b1110011 @
1'
#416000
b1000 ?
b111110111100 =
b1000100 ;
b10111100 +
b1 .
b1 5
b10000 /
b10000 6
b10111100 (
b10111100 4
b100111 3
10
#420000
0'
#425000
b10111100 "
b10111100 @
1'
#426000
0>
b111 ?
b1001110 =
b110 ;
b0 +
b111 )
0*
b1101 .
b1101 5
b10110 /
b10110 6
b110 (
b110 4
b101000 3
10
#430000
0'
#435000
0#
b0 "
b0 @
b111 $
b111 <
1'
#436000
1>
b101001010 =
b100001 ;
b100001 +
b0 )
1*
b1010 .
b1010 5
b11000 /
b11000 6
b100001 (
b100001 4
b101001 3
10
#440000
0'
#445000
1#
b100001 "
b100001 @
b0 $
b0 <
1'
#446000
0>
b1000 ?
b111110111011 =
b10111 ;
b0 +
b1000 )
0*
b11 .
b11 5
b1100000 /
b1100000 6
b11101001 (
b11101001 4
b101010 3
10
#450000
0'
#455000
0#
b0 "
b0 @
b1000 $
b1000 <
1'
#456000
b110110000011 =
b110001 ;
b1101 .
b1101 5
b110110 /
b110110 6
b11001111 (
b11001111 4
b101011 3
10
#460000
0'
#465000
1'
#466000
b111 ?
b1000101001 =
b1001111 ;
b111 )
b111 .
b111 5
b1001111 /
b1001111 6
b1001111 (
b1001111 4
b101100 3
10
#470000
0'
#475000
b111 $
b111 <
1'
#476000
1>
b1000 ?
b110101001011 =
b1001101 ;
b10110011 +
b0 )
1*
b1001 .
b1001 5
b111000 /
b111000 6
b10110011 (
b10110011 4
b101101 3
10
#480000
0'
#485000
1#
b10110011 "
b10110011 @
b0 $
b0 <
1'
#486000
0>
b111 ?
b100001100 =
b1000011 ;
b0 +
b111 )
0*
b100 .
b100 5
b1010101 /
b1010101 6
b1000011 (
b1000011 4
b101110 3
10
#490000
0'
#495000
0#
b0 "
b0 @
b111 $
b111 <
1'
#496000
1>
b111010110 =
b1011110 ;
b1011110 +
b0 )
1*
b101 .
b101 5
b100100 /
b100100 6
b1011110 (
b1011110 4
b101111 3
10
#500000
0'
#505000
1#
b1011110 "
b1011110 @
b0 $
b0 <
1'
#506000
0>
b1111111100 =
b1010101 ;
b0 +
b111 )
0*
b1100 .
b1100 5
b1011100 /
b1011100 6
b1010101 (
b1010101 4
b110000 3
10
#510000
0'
#515000
0#
b0 "
b0 @
b111 $
b111 <
1'
#516000
1>
b1000 ?
b111011100011 =
b1011111 ;
b10100001 +
b0 )
1*
b11 .
b11 5
b1001 /
b1001 6
b10100001 (
b10100001 4
b110001 3
10
#520000
0'
#525000
1#
b10100001 "
b10100001 @
b0 $
b0 <
1'
#526000
0>
b111 ?
b1011010 =
b10010 ;
b0 +
b111 )
0*
b101 .
b101 5
b1010100 /
b1010100 6
b10010 (
b10010 4
b110010 3
10
#530000
0'
#535000
0#
b0 "
b0 @
b111 $
b111 <
1'
#536000
b1000 ?
b111101110000 =
b1100 ;
b1000 )
b1100 .
b1100 5
b111110 /
b111110 6
b11110100 (
b11110100 4
b110011 3
10
#540000
0'
#545000
b1000 $
b1000 <
1'
#546000
b111 ?
b111111110 =
b110011 ;
b111 )
b1010 .
b1010 5
b1001010 /
b1001010 6
b110011 (
b110011 4
b110100 3
10
#550000
0'
#555000
b111 $
b111 <
1'
#556000
1>
b1100100 =
b1100100 ;
b1100100 +
b0 )
1*
b1 .
b1 5
b1011101 /
b1011101 6
b1100100 (
b1100100 4
b110101 3
10
#560000
0'
#565000
1#
b1100100 "
b1100100 @
b0 $
b0 <
1'
#566000
b1000 ?
b110110100101 =
b1000011 ;
b10111101 +
b1001 .
b1001 5
b1001 /
b1001 6
b10111101 (
b10111101 4
b110110 3
10
#570000
0'
#575000
b10111101 "
b10111101 @
1'
#576000
b100111011001 =
b1101001 ;
b10010111 +
b1111 .
b1111 5
b10111 /
b10111 6
b10010111 (
b10010111 4
b110111 3
10
#580000
0'
#585000
b10010111 "
b10010111 @
1'
#586000
0>
b111 ?
b101000100 =
b11011 ;
b0 +
b111 )
0*
b1100 .
b1100 5
b1001111 /
b1001111 6
b11011 (
b11011 4
b111000 3
10
#590000
0'
#595000
0#
b0 "
b0 @
b111 $
b111 <
1'
#596000
1>
b1100000010 =
b1000110 ;
b1000110 +
b0 )
1*
b1011 .
b1011 5
b111111 /
b111111 6
b1000110 (
b1000110 4
b111001 3
10
#600000
0'
#605000
1#
b1000110 "
b1000110 @
b0 $
b0 <
1'
#606000
0>
b1100000000 =
b1100000 ;
b0 +
b111 )
0*
b1000 .
b1000 5
b1100011 /
b1100011 6
b1100000 (
b1100000 4
b111010 3
10
#610000
0'
#615000
0#
b0 "
b0 @
b111 $
b111 <
1'
#616000
1>
b1000 ?
b111011001000 =
b11010 ;
b11100110 +
b0 )
1*
b1100 .
b1100 5
b10011 /
b10011 6
b11100110 (
b11100110 4
b111011 3
10
#620000
0'
#625000
1#
b11100110 "
b11100110 @
b0 $
b0 <
1'
#626000
0>
b111000111000 =
b1001100 ;
b0 +
b1000 )
0*
b110 .
b110 5
b1010001 /
b1010001 6
b10110100 (
b10110100 4
b111100 3
10
#630000
0'
#635000
0#
b0 "
b0 @
b1000 $
b1000 <
1'
#636000
b0 ?
b0 =
b100011 ;
b0 )
b0 .
b0 5
b1011101 /
b1011101 6
b100011 (
b100011 4
b111101 3
10
#640000
0'
#645000
b0 $
b0 <
1'
#646000
b1000 ?
b111101110000 =
b1001000 ;
b1000 )
b10 .
b10 5
b1001010 /
b1001010 6
b10111000 (
b10111000 4
b111110 3
10
#650000
0'
#655000
b1000 $
b1000 <
1'
#656000
1>
b101100001000 =
b1101010 ;
b10010110 +
b0 )
1*
b1100 .
b1100 5
b1000110 /
b1000110 6
b10010110 (
b10010110 4
b111111 3
10
#660000
0'
#665000
1#
b10010110 "
b10010110 @
b0 $
b0 <
1'
#666000
0>
b111 ?
b1010100011 =
b1001011 ;
b0 +
b111 )
0*
b1001 .
b1001 5
b1100010 /
b1100010 6
b1001011 (
b1001011 4
b1000000 3
10
#670000
0'
#675000
0#
b0 "
b0 @
b111 $
b111 <
1'
#676000
1>
b101010110 =
b1110010 ;
b1110010 +
b0 )
1*
b11 .
b11 5
b1000111 /
b1000111 6
b1110010 (
b1110010 4
b1000001 3
10
#680000
0'
#685000
1#
b1110010 "
b1110010 @
b0 $
b0 <
1'
#686000
b1111011100 =
b1001100 ;
b1001100 +
b1101 .
b1101 5
b1000010 /
b1000010 6
b1001100 (
b1001100 4
b1000010 3
10
#690000
0'
#695000
b1001100 "
b1001100 @
1'
#696000
0>
b1000 ?
b111110100000 =
b100000 ;
b0 +
b1000 )
0*
b11 .
b11 5
b1001110 /
b1001110 6
b11100000 (
b11100000 4
b1000011 3
10
#700000
0'
#705000
0#
b0 "
b0 @
b1000 $
b1000 <
1'
#706000
b111111001000 =
b111 ;
b1000 .
b1000 5
b11100 /
b11100 6
b11111001 (
b11111001 4
b1000100 3
10
#710000
0'
#715000
1'
#716000
1>
b111 ?
b10110010100 =
b1100110 ;
b1100110 +
b0 )
1*
b1110 .
b1110 5
b100100 /
b100100 6
b1100110 (
b1100110 4
b1000101 3
10
#720000
0'
#725000
1#
b1100110 "
b1100110 @
b0 $
b0 <
1'
#726000
0>
b0 ?
b0 =
b11000 ;
b0 +
0*
b0 .
b0 5
b101001 /
b101001 6
b11101000 (
b11101000 4
b1000110 3
10
#730000
0'
#735000
0#
b0 "
b0 @
1'
#736000
1>
b1000 ?
b111010010011 =
b1001001 ;
b10110111 +
1*
b101 .
b101 5
b101010 /
b101010 6
b10110111 (
b10110111 4
b1000111 3
10
#740000
0'
#745000
1#
b10110111 "
b10110111 @
1'
#746000
b111 ?
b111010 =
b111010 ;
b111010 +
b1 .
b1 5
b110001 /
b110001 6
b111010 (
b111010 4
b1001000 3
10
#750000
0'
#755000
b111010 "
b111010 @
1'
#756000
b1000110000 =
b111000 ;
b111000 +
b1010 .
b1010 5
b10001 /
b10001 6
b111000 (
b111000 4
b1001001 3
10
#760000
0'
#765000
b111000 "
b111000 @
1'
#766000
0>
b1000 ?
b110111000100 =
b101100 ;
b0 +
b1000 )
0*
b1101 .
b1101 5
b1011100 /
b1011100 6
b11010100 (
b11010100 4
b1001010 3
10
#770000
0'
#775000
0#
b0 "
b0 @
b1000 $
b1000 <
1'
#776000
1>
b111 ?
b1101001000 =
b1101001 ;
b1101001 +
b0 )
1*
b1000 .
b1000 5
b1 /
b1 6
b1101001 (
b1101001 4
b1001011 3
10
#780000
0'
#785000
1#
b1101001 "
b1101001 @
b0 $
b0 <
1'
#786000
b10010001000 =
b1110100 ;
b1110100 +
b1010 .
b1010 5
b100011 /
b100011 6
b1110100 (
b1110100 4
b1001100 3
10
#790000
0'
#795000
b1110100 "
b1110100 @
1'
#796000
b1000 ?
b111011001000 =
b1101000 ;
b10011000 +
b11 .
b11 5
b1011001 /
b1011001 6
b10011000 (
b10011000 4
b1001101 3
10
#800000
0'
#805000
b10011000 "
b10011000 @
1'
#806000
b0 ?
b0 =
b1111011 ;
b1111011 +
b0 .
b0 5
b101001 /
b101001 6
b1111011 (
b1111011 4
b1001110 3
10
#810000
0'
#815000
b1111011 "
b1111011 @
1'
#816000
0>
b111 ?
b11110 =
b1010 ;
b0 +
b111 )
0*
b11 .
b11 5
b110001 /
b110001 6
b1010 (
b1010 4
b1001111 3
10
#820000
0'
#825000
0#
b0 "
b0 @
b111 $
b111 <
1'
#826000
1>
b100100110 =
b1100010 ;
b1100010 +
b0 )
1*
b1010000 /
b1010000 6
b1100010 (
b1100010 4
b1010000 3
10
#830000
0'
#835000
1#
b1100010 "
b1100010 @
b0 $
b0 <
1'
#836000
b11001111 =
b10111 ;
b10111 +
b1001 .
b1001 5
b100 /
b100 6
b10111 (
b10111 4
b1010001 3
10
#840000
0'
#845000
b10111 "
b10111 @
1'
#846000
b101000010 =
b101110 ;
b101110 +
b111 .
b111 5
b0 /
b0 6
b101110 (
b101110 4
b1010010 3
10
#850000
0'
#855000
b101110 "
b101110 @
1'
#856000
b1000 ?
b111000001000 =
b111111 ;
b11000001 +
b1000 .
b1000 5
b110001 /
b110001 6
b11000001 (
b11000001 4
b1010011 3
10
#860000
0'
#865000
b11000001 "
b11000001 @
1'
#866000
b111 ?
b1010000 =
b1000 ;
b1000 +
b1010 .
b1010 5
b10 /
b10 6
b1000 (
b1000 4
b1010100 3
10
#870000
0'
#875000
b1000 "
b1000 @
1'
#876000
b1000 ?
b110000111000 =
b1111001 ;
b10000111 +
b1000 .
b1000 5
b110000 /
b110000 6
b10000111 (
b10000111 4
b1010101 3
10
#880000
0'
#885000
b10000111 "
b10000111 @
1'
#886000
b111 ?
b1001001001 =
b101101 ;
b101101 +
b1101 .
b1101 5
b1 /
b1 6
b101101 (
b101101 4
b1010110 3
10
#890000
0'
#895000
b101101 "
b101101 @
1'
#896000
0>
b1010001001 =
b111011 ;
b0 +
b111 )
0*
b1011 .
b1011 5
b1000001 /
b1000001 6
b111011 (
b111011 4
b1010111 3
10
#900000
0'
#905000
0#
b0 "
b0 @
b111 $
b111 <
1'
#906000
1>
b1000 ?
b101111100011 =
b1110101 ;
b10001011 +
b0 )
1*
b1001 .
b1001 5
b1001111 /
b1001111 6
b10001011 (
b10001011 4
b1011000 3
10
#910000
0'
#915000
1#
b10001011 "
b10001011 @
b0 $
b0 <
1'
#916000
b110100111010 =
b1000111 ;
b10111001 +
b1010 .
b1010 5
b1110 /
b1110 6
b10111001 (
b10111001 4
b1011001 3
10
#920000
0'
#925000
b10111001 "
b10111001 @
1'
#926000
b0 ?
b0 =
b1100000 ;
b1100000 +
b0 .
b0 5
b101000 /
b101000 6
b1100000 (
b1100000 4
b1011010 3
10
#930000
0'
#935000
b1100000 "
b1100000 @
1'
#936000
0>
b111 ?
b111000 =
b100 ;
b0 +
b111 )
0*
b1110 .
b1110 5
b1011011 /
b1011011 6
b100 (
b100 4
b1011011 3
10
#940000
0'
#945000
0#
b0 "
b0 @
b111 $
b111 <
1'
#946000
1>
b1000 ?
b100011011010 =
b1111010 ;
b10000110 +
b0 )
1*
b1111 .
b1111 5
b11100 /
b11100 6
b10000110 (
b10000110 4
b1011100 3
10
#950000
0'
#955000
1#
b10000110 "
b10000110 @
b0 $
b0 <
1'
#956000
0>
b111 ?
b111111110 =
b100010 ;
b0 +
b111 )
0*
b1010101 /
b1010101 6
b100010 (
b100010 4
b1011101 3
10
#960000
0'
#965000
0#
b0 "
b0 @
b111 $
b111 <
1'
#966000
1>
b10000110110 =
b1001101 ;
b1001101 +
b0 )
1*
b1110 .
b1110 5
b11101 /
b11101 6
b1001101 (
b1001101 4
b1011110 3
10
#970000
0'
#975000
1#
b1001101 "
b1001101 @
b0 $
b0 <
1'
#976000
0>
b10100010 =
b11011 ;
b0 +
b111 )
0*
b110 .
b110 5
b110100 /
b110100 6
b11011 (
b11011 4
b1011111 3
10
#980000
0'
#985000
0#
b0 "
b0 @
b111 $
b111 <
1'
#986000
b1001100 =
b10011 ;
b100 .
b100 5
b1100011 /
b1100011 6
b10011 (
b10011 4
b1100000 3
10
#990000
0'
#995000
1'
#996000
b1000 ?
b111011101001 =
b1011101 ;
b1000 )
b11 .
b11 5
b1011110 /
b1011110 6
b10100011 (
b10100011 4
b1100001 3
10
#1000000
0'
#1005000
b1000 $
b1000 <
1'
#1006000
1>
b111 ?
b10011011 =
b11111 ;
b11111 +
b0 )
1*
b101 .
b101 5
b10111 /
b10111 6
b11111 (
b11111 4
b1100010 3
10
#1010000
0'
#1015000
1#
b11111 "
b11111 @
b0 $
b0 <
1'
#1016000
0>
b1000011 =
b1000011 ;
b0 +
b111 )
0*
b1 .
b1 5
b1011001 /
b1011001 6
b1000011 (
b1000011 4
b1100011 3
10
#1020000
0'
#1025000
0#
b0 "
b0 @
b111 $
b111 <
1'
#1026000
1>
b1000 ?
b111100100000 =
b1110000 ;
b10010000 +
b0 )
1*
b10 .
b10 5
b111001 /
b111001 6
b10010000 (
b10010000 4
b1100100 3
10
#1030000
0'
#1035000
1#
b10010000 "
b10010000 @
b0 $
b0 <
1'
#1036000
0>
b111010011000 =
b101000 ;
b0 +
b1000 )
0*
b1001 .
b1001 5
b1011110 /
b1011110 6
b11011000 (
b11011000 4
b1100101 3
10
#1040000
0'
#1045000
0#
b0 "
b0 @
b1000 $
b1000 <
1'
#1046000
1>
b111 ?
b1111000011 =
b1101011 ;
b1101011 +
b0 )
1*
b10001 /
b10001 6
b1101011 (
b1101011 4
b1100110 3
10
#1050000
0'
#1055000
1#
b1101011 "
b1101011 @
b0 $
b0 <
1'
#1056000
0>
b1000 ?
b111100111000 =
b11001 ;
b0 +
b1000 )
0*
b1000 .
b1000 5
b110001 /
b110001 6
b11100111 (
b11100111 4
b1100111 3
10
#1060000
0'
#1065000
0#
b0 "
b0 @
b1000 $
b1000 <
1'
#1066000
1>
b111011110010 =
b110110 ;
b11001010 +
b0 )
1*
b101 .
b101 5
b1010 /
b1010 6
b11001010 (
b11001010 4
b1101000 3
10
#1070000
0'
#1075000
1#
b11001010 "
b11001010 @
b0 $
b0 <
1'
#1076000
0>
b1001 ?
b111111111001 =
b1 ;
b0 +
b1001 )
0*
b111 .
b111 5
b1001000 /
b1001000 6
b11111111 (
b11111111 4
b1101001 3
10
#1080000
0'
#1085000
0#
b0 "
b0 @
b1001 $
b1001 <
1'
#1086000
1>
b111 ?
b1001100000 =
b1001100 ;
b1001100 +
b0 )
1*
b1000 .
b1000 5
b101 /
b101 6
b1001100 (
b1001100 4
b1101010 3
10
#1090000
0'
#1095000
1#
b1001100 "
b1001100 @
b0 $
b0 <
1'
#1096000
b1000 ?
b111011100000 =
b1001000 ;
b10111000 +
b100 .
b100 5
b1 /
b1 6
b10111000 (
b10111000 4
b1101011 3
10
#1100000
0'
#1105000
b10111000 "
b10111000 @
1'
#1106000
0>
b111111001000 =
b1000 ;
b0 +
b1000 )
0*
b111 .
b111 5
b111011 /
b111011 6
b11111000 (
b11111000 4
b1101100 3
10
#1110000
0'
#1115000
0#
b0 "
b0 @
b1000 $
b1000 <
1'
#1116000
1>
b111 ?
b111010101 =
b1000011 ;
b1000011 +
b0 )
1*
b100100 /
b100100 6
b1000011 (
b1000011 4
b1101101 3
10
#1120000
0'
#1125000
1#
b1000011 "
b1000011 @
b0 $
b0 <
1'
#1126000
b11110011 =
b1010001 ;
b1010001 +
b11 .
b11 5
b100011 /
b100011 6
b1010001 (
b1010001 4
b1101110 3
10
#1130000
0'
#1135000
b1010001 "
b1010001 @
1'
#1136000
b1011010110 =
b1111001 ;
b1111001 +
b110 .
b110 5
b10111 /
b10111 6
b1111001 (
b1111001 4
b1101111 3
10
#1140000
0'
#1145000
b1111001 "
b1111001 @
1'
#1146000
b1000 ?
b110010011001 =
b1000011 ;
b10111101 +
b1101 .
b1101 5
b111000 /
b111000 6
b10111101 (
b10111101 4
b1110000 3
10
#1150000
0'
#1155000
b10111101 "
b10111101 @
1'
#1156000
b111 ?
b10000100100 =
b1101010 ;
b1101010 +
b1010 .
b1010 5
b1000010 /
b1000010 6
b1101010 (
b1101010 4
b1110001 3
10
#1160000
0'
#1165000
b1101010 "
b1101010 @
1'
#1166000
b1000 ?
b110001000000 =
b1000000 ;
b11000000 +
b1111 .
b1111 5
b100101 /
b100101 6
b11000000 (
b11000000 4
b1110010 3
10
#1170000
0'
#1175000
b11000000 "
b11000000 @
1'
#1176000
b111 ?
b111100110 =
b110110 ;
b110110 +
b1001 .
b1001 5
b111 /
b111 6
b110110 (
b110110 4
b1110011 3
10
#1180000
0'
#1185000
b110110 "
b110110 @
1'
#1186000
0>
b1000 ?
b111111001110 =
b110010 ;
b0 +
b1000 )
0*
b1 .
b1 5
b111100 /
b111100 6
b11001110 (
b11001110 4
b1110100 3
10
#1190000
0'
#1195000
0#
b0 "
b0 @
b1000 $
b1000 <
1'
#1196000
b111 ?
b1101110 =
b1010 ;
b111 )
b1011 .
b1011 5
b1001100 /
b1001100 6
b1010 (
b1010 4
b1110101 3
10
#1200000
0'
#1205000
b111 $
b111 <
1'
#1206000
b1000 ?
b111011101101 =
b11001 ;
b1000 )
b1011001 /
b1011001 6
b11100111 (
b11100111 4
b1110110 3
10
#1210000
0'
#1215000
b1000 $
b1000 <
1'
#1216000
b0 ?
b0 =
b110011 ;
b0 )
b0 .
b0 5
b110101 /
b110101 6
b11001101 (
b11001101 4
b1110111 3
10
#1220000
0'
#1225000
b0 $
b0 <
1'
#1226000
1>
b111 ?
b100011010 =
b101111 ;
b101111 +
1*
b110 .
b110 5
b1011 /
b1011 6
b101111 (
b101111 4
b1111000 3
10
#1230000
0'
#1235000
1#
b101111 "
b101111 @
1'
#1236000
0>
b1000 ?
b111001100011 =
b111011 ;
b0 +
b1000 )
0*
b111 .
b111 5
b1000010 /
b1000010 6
b11000101 (
b11000101 4
b1111001 3
10
#1240000
0'
#1245000
0#
b0 "
b0 @
b1000 $
b1000 <
1'
#1246000
b111101111000 =
b1000100 ;
b10 .
b10 5
b1001111 /
b1001111 6
b10111100 (
b10111100 4
b1111010 3
10
#1250000
0'
#1255000
1'
#1256000
b111101000110 =
b111110 ;
b11 .
b11 5
b1000001 /
b1000001 6
b11000010 (
b11000010 4
b1111011 3
10
#1260000
0'
#1265000
1'
#1266000
b111011110010 =
b10010 ;
b1111 .
b1111 5
b110110 /
b110110 6
b11101110 (
b11101110 4
b1111100 3
10
#1270000
0'
#1275000
1'
#1276000
1>
b111111000110 =
b111010 ;
b11000110 +
b0 )
1*
b1 .
b1 5
b110011 /
b110011 6
b11000110 (
b11000110 4
b1111101 3
10
#1280000
0'
#1285000
1#
b11000110 "
b11000110 @
b0 $
b0 <
1'
#1286000
0>
b110110011100 =
b110011 ;
b0 +
b1000 )
0*
b1100 .
b1100 5
b1000001 /
b1000001 6
b11001101 (
b11001101 4
b1111110 3
10
#1290000
0'
#1295000
0#
b0 "
b0 @
b1000 $
b1000 <
1'
#1296000
b111100111000 =
b10100 ;
b1010 .
b1010 5
b111100 /
b111100 6
b11101100 (
b11101100 4
b1111111 3
10
#1300000
0'
#1305000
1'
#1306000
1>
b101010010110 =
b1111110 ;
b10000010 +
b0 )
1*
b1011 .
b1011 5
b101001 /
b101001 6
b10000010 (
b10000010 4
b10000000 3
10
#1310000
0'
#1315000
1#
b10000010 "
b10000010 @
b0 $
b0 <
1'
#1316000
0>
b111 ?
b10100 =
b101 ;
b0 +
b111 )
0*
b100 .
b100 5
b1010111 /
b1010111 6
b101 (
b101 4
b10000001 3
10
#1320000
0'
#1325000
0#
b0 "
b0 @
b111 $
b111 <
1'
#1326000
b1000 ?
b111101001100 =
b10100 ;
b1000 )
b1001 .
b1001 5
b10100 /
b10100 6
b11101100 (
b11101100 4
b10000010 3
10
#1330000
0'
#1335000
b1000 $
b1000 <
1'
#1336000
1>
b111 ?
b10110110000 =
b1110000 ;
b1110000 +
b0 )
1*
b1101 .
b1101 5
b111101 /
b111101 6
b1110000 (
b1110000 4
b10000011 3
10
#1340000
0'
#1345000
1#
b1110000 "
b1110000 @
b0 $
b0 <
1'
#1346000
0>
b10100000 =
b100000 ;
b0 +
b111 )
0*
b101 .
b101 5
b1100011 /
b1100011 6
b100000 (
b100000 4
b10000100 3
10
#1350000
0'
#1355000
0#
b0 "
b0 @
b111 $
b111 <
1'
#1356000
1>
b1000 ?
b111010100100 =
b1010111 ;
b10101001 +
b0 )
1*
b100 .
b100 5
b1001111 /
b1001111 6
b10101001 (
b10101001 4
b10000101 3
10
#1360000
0'
#1365000
1#
b10101001 "
b10101001 @
b0 $
b0 <
1'
#1366000
b0 ?
b0 =
b1111110 ;
b1111110 +
b0 .
b0 5
b111111 /
b111111 6
b1111110 (
b1111110 4
b10000110 3
10
#1370000
0'
#1375000
b1111110 "
b1111110 @
1'
#1376000
0>
b111 ?
b10001111 =
b1011 ;
b0 +
b111 )
0*
b1101 .
b1101 5
b1000011 /
b1000011 6
b1011 (
b1011 4
b10000111 3
10
#1380000
0'
#1385000
0#
b0 "
b0 @
b111 $
b111 <
1'
#1386000
1>
b11000110110 =
b1101010 ;
b1101010 +
b0 )
1*
b1111 .
b1111 5
b111100 /
b111100 6
b1101010 (
b1101010 4
b10001000 3
10
#1390000
0'
#1395000
1#
b1101010 "
b1101010 @
b0 $
b0 <
1'
#1396000
0>
b1000 ?
b111001011100 =
b11110 ;
b0 +
b1000 )
0*
b1110 .
b1110 5
b110010 /
b110010 6
b11100010 (
b11100010 4
b10001001 3
10
#1400000
0'
#1405000
0#
b0 "
b0 @
b1000 $
b1000 <
1'
#1406000
1>
b110100110000 =
b110000 ;
b11010000 +
b0 )
1*
b1111 .
b1111 5
b10001 /
b10001 6
b11010000 (
b11010000 4
b10001010 3
10
#1410000
0'
#1415000
1#
b11010000 "
b11010000 @
b0 $
b0 <
1'
#1416000
0>
b111 ?
b10111110 =
b10011 ;
b0 +
b111 )
0*
b1010 .
b1010 5
b1000111 /
b1000111 6
b10011 (
b10011 4
b10001011 3
10
#1420000
0'
#1425000
0#
b0 "
b0 @
b111 $
b111 <
1'
#1426000
1>
b1101101 =
b1101101 ;
b1101101 +
b0 )
1*
b1 .
b1 5
b110011 /
b110011 6
b1101101 (
b1101101 4
b10001100 3
10
#1430000
0'
#1435000
1#
b1101101 "
b1101101 @
b0 $
b0 <
1'
#1436000
b101101000 =
b1011010 ;
b1011010 +
b100 .
b100 5
b1011010 (
b1011010 4
b10001101 3
10
#1440000
0'
#1445000
b1011010 "
b1011010 @
1'
#1446000
b1000 ?
b110000100010 =
b10100110 +
b1011 .
b1011 5
b1 /
b1 6
b10100110 (
b10100110 4
b10001110 3
10
#1450000
0'
#1455000
b10100110 "
b10100110 @
1'
#1456000
b111111010010 =
b10111 ;
b11101001 +
b10 .
b10 5
b1011 /
b1011 6
b11101001 (
b11101001 4
b10001111 3
10
#1460000
0'
#1465000
b11101001 "
b11101001 @
1'
#1466000
0>
b111 ?
b1010100111 =
b1100001 ;
b0 +
b111 )
0*
b111 .
b111 5
b1100100 /
b1100100 6
b1100001 (
b1100001 4
b10010000 3
10
#1470000
0'
#1475000
0#
b0 "
b0 @
b111 $
b111 <
1'
#1476000
b1000 ?
b111100111010 =
b10110 ;
b1000 )
b1001 .
b1001 5
b1011001 /
b1011001 6
b11101010 (
b11101010 4
b10010001 3
10
#1480000
0'
#1485000
b1000 $
b1000 <
1'
#1486000
b111111110010 =
b111 ;
b10 .
b10 5
b111 /
b111 6
b11111001 (
b11111001 4
b10010010 3
10
#1490000
0'
#1495000
1'
#1496000
1>
b111 ?
b101011100 =
b1010111 ;
b1010111 +
b0 )
1*
b100 .
b100 5
b11010 /
b11010 6
b1010111 (
b1010111 4
b10010011 3
10
#1500000
0'
#1505000
1#
b1010111 "
b1010111 @
b0 $
b0 <
1'
#1506000
b1000 ?
b111110000100 =
b1111100 ;
b10000100 +
b1 .
b1 5
b1011001 /
b1011001 6
b10000100 (
b10000100 4
b10010100 3
10
#1510000
0'
#1515000
b10000100 "
b10000100 @
1'
#1516000
0>
b111100011000 =
b11101 ;
b0 +
b1000 )
0*
b1000 .
b1000 5
b110101 /
b110101 6
b11100011 (
b11100011 4
b10010101 3
10
#1520000
0'
#1525000
0#
b0 "
b0 @
b1000 $
b1000 <
1'
#1526000
b111100011100 =
b100110 ;
b110 .
b110 5
b1000001 /
b1000001 6
b11011010 (
b11011010 4
b10010110 3
10
#1530000
0'
#1535000
1'
#1536000
1>
b111 ?
b10001100101 =
b1111101 ;
b1111101 +
b0 )
1*
b1001 .
b1001 5
b1001010 /
b1001010 6
b1111101 (
b1111101 4
b10010111 3
10
#1540000
0'
#1545000
1#
b1111101 "
b1111101 @
b0 $
b0 <
1'
#1546000
0>
b1000 ?
b111110111000 =
b100100 ;
b0 +
b1000 )
0*
b10 .
b10 5
b101100 /
b101100 6
b11011100 (
b11011100 4
b10011000 3
10
#1550000
0'
#1555000
0#
b0 "
b0 @
b1000 $
b1000 <
1'
#1556000
1>
b110010010000 =
b1101110 ;
b10010010 +
b0 )
1*
b1000 .
b1000 5
b10110 /
b10110 6
b10010010 (
b10010010 4
b10011001 3
10
#1560000
0'
#1565000
1#
b10010010 "
b10010010 @
b0 $
b0 <
1'
#1566000
0>
b1001 ?
b111111111001 =
b111 ;
b0 +
b1001 )
0*
b1 .
b1 5
b1001111 /
b1001111 6
b11111001 (
b11111001 4
b10011010 3
10
#1570000
0'
#1575000
0#
b0 "
b0 @
b1001 $
b1001 <
1'
#1576000
1>
b1000 ?
b110110010100 =
b111110 ;
b11000010 +
b0 )
1*
b1010 .
b1010 5
b1111 /
b1111 6
b11000010 (
b11000010 4
b10011011 3
10
#1580000
0'
#1585000
1#
b11000010 "
b11000010 @
b0 $
b0 <
1'
#1586000
b111000010110 =
b1100010 ;
b10011110 +
b101 .
b101 5
b1100000 /
b1100000 6
b10011110 (
b10011110 4
b10011100 3
10
#1590000
0'
#1595000
b10011110 "
b10011110 @
1'
#1596000
0>
b111 ?
b111111011 =
b100111 ;
b0 +
b111 )
0*
b1101 .
b1101 5
b1001110 /
b1001110 6
b100111 (
b100111 4
b10011101 3
10
#1600000
0'
#1605000
0#
b0 "
b0 @
b111 $
b111 <
1'
#1606000
b1110111 =
b10001 ;
b111 .
b111 5
b100011 /
b100011 6
b10001 (
b10001 4
b10011110 3
10
#1610000
0'
#1615000
1'
#1616000
b101101100 =
b11010 ;
b1110 .
b1110 5
b1010111 /
b1010111 6
b11010 (
b11010 4
b10011111 3
10
#1620000
0'
#1625000
1'
#1626000
1>
b1100000010 =
b1101110 ;
b1101110 +
b0 )
1*
b111 .
b111 5
b11000 /
b11000 6
b1101110 (
b1101110 4
b10100000 3
10
#1630000
0'
#1635000
1#
b1101110 "
b1101110 @
b0 $
b0 <
1'
#1636000
0>
b10100 =
b1010 ;
b0 +
b111 )
0*
b10 .
b10 5
b100001 /
b100001 6
b1010 (
b1010 4
b10100001 3
10
#1640000
0'
#1645000
0#
b0 "
b0 @
b111 $
b111 <
1'
#1646000
1>
b1100111001 =
b1001011 ;
b1001011 +
b0 )
1*
b1011 .
b1011 5
b110101 /
b110101 6
b1001011 (
b1001011 4
b10100010 3
10
#1650000
0'
#1655000
1#
b1001011 "
b1001011 @
b0 $
b0 <
1'
#1656000
0>
b1000 ?
b111110111010 =
b111 ;
b0 +
b1000 )
0*
b1010 .
b1010 5
b110111 /
b110111 6
b11111001 (
b11111001 4
b10100011 3
10
#1660000
0'
#1665000
0#
b0 "
b0 @
b1000 $
b1000 <
1'
#1666000
b111 ?
b1011010 =
b1111 ;
b111 )
b110 .
b110 5
b1011000 /
b1011000 6
b1111 (
b1111 4
b10100100 3
10
#1670000
0'
#1675000
b111 $
b111 <
1'
#1676000
b10001000 =
b100010 ;
b100 .
b100 5
b111011 /
b111011 6
b100010 (
b100010 4
b10100101 3
10
#1680000
0'
#1685000
1'
#1686000
b1110000 =
b1110 ;
b1000 .
b1000 5
b110000 /
b110000 6
b1110 (
b1110 4
b10100110 3
10
#1690000
0'
#1695000
1'
#1696000
1>
b1000010000 =
b1000010 ;
b1000010 +
b0 )
1*
b11010 /
b11010 6
b1000010 (
b1000010 4
b10100111 3
10
#1700000
0'
#1705000
1#
b1000010 "
b1000010 @
b0 $
b0 <
1'
#1706000
b1000 ?
b110010011010 =
b1010111 ;
b10101001 +
b1010 .
b1010 5
b1010100 /
b1010100 6
b10101001 (
b10101001 4
b10101000 3
10
#1710000
0'
#1715000
b10101001 "
b10101001 @
1'
#1716000
b111 ?
b10001110100 =
b1001100 ;
b1001100 +
b1111 .
b1111 5
b110001 /
b110001 6
b1001100 (
b1001100 4
b10101001 3
10
#1720000
0'
#1725000
b1001100 "
b1001100 @
1'
#1726000
b101110111 =
b1001011 ;
b1001011 +
b101 .
b101 5
b10111 /
b10111 6
b1001011 (
b1001011 4
b10101010 3
10
#1730000
0'
#1735000
b1001011 "
b1001011 @
1'
#1736000
b1011101 =
b1011101 ;
b1011101 +
b1 .
b1 5
b1000111 /
b1000111 6
b1011101 (
b1011101 4
b10101011 3
10
#1740000
0'
#1745000
b1011101 "
b1011101 @
1'
#1746000
0>
b1000 ?
b110101101001 =
b110011 ;
b0 +
b1000 )
0*
b1101 .
b1101 5
b1010000 /
b1010000 6
b11001101 (
b11001101 4
b10101100 3
10
#1750000
0'
#1755000
0#
b0 "
b0 @
b1000 $
b1000 <
1'
#1756000
b110111110000 =
b101100 ;
b1100 .
b1100 5
b1000010 /
b1000010 6
b11010100 (
b11010100 4
b10101101 3
10
#1760000
0'
#1765000
1'
#1766000
1>
b101100011010 =
b1110010 ;
b10001110 +
b0 )
1*
b1011 .
b1011 5
b10111 /
b10111 6
b10001110 (
b10001110 4
b10101110 3
10
#1770000
0'
#1775000
1#
b10001110 "
b10001110 @
b0 $
b0 <
1'
#1776000
b111 ?
b1011011100 =
b1111010 ;
b1111010 +
b110 .
b110 5
b1011111 /
b1011111 6
b1111010 (
b1111010 4
b10101111 3
10
#1780000
0'
#1785000
b1111010 "
b1111010 @
1'
#1786000
0>
b1111000 =
b1010 ;
b0 +
b111 )
0*
b1100 .
b1100 5
b1011011 /
b1011011 6
b1010 (
b1010 4
b10110000 3
10
#1790000
0'
#1795000
0#
b0 "
b0 @
b111 $
b111 <
1'
#1796000
1>
b1000 ?
b111101001000 =
b1011100 ;
b10100100 +
b0 )
1*
b10 .
b10 5
b11110 /
b11110 6
b10100100 (
b10100100 4
b10110001 3
10
#1800000
0'
#1805000
1#
b10100100 "
b10100100 @
b0 $
b0 <
1'
#1806000
b101111001001 =
b1010011 ;
b10101101 +
b1101 .
b1101 5
b10011 /
b10011 6
b10101101 (
b10101101 4
b10110010 3
10
#1810000
0'
#1815000
b10101101 "
b10101101 @
1'
#1816000
b111 ?
b1010001000 =
b1001000 ;
b1001000 +
b1001 .
b1001 5
b10100 /
b10100 6
b1001000 (
b1001000 4
b10110011 3
10
#1820000
0'
#1825000
b1001000 "
b1001000 @
1'
#1826000
0>
b1000 ?
b111100001010 =
b101001 ;
b0 +
b1000 )
0*
b110 .
b110 5
b1011100 /
b1011100 6
b11010111 (
b11010111 4
b10110100 3
10
#1830000
0'
#1835000
0#
b0 "
b0 @
b1000 $
b1000 <
1'
#1836000
b111 ?
b1111110 =
b10101 ;
b111 )
b110111 /
b110111 6
b10101 (
b10101 4
b10110101 3
10
#1840000
0'
#1845000
b111 $
b111 <
1'
#1846000
1>
b10010111010 =
b1101110 ;
b1101110 +
b0 )
1*
b1011 .
b1011 5
b100 /
b100 6
b1101110 (
b1101110 4
b10110110 3
10
#1850000
0'
#1855000
1#
b1101110 "
b1101110 @
b0 $
b0 <
1'
#1856000
b1000 ?
b111010000000 =
b100000 ;
b11100000 +
b1100 .
b1100 5
b1101 /
b1101 6
b11100000 (
b11100000 4
b10110111 3
10
#1860000
0'
#1865000
b11100000 "
b11100000 @
1'
#1866000
b110001011110 =
b1011101 ;
b10100011 +
b1010 .
b1010 5
b100011 /
b100011 6
b10100011 (
b10100011 4
b10111000 3
10
#1870000
0'
#1875000
b10100011 "
b10100011 @
1'
#1876000
b111010000110 =
b1111110 ;
b10000010 +
b11 .
b11 5
b1001 /
b1001 6
b10000010 (
b10000010 4
b10111001 3
10
#1880000
0'
#1885000
b10000010 "
b10000010 @
1'
#1886000
b111 ?
b1000100010 =
b1001110 ;
b1001110 +
b111 .
b111 5
b110011 /
b110011 6
b1001110 (
b1001110 4
b10111010 3
10
#1890000
0'
#1895000
b1001110 "
b1001110 @
1'
#1896000
0>
b1000 ?
b110101101100 =
b101100 ;
b0 +
b1000 )
0*
b1111 .
b1111 5
b110000 /
b110000 6
b11010100 (
b11010100 4
b10111011 3
10
#1900000
0'
#1905000
0#
b0 "
b0 @
b1000 $
b1000 <
1'
#1906000
1>
b111101001000 =
b101110 ;
b11010010 +
b0 )
1*
b100 .
b100 5
b11100 /
b11100 6
b11010010 (
b11010010 4
b10111100 3
10
#1910000
0'
#1915000
1#
b11010010 "
b11010010 @
b0 $
b0 <
1'
#1916000
b111100101110 =
b10101 ;
b11101011 +
b1010 .
b1010 5
b101 /
b101 6
b11101011 (
b11101011 4
b10111101 3
10
#1920000
0'
#1925000
b11101011 "
b11101011 @
1'
#1926000
0>
b111000000101 =
b100111 ;
b0 +
b1000 )
0*
b1101 .
b1101 5
b1001100 /
b1001100 6
b11011001 (
b11011001 4
b10111110 3
10
#1930000
0'
#1935000
0#
b0 "
b0 @
b1000 $
b1000 <
1'
#1936000
1>
b111 ?
b1100000000 =
b1100000 ;
b1100000 +
b0 )
1*
b1000 .
b1000 5
b101011 /
b101011 6
b1100000 (
b1100000 4
b10111111 3
10
#1940000
0'
#1945000
1#
b1100000 "
b1100000 @
b0 $
b0 <
1'
#1946000
0>
b100001 =
b11 ;
b0 +
b111 )
0*
b1011 .
b1011 5
b110 /
b110 6
b11 (
b11 4
b11000000 3
10
#1950000
0'
#1955000
0#
b0 "
b0 @
b111 $
b111 <
1'
#1956000
1>
b11000111111 =
b1111011 ;
b1111011 +
b0 )
1*
b1101 .
b1101 5
b1000111 /
b1000111 6
b1111011 (
b1111011 4
b11000001 3
10
#1960000
0'
#1965000
1#
b1111011 "
b1111011 @
b0 $
b0 <
1'
#1966000
0>
b1000 ?
b111111001100 =
b11010 ;
b0 +
b1000 )
0*
b10 .
b10 5
b111001 /
b111001 6
b11100110 (
b11100110 4
b11000010 3
10
#1970000
0'
#1975000
0#
b0 "
b0 @
b1000 $
b1000 <
1'
#1976000
1>
b111 ?
b110000 =
b110000 ;
b110000 +
b0 )
1*
b1 .
b1 5
b111 /
b111 6
b110000 (
b110000 4
b11000011 3
10
#1980000
0'
#1985000
1#
b110000 "
b110000 @
b0 $
b0 <
1'
#1986000
0>
b10001100 =
b11100 ;
b0 +
b111 )
0*
b101 .
b101 5
b1000000 /
b1000000 6
b11100 (
b11100 4
b11000100 3
10
#1990000
0'
#1995000
0#
b0 "
b0 @
b111 $
b111 <
1'
#1996000
b1000 ?
b111110110000 =
b1000 ;
b1000 )
b1010 .
b1010 5
b101000 /
b101000 6
b11111000 (
b11111000 4
b11000101 3
10
#2000000
0'
#2005000
b1000 $
b1000 <
1'
#2006000
1>
b111 ?
b10000011010 =
b1000110 ;
b1000110 +
b0 )
1*
b1111 .
b1111 5
b1 /
b1 6
b1000110 (
b1000110 4
b11000110 3
10
#2010000
0'
#2015000
1#
b1000110 "
b1000110 @
b0 $
b0 <
1'
#2016000
b1000 ?
b110001010110 =
b1000011 ;
b10111101 +
b1110 .
b1110 5
b101100 /
b101100 6
b10111101 (
b10111101 4
b11000111 3
10
#2020000
0'
#2025000
b10111101 "
b10111101 @
1'
#2026000
b101101010100 =
b1011100 ;
b10100100 +
b1101 .
b1101 5
b1001011 /
b1001011 6
b10100100 (
b10100100 4
b11001000 3
10
#2030000
0'
#2035000
b10100100 "
b10100100 @
1'
#2036000
0>
b111 ?
b1001000 =
b11000 ;
b0 +
b111 )
0*
b11 .
b11 5
b1011000 /
b1011000 6
b11000 (
b11000 4
b11001001 3
10
#2040000
0'
#2045000
0#
b0 "
b0 @
b111 $
b111 <
1'
#2046000
b1001001001 =
b100111 ;
b1111 .
b1111 5
b101101 /
b101101 6
b100111 (
b100111 4
b11001010 3
10
#2050000
0'
#2055000
1'
#2056000
b1000 ?
b110000111110 =
b1001010 ;
b1000 )
b1101 .
b1101 5
b1010011 /
b1010011 6
b10110110 (
b10110110 4
b11001011 3
10
#2060000
0'
#2065000
b1000 $
b1000 <
1'
#2066000
1>
b111 ?
b1111101001 =
b1011011 ;
b1011011 +
b0 )
1*
b1011 .
b1011 5
b1 /
b1 6
b1011011 (
b1011011 4
b11001100 3
10
#2070000
0'
#2075000
1#
b1011011 "
b1011011 @
b0 $
b0 <
1'
#2076000
0>
b1010001 =
b11011 ;
b0 +
b111 )
0*
b11 .
b11 5
b1100010 /
b1100010 6
b11011 (
b11011 4
b11001101 3
10
#2080000
0'
#2085000
0#
b0 "
b0 @
b111 $
b111 <
1'
#2086000
1>
b1000 ?
b111000101100 =
b100111 ;
b11011001 +
b0 )
1*
b1100 .
b1100 5
b10110 /
b10110 6
b11011001 (
b11011001 4
b11001110 3
10
#2090000
0'
#2095000
1#
b11011001 "
b11011001 @
b0 $
b0 <
1'
#2096000
b111 ?
b111110 =
b111110 ;
b111110 +
b1 .
b1 5
b101110 /
b101110 6
b111110 (
b111110 4
b11001111 3
10
#2100000
0'
#2105000
b111110 "
b111110 @
1'
#2106000
b1000 ?
b110111011110 =
b101010 ;
b11010110 +
b1101 .
b1101 5
b11110 /
b11110 6
b11010110 (
b11010110 4
b11010000 3
10
#2110000
0'
#2115000
b11010110 "
b11010110 @
1'
#2116000
b111 ?
b111010101 =
b1000011 ;
b1000011 +
b111 .
b111 5
b1111 /
b1111 6
b1000011 (
b1000011 4
b11010001 3
10
#2120000
0'
#2125000
b1000011 "
b1000011 @
1'
#2126000
b1011010000 =
b111100 ;
b111100 +
b1100 .
b1100 5
b11001 /
b11001 6
b111100 (
b111100 4
b11010010 3
10
#2130000
0'
#2135000
b111100 "
b111100 @
1'
#2136000
0>
b0 ?
b0 =
b101010 ;
b0 +
0*
b0 .
b0 5
b1010110 /
b1010110 6
b11010110 (
b11010110 4
b11010011 3
10
#2140000
0'
#2145000
0#
b0 "
b0 @
1'
#2146000
b10001 ;
b101100 /
b101100 6
b10001 (
b10001 4
b11010100 3
10
#2150000
0'
#2155000
1'
#2156000
1>
b1000 ?
b110100110110 =
b1100110 ;
b10011010 +
1*
b111 .
b111 5
b1 /
b1 6
b10011010 (
b10011010 4
b11010101 3
10
#2160000
0'
#2165000
1#
b10011010 "
b10011010 @
1'
#2166000
b100110001100 =
b1110110 ;
b10001010 +
b1110 .
b1110 5
b1100010 /
b1100010 6
b10001010 (
b10001010 4
b11010110 3
10
#2170000
0'
#2175000
b10001010 "
b10001010 @
1'
#2176000
0>
b0 ?
b0 =
b0 ;
b0 +
0*
b10 .
b10 5
b1000001 /
b1000001 6
b0 (
b0 4
b11010111 3
10
#2180000
0'
#2185000
0#
b0 "
b0 @
1'
#2186000
1>
b1000 ?
b110011001101 =
b111111 ;
b11000001 +
1*
b1101 .
b1101 5
b101000 /
b101000 6
b11000001 (
b11000001 4
b11011000 3
10
#2190000
0'
#2195000
1#
b11000001 "
b11000001 @
1'
#2196000
b111 ?
b1100101 =
b1100101 ;
b1100101 +
b1 .
b1 5
b1110 /
b1110 6
b1100101 (
b1100101 4
b11011001 3
10
#2200000
0'
#2205000
b1100101 "
b1100101 @
1'
#2206000
0>
b100100111 =
b111011 ;
b0 +
b111 )
0*
b101 .
b101 5
b1011001 /
b1011001 6
b111011 (
b111011 4
b11011010 3
10
#2210000
0'
#2215000
0#
b0 "
b0 @
b111 $
b111 <
1'
#2216000
1>
b1000 ?
b100110001110 =
b1101110 ;
b10010010 +
b0 )
1*
b1111 .
b1111 5
b1000101 /
b1000101 6
b10010010 (
b10010010 4
b11011011 3
10
#2220000
0'
#2225000
1#
b10010010 "
b10010010 @
b0 $
b0 <
1'
#2226000
b111101001100 =
b1111 ;
b11110001 +
b1100 .
b1100 5
b1010 /
b1010 6
b11110001 (
b11110001 4
b11011100 3
10
#2230000
0'
#2235000
b11110001 "
b11110001 @
1'
#2236000
b111010001100 =
b1011101 ;
b10100011 +
b100 .
b100 5
b1000000 /
b1000000 6
b10100011 (
b10100011 4
b11011101 3
10
#2240000
0'
#2245000
b10100011 "
b10100011 @
1'
#2246000
0>
b111100000100 =
b101010 ;
b0 +
b1000 )
0*
b110 .
b110 5
b1001001 /
b1001001 6
b11010110 (
b11010110 4
b11011110 3
10
#2250000
0'
#2255000
0#
b0 "
b0 @
b1000 $
b1000 <
1'
#2256000
1>
b111 ?
b1100000000 =
b1100000 ;
b1100000 +
b0 )
1*
b1000 .
b1000 5
b11011 /
b11011 6
b1100000 (
b1100000 4
b11011111 3
10
#2260000
0'
#2265000
1#
b1100000 "
b1100000 @
b0 $
b0 <
1'
#2266000
b1101010110 =
b111101 ;
b111101 +
b1110 .
b1110 5
b11000 /
b11000 6
b111101 (
b111101 4
b11100000 3
10
#2270000
0'
#2275000
b111101 "
b111101 @
1'
#2276000
0>
b11110010 =
b10110 ;
b0 +
b111 )
0*
b1011 .
b1011 5
b101011 /
b101011 6
b10110 (
b10110 4
b11100001 3
10
#2280000
0'
#2285000
0#
b0 "
b0 @
b111 $
b111 <
1'
#2286000
1>
b111110 =
b111110 ;
b111110 +
b0 )
1*
b1 .
b1 5
b100110 /
b100110 6
b111110 (
b111110 4
b11100010 3
10
#2290000
0'
#2295000
1#
b111110 "
b111110 @
b0 $
b0 <
1'
#2296000
0>
b100001110 =
b101101 ;
b0 +
b111 )
0*
b110 .
b110 5
b1001101 /
b1001101 6
b101101 (
b101101 4
b11100011 3
10
#2300000
0'
#2305000
0#
b0 "
b0 @
b111 $
b111 <
1'
#2306000
b1000 ?
b110100011011 =
b111001 ;
b1000 )
b1101 .
b1101 5
b1011001 /
b1011001 6
b11000111 (
b11000111 4
b11100100 3
10
#2310000
0'
#2315000
b1000 $
b1000 <
1'
#2316000
1>
b111 ?
b1011111101 =
b110011 ;
b110011 +
b0 )
1*
b1111 .
b1111 5
b101110 /
b101110 6
b110011 (
b110011 4
b11100101 3
10
#2320000
0'
#2325000
1#
b110011 "
b110011 @
b0 $
b0 <
1'
#2326000
0>
b1001000 =
b100100 ;
b0 +
b111 )
0*
b10 .
b10 5
b1001010 /
b1001010 6
b100100 (
b100100 4
b11100110 3
10
#2330000
0'
#2335000
0#
b0 "
b0 @
b111 $
b111 <
1'
#2336000
b1000 ?
b111110111110 =
b1000010 ;
b1000 )
b1 .
b1 5
b1000100 /
b1000100 6
b10111110 (
b10111110 4
b11100111 3
10
#2340000
0'
#2345000
b1000 $
b1000 <
1'
#2346000
1>
b111 ?
b1110001 =
b1110001 ;
b1110001 +
b0 )
1*
b1110001 (
b1110001 4
b11101000 3
10
#2350000
0'
#2355000
1#
b1110001 "
b1110001 @
b0 $
b0 <
1'
#2356000
b1000 ?
b111101101000 =
b1001100 ;
b10110100 +
b10 .
b10 5
b11100 /
b11100 6
b10110100 (
b10110100 4
b11101001 3
10
#2360000
0'
#2365000
b10110100 "
b10110100 @
1'
#2366000
b111 ?
b1110110110 =
b1011111 ;
b1011111 +
b1010 .
b1010 5
b1010100 /
b1010100 6
b1011111 (
b1011111 4
b11101010 3
10
#2370000
0'
#2375000
b1011111 "
b1011111 @
1'
#2376000
b1000 ?
b111101000000 =
b110000 ;
b11010000 +
b100 .
b100 5
b101111 /
b101111 6
b11010000 (
b11010000 4
b11101011 3
10
#2380000
0'
#2385000
b11010000 "
b11010000 @
1'
#2386000
b111 ?
b10010001000 =
b1110100 ;
b1110100 +
b1010 .
b1010 5
b1011100 /
b1011100 6
b1110100 (
b1110100 4
b11101100 3
10
#2390000
0'
#2395000
b1110100 "
b1110100 @
1'
#2396000
b1000 ?
b110110101000 =
b1100100 ;
b10011100 +
b110 .
b110 5
b110111 /
b110111 6
b10011100 (
b10011100 4
b11101101 3
10
#2400000
0'
#2405000
b10011100 "
b10011100 @
1'
#2406000
0>
b111110110100 =
b10011 ;
b0 +
b1000 )
0*
b100 .
b100 5
b1000110 /
b1000110 6
b11101101 (
b11101101 4
b11101110 3
10
#2410000
0'
#2415000
0#
b0 "
b0 @
b1000 $
b1000 <
1'
#2416000
1>
b111000000001 =
b1001001 ;
b10110111 +
b0 )
1*
b111 .
b111 5
b110011 /
b110011 6
b10110111 (
b10110111 4
b11101111 3
10
#2420000
0'
#2425000
1#
b10110111 "
b10110111 @
b0 $
b0 <
1'
#2426000
b111 ?
b1001001 =
b1001001 +
b1 .
b1 5
b110111 /
b110111 6
b1001001 (
b1001001 4
b11110000 3
10
#2430000
0'
#2435000
b1001001 "
b1001001 @
1'
#2436000
b1000 ?
b111010010010 =
b111101 ;
b11000011 +
b110 .
b110 5
b110001 /
b110001 6
b11000011 (
b11000011 4
b11110001 3
10
#2440000
0'
#2445000
b11000011 "
b11000011 @
1'
#2446000
b110100110110 =
b1100110 ;
b10011010 +
b111 .
b111 5
b101110 /
b101110 6
b10011010 (
b10011010 4
b11110010 3
10
#2450000
0'
#2455000
b10011010 "
b10011010 @
1'
#2456000
0>
b110111110000 =
b101100 ;
b0 +
b1000 )
0*
b1100 .
b1100 5
b1011100 /
b1011100 6
b11010100 (
b11010100 4
b11110011 3
10
#2460000
0'
#2465000
0#
b0 "
b0 @
b1000 $
b1000 <
1'
#2466000
1>
b111 ?
b1010100000 =
b1100000 ;
b1100000 +
b0 )
1*
b111 .
b111 5
b10110 /
b10110 6
b1100000 (
b1100000 4
b11110100 3
10
#2470000
0'
#2475000
1#
b1100000 "
b1100000 @
b0 $
b0 <
1'
#2476000
b10010000011 =
b1101001 ;
b1101001 +
b1011 .
b1011 5
b100011 /
b100011 6
b1101001 (
b1101001 4
b11110101 3
10
#2480000
0'
#2485000
b1101001 "
b1101001 @
1'
#2486000
b1000 ?
b100100010110 =
b1110110 ;
b10001010 +
b1111 .
b1111 5
b1011010 /
b1011010 6
b10001010 (
b10001010 4
b11110110 3
10
#2490000
0'
#2495000
b10001010 "
b10001010 @
1'
#2496000
b110101100110 =
b1001010 ;
b10110110 +
b1001 .
b1001 5
b101101 /
b101101 6
b10110110 (
b10110110 4
b11110111 3
10
#2500000
0'
#2505000
b10110110 "
b10110110 @
1'
#2506000
b101111010100 =
b1011001 ;
b10100111 +
b1100 .
b1100 5
b110001 /
b110001 6
b10100111 (
b10100111 4
b11111000 3
10
#2510000
0'
#2515000
b10100111 "
b10100111 @
1'
#2516000
b111 ?
b1101010 =
b1101010 ;
b1101010 +
b1 .
b1 5
b11011 /
b11011 6
b1101010 (
b1101010 4
b11111001 3
10
#2520000
0'
#2525000
b1101010 "
b1101010 @
1'
#2526000
b1000 ?
b101100111011 =
b1101111 ;
b10010001 +
b1011 .
b1011 5
b10110 /
b10110 6
b10010001 (
b10010001 4
b11111010 3
10
#2530000
0'
#2535000
b10010001 "
b10010001 @
1'
#2536000
0>
b1100 ?
b111111111100 =
b10 ;
b0 +
b1100 )
0*
b10 .
b10 5
b1000111 /
b1000111 6
b11111110 (
b11111110 4
b11111011 3
10
#2540000
0'
#2545000
0#
b0 "
b0 @
b1100 $
b1100 <
1'
#2546000
b111 ?
b1101001 =
b100011 ;
b111 )
b11 .
b11 5
b100100 /
b100100 6
b100011 (
b100011 4
b11111100 3
10
#2550000
0'
#2555000
b111 $
b111 <
1'
#2556000
b10010000 =
b11000 ;
b110 .
b110 5
b111010 /
b111010 6
b11000 (
b11000 4
b11111101 3
10
#2560000
0'
#2565000
1'
#2566000
1>
b1000 ?
b110111101000 =
b1000011 ;
b10111101 +
b0 )
1*
b1000 .
b1000 5
b111111 /
b111111 6
b10111101 (
b10111101 4
b11111110 3
10
#2570000
0'
#2575000
1#
b10111101 "
b10111101 @
b0 $
b0 <
1'
#2576000
0>
b111101010010 =
b11101 ;
b0 +
b1000 )
0*
b110 .
b110 5
b110101 /
b110101 6
b11100011 (
b11100011 4
b11111111 3
10
#2580000
0'
#2585000
0#
b0 "
b0 @
b1000 $
b1000 <
1'
#2586000
1>
b111100010000 =
b10000 ;
b11110000 +
b0 )
1*
b1111 .
b1111 5
b1000 /
b1000 6
b11110000 (
b11110000 4
b100000000 3
10
#2590000
0'
#2595000
1#
b11110000 "
b11110000 @
b0 $
b0 <
1'
#2596000
0>
b111000001000 =
b100100 ;
b0 +
b1000 )
0*
b1110 .
b1110 5
b111110 /
b111110 6
b11011100 (
b11011100 4
b100000001 3
10
#2600000
0'
#2605000
0#
b0 "
b0 @
b1000 $
b1000 <
1'
#2606000
1>
b111 ?
b11000110 =
b1100011 ;
b1100011 +
b0 )
1*
b10 .
b10 5
b1010001 /
b1010001 6
b1100011 (
b1100011 4
b100000010 3
10
#2610000
0'
#2615000
1#
b1100011 "
b1100011 @
b0 $
b0 <
1'
#2616000
b1000 ?
b101110010101 =
b1010111 ;
b10101001 +
b1101 .
b1101 5
b111011 /
b111011 6
b10101001 (
b10101001 4
b100000011 3
10
#2620000
0'
#2625000
b10101001 "
b10101001 @
1'
#2626000
0>
b111 ?
b1110111 =
b10001 ;
b0 +
b111 )
0*
b111 .
b111 5
b101001 /
b101001 6
b10001 (
b10001 4
b100000100 3
10
#2630000
0'
#2635000
0#
b0 "
b0 @
b111 $
b111 <
1'
#2636000
1>
b1000 ?
b111110000000 =
b10000000 ;
b10000000 +
b0 )
1*
b1 .
b1 5
b10010 /
b10010 6
b10000000 (
b10000000 4
b100000101 3
10
#2640000
0'
#2645000
1#
b10000000 "
b10000000 @
b0 $
b0 <
1'
#2646000
b111 ?
b11110100 =
b111101 ;
b111101 +
b100 .
b100 5
b110100 /
b110100 6
b111101 (
b111101 4
b100000110 3
10
#2650000
0'
#2655000
b111101 "
b111101 @
1'
#2656000
b1000 ?
b101110101101 =
b1111011 ;
b10000101 +
b1001 .
b1001 5
b1010111 /
b1010111 6
b10000101 (
b10000101 4
b100000111 3
10
#2660000
0'
#2665000
b10000101 "
b10000101 @
1'
#2666000
b111101011000 =
b10101 ;
b11101011 +
b1000 .
b1000 5
b1110 /
b1110 6
b11101011 (
b11101011 4
b100001000 3
10
#2670000
0'
#2675000
b11101011 "
b11101011 @
1'
#2676000
0>
b111111100011 =
b11101 ;
b0 +
b1000 )
0*
b1 .
b1 5
b1001100 /
b1001100 6
b11100011 (
b11100011 4
b100001001 3
10
#2680000
0'
#2685000
0#
b0 "
b0 @
b1000 $
b1000 <
1'
#2686000
b0 ?
b0 =
b0 )
b0 .
b0 5
b1100001 /
b1100001 6
b100001010 3
10
#2690000
0'
#2695000
b0 $
b0 <
1'
#2696000
1>
b111 ?
b11001100 =
b1100110 ;
b1100110 +
1*
b10 .
b10 5
b100010 /
b100010 6
b1100110 (
b1100110 4
b100001011 3
10
#2700000
0'
#2705000
1#
b1100110 "
b1100110 @
1'
#2706000
0>
b1000 ?
b111111011100 =
b100 ;
b0 +
b1000 )
0*
b1001 .
b1001 5
b1000011 /
b1000011 6
b11111100 (
b11111100 4
b100001100 3
10
#2710000
0'
#2715000
0#
b0 "
b0 @
b1000 $
b1000 <
1'
#2716000
1>
b111011011010 =
b1100010 ;
b10011110 +
b0 )
1*
b11 .
b11 5
b111000 /
b111000 6
b10011110 (
b10011110 4
b100001101 3
10
#2720000
0'
#2725000
1#
b10011110 "
b10011110 @
b0 $
b0 <
1'
#2726000
0>
b0 ?
b0 =
b1001011 ;
b0 +
0*
b0 .
b0 5
b1011001 /
b1011001 6
b1001011 (
b1001011 4
b100001110 3
10
#2730000
0'
#2735000
0#
b0 "
b0 @
1'
#2736000
1>
b111 ?
b10100101000 =
b1101110 ;
b1101110 +
1*
b1100 .
b1100 5
b11101 /
b11101 6
b1101110 (
b1101110 4
b100001111 3
10
#2740000
0'
#2745000
1#
b1101110 "
b1101110 @
1'
#2746000
b110001111 =
b111001 ;
b111001 +
b111 .
b111 5
b101001 /
b101001 6
b111001 (
b111001 4
b100010000 3
10
#2750000
0'
#2755000
b111001 "
b111001 @
1'
#2756000
b1100100 =
b110010 ;
b110010 +
b10 .
b10 5
b1110 /
b1110 6
b110010 (
b110010 4
b100010001 3
10
#2760000
0'
#2765000
b110010 "
b110010 @
1'
#2766000
b1000 ?
b110001010000 =
b1110110 ;
b10001010 +
b1000 .
b1000 5
b111 /
b111 6
b10001010 (
b10001010 4
b100010010 3
10
#2770000
0'
#2775000
b10001010 "
b10001010 @
1'
#2776000
b111 ?
b100101100 =
b110010 ;
b110010 +
b110 .
b110 5
b101100 /
b101100 6
b110010 (
b110010 4
b100010011 3
10
#2780000
0'
#2785000
b110010 "
b110010 @
1'
#2786000
b1000010000 =
b1000010 ;
b1000010 +
b1000 .
b1000 5
b10100 /
b10100 6
b1000010 (
b1000010 4
b100010100 3
10
#2790000
0'
#2795000
b1000010 "
b1000010 @
1'
#2796000
b110110000 =
b110110 ;
b110110 +
b10101 /
b10101 6
b110110 (
b110110 4
b100010101 3
10
#2800000
0'
#2805000
b110110 "
b110110 @
1'
#2806000
0>
b1000 ?
b111111110101 =
b1 ;
b0 +
b1000 )
0*
b1011 .
b1011 5
b1001011 /
b1001011 6
b11111111 (
b11111111 4
b100010110 3
10
#2810000
0'
#2815000
0#
b0 "
b0 @
b1000 $
b1000 <
1'
#2816000
b111110101111 =
b1001 ;
b1001 .
b1001 5
b10000 /
b10000 6
b11110111 (
b11110111 4
b100010111 3
10
#2820000
0'
#2825000
1'
#2826000
b111 ?
b111000 =
b100 ;
b111 )
b1110 .
b1110 5
b1011011 /
b1011011 6
b100 (
b100 4
b100011000 3
10
#2830000
0'
#2835000
b111 $
b111 <
1'
#2836000
1>
b1000 ?
b100110011101 =
b1101101 ;
b10010011 +
b0 )
1*
b1111 .
b1111 5
b111110 /
b111110 6
b10010011 (
b10010011 4
b100011001 3
10
#2840000
0'
#2845000
1#
b10010011 "
b10010011 @
b0 $
b0 <
1'
#2846000
b100111011001 =
b1101001 ;
b10010111 +
b110000 /
b110000 6
b10010111 (
b10010111 4
b100011010 3
10
#2850000
0'
#2855000
b10010111 "
b10010111 @
1'
#2856000
0>
b111 ?
b100110100 =
b11100 ;
b0 +
b111 )
0*
b1011 .
b1011 5
b100000 /
b100000 6
b11100 (
b11100 4
b100011011 3
10
#2860000
0'
#2865000
0#
b0 "
b0 @
b111 $
b111 <
1'
#2866000
1>
b10010010010 =
b1011010 ;
b1011010 +
b0 )
1*
b1101 .
b1101 5
b100011 /
b100011 6
b1011010 (
b1011010 4
b100011100 3
10
#2870000
0'
#2875000
1#
b1011010 "
b1011010 @
b0 $
b0 <
1'
#2876000
b1000 ?
b111110100100 =
b101110 ;
b11010010 +
b10 .
b10 5
b1100 /
b1100 6
b11010010 (
b11010010 4
b100011101 3
10
#2880000
0'
#2885000
b11010010 "
b11010010 @
1'
#2886000
b111 ?
b110010100 =
b1100101 ;
b1100101 +
b100 .
b100 5
b1111 /
b1111 6
b1100101 (
b1100101 4
b100011110 3
10
#2890000
0'
#2895000
b1100101 "
b1100101 @
1'
#2896000
b1000 ?
b101011000010 =
b1111010 ;
b10000110 +
b1011 .
b1011 5
b10100 /
b10100 6
b10000110 (
b10000110 4
b100011111 3
10
#2900000
0'
#2905000
b10000110 "
b10000110 @
1'
#2906000
0>
b111111010000 =
b100 ;
b0 +
b1000 )
0*
b1100 .
b1100 5
b1000011 /
b1000011 6
b11111100 (
b11111100 4
b100100000 3
10
#2910000
0'
#2915000
0#
b0 "
b0 @
b1000 $
b1000 <
1'
#2916000
b111 ?
b10011100 =
b1001110 ;
b111 )
b10 .
b10 5
b1011100 /
b1011100 6
b1001110 (
b1001110 4
b100100001 3
10
#2920000
0'
#2925000
b111 $
b111 <
1'
#2926000
1>
b1000 ?
b111001100100 =
b1100111 ;
b10011001 +
b0 )
1*
b100 .
b100 5
b110010 /
b110010 6
b10011001 (
b10011001 4
b100100010 3
10
#2930000
0'
#2935000
1#
b10011001 "
b10011001 @
b0 $
b0 <
1'
#2936000
b110111101100 =
b1001100 ;
b10110100 +
b111 .
b111 5
b101000 /
b101000 6
b10110100 (
b10110100 4
b100100011 3
10
#2940000
0'
#2945000
b10110100 "
b10110100 @
1'
#2946000
b101100010100 =
b1111110 ;
b10000010 +
b1010 .
b1010 5
b100010 /
b100010 6
b10000010 (
b10000010 4
b100100100 3
10
#2950000
0'
#2955000
b10000010 "
b10000010 @
1'
#2956000
0>
b111 ?
b1111111100 =
b1000100 ;
b0 +
b111 )
0*
b1111 .
b1111 5
b1100001 /
b1100001 6
b1000100 (
b1000100 4
b100100101 3
10
#2960000
0'
#2965000
0#
b0 "
b0 @
b111 $
b111 <
1'
#2966000
1>
b1000 ?
b111000001100 =
b1111101 ;
b10000011 +
b0 )
1*
b100 .
b100 5
b1111 /
b1111 6
b10000011 (
b10000011 4
b100100110 3
10
#2970000
0'
#2975000
1#
b10000011 "
b10000011 @
b0 $
b0 <
1'
#2976000
0>
b111111101011 =
b11 ;
b0 +
b1000 )
0*
b111 .
b111 5
b1000001 /
b1000001 6
b11111101 (
b11111101 4
b100100111 3
10
#2980000
0'
#2985000
0#
b0 "
b0 @
b1000 $
b1000 <
1'
#2986000
1>
b111101011110 =
b11011 ;
b11100101 +
b0 )
1*
b110 .
b110 5
b1110 /
b1110 6
b11100101 (
b11100101 4
b100101000 3
10
#2990000
0'
#2995000
1#
b11100101 "
b11100101 @
b0 $
b0 <
1'
#2996000
b111 ?
b10001000111 =
b1001001 ;
b1001001 +
b1111 .
b1111 5
b110011 /
b110011 6
b1001001 (
b1001001 4
b100101001 3
10
#3000000
0'
#3005000
b1001001 "
b1001001 @
1'
#3006000
b1000 ?
b111100011100 =
b111001 ;
b11000111 +
b100 .
b100 5
b100001 /
b100001 6
b11000111 (
b11000111 4
b100101010 3
10
#3010000
0'
#3015000
b11000111 "
b11000111 @
1'
#3016000
0>
b111111001110 =
b101 ;
b0 +
b1000 )
0*
b1010 .
b1010 5
b100000 /
b100000 6
b11111011 (
b11111011 4
b100101011 3
10
#3020000
0'
#3025000
0#
b0 "
b0 @
b1000 $
b1000 <
1'
#3026000
b110110010100 =
b111110 ;
b1010100 /
b1010100 6
b11000010 (
b11000010 4
b100101100 3
10
#3030000
0'
#3035000
1'
#3036000
1>
b110100100001 =
b110001 ;
b11001111 +
b0 )
1*
b1111 .
b1111 5
b101000 /
b101000 6
b11001111 (
b11001111 4
b100101101 3
10
#3040000
0'
#3045000
1#
b11001111 "
b11001111 @
b0 $
b0 <
1'
#3046000
b111 ?
b1110011 =
b10111 ;
b10111 +
b101 .
b101 5
b11 /
b11 6
b10111 (
b10111 4
b100101110 3
10
#3050000
0'
#3055000
b10111 "
b10111 @
1'
#3056000
b1000 ?
b111000110000 =
b1110100 ;
b10001100 +
b100 .
b100 5
b11010 /
b11010 6
b10001100 (
b10001100 4
b100101111 3
10
#3060000
0'
#3065000
b10001100 "
b10001100 @
1'
#3066000
b0 ?
b0 =
b1101101 ;
b10010011 +
b0 .
b0 5
b111000 /
b111000 6
b10010011 (
b10010011 4
b100110000 3
10
#3070000
0'
#3075000
b10010011 "
b10010011 @
1'
#3076000
b1000 ?
b101111011100 =
b1101010 ;
b10010110 +
b1010 .
b1010 5
b101010 /
b101010 6
b10010110 (
b10010110 4
b100110001 3
10
#3080000
0'
#3085000
b10010110 "
b10010110 @
1'
#3086000
0>
b111111101100 =
b100 ;
b0 +
b1000 )
0*
b101 .
b101 5
b110010 /
b110010 6
b11111100 (
b11111100 4
b100110010 3
10
#3090000
0'
#3095000
0#
b0 "
b0 @
b1000 $
b1000 <
1'
#3096000
1>
b111 ?
b111000111 =
b1011011 ;
b1011011 +
b0 )
1*
b1011000 /
b1011000 6
b1011011 (
b1011011 4
b100110011 3
10
#3100000
0'
#3105000
1#
b1011011 "
b1011011 @
b0 $
b0 <
1'
#3106000
b1000 ?
b101110110000 =
b1011100 ;
b10100100 +
b1100 .
b1100 5
b111 /
b111 6
b10100100 (
b10100100 4
b100110100 3
10
#3110000
0'
#3115000
b10100100 "
b10100100 @
1'
#3116000
b110010101010 =
b1111010 ;
b10000110 +
b111 .
b111 5
b1000100 /
b1000100 6
b10000110 (
b10000110 4
b100110101 3
10
#3120000
0'
#3125000
b10000110 "
b10000110 @
1'
#3126000
0>
b111 ?
b10011010 =
b10110 ;
b0 +
b111 )
0*
b11010 /
b11010 6
b10110 (
b10110 4
b100110110 3
10
#3130000
0'
#3135000
0#
b0 "
b0 @
b111 $
b111 <
1'
#3136000
b111111110 =
b1010101 ;
b110 .
b110 5
b1011011 /
b1011011 6
b1010101 (
b1010101 4
b100110111 3
10
#3140000
0'
#3145000
1'
#3146000
b1000 ?
b111110110010 =
b110 ;
b1000 )
b1101 .
b1101 5
b11010 /
b11010 6
b11111010 (
b11111010 4
b100111000 3
10
#3150000
0'
#3155000
b1000 $
b1000 <
1'
#3156000
1>
b0 ?
b0 =
b100101 ;
b11011011 +
b0 )
1*
b0 .
b0 5
b100100 /
b100100 6
b11011011 (
b11011011 4
b100111001 3
10
#3160000
0'
#3165000
1#
b11011011 "
b11011011 @
b0 $
b0 <
1'
#3166000
b1000 ?
b111101000011 =
b10101 ;
b11101011 +
b1001 .
b1001 5
b101 /
b101 6
b11101011 (
b11101011 4
b100111010 3
10
#3170000
0'
#3175000
b11101011 "
b11101011 @
1'
#3176000
b0 ?
b0 =
b100100 ;
b11011100 +
b0 .
b0 5
b100000 /
b100000 6
b11011100 (
b11011100 4
b100111011 3
10
#3180000
0'
#3185000
b11011100 "
b11011100 @
1'
#3186000
b111 ?
b101111000 =
b1011110 ;
b1011110 +
b100 .
b100 5
b1001010 /
b1001010 6
b1011110 (
b1011110 4
b100111100 3
10
#3190000
0'
#3195000
b1011110 "
b1011110 @
1'
#3196000
b1000 ?
b111010001111 =
b1111011 ;
b10000101 +
b11 .
b11 5
b1000111 /
b1000111 6
b10000101 (
b10000101 4
b100111101 3
10
#3200000
0'
#3205000
b10000101 "
b10000101 @
1'
#3206000
b111001010101 =
b111101 ;
b11000011 +
b111 .
b111 5
b111 /
b111 6
b11000011 (
b11000011 4
b100111110 3
10
#3210000
0'
#3215000
b11000011 "
b11000011 @
1'
#3216000
b111 ?
b1101001 =
b100011 ;
b100011 +
b11 .
b11 5
b11111 /
b11111 6
b100011 (
b100011 4
b100111111 3
10
#3220000
0'
#3225000
b100011 "
b100011 @
1'
#3226000
b100111000 =
b11010 ;
b11010 +
b1100 .
b1100 5
b1101 /
b1101 6
b11010 (
b11010 4
b101000000 3
10
#3230000
0'
#3235000
b11010 "
b11010 @
1'
#3236000
0>
b1000 ?
b111111100000 =
b10000 ;
b0 +
b1000 )
0*
b10 .
b10 5
b111001 /
b111001 6
b11110000 (
b11110000 4
b101000001 3
10
#3240000
0'
#3245000
0#
b0 "
b0 @
b1000 $
b1000 <
1'
#3246000
b111 ?
b1111 =
b1111 ;
b111 )
b1 .
b1 5
b10010 /
b10010 6
b1111 (
b1111 4
b101000010 3
10
#3250000
0'
#3255000
b111 $
b111 <
1'
#3256000
1>
b1000 ?
b111001101000 =
b1100110 ;
b10011010 +
b0 )
1*
b100 .
b100 5
b1011111 /
b1011111 6
b10011010 (
b10011010 4
b101000011 3
10
#3260000
0'
#3265000
1#
b10011010 "
b10011010 @
b0 $
b0 <
1'
#3266000
0>
b111 ?
b1001011 =
b11001 ;
b0 +
b111 )
0*
b11 .
b11 5
b1011100 /
b1011100 6
b11001 (
b11001 4
b101000100 3
10
#3270000
0'
#3275000
0#
b0 "
b0 @
b111 $
b111 <
1'
#3276000
1>
b1000 ?
b111100011100 =
b111001 ;
b11000111 +
b0 )
1*
b100 .
b100 5
b1100 /
b1100 6
b11000111 (
b11000111 4
b101000101 3
10
#3280000
0'
#3285000
1#
b11000111 "
b11000111 @
b0 $
b0 <
1'
#3286000
b110111111111 =
b1001 .
b1001 5
b110101 /
b110101 6
b101000110 3
10
#3290000
0'
#3295000
1'
#3296000
b111 ?
b1101010111 =
b111001 +
b1111 .
b1111 5
b10 /
b10 6
b111001 (
b111001 4
b101000111 3
10
#3300000
0'
#3305000
b111001 "
b111001 @
1'
#3306000
b1000 ?
b110001110010 =
b1000110 ;
b10111010 +
b1101 .
b1101 5
b101001 /
b101001 6
b10111010 (
b10111010 4
b101001000 3
10
#3310000
0'
#3315000
b10111010 "
b10111010 @
1'
#3316000
0>
b111001011100 =
b111100 ;
b0 +
b1000 )
0*
b111 .
b111 5
b1011011 /
b1011011 6
b11000100 (
b11000100 4
b101001001 3
10
#3320000
0'
#3325000
0#
b0 "
b0 @
b1000 $
b1000 <
1'
#3326000
1>
b101111100011 =
b1110101 ;
b10001011 +
b0 )
1*
b1001 .
b1001 5
b1100000 /
b1100000 6
b10001011 (
b10001011 4
b101001010 3
10
#3330000
0'
#3335000
1#
b10001011 "
b10001011 @
b0 $
b0 <
1'
#3336000
0>
b0 ?
b0 =
b11111 ;
b0 +
0*
b0 .
b0 5
b101101 /
b101101 6
b11100001 (
b11100001 4
b101001011 3
10
#3340000
0'
#3345000
0#
b0 "
b0 @
1'
#3346000
1>
b1000 ?
b101101111000 =
b1110100 ;
b10001100 +
1*
b1010 .
b1010 5
b111 /
b111 6
b10001100 (
b10001100 4
b101001100 3
10
#3350000
0'
#3355000
1#
b10001100 "
b10001100 @
1'
#3356000
0>
b111011100011 =
b10011 ;
b0 +
b1000 )
0*
b1111 .
b1111 5
b110110 /
b110110 6
b11101101 (
b11101101 4
b101001101 3
10
#3360000
0'
#3365000
0#
b0 "
b0 @
b1000 $
b1000 <
1'
#3366000
1>
b111 ?
b110001100 =
b1100011 ;
b1100011 +
b0 )
1*
b100 .
b100 5
b1001 /
b1001 6
b1100011 (
b1100011 4
b101001110 3
10
#3370000
0'
#3375000
1#
b1100011 "
b1100011 @
b0 $
b0 <
1'
#3376000
b10100010 =
b10010 ;
b10010 +
b1001 .
b1001 5
b11 /
b11 6
b10010 (
b10010 4
b101001111 3
10
#3380000
0'
#3385000
b10010 "
b10010 @
1'
#3386000
b111100000 =
b110000 ;
b110000 +
b1010 .
b1010 5
b101010 /
b101010 6
b110000 (
b110000 4
b101010000 3
10
#3390000
0'
#3395000
b110000 "
b110000 @
1'
#3396000
b1111111111 =
b1011101 ;
b1011101 +
b1011 .
b1011 5
b1010111 /
b1010111 6
b1011101 (
b1011101 4
b101010001 3
10
#3400000
0'
#3405000
b1011101 "
b1011101 @
1'
#3406000
b1000 ?
b101110111110 =
b1101101 ;
b10010011 +
b1010 .
b1010 5
b101000 /
b101000 6
b10010011 (
b10010011 4
b101010010 3
10
#3410000
0'
#3415000
b10010011 "
b10010011 @
1'
#3416000
b111 ?
b11101100 =
b111011 ;
b111011 +
b100 .
b100 5
b11110 /
b11110 6
b111011 (
b111011 4
b101010011 3
10
#3420000
0'
#3425000
b111011 "
b111011 @
1'
#3426000
b101011001 =
b1000101 ;
b1000101 +
b101 .
b101 5
b100010 /
b100010 6
b1000101 (
b1000101 4
b101010100 3
10
#3430000
0'
#3435000
b1000101 "
b1000101 @
1'
#3436000
b1000 ?
b100111110111 =
b1100111 ;
b10011001 +
b1111 .
b1111 5
b110011 /
b110011 6
b10011001 (
b10011001 4
b101010101 3
10
#3440000
0'
#3445000
b10011001 "
b10011001 @
1'
#3446000
b111 ?
b10110111000 =
b1111010 ;
b1111010 +
b1100 .
b1100 5
b11011 /
b11011 6
b1111010 (
b1111010 4
b101010110 3
10
#3450000
0'
#3455000
b1111010 "
b1111010 @
1'
#3456000
b110011000 =
b110011 ;
b110011 +
b1000 .
b1000 5
b100001 /
b100001 6
b110011 (
b110011 4
b101010111 3
10
#3460000
0'
#3465000
b110011 "
b110011 @
1'
#3466000
b11001011000 =
b1110100 ;
b1110100 +
b1110 .
b1110 5
b1111 /
b1111 6
b1110100 (
b1110100 4
b101011000 3
10
#3470000
0'
#3475000
b1110100 "
b1110100 @
1'
#3476000
b1000 ?
b111110001110 =
b1110010 ;
b10001110 +
b1 .
b1 5
b10011 /
b10011 6
b10001110 (
b10001110 4
b101011001 3
10
#3480000
0'
#3485000
b10001110 "
b10001110 @
1'
#3486000
b111 ?
b11000101110 =
b1110001 ;
b1110001 +
b1110 .
b1110 5
b1011011 /
b1011011 6
b1110001 (
b1110001 4
b101011010 3
10
#3490000
0'
#3495000
b1110001 "
b1110001 @
1'
#3496000
0>
b1000 ?
b111100111100 =
b1110 ;
b0 +
b1000 )
0*
b11101 /
b11101 6
b11110010 (
b11110010 4
b101011011 3
10
#3500000
0'
#3505000
0#
b0 "
b0 @
b1000 $
b1000 <
1'
#3506000
1>
b100110111011 =
b1101011 ;
b10010101 +
b0 )
1*
b1111 .
b1111 5
b111101 /
b111101 6
b10010101 (
b10010101 4
b101011100 3
10
#3510000
0'
#3515000
1#
b10010101 "
b10010101 @
b0 $
b0 <
1'
#3516000
b111 ?
b11001000 =
b101000 ;
b101000 +
b101 .
b101 5
b10101 /
b10101 6
b101000 (
b101000 4
b101011101 3
10
#3520000
0'
#3525000
b101000 "
b101000 @
1'
#3526000
b1000 ?
b100010101101 =
b1111101 ;
b10000011 +
b1111 .
b1111 5
b111111 /
b111111 6
b10000011 (
b10000011 4
b101011110 3
10
#3530000
0'
#3535000
b10000011 "
b10000011 @
1'
#3536000
b111 ?
b100101100 =
b1100100 ;
b1100100 +
b11 .
b11 5
b1001010 /
b1001010 6
b1100100 (
b1100100 4
b101011111 3
10
#3540000
0'
#3545000
b1100100 "
b1100100 @
1'
#3546000
b1000001 =
b1000001 ;
b1000001 +
b1 .
b1 5
b101000 /
b101000 6
b1000001 (
b1000001 4
b101100000 3
10
#3550000
0'
#3555000
b1000001 "
b1000001 @
1'
#3556000
0>
b1000 ?
b111110010111 =
b111 ;
b0 +
b1000 )
0*
b1111 .
b1111 5
b1011 /
b1011 6
b11111001 (
b11111001 4
b101100001 3
10
#3560000
0'
#3565000
0#
b0 "
b0 @
b1000 $
b1000 <
1'
#3566000
1>
b111 ?
b110001011 =
b1001111 ;
b1001111 +
b0 )
1*
b101 .
b101 5
b101100 /
b101100 6
b1001111 (
b1001111 4
b101100010 3
10
#3570000
0'
#3575000
1#
b1001111 "
b1001111 @
b0 $
b0 <
1'
#3576000
b1000 ?
b101110101111 =
b1010101 ;
b10101011 +
b1101 .
b1101 5
b1001 /
b1001 6
b10101011 (
b10101011 4
b101100011 3
10
#3580000
0'
#3585000
b10101011 "
b10101011 @
1'
#3586000
0>
b111 ?
b1011100110 =
b110101 ;
b0 +
b111 )
0*
b1110 .
b1110 5
b110110 /
b110110 6
b110101 (
b110101 4
b101100100 3
10
#3590000
0'
#3595000
0#
b0 "
b0 @
b111 $
b111 <
1'
#3596000
1>
b100010100 =
b1011100 ;
b1011100 +
b0 )
1*
b11 .
b11 5
b101101 /
b101101 6
b1011100 (
b1011100 4
b101100101 3
10
#3600000
0'
#3605000
1#
b1011100 "
b1011100 @
b0 $
b0 <
1'
#3606000
0>
b1000 ?
b101100100011 =
b1010011 ;
b0 +
b1000 )
0*
b1111 .
b1111 5
b1011110 /
b1011110 6
b10101101 (
b10101101 4
b101100110 3
10
#3610000
0'
#3615000
0#
b0 "
b0 @
b1000 $
b1000 <
1'
#3616000
1>
b111 ?
b110111000 =
b101000 ;
b101000 +
b0 )
1*
b1011 .
b1011 5
b100010 /
b100010 6
b101000 (
b101000 4
b101100111 3
10
#3620000
0'
#3625000
1#
b101000 "
b101000 @
b0 $
b0 <
1'
#3626000
b1111100111 =
b1101111 ;
b1101111 +
b1001 .
b1001 5
b1001001 /
b1001001 6
b1101111 (
b1101111 4
b101101000 3
10
#3630000
0'
#3635000
b1101111 "
b1101111 @
1'
#3636000
0>
b0 ?
b0 =
b11110 ;
b0 +
0*
b0 .
b0 5
b1001011 /
b1001011 6
b11110 (
b11110 4
b101101001 3
10
#3640000
0'
#3645000
0#
b0 "
b0 @
1'
#3646000
b111 ?
b1111000 =
b1100 ;
b111 )
b1010 .
b1010 5
b100110 /
b100110 6
b1100 (
b1100 4
b101101010 3
10
#3650000
0'
#3655000
b111 $
b111 <
1'
#3656000
1>
b1000 ?
b111110011011 =
b1100101 ;
b10011011 +
b0 )
1*
b1 .
b1 5
b101000 /
b101000 6
b10011011 (
b10011011 4
b101101011 3
10
#3660000
0'
#3665000
1#
b10011011 "
b10011011 @
b0 $
b0 <
1'
#3666000
b111 ?
b101000100 =
b1010001 ;
b1010001 +
b100 .
b100 5
b1000 /
b1000 6
b1010001 (
b1010001 4
b101101100 3
10
#3670000
0'
#3675000
b1010001 "
b1010001 @
1'
#3676000
b1100101010 =
b1010 .
b1010 5
b1001111 /
b1001111 6
b101101101 3
10
#3680000
0'
#3685000
1'
#3686000
b1000 ?
b111110000010 =
b111111 ;
b11000001 +
b10 .
b10 5
b1110 /
b1110 6
b11000001 (
b11000001 4
b101101110 3
10
#3690000
0'
#3695000
b11000001 "
b11000001 @
1'
#3696000
b111 ?
b100110010 =
b1100110 ;
b1100110 +
b11 .
b11 5
b1001011 /
b1001011 6
b1100110 (
b1100110 4
b101101111 3
10
#3700000
0'
#3705000
b1100110 "
b1100110 @
1'
#3706000
b1000 ?
b111100010000 =
b101000 ;
b11011000 +
b110 .
b110 5
b0 /
b0 6
b11011000 (
b11011000 4
b101110000 3
10
#3710000
0'
#3715000
b11011000 "
b11011000 @
1'
#3716000
b100101110000 =
b1110000 ;
b10010000 +
b1111 .
b1111 5
b11011 /
b11011 6
b10010000 (
b10010000 4
b101110001 3
10
#3720000
0'
#3725000
b10010000 "
b10010000 @
1'
#3726000
0>
b111 ?
b100110100 =
b11100 ;
b0 +
b111 )
0*
b1011 .
b1011 5
b1011110 /
b1011110 6
b11100 (
b11100 4
b101110010 3
10
#3730000
0'
#3735000
0#
b0 "
b0 @
b111 $
b111 <
1'
#3736000
1>
b1001111011 =
b1111111 ;
b1111111 +
b0 )
1*
b101 .
b101 5
b1010101 /
b1010101 6
b1111111 (
b1111111 4
b101110011 3
10
#3740000
0'
#3745000
1#
b1111111 "
b1111111 @
b0 $
b0 <
1'
#3746000
b1000 ?
b111100001110 =
b1111001 ;
b10000111 +
b10 .
b10 5
b1010 /
b1010 6
b10000111 (
b10000111 4
b101110100 3
10
#3750000
0'
#3755000
b10000111 "
b10000111 @
1'
#3756000
b110011010010 =
b1001010 ;
b10110110 +
b1011 .
b1011 5
b111 /
b111 6
b10110110 (
b10110110 4
b101110101 3
10
#3760000
0'
#3765000
b10110110 "
b10110110 @
1'
#3766000
b101011111001 =
b1100011 ;
b10011101 +
b1101 .
b1101 5
b1011001 /
b1011001 6
b10011101 (
b10011101 4
b101110110 3
10
#3770000
0'
#3775000
b10011101 "
b10011101 @
1'
#3776000
0>
b111111001000 =
b1110 ;
b0 +
b1000 )
0*
b100 .
b100 5
b10110 /
b10110 6
b11110010 (
b11110010 4
b101110111 3
10
#3780000
0'
#3785000
0#
b0 "
b0 @
b1000 $
b1000 <
1'
#3786000
b0 ?
b0 =
b110100 ;
b0 )
b0 .
b0 5
b1000100 /
b1000100 6
b11001100 (
b11001100 4
b101111000 3
10
#3790000
0'
#3795000
b0 $
b0 <
1'
#3796000
1>
b1000 ?
b110001010000 =
b1110110 ;
b10001010 +
1*
b1000 .
b1000 5
b1001100 /
b1001100 6
b10001010 (
b10001010 4
b101111001 3
10
#3800000
0'
#3805000
1#
b10001010 "
b10001010 @
1'
#3806000
b111 ?
b11010011110 =
b1111001 ;
b1111001 +
b1110 .
b1110 5
b1010010 /
b1010010 6
b1111001 (
b1111001 4
b101111010 3
10
#3810000
0'
#3815000
b1111001 "
b1111001 @
1'
#3816000
0>
b1111110 =
b101010 ;
b0 +
b111 )
0*
b11 .
b11 5
b111000 /
b111000 6
b101010 (
b101010 4
b101111011 3
10
#3820000
0'
#3825000
0#
b0 "
b0 @
b111 $
b111 <
1'
#3826000
b1110 ;
b1001 .
b1001 5
b111111 /
b111111 6
b1110 (
b1110 4
b101111100 3
10
#3830000
0'
#3835000
1'
#3836000
1>
b111000100 =
b1110001 ;
b1110001 +
b0 )
1*
b100 .
b100 5
b11 /
b11 6
b1110001 (
b1110001 4
b101111101 3
10
#3840000
0'
#3845000
1#
b1110001 "
b1110001 @
b0 $
b0 <
1'
#3846000
b10100011100 =
b1101101 ;
b1101101 +
b1100 .
b1100 5
b1010 /
b1010 6
b1101101 (
b1101101 4
b101111110 3
10
#3850000
0'
#3855000
b1101101 "
b1101101 @
1'
#3856000
0>
b1000110000 =
b101000 ;
b0 +
b111 )
0*
b1110 .
b1110 5
b1011100 /
b1011100 6
b101000 (
b101000 4
b101111111 3
10
#3860000
0'
#3865000
0#
b0 "
b0 @
b111 $
b111 <
1'
#3866000
1>
b1000 ?
b101011110000 =
b1101100 ;
b10010100 +
b0 )
1*
b1100 .
b1100 5
b1010001 /
b1010001 6
b10010100 (
b10010100 4
b110000000 3
10
#3870000
0'
#3875000
1#
b10010100 "
b10010100 @
b0 $
b0 <
1'
#3876000
0>
b0 ?
b0 =
b0 ;
b0 +
0*
b1111 .
b1111 5
b110001 /
b110001 6
b0 (
b0 4
b110000001 3
10
#3880000
0'
#3885000
0#
b0 "
b0 @
1'
#3886000
1>
b111 ?
b11110010 =
b1111001 ;
b1111001 +
1*
b10 .
b10 5
b1100010 /
b1100010 6
b1111001 (
b1111001 4
b110000010 3
10
#3890000
0'
#3895000
1#
b1111001 "
b1111001 @
1'
#3896000
b1000 ?
b111111001000 =
b11100 ;
b11100100 +
b10011 /
b10011 6
b11100100 (
b11100100 4
b110000011 3
10
#3900000
0'
#3905000
b11100100 "
b11100100 @
1'
#3906000
0>
b111100110000 =
b110100 ;
b0 +
b1000 )
0*
b100 .
b100 5
b1010001 /
b1010001 6
b11001100 (
b11001100 4
b110000100 3
10
#3910000
0'
#3915000
0#
b0 "
b0 @
b1000 $
b1000 <
1'
#3916000
b111 ?
b10110100 =
b10010 ;
b111 )
b1010 .
b1010 5
b10100 /
b10100 6
b10010 (
b10010 4
b110000101 3
10
#3920000
0'
#3925000
b111 $
b111 <
1'
#3926000
1>
b10010000 =
b11000 ;
b11000 +
b0 )
1*
b110 .
b110 5
b10110 /
b10110 6
b11000 (
b11000 4
b110000110 3
10
#3930000
0'
#3935000
1#
b11000 "
b11000 @
b0 $
b0 <
1'
#3936000
b1000 ?
b110111000110 =
b111001 ;
b11000111 +
b1010 .
b1010 5
b1 /
b1 6
b11000111 (
b11000111 4
b110000111 3
10
#3940000
0'
#3945000
b11000111 "
b11000111 @
1'
#3946000
0>
b111 ?
b11100 =
b1110 ;
b0 +
b111 )
0*
b10 .
b10 5
b11100 /
b11100 6
b1110 (
b1110 4
b110001000 3
10
#3950000
0'
#3955000
0#
b0 "
b0 @
b111 $
b111 <
1'
#3956000
1>
b1000 ?
b111111000010 =
b111110 ;
b11000010 +
b0 )
1*
b1 .
b1 5
b100000 /
b100000 6
b11000010 (
b11000010 4
b110001001 3
10
#3960000
0'
#3965000
1#
b11000010 "
b11000010 @
b0 $
b0 <
1'
#3966000
0>
b111001000111 =
b110001 ;
b0 +
b1000 )
0*
b1001 .
b1001 5
b1011110 /
b1011110 6
b11001111 (
b11001111 4
b110001010 3
10
#3970000
0'
#3975000
0#
b0 "
b0 @
b1000 $
b1000 <
1'
#3976000
1>
b111 ?
b1100000 =
b1100000 ;
b1100000 +
b0 )
1*
b1 .
b1 5
b1010001 /
b1010001 6
b1100000 (
b1100000 4
b110001011 3
10
#3980000
0'
#3985000
1#
b1100000 "
b1100000 @
b0 $
b0 <
1'
#3986000
b0 ?
b0 =
b1111111 ;
b10000001 +
b0 .
b0 5
b1010011 /
b1010011 6
b10000001 (
b10000001 4
b110001100 3
10
#3990000
0'
#3995000
b10000001 "
b10000001 @
1'
#3996000
0>
b111 ?
b10110100 =
b10010 ;
b0 +
b111 )
0*
b1010 .
b1010 5
b1011001 /
b1011001 6
b10010 (
b10010 4
b110001101 3
10
#4000000
0'
#4005000
0#
b0 "
b0 @
b111 $
b111 <
1'
#4006000
b1000001010 =
b111010 ;
b1001 .
b1001 5
b1001000 /
b1001000 6
b111010 (
b111010 4
b110001110 3
10
#4010000
0'
#4015000
1'
#4016000
b1001101 =
b111 ;
b1011 .
b1011 5
b101110 /
b101110 6
b111 (
b111 4
b110001111 3
10
#4020000
0'
#4025000
1'
#4026000
1>
b1000 ?
b111100001101 =
b1010001 ;
b10101111 +
b0 )
1*
b11 .
b11 5
b10 /
b10 6
b10101111 (
b10101111 4
b110010000 3
10
#4030000
0'
#4035000
1#
b10101111 "
b10101111 @
b0 $
b0 <
1'
#4036000
b0 ?
b0 =
b1100110 ;
b10011010 +
b0 .
b0 5
b1001001 /
b1001001 6
b10011010 (
b10011010 4
b110010001 3
10
#4040000
0'
#4045000
b10011010 "
b10011010 @
1'
#4046000
b1000 ?
b111110010101 =
b1101011 ;
b10010101 +
b1 .
b1 5
b111 /
b111 6
b10010101 (
b10010101 4
b110010010 3
10
#4050000
0'
#4055000
b10010101 "
b10010101 @
1'
#4056000
b0 ?
b0 =
b10001 ;
b11101111 +
b0 .
b0 5
b1101 /
b1101 6
b11101111 (
b11101111 4
b110010011 3
10
#4060000
0'
#4065000
b11101111 "
b11101111 @
1'
#4066000
b111 ?
b1110000100 =
b1001011 ;
b1001011 +
b1100 .
b1100 5
b1000001 /
b1000001 6
b1001011 (
b1001011 4
b110010100 3
10
#4070000
0'
#4075000
b1001011 "
b1001011 @
1'
#4076000
b1000 ?
b110110101000 =
b101000 ;
b11011000 +
b1111 .
b1111 5
b100000 /
b100000 6
b11011000 (
b11011000 4
b110010101 3
10
#4080000
0'
#4085000
b11011000 "
b11011000 @
1'
#4086000
b111110101110 =
b101001 ;
b11010111 +
b10 .
b10 5
b111 /
b111 6
b11010111 (
b11010111 4
b110010110 3
10
#4090000
0'
#4095000
b11010111 "
b11010111 @
1'
#4096000
b111 ?
b10011101100 =
b1010100 ;
b1010100 +
b1111 .
b1111 5
b101110 /
b101110 6
b1010100 (
b1010100 4
b110010111 3
10
#4100000
0'
#4105000
b1010100 "
b1010100 @
1'
#4106000
0>
b1000000 =
b1000 ;
b0 +
b111 )
0*
b1000 .
b1000 5
b100100 /
b100100 6
b1000 (
b1000 4
b110011000 3
10
#4110000
0'
#4115000
0#
b0 "
b0 @
b111 $
b111 <
1'
#4116000
1>
b1000 ?
b110101001110 =
b101110 ;
b11010010 +
b0 )
1*
b1111 .
b1111 5
b100110 /
b100110 6
b11010010 (
b11010010 4
b110011001 3
10
#4120000
0'
#4125000
1#
b11010010 "
b11010010 @
b0 $
b0 <
1'
#4126000
0>
b111 ?
b11100 =
b10 ;
b0 +
b111 )
0*
b1110 .
b1110 5
b111110 /
b111110 6
b10 (
b10 4
b110011010 3
10
#4130000
0'
#4135000
0#
b0 "
b0 @
b111 $
b111 <
1'
#4136000
b1000 ?
b110111110000 =
b1000010 ;
b1000 )
b1000 .
b1000 5
b1011100 /
b1011100 6
b10111110 (
b10111110 4
b110011011 3
10
#4140000
0'
#4145000
b1000 $
b1000 <
1'
#4146000
b111111011001 =
b100111 ;
b1 .
b1 5
b101001 /
b101001 6
b11011001 (
b11011001 4
b110011100 3
10
#4150000
0'
#4155000
1'
#4156000
b111 ?
b111010 =
b11101 ;
b111 )
b10 .
b10 5
b111000 /
b111000 6
b11101 (
b11101 4
b110011101 3
10
#4160000
0'
#4165000
b111 $
b111 <
1'
#4166000
1>
b10101001001 =
b1111011 ;
b1111011 +
b0 )
1*
b1011 .
b1011 5
b1011100 /
b1011100 6
b1111011 (
b1111011 4
b110011110 3
10
#4170000
0'
#4175000
1#
b1111011 "
b1111011 @
b0 $
b0 <
1'
#4176000
b1000 ?
b111100101100 =
b110101 ;
b11001011 +
b100 .
b100 5
b1 /
b1 6
b11001011 (
b11001011 4
b110011111 3
10
#4180000
0'
#4185000
b11001011 "
b11001011 @
1'
#4186000
b111 ?
b101111010 =
b1111110 ;
b1111110 +
b11 .
b11 5
b111011 /
b111011 6
b1111110 (
b1111110 4
b110100000 3
10
#4190000
0'
#4195000
b1111110 "
b1111110 @
1'
#4196000
0>
b10001100 =
b100011 ;
b0 +
b111 )
0*
b100 .
b100 5
b1001011 /
b1001011 6
b100011 (
b100011 4
b110100001 3
10
#4200000
0'
#4205000
0#
b0 "
b0 @
b111 $
b111 <
1'
#4206000
1>
b101000111 =
b1101101 ;
b1101101 +
b0 )
1*
b11 .
b11 5
b101010 /
b101010 6
b1101101 (
b1101101 4
b110100010 3
10
#4210000
0'
#4215000
1#
b1101101 "
b1101101 @
b0 $
b0 <
1'
#4216000
b1000 ?
b110000101000 =
b1010010 ;
b10101110 +
b1100 .
b1100 5
b11011 /
b11011 6
b10101110 (
b10101110 4
b110100011 3
10
#4220000
0'
#4225000
b10101110 "
b10101110 @
1'
#4226000
0>
b111 ?
b100001010 =
b10011 ;
b0 +
b111 )
0*
b1110 .
b1110 5
b101111 /
b101111 6
b10011 (
b10011 4
b110100100 3
10
#4230000
0'
#4235000
0#
b0 "
b0 @
b111 $
b111 <
1'
#4236000
b1 ?
b1 =
b1 ;
b1 )
b1 .
b1 5
b101010 /
b101010 6
b1 (
b1 4
b110100101 3
10
#4240000
0'
#4245000
b1 $
b1 <
1'
#4246000
1>
b111 ?
b10100010110 =
b1011101 ;
b1011101 +
b0 )
1*
b1110 .
b1110 5
b10101 /
b10101 6
b1011101 (
b1011101 4
b110100110 3
10
#4250000
0'
#4255000
1#
b1011101 "
b1011101 @
b0 $
b0 <
1'
#4256000
0>
b1000 ?
b111110101000 =
b10110 ;
b0 +
b1000 )
0*
b100 .
b100 5
b100011 /
b100011 6
b11101010 (
b11101010 4
b110100111 3
10
#4260000
0'
#4265000
0#
b0 "
b0 @
b1000 $
b1000 <
1'
#4266000
1>
b111 ?
b100011101 =
b1011111 ;
b1011111 +
b0 )
1*
b11 .
b11 5
b1010110 /
b1010110 6
b1011111 (
b1011111 4
b110101000 3
10
#4270000
0'
#4275000
1#
b1011111 "
b1011111 @
b0 $
b0 <
1'
#4276000
b111110001 =
b1000111 ;
b1000111 +
b111 .
b111 5
b1000000 /
b1000000 6
b1000111 (
b1000111 4
b110101001 3
10
#4280000
0'
#4285000
b1000111 "
b1000111 @
1'
#4286000
0>
b11001111 =
b1000101 ;
b0 +
b111 )
0*
b11 .
b11 5
b1011111 /
b1011111 6
b1000101 (
b1000101 4
b110101010 3
10
#4290000
0'
#4295000
0#
b0 "
b0 @
b111 $
b111 <
1'
#4296000
1>
b10000011101 =
b1010001 ;
b1010001 +
b0 )
1*
b1101 .
b1101 5
b1001111 /
b1001111 6
b1010001 (
b1010001 4
b110101011 3
10
#4300000
0'
#4305000
1#
b1010001 "
b1010001 @
b0 $
b0 <
1'
#4306000
0>
b1000 ?
b111011001000 =
b11010 ;
b0 +
b1000 )
0*
b1100 .
b1100 5
b100010 /
b100010 6
b11100110 (
b11100110 4
b110101100 3
10
#4310000
0'
#4315000
0#
b0 "
b0 @
b1000 $
b1000 <
1'
#4316000
b111 ?
b1011100 =
b10111 ;
b111 )
b100 .
b100 5
b110100 /
b110100 6
b10111 (
b10111 4
b110101101 3
10
#4320000
0'
#4325000
b111 $
b111 <
1'
#4326000
b1100 =
b11 ;
b1000010 /
b1000010 6
b11 (
b11 4
b110101110 3
10
#4330000
0'
#4335000
1'
#4336000
1>
b1101001101 =
b1000001 ;
b1000001 +
b0 )
1*
b1101 .
b1101 5
b110100 /
b110100 6
b1000001 (
b1000001 4
b110101111 3
10
#4340000
0'
#4345000
1#
b1000001 "
b1000001 @
b0 $
b0 <
1'
#4346000
0>
b1000 ?
b111111110111 =
b1 ;
b0 +
b1000 )
0*
b1001 .
b1001 5
b1010000 /
b1010000 6
b11111111 (
b11111111 4
b110110000 3
10
#4350000
0'
#4355000
0#
b0 "
b0 @
b1000 $
b1000 <
1'
#4356000
b111 ?
b11000 =
b11 ;
b111 )
b1000 .
b1000 5
b110001 /
b110001 6
b11 (
b11 4
b110110001 3
10
#4360000
0'
#4365000
b111 $
b111 <
1'
#4366000
1>
b1111101001 =
b1001101 ;
b1001101 +
b0 )
1*
b1101 .
b1101 5
b1001 /
b1001 6
b1001101 (
b1001101 4
b110110010 3
10
#4370000
0'
#4375000
1#
b1001101 "
b1001101 @
b0 $
b0 <
1'
#4376000
b1010111110 =
b1110101 ;
b1110101 +
b110 .
b110 5
b11101 /
b11101 6
b1110101 (
b1110101 4
b110110011 3
10
#4380000
0'
#4385000
b1110101 "
b1110101 @
1'
#4386000
b1010111000 =
b1010111 ;
b1010111 +
b1000 .
b1000 5
b111101 /
b111101 6
b1010111 (
b1010111 4
b110110100 3
10
#4390000
0'
#4395000
b1010111 "
b1010111 @
1'
#4396000
b1000 ?
b110101100110 =
b1001010 ;
b10110110 +
b1001 .
b1001 5
b101000 /
b101000 6
b10110110 (
b10110110 4
b110110101 3
10
#4400000
0'
#4405000
b10110110 "
b10110110 @
1'
#4406000
b111111000100 =
b111100 ;
b11000100 +
b1 .
b1 5
b100110 /
b100110 6
b11000100 (
b11000100 4
b110110110 3
10
#4410000
0'
#4415000
b11000100 "
b11000100 @
1'
#4416000
0>
b111010100100 =
b11101 ;
b0 +
b1000 )
0*
b1100 .
b1100 5
b110011 /
b110011 6
b11100011 (
b11100011 4
b110110111 3
10
#4420000
0'
#4425000
0#
b0 "
b0 @
b1000 $
b1000 <
1'
#4426000
1>
b101101000111 =
b1011101 ;
b10100011 +
b0 )
1*
b1101 .
b1101 5
b101001 /
b101001 6
b10100011 (
b10100011 4
b110111000 3
10
#4430000
0'
#4435000
1#
b10100011 "
b10100011 @
b0 $
b0 <
1'
#4436000
0>
b111000101010 =
b101111 ;
b0 +
b1000 )
0*
b1010 .
b1010 5
b1011101 /
b1011101 6
b11010001 (
b11010001 4
b110111001 3
10
#4440000
0'
#4445000
0#
b0 "
b0 @
b1000 $
b1000 <
1'
#4446000
1>
b111 ?
b1011100010 =
b1111011 ;
b1111011 +
b0 )
1*
b110 .
b110 5
b11 /
b11 6
b1111011 (
b1111011 4
b110111010 3
10
#4450000
0'
#4455000
1#
b1111011 "
b1111011 @
b0 $
b0 <
1'
#4456000
0>
b1000 ?
b111101010000 =
b10000 ;
b0 +
b1000 )
0*
b1011 .
b1011 5
b1001100 /
b1001100 6
b11110000 (
b11110000 4
b110111011 3
10
#4460000
0'
#4465000
0#
b0 "
b0 @
b1000 $
b1000 <
1'
#4466000
b111 ?
b110010000 =
b101000 ;
b111 )
b1010 .
b1010 5
b1011010 /
b1011010 6
b101000 (
b101000 4
b110111100 3
10
#4470000
0'
#4475000
b111 $
b111 <
1'
#4476000
1>
b100001011 =
b1011001 ;
b1011001 +
b0 )
1*
b11 .
b11 5
b1001101 /
b1001101 6
b1011001 (
b1011001 4
b110111101 3
10
#4480000
0'
#4485000
1#
b1011001 "
b1011001 @
b0 $
b0 <
1'
#4486000
b1011 ?
b111111111011 =
b101 ;
b11111011 +
b1 .
b1 5
b1 /
b1 6
b11111011 (
b11111011 4
b110111110 3
10
#4490000
0'
#4495000
b11111011 "
b11111011 @
1'
#4496000
b1000 ?
b111100110100 =
b1100110 ;
b10011010 +
b10 .
b10 5
b10011010 (
b10011010 4
b110111111 3
10
#4500000
0'
#4505000
b10011010 "
b10011010 @
1'
#4506000
b110100111100 =
b111011 ;
b11000101 +
b1100 .
b1100 5
b110111 /
b110111 6
b11000101 (
b11000101 4
b111000000 3
10
#4510000
0'
#4515000
b11000101 "
b11000101 @
1'
#4516000
b101000100110 =
b1101011 ;
b10010101 +
b1110 .
b1110 5
b100000 /
b100000 6
b10010101 (
b10010101 4
b111000001 3
10
#4520000
0'
#4525000
b10010101 "
b10010101 @
1'
#4526000
b111 ?
b1001110 =
b11010 ;
b11010 +
b11 .
b11 5
b101 /
b101 6
b11010 (
b11010 4
b111000010 3
10
#4530000
0'
#4535000
b11010 "
b11010 @
1'
#4536000
b1100110 =
b1100110 ;
b1100110 +
b1 .
b1 5
b110001 /
b110001 6
b1100110 (
b1100110 4
b111000011 3
10
#4540000
0'
#4545000
b1100110 "
b1100110 @
1'
#4546000
b1001111011 =
b1111111 ;
b1111111 +
b101 .
b101 5
b10111 /
b10111 6
b1111111 (
b1111111 4
b111000100 3
10
#4550000
0'
#4555000
b1111111 "
b1111111 @
1'
#4556000
b1000 ?
b101100101101 =
b1011111 ;
b10100001 +
b1101 .
b1101 5
b101 /
b101 6
b10100001 (
b10100001 4
b111000101 3
10
#4560000
0'
#4565000
b10100001 "
b10100001 @
1'
#4566000
b111 ?
b10001011100 =
b1111100 ;
b1111100 +
b1001 .
b1001 5
b1100011 /
b1100011 6
b1111100 (
b1111100 4
b111000110 3
10
#4570000
0'
#4575000
b1111100 "
b1111100 @
1'
#4576000
b1101010000 =
b1101010 ;
b1101010 +
b1000 .
b1000 5
b1011111 /
b1011111 6
b1101010 (
b1101010 4
b111000111 3
10
#4580000
0'
#4585000
b1101010 "
b1101010 @
1'
#4586000
b11101000 =
b1110100 ;
b1110100 +
b10 .
b10 5
b100110 /
b100110 6
b1110100 (
b1110100 4
b111001000 3
10
#4590000
0'
#4595000
b1110100 "
b1110100 @
1'
#4596000
b1000 ?
b110110110010 =
b1110110 ;
b10001010 +
b101 .
b101 5
b111110 /
b111110 6
b10001010 (
b10001010 4
b111001001 3
10
#4600000
0'
#4605000
b10001010 "
b10001010 @
1'
#4606000
b111 ?
b10001000001 =
b1111001 ;
b1111001 +
b1001 .
b1001 5
b11111 /
b11111 6
b1111001 (
b1111001 4
b111001010 3
10
#4610000
0'
#4615000
b1111001 "
b1111001 @
1'
#4616000
0>
b1000 ?
b111111100111 =
b11001 ;
b0 +
b1000 )
0*
b1 .
b1 5
b11100 /
b11100 6
b11100111 (
b11100111 4
b111001011 3
10
#4620000
0'
#4625000
0#
b0 "
b0 @
b1000 $
b1000 <
1'
#4626000
b111100011111 =
b1001 .
b1001 5
b111111 /
b111111 6
b111001100 3
10
#4630000
0'
#4635000
1'
#4636000
b111 ?
b1110111 =
b10001 ;
b111 )
b111 .
b111 5
b100111 /
b100111 6
b10001 (
b10001 4
b111001101 3
10
#4640000
0'
#4645000
b111 $
b111 <
1'
#4646000
b1000 ?
b111111010000 =
b100 ;
b1000 )
b1100 .
b1100 5
b100100 /
b100100 6
b11111100 (
b11111100 4
b111001110 3
10
#4650000
0'
#4655000
b1000 $
b1000 <
1'
#4656000
1>
b111 ?
b111111000 =
b100100 ;
b100100 +
b0 )
1*
b1110 .
b1110 5
b100 /
b100 6
b100100 (
b100100 4
b111001111 3
10
#4660000
0'
#4665000
1#
b100100 "
b100100 @
b0 $
b0 <
1'
#4666000
b1000 ?
b111100010000 =
b101000 ;
b11011000 +
b110 .
b110 5
b101 /
b101 6
b11011000 (
b11011000 4
b111010000 3
10
#4670000
0'
#4675000
b11011000 "
b11011000 @
1'
#4676000
b110011100010 =
b1110010 ;
b10001110 +
b111 .
b111 5
b110110 /
b110110 6
b10001110 (
b10001110 4
b111010001 3
10
#4680000
0'
#4685000
b10001110 "
b10001110 @
1'
#4686000
b111 ?
b10101100 =
b101011 ;
b101011 +
b100 .
b100 5
b0 /
b0 6
b101011 (
b101011 4
b111010010 3
10
#4690000
0'
#4695000
b101011 "
b101011 @
1'
#4696000
0>
b1101000 =
b1101 ;
b0 +
b111 )
0*
b1000 .
b1000 5
b1000111 /
b1000111 6
b1101 (
b1101 4
b111010011 3
10
#4700000
0'
#4705000
0#
b0 "
b0 @
b111 $
b111 <
1'
#4706000
b1000 ?
b111110101000 =
b1000 ;
b1000 )
b1011 .
b1011 5
b100001 /
b100001 6
b11111000 (
b11111000 4
b111010100 3
10
#4710000
0'
#4715000
b1000 $
b1000 <
1'
#4716000
1>
b100110111011 =
b1101011 ;
b10010101 +
b0 )
1*
b1111 .
b1111 5
b101111 /
b101111 6
b10010101 (
b10010101 4
b111010101 3
10
#4720000
0'
#4725000
1#
b10010101 "
b10010101 @
b0 $
b0 <
1'
#4726000
b111 ?
b1001001001 =
b1110101 ;
b1110101 +
b101 .
b101 5
b1001101 /
b1001101 6
b1110101 (
b1110101 4
b111010110 3
10
#4730000
0'
#4735000
b1110101 "
b1110101 @
1'
#4736000
b1110011011 =
b1000111 ;
b1000111 +
b1101 .
b1101 5
b111111 /
b111111 6
b1000111 (
b1000111 4
b111010111 3
10
#4740000
0'
#4745000
b1000111 "
b1000111 @
1'
#4746000
0>
b1000 ?
b111010010100 =
b11010 ;
b0 +
b1000 )
0*
b1110 .
b1110 5
b100011 /
b100011 6
b11100110 (
b11100110 4
b111011000 3
10
#4750000
0'
#4755000
0#
b0 "
b0 @
b1000 $
b1000 <
1'
#4756000
b111001011110 =
b100110 ;
b1011 .
b1011 5
b110000 /
b110000 6
b11011010 (
b11011010 4
b111011001 3
10
#4760000
0'
#4765000
1'
#4766000
1>
b111000000010 =
b1010101 ;
b10101011 +
b0 )
1*
b110 .
b110 5
b100000 /
b100000 6
b10101011 (
b10101011 4
b111011010 3
10
#4770000
0'
#4775000
1#
b10101011 "
b10101011 @
b0 $
b0 <
1'
#4776000
0>
b111011110010 =
b11110 ;
b0 +
b1000 )
0*
b1001 .
b1001 5
b111110 /
b111110 6
b11100010 (
b11100010 4
b111011011 3
10
#4780000
0'
#4785000
0#
b0 "
b0 @
b1000 $
b1000 <
1'
#4786000
1>
b111 ?
b1001101111 =
b1011001 ;
b1011001 +
b0 )
1*
b111 .
b111 5
b110111 /
b110111 6
b1011001 (
b1011001 4
b111011100 3
10
#4790000
0'
#4795000
1#
b1011001 "
b1011001 @
b0 $
b0 <
1'
#4796000
b1000 ?
b110101100111 =
b1011111 ;
b10100001 +
b101010 /
b101010 6
b10100001 (
b10100001 4
b111011101 3
10
#4800000
0'
#4805000
b10100001 "
b10100001 @
1'
#4806000
b111 ?
b10011111010 =
b1100010 ;
b1100010 +
b1101 .
b1101 5
b1011111 /
b1011111 6
b1100010 (
b1100010 4
b111011110 3
10
#4810000
0'
#4815000
b1100010 "
b1100010 @
1'
#4816000
0>
b1000 ?
b111101110001 =
b1101 ;
b0 +
b1000 )
0*
b1011 .
b1011 5
b1001110 /
b1001110 6
b11110011 (
b11110011 4
b111011111 3
10
#4820000
0'
#4825000
0#
b0 "
b0 @
b1000 $
b1000 <
1'
#4826000
b111 ?
b1110010011 =
b111101 ;
b111 )
b1111 .
b1111 5
b1000101 /
b1000101 6
b111101 (
b111101 4
b111100000 3
10
#4830000
0'
#4835000
b111 $
b111 <
1'
#4836000
1>
b0 ?
b0 =
b1010000 ;
b10110000 +
b0 )
1*
b0 .
b0 5
b110010 /
b110010 6
b10110000 (
b10110000 4
b111100001 3
10
#4840000
0'
#4845000
1#
b10110000 "
b10110000 @
b0 $
b0 <
1'
#4846000
b1000 ?
b101010110010 =
b1100001 ;
b10011111 +
b1110 .
b1110 5
b111011 /
b111011 6
b10011111 (
b10011111 4
b111100010 3
10
#4850000
0'
#4855000
b10011111 "
b10011111 @
1'
#4856000
0>
b111 ?
b1010100 =
b10101 ;
b0 +
b111 )
0*
b100 .
b100 5
b10111 /
b10111 6
b10101 (
b10101 4
b111100011 3
10
#4860000
0'
#4865000
0#
b0 "
b0 @
b111 $
b111 <
1'
#4866000
1>
b1000 ?
b111111000000 =
b1000000 ;
b11000000 +
b0 )
1*
b1 .
b1 5
b100110 /
b100110 6
b11000000 (
b11000000 4
b111100100 3
10
#4870000
0'
#4875000
1#
b11000000 "
b11000000 @
b0 $
b0 <
1'
#4876000
0>
b111000000101 =
b100111 ;
b0 +
b1000 )
0*
b1101 .
b1101 5
b1010000 /
b1010000 6
b11011001 (
b11011001 4
b111100101 3
10
#4880000
0'
#4885000
0#
b0 "
b0 @
b1000 $
b1000 <
1'
#4886000
b111 ?
b111100 =
b10100 ;
b111 )
b11 .
b11 5
b100000 /
b100000 6
b10100 (
b10100 4
b111100110 3
10
#4890000
0'
#4895000
b111 $
b111 <
1'
#4896000
1>
b101101 =
b101101 ;
b101101 +
b0 )
1*
b1 .
b1 5
b100111 /
b100111 6
b101101 (
b101101 4
b111100111 3
10
#4900000
0'
#4905000
1#
b101101 "
b101101 @
b0 $
b0 <
1'
#4906000
b1000 ?
b111110110110 =
b100101 ;
b11011011 +
b10 .
b10 5
b10101 /
b10101 6
b11011011 (
b11011011 4
b111101000 3
10
#4910000
0'
#4915000
b11011011 "
b11011011 @
1'
#4916000
b111 ?
b111001000 =
b111001 ;
b111001 +
b1000 .
b1000 5
b100 /
b100 6
b111001 (
b111001 4
b111101001 3
10
#4920000
0'
#4925000
b111001 "
b111001 @
1'
#4926000
b1000 ?
b111001101011 =
b1010001 ;
b10101111 +
b101 .
b101 5
b10101111 (
b10101111 4
b111101010 3
10
#4930000
0'
#4935000
b10101111 "
b10101111 @
1'
#4936000
b111 ?
b11101011 =
b101111 ;
b101111 +
b100011 /
b100011 6
b101111 (
b101111 4
b111101011 3
10
#4940000
0'
#4945000
b101111 "
b101111 @
1'
#4946000
0>
b1001000 =
b11000 ;
b0 +
b111 )
0*
b11 .
b11 5
b1011111 /
b1011111 6
b11000 (
b11000 4
b111101100 3
10
#4950000
0'
#4955000
0#
b0 "
b0 @
b111 $
b111 <
1'
#4956000
b1000 ?
b111110001110 =
b10011 ;
b1000 )
b110 .
b110 5
b11101101 (
b11101101 4
b111101101 3
10
#4960000
0'
#4965000
b1000 $
b1000 <
1'
#4966000
1>
b111 ?
b101010100 =
b100010 ;
b100010 +
b0 )
1*
b1010 .
b1010 5
b11101 /
b11101 6
b100010 (
b100010 4
b111101110 3
10
#4970000
0'
#4975000
1#
b100010 "
b100010 @
b0 $
b0 <
1'
#4976000
b1000 ?
b100100101010 =
b1111101 ;
b10000011 +
b1110 .
b1110 5
b1010000 /
b1010000 6
b10000011 (
b10000011 4
b111101111 3
10
#4980000
0'
#4985000
b10000011 "
b10000011 @
1'
#4986000
0>
b111111010000 =
b100 ;
b0 +
b1000 )
0*
b1100 .
b1100 5
b10110 /
b10110 6
b11111100 (
b11111100 4
b111110000 3
10
#4990000
0'
#4995000
0#
b0 "
b0 @
b1000 $
b1000 <
1'
#4996000
1>
b111001111000 =
b110001 ;
b11001111 +
b0 )
1*
b1000 .
b1000 5
b10011 /
b10011 6
b11001111 (
b11001111 4
b111110001 3
10
#5000000
0'
#5005000
1#
b11001111 "
b11001111 @
b0 $
b0 <
1'
#5006000
b101010011100 =
b1110011 ;
b10001101 +
b1100 .
b1100 5
b110100 /
b110100 6
b10001101 (
b10001101 4
b111110010 3
10
#5010000
0'
#5015000
b10001101 "
b10001101 @
1'
#5016000
b110000100000 =
b1111100 ;
b10000100 +
b1000 .
b1000 5
b110001 /
b110001 6
b10000100 (
b10000100 4
b111110011 3
10
#5020000
0'
#5025000
b10000100 "
b10000100 @
1'
#5026000
b111 ?
b10101110 =
b11101 ;
b11101 +
b110 .
b110 5
b10001 /
b10001 6
b11101 (
b11101 4
b111110100 3
10
#5030000
0'
#5035000
b11101 "
b11101 @
1'
#5036000
b111101010 =
b1000110 ;
b1000110 +
b111 .
b111 5
b111011 /
b111011 6
b1000110 (
b1000110 4
b111110101 3
10
#5040000
0'
#5045000
b1000110 "
b1000110 @
1'
#5046000
b1000 ?
b101110011011 =
b1111101 ;
b10000011 +
b1001 .
b1001 5
b111010 /
b111010 6
b10000011 (
b10000011 4
b111110110 3
10
#5050000
0'
#5055000
b10000011 "
b10000011 @
1'
#5056000
0>
b111 ?
b1101110010 =
b111111 ;
b0 +
b111 )
0*
b1110 .
b1110 5
b1010101 /
b1010101 6
b111111 (
b111111 4
b111110111 3
10
#5060000
0'
#5065000
0#
b0 "
b0 @
b111 $
b111 <
1'
#5066000
b1000 =
b10 ;
b100 .
b100 5
b1000000 /
b1000000 6
b10 (
b10 4
b111111000 3
10
#5070000
0'
#5075000
1'
#5076000
1>
b1000 ?
b110000010000 =
b1111110 ;
b10000010 +
b0 )
1*
b1000 .
b1000 5
b10111 /
b10111 6
b10000010 (
b10000010 4
b111111001 3
10
#5080000
0'
#5085000
1#
b10000010 "
b10000010 @
b0 $
b0 <
1'
#5086000
0>
b101110111100 =
b1001110 ;
b0 +
b1000 )
0*
b1110 .
b1110 5
b1010001 /
b1010001 6
b10110010 (
b10110010 4
b111111010 3
10
#5090000
0'
#5095000
0#
b0 "
b0 @
b1000 $
b1000 <
1'
#5096000
b111 ?
b101101100 =
b11010 ;
b111 )
b111011 /
b111011 6
b11010 (
b11010 4
b111111011 3
10
#5100000
0'
#5105000
b111 $
b111 <
1'
#5106000
b10110 =
b10110 ;
b1 .
b1 5
b1010111 /
b1010111 6
b10110 (
b10110 4
b111111100 3
10
#5110000
0'
#5115000
1'
#5116000
1>
b1000 ?
b110101000100 =
b110010 ;
b11001110 +
b0 )
1*
b1110 .
b1110 5
b1 /
b1 6
b11001110 (
b11001110 4
b111111101 3
10
#5120000
0'
#5125000
1#
b11001110 "
b11001110 @
b0 $
b0 <
1'
#5126000
b111 ?
b1101110100 =
b1000100 ;
b1000100 +
b1101 .
b1101 5
b111001 /
b111001 6
b1000100 (
b1000100 4
b111111110 3
10
#5130000
0'
#5135000
b1000100 "
b1000100 @
1'
#5136000
0>
b1000 ?
b111111011001 =
b100111 ;
b0 +
b1000 )
0*
b1 .
b1 5
b101100 /
b101100 6
b11011001 (
b11011001 4
b111111111 3
10
#5140000
0'
#5145000
0#
b0 "
b0 @
b1000 $
b1000 <
1'
#5146000
b111 ?
b100011000 =
b11100 ;
b111 )
b1010 .
b1010 5
b1010110 /
b1010110 6
b11100 (
b11100 4
b1000000000 3
10
#5150000
0'
#5155000
b111 $
b111 <
1'
#5156000
b1000 ?
b110110100101 =
b1000011 ;
b1000 )
b1001 .
b1001 5
b1011111 /
b1011111 6
b10111101 (
b10111101 4
b1000000001 3
10
#5160000
0'
#5165000
b1000 $
b1000 <
1'
#5166000
1>
b111 ?
b100001011 =
b1011001 ;
b1011001 +
b0 )
1*
b11 .
b11 5
b1100 /
b1100 6
b1011001 (
b1011001 4
b1000000010 3
10
#5170000
0'
#5175000
1#
b1011001 "
b1011001 @
b0 $
b0 <
1'
#5176000
0>
b1000 ?
b111100011111 =
b1111 ;
b0 +
b1000 )
0*
b1111 .
b1111 5
b111101 /
b111101 6
b11110001 (
b11110001 4
b1000000011 3
10
#5180000
0'
#5185000
0#
b0 "
b0 @
b1000 $
b1000 <
1'
#5186000
b0 ?
b0 =
b0 ;
b0 )
b1100 .
b1100 5
b1010110 /
b1010110 6
b0 (
b0 4
b1000000100 3
10
#5190000
0'
#5195000
b0 $
b0 <
1'
#5196000
b1000 ?
b111101011000 =
b1100 ;
b1000 )
b1110 .
b1110 5
b1011111 /
b1011111 6
b11110100 (
b11110100 4
b1000000101 3
10
#5200000
0'
#5205000
b1000 $
b1000 <
1'
#5206000
b111 ?
b1000010 =
b100001 ;
b111 )
b10 .
b10 5
b101101 /
b101101 6
b100001 (
b100001 4
b1000000110 3
10
#5210000
0'
#5215000
b111 $
b111 <
1'
#5216000
b10110 =
b10110 ;
b1 .
b1 5
b11100 /
b11100 6
b10110 (
b10110 4
b1000000111 3
10
#5220000
0'
#5225000
1'
#5226000
1>
b1000 ?
b111111001000 =
b111000 ;
b11001000 +
b0 )
1*
b11101 /
b11101 6
b11001000 (
b11001000 4
b1000001000 3
10
#5230000
0'
#5235000
1#
b11001000 "
b11001000 @
b0 $
b0 <
1'
#5236000
b111 ?
b10111110 =
b1011111 ;
b1011111 +
b10 .
b10 5
b101001 /
b101001 6
b1011111 (
b1011111 4
b1000001001 3
10
#5240000
0'
#5245000
b1011111 "
b1011111 @
1'
#5246000
b1111110000 =
b1010100 ;
b1010100 +
b1100 .
b1100 5
b1110 /
b1110 6
b1010100 (
b1010100 4
b1000001010 3
10
#5250000
0'
#5255000
b1010100 "
b1010100 @
1'
#5256000
0>
b1000 ?
b111110010100 =
b1001 ;
b0 +
b1000 )
0*
b1011110 /
b1011110 6
b11110111 (
b11110111 4
b1000001011 3
10
#5260000
0'
#5265000
0#
b0 "
b0 @
b1000 $
b1000 <
1'
#5266000
1>
b0 ?
b0 =
b1101110 ;
b1101110 +
b0 )
1*
b0 .
b0 5
b1010001 /
b1010001 6
b1101110 (
b1101110 4
b1000001100 3
10
#5270000
0'
#5275000
1#
b1101110 "
b1101110 @
b0 $
b0 <
1'
#5276000
0>
b111 ?
b1110010 =
b111001 ;
b0 +
b111 )
0*
b10 .
b10 5
b1001001 /
b1001001 6
b111001 (
b111001 4
b1000001101 3
10
#5280000
0'
#5285000
0#
b0 "
b0 @
b111 $
b111 <
1'
#5286000
1>
b111000111 =
b1011011 ;
b1011011 +
b0 )
1*
b101 .
b101 5
b111100 /
b111100 6
b1011011 (
b1011011 4
b1000001110 3
10
#5290000
0'
#5295000
1#
b1011011 "
b1011011 @
b0 $
b0 <
1'
#5296000
0>
b1000 ?
b101110000000 =
b1100000 ;
b0 +
b1000 )
0*
b1100 .
b1100 5
b1100011 /
b1100011 6
b10100000 (
b10100000 4
b1000001111 3
10
#5300000
0'
#5305000
0#
b0 "
b0 @
b1000 $
b1000 <
1'
#5306000
1>
b111 ?
b11101000 =
b111010 ;
b111010 +
b0 )
1*
b100 .
b100 5
b1100 /
b1100 6
b111010 (
b111010 4
b1000010000 3
10
#5310000
0'
#5315000
1#
b111010 "
b111010 @
b0 $
b0 <
1'
#5316000
0>
b1000 ?
b111111101110 =
b10 ;
b0 +
b1000 )
0*
b1001 .
b1001 5
b1101 /
b1101 6
b11111110 (
b11111110 4
b1000010001 3
10
#5320000
0'
#5325000
0#
b0 "
b0 @
b1000 $
b1000 <
1'
#5326000
b111 ?
b1001001001 =
b100111 ;
b111 )
b1111 .
b1111 5
b1010001 /
b1010001 6
b100111 (
b100111 4
b1000010010 3
10
#5330000
0'
#5335000
b111 $
b111 <
1'
#5336000
1>
b1000 ?
b111110000100 =
b11111 ;
b11100001 +
b0 )
1*
b100 .
b100 5
b0 /
b0 6
b11100001 (
b11100001 4
b1000010011 3
10
#5340000
0'
#5345000
1#
b11100001 "
b11100001 @
b0 $
b0 <
1'
#5346000
b111000011100 =
b1111001 ;
b10000111 +
b1000 /
b1000 6
b10000111 (
b10000111 4
b1000010100 3
10
#5350000
0'
#5355000
b10000111 "
b10000111 @
1'
#5356000
b111 ?
b110010101 =
b101101 ;
b101101 +
b1001 .
b1001 5
b101101 (
b101101 4
b1000010101 3
10
#5360000
0'
#5365000
b101101 "
b101101 @
1'
#5366000
b1000 ?
b110100010010 =
b110010 ;
b11001110 +
b1111 .
b1111 5
b10100 /
b10100 6
b11001110 (
b11001110 4
b1000010110 3
10
#5370000
0'
#5375000
b11001110 "
b11001110 @
1'
#5376000
0>
b111 ?
b11100110 =
b10111 ;
b0 +
b111 )
0*
b1010 .
b1010 5
b111000 /
b111000 6
b10111 (
b10111 4
b1000010111 3
10
#5380000
0'
#5385000
0#
b0 "
b0 @
b111 $
b111 <
1'
#5386000
b1000 ?
b111111001111 =
b111 ;
b1000 )
b111 .
b111 5
b111110 /
b111110 6
b11111001 (
b11111001 4
b1000011000 3
10
#5390000
0'
#5395000
b1000 $
b1000 <
1'
#5396000
b110111101011 =
b101001 ;
b1101 .
b1101 5
b101110 /
b101110 6
b11010111 (
b11010111 4
b1000011001 3
10
#5400000
0'
#5405000
1'
#5406000
1>
b111 ?
b1101001000 =
b1010100 ;
b1010100 +
b0 )
1*
b1010 .
b1010 5
b101011 /
b101011 6
b1010100 (
b1010100 4
b1000011010 3
10
#5410000
0'
#5415000
1#
b1010100 "
b1010100 @
b0 $
b0 <
1'
#5416000
0>
b1000 ?
b111100000001 =
b10001 ;
b0 +
b1000 )
0*
b1111 .
b1111 5
b1100000 /
b1100000 6
b11101111 (
b11101111 4
b1000011011 3
10
#5420000
0'
#5425000
0#
b0 "
b0 @
b1000 $
b1000 <
1'
#5426000
1>
b111 ?
b1001110000 =
b110000 ;
b110000 +
b0 )
1*
b1101 .
b1101 5
b100001 /
b100001 6
b110000 (
b110000 4
b1000011100 3
10
#5430000
0'
#5435000
1#
b110000 "
b110000 @
b0 $
b0 <
1'
#5436000
b1000 ?
b110111000000 =
b1100000 ;
b10100000 +
b110 .
b110 5
b1011101 /
b1011101 6
b10100000 (
b10100000 4
b1000011101 3
10
#5440000
0'
#5445000
b10100000 "
b10100000 @
1'
#5446000
b111 ?
b1101010000 =
b1101010 ;
b1101010 +
b1000 .
b1000 5
b11101 /
b11101 6
b1101010 (
b1101010 4
b1000011110 3
10
#5450000
0'
#5455000
b1101010 "
b1101010 @
1'
#5456000
b10111110001 =
b1110101 ;
b1110101 +
b1101 .
b1101 5
b110011 /
b110011 6
b1110101 (
b1110101 4
b1000011111 3
10
#5460000
0'
#5465000
b1110101 "
b1110101 @
1'
#5466000
0>
b1000 ?
b111000000010 =
b1010101 ;
b0 +
b1000 )
0*
b110 .
b110 5
b1011101 /
b1011101 6
b10101011 (
b10101011 4
b1000100000 3
10
#5470000
0'
#5475000
0#
b0 "
b0 @
b1000 $
b1000 <
1'
#5476000
b111 ?
b11000011 =
b1101 ;
b111 )
b1111 .
b1111 5
b1010000 /
b1010000 6
b1101 (
b1101 4
b1000100001 3
10
#5480000
0'
#5485000
b111 $
b111 <
1'
#5486000
b100100 =
b1001 ;
b100 .
b100 5
b100001 /
b100001 6
b1001 (
b1001 4
b1000100010 3
10
#5490000
0'
#5495000
1'
#5496000
b11100 =
b11100 ;
b1 .
b1 5
b100100 /
b100100 6
b11100 (
b11100 4
b1000100011 3
10
#5500000
0'
#5505000
1'
#5506000
b1000 ?
b111111000010 =
b111110 ;
b1000 )
b1011100 /
b1011100 6
b11000010 (
b11000010 4
b1000100100 3
10
#5510000
0'
#5515000
b1000 $
b1000 <
1'
#5516000
1>
b111 ?
b1111110110 =
b1001110 ;
b1001110 +
b0 )
1*
b1101 .
b1101 5
b1000 /
b1000 6
b1001110 (
b1001110 4
b1000100101 3
10
#5520000
0'
#5525000
1#
b1001110 "
b1001110 @
b0 $
b0 <
1'
#5526000
0>
b1000 ?
b111100100000 =
b100000 ;
b0 +
b1000 )
0*
b111 .
b111 5
b111011 /
b111011 6
b11100000 (
b11100000 4
b1000100110 3
10
#5530000
0'
#5535000
0#
b0 "
b0 @
b1000 $
b1000 <
1'
#5536000
1>
b111 ?
b1000110001 =
b110011 ;
b110011 +
b0 )
1*
b1011 .
b1011 5
b11011 /
b11011 6
b110011 (
b110011 4
b1000100111 3
10
#5540000
0'
#5545000
1#
b110011 "
b110011 @
b0 $
b0 <
1'
#5546000
b1000 ?
b110100101000 =
b1101000 ;
b10011000 +
b111 .
b111 5
b1011 /
b1011 6
b10011000 (
b10011000 4
b1000101000 3
10
#5550000
0'
#5555000
b10011000 "
b10011000 @
1'
#5556000
b110100 ;
b11001100 +
b1110 .
b1110 5
b101111 /
b101111 6
b11001100 (
b11001100 4
b1000101001 3
10
#5560000
0'
#5565000
b11001100 "
b11001100 @
1'
#5566000
0>
b111111001010 =
b10010 ;
b0 +
b1000 )
0*
b11 .
b11 5
b100000 /
b100000 6
b11101110 (
b11101110 4
b1000101010 3
10
#5570000
0'
#5575000
0#
b0 "
b0 @
b1000 $
b1000 <
1'
#5576000
b111010110000 =
b111000 ;
b110 .
b110 5
b1001001 /
b1001001 6
b11001000 (
b11001000 4
b1000101011 3
10
#5580000
0'
#5585000
1'
#5586000
b111101001010 =
b1101 ;
b1110 .
b1110 5
b111100 /
b111100 6
b11110011 (
b11110011 4
b1000101100 3
10
#5590000
0'
#5595000
1'
#5596000
1>
b111011000000 =
b1010000 ;
b10110000 +
b0 )
1*
b100 .
b100 5
b101101 /
b101101 6
b10110000 (
b10110000 4
b1000101101 3
10
#5600000
0'
#5605000
1#
b10110000 "
b10110000 @
b0 $
b0 <
1'
#5606000
b0 ?
b0 =
b1101000 ;
b10011000 +
b0 .
b0 5
b101 /
b101 6
b10011000 (
b10011000 4
b1000101110 3
10
#5610000
0'
#5615000
b10011000 "
b10011000 @
1'
#5616000
b1000 ?
b101011100111 =
b1010111 ;
b10101001 +
b1111 .
b1111 5
b100011 /
b100011 6
b10101001 (
b10101001 4
b1000101111 3
10
#5620000
0'
#5625000
b10101001 "
b10101001 @
1'
#5626000
b0 ?
b0 =
b1111000 ;
b10001000 +
b0 .
b0 5
b1011111 /
b1011111 6
b10001000 (
b10001000 4
b1000110000 3
10
#5630000
0'
#5635000
b10001000 "
b10001000 @
1'
#5636000
0>
b1000 ?
b110110010000 =
b1001110 ;
b0 +
b1000 )
0*
b1000 .
b1000 5
b1011110 /
b1011110 6
b10110010 (
b10110010 4
b1000110001 3
10
#5640000
0'
#5645000
0#
b0 "
b0 @
b1000 $
b1000 <
1'
#5646000
1>
b100111100000 =
b1110000 ;
b10010000 +
b0 )
1*
b1110 .
b1110 5
b1010 /
b1010 6
b10010000 (
b10010000 4
b1000110010 3
10
#5650000
0'
#5655000
1#
b10010000 "
b10010000 @
b0 $
b0 <
1'
#5656000
0>
b110110110111 =
b100111 ;
b0 +
b1000 )
0*
b1111 .
b1111 5
b1011111 /
b1011111 6
b11011001 (
b11011001 4
b1000110011 3
10
#5660000
0'
#5665000
0#
b0 "
b0 @
b1000 $
b1000 <
1'
#5666000
1>
b111011100000 =
b110000 ;
b11010000 +
b0 )
1*
b110 .
b110 5
b10110 /
b10110 6
b11010000 (
b11010000 4
b1000110100 3
10
#5670000
0'
#5675000
1#
b11010000 "
b11010000 @
b0 $
b0 <
1'
#5676000
b111 ?
b1000011100 =
b1101100 ;
b1101100 +
b101 .
b101 5
b100111 /
b100111 6
b1101100 (
b1101100 4
b1000110101 3
10
#5680000
0'
#5685000
b1101100 "
b1101100 @
1'
#5686000
0>
b1000 ?
b111110001101 =
b10111 ;
b0 +
b1000 )
0*
b101010 /
b101010 6
b11101001 (
b11101001 4
b1000110110 3
10
#5690000
0'
#5695000
0#
b0 "
b0 @
b1000 $
b1000 <
1'
#5696000
b111 ?
b1010 =
b1010 ;
b111 )
b1 .
b1 5
b1101 /
b1101 6
b1010 (
b1010 4
b1000110111 3
10
#5700000
0'
#5705000
b111 $
b111 <
1'
#5706000
1>
b1011010000 =
b1001000 ;
b1001000 +
b0 )
1*
b1010 .
b1010 5
b100110 /
b100110 6
b1001000 (
b1001000 4
b1000111000 3
10
#5710000
0'
#5715000
1#
b1001000 "
b1001000 @
b0 $
b0 <
1'
#5716000
b1000 ?
b101011101010 =
b1011101 ;
b10100011 +
b1110 .
b1110 5
b10100011 (
b10100011 4
b1000111001 3
10
#5720000
0'
#5725000
b10100011 "
b10100011 @
1'
#5726000
b111 ?
b1110011011 =
b1000111 ;
b1000111 +
b1101 .
b1101 5
b110000 /
b110000 6
b1000111 (
b1000111 4
b1000111010 3
10
#5730000
0'
#5735000
b1000111 "
b1000111 @
1'
#5736000
b0 ?
b0 =
b1100001 ;
b1100001 +
b0 .
b0 5
b100010 /
b100010 6
b1100001 (
b1100001 4
b1000111011 3
10
#5740000
0'
#5745000
b1100001 "
b1100001 @
1'
#5746000
0>
b1000 ?
b111110101100 =
b1110 ;
b0 +
b1000 )
0*
b110 .
b110 5
b110001 /
b110001 6
b11110010 (
b11110010 4
b1000111100 3
10
#5750000
0'
#5755000
0#
b0 "
b0 @
b1000 $
b1000 <
1'
#5756000
1>
b111 ?
b10001010 =
b1000101 ;
b1000101 +
b0 )
1*
b10 .
b10 5
b1110 /
b1110 6
b1000101 (
b1000101 4
b1000111101 3
10
#5760000
0'
#5765000
1#
b1000101 "
b1000101 @
b0 $
b0 <
1'
#5766000
0>
b1100000 =
b1100 ;
b0 +
b111 )
0*
b1000 .
b1000 5
b101111 /
b101111 6
b1100 (
b1100 4
b1000111110 3
10
#5770000
0'
#5775000
0#
b0 "
b0 @
b111 $
b111 <
1'
#5776000
b1000 ?
b111101011011 =
b1111 ;
b1000 )
b1011 .
b1011 5
b1010111 /
b1010111 6
b11110001 (
b11110001 4
b1000111111 3
10
#5780000
0'
#5785000
b1000 $
b1000 <
1'
#5786000
b111100011000 =
b111010 ;
b100 .
b100 5
b111111 /
b111111 6
b11000110 (
b11000110 4
b1001000000 3
10
#5790000
0'
#5795000
1'
#5796000
1>
b111 ?
b1010001000 =
b1101100 ;
b1101100 +
b0 )
1*
b110 .
b110 5
b100100 /
b100100 6
b1101100 (
b1101100 4
b1001000001 3
10
#5800000
0'
#5805000
1#
b1101100 "
b1101100 @
b0 $
b0 <
1'
#5806000
b1000 ?
b111100010000 =
b110000 ;
b11010000 +
b101 .
b101 5
b10000 /
b10000 6
b11010000 (
b11010000 4
b1001000010 3
10
#5810000
0'
#5815000
b11010000 "
b11010000 @
1'
#5816000
0>
b0 ?
b0 =
b10011 ;
b0 +
0*
b0 .
b0 5
b10011 /
b10011 6
b11101101 (
b11101101 4
b1001000011 3
10
#5820000
0'
#5825000
0#
b0 "
b0 @
1'
#5826000
1>
b1000 ?
b111011000000 =
b1010000 ;
b10110000 +
1*
b100 .
b100 5
b11001 /
b11001 6
b10110000 (
b10110000 4
b1001000100 3
10
#5830000
0'
#5835000
1#
b10110000 "
b10110000 @
1'
#5836000
0>
b111101101000 =
b10011 ;
b0 +
b1000 )
0*
b1000 .
b1000 5
b1000010 /
b1000010 6
b11101101 (
b11101101 4
b1001000101 3
10
#5840000
0'
#5845000
0#
b0 "
b0 @
b1000 $
b1000 <
1'
#5846000
1>
b110011111000 =
b1100001 ;
b10011111 +
b0 )
1*
b1011001 /
b1011001 6
b10011111 (
b10011111 4
b1001000110 3
10
#5850000
0'
#5855000
1#
b10011111 "
b10011111 @
b0 $
b0 <
1'
#5856000
0>
b111110001000 =
b1010 ;
b0 +
b1000 )
0*
b1100 .
b1100 5
b100010 /
b100010 6
b11110110 (
b11110110 4
b1001000111 3
10
#5860000
0'
#5865000
0#
b0 "
b0 @
b1000 $
b1000 <
1'
#5866000
1>
b111 ?
b1000011 =
b1000011 ;
b1000011 +
b0 )
1*
b1 .
b1 5
b1111 /
b1111 6
b1000011 (
b1000011 4
b1001001000 3
10
#5870000
0'
#5875000
1#
b1000011 "
b1000011 @
b0 $
b0 <
1'
#5876000
b1000 ?
b110011101000 =
b1011000 ;
b10101000 +
b1001 .
b1001 5
b10100 /
b10100 6
b10101000 (
b10101000 4
b1001001001 3
10
#5880000
0'
#5885000
b10101000 "
b10101000 @
1'
#5886000
0>
b111 ?
b10000 =
b100 ;
b0 +
b111 )
0*
b100 .
b100 5
b101110 /
b101110 6
b100 (
b100 4
b1001001010 3
10
#5890000
0'
#5895000
0#
b0 "
b0 @
b111 $
b111 <
1'
#5896000
1>
b10111111010 =
b1100110 ;
b1100110 +
b0 )
1*
b1111 .
b1111 5
b1001 /
b1001 6
b1100110 (
b1100110 4
b1001001011 3
10
#5900000
0'
#5905000
1#
b1100110 "
b1100110 @
b0 $
b0 <
1'
#5906000
0>
b101101000 =
b101000 ;
b0 +
b111 )
0*
b1001 .
b1001 5
b1000100 /
b1000100 6
b101000 (
b101000 4
b1001001100 3
10
#5910000
0'
#5915000
0#
b0 "
b0 @
b111 $
b111 <
1'
#5916000
1>
b10001 =
b10001 ;
b10001 +
b0 )
1*
b1 .
b1 5
b1000 /
b1000 6
b10001 (
b10001 4
b1001001101 3
10
#5920000
0'
#5925000
1#
b10001 "
b10001 @
b0 $
b0 <
1'
#5926000
b1000 ?
b101100100000 =
b1101000 ;
b10011000 +
b1100 .
b1100 5
b1011100 /
b1011100 6
b10011000 (
b10011000 4
b1001001110 3
10
#5930000
0'
#5935000
b10011000 "
b10011000 @
1'
#5936000
b111 ?
b101010000 =
b111000 ;
b111000 +
b110 .
b110 5
b10010 /
b10010 6
b111000 (
b111000 4
b1001001111 3
10
#5940000
0'
#5945000
b111000 "
b111000 @
1'
#5946000
b10010011100 =
b1110110 ;
b1110110 +
b1010 .
b1010 5
b111100 /
b111100 6
b1110110 (
b1110110 4
b1001010000 3
10
#5950000
0'
#5955000
b1110110 "
b1110110 @
1'
#5956000
b1000 ?
b111011111000 =
b1011000 ;
b10101000 +
b11 .
b11 5
b111101 /
b111101 6
b10101000 (
b10101000 4
b1001010001 3
10
#5960000
0'
#5965000
b10101000 "
b10101000 @
1'
#5966000
b111 ?
b110101 =
b110101 ;
b110101 +
b1 .
b1 5
b111 /
b111 6
b110101 (
b110101 4
b1001010010 3
10
#5970000
0'
#5975000
b110101 "
b110101 @
1'
#5976000
0>
b1000 ?
b111111001111 =
b111 ;
b0 +
b1000 )
0*
b111 .
b111 5
b1100 /
b1100 6
b11111001 (
b11111001 4
b1001010011 3
10
#5980000
0'
#5985000
0#
b0 "
b0 @
b1000 $
b1000 <
1'
#5986000
b111 ?
b100010001 =
b10101 ;
b111 )
b1101 .
b1101 5
b1010110 /
b1010110 6
b10101 (
b10101 4
b1001010100 3
10
#5990000
0'
#5995000
b111 $
b111 <
1'
#5996000
b1000 ?
b111110010000 =
b1110 ;
b1000 )
b1000 .
b1000 5
b11110010 (
b11110010 4
b1001010101 3
10
#6000000
0'
#6005000
b1000 $
b1000 <
1'
#6006000
1>
b111 ?
b1101110010 =
b1111110 ;
b1111110 +
b0 )
1*
b111 .
b111 5
b1011100 /
b1011100 6
b1111110 (
b1111110 4
b1001010110 3
10
#6010000
0'
#6015000
1#
b1111110 "
b1111110 @
b0 $
b0 <
1'
#6016000
b1000101 =
b10111 ;
b10111 +
b11 .
b11 5
b1110 /
b1110 6
b10111 (
b10111 4
b1001010111 3
10
#6020000
0'
#6025000
b10111 "
b10111 @
1'
#6026000
0>
b1000 ?
b110011011010 =
b111110 ;
b0 +
b1000 )
0*
b1101 .
b1101 5
b1000110 /
b1000110 6
b11000010 (
b11000010 4
b1001011000 3
10
#6030000
0'
#6035000
0#
b0 "
b0 @
b1000 $
b1000 <
1'
#6036000
1>
b111111001000 =
b1110 ;
b11110010 +
b0 )
1*
b100 .
b100 5
b1100 /
b1100 6
b11110010 (
b11110010 4
b1001011001 3
10
#6040000
0'
#6045000
1#
b11110010 "
b11110010 @
b0 $
b0 <
1'
#6046000
0>
b111101001010 =
b1101 ;
b0 +
b1000 )
0*
b1110 .
b1110 5
b1100000 /
b1100000 6
b11110011 (
b11110011 4
b1001011010 3
10
#6050000
0'
#6055000
0#
b0 "
b0 @
b1000 $
b1000 <
1'
#6056000
1>
b110110011100 =
b1000100 ;
b10111100 +
b0 )
1*
b1001 .
b1001 5
b11111 /
b11111 6
b10111100 (
b10111100 4
b1001011011 3
10
#6060000
0'
#6065000
1#
b10111100 "
b10111100 @
b0 $
b0 <
1'
#6066000
b111 ?
b111100000 =
b1010000 ;
b1010000 +
b110 .
b110 5
b0 /
b0 6
b1010000 (
b1010000 4
b1001011100 3
10
#6070000
0'
#6075000
b1010000 "
b1010000 @
1'
#6076000
b1010110101 =
b1001101 ;
b1001101 +
b1001 .
b1001 5
b111110 /
b111110 6
b1001101 (
b1001101 4
b1001011101 3
10
#6080000
0'
#6085000
b1001101 "
b1001101 @
1'
#6086000
b100001110 =
b110110 ;
b110110 +
b101 .
b101 5
b110101 /
b110101 6
b110110 (
b110110 4
b1001011110 3
10
#6090000
0'
#6095000
b110110 "
b110110 @
1'
#6096000
b1000 ?
b101111010100 =
b1011001 ;
b10100111 +
b1100 .
b1100 5
b1010 /
b1010 6
b10100111 (
b10100111 4
b1001011111 3
10
#6100000
0'
#6105000
b10100111 "
b10100111 @
1'
#6106000
0>
b111110000000 =
b10000 ;
b0 +
b1000 )
0*
b1000 .
b1000 5
b100111 /
b100111 6
b11110000 (
b11110000 4
b1001100000 3
10
#6110000
0'
#6115000
0#
b0 "
b0 @
b1000 $
b1000 <
1'
#6116000
b110000110100 =
b1010001 ;
b1100 .
b1100 5
b1011110 /
b1011110 6
b10101111 (
b10101111 4
b1001100001 3
10
#6120000
0'
#6125000
1'
#6126000
1>
b0 ?
b0 =
b1011000 ;
b1011000 +
b0 )
1*
b0 .
b0 5
b11000 /
b11000 6
b1011000 (
b1011000 4
b1001100010 3
10
#6130000
0'
#6135000
1#
b1011000 "
b1011000 @
b0 $
b0 <
1'
#6136000
0>
b1000 ?
b111010100010 =
b11001 ;
b0 +
b1000 )
0*
b1110 .
b1110 5
b100111 /
b100111 6
b11100111 (
b11100111 4
b1001100011 3
10
#6140000
0'
#6145000
0#
b0 "
b0 @
b1000 $
b1000 <
1'
#6146000
b111 ?
b1101001111 =
b1001101 ;
b111 )
b1011 .
b1011 5
b1010010 /
b1010010 6
b1001101 (
b1001101 4
b1001100100 3
10
#6150000
0'
#6155000
b111 $
b111 <
1'
#6156000
1>
b1100000010 =
b1000110 ;
b1000110 +
b0 )
1*
b11011 /
b11011 6
b1000110 (
b1000110 4
b1001100101 3
10
#6160000
0'
#6165000
1#
b1000110 "
b1000110 @
b0 $
b0 <
1'
#6166000
0>
b1000 ?
b111001111000 =
b110001 ;
b0 +
b1000 )
0*
b1000 .
b1000 5
b1010011 /
b1010011 6
b11001111 (
b11001111 4
b1001100110 3
10
#6170000
0'
#6175000
0#
b0 "
b0 @
b1000 $
b1000 <
1'
#6176000
1>
b111101010001 =
b100011 ;
b11011101 +
b0 )
1*
b101 .
b101 5
b1100 /
b1100 6
b11011101 (
b11011101 4
b1001100111 3
10
#6180000
0'
#6185000
1#
b11011101 "
b11011101 @
b0 $
b0 <
1'
#6186000
b111110100011 =
b1011101 ;
b10100011 +
b1 .
b1 5
b101111 /
b101111 6
b10100011 (
b10100011 4
b1001101000 3
10
#6190000
0'
#6195000
b10100011 "
b10100011 @
1'
#6196000
0>
b111 ?
b110101101 =
b100001 ;
b0 +
b111 )
0*
b1101 .
b1101 5
b110001 /
b110001 6
b100001 (
b100001 4
b1001101001 3
10
#6200000
0'
#6205000
0#
b0 "
b0 @
b111 $
b111 <
1'
#6206000
1>
b1111000110 =
b1000101 ;
b1000101 +
b0 )
1*
b1110 .
b1110 5
b11100 /
b11100 6
b1000101 (
b1000101 4
b1001101010 3
10
#6210000
0'
#6215000
1#
b1000101 "
b1000101 @
b0 $
b0 <
1'
#6216000
0>
b1010 =
b101 ;
b0 +
b111 )
0*
b10 .
b10 5
b110111 /
b110111 6
b101 (
b101 4
b1001101011 3
10
#6220000
0'
#6225000
0#
b0 "
b0 @
b111 $
b111 <
1'
#6226000
1>
b1000 ?
b111110001010 =
b1110110 ;
b10001010 +
b0 )
1*
b1 .
b1 5
b1010101 /
b1010101 6
b10001010 (
b10001010 4
b1001101100 3
10
#6230000
0'
#6235000
1#
b10001010 "
b10001010 @
b0 $
b0 <
1'
#6236000
b111 ?
b101001 =
b101001 ;
b101001 +
b110 /
b110 6
b101001 (
b101001 4
b1001101101 3
10
#6240000
0'
#6245000
b101001 "
b101001 @
1'
#6246000
0>
b100000011 =
b100101 ;
b0 +
b111 )
0*
b111 .
b111 5
b101101 /
b101101 6
b100101 (
b100101 4
b1001101110 3
10
#6250000
0'
#6255000
0#
b0 "
b0 @
b111 $
b111 <
1'
#6256000
1>
b1110000100 =
b1100100 ;
b1100100 +
b0 )
1*
b1001 .
b1001 5
b101001 /
b101001 6
b1100100 (
b1100100 4
b1001101111 3
10
#6260000
0'
#6265000
1#
b1100100 "
b1100100 @
b0 $
b0 <
1'
#6266000
b1000 ?
b111010111100 =
b110110 ;
b11001010 +
b110 .
b110 5
b101011 /
b101011 6
b11001010 (
b11001010 4
b1001110000 3
10
#6270000
0'
#6275000
b11001010 "
b11001010 @
1'
#6276000
b111011101001 =
b1011101 ;
b10100011 +
b11 .
b11 5
b1000011 /
b1000011 6
b10100011 (
b10100011 4
b1001110001 3
10
#6280000
0'
#6285000
b10100011 "
b10100011 @
1'
#6286000
b111 ?
b1111100000 =
b1111100 ;
b1111100 +
b1000 .
b1000 5
b10001 /
b10001 6
b1111100 (
b1111100 4
b1001110010 3
10
#6290000
0'
#6295000
b1111100 "
b1111100 @
1'
#6296000
b1111010 =
b1111010 ;
b1111010 +
b1 .
b1 5
b11000 /
b11000 6
b1111010 (
b1111010 4
b1001110011 3
10
#6300000
0'
#6305000
b1111010 "
b1111010 @
1'
#6306000
b101001010 =
b11110 ;
b11110 +
b1011 .
b1011 5
b10 /
b10 6
b11110 (
b11110 4
b1001110100 3
10
#6310000
0'
#6315000
b11110 "
b11110 @
1'
#6316000
b0 ?
b0 =
b1111001 ;
b10000111 +
b0 .
b0 5
b10111 /
b10111 6
b10000111 (
b10000111 4
b1001110101 3
10
#6320000
0'
#6325000
b10000111 "
b10000111 @
1'
#6326000
b111 ?
b10010000011 =
b1001101 ;
b1001101 +
b1111 .
b1111 5
b100101 /
b100101 6
b1001101 (
b1001101 4
b1001110110 3
10
#6330000
0'
#6335000
b1001101 "
b1001101 @
1'
#6336000
b1101011010 =
b1001110 ;
b1001110 +
b1011 .
b1011 5
b10011 /
b10011 6
b1001110 (
b1001110 4
b1001110111 3
10
#6340000
0'
#6345000
b1001110 "
b1001110 @
1'
#6346000
0>
b10100 =
b101 ;
b0 +
b111 )
0*
b100 .
b100 5
b11100 /
b11100 6
b101 (
b101 4
b1001111000 3
10
#6350000
0'
#6355000
0#
b0 "
b0 @
b111 $
b111 <
1'
#6356000
1>
b1000 ?
b101000110011 =
b1100011 ;
b10011101 +
b0 )
1*
b1111 .
b1111 5
b1000011 /
b1000011 6
b10011101 (
b10011101 4
b1001111001 3
10
#6360000
0'
#6365000
1#
b10011101 "
b10011101 @
b0 $
b0 <
1'
#6366000
0>
b110000000100 =
b1010101 ;
b0 +
b1000 )
0*
b1100 .
b1100 5
b1010111 /
b1010111 6
b10101011 (
b10101011 4
b1001111010 3
10
#6370000
0'
#6375000
0#
b0 "
b0 @
b1000 $
b1000 <
1'
#6376000
1>
b111011011110 =
b111010 ;
b11000110 +
b0 )
1*
b101 .
b101 5
b10011 /
b10011 6
b11000110 (
b11000110 4
b1001111011 3
10
#6380000
0'
#6385000
1#
b11000110 "
b11000110 @
b0 $
b0 <
1'
#6386000
0>
b111 ?
b110111 =
b1011 ;
b0 +
b111 )
0*
b110010 /
b110010 6
b1011 (
b1011 4
b1001111100 3
10
#6390000
0'
#6395000
0#
b0 "
b0 @
b111 $
b111 <
1'
#6396000
1>
b1000 ?
b111101010101 =
b10011 ;
b11101101 +
b0 )
1*
b1001 .
b1001 5
b111 /
b111 6
b11101101 (
b11101101 4
b1001111101 3
10
#6400000
0'
#6405000
1#
b11101101 "
b11101101 @
b0 $
b0 <
1'
#6406000
b0 ?
b0 =
b1010100 ;
b10101100 +
b0 .
b0 5
b100111 /
b100111 6
b10101100 (
b10101100 4
b1001111110 3
10
#6410000
0'
#6415000
b10101100 "
b10101100 @
1'
#6416000
b1000 ?
b111011100000 =
b1001000 ;
b10111000 +
b100 .
b100 5
b1110 /
b1110 6
b10111000 (
b10111000 4
b1001111111 3
10
#6420000
0'
#6425000
b10111000 "
b10111000 @
1'
#6426000
b0 ?
b0 =
b1000001 ;
b1000001 +
b0 .
b0 5
b1000001 (
b1000001 4
b1010000000 3
10
#6430000
0'
#6435000
b1000001 "
b1000001 @
1'
#6436000
b1111001 ;
b10000111 +
b110 /
b110 6
b10000111 (
b10000111 4
b1010000001 3
10
#6440000
0'
#6445000
b10000111 "
b10000111 @
1'
#6446000
b111 ?
b110000001 =
b100011 ;
b100011 +
b1011 .
b1011 5
b11110 /
b11110 6
b100011 (
b100011 4
b1010000010 3
10
#6450000
0'
#6455000
b100011 "
b100011 @
1'
#6456000
b1000 ?
b110111010000 =
b1000110 ;
b10111010 +
b1000 .
b1000 5
b101111 /
b101111 6
b10111010 (
b10111010 4
b1010000011 3
10
#6460000
0'
#6465000
b10111010 "
b10111010 @
1'
#6466000
0>
b111 ?
b11100 =
b11100 ;
b0 +
b111 )
0*
b1 .
b1 5
b11111 /
b11111 6
b11100 (
b11100 4
b1010000100 3
10
#6470000
0'
#6475000
0#
b0 "
b0 @
b111 $
b111 <
1'
#6476000
b0 ?
b0 =
b101011 ;
b0 )
b0 .
b0 5
b101110 /
b101110 6
b11010101 (
b11010101 4
b1010000101 3
10
#6480000
0'
#6485000
b0 $
b0 <
1'
#6486000
1>
b111 ?
b101101100 =
b1011011 ;
b1011011 +
1*
b100 .
b100 5
b101011 /
b101011 6
b1011011 (
b1011011 4
b1010000110 3
10
#6490000
0'
#6495000
1#
b1011011 "
b1011011 @
1'
#6496000
0>
b1000 ?
b111001111010 =
b11110 ;
b0 +
b1000 )
0*
b1101 .
b1101 5
b100011 /
b100011 6
b11100010 (
b11100010 4
b1010000111 3
10
#6500000
0'
#6505000
0#
b0 "
b0 @
b1000 $
b1000 <
1'
#6506000
1>
b111 ?
b100010001 =
b1011011 ;
b1011011 +
b0 )
1*
b11 .
b11 5
b111000 /
b111000 6
b1011011 (
b1011011 4
b1010001000 3
10
#6510000
0'
#6515000
1#
b1011011 "
b1011011 @
b0 $
b0 <
1'
#6516000
b1000 ?
b110100110000 =
b1111000 ;
b10001000 +
b110 .
b110 5
b101 /
b101 6
b10001000 (
b10001000 4
b1010001001 3
10
#6520000
0'
#6525000
b10001000 "
b10001000 @
1'
#6526000
0>
b0 ?
b0 =
b101000 ;
b0 +
0*
b0 .
b0 5
b1001101 /
b1001101 6
b11011000 (
b11011000 4
b1010001010 3
10
#6530000
0'
#6535000
0#
b0 "
b0 @
1'
#6536000
1>
b1000 ?
b101000000110 =
b1100110 ;
b10011010 +
1*
b1111 .
b1111 5
b1001111 /
b1001111 6
b10011010 (
b10011010 4
b1010001011 3
10
#6540000
0'
#6545000
1#
b10011010 "
b10011010 @
1'
#6546000
0>
b111110111010 =
b111 ;
b0 +
b1000 )
0*
b1010 .
b1010 5
b110011 /
b110011 6
b11111001 (
b11111001 4
b1010001100 3
10
#6550000
0'
#6555000
0#
b0 "
b0 @
b1000 $
b1000 <
1'
#6556000
1>
b111111000011 =
b111101 ;
b11000011 +
b0 )
1*
b1 .
b1 5
b11100 /
b11100 6
b11000011 (
b11000011 4
b1010001101 3
10
#6560000
0'
#6565000
1#
b11000011 "
b11000011 @
b0 $
b0 <
1'
#6566000
0>
b111 ?
b11010000 =
b11010 ;
b0 +
b111 )
0*
b1000 .
b1000 5
b1010010 /
b1010010 6
b11010 (
b11010 4
b1010001110 3
10
#6570000
0'
#6575000
0#
b0 "
b0 @
b111 $
b111 <
1'
#6576000
1>
b10100 =
b1010 ;
b1010 +
b0 )
1*
b10 .
b10 5
b101 /
b101 6
b1010 (
b1010 4
b1010001111 3
10
#6580000
0'
#6585000
1#
b1010 "
b1010 @
b0 $
b0 <
1'
#6586000
0>
b1111000 =
b0 +
b111 )
0*
b1100 .
b1100 5
b1001011 /
b1001011 6
b1010010000 3
10
#6590000
0'
#6595000
0#
b0 "
b0 @
b111 $
b111 <
1'
#6596000
b1000 ?
b111111110000 =
b10000 ;
b1000 )
b1 .
b1 5
b111010 /
b111010 6
b11110000 (
b11110000 4
b1010010001 3
10
#6600000
0'
#6605000
b1000 $
b1000 <
1'
#6606000
1>
b111 ?
b1001110110 =
b1000110 ;
b1000110 +
b0 )
1*
b1001 .
b1001 5
b111001 /
b111001 6
b1000110 (
b1000110 4
b1010010010 3
10
#6610000
0'
#6615000
1#
b1000110 "
b1000110 @
b0 $
b0 <
1'
#6616000
0>
b100011110 =
b11010 ;
b0 +
b111 )
0*
b1011 .
b1011 5
b100001 /
b100001 6
b11010 (
b11010 4
b1010010011 3
10
#6620000
0'
#6625000
0#
b0 "
b0 @
b111 $
b111 <
1'
#6626000
1>
b1000 ?
b110101001111 =
b110101 ;
b11001011 +
b0 )
1*
b1101 .
b1101 5
b110011 /
b110011 6
b11001011 (
b11001011 4
b1010010100 3
10
#6630000
0'
#6635000
1#
b11001011 "
b11001011 @
b0 $
b0 <
1'
#6636000
b111001001000 =
b1101110 ;
b10010010 +
b100 .
b100 5
b1001001 /
b1001001 6
b10010010 (
b10010010 4
b1010010101 3
10
#6640000
0'
#6645000
b10010010 "
b10010010 @
1'
#6646000
0>
b111 ?
b101010000 =
b110000 ;
b0 +
b111 )
0*
b111 .
b111 5
b110100 /
b110100 6
b110000 (
b110000 4
b1010010110 3
10
#6650000
0'
#6655000
0#
b0 "
b0 @
b111 $
b111 <
1'
#6656000
b1000 ?
b111001000000 =
b111000 ;
b1000 )
b1000 .
b1000 5
b1010001 /
b1010001 6
b11001000 (
b11001000 4
b1010010111 3
10
#6660000
0'
#6665000
b1000 $
b1000 <
1'
#6666000
1>
b111 ?
b10101011100 =
b1100010 ;
b1100010 +
b0 )
1*
b1110 .
b1110 5
b100100 /
b100100 6
b1100010 (
b1100010 4
b1010011000 3
10
#6670000
0'
#6675000
1#
b1100010 "
b1100010 @
b0 $
b0 <
1'
#6676000
0>
b1000 ?
b111001001110 =
b11111 ;
b0 +
b1000 )
0*
b1100000 /
b1100000 6
b11100001 (
b11100001 4
b1010011001 3
10
#6680000
0'
#6685000
0#
b0 "
b0 @
b1000 $
b1000 <
1'
#6686000
b111110010000 =
b11100 ;
b100 .
b100 5
b100000 /
b100000 6
b11100100 (
b11100100 4
b1010011010 3
10
#6690000
0'
#6695000
1'
#6696000
1>
b100100101010 =
b1111101 ;
b10000011 +
b0 )
1*
b1110 .
b1110 5
b110010 /
b110010 6
b10000011 (
b10000011 4
b1010011011 3
10
#6700000
0'
#6705000
1#
b10000011 "
b10000011 @
b0 $
b0 <
1'
#6706000
b111 ?
b10111110 =
b1011111 ;
b1011111 +
b10 .
b10 5
b1000110 /
b1000110 6
b1011111 (
b1011111 4
b1010011100 3
10
#6710000
0'
#6715000
b1011111 "
b1011111 @
1'
#6716000
b10101111100 =
b1101100 ;
b1101100 +
b1101 .
b1101 5
b1000101 /
b1000101 6
b1101100 (
b1101100 4
b1010011101 3
10
#6720000
0'
#6725000
b1101100 "
b1101100 @
1'
#6726000
b1100110011 =
b1011011 ;
b1011011 +
b1001 .
b1001 5
b100110 /
b100110 6
b1011011 (
b1011011 4
b1010011110 3
10
#6730000
0'
#6735000
b1011011 "
b1011011 @
1'
#6736000
b1000 ?
b111000101100 =
b1001110 ;
b10110010 +
b110 .
b110 5
b1000101 /
b1000101 6
b10110010 (
b10110010 4
b1010011111 3
10
#6740000
0'
#6745000
b10110010 "
b10110010 @
1'
#6746000
0>
b111 ?
b1111110 =
b1001 ;
b0 +
b111 )
0*
b1110 .
b1110 5
b1000000 /
b1000000 6
b1001 (
b1001 4
b1010100000 3
10
#6750000
0'
#6755000
0#
b0 "
b0 @
b111 $
b111 <
1'
#6756000
1>
b1011011000 =
b1011011 ;
b1011011 +
b0 )
1*
b1000 .
b1000 5
b100001 /
b100001 6
b1011011 (
b1011011 4
b1010100001 3
10
#6760000
0'
#6765000
1#
b1011011 "
b1011011 @
b0 $
b0 <
1'
#6766000
b1000 ?
b111001000000 =
b1000000 ;
b11000000 +
b111 .
b111 5
b11100 /
b11100 6
b11000000 (
b11000000 4
b1010100010 3
10
#6770000
0'
#6775000
b11000000 "
b11000000 @
1'
#6776000
b101001010000 =
b1110000 ;
b10010000 +
b1101 .
b1101 5
b100010 /
b100010 6
b10010000 (
b10010000 4
b1010100011 3
10
#6780000
0'
#6785000
b10010000 "
b10010000 @
1'
#6786000
b111 ?
b10111010111 =
b1110011 ;
b1110011 +
b10 /
b10 6
b1110011 (
b1110011 4
b1010100100 3
10
#6790000
0'
#6795000
b1110011 "
b1110011 @
1'
#6796000
b1000 ?
b111000100101 =
b1011111 ;
b10100001 +
b101 .
b101 5
b1001001 /
b1001001 6
b10100001 (
b10100001 4
b1010100101 3
10
#6800000
0'
#6805000
b10100001 "
b10100001 @
1'
#6806000
b111 ?
b11001011 =
b11101 ;
b11101 +
b111 .
b111 5
b11011 /
b11011 6
b11101 (
b11101 4
b1010100110 3
10
#6810000
0'
#6815000
b11101 "
b11101 @
1'
#6816000
0>
b1000 ?
b111111000011 =
b111101 ;
b0 +
b1000 )
0*
b1 .
b1 5
b1011100 /
b1011100 6
b11000011 (
b11000011 4
b1010100111 3
10
#6820000
0'
#6825000
0#
b0 "
b0 @
b1000 $
b1000 <
1'
#6826000
1>
b100010101101 =
b1111101 ;
b10000011 +
b0 )
1*
b1111 .
b1111 5
b110001 /
b110001 6
b10000011 (
b10000011 4
b1010101000 3
10
#6830000
0'
#6835000
1#
b10000011 "
b10000011 @
b0 $
b0 <
1'
#6836000
0>
b111 ?
b110110 =
b1001 ;
b0 +
b111 )
0*
b110 .
b110 5
b100101 /
b100101 6
b1001 (
b1001 4
b1010101001 3
10
#6840000
0'
#6845000
0#
b0 "
b0 @
b111 $
b111 <
1'
#6846000
b1000 ?
b111111000100 =
b101 ;
b1000 )
b1100 .
b1100 5
b101100 /
b101100 6
b11111011 (
b11111011 4
b1010101010 3
10
#6850000
0'
#6855000
b1000 $
b1000 <
1'
#6856000
b111 ?
b111111110 =
b110011 ;
b111 )
b1010 .
b1010 5
b1100011 /
b1100011 6
b110011 (
b110011 4
b1010101011 3
10
#6860000
0'
#6865000
b111 $
b111 <
1'
#6866000
1>
b1000 ?
b111101100110 =
b10110 ;
b11101010 +
b0 )
1*
b111 .
b111 5
b101 /
b101 6
b11101010 (
b11101010 4
b1010101100 3
10
#6870000
0'
#6875000
1#
b11101010 "
b11101010 @
b0 $
b0 <
1'
#6876000
b100101010010 =
b1110010 ;
b10001110 +
b1111 .
b1111 5
b1000000 /
b1000000 6
b10001110 (
b10001110 4
b1010101101 3
10
#6880000
0'
#6885000
b10001110 "
b10001110 @
1'
#6886000
b111 ?
b100001110 =
b10010 ;
b10010 +
b1111 /
b1111 6
b10010 (
b10010 4
b1010101110 3
10
#6890000
0'
#6895000
b10010 "
b10010 @
1'
#6896000
0>
b11100001 =
b1111 ;
b0 +
b111 )
0*
b1011000 /
b1011000 6
b1111 (
b1111 4
b1010101111 3
10
#6900000
0'
#6905000
0#
b0 "
b0 @
b111 $
b111 <
1'
#6906000
1>
b110010101 =
b101101 ;
b101101 +
b0 )
1*
b1001 .
b1001 5
b10001 /
b10001 6
b101101 (
b101101 4
b1010110000 3
10
#6910000
0'
#6915000
1#
b101101 "
b101101 @
b0 $
b0 <
1'
#6916000
b1000 ?
b101100110000 =
b1011000 ;
b10101000 +
b1110 .
b1110 5
b111001 /
b111001 6
b10101000 (
b10101000 4
b1010110001 3
10
#6920000
0'
#6925000
b10101000 "
b10101000 @
1'
#6926000
b111 ?
b101101000 =
b111100 ;
b111100 +
b110 .
b110 5
b1101 /
b1101 6
b111100 (
b111100 4
b1010110010 3
10
#6930000
0'
#6935000
b111100 "
b111100 @
1'
#6936000
b10011101101 =
b1100001 ;
b1100001 +
b1101 .
b1101 5
b11100 /
b11100 6
b1100001 (
b1100001 4
b1010110011 3
10
#6940000
0'
#6945000
b1100001 "
b1100001 @
1'
#6946000
b110111000 =
b1101110 ;
b1101110 +
b100 .
b100 5
b110 /
b110 6
b1101110 (
b1101110 4
b1010110100 3
10
#6950000
0'
#6955000
b1101110 "
b1101110 @
1'
#6956000
b11001110100 =
b1110110 ;
b1110110 +
b1110 .
b1110 5
b10010 /
b10010 6
b1110110 (
b1110110 4
b1010110101 3
10
#6960000
0'
#6965000
b1110110 "
b1110110 @
1'
#6966000
0>
b0 ?
b0 =
b1001110 ;
b0 +
0*
b0 .
b0 5
b1011110 /
b1011110 6
b10110010 (
b10110010 4
b1010110110 3
10
#6970000
0'
#6975000
0#
b0 "
b0 @
1'
#6976000
b111 ?
b10000101 =
b10011 ;
b111 )
b111 .
b111 5
b1100011 /
b1100011 6
b10011 (
b10011 4
b1010110111 3
10
#6980000
0'
#6985000
b111 $
b111 <
1'
#6986000
b10100 =
b100 ;
b101 .
b101 5
b1011010 /
b1011010 6
b100 (
b100 4
b1010111000 3
10
#6990000
0'
#6995000
1'
#6996000
1>
b10011100 =
b1001110 ;
b1001110 +
b0 )
1*
b10 .
b10 5
b1001101 /
b1001101 6
b1001110 (
b1001110 4
b1010111001 3
10
#7000000
0'
#7005000
1#
b1001110 "
b1001110 @
b0 $
b0 <
1'
#7006000
b1000 ?
b110100010010 =
b1001011 ;
b10110101 +
b1010 .
b1010 5
b10110 /
b10110 6
b10110101 (
b10110101 4
b1010111010 3
10
#7010000
0'
#7015000
b10110101 "
b10110101 @
1'
#7016000
b111101011100 =
b101001 ;
b11010111 +
b100 .
b100 5
b100010 /
b100010 6
b11010111 (
b11010111 4
b1010111011 3
10
#7020000
0'
#7025000
b11010111 "
b11010111 @
1'
#7026000
b110110100110 =
b101011 ;
b11010101 +
b1110 .
b1110 5
b101001 /
b101001 6
b11010101 (
b11010101 4
b1010111100 3
10
#7030000
0'
#7035000
b11010101 "
b11010101 @
1'
#7036000
0>
b111 ?
b10100101 =
b110111 ;
b0 +
b111 )
0*
b11 .
b11 5
b1000011 /
b1000011 6
b110111 (
b110111 4
b1010111101 3
10
#7040000
0'
#7045000
0#
b0 "
b0 @
b111 $
b111 <
1'
#7046000
b110000 =
b1100 ;
b100 .
b100 5
b1000100 /
b1000100 6
b1100 (
b1100 4
b1010111110 3
10
#7050000
0'
#7055000
1'
#7056000
1>
b0 ?
b0 =
b1011010 ;
b1011010 +
b0 )
1*
b0 .
b0 5
b11100 /
b11100 6
b1011010 (
b1011010 4
b1010111111 3
10
#7060000
0'
#7065000
1#
b1011010 "
b1011010 @
b0 $
b0 <
1'
#7066000
b111 ?
b1111010 =
b1111010 ;
b1111010 +
b1 .
b1 5
b100111 /
b100111 6
b1111010 (
b1111010 4
b1011000000 3
10
#7070000
0'
#7075000
b1111010 "
b1111010 @
1'
#7076000
0>
b1101100100 =
b111110 ;
b0 +
b111 )
0*
b1110 .
b1110 5
b1011000 /
b1011000 6
b111110 (
b111110 4
b1011000001 3
10
#7080000
0'
#7085000
0#
b0 "
b0 @
b111 $
b111 <
1'
#7086000
b1000 ?
b111010010010 =
b111101 ;
b1000 )
b110 .
b110 5
b1001000 /
b1001000 6
b11000011 (
b11000011 4
b1011000010 3
10
#7090000
0'
#7095000
b1000 $
b1000 <
1'
#7096000
b111100011111 =
b1111 ;
b1111 .
b1111 5
b11110001 (
b11110001 4
b1011000011 3
10
#7100000
0'
#7105000
1'
#7106000
1>
b111 ?
b10001000100 =
b1010100 ;
b1010100 +
b0 )
1*
b1101 .
b1101 5
b1001001 /
b1001001 6
b1010100 (
b1010100 4
b1011000100 3
10
#7110000
0'
#7115000
1#
b1010100 "
b1010100 @
b0 $
b0 <
1'
#7116000
b1010100110 =
b1110001 ;
b1110001 +
b110 .
b110 5
b1010000 /
b1010000 6
b1110001 (
b1110001 4
b1011000101 3
10
#7120000
0'
#7125000
b1110001 "
b1110001 @
1'
#7126000
0>
b11110000 =
b11110 ;
b0 +
b111 )
0*
b1000 .
b1000 5
b1100001 /
b1100001 6
b11110 (
b11110 4
b1011000110 3
10
#7130000
0'
#7135000
0#
b0 "
b0 @
b111 $
b111 <
1'
#7136000
b1000 ?
b111101111100 =
b1100 ;
b1000 )
b1011 .
b1011 5
b10011 /
b10011 6
b11110100 (
b11110100 4
b1011000111 3
10
#7140000
0'
#7145000
b1000 $
b1000 <
1'
#7146000
b111 ?
b10000000 =
b100000 ;
b111 )
b100 .
b100 5
b1011101 /
b1011101 6
b100000 (
b100000 4
b1011001000 3
10
#7150000
0'
#7155000
b111 $
b111 <
1'
#7156000
1>
b1000 ?
b101111001001 =
b1010011 ;
b10101101 +
b0 )
1*
b1101 .
b1101 5
b100100 /
b100100 6
b10101101 (
b10101101 4
b1011001001 3
10
#7160000
0'
#7165000
1#
b10101101 "
b10101101 @
b0 $
b0 <
1'
#7166000
b111 ?
b111101010 =
b110001 ;
b110001 +
b1010 .
b1010 5
b11 /
b11 6
b110001 (
b110001 4
b1011001010 3
10
#7170000
0'
#7175000
b110001 "
b110001 @
1'
#7176000
b11001001010 =
b1110011 ;
b1110011 +
b1110 .
b1110 5
b10 /
b10 6
b1110011 (
b1110011 4
b1011001011 3
10
#7180000
0'
#7185000
b1110011 "
b1110011 @
1'
#7186000
0>
b101000 =
b10100 ;
b0 +
b111 )
0*
b10 .
b10 5
b110101 /
b110101 6
b10100 (
b10100 4
b1011001100 3
10
#7190000
0'
#7195000
0#
b0 "
b0 @
b111 $
b111 <
1'
#7196000
1>
b1000 ?
b110011001000 =
b1100111 ;
b10011001 +
b0 )
1*
b1000 .
b1000 5
b111001 /
b111001 6
b10011001 (
b10011001 4
b1011001101 3
10
#7200000
0'
#7205000
1#
b10011001 "
b10011001 @
b0 $
b0 <
1'
#7206000
0>
b111 ?
b1000011100 =
b110110 ;
b0 +
b111 )
0*
b1010 .
b1010 5
b110111 /
b110111 6
b110110 (
b110110 4
b1011001110 3
10
#7210000
0'
#7215000
0#
b0 "
b0 @
b111 $
b111 <
1'
#7216000
1>
b11001110011 =
b1111111 ;
b1111111 +
b0 )
1*
b1101 .
b1101 5
b10000 /
b10000 6
b1111111 (
b1111111 4
b1011001111 3
10
#7220000
0'
#7225000
1#
b1111111 "
b1111111 @
b0 $
b0 <
1'
#7226000
b1000100010 =
b101010 ;
b101010 +
b101000 /
b101000 6
b101010 (
b101010 4
b1011010000 3
10
#7230000
0'
#7235000
b101010 "
b101010 @
1'
#7236000
b1000 ?
b111010100100 =
b1010111 ;
b10101001 +
b100 .
b100 5
b111000 /
b111000 6
b10101001 (
b10101001 4
b1011010001 3
10
#7240000
0'
#7245000
b10101001 "
b10101001 @
1'
#7246000
b111 ?
b111101 =
b111101 ;
b111101 +
b1 .
b1 5
b1101 /
b1101 6
b111101 (
b111101 4
b1011010010 3
10
#7250000
0'
#7255000
b111101 "
b111101 @
1'
#7256000
0>
b1001 ?
b111111111001 =
b111 ;
b0 +
b1001 )
0*
b1100001 /
b1100001 6
b11111001 (
b11111001 4
b1011010011 3
10
#7260000
0'
#7265000
0#
b0 "
b0 @
b1001 $
b1001 <
1'
#7266000
b111 ?
b11110 =
b11110 ;
b111 )
b101010 /
b101010 6
b11110 (
b11110 4
b1011010100 3
10
#7270000
0'
#7275000
b111 $
b111 <
1'
#7276000
1>
b1000 ?
b110011111010 =
b1010110 ;
b10101010 +
b0 )
1*
b1001 .
b1001 5
b1000010 /
b1000010 6
b10101010 (
b10101010 4
b1011010101 3
10
#7280000
0'
#7285000
1#
b10101010 "
b10101010 @
b0 $
b0 <
1'
#7286000
b111 ?
b10000010101 =
b1011111 ;
b1011111 +
b1011 .
b1011 5
b1001001 /
b1001001 6
b1011111 (
b1011111 4
b1011010110 3
10
#7290000
0'
#7295000
b1011111 "
b1011111 @
1'
#7296000
0>
b0 ?
b0 =
b100 ;
b0 +
0*
b0 .
b0 5
b1010011 /
b1010011 6
b100 (
b100 4
b1011010111 3
10
#7300000
0'
#7305000
0#
b0 "
b0 @
1'
#7306000
1>
b111 ?
b10100010 =
b1010001 ;
b1010001 +
1*
b10 .
b10 5
b10010 /
b10010 6
b1010001 (
b1010001 4
b1011011000 3
10
#7310000
0'
#7315000
1#
b1010001 "
b1010001 @
1'
#7316000
0>
b1000 ?
b111011110110 =
b100110 ;
b0 +
b1000 )
0*
b111 .
b111 5
b110000 /
b110000 6
b11011010 (
b11011010 4
b1011011001 3
10
#7320000
0'
#7325000
0#
b0 "
b0 @
b1000 $
b1000 <
1'
#7326000
b111 ?
b1111110 =
b10010 ;
b111 )
b1011111 /
b1011111 6
b10010 (
b10010 4
b1011011010 3
10
#7330000
0'
#7335000
b111 $
b111 <
1'
#7336000
1>
b1000 ?
b101110000010 =
b1110011 ;
b10001101 +
b0 )
1*
b1010 .
b1010 5
b10001 /
b10001 6
b10001101 (
b10001101 4
b1011011011 3
10
#7340000
0'
#7345000
1#
b10001101 "
b10001101 @
b0 $
b0 <
1'
#7346000
b111 ?
b111111010 =
b101110 ;
b101110 +
b1011 .
b1011 5
b11000 /
b11000 6
b101110 (
b101110 4
b1011011100 3
10
#7350000
0'
#7355000
b101110 "
b101110 @
1'
#7356000
0>
b1000 ?
b111111001010 =
b11011 ;
b0 +
b1000 )
0*
b10 .
b10 5
b1100100 /
b1100100 6
b11100101 (
b11100101 4
b1011011101 3
10
#7360000
0'
#7365000
0#
b0 "
b0 @
b1000 $
b1000 <
1'
#7366000
1>
b111 ?
b1000000011 =
b1100111 ;
b1100111 +
b0 )
1*
b101 .
b101 5
b111 /
b111 6
b1100111 (
b1100111 4
b1011011110 3
10
#7370000
0'
#7375000
1#
b1100111 "
b1100111 @
b0 $
b0 <
1'
#7376000
0>
b0 ?
b0 =
b0 ;
b0 +
0*
b110 .
b110 5
b1000001 /
b1000001 6
b0 (
b0 4
b1011011111 3
10
#7380000
0'
#7385000
0#
b0 "
b0 @
1'
#7386000
1>
b1000 ?
b101101011100 =
b1101100 ;
b10010100 +
1*
b1011 .
b1011 5
b101101 /
b101101 6
b10010100 (
b10010100 4
b1011100000 3
10
#7390000
0'
#7395000
1#
b10010100 "
b10010100 @
1'
#7396000
0>
b111 ?
b1010100 =
b111 ;
b0 +
b111 )
0*
b1100 .
b1100 5
b110011 /
b110011 6
b111 (
b111 4
b1011100001 3
10
#7400000
0'
#7405000
0#
b0 "
b0 @
b111 $
b111 <
1'
#7406000
1>
b1011100000 =
b1011100 ;
b1011100 +
b0 )
1*
b1000 .
b1000 5
b1010 /
b1010 6
b1011100 (
b1011100 4
b1011100010 3
10
#7410000
0'
#7415000
1#
b1011100 "
b1011100 @
b0 $
b0 <
1'
#7416000
b1011000110 =
b1000111 ;
b1000111 +
b1010 .
b1010 5
b1100 /
b1100 6
b1000111 (
b1000111 4
b1011100011 3
10
#7420000
0'
#7425000
b1000111 "
b1000111 @
1'
#7426000
0>
b10010011 =
b10101 ;
b0 +
b111 )
0*
b111 .
b111 5
b10110 /
b10110 6
b10101 (
b10101 4
b1011100100 3
10
#7430000
0'
#7435000
0#
b0 "
b0 @
b111 $
b111 <
1'
#7436000
1>
b1000 ?
b110011110000 =
b1100010 ;
b10011110 +
b0 )
1*
b1000 .
b1000 5
b11110 /
b11110 6
b10011110 (
b10011110 4
b1011100101 3
10
#7440000
0'
#7445000
1#
b10011110 "
b10011110 @
b0 $
b0 <
1'
#7446000
0>
b111100011111 =
b1111 ;
b0 +
b1000 )
0*
b1111 .
b1111 5
b1000010 /
b1000010 6
b11110001 (
b11110001 4
b1011100110 3
10
#7450000
0'
#7455000
0#
b0 "
b0 @
b1000 $
b1000 <
1'
#7456000
1>
b111 ?
b10000000 =
b1000000 ;
b1000000 +
b0 )
1*
b10 .
b10 5
b10 /
b10 6
b1000000 (
b1000000 4
b1011100111 3
10
#7460000
0'
#7465000
1#
b1000000 "
b1000000 @
b0 $
b0 <
1'
#7466000
0>
b1010100 =
b110 ;
b0 +
b111 )
0*
b1110 .
b1110 5
b1011011 /
b1011011 6
b110 (
b110 4
b1011101000 3
10
#7470000
0'
#7475000
0#
b0 "
b0 @
b111 $
b111 <
1'
#7476000
1>
b1000 ?
b101100110010 =
b1111011 ;
b10000101 +
b0 )
1*
b1010 .
b1010 5
b1100011 /
b1100011 6
b10000101 (
b10000101 4
b1011101001 3
10
#7480000
0'
#7485000
1#
b10000101 "
b10000101 @
b0 $
b0 <
1'
#7486000
b111 ?
b10000101111 =
b1110111 ;
b1110111 +
b1001 .
b1001 5
b1000111 /
b1000111 6
b1110111 (
b1110111 4
b1011101010 3
10
#7490000
0'
#7495000
b1110111 "
b1110111 @
1'
#7496000
0>
b1111010011 =
b1011001 ;
b0 +
b111 )
0*
b1011 .
b1011 5
b1100011 /
b1100011 6
b1011001 (
b1011001 4
b1011101011 3
10
#7500000
0'
#7505000
0#
b0 "
b0 @
b111 $
b111 <
1'
#7506000
1>
b0 ?
b0 =
b1110010 ;
b10001110 +
b0 )
1*
b0 .
b0 5
b111110 /
b111110 6
b10001110 (
b10001110 4
b1011101100 3
10
#7510000
0'
#7515000
1#
b10001110 "
b10001110 @
b0 $
b0 <
1'
#7516000
b111 ?
b111111111 =
b1001001 ;
b1001001 +
b111 .
b111 5
b100001 /
b100001 6
b1001001 (
b1001001 4
b1011101101 3
10
#7520000
0'
#7525000
b1001001 "
b1001001 @
1'
#7526000
0>
b1000 ?
b111000111110 =
b11110 ;
b0 +
b1000 )
0*
b1111 .
b1111 5
b1011000 /
b1011000 6
b11100010 (
b11100010 4
b1011101110 3
10
#7530000
0'
#7535000
0#
b0 "
b0 @
b1000 $
b1000 <
1'
#7536000
b111111110001 =
b101 ;
b11 .
b11 5
b1011 /
b1011 6
b11111011 (
b11111011 4
b1011101111 3
10
#7540000
0'
#7545000
1'
#7546000
1>
b110111001011 =
b1110001 ;
b10001111 +
b0 )
1*
b101 .
b101 5
b1010000 /
b1010000 6
b10001111 (
b10001111 4
b1011110000 3
10
#7550000
0'
#7555000
1#
b10001111 "
b10001111 @
b0 $
b0 <
1'
#7556000
b111000111100 =
b100 .
b100 5
b1011000 /
b1011000 6
b1011110001 3
10
#7560000
0'
#7565000
1'
#7566000
b0 ?
b0 =
b110001 ;
b11001111 +
b0 .
b0 5
b10111 /
b10111 6
b11001111 (
b11001111 4
b1011110010 3
10
#7570000
0'
#7575000
b11001111 "
b11001111 @
1'
#7576000
b1000 ?
b110001111000 =
b1110001 ;
b10001111 +
b1000 .
b1000 5
b11110 /
b11110 6
b10001111 (
b10001111 4
b1011110011 3
10
#7580000
0'
#7585000
b10001111 "
b10001111 @
1'
#7586000
0>
b111011100010 =
b10110 ;
b0 +
b1000 )
0*
b1101 .
b1101 5
b1000101 /
b1000101 6
b11101010 (
b11101010 4
b1011110100 3
10
#7590000
0'
#7595000
0#
b0 "
b0 @
b1000 $
b1000 <
1'
#7596000
1>
b111 ?
b1100011001 =
b111101 ;
b111101 +
b0 )
1*
b11111 /
b11111 6
b111101 (
b111101 4
b1011110101 3
10
#7600000
0'
#7605000
1#
b111101 "
b111101 @
b0 $
b0 <
1'
#7606000
b111100011 =
b1000101 ;
b1000101 +
b111 .
b111 5
b11 /
b11 6
b1000101 (
b1000101 4
b1011110110 3
10
#7610000
0'
#7615000
b1000101 "
b1000101 @
1'
#7616000
0>
b1001000 =
b10010 ;
b0 +
b111 )
0*
b100 .
b100 5
b100001 /
b100001 6
b10010 (
b10010 4
b1011110111 3
10
#7620000
0'
#7625000
0#
b0 "
b0 @
b111 $
b111 <
1'
#7626000
1>
b1000 ?
b111000000100 =
b1111111 ;
b10000001 +
b0 )
1*
b11011 /
b11011 6
b10000001 (
b10000001 4
b1011111000 3
10
#7630000
0'
#7635000
1#
b10000001 "
b10000001 @
b0 $
b0 <
1'
#7636000
b111 ?
b11101000 =
b1110100 ;
b1110100 +
b10 .
b10 5
b1000000 /
b1000000 6
b1110100 (
b1110100 4
b1011111001 3
10
#7640000
0'
#7645000
b1110100 "
b1110100 @
1'
#7646000
0>
b1000 ?
b111111001010 =
b1001 ;
b0 +
b1000 )
0*
b110 .
b110 5
b1011011 /
b1011011 6
b11110111 (
b11110111 4
b1011111010 3
10
#7650000
0'
#7655000
0#
b0 "
b0 @
b1000 $
b1000 <
1'
#7656000
1>
b111 ?
b111110010 =
b1010011 ;
b1010011 +
b0 )
1*
b1000111 /
b1000111 6
b1010011 (
b1010011 4
b1011111011 3
10
#7660000
0'
#7665000
1#
b1010011 "
b1010011 @
b0 $
b0 <
1'
#7666000
0>
b1110011 =
b10111 ;
b0 +
b111 )
0*
b101 .
b101 5
b1011001 /
b1011001 6
b10111 (
b10111 4
b1011111100 3
10
#7670000
0'
#7675000
0#
b0 "
b0 @
b111 $
b111 <
1'
#7676000
1>
b1000 ?
b101100111011 =
b1101111 ;
b10010001 +
b0 )
1*
b1011 .
b1011 5
b1011011 /
b1011011 6
b10010001 (
b10010001 4
b1011111101 3
10
#7680000
0'
#7685000
1#
b10010001 "
b10010001 @
b0 $
b0 <
1'
#7686000
b111 ?
b100101100 =
b111100 ;
b111100 +
b101 .
b101 5
b10111 /
b10111 6
b111100 (
b111100 4
b1011111110 3
10
#7690000
0'
#7695000
b111100 "
b111100 @
1'
#7696000
0>
b1001001001 =
b101101 ;
b0 +
b111 )
0*
b1101 .
b1101 5
b1010010 /
b1010010 6
b101101 (
b101101 4
b1011111111 3
10
#7700000
0'
#7705000
0#
b0 "
b0 @
b111 $
b111 <
1'
#7706000
1>
b1100111000 =
b1100111 ;
b1100111 +
b0 )
1*
b1000 .
b1000 5
b101001 /
b101001 6
b1100111 (
b1100111 4
b1100000000 3
10
#7710000
0'
#7715000
1#
b1100111 "
b1100111 @
b0 $
b0 <
1'
#7716000
b1000 ?
b101110011011 =
b1001011 ;
b10110101 +
b1111 .
b1111 5
b111000 /
b111000 6
b10110101 (
b10110101 4
b1100000001 3
10
#7720000
0'
#7725000
b10110101 "
b10110101 @
1'
#7726000
b111110100110 =
b1011010 ;
b10100110 +
b1 .
b1 5
b111011 /
b111011 6
b10100110 (
b10100110 4
b1100000010 3
10
#7730000
0'
#7735000
b10100110 "
b10100110 @
1'
#7736000
b111 ?
b110100100 =
b100011 ;
b100011 +
b1100 .
b1100 5
b100001 /
b100001 6
b100011 (
b100011 4
b1100000011 3
10
#7740000
0'
#7745000
b100011 "
b100011 @
1'
#7746000
b1010001001 =
b111011 ;
b111011 +
b1011 .
b1011 5
b111001 /
b111001 6
b111011 (
b111011 4
b1100000100 3
10
#7750000
0'
#7755000
b111011 "
b111011 @
1'
#7756000
0>
b1000 ?
b111110010100 =
b1001 ;
b0 +
b1000 )
0*
b1100 .
b1100 5
b1011010 /
b1011010 6
b11110111 (
b11110111 4
b1100000101 3
10
#7760000
0'
#7765000
0#
b0 "
b0 @
b1000 $
b1000 <
1'
#7766000
1>
b111 ?
b101111 =
b101111 ;
b101111 +
b0 )
1*
b1 .
b1 5
b11110 /
b11110 6
b101111 (
b101111 4
b1100000110 3
10
#7770000
0'
#7775000
1#
b101111 "
b101111 @
b0 $
b0 <
1'
#7776000
b0 ?
b0 =
b1110100 ;
b10001100 +
b0 .
b0 5
b101 /
b101 6
b10001100 (
b10001100 4
b1100000111 3
10
#7780000
0'
#7785000
b10001100 "
b10001100 @
1'
#7786000
b111 ?
b11011001000 =
b1111100 ;
b1111100 +
b1110 .
b1110 5
b10 /
b10 6
b1111100 (
b1111100 4
b1100001000 3
10
#7790000
0'
#7795000
b1111100 "
b1111100 @
1'
#7796000
b1000 ?
b111110011010 =
b110011 ;
b11001101 +
b10 .
b10 5
b10111 /
b10111 6
b11001101 (
b11001101 4
b1100001001 3
10
#7800000
0'
#7805000
b11001101 "
b11001101 @
1'
#7806000
b110110011111 =
b1010111 ;
b10101001 +
b111 .
b111 5
b110001 /
b110001 6
b10101001 (
b10101001 4
b1100001010 3
10
#7810000
0'
#7815000
b10101001 "
b10101001 @
1'
#7816000
b110110101000 =
b1111000 ;
b10001000 +
b101 .
b101 5
b1000011 /
b1000011 6
b10001000 (
b10001000 4
b1100001011 3
10
#7820000
0'
#7825000
b10001000 "
b10001000 @
1'
#7826000
0>
b111 ?
b1111 =
b1 ;
b0 +
b111 )
0*
b1111 .
b1111 5
b1011101 /
b1011101 6
b1 (
b1 4
b1100001100 3
10
#7830000
0'
#7835000
0#
b0 "
b0 @
b111 $
b111 <
1'
#7836000
b1000 ?
b111101001100 =
b101101 ;
b1000 )
b100 .
b100 5
b110000 /
b110000 6
b11010011 (
b11010011 4
b1100001101 3
10
#7840000
0'
#7845000
b1000 $
b1000 <
1'
#7846000
1>
b111101100100 =
b1001110 ;
b10110010 +
b0 )
1*
b10 .
b10 5
b11001 /
b11001 6
b10110010 (
b10110010 4
b1100001110 3
10
#7850000
0'
#7855000
1#
b10110010 "
b10110010 @
b0 $
b0 <
1'
#7856000
0>
b111 ?
b1000110000 =
b111000 ;
b0 +
b111 )
0*
b1010 .
b1010 5
b1010111 /
b1010111 6
b111000 (
b111000 4
b1100001111 3
10
#7860000
0'
#7865000
0#
b0 "
b0 @
b111 $
b111 <
1'
#7866000
b100010 =
b10001 ;
b10 .
b10 5
b111100 /
b111100 6
b10001 (
b10001 4
b1100010000 3
10
#7870000
0'
#7875000
1'
#7876000
1>
b1010100011 =
b1001011 ;
b1001011 +
b0 )
1*
b1001 .
b1001 5
b100011 /
b100011 6
b1001011 (
b1001011 4
b1100010001 3
10
#7880000
0'
#7885000
1#
b1001011 "
b1001011 @
b0 $
b0 <
1'
#7886000
0>
b1100 ?
b111111111100 =
b100 ;
b0 +
b1100 )
0*
b1 .
b1 5
b111110 /
b111110 6
b11111100 (
b11111100 4
b1100010010 3
10
#7890000
0'
#7895000
0#
b0 "
b0 @
b1100 $
b1100 <
1'
#7896000
b1000 ?
b111101100100 =
b1100 ;
b1000 )
b1101 .
b1101 5
b10000 /
b10000 6
b11110100 (
b11110100 4
b1100010011 3
10
#7900000
0'
#7905000
b1000 $
b1000 <
1'
#7906000
1>
b111011001110 =
b1100110 ;
b10011010 +
b0 )
1*
b11 .
b11 5
b110001 /
b110001 6
b10011010 (
b10011010 4
b1100010100 3
10
#7910000
0'
#7915000
1#
b10011010 "
b10011010 @
b0 $
b0 <
1'
#7916000
b111 ?
b11000111111 =
b1111011 ;
b1111011 +
b1101 .
b1101 5
b11110 /
b11110 6
b1111011 (
b1111011 4
b1100010101 3
10
#7920000
0'
#7925000
b1111011 "
b1111011 @
1'
#7926000
b111010110 =
b1011110 ;
b1011110 +
b101 .
b101 5
b100 /
b100 6
b1011110 (
b1011110 4
b1100010110 3
10
#7930000
0'
#7935000
b1011110 "
b1011110 @
1'
#7936000
0>
b10110000 =
b10000 ;
b0 +
b111 )
0*
b1011 .
b1011 5
b1000000 /
b1000000 6
b10000 (
b10000 4
b1100010111 3
10
#7940000
0'
#7945000
0#
b0 "
b0 @
b111 $
b111 <
1'
#7946000
1>
b1000 ?
b111000001100 =
b1100100 ;
b10011100 +
b0 )
1*
b101 .
b101 5
b111101 /
b111101 6
b10011100 (
b10011100 4
b1100011000 3
10
#7950000
0'
#7955000
1#
b10011100 "
b10011100 @
b0 $
b0 <
1'
#7956000
0>
b111 ?
b110000 =
b110000 ;
b0 +
b111 )
0*
b1 .
b1 5
b111010 /
b111010 6
b110000 (
b110000 4
b1100011001 3
10
#7960000
0'
#7965000
0#
b0 "
b0 @
b111 $
b111 <
1'
#7966000
b1000 ?
b110011110000 =
b111000 ;
b1000 )
b1110 .
b1110 5
b1011100 /
b1011100 6
b11001000 (
b11001000 4
b1100011010 3
10
#7970000
0'
#7975000
b1000 $
b1000 <
1'
#7976000
1>
b110010000111 =
b1111111 ;
b10000001 +
b0 )
1*
b111 .
b111 5
b1011011 /
b1011011 6
b10000001 (
b10000001 4
b1100011011 3
10
#7980000
0'
#7985000
1#
b10000001 "
b10000001 @
b0 $
b0 <
1'
#7986000
b111 ?
b10110101111 =
b1100001 ;
b1100001 +
b1111 .
b1111 5
b10010 /
b10010 6
b1100001 (
b1100001 4
b1100011100 3
10
#7990000
0'
#7995000
b1100001 "
b1100001 @
1'
#7996000
0>
b1000 ?
b111100000001 =
b10001 ;
b0 +
b1000 )
0*
b111000 /
b111000 6
b11101111 (
b11101111 4
b1100011101 3
10
#8000000
0'
#8005000
0#
b0 "
b0 @
b1000 $
b1000 <
1'
#8006000
b110110111100 =
b111010 ;
b1010 .
b1010 5
b111010 /
b111010 6
b11000110 (
b11000110 4
b1100011110 3
10
#8010000
0'
#8015000
1'
#8016000
b111101111000 =
b100010 ;
b100 .
b100 5
b1000011 /
b1000011 6
b11011110 (
b11011110 4
b1100011111 3
10
#8020000
0'
#8025000
1'
#8026000
b111001100110 =
b1010010 ;
b101 .
b101 5
b1011101 /
b1011101 6
b10101110 (
b10101110 4
b1100100000 3
10
#8030000
0'
#8035000
1'
#8036000
1>
b111101011010 =
b1010011 ;
b10101101 +
b0 )
1*
b10 .
b10 5
b10110 /
b10110 6
b10101101 (
b10101101 4
b1100100001 3
10
#8040000
0'
#8045000
1#
b10101101 "
b10101101 @
b0 $
b0 <
1'
#8046000
b111 ?
b10101000 =
b101010 ;
b101010 +
b100 .
b100 5
b100 /
b100 6
b101010 (
b101010 4
b1100100010 3
10
#8050000
0'
#8055000
b101010 "
b101010 @
1'
#8056000
b101100101 =
b1110111 ;
b1110111 +
b11 .
b11 5
b110 /
b110 6
b1110111 (
b1110111 4
b1100100011 3
10
#8060000
0'
#8065000
b1110111 "
b1110111 @
1'
#8066000
b1000 ?
b101110100100 =
b1111100 ;
b10000100 +
b1001 .
b1001 5
b10100 /
b10100 6
b10000100 (
b10000100 4
b1100100100 3
10
#8070000
0'
#8075000
b10000100 "
b10000100 @
1'
#8076000
b111 ?
b101000100 =
b110110 ;
b110110 +
b110 .
b110 5
b110101 /
b110101 6
b110110 (
b110110 4
b1100100101 3
10
#8080000
0'
#8085000
b110110 "
b110110 @
1'
#8086000
b110010111 =
b100101 ;
b100101 +
b1011 .
b1011 5
b10001 /
b10001 6
b100101 (
b100101 4
b1100100110 3
10
#8090000
0'
#8095000
b100101 "
b100101 @
1'
#8096000
b1000 ?
b100100100101 =
b1110101 ;
b10001011 +
b1111 .
b1111 5
b1010010 /
b1010010 6
b10001011 (
b10001011 4
b1100100111 3
10
#8100000
0'
#8105000
b10001011 "
b10001011 @
1'
#8106000
0>
b111011100000 =
b100100 ;
b0 +
b1000 )
0*
b1000 .
b1000 5
b101001 /
b101001 6
b11011100 (
b11011100 4
b1100101000 3
10
#8110000
0'
#8115000
0#
b0 "
b0 @
b1000 $
b1000 <
1'
#8116000
1>
b111011000010 =
b1101010 ;
b10010110 +
b0 )
1*
b11 .
b11 5
b110000 /
b110000 6
b10010110 (
b10010110 4
b1100101001 3
10
#8120000
0'
#8125000
1#
b10010110 "
b10010110 @
b0 $
b0 <
1'
#8126000
b0 ?
b0 =
b1000101 ;
b1000101 +
b0 .
b0 5
b1101 /
b1101 6
b1000101 (
b1000101 4
b1100101010 3
10
#8130000
0'
#8135000
b1000101 "
b1000101 @
1'
#8136000
0>
b10 ;
b0 +
0*
b10111 /
b10111 6
b10 (
b10 4
b1100101011 3
10
#8140000
0'
#8145000
0#
b0 "
b0 @
1'
#8146000
1>
b1000 ?
b111010111100 =
b1101100 ;
b10010100 +
1*
b11 .
b11 5
b1000000 /
b1000000 6
b10010100 (
b10010100 4
b1100101100 3
10
#8150000
0'
#8155000
1#
b10010100 "
b10010100 @
1'
#8156000
b111 ?
b1111001111 =
b1001011 ;
b1001011 +
b1101 .
b1101 5
b101001 /
b101001 6
b1001011 (
b1001011 4
b1100101101 3
10
#8160000
0'
#8165000
b1001011 "
b1001011 @
1'
#8166000
0>
b1111010 =
b111101 ;
b0 +
b111 )
0*
b10 .
b10 5
b1100001 /
b1100001 6
b111101 (
b111101 4
b1100101110 3
10
#8170000
0'
#8175000
0#
b0 "
b0 @
b111 $
b111 <
1'
#8176000
b10000000 =
b10000 ;
b1000 .
b1000 5
b1000000 /
b1000000 6
b10000 (
b10000 4
b1100101111 3
10
#8180000
0'
#8185000
1'
#8186000
1>
b1000 ?
b101010111000 =
b1101000 ;
b10011000 +
b0 )
1*
b1101 .
b1101 5
b11010 /
b11010 6
b10011000 (
b10011000 4
b1100110000 3
10
#8190000
0'
#8195000
1#
b10011000 "
b10011000 @
b0 $
b0 <
1'
#8196000
0>
b111110010100 =
b110110 ;
b0 +
b1000 )
0*
b10 .
b10 5
b111100 /
b111100 6
b11001010 (
b11001010 4
b1100110001 3
10
#8200000
0'
#8205000
0#
b0 "
b0 @
b1000 $
b1000 <
1'
#8206000
1>
b111101111110 =
b1101 ;
b11110011 +
b0 )
1*
b1010 .
b1010 5
b100 /
b100 6
b11110011 (
b11110011 4
b1100110010 3
10
#8210000
0'
#8215000
1#
b11110011 "
b11110011 @
b0 $
b0 <
1'
#8216000
b111100010010 =
b10001 ;
b11101111 +
b1110 .
b1110 5
b1 /
b1 6
b11101111 (
b11101111 4
b1100110011 3
10
#8220000
0'
#8225000
b11101111 "
b11101111 @
1'
#8226000
0>
b111101101101 =
b10101 ;
b0 +
b1000 )
0*
b111 .
b111 5
b1001111 /
b1001111 6
b11101011 (
b11101011 4
b1100110100 3
10
#8230000
0'
#8235000
0#
b0 "
b0 @
b1000 $
b1000 <
1'
#8236000
b111 ?
b1100 =
b1 ;
b111 )
b1100 .
b1100 5
b11111 /
b11111 6
b1 (
b1 4
b1100110101 3
10
#8240000
0'
#8245000
b111 $
b111 <
1'
#8246000
1>
b1000 ?
b110001111111 =
b1000101 ;
b10111011 +
b0 )
1*
b1101 .
b1101 5
b110101 /
b110101 6
b10111011 (
b10111011 4
b1100110110 3
10
#8250000
0'
#8255000
1#
b10111011 "
b10111011 @
b0 $
b0 <
1'
#8256000
0>
b111101000000 =
b1000000 ;
b0 +
b1000 )
0*
b11 .
b11 5
b1000100 /
b1000100 6
b11000000 (
b11000000 4
b1100110111 3
10
#8260000
0'
#8265000
0#
b0 "
b0 @
b1000 $
b1000 <
1'
#8266000
1>
b111 ?
b10110101100 =
b1111001 ;
b1111001 +
b0 )
1*
b1100 .
b1100 5
b1 /
b1 6
b1111001 (
b1111001 4
b1100111000 3
10
#8270000
0'
#8275000
1#
b1111001 "
b1111001 @
b0 $
b0 <
1'
#8276000
b1010001000 =
b1010001 ;
b1010001 +
b1000 .
b1000 5
b111 /
b111 6
b1010001 (
b1010001 4
b1100111001 3
10
#8280000
0'
#8285000
b1010001 "
b1010001 @
1'
#8286000
0>
b1000 ?
b111010101001 =
b110001 ;
b0 +
b1000 )
0*
b111 .
b111 5
b1010101 /
b1010101 6
b11001111 (
b11001111 4
b1100111010 3
10
#8290000
0'
#8295000
0#
b0 "
b0 @
b1000 $
b1000 <
1'
#8296000
1>
b111111110000 =
b10000 ;
b11110000 +
b0 )
1*
b1 .
b1 5
b100 /
b100 6
b11110000 (
b11110000 4
b1100111011 3
10
#8300000
0'
#8305000
1#
b11110000 "
b11110000 @
b0 $
b0 <
1'
#8306000
b110011110001 =
b1010111 ;
b10101001 +
b1001 .
b1001 5
b10100 /
b10100 6
b10101001 (
b10101001 4
b1100111100 3
10
#8310000
0'
#8315000
b10101001 "
b10101001 @
1'
#8316000
b101010011110 =
b1101010 ;
b10010110 +
b1101 .
b1101 5
b1010011 /
b1010011 6
b10010110 (
b10010110 4
b1100111101 3
10
#8320000
0'
#8325000
b10010110 "
b10010110 @
1'
#8326000
0>
b111 ?
b111001 =
b10011 ;
b0 +
b111 )
0*
b11 .
b11 5
b110011 /
b110011 6
b10011 (
b10011 4
b1100111110 3
10
#8330000
0'
#8335000
0#
b0 "
b0 @
b111 $
b111 <
1'
#8336000
b0 ?
b0 =
b1001 ;
b0 )
b0 .
b0 5
b101010 /
b101010 6
b11110111 (
b11110111 4
b1100111111 3
10
#8340000
0'
#8345000
b0 $
b0 <
1'
#8346000
1>
b111 ?
b11011110 =
b1101111 ;
b1101111 +
1*
b10 .
b10 5
b101000 /
b101000 6
b1101111 (
b1101111 4
b1101000000 3
10
#8350000
0'
#8355000
1#
b1101111 "
b1101111 @
1'
#8356000
0>
b11100110 =
b10111 ;
b0 +
b111 )
0*
b1010 .
b1010 5
b1000000 /
b1000000 6
b10111 (
b10111 4
b1101000001 3
10
#8360000
0'
#8365000
0#
b0 "
b0 @
b111 $
b111 <
1'
#8366000
1>
b11100100 =
b111001 ;
b111001 +
b0 )
1*
b100 .
b100 5
b11010 /
b11010 6
b111001 (
b111001 4
b1101000010 3
10
#8370000
0'
#8375000
1#
b111001 "
b111001 @
b0 $
b0 <
1'
#8376000
0>
b11 ?
b11 =
b1 ;
b0 +
b11 )
0*
b11 .
b11 5
b101000 /
b101000 6
b1 (
b1 4
b1101000011 3
10
#8380000
0'
#8385000
0#
b0 "
b0 @
b11 $
b11 <
1'
#8386000
1>
b1000 ?
b111111100100 =
b1110 ;
b11110010 +
b0 )
1*
b10 .
b10 5
b101 /
b101 6
b11110010 (
b11110010 4
b1101000100 3
10
#8390000
0'
#8395000
1#
b11110010 "
b11110010 @
b0 $
b0 <
1'
#8396000
0>
b111 ?
b1011011100 =
b111101 ;
b0 +
b111 )
0*
b1100 .
b1100 5
b1010110 /
b1010110 6
b111101 (
b111101 4
b1101000101 3
10
#8400000
0'
#8405000
0#
b0 "
b0 @
b111 $
b111 <
1'
#8406000
1>
b100110100 =
b10110 ;
b10110 +
b0 )
1*
b1110 .
b1110 5
b1001 /
b1001 6
b10110 (
b10110 4
b1101000110 3
10
#8410000
0'
#8415000
1#
b10110 "
b10110 @
b0 $
b0 <
1'
#8416000
b1000 ?
b111101001111 =
b111011 ;
b11000101 +
b11 .
b11 5
b10110 /
b10110 6
b11000101 (
b11000101 4
b1101000111 3
10
#8420000
0'
#8425000
b11000101 "
b11000101 @
1'
#8426000
b101011011000 =
b1101110 ;
b10010010 +
b1100 .
b1100 5
b10111 /
b10111 6
b10010010 (
b10010010 4
b1101001000 3
10
#8430000
0'
#8435000
b10010010 "
b10010010 @
1'
#8436000
b111 ?
b1110000100 =
b1011010 ;
b1011010 +
b1010 .
b1010 5
b1001011 /
b1001011 6
b1011010 (
b1011010 4
b1101001001 3
10
#8440000
0'
#8445000
b1011010 "
b1011010 @
1'
#8446000
0>
b1000 ?
b111100010000 =
b10100 ;
b0 +
b1000 )
0*
b1100 .
b1100 5
b100011 /
b100011 6
b11101100 (
b11101100 4
b1101001010 3
10
#8450000
0'
#8455000
0#
b0 "
b0 @
b1000 $
b1000 <
1'
#8456000
1>
b0 ?
b0 =
b1110100 ;
b1110100 +
b0 )
1*
b0 .
b0 5
b1100000 /
b1100000 6
b1110100 (
b1110100 4
b1101001011 3
10
#8460000
0'
#8465000
1#
b1110100 "
b1110100 @
b0 $
b0 <
1'
#8466000
b111 ?
b111100 =
b1111 ;
b1111 +
b100 .
b100 5
b1000 /
b1000 6
b1111 (
b1111 4
b1101001100 3
10
#8470000
0'
#8475000
b1111 "
b1111 @
1'
#8476000
b1011110100 =
b1111110 ;
b1111110 +
b110 .
b110 5
b111100 /
b111100 6
b1111110 (
b1111110 4
b1101001101 3
10
#8480000
0'
#8485000
b1111110 "
b1111110 @
1'
#8486000
b11000000100 =
b1101110 ;
b1101110 +
b1110 .
b1110 5
b1011111 /
b1011111 6
b1101110 (
b1101110 4
b1101001110 3
10
#8490000
0'
#8495000
b1101110 "
b1101110 @
1'
#8496000
b1000 ?
b110111111010 =
b100101 ;
b11011011 +
b100 /
b100 6
b11011011 (
b11011011 4
b1101001111 3
10
#8500000
0'
#8505000
b11011011 "
b11011011 @
1'
#8506000
b111 ?
b1101110010 =
b1111110 ;
b1111110 +
b111 .
b111 5
b111011 /
b111011 6
b1111110 (
b1111110 4
b1101010000 3
10
#8510000
0'
#8515000
b1111110 "
b1111110 @
1'
#8516000
b1001101111 =
b1011001 ;
b1011001 +
b1011000 /
b1011000 6
b1011001 (
b1011001 4
b1101010001 3
10
#8520000
0'
#8525000
b1011001 "
b1011001 @
1'
#8526000
b1000 ?
b111110011110 =
b1100010 ;
b10011110 +
b1 .
b1 5
b110 /
b110 6
b10011110 (
b10011110 4
b1101010010 3
10
#8530000
0'
#8535000
b10011110 "
b10011110 @
1'
#8536000
0>
b111 ?
b110110 =
b1001 ;
b0 +
b111 )
0*
b110 .
b110 5
b1011010 /
b1011010 6
b1001 (
b1001 4
b1101010011 3
10
#8540000
0'
#8545000
0#
b0 "
b0 @
b111 $
b111 <
1'
#8546000
1>
b1111100 =
b11111 ;
b11111 +
b0 )
1*
b100 .
b100 5
b1111 /
b1111 6
b11111 (
b11111 4
b1101010100 3
10
#8550000
0'
#8555000
1#
b11111 "
b11111 @
b0 $
b0 <
1'
#8556000
0>
b1011110 =
b1011110 ;
b0 +
b111 )
0*
b1 .
b1 5
b1100000 /
b1100000 6
b1011110 (
b1011110 4
b1101010101 3
10
#8560000
0'
#8565000
0#
b0 "
b0 @
b111 $
b111 <
1'
#8566000
1>
b100000 =
b1000 ;
b1000 +
b0 )
1*
b100 .
b100 5
b11 /
b11 6
b1000 (
b1000 4
b1101010110 3
10
#8570000
0'
#8575000
1#
b1000 "
b1000 @
b0 $
b0 <
1'
#8576000
b1000 ?
b101100010011 =
b1100001 ;
b10011111 +
b1101 .
b1101 5
b110001 /
b110001 6
b10011111 (
b10011111 4
b1101010111 3
10
#8580000
0'
#8585000
b10011111 "
b10011111 @
1'
#8586000
b111 ?
b101100101 =
b1110111 ;
b1110111 +
b11 .
b11 5
b11 /
b11 6
b1110111 (
b1110111 4
b1101011000 3
10
#8590000
0'
#8595000
b1110111 "
b1110111 @
1'
#8596000
b1100010000 =
b1100010 ;
b1100010 +
b1000 .
b1000 5
b1000011 /
b1000011 6
b1100010 (
b1100010 4
b1101011001 3
10
#8600000
0'
#8605000
b1100010 "
b1100010 @
1'
#8606000
b0 ?
b0 =
b1000000 ;
b1000000 +
b0 .
b0 5
b1010 /
b1010 6
b1000000 (
b1000000 4
b1101011010 3
10
#8610000
0'
#8615000
b1000000 "
b1000000 @
1'
#8616000
b1001001 ;
b1001001 +
b111101 /
b111101 6
b1001001 (
b1001001 4
b1101011011 3
10
#8620000
0'
#8625000
b1001001 "
b1001001 @
1'
#8626000
b1000 ?
b110000001000 =
b1111111 ;
b10000001 +
b1000 .
b1000 5
b100000 /
b100000 6
b10000001 (
b10000001 4
b1101011100 3
10
#8630000
0'
#8635000
b10000001 "
b10000001 @
1'
#8636000
0>
b111110010000 =
b10000 ;
b0 +
b1000 )
0*
b111 .
b111 5
b101111 /
b101111 6
b11110000 (
b11110000 4
b1101011101 3
10
#8640000
0'
#8645000
0#
b0 "
b0 @
b1000 $
b1000 <
1'
#8646000
b1101 ?
b111111111101 =
b11 ;
b1101 )
b1 .
b1 5
b1011100 /
b1011100 6
b11111101 (
b11111101 4
b1101011110 3
10
#8650000
0'
#8655000
b1101 $
b1101 <
1'
#8656000
1>
b1000 ?
b111001111000 =
b1100010 ;
b10011110 +
b0 )
1*
b100 .
b100 5
b110001 /
b110001 6
b10011110 (
b10011110 4
b1101011111 3
10
#8660000
0'
#8665000
1#
b10011110 "
b10011110 @
b0 $
b0 <
1'
#8666000
0>
b111 ?
b1011011000 =
b110100 ;
b0 +
b111 )
0*
b1110 .
b1110 5
b1001001 /
b1001001 6
b110100 (
b110100 4
b1101100000 3
10
#8670000
0'
#8675000
0#
b0 "
b0 @
b111 $
b111 <
1'
#8676000
1>
b1000 ?
b111100111101 =
b100111 ;
b11011001 +
b0 )
1*
b101 .
b101 5
b100001 /
b100001 6
b11011001 (
b11011001 4
b1101100001 3
10
#8680000
0'
#8685000
1#
b11011001 "
b11011001 @
b0 $
b0 <
1'
#8686000
0>
b0 ?
b0 =
b111011 ;
b0 +
0*
b0 .
b0 5
b1000010 /
b1000010 6
b11000101 (
b11000101 4
b1101100010 3
10
#8690000
0'
#8695000
0#
b0 "
b0 @
1'
#8696000
b1000 ?
b111101110010 =
b1000111 ;
b1000 )
b10 .
b10 5
b1011010 /
b1011010 6
b10111001 (
b10111001 4
b1101100011 3
10
#8700000
0'
#8705000
b1000 $
b1000 <
1'
#8706000
1>
b110101000000 =
b1011000 ;
b10101000 +
b0 )
1*
b1000 .
b1000 5
b1010010 /
b1010010 6
b10101000 (
b10101000 4
b1101100100 3
10
#8710000
0'
#8715000
1#
b10101000 "
b10101000 @
b0 $
b0 <
1'
#8716000
b110101010100 =
b111001 ;
b11000111 +
b1100 .
b1100 5
b11010 /
b11010 6
b11000111 (
b11000111 4
b1101100101 3
10
#8720000
0'
#8725000
b11000111 "
b11000111 @
1'
#8726000
b111 ?
b1111011 =
b1111011 ;
b1111011 +
b1 .
b1 5
b10011 /
b10011 6
b1111011 (
b1111011 4
b1101100110 3
10
#8730000
0'
#8735000
b1111011 "
b1111011 @
1'
#8736000
0>
b1000 ?
b111010110000 =
b11000 ;
b0 +
b1000 )
0*
b1110 .
b1110 5
b100100 /
b100100 6
b11101000 (
b11101000 4
b1101100111 3
10
#8740000
0'
#8745000
0#
b0 "
b0 @
b1000 $
b1000 <
1'
#8746000
1>
b110101100010 =
b1000011 ;
b10111101 +
b0 )
1*
b1010 .
b1010 5
b11001 /
b11001 6
b10111101 (
b10111101 4
b1101101000 3
10
#8750000
0'
#8755000
1#
b10111101 "
b10111101 @
b0 $
b0 <
1'
#8756000
b110101100000 =
b1010100 ;
b10101100 +
b1000 .
b1000 5
b101101 /
b101101 6
b10101100 (
b10101100 4
b1101101001 3
10
#8760000
0'
#8765000
b10101100 "
b10101100 @
1'
#8766000
b111 ?
b10011010000 =
b1110000 ;
b1110000 +
b1011 .
b1011 5
b10101 /
b10101 6
b1110000 (
b1110000 4
b1101101010 3
10
#8770000
0'
#8775000
b1110000 "
b1110000 @
1'
#8776000
b1000 ?
b111000101000 =
b1110110 ;
b10001010 +
b100 .
b100 5
b11100 /
b11100 6
b10001010 (
b10001010 4
b1101101011 3
10
#8780000
0'
#8785000
b10001010 "
b10001010 @
1'
#8786000
0>
b111 ?
b1010111110 =
b1001110 ;
b0 +
b111 )
0*
b1001 .
b1001 5
b1010111 /
b1010111 6
b1001110 (
b1001110 4
b1101101100 3
10
#8790000
0'
#8795000
0#
b0 "
b0 @
b111 $
b111 <
1'
#8796000
b1000 ?
b111100111100 =
b1110 ;
b1000 )
b1110 .
b1110 5
b101111 /
b101111 6
b11110010 (
b11110010 4
b1101101101 3
10
#8800000
0'
#8805000
b1000 $
b1000 <
1'
#8806000
b111101110000 =
b11000 ;
b110 .
b110 5
b1010101 /
b1010101 6
b11101000 (
b11101000 4
b1101101110 3
10
#8810000
0'
#8815000
1'
#8816000
1>
b111 ?
b111100000 =
b1111000 ;
b1111000 +
b0 )
1*
b100 .
b100 5
b1000 /
b1000 6
b1111000 (
b1111000 4
b1101101111 3
10
#8820000
0'
#8825000
1#
b1111000 "
b1111000 @
b0 $
b0 <
1'
#8826000
0>
b1000 ?
b111110111110 =
b110 ;
b0 +
b1000 )
0*
b1011 .
b1011 5
b100111 /
b100111 6
b11111010 (
b11111010 4
b1101110000 3
10
#8830000
0'
#8835000
0#
b0 "
b0 @
b1000 $
b1000 <
1'
#8836000
1>
b111110010001 =
b100101 ;
b11011011 +
b0 )
1*
b11 .
b11 5
b111 /
b111 6
b11011011 (
b11011011 4
b1101110001 3
10
#8840000
0'
#8845000
1#
b11011011 "
b11011011 @
b0 $
b0 <
1'
#8846000
0>
b111 ?
b1000010 =
b100001 ;
b0 +
b111 )
0*
b10 .
b10 5
b1000000 /
b1000000 6
b100001 (
b100001 4
b1101110010 3
10
#8850000
0'
#8855000
0#
b0 "
b0 @
b111 $
b111 <
1'
#8856000
1>
b1000 ?
b110110001111 =
b1111101 ;
b10000011 +
b0 )
1*
b101 .
b101 5
b1011011 /
b1011011 6
b10000011 (
b10000011 4
b1101110011 3
10
#8860000
0'
#8865000
1#
b10000011 "
b10000011 @
b0 $
b0 <
1'
#8866000
0>
b110010000000 =
b1000000 ;
b0 +
b1000 )
0*
b1110 .
b1110 5
b1011000 /
b1011000 6
b11000000 (
b11000000 4
b1101110100 3
10
#8870000
0'
#8875000
0#
b0 "
b0 @
b1000 $
b1000 <
1'
#8876000
1>
b111 ?
b1000101111 =
b101011 ;
b101011 +
b0 )
1*
b1101 .
b1101 5
b11100 /
b11100 6
b101011 (
b101011 4
b1101110101 3
10
#8880000
0'
#8885000
1#
b101011 "
b101011 @
b0 $
b0 <
1'
#8886000
0>
b10011010 =
b1110 ;
b0 +
b111 )
0*
b1011 .
b1011 5
b1001101 /
b1001101 6
b1110 (
b1110 4
b1101110110 3
10
#8890000
0'
#8895000
0#
b0 "
b0 @
b111 $
b111 <
1'
#8896000
1>
b1000 ?
b101010011100 =
b1110011 ;
b10001101 +
b0 )
1*
b1100 .
b1100 5
b1010000 /
b1010000 6
b10001101 (
b10001101 4
b1101110111 3
10
#8900000
0'
#8905000
1#
b10001101 "
b10001101 @
b0 $
b0 <
1'
#8906000
b110010110000 =
b1101010 ;
b10010110 +
b1000 .
b1000 5
b111100 /
b111100 6
b10010110 (
b10010110 4
b1101111000 3
10
#8910000
0'
#8915000
b10010110 "
b10010110 @
1'
#8916000
0>
b111101011011 =
b1111 ;
b0 +
b1000 )
0*
b1011 .
b1011 5
b111001 /
b111001 6
b11110001 (
b11110001 4
b1101111001 3
10
#8920000
0'
#8925000
0#
b0 "
b0 @
b1000 $
b1000 <
1'
#8926000
1>
b110111011110 =
b100111 ;
b11011001 +
b0 )
1*
b1110 .
b1110 5
b10001 /
b10001 6
b11011001 (
b11011001 4
b1101111010 3
10
#8930000
0'
#8935000
1#
b11011001 "
b11011001 @
b0 $
b0 <
1'
#8936000
0>
b111 ?
b110010 =
b1010 ;
b0 +
b111 )
0*
b101 .
b101 5
b1011011 /
b1011011 6
b1010 (
b1010 4
b1101111011 3
10
#8940000
0'
#8945000
0#
b0 "
b0 @
b111 $
b111 <
1'
#8946000
b1000 ?
b110111100100 =
b101101 ;
b1000 )
b1100 .
b1100 5
b110100 /
b110100 6
b11010011 (
b11010011 4
b1101111100 3
10
#8950000
0'
#8955000
b1000 $
b1000 <
1'
#8956000
1>
b0 ?
b0 =
b1101110 ;
b10010010 +
b0 )
1*
b0 .
b0 5
b1100000 /
b1100000 6
b10010010 (
b10010010 4
b1101111101 3
10
#8960000
0'
#8965000
1#
b10010010 "
b10010010 @
b0 $
b0 <
1'
#8966000
b1000 ?
b101001100000 =
b1100000 ;
b10100000 +
b1111 .
b1111 5
b100101 /
b100101 6
b10100000 (
b10100000 4
b1101111110 3
10
#8970000
0'
#8975000
b10100000 "
b10100000 @
1'
#8976000
b111 ?
b1101110010 =
b111111 ;
b111111 +
b1110 .
b1110 5
b100011 /
b100011 6
b111111 (
b111111 4
b1101111111 3
10
#8980000
0'
#8985000
b111111 "
b111111 @
1'
#8986000
0>
b1000 ?
b110100000011 =
b1010101 ;
b0 +
b1000 )
0*
b1001 .
b1001 5
b1010101 /
b1010101 6
b10101011 (
b10101011 4
b1110000000 3
10
#8990000
0'
#8995000
0#
b0 "
b0 @
b1000 $
b1000 <
1'
#8996000
1>
b110010011100 =
b1111100 ;
b10000100 +
b0 )
1*
b111 .
b111 5
b1011100 /
b1011100 6
b10000100 (
b10000100 4
b1110000001 3
10
#9000000
0'
#9005000
1#
b10000100 "
b10000100 @
b0 $
b0 <
1'
#9006000
b110110000011 =
b1011011 ;
b10100101 +
b1001111 /
b1001111 6
b10100101 (
b10100101 4
b1110000010 3
10
#9010000
0'
#9015000
b10100101 "
b10100101 @
1'
#9016000
b111 ?
b10001110 =
b1000111 ;
b1000111 +
b10 .
b10 5
b1000110 /
b1000110 6
b1000111 (
b1000111 4
b1110000011 3
10
#9020000
0'
#9025000
b1000111 "
b1000111 @
1'
#9026000
b0 ?
b0 =
b1011000 ;
b10101000 +
b0 .
b0 5
b10010 /
b10010 6
b10101000 (
b10101000 4
b1110000100 3
10
#9030000
0'
#9035000
b10101000 "
b10101000 @
1'
#9036000
b1101011 ;
b1101011 +
b1010101 /
b1010101 6
b1101011 (
b1101011 4
b1110000101 3
10
#9040000
0'
#9045000
b1101011 "
b1101011 @
1'
#9046000
0>
b1000 ?
b111110001001 =
b10001 ;
b0 +
b1000 )
0*
b111 .
b111 5
b11010 /
b11010 6
b11101111 (
b11101111 4
b1110000110 3
10
#9050000
0'
#9055000
0#
b0 "
b0 @
b1000 $
b1000 <
1'
#9056000
b111011011010 =
b101010 ;
b1000101 /
b1000101 6
b11010110 (
b11010110 4
b1110000111 3
10
#9060000
0'
#9065000
1'
#9066000
1>
b111 ?
b10010011000 =
b1010100 ;
b1010100 +
b0 )
1*
b1110 .
b1110 5
b1001100 /
b1001100 6
b1010100 (
b1010100 4
b1110001000 3
10
#9070000
0'
#9075000
1#
b1010100 "
b1010100 @
b0 $
b0 <
1'
#9076000
0>
b0 ?
b0 =
b0 ;
b0 +
0*
b11 .
b11 5
b0 (
b0 4
b1110001001 3
10
#9080000
0'
#9085000
0#
b0 "
b0 @
1'
#9086000
1>
b1000 ?
b110000101101 =
b1011001 ;
b10100111 +
1*
b1011 .
b1011 5
b1000100 /
b1000100 6
b10100111 (
b10100111 4
b1110001010 3
10
#9090000
0'
#9095000
1#
b10100111 "
b10100111 @
1'
#9096000
b101100101000 =
b1111100 ;
b10000100 +
b1010 .
b1010 5
b11010 /
b11010 6
b10000100 (
b10000100 4
b1110001011 3
10
#9100000
0'
#9105000
b10000100 "
b10000100 @
1'
#9106000
0>
b111 ?
b1100 =
b11 ;
b0 +
b111 )
0*
b100 .
b100 5
b111111 /
b111111 6
b11 (
b11 4
b1110001100 3
10
#9110000
0'
#9115000
0#
b0 "
b0 @
b111 $
b111 <
1'
#9116000
b11111100 =
b10010 ;
b1110 .
b1110 5
b1010111 /
b1010111 6
b10010 (
b10010 4
b1110001101 3
10
#9120000
0'
#9125000
1'
#9126000
1>
b1000 ?
b101110001100 =
b1001100 ;
b10110100 +
b0 )
1*
b1111 .
b1111 5
b100101 /
b100101 6
b10110100 (
b10110100 4
b1110001110 3
10
#9130000
0'
#9135000
1#
b10110100 "
b10110100 @
b0 $
b0 <
1'
#9136000
0>
b111100100000 =
b11100 ;
b0 +
b1000 )
0*
b1000 .
b1000 5
b1011011 /
b1011011 6
b11100100 (
b11100100 4
b1110001111 3
10
#9140000
0'
#9145000
0#
b0 "
b0 @
b1000 $
b1000 <
1'
#9146000
1>
b111 ?
b10001001100 =
b1101110 ;
b1101110 +
b0 )
1*
b1010 .
b1010 5
b111100 /
b111100 6
b1101110 (
b1101110 4
b1110010000 3
10
#9150000
0'
#9155000
1#
b1101110 "
b1101110 @
b0 $
b0 <
1'
#9156000
0>
b10110100 =
b1100 ;
b0 +
b111 )
0*
b1111 .
b1111 5
b1011000 /
b1011000 6
b1100 (
b1100 4
b1110010001 3
10
#9160000
0'
#9165000
0#
b0 "
b0 @
b111 $
b111 <
1'
#9166000
b100000101 =
b11101 ;
b1001 .
b1001 5
b101001 /
b101001 6
b11101 (
b11101 4
b1110010010 3
10
#9170000
0'
#9175000
1'
#9176000
1>
b1101110000 =
b1011000 ;
b1011000 +
b0 )
1*
b1010 .
b1010 5
b100 /
b100 6
b1011000 (
b1011000 4
b1110010011 3
10
#9180000
0'
#9185000
1#
b1011000 "
b1011000 @
b0 $
b0 <
1'
#9186000
0>
b1000 ?
b111111001010 =
b110110 ;
b0 +
b1000 )
0*
b1 .
b1 5
b1010101 /
b1010101 6
b11001010 (
b11001010 4
b1110010100 3
10
#9190000
0'
#9195000
0#
b0 "
b0 @
b1000 $
b1000 <
1'
#9196000
1>
b110010101000 =
b1101011 ;
b10010101 +
b0 )
1*
b1000 .
b1000 5
b1011010 /
b1011010 6
b10010101 (
b10010101 4
b1110010101 3
10
#9200000
0'
#9205000
1#
b10010101 "
b10010101 @
b0 $
b0 <
1'
#9206000
b111 ?
b111010110 =
b1011110 ;
b1011110 +
b101 .
b101 5
b1001011 /
b1001011 6
b1011110 (
b1011110 4
b1110010110 3
10
#9210000
0'
#9215000
b1011110 "
b1011110 @
1'
#9216000
0>
b10000000 =
b100000 ;
b0 +
b111 )
0*
b100 .
b100 5
b110111 /
b110111 6
b100000 (
b100000 4
b1110010111 3
10
#9220000
0'
#9225000
0#
b0 "
b0 @
b111 $
b111 <
1'
#9226000
1>
b10010111010 =
b1101110 ;
b1101110 +
b0 )
1*
b1011 .
b1011 5
b100001 /
b100001 6
b1101110 (
b1101110 4
b1110011000 3
10
#9230000
0'
#9235000
1#
b1101110 "
b1101110 @
b0 $
b0 <
1'
#9236000
b1000 ?
b111101101010 =
b110010 ;
b11001110 +
b11 .
b11 5
b0 /
b0 6
b11001110 (
b11001110 4
b1110011001 3
10
#9240000
0'
#9245000
b11001110 "
b11001110 @
1'
#9246000
b111000101000 =
b1110110 ;
b10001010 +
b100 .
b100 5
b101101 /
b101101 6
b10001010 (
b10001010 4
b1110011010 3
10
#9250000
0'
#9255000
b10001010 "
b10001010 @
1'
#9256000
b111 ?
b10001100101 =
b1001011 ;
b1001011 +
b1111 .
b1111 5
b110110 /
b110110 6
b1001011 (
b1001011 4
b1110011011 3
10
#9260000
0'
#9265000
b1001011 "
b1001011 @
1'
#9266000
0>
b100110001 =
b111101 ;
b0 +
b111 )
0*
b101 .
b101 5
b1011001 /
b1011001 6
b111101 (
b111101 4
b1110011100 3
10
#9270000
0'
#9275000
0#
b0 "
b0 @
b111 $
b111 <
1'
#9276000
b1000 ?
b111010000110 =
b110110 ;
b1000 )
b111 .
b111 5
b111101 /
b111101 6
b11001010 (
b11001010 4
b1110011101 3
10
#9280000
0'
#9285000
b1000 $
b1000 <
1'
#9286000
b0 ?
b0 =
b101000 ;
b0 )
b0 .
b0 5
b101101 /
b101101 6
b11011000 (
b11011000 4
b1110011110 3
10
#9290000
0'
#9295000
b0 $
b0 <
1'
#9296000
b111 ?
b100101100 =
b10100 ;
b111 )
b1111 .
b1111 5
b1100000 /
b1100000 6
b10100 (
b10100 4
b1110011111 3
10
#9300000
0'
#9305000
b111 $
b111 <
1'
#9306000
1>
b1000 ?
b100101110000 =
b1110000 ;
b10010000 +
b0 )
1*
b101000 /
b101000 6
b10010000 (
b10010000 4
b1110100000 3
10
#9310000
0'
#9315000
1#
b10010000 "
b10010000 @
b0 $
b0 <
1'
#9316000
0>
b111 ?
b100000 =
b10000 ;
b0 +
b111 )
0*
b10 .
b10 5
b1011101 /
b1011101 6
b10000 (
b10000 4
b1110100001 3
10
#9320000
0'
#9325000
0#
b0 "
b0 @
b111 $
b111 <
1'
#9326000
b1000 ?
b111010010100 =
b110100 ;
b1000 )
b111 .
b111 5
b1100000 /
b1100000 6
b11001100 (
b11001100 4
b1110100010 3
10
#9330000
0'
#9335000
b1000 $
b1000 <
1'
#9336000
b111 ?
b11110 =
b110 ;
b111 )
b101 .
b101 5
b110000 /
b110000 6
b110 (
b110 4
b1110100011 3
10
#9340000
0'
#9345000
b111 $
b111 <
1'
#9346000
1>
b1000 ?
b111110011101 =
b1100011 ;
b10011101 +
b0 )
1*
b1 .
b1 5
b11000 /
b11000 6
b10011101 (
b10011101 4
b1110100100 3
10
#9350000
0'
#9355000
1#
b10011101 "
b10011101 @
b0 $
b0 <
1'
#9356000
b111 ?
b101101000 =
b111100 ;
b111100 +
b110 .
b110 5
b101010 /
b101010 6
b111100 (
b111100 4
b1110100101 3
10
#9360000
0'
#9365000
b111100 "
b111100 @
1'
#9366000
0>
b0 ?
b0 =
b110010 ;
b0 +
0*
b0 .
b0 5
b110110 /
b110110 6
b11001110 (
b11001110 4
b1110100110 3
10
#9370000
0'
#9375000
0#
b0 "
b0 @
1'
#9376000
1>
b111 ?
b10010011111 =
b1011011 ;
b1011011 +
1*
b1101 .
b1101 5
b1000011 /
b1000011 6
b1011011 (
b1011011 4
b1110100111 3
10
#9380000
0'
#9385000
1#
b1011011 "
b1011011 @
1'
#9386000
b1000 ?
b110001001110 =
b1010110 ;
b10101010 +
b1011 .
b1011 5
b101 /
b101 6
b10101010 (
b10101010 4
b1110101000 3
10
#9390000
0'
#9395000
b10101010 "
b10101010 @
1'
#9396000
b111 ?
b11110000 =
b11000 ;
b11000 +
b1010 .
b1010 5
b10100 /
b10100 6
b11000 (
b11000 4
b1110101001 3
10
#9400000
0'
#9405000
b11000 "
b11000 @
1'
#9406000
b101010101 =
b11111 ;
b11111 +
b1011 .
b1011 5
b1011 /
b1011 6
b11111 (
b11111 4
b1110101010 3
10
#9410000
0'
#9415000
b11111 "
b11111 @
1'
#9416000
b1000 ?
b110101010100 =
b111001 ;
b11000111 +
b1100 .
b1100 5
b110100 /
b110100 6
b11000111 (
b11000111 4
b1110101011 3
10
#9420000
0'
#9425000
b11000111 "
b11000111 @
1'
#9426000
b111 ?
b10001010 =
b1000101 ;
b1000101 +
b10 .
b10 5
b111001 /
b111001 6
b1000101 (
b1000101 4
b1110101100 3
10
#9430000
0'
#9435000
b1000101 "
b1000101 @
1'
#9436000
b1000 ?
b100110111011 =
b1101011 ;
b10010101 +
b1111 .
b1111 5
b1100010 /
b1100010 6
b10010101 (
b10010101 4
b1110101101 3
10
#9440000
0'
#9445000
b10010101 "
b10010101 @
1'
#9446000
0>
b111 ?
b1101 =
b1101 ;
b0 +
b111 )
0*
b1 .
b1 5
b1011100 /
b1011100 6
b1101 (
b1101 4
b1110101110 3
10
#9450000
0'
#9455000
0#
b0 "
b0 @
b111 $
b111 <
1'
#9456000
1>
b1000 ?
b111101000010 =
b1011111 ;
b10100001 +
b0 )
1*
b10 .
b10 5
b100000 /
b100000 6
b10100001 (
b10100001 4
b1110101111 3
10
#9460000
0'
#9465000
1#
b10100001 "
b10100001 @
b0 $
b0 <
1'
#9466000
b0 ?
b0 =
b1010001 ;
b10101111 +
b0 .
b0 5
b110100 /
b110100 6
b10101111 (
b10101111 4
b1110110000 3
10
#9470000
0'
#9475000
b10101111 "
b10101111 @
1'
#9476000
b111 ?
b11011100 =
b101100 ;
b101100 +
b101 .
b101 5
b100010 /
b100010 6
b101100 (
b101100 4
b1110110001 3
10
#9480000
0'
#9485000
b101100 "
b101100 @
1'
#9486000
b1000 ?
b100110110100 =
b1111100 ;
b10000100 +
b1101 .
b1101 5
b111001 /
b111001 6
b10000100 (
b10000100 4
b1110110010 3
10
#9490000
0'
#9495000
b10000100 "
b10000100 @
1'
#9496000
0>
b111 ?
b100110100 =
b101100 ;
b0 +
b111 )
0*
b111 .
b111 5
b1011000 /
b1011000 6
b101100 (
b101100 4
b1110110011 3
10
#9500000
0'
#9505000
0#
b0 "
b0 @
b111 $
b111 <
1'
#9506000
1>
b110101010 =
b1000111 ;
b1000111 +
b0 )
1*
b110 .
b110 5
b1000010 /
b1000010 6
b1000111 (
b1000111 4
b1110110100 3
10
#9510000
0'
#9515000
1#
b1000111 "
b1000111 @
b0 $
b0 <
1'
#9516000
b1000 ?
b111110000000 =
b10000 ;
b11110000 +
b1000 .
b1000 5
b1 /
b1 6
b11110000 (
b11110000 4
b1110110101 3
10
#9520000
0'
#9525000
b11110000 "
b11110000 @
1'
#9526000
b101110110000 =
b1011100 ;
b10100100 +
b1100 .
b1100 5
b110111 /
b110111 6
b10100100 (
b10100100 4
b1110110110 3
10
#9530000
0'
#9535000
b10100100 "
b10100100 @
1'
#9536000
b110000010000 =
b1010100 ;
b10101100 +
b10010 /
b10010 6
b10101100 (
b10101100 4
b1110110111 3
10
#9540000
0'
#9545000
b10101100 "
b10101100 @
1'
#9546000
b110101101100 =
b101100 ;
b11010100 +
b1111 .
b1111 5
b11011 /
b11011 6
b11010100 (
b11010100 4
b1110111000 3
10
#9550000
0'
#9555000
b11010100 "
b11010100 @
1'
#9556000
0>
b0 ?
b0 =
b1000010 ;
b0 +
0*
b0 .
b0 5
b1010000 /
b1010000 6
b10111110 (
b10111110 4
b1110111001 3
10
#9560000
0'
#9565000
0#
b0 "
b0 @
1'
#9566000
1>
b111 ?
b110011111 =
b1010011 ;
b1010011 +
1*
b101 .
b101 5
b100000 /
b100000 6
b1010011 (
b1010011 4
b1110111010 3
10
#9570000
0'
#9575000
1#
b1010011 "
b1010011 @
1'
#9576000
b1000 ?
b101101110010 =
b1101010 ;
b10010110 +
b1011 .
b1011 5
b1 /
b1 6
b10010110 (
b10010110 4
b1110111011 3
10
#9580000
0'
#9585000
b10010110 "
b10010110 @
1'
#9586000
b110000011001 =
b1101111 ;
b10010001 +
b1001 .
b1001 5
b111010 /
b111010 6
b10010001 (
b10010001 4
b1110111100 3
10
#9590000
0'
#9595000
b10010001 "
b10010001 @
1'
#9596000
0>
b111 ?
b1000110 =
b101 ;
b0 +
b111 )
0*
b1110 .
b1110 5
b101011 /
b101011 6
b101 (
b101 4
b1110111101 3
10
#9600000
0'
#9605000
0#
b0 "
b0 @
b111 $
b111 <
1'
#9606000
1>
b1000 ?
b111101000110 =
b1011101 ;
b10100011 +
b0 )
1*
b10 .
b10 5
b10111 /
b10111 6
b10100011 (
b10100011 4
b1110111110 3
10
#9610000
0'
#9615000
1#
b10100011 "
b10100011 @
b0 $
b0 <
1'
#9616000
b111110001101 =
b1110011 ;
b10001101 +
b1 .
b1 5
b11101 /
b11101 6
b10001101 (
b10001101 4
b1110111111 3
10
#9620000
0'
#9625000
b10001101 "
b10001101 @
1'
#9626000
b101111110000 =
b1010000 ;
b10110000 +
b1101 .
b1101 5
b1000011 /
b1000011 6
b10110000 (
b10110000 4
b1111000000 3
10
#9630000
0'
#9635000
b10110000 "
b10110000 @
1'
#9636000
b111 ?
b10011110001 =
b1110011 ;
b1110011 +
b1011 .
b1011 5
b1000101 /
b1000101 6
b1110011 (
b1110011 4
b1111000001 3
10
#9640000
0'
#9645000
b1110011 "
b1110011 @
1'
#9646000
0>
b1100001100 =
b111100 ;
b0 +
b111 )
0*
b1101 .
b1101 5
b111100 (
b111100 4
b1111000010 3
10
#9650000
0'
#9655000
0#
b0 "
b0 @
b111 $
b111 <
1'
#9656000
b1110101000 =
b1001000 ;
b1011011 /
b1011011 6
b1001000 (
b1001000 4
b1111000011 3
10
#9660000
0'
#9665000
1'
#9666000
1>
b0 ?
b0 =
b1110101 ;
b10001011 +
b0 )
1*
b0 .
b0 5
b1000110 /
b1000110 6
b10001011 (
b10001011 4
b1111000100 3
10
#9670000
0'
#9675000
1#
b10001011 "
b10001011 @
b0 $
b0 <
1'
#9676000
b1000 ?
b100100010110 =
b1110110 ;
b10001010 +
b1111 .
b1111 5
b1010001 /
b1010001 6
b10001010 (
b10001010 4
b1111000101 3
10
#9680000
0'
#9685000
b10001010 "
b10001010 @
1'
#9686000
b111 ?
b1000000 =
b1000000 ;
b1000000 +
b1 .
b1 5
b100110 /
b100110 6
b1000000 (
b1000000 4
b1111000110 3
10
#9690000
0'
#9695000
b1000000 "
b1000000 @
1'
#9696000
b1000 ?
b110111101001 =
b1101011 ;
b10010101 +
b101 .
b101 5
b111 /
b111 6
b10010101 (
b10010101 4
b1111000111 3
10
#9700000
0'
#9705000
b10010101 "
b10010101 @
1'
#9706000
b111100001110 =
b1111001 ;
b10000111 +
b10 .
b10 5
b1001011 /
b1001011 6
b10000111 (
b10000111 4
b1111001000 3
10
#9710000
0'
#9715000
b10000111 "
b10000111 @
1'
#9716000
b111100011110 =
b1110001 ;
b10001111 +
b1010110 /
b1010110 6
b10001111 (
b10001111 4
b1111001001 3
10
#9720000
0'
#9725000
b10001111 "
b10001111 @
1'
#9726000
b110000100010 =
b1100011 ;
b10011101 +
b1010 .
b1010 5
b1010111 /
b1010111 6
b10011101 (
b10011101 4
b1111001010 3
10
#9730000
0'
#9735000
b10011101 "
b10011101 @
1'
#9736000
b101100100000 =
b1101000 ;
b10011000 +
b1100 .
b1100 5
b10 /
b10 6
b10011000 (
b10011000 4
b1111001011 3
10
#9740000
0'
#9745000
b10011000 "
b10011000 @
1'
#9746000
b0 ?
b0 =
b1111100 ;
b10000100 +
b0 .
b0 5
b110000 /
b110000 6
b10000100 (
b10000100 4
b1111001100 3
10
#9750000
0'
#9755000
b10000100 "
b10000100 @
1'
#9756000
0>
b1000 ?
b111110001101 =
b10111 ;
b0 +
b1000 )
0*
b101 .
b101 5
b1011110 /
b1011110 6
b11101001 (
b11101001 4
b1111001101 3
10
#9760000
0'
#9765000
0#
b0 "
b0 @
b1000 $
b1000 <
1'
#9766000
b111 ?
b1011110100 =
b110110 ;
b111 )
b1110 .
b1110 5
b110110 (
b110110 4
b1111001110 3
10
#9770000
0'
#9775000
b111 $
b111 <
1'
#9776000
b1000 ?
b111110101000 =
b1011 ;
b1000 )
b1000 .
b1000 5
b1110 /
b1110 6
b11110101 (
b11110101 4
b1111001111 3
10
#9780000
0'
#9785000
b1000 $
b1000 <
1'
#9786000
b111111101010 =
b10110 ;
b1 .
b1 5
b100000 /
b100000 6
b11101010 (
b11101010 4
b1111010000 3
10
#9790000
0'
#9795000
1'
#9796000
1>
b111 ?
b1100110011 =
b1110101 ;
b1110101 +
b0 )
1*
b111 .
b111 5
b11100 /
b11100 6
b1110101 (
b1110101 4
b1111010001 3
10
#9800000
0'
#9805000
1#
b1110101 "
b1110101 @
b0 $
b0 <
1'
#9806000
b1000000000 =
b1000000 ;
b1000000 +
b1000 .
b1000 5
b1001 /
b1001 6
b1000000 (
b1000000 4
b1111010010 3
10
#9810000
0'
#9815000
b1000000 "
b1000000 @
1'
#9816000
b1000 ?
b111011011101 =
b1100001 ;
b10011111 +
b11 .
b11 5
b11001 /
b11001 6
b10011111 (
b10011111 4
b1111010011 3
10
#9820000
0'
#9825000
b10011111 "
b10011111 @
1'
#9826000
b111 ?
b10000111000 =
b1111000 ;
b1111000 +
b1001 .
b1001 5
b110110 /
b110110 6
b1111000 (
b1111000 4
b1111010100 3
10
#9830000
0'
#9835000
b1111000 "
b1111000 @
1'
#9836000
b1000001101 =
b1001011 ;
b1001011 +
b111 .
b111 5
b110100 /
b110100 6
b1001011 (
b1001011 4
b1111010101 3
10
#9840000
0'
#9845000
b1001011 "
b1001011 @
1'
#9846000
b1000 ?
b110111110011 =
b100011 ;
b11011101 +
b1111 .
b1111 5
b1001 /
b1001 6
b11011101 (
b11011101 4
b1111010110 3
10
#9850000
0'
#9855000
b11011101 "
b11011101 @
1'
#9856000
b111 ?
b10000101111 =
b1110111 ;
b1110111 +
b1001 .
b1001 5
b1001101 /
b1001101 6
b1110111 (
b1110111 4
b1111010111 3
10
#9860000
0'
#9865000
b1110111 "
b1110111 @
1'
#9866000
0>
b1000010000 =
b110000 ;
b0 +
b111 )
0*
b1011 .
b1011 5
b1000001 /
b1000001 6
b110000 (
b110000 4
b1111011000 3
10
#9870000
0'
#9875000
0#
b0 "
b0 @
b111 $
b111 <
1'
#9876000
1>
b1000 ?
b111001101100 =
b1100101 ;
b10011011 +
b0 )
1*
b100 .
b100 5
b1101 /
b1101 6
b10011011 (
b10011011 4
b1111011001 3
10
#9880000
0'
#9885000
1#
b10011011 "
b10011011 @
b0 $
b0 <
1'
#9886000
b0 ?
b0 =
b1101001 ;
b1101001 +
b0 .
b0 5
b1000010 /
b1000010 6
b1101001 (
b1101001 4
b1111011010 3
10
#9890000
0'
#9895000
b1101001 "
b1101001 @
1'
#9896000
b1000 ?
b111100111100 =
b1100010 ;
b10011110 +
b10 .
b10 5
b1010001 /
b1010001 6
b10011110 (
b10011110 4
b1111011011 3
10
#9900000
0'
#9905000
b10011110 "
b10011110 @
1'
#9906000
b111 ?
b1011111000 =
b1001100 ;
b1001100 +
b1010 .
b1010 5
b1000011 /
b1000011 6
b1001100 (
b1001100 4
b1111011100 3
10
#9910000
0'
#9915000
b1001100 "
b1001100 @
1'
#9916000
0>
b1000 ?
b111111101010 =
b10110 ;
b0 +
b1000 )
0*
b1 .
b1 5
b110010 /
b110010 6
b11101010 (
b11101010 4
b1111011101 3
10
#9920000
0'
#9925000
0#
b0 "
b0 @
b1000 $
b1000 <
1'
#9926000
1>
b111 ?
b110111000 =
b1101110 ;
b1101110 +
b0 )
1*
b100 .
b100 5
b100101 /
b100101 6
b1101110 (
b1101110 4
b1111011110 3
10
#9930000
0'
#9935000
1#
b1101110 "
b1101110 @
b0 $
b0 <
1'
#9936000
b10100100100 =
b1011110 ;
b1011110 +
b1110 .
b1110 5
b1000000 /
b1000000 6
b1011110 (
b1011110 4
b1111011111 3
10
#9940000
0'
#9945000
b1011110 "
b1011110 @
1'
#9946000
b1000011100 =
b1101100 ;
b1101100 +
b101 .
b101 5
b1101 /
b1101 6
b1101100 (
b1101100 4
b1111100000 3
10
#9950000
0'
#9955000
b1101100 "
b1101100 @
1'
#9956000
0>
b1100011 =
b1011 ;
b0 +
b111 )
0*
b1001 .
b1001 5
b1001110 /
b1001110 6
b1011 (
b1011 4
b1111100001 3
10
#9960000
0'
#9965000
0#
b0 "
b0 @
b111 $
b111 <
1'
#9966000
1>
b11100110 =
b1110011 ;
b1110011 +
b0 )
1*
b10 .
b10 5
b100011 /
b100011 6
b1110011 (
b1110011 4
b1111100010 3
10
#9970000
0'
#9975000
1#
b1110011 "
b1110011 @
b0 $
b0 <
1'
#9976000
b0 ?
b0 =
b1101001 ;
b1101001 +
b0 .
b0 5
b110010 /
b110010 6
b1101001 (
b1101001 4
b1111100011 3
10
#9980000
0'
#9985000
b1101001 "
b1101001 @
1'
#9986000
b111 ?
b1011100101 =
b111001 ;
b111001 +
b1101 .
b1101 5
b10100 /
b10100 6
b111001 (
b111001 4
b1111100100 3
10
#9990000
0'
#9995000
b111001 "
b111001 @
1'
#9996000
0>
b10101111 =
b100011 ;
b0 +
b111 )
0*
b101 .
b101 5
b101110 /
b101110 6
b100011 (
b100011 4
b1111100101 3
10
#10000000
0'
#10005000
0#
b0 "
b0 @
b111 $
b111 <
1'
#10006000
b1000 ?
b111001111010 =
b100111 ;
b1000 )
b1010 .
b1010 5
b111011 /
b111011 6
b11011001 (
b11011001 4
b1111100110 3
10
#10010000
0'
#10015000
b1000 $
b1000 <
1'
#10016000
b111001010101 =
b111101 ;
b111 .
b111 5
b1010101 /
b1010101 6
b11000011 (
b11000011 4
b1111100111 3
10
#10020000
0'
#10025000
1'
#10026000
b1111101000 3
00
