
===========================================================================
report_checks -path_delay max (Setup)
============================================================================
======================= Fastest Corner ===================================

Startpoint: scale[2] (input port clocked by clk)
Endpoint: _442_ (rising edge-triggered flip-flop clocked by clk)
Path Group: clk
Path Type: max
Corner: Fastest

Fanout     Cap    Slew   Delay    Time   Description
-----------------------------------------------------------------------------
                          0.00    0.00   clock clk (rise edge)
                          0.00    0.00   clock network delay (propagated)
                          5.00    5.00 ^ input external delay
                  0.01    0.01    5.01 ^ scale[2] (in)
     1    0.00                           scale[2] (net)
                  0.01    0.00    5.01 ^ input12/A (sky130_fd_sc_hd__buf_2)
                  0.14    0.15    5.16 ^ input12/X (sky130_fd_sc_hd__buf_2)
     7    0.04                           net12 (net)
                  0.14    0.00    5.16 ^ _258_/A (sky130_fd_sc_hd__buf_2)
                  0.14    0.18    5.33 ^ _258_/X (sky130_fd_sc_hd__buf_2)
    10    0.04                           _206_ (net)
                  0.14    0.00    5.34 ^ _304_/B (sky130_fd_sc_hd__nand4_1)
                  0.08    0.10    5.43 v _304_/Y (sky130_fd_sc_hd__nand4_1)
     3    0.01                           _046_ (net)
                  0.08    0.00    5.43 v _316_/A1 (sky130_fd_sc_hd__a21o_1)
                  0.03    0.13    5.56 v _316_/X (sky130_fd_sc_hd__a21o_1)
     2    0.01                           _058_ (net)
                  0.03    0.00    5.56 v _321_/A2 (sky130_fd_sc_hd__a21o_1)
                  0.04    0.14    5.70 v _321_/X (sky130_fd_sc_hd__a21o_1)
     3    0.01                           _063_ (net)
                  0.04    0.00    5.70 v _323_/A2 (sky130_fd_sc_hd__a21bo_1)
                  0.03    0.14    5.84 v _323_/X (sky130_fd_sc_hd__a21bo_1)
     2    0.00                           _065_ (net)
                  0.03    0.00    5.84 v _325_/B (sky130_fd_sc_hd__and3_2)
                  0.05    0.16    6.00 v _325_/X (sky130_fd_sc_hd__and3_2)
     4    0.02                           _067_ (net)
                  0.05    0.00    6.00 v _340_/A (sky130_fd_sc_hd__nor3b_1)
                  0.21    0.22    6.21 ^ _340_/Y (sky130_fd_sc_hd__nor3b_1)
     3    0.01                           _082_ (net)
                  0.21    0.00    6.21 ^ _342_/A (sky130_fd_sc_hd__nor2_1)
                  0.07    0.07    6.28 v _342_/Y (sky130_fd_sc_hd__nor2_1)
     3    0.01                           _084_ (net)
                  0.07    0.00    6.28 v _368_/A (sky130_fd_sc_hd__and4_1)
                  0.04    0.12    6.40 v _368_/X (sky130_fd_sc_hd__and4_1)
     2    0.01                           _110_ (net)
                  0.04    0.00    6.40 v _377_/A1 (sky130_fd_sc_hd__a21o_1)
                  0.04    0.12    6.52 v _377_/X (sky130_fd_sc_hd__a21o_1)
     2    0.01                           _119_ (net)
                  0.04    0.00    6.52 v _379_/A2 (sky130_fd_sc_hd__a21oi_1)
                  0.16    0.16    6.68 ^ _379_/Y (sky130_fd_sc_hd__a21oi_1)
     2    0.01                           _121_ (net)
                  0.16    0.00    6.68 ^ _380_/S (sky130_fd_sc_hd__mux2_1)
                  0.05    0.22    6.90 v _380_/X (sky130_fd_sc_hd__mux2_1)
     2    0.01                           _122_ (net)
                  0.05    0.00    6.90 v _409_/A1 (sky130_fd_sc_hd__o31a_1)
                  0.05    0.22    7.12 v _409_/X (sky130_fd_sc_hd__o31a_1)
     3    0.01                           _151_ (net)
                  0.05    0.00    7.12 v _418_/B1 (sky130_fd_sc_hd__a31o_1)
                  0.03    0.09    7.21 v _418_/X (sky130_fd_sc_hd__a31o_1)
     1    0.00                           _158_ (net)
                  0.03    0.00    7.21 v _419_/B2 (sky130_fd_sc_hd__a22o_1)
                  0.03    0.10    7.30 v _419_/X (sky130_fd_sc_hd__a22o_1)
     1    0.00                           _003_ (net)
                  0.03    0.00    7.30 v _442_/D (sky130_fd_sc_hd__dfrtp_1)
                                  7.30   data arrival time

                         25.00   25.00   clock clk (rise edge)
                          0.00   25.00   clock source latency
                  0.07    0.05   25.05 ^ clk (in)
     1    0.02                           clk (net)
                  0.07    0.00   25.05 ^ clkbuf_0_clk/A (sky130_fd_sc_hd__clkbuf_16)
                  0.03    0.09   25.14 ^ clkbuf_0_clk/X (sky130_fd_sc_hd__clkbuf_16)
     2    0.02                           clknet_0_clk (net)
                  0.03    0.00   25.14 ^ clkbuf_1_0__f_clk/A (sky130_fd_sc_hd__clkbuf_16)
                  0.03    0.08   25.22 ^ clkbuf_1_0__f_clk/X (sky130_fd_sc_hd__clkbuf_16)
     8    0.02                           clknet_1_0__leaf_clk (net)
                  0.03    0.00   25.22 ^ _442_/CLK (sky130_fd_sc_hd__dfrtp_1)
                         -0.25   24.97   clock uncertainty
                          0.00   24.97   clock reconvergence pessimism
                         -0.07   24.90   library setup time
                                 24.90   data required time
-----------------------------------------------------------------------------
                                 24.90   data required time
                                 -7.30   data arrival time
-----------------------------------------------------------------------------
                                 17.59   slack (MET)


Startpoint: scale[2] (input port clocked by clk)
Endpoint: _440_ (rising edge-triggered flip-flop clocked by clk)
Path Group: clk
Path Type: max
Corner: Fastest

Fanout     Cap    Slew   Delay    Time   Description
-----------------------------------------------------------------------------
                          0.00    0.00   clock clk (rise edge)
                          0.00    0.00   clock network delay (propagated)
                          5.00    5.00 ^ input external delay
                  0.01    0.01    5.01 ^ scale[2] (in)
     1    0.00                           scale[2] (net)
                  0.01    0.00    5.01 ^ input12/A (sky130_fd_sc_hd__buf_2)
                  0.14    0.15    5.16 ^ input12/X (sky130_fd_sc_hd__buf_2)
     7    0.04                           net12 (net)
                  0.14    0.00    5.16 ^ _258_/A (sky130_fd_sc_hd__buf_2)
                  0.14    0.18    5.33 ^ _258_/X (sky130_fd_sc_hd__buf_2)
    10    0.04                           _206_ (net)
                  0.14    0.00    5.34 ^ _304_/B (sky130_fd_sc_hd__nand4_1)
                  0.08    0.10    5.43 v _304_/Y (sky130_fd_sc_hd__nand4_1)
     3    0.01                           _046_ (net)
                  0.08    0.00    5.43 v _316_/A1 (sky130_fd_sc_hd__a21o_1)
                  0.03    0.13    5.56 v _316_/X (sky130_fd_sc_hd__a21o_1)
     2    0.01                           _058_ (net)
                  0.03    0.00    5.56 v _321_/A2 (sky130_fd_sc_hd__a21o_1)
                  0.04    0.14    5.70 v _321_/X (sky130_fd_sc_hd__a21o_1)
     3    0.01                           _063_ (net)
                  0.04    0.00    5.70 v _323_/A2 (sky130_fd_sc_hd__a21bo_1)
                  0.03    0.14    5.84 v _323_/X (sky130_fd_sc_hd__a21bo_1)
     2    0.00                           _065_ (net)
                  0.03    0.00    5.84 v _325_/B (sky130_fd_sc_hd__and3_2)
                  0.05    0.16    6.00 v _325_/X (sky130_fd_sc_hd__and3_2)
     4    0.02                           _067_ (net)
                  0.05    0.00    6.00 v _340_/A (sky130_fd_sc_hd__nor3b_1)
                  0.21    0.22    6.21 ^ _340_/Y (sky130_fd_sc_hd__nor3b_1)
     3    0.01                           _082_ (net)
                  0.21    0.00    6.21 ^ _342_/A (sky130_fd_sc_hd__nor2_1)
                  0.07    0.07    6.28 v _342_/Y (sky130_fd_sc_hd__nor2_1)
     3    0.01                           _084_ (net)
                  0.07    0.00    6.28 v _368_/A (sky130_fd_sc_hd__and4_1)
                  0.04    0.12    6.40 v _368_/X (sky130_fd_sc_hd__and4_1)
     2    0.01                           _110_ (net)
                  0.04    0.00    6.40 v _377_/A1 (sky130_fd_sc_hd__a21o_1)
                  0.04    0.12    6.52 v _377_/X (sky130_fd_sc_hd__a21o_1)
     2    0.01                           _119_ (net)
                  0.04    0.00    6.52 v _379_/A2 (sky130_fd_sc_hd__a21oi_1)
                  0.16    0.16    6.68 ^ _379_/Y (sky130_fd_sc_hd__a21oi_1)
     2    0.01                           _121_ (net)
                  0.16    0.00    6.68 ^ _380_/S (sky130_fd_sc_hd__mux2_1)
                  0.05    0.22    6.90 v _380_/X (sky130_fd_sc_hd__mux2_1)
     2    0.01                           _122_ (net)
                  0.05    0.00    6.90 v _409_/A1 (sky130_fd_sc_hd__o31a_1)
                  0.05    0.22    7.12 v _409_/X (sky130_fd_sc_hd__o31a_1)
     3    0.01                           _151_ (net)
                  0.05    0.00    7.12 v _410_/B1 (sky130_fd_sc_hd__a31o_1)
                  0.03    0.08    7.21 v _410_/X (sky130_fd_sc_hd__a31o_1)
     1    0.00                           _152_ (net)
                  0.03    0.00    7.21 v _411_/B2 (sky130_fd_sc_hd__a22o_1)
                  0.03    0.10    7.30 v _411_/X (sky130_fd_sc_hd__a22o_1)
     1    0.00                           _001_ (net)
                  0.03    0.00    7.30 v _440_/D (sky130_fd_sc_hd__dfrtp_1)
                                  7.30   data arrival time

                         25.00   25.00   clock clk (rise edge)
                          0.00   25.00   clock source latency
                  0.07    0.05   25.05 ^ clk (in)
     1    0.02                           clk (net)
                  0.07    0.00   25.05 ^ clkbuf_0_clk/A (sky130_fd_sc_hd__clkbuf_16)
                  0.03    0.09   25.14 ^ clkbuf_0_clk/X (sky130_fd_sc_hd__clkbuf_16)
     2    0.02                           clknet_0_clk (net)
                  0.03    0.00   25.14 ^ clkbuf_1_0__f_clk/A (sky130_fd_sc_hd__clkbuf_16)
                  0.03    0.08   25.22 ^ clkbuf_1_0__f_clk/X (sky130_fd_sc_hd__clkbuf_16)
     8    0.02                           clknet_1_0__leaf_clk (net)
                  0.03    0.00   25.22 ^ _440_/CLK (sky130_fd_sc_hd__dfrtp_1)
                         -0.25   24.97   clock uncertainty
                          0.00   24.97   clock reconvergence pessimism
                         -0.07   24.90   library setup time
                                 24.90   data required time
-----------------------------------------------------------------------------
                                 24.90   data required time
                                 -7.30   data arrival time
-----------------------------------------------------------------------------
                                 17.59   slack (MET)


Startpoint: scale[2] (input port clocked by clk)
Endpoint: _441_ (rising edge-triggered flip-flop clocked by clk)
Path Group: clk
Path Type: max
Corner: Fastest

Fanout     Cap    Slew   Delay    Time   Description
-----------------------------------------------------------------------------
                          0.00    0.00   clock clk (rise edge)
                          0.00    0.00   clock network delay (propagated)
                          5.00    5.00 ^ input external delay
                  0.01    0.01    5.01 ^ scale[2] (in)
     1    0.00                           scale[2] (net)
                  0.01    0.00    5.01 ^ input12/A (sky130_fd_sc_hd__buf_2)
                  0.14    0.15    5.16 ^ input12/X (sky130_fd_sc_hd__buf_2)
     7    0.04                           net12 (net)
                  0.14    0.00    5.16 ^ _258_/A (sky130_fd_sc_hd__buf_2)
                  0.14    0.18    5.33 ^ _258_/X (sky130_fd_sc_hd__buf_2)
    10    0.04                           _206_ (net)
                  0.14    0.00    5.34 ^ _304_/B (sky130_fd_sc_hd__nand4_1)
                  0.08    0.10    5.43 v _304_/Y (sky130_fd_sc_hd__nand4_1)
     3    0.01                           _046_ (net)
                  0.08    0.00    5.43 v _316_/A1 (sky130_fd_sc_hd__a21o_1)
                  0.03    0.13    5.56 v _316_/X (sky130_fd_sc_hd__a21o_1)
     2    0.01                           _058_ (net)
                  0.03    0.00    5.56 v _321_/A2 (sky130_fd_sc_hd__a21o_1)
                  0.04    0.14    5.70 v _321_/X (sky130_fd_sc_hd__a21o_1)
     3    0.01                           _063_ (net)
                  0.04    0.00    5.70 v _323_/A2 (sky130_fd_sc_hd__a21bo_1)
                  0.03    0.14    5.84 v _323_/X (sky130_fd_sc_hd__a21bo_1)
     2    0.00                           _065_ (net)
                  0.03    0.00    5.84 v _325_/B (sky130_fd_sc_hd__and3_2)
                  0.05    0.16    6.00 v _325_/X (sky130_fd_sc_hd__and3_2)
     4    0.02                           _067_ (net)
                  0.05    0.00    6.00 v _340_/A (sky130_fd_sc_hd__nor3b_1)
                  0.21    0.22    6.21 ^ _340_/Y (sky130_fd_sc_hd__nor3b_1)
     3    0.01                           _082_ (net)
                  0.21    0.00    6.21 ^ _342_/A (sky130_fd_sc_hd__nor2_1)
                  0.07    0.07    6.28 v _342_/Y (sky130_fd_sc_hd__nor2_1)
     3    0.01                           _084_ (net)
                  0.07    0.00    6.28 v _368_/A (sky130_fd_sc_hd__and4_1)
                  0.04    0.12    6.40 v _368_/X (sky130_fd_sc_hd__and4_1)
     2    0.01                           _110_ (net)
                  0.04    0.00    6.40 v _377_/A1 (sky130_fd_sc_hd__a21o_1)
                  0.04    0.12    6.52 v _377_/X (sky130_fd_sc_hd__a21o_1)
     2    0.01                           _119_ (net)
                  0.04    0.00    6.52 v _379_/A2 (sky130_fd_sc_hd__a21oi_1)
                  0.16    0.16    6.68 ^ _379_/Y (sky130_fd_sc_hd__a21oi_1)
     2    0.01                           _121_ (net)
                  0.16    0.00    6.68 ^ _380_/S (sky130_fd_sc_hd__mux2_1)
                  0.05    0.22    6.90 v _380_/X (sky130_fd_sc_hd__mux2_1)
     2    0.01                           _122_ (net)
                  0.05    0.00    6.90 v _409_/A1 (sky130_fd_sc_hd__o31a_1)
                  0.05    0.22    7.12 v _409_/X (sky130_fd_sc_hd__o31a_1)
     3    0.01                           _151_ (net)
                  0.05    0.00    7.12 v _414_/B1 (sky130_fd_sc_hd__a31o_1)
                  0.03    0.08    7.20 v _414_/X (sky130_fd_sc_hd__a31o_1)
     1    0.00                           _155_ (net)
                  0.03    0.00    7.20 v _415_/B2 (sky130_fd_sc_hd__a22o_1)
                  0.03    0.09    7.29 v _415_/X (sky130_fd_sc_hd__a22o_1)
     1    0.00                           _002_ (net)
                  0.03    0.00    7.29 v _441_/D (sky130_fd_sc_hd__dfrtp_2)
                                  7.29   data arrival time

                         25.00   25.00   clock clk (rise edge)
                          0.00   25.00   clock source latency
                  0.07    0.05   25.05 ^ clk (in)
     1    0.02                           clk (net)
                  0.07    0.00   25.05 ^ clkbuf_0_clk/A (sky130_fd_sc_hd__clkbuf_16)
                  0.03    0.09   25.14 ^ clkbuf_0_clk/X (sky130_fd_sc_hd__clkbuf_16)
     2    0.02                           clknet_0_clk (net)
                  0.03    0.00   25.14 ^ clkbuf_1_0__f_clk/A (sky130_fd_sc_hd__clkbuf_16)
                  0.03    0.08   25.22 ^ clkbuf_1_0__f_clk/X (sky130_fd_sc_hd__clkbuf_16)
     8    0.02                           clknet_1_0__leaf_clk (net)
                  0.03    0.00   25.22 ^ _441_/CLK (sky130_fd_sc_hd__dfrtp_2)
                         -0.25   24.97   clock uncertainty
                          0.00   24.97   clock reconvergence pessimism
                         -0.07   24.90   library setup time
                                 24.90   data required time
-----------------------------------------------------------------------------
                                 24.90   data required time
                                 -7.29   data arrival time
-----------------------------------------------------------------------------
                                 17.60   slack (MET)


Startpoint: data_in[0] (input port clocked by clk)
Endpoint: _438_ (rising edge-triggered flip-flop clocked by clk)
Path Group: clk
Path Type: max
Corner: Fastest

Fanout     Cap    Slew   Delay    Time   Description
-----------------------------------------------------------------------------
                          0.00    0.00   clock clk (rise edge)
                          0.00    0.00   clock network delay (propagated)
                          5.00    5.00 ^ input external delay
                  0.01    0.01    5.01 ^ data_in[0] (in)
     1    0.00                           data_in[0] (net)
                  0.01    0.00    5.01 ^ input1/A (sky130_fd_sc_hd__clkbuf_2)
                  0.11    0.12    5.13 ^ input1/X (sky130_fd_sc_hd__clkbuf_2)
     4    0.03                           net1 (net)
                  0.11    0.00    5.13 ^ _224_/A (sky130_fd_sc_hd__clkbuf_4)
                  0.10    0.17    5.30 ^ _224_/X (sky130_fd_sc_hd__clkbuf_4)
    10    0.04                           _173_ (net)
                  0.10    0.00    5.30 ^ _243_/B (sky130_fd_sc_hd__nand2_1)
                  0.05    0.05    5.35 v _243_/Y (sky130_fd_sc_hd__nand2_1)
     1    0.00                           _192_ (net)
                  0.05    0.00    5.35 v _244_/B (sky130_fd_sc_hd__xor2_1)
                  0.04    0.10    5.45 v _244_/X (sky130_fd_sc_hd__xor2_1)
     2    0.00                           _193_ (net)
                  0.04    0.00    5.45 v _245_/A2 (sky130_fd_sc_hd__a21oi_1)
                  0.07    0.10    5.55 ^ _245_/Y (sky130_fd_sc_hd__a21oi_1)
     1    0.00                           _194_ (net)
                  0.07    0.00    5.55 ^ _246_/A2_N (sky130_fd_sc_hd__o2bb2a_1)
                  0.05    0.14    5.69 v _246_/X (sky130_fd_sc_hd__o2bb2a_1)
     1    0.01                           _195_ (net)
                  0.05    0.00    5.69 v _247_/B1 (sky130_fd_sc_hd__a21o_1)
                  0.02    0.08    5.77 v _247_/X (sky130_fd_sc_hd__a21o_1)
     1    0.00                           _196_ (net)
                  0.02    0.00    5.77 v _248_/B2 (sky130_fd_sc_hd__a22o_1)
                  0.03    0.09    5.86 v _248_/X (sky130_fd_sc_hd__a22o_1)
     1    0.00                           _197_ (net)
                  0.03    0.00    5.86 v _249_/B2 (sky130_fd_sc_hd__a22o_1)
                  0.03    0.09    5.96 v _249_/X (sky130_fd_sc_hd__a22o_1)
     1    0.00                           _198_ (net)
                  0.03    0.00    5.96 v _250_/B2 (sky130_fd_sc_hd__a22o_1)
                  0.03    0.10    6.05 v _250_/X (sky130_fd_sc_hd__a22o_1)
     1    0.00                           _199_ (net)
                  0.03    0.00    6.05 v _251_/C1 (sky130_fd_sc_hd__o221a_1)
                  0.03    0.07    6.12 v _251_/X (sky130_fd_sc_hd__o221a_1)
     1    0.00                           _200_ (net)
                  0.03    0.00    6.12 v _252_/B2 (sky130_fd_sc_hd__o22a_1)
                  0.04    0.12    6.24 v _252_/X (sky130_fd_sc_hd__o22a_1)
     1    0.01                           _201_ (net)
                  0.04    0.00    6.24 v _253_/B1 (sky130_fd_sc_hd__a21oi_4)
                  0.23    0.15    6.39 ^ _253_/Y (sky130_fd_sc_hd__a21oi_4)
    10    0.04                           _202_ (net)
                  0.23    0.00    6.39 ^ _254_/B (sky130_fd_sc_hd__nor2_1)
                  0.09    0.08    6.47 v _254_/Y (sky130_fd_sc_hd__nor2_1)
     4    0.01                           _203_ (net)
                  0.09    0.00    6.47 v _255_/B1_N (sky130_fd_sc_hd__o21ba_1)
                  0.04    0.15    6.62 ^ _255_/X (sky130_fd_sc_hd__o21ba_1)
     1    0.00                           _000_ (net)
                  0.04    0.00    6.62 ^ _438_/D (sky130_fd_sc_hd__dfrtp_1)
                                  6.62   data arrival time

                         25.00   25.00   clock clk (rise edge)
                          0.00   25.00   clock source latency
                  0.07    0.05   25.05 ^ clk (in)
     1    0.02                           clk (net)
                  0.07    0.00   25.05 ^ clkbuf_0_clk/A (sky130_fd_sc_hd__clkbuf_16)
                  0.03    0.09   25.14 ^ clkbuf_0_clk/X (sky130_fd_sc_hd__clkbuf_16)
     2    0.02                           clknet_0_clk (net)
                  0.03    0.00   25.14 ^ clkbuf_1_1__f_clk/A (sky130_fd_sc_hd__clkbuf_16)
                  0.04    0.08   25.22 ^ clkbuf_1_1__f_clk/X (sky130_fd_sc_hd__clkbuf_16)
     6    0.03                           clknet_1_1__leaf_clk (net)
                  0.04    0.00   25.22 ^ _438_/CLK (sky130_fd_sc_hd__dfrtp_1)
                         -0.25   24.97   clock uncertainty
                          0.00   24.97   clock reconvergence pessimism
                         -0.03   24.94   library setup time
                                 24.94   data required time
-----------------------------------------------------------------------------
                                 24.94   data required time
                                 -6.62   data arrival time
-----------------------------------------------------------------------------
                                 18.32   slack (MET)


Startpoint: data_in[0] (input port clocked by clk)
Endpoint: _443_ (rising edge-triggered flip-flop clocked by clk)
Path Group: clk
Path Type: max
Corner: Fastest

Fanout     Cap    Slew   Delay    Time   Description
-----------------------------------------------------------------------------
                          0.00    0.00   clock clk (rise edge)
                          0.00    0.00   clock network delay (propagated)
                          5.00    5.00 ^ input external delay
                  0.01    0.01    5.01 ^ data_in[0] (in)
     1    0.00                           data_in[0] (net)
                  0.01    0.00    5.01 ^ input1/A (sky130_fd_sc_hd__clkbuf_2)
                  0.11    0.12    5.13 ^ input1/X (sky130_fd_sc_hd__clkbuf_2)
     4    0.03                           net1 (net)
                  0.11    0.00    5.13 ^ _224_/A (sky130_fd_sc_hd__clkbuf_4)
                  0.10    0.17    5.30 ^ _224_/X (sky130_fd_sc_hd__clkbuf_4)
    10    0.04                           _173_ (net)
                  0.10    0.00    5.30 ^ _243_/B (sky130_fd_sc_hd__nand2_1)
                  0.05    0.05    5.35 v _243_/Y (sky130_fd_sc_hd__nand2_1)
     1    0.00                           _192_ (net)
                  0.05    0.00    5.35 v _244_/B (sky130_fd_sc_hd__xor2_1)
                  0.04    0.10    5.45 v _244_/X (sky130_fd_sc_hd__xor2_1)
     2    0.00                           _193_ (net)
                  0.04    0.00    5.45 v _245_/A2 (sky130_fd_sc_hd__a21oi_1)
                  0.07    0.10    5.55 ^ _245_/Y (sky130_fd_sc_hd__a21oi_1)
     1    0.00                           _194_ (net)
                  0.07    0.00    5.55 ^ _246_/A2_N (sky130_fd_sc_hd__o2bb2a_1)
                  0.05    0.14    5.69 v _246_/X (sky130_fd_sc_hd__o2bb2a_1)
     1    0.01                           _195_ (net)
                  0.05    0.00    5.69 v _247_/B1 (sky130_fd_sc_hd__a21o_1)
                  0.02    0.08    5.77 v _247_/X (sky130_fd_sc_hd__a21o_1)
     1    0.00                           _196_ (net)
                  0.02    0.00    5.77 v _248_/B2 (sky130_fd_sc_hd__a22o_1)
                  0.03    0.09    5.86 v _248_/X (sky130_fd_sc_hd__a22o_1)
     1    0.00                           _197_ (net)
                  0.03    0.00    5.86 v _249_/B2 (sky130_fd_sc_hd__a22o_1)
                  0.03    0.09    5.96 v _249_/X (sky130_fd_sc_hd__a22o_1)
     1    0.00                           _198_ (net)
                  0.03    0.00    5.96 v _250_/B2 (sky130_fd_sc_hd__a22o_1)
                  0.03    0.10    6.05 v _250_/X (sky130_fd_sc_hd__a22o_1)
     1    0.00                           _199_ (net)
                  0.03    0.00    6.05 v _251_/C1 (sky130_fd_sc_hd__o221a_1)
                  0.03    0.07    6.12 v _251_/X (sky130_fd_sc_hd__o221a_1)
     1    0.00                           _200_ (net)
                  0.03    0.00    6.12 v _252_/B2 (sky130_fd_sc_hd__o22a_1)
                  0.04    0.12    6.24 v _252_/X (sky130_fd_sc_hd__o22a_1)
     1    0.01                           _201_ (net)
                  0.04    0.00    6.24 v _253_/B1 (sky130_fd_sc_hd__a21oi_4)
                  0.23    0.15    6.39 ^ _253_/Y (sky130_fd_sc_hd__a21oi_4)
    10    0.04                           _202_ (net)
                  0.23    0.00    6.39 ^ _420_/B (sky130_fd_sc_hd__or3_1)
                  0.03    0.09    6.48 ^ _420_/X (sky130_fd_sc_hd__or3_1)
     1    0.00                           _159_ (net)
                  0.03    0.00    6.48 ^ _421_/B1_N (sky130_fd_sc_hd__a21bo_1)
                  0.02    0.09    6.57 v _421_/X (sky130_fd_sc_hd__a21bo_1)
     1    0.00                           _004_ (net)
                  0.02    0.00    6.57 v _443_/D (sky130_fd_sc_hd__dfrtp_1)
                                  6.57   data arrival time

                         25.00   25.00   clock clk (rise edge)
                          0.00   25.00   clock source latency
                  0.07    0.05   25.05 ^ clk (in)
     1    0.02                           clk (net)
                  0.07    0.00   25.05 ^ clkbuf_0_clk/A (sky130_fd_sc_hd__clkbuf_16)
                  0.03    0.09   25.14 ^ clkbuf_0_clk/X (sky130_fd_sc_hd__clkbuf_16)
     2    0.02                           clknet_0_clk (net)
                  0.03    0.00   25.14 ^ clkbuf_1_0__f_clk/A (sky130_fd_sc_hd__clkbuf_16)
                  0.03    0.08   25.22 ^ clkbuf_1_0__f_clk/X (sky130_fd_sc_hd__clkbuf_16)
     8    0.02                           clknet_1_0__leaf_clk (net)
                  0.03    0.00   25.22 ^ _443_/CLK (sky130_fd_sc_hd__dfrtp_1)
                         -0.25   24.97   clock uncertainty
                          0.00   24.97   clock reconvergence pessimism
                         -0.07   24.90   library setup time
                                 24.90   data required time
-----------------------------------------------------------------------------
                                 24.90   data required time
                                 -6.57   data arrival time
-----------------------------------------------------------------------------
                                 18.33   slack (MET)


Startpoint: data_in[0] (input port clocked by clk)
Endpoint: _450_ (rising edge-triggered flip-flop clocked by clk)
Path Group: clk
Path Type: max
Corner: Fastest

Fanout     Cap    Slew   Delay    Time   Description
-----------------------------------------------------------------------------
                          0.00    0.00   clock clk (rise edge)
                          0.00    0.00   clock network delay (propagated)
                          5.00    5.00 ^ input external delay
                  0.01    0.01    5.01 ^ data_in[0] (in)
     1    0.00                           data_in[0] (net)
                  0.01    0.00    5.01 ^ input1/A (sky130_fd_sc_hd__clkbuf_2)
                  0.11    0.12    5.13 ^ input1/X (sky130_fd_sc_hd__clkbuf_2)
     4    0.03                           net1 (net)
                  0.11    0.00    5.13 ^ _224_/A (sky130_fd_sc_hd__clkbuf_4)
                  0.10    0.17    5.30 ^ _224_/X (sky130_fd_sc_hd__clkbuf_4)
    10    0.04                           _173_ (net)
                  0.10    0.00    5.30 ^ _243_/B (sky130_fd_sc_hd__nand2_1)
                  0.05    0.05    5.35 v _243_/Y (sky130_fd_sc_hd__nand2_1)
     1    0.00                           _192_ (net)
                  0.05    0.00    5.35 v _244_/B (sky130_fd_sc_hd__xor2_1)
                  0.04    0.10    5.45 v _244_/X (sky130_fd_sc_hd__xor2_1)
     2    0.00                           _193_ (net)
                  0.04    0.00    5.45 v _245_/A2 (sky130_fd_sc_hd__a21oi_1)
                  0.07    0.10    5.55 ^ _245_/Y (sky130_fd_sc_hd__a21oi_1)
     1    0.00                           _194_ (net)
                  0.07    0.00    5.55 ^ _246_/A2_N (sky130_fd_sc_hd__o2bb2a_1)
                  0.05    0.14    5.69 v _246_/X (sky130_fd_sc_hd__o2bb2a_1)
     1    0.01                           _195_ (net)
                  0.05    0.00    5.69 v _247_/B1 (sky130_fd_sc_hd__a21o_1)
                  0.02    0.08    5.77 v _247_/X (sky130_fd_sc_hd__a21o_1)
     1    0.00                           _196_ (net)
                  0.02    0.00    5.77 v _248_/B2 (sky130_fd_sc_hd__a22o_1)
                  0.03    0.09    5.86 v _248_/X (sky130_fd_sc_hd__a22o_1)
     1    0.00                           _197_ (net)
                  0.03    0.00    5.86 v _249_/B2 (sky130_fd_sc_hd__a22o_1)
                  0.03    0.09    5.96 v _249_/X (sky130_fd_sc_hd__a22o_1)
     1    0.00                           _198_ (net)
                  0.03    0.00    5.96 v _250_/B2 (sky130_fd_sc_hd__a22o_1)
                  0.03    0.10    6.05 v _250_/X (sky130_fd_sc_hd__a22o_1)
     1    0.00                           _199_ (net)
                  0.03    0.00    6.05 v _251_/C1 (sky130_fd_sc_hd__o221a_1)
                  0.03    0.07    6.12 v _251_/X (sky130_fd_sc_hd__o221a_1)
     1    0.00                           _200_ (net)
                  0.03    0.00    6.12 v _252_/B2 (sky130_fd_sc_hd__o22a_1)
                  0.04    0.12    6.24 v _252_/X (sky130_fd_sc_hd__o22a_1)
     1    0.01                           _201_ (net)
                  0.04    0.00    6.24 v _253_/B1 (sky130_fd_sc_hd__a21oi_4)
                  0.23    0.15    6.39 ^ _253_/Y (sky130_fd_sc_hd__a21oi_4)
    10    0.04                           _202_ (net)
                  0.23    0.00    6.39 ^ _435_/A3 (sky130_fd_sc_hd__a31o_1)
                  0.03    0.10    6.49 ^ _435_/X (sky130_fd_sc_hd__a31o_1)
     1    0.00                           _011_ (net)
                  0.03    0.00    6.49 ^ _450_/D (sky130_fd_sc_hd__dfrtp_1)
                                  6.49   data arrival time

                         25.00   25.00   clock clk (rise edge)
                          0.00   25.00   clock source latency
                  0.07    0.05   25.05 ^ clk (in)
     1    0.02                           clk (net)
                  0.07    0.00   25.05 ^ clkbuf_0_clk/A (sky130_fd_sc_hd__clkbuf_16)
                  0.03    0.09   25.14 ^ clkbuf_0_clk/X (sky130_fd_sc_hd__clkbuf_16)
     2    0.02                           clknet_0_clk (net)
                  0.03    0.00   25.14 ^ clkbuf_1_0__f_clk/A (sky130_fd_sc_hd__clkbuf_16)
                  0.03    0.08   25.22 ^ clkbuf_1_0__f_clk/X (sky130_fd_sc_hd__clkbuf_16)
     8    0.02                           clknet_1_0__leaf_clk (net)
                  0.03    0.00   25.22 ^ _450_/CLK (sky130_fd_sc_hd__dfrtp_1)
                         -0.25   24.97   clock uncertainty
                          0.00   24.97   clock reconvergence pessimism
                         -0.03   24.93   library setup time
                                 24.93   data required time
-----------------------------------------------------------------------------
                                 24.93   data required time
                                 -6.49   data arrival time
-----------------------------------------------------------------------------
                                 18.44   slack (MET)


Startpoint: data_in[0] (input port clocked by clk)
Endpoint: _449_ (rising edge-triggered flip-flop clocked by clk)
Path Group: clk
Path Type: max
Corner: Fastest

Fanout     Cap    Slew   Delay    Time   Description
-----------------------------------------------------------------------------
                          0.00    0.00   clock clk (rise edge)
                          0.00    0.00   clock network delay (propagated)
                          5.00    5.00 ^ input external delay
                  0.01    0.01    5.01 ^ data_in[0] (in)
     1    0.00                           data_in[0] (net)
                  0.01    0.00    5.01 ^ input1/A (sky130_fd_sc_hd__clkbuf_2)
                  0.11    0.12    5.13 ^ input1/X (sky130_fd_sc_hd__clkbuf_2)
     4    0.03                           net1 (net)
                  0.11    0.00    5.13 ^ _224_/A (sky130_fd_sc_hd__clkbuf_4)
                  0.10    0.17    5.30 ^ _224_/X (sky130_fd_sc_hd__clkbuf_4)
    10    0.04                           _173_ (net)
                  0.10    0.00    5.30 ^ _243_/B (sky130_fd_sc_hd__nand2_1)
                  0.05    0.05    5.35 v _243_/Y (sky130_fd_sc_hd__nand2_1)
     1    0.00                           _192_ (net)
                  0.05    0.00    5.35 v _244_/B (sky130_fd_sc_hd__xor2_1)
                  0.04    0.10    5.45 v _244_/X (sky130_fd_sc_hd__xor2_1)
     2    0.00                           _193_ (net)
                  0.04    0.00    5.45 v _245_/A2 (sky130_fd_sc_hd__a21oi_1)
                  0.07    0.10    5.55 ^ _245_/Y (sky130_fd_sc_hd__a21oi_1)
     1    0.00                           _194_ (net)
                  0.07    0.00    5.55 ^ _246_/A2_N (sky130_fd_sc_hd__o2bb2a_1)
                  0.05    0.14    5.69 v _246_/X (sky130_fd_sc_hd__o2bb2a_1)
     1    0.01                           _195_ (net)
                  0.05    0.00    5.69 v _247_/B1 (sky130_fd_sc_hd__a21o_1)
                  0.02    0.08    5.77 v _247_/X (sky130_fd_sc_hd__a21o_1)
     1    0.00                           _196_ (net)
                  0.02    0.00    5.77 v _248_/B2 (sky130_fd_sc_hd__a22o_1)
                  0.03    0.09    5.86 v _248_/X (sky130_fd_sc_hd__a22o_1)
     1    0.00                           _197_ (net)
                  0.03    0.00    5.86 v _249_/B2 (sky130_fd_sc_hd__a22o_1)
                  0.03    0.09    5.96 v _249_/X (sky130_fd_sc_hd__a22o_1)
     1    0.00                           _198_ (net)
                  0.03    0.00    5.96 v _250_/B2 (sky130_fd_sc_hd__a22o_1)
                  0.03    0.10    6.05 v _250_/X (sky130_fd_sc_hd__a22o_1)
     1    0.00                           _199_ (net)
                  0.03    0.00    6.05 v _251_/C1 (sky130_fd_sc_hd__o221a_1)
                  0.03    0.07    6.12 v _251_/X (sky130_fd_sc_hd__o221a_1)
     1    0.00                           _200_ (net)
                  0.03    0.00    6.12 v _252_/B2 (sky130_fd_sc_hd__o22a_1)
                  0.04    0.12    6.24 v _252_/X (sky130_fd_sc_hd__o22a_1)
     1    0.01                           _201_ (net)
                  0.04    0.00    6.24 v _253_/B1 (sky130_fd_sc_hd__a21oi_4)
                  0.23    0.15    6.39 ^ _253_/Y (sky130_fd_sc_hd__a21oi_4)
    10    0.04                           _202_ (net)
                  0.23    0.00    6.39 ^ _433_/A3 (sky130_fd_sc_hd__a31o_1)
                  0.03    0.10    6.49 ^ _433_/X (sky130_fd_sc_hd__a31o_1)
     1    0.00                           _010_ (net)
                  0.03    0.00    6.49 ^ _449_/D (sky130_fd_sc_hd__dfrtp_1)
                                  6.49   data arrival time

                         25.00   25.00   clock clk (rise edge)
                          0.00   25.00   clock source latency
                  0.07    0.05   25.05 ^ clk (in)
     1    0.02                           clk (net)
                  0.07    0.00   25.05 ^ clkbuf_0_clk/A (sky130_fd_sc_hd__clkbuf_16)
                  0.03    0.09   25.14 ^ clkbuf_0_clk/X (sky130_fd_sc_hd__clkbuf_16)
     2    0.02                           clknet_0_clk (net)
                  0.03    0.00   25.14 ^ clkbuf_1_0__f_clk/A (sky130_fd_sc_hd__clkbuf_16)
                  0.03    0.08   25.22 ^ clkbuf_1_0__f_clk/X (sky130_fd_sc_hd__clkbuf_16)
     8    0.02                           clknet_1_0__leaf_clk (net)
                  0.03    0.00   25.22 ^ _449_/CLK (sky130_fd_sc_hd__dfrtp_1)
                         -0.25   24.97   clock uncertainty
                          0.00   24.97   clock reconvergence pessimism
                         -0.03   24.93   library setup time
                                 24.93   data required time
-----------------------------------------------------------------------------
                                 24.93   data required time
                                 -6.49   data arrival time
-----------------------------------------------------------------------------
                                 18.44   slack (MET)


Startpoint: data_in[0] (input port clocked by clk)
Endpoint: _448_ (rising edge-triggered flip-flop clocked by clk)
Path Group: clk
Path Type: max
Corner: Fastest

Fanout     Cap    Slew   Delay    Time   Description
-----------------------------------------------------------------------------
                          0.00    0.00   clock clk (rise edge)
                          0.00    0.00   clock network delay (propagated)
                          5.00    5.00 ^ input external delay
                  0.01    0.01    5.01 ^ data_in[0] (in)
     1    0.00                           data_in[0] (net)
                  0.01    0.00    5.01 ^ input1/A (sky130_fd_sc_hd__clkbuf_2)
                  0.11    0.12    5.13 ^ input1/X (sky130_fd_sc_hd__clkbuf_2)
     4    0.03                           net1 (net)
                  0.11    0.00    5.13 ^ _224_/A (sky130_fd_sc_hd__clkbuf_4)
                  0.10    0.17    5.30 ^ _224_/X (sky130_fd_sc_hd__clkbuf_4)
    10    0.04                           _173_ (net)
                  0.10    0.00    5.30 ^ _243_/B (sky130_fd_sc_hd__nand2_1)
                  0.05    0.05    5.35 v _243_/Y (sky130_fd_sc_hd__nand2_1)
     1    0.00                           _192_ (net)
                  0.05    0.00    5.35 v _244_/B (sky130_fd_sc_hd__xor2_1)
                  0.04    0.10    5.45 v _244_/X (sky130_fd_sc_hd__xor2_1)
     2    0.00                           _193_ (net)
                  0.04    0.00    5.45 v _245_/A2 (sky130_fd_sc_hd__a21oi_1)
                  0.07    0.10    5.55 ^ _245_/Y (sky130_fd_sc_hd__a21oi_1)
     1    0.00                           _194_ (net)
                  0.07    0.00    5.55 ^ _246_/A2_N (sky130_fd_sc_hd__o2bb2a_1)
                  0.05    0.14    5.69 v _246_/X (sky130_fd_sc_hd__o2bb2a_1)
     1    0.01                           _195_ (net)
                  0.05    0.00    5.69 v _247_/B1 (sky130_fd_sc_hd__a21o_1)
                  0.02    0.08    5.77 v _247_/X (sky130_fd_sc_hd__a21o_1)
     1    0.00                           _196_ (net)
                  0.02    0.00    5.77 v _248_/B2 (sky130_fd_sc_hd__a22o_1)
                  0.03    0.09    5.86 v _248_/X (sky130_fd_sc_hd__a22o_1)
     1    0.00                           _197_ (net)
                  0.03    0.00    5.86 v _249_/B2 (sky130_fd_sc_hd__a22o_1)
                  0.03    0.09    5.96 v _249_/X (sky130_fd_sc_hd__a22o_1)
     1    0.00                           _198_ (net)
                  0.03    0.00    5.96 v _250_/B2 (sky130_fd_sc_hd__a22o_1)
                  0.03    0.10    6.05 v _250_/X (sky130_fd_sc_hd__a22o_1)
     1    0.00                           _199_ (net)
                  0.03    0.00    6.05 v _251_/C1 (sky130_fd_sc_hd__o221a_1)
                  0.03    0.07    6.12 v _251_/X (sky130_fd_sc_hd__o221a_1)
     1    0.00                           _200_ (net)
                  0.03    0.00    6.12 v _252_/B2 (sky130_fd_sc_hd__o22a_1)
                  0.04    0.12    6.24 v _252_/X (sky130_fd_sc_hd__o22a_1)
     1    0.01                           _201_ (net)
                  0.04    0.00    6.24 v _253_/B1 (sky130_fd_sc_hd__a21oi_4)
                  0.23    0.15    6.39 ^ _253_/Y (sky130_fd_sc_hd__a21oi_4)
    10    0.04                           _202_ (net)
                  0.23    0.00    6.39 ^ _431_/A3 (sky130_fd_sc_hd__a31o_1)
                  0.03    0.10    6.49 ^ _431_/X (sky130_fd_sc_hd__a31o_1)
     1    0.00                           _009_ (net)
                  0.03    0.00    6.49 ^ _448_/D (sky130_fd_sc_hd__dfrtp_2)
                                  6.49   data arrival time

                         25.00   25.00   clock clk (rise edge)
                          0.00   25.00   clock source latency
                  0.07    0.05   25.05 ^ clk (in)
     1    0.02                           clk (net)
                  0.07    0.00   25.05 ^ clkbuf_0_clk/A (sky130_fd_sc_hd__clkbuf_16)
                  0.03    0.09   25.14 ^ clkbuf_0_clk/X (sky130_fd_sc_hd__clkbuf_16)
     2    0.02                           clknet_0_clk (net)
                  0.03    0.00   25.14 ^ clkbuf_1_1__f_clk/A (sky130_fd_sc_hd__clkbuf_16)
                  0.04    0.08   25.22 ^ clkbuf_1_1__f_clk/X (sky130_fd_sc_hd__clkbuf_16)
     6    0.03                           clknet_1_1__leaf_clk (net)
                  0.04    0.00   25.22 ^ _448_/CLK (sky130_fd_sc_hd__dfrtp_2)
                         -0.25   24.97   clock uncertainty
                          0.00   24.97   clock reconvergence pessimism
                         -0.04   24.93   library setup time
                                 24.93   data required time
-----------------------------------------------------------------------------
                                 24.93   data required time
                                 -6.49   data arrival time
-----------------------------------------------------------------------------
                                 18.44   slack (MET)


Startpoint: data_in[0] (input port clocked by clk)
Endpoint: _444_ (rising edge-triggered flip-flop clocked by clk)
Path Group: clk
Path Type: max
Corner: Fastest

Fanout     Cap    Slew   Delay    Time   Description
-----------------------------------------------------------------------------
                          0.00    0.00   clock clk (rise edge)
                          0.00    0.00   clock network delay (propagated)
                          5.00    5.00 ^ input external delay
                  0.01    0.01    5.01 ^ data_in[0] (in)
     1    0.00                           data_in[0] (net)
                  0.01    0.00    5.01 ^ input1/A (sky130_fd_sc_hd__clkbuf_2)
                  0.11    0.12    5.13 ^ input1/X (sky130_fd_sc_hd__clkbuf_2)
     4    0.03                           net1 (net)
                  0.11    0.00    5.13 ^ _224_/A (sky130_fd_sc_hd__clkbuf_4)
                  0.10    0.17    5.30 ^ _224_/X (sky130_fd_sc_hd__clkbuf_4)
    10    0.04                           _173_ (net)
                  0.10    0.00    5.30 ^ _243_/B (sky130_fd_sc_hd__nand2_1)
                  0.05    0.05    5.35 v _243_/Y (sky130_fd_sc_hd__nand2_1)
     1    0.00                           _192_ (net)
                  0.05    0.00    5.35 v _244_/B (sky130_fd_sc_hd__xor2_1)
                  0.04    0.10    5.45 v _244_/X (sky130_fd_sc_hd__xor2_1)
     2    0.00                           _193_ (net)
                  0.04    0.00    5.45 v _245_/A2 (sky130_fd_sc_hd__a21oi_1)
                  0.07    0.10    5.55 ^ _245_/Y (sky130_fd_sc_hd__a21oi_1)
     1    0.00                           _194_ (net)
                  0.07    0.00    5.55 ^ _246_/A2_N (sky130_fd_sc_hd__o2bb2a_1)
                  0.05    0.14    5.69 v _246_/X (sky130_fd_sc_hd__o2bb2a_1)
     1    0.01                           _195_ (net)
                  0.05    0.00    5.69 v _247_/B1 (sky130_fd_sc_hd__a21o_1)
                  0.02    0.08    5.77 v _247_/X (sky130_fd_sc_hd__a21o_1)
     1    0.00                           _196_ (net)
                  0.02    0.00    5.77 v _248_/B2 (sky130_fd_sc_hd__a22o_1)
                  0.03    0.09    5.86 v _248_/X (sky130_fd_sc_hd__a22o_1)
     1    0.00                           _197_ (net)
                  0.03    0.00    5.86 v _249_/B2 (sky130_fd_sc_hd__a22o_1)
                  0.03    0.09    5.96 v _249_/X (sky130_fd_sc_hd__a22o_1)
     1    0.00                           _198_ (net)
                  0.03    0.00    5.96 v _250_/B2 (sky130_fd_sc_hd__a22o_1)
                  0.03    0.10    6.05 v _250_/X (sky130_fd_sc_hd__a22o_1)
     1    0.00                           _199_ (net)
                  0.03    0.00    6.05 v _251_/C1 (sky130_fd_sc_hd__o221a_1)
                  0.03    0.07    6.12 v _251_/X (sky130_fd_sc_hd__o221a_1)
     1    0.00                           _200_ (net)
                  0.03    0.00    6.12 v _252_/B2 (sky130_fd_sc_hd__o22a_1)
                  0.04    0.12    6.24 v _252_/X (sky130_fd_sc_hd__o22a_1)
     1    0.01                           _201_ (net)
                  0.04    0.00    6.24 v _253_/B1 (sky130_fd_sc_hd__a21oi_4)
                  0.23    0.15    6.39 ^ _253_/Y (sky130_fd_sc_hd__a21oi_4)
    10    0.04                           _202_ (net)
                  0.23    0.00    6.39 ^ _423_/A3 (sky130_fd_sc_hd__a31o_1)
                  0.03    0.10    6.49 ^ _423_/X (sky130_fd_sc_hd__a31o_1)
     1    0.00                           _005_ (net)
                  0.03    0.00    6.49 ^ _444_/D (sky130_fd_sc_hd__dfrtp_1)
                                  6.49   data arrival time

                         25.00   25.00   clock clk (rise edge)
                          0.00   25.00   clock source latency
                  0.07    0.05   25.05 ^ clk (in)
     1    0.02                           clk (net)
                  0.07    0.00   25.05 ^ clkbuf_0_clk/A (sky130_fd_sc_hd__clkbuf_16)
                  0.03    0.09   25.14 ^ clkbuf_0_clk/X (sky130_fd_sc_hd__clkbuf_16)
     2    0.02                           clknet_0_clk (net)
                  0.03    0.00   25.14 ^ clkbuf_1_0__f_clk/A (sky130_fd_sc_hd__clkbuf_16)
                  0.03    0.08   25.22 ^ clkbuf_1_0__f_clk/X (sky130_fd_sc_hd__clkbuf_16)
     8    0.02                           clknet_1_0__leaf_clk (net)
                  0.03    0.00   25.22 ^ _444_/CLK (sky130_fd_sc_hd__dfrtp_1)
                         -0.25   24.97   clock uncertainty
                          0.00   24.97   clock reconvergence pessimism
                         -0.03   24.93   library setup time
                                 24.93   data required time
-----------------------------------------------------------------------------
                                 24.93   data required time
                                 -6.49   data arrival time
-----------------------------------------------------------------------------
                                 18.44   slack (MET)


Startpoint: data_in[0] (input port clocked by clk)
Endpoint: _451_ (rising edge-triggered flip-flop clocked by clk)
Path Group: clk
Path Type: max
Corner: Fastest

Fanout     Cap    Slew   Delay    Time   Description
-----------------------------------------------------------------------------
                          0.00    0.00   clock clk (rise edge)
                          0.00    0.00   clock network delay (propagated)
                          5.00    5.00 ^ input external delay
                  0.01    0.01    5.01 ^ data_in[0] (in)
     1    0.00                           data_in[0] (net)
                  0.01    0.00    5.01 ^ input1/A (sky130_fd_sc_hd__clkbuf_2)
                  0.11    0.12    5.13 ^ input1/X (sky130_fd_sc_hd__clkbuf_2)
     4    0.03                           net1 (net)
                  0.11    0.00    5.13 ^ _224_/A (sky130_fd_sc_hd__clkbuf_4)
                  0.10    0.17    5.30 ^ _224_/X (sky130_fd_sc_hd__clkbuf_4)
    10    0.04                           _173_ (net)
                  0.10    0.00    5.30 ^ _243_/B (sky130_fd_sc_hd__nand2_1)
                  0.05    0.05    5.35 v _243_/Y (sky130_fd_sc_hd__nand2_1)
     1    0.00                           _192_ (net)
                  0.05    0.00    5.35 v _244_/B (sky130_fd_sc_hd__xor2_1)
                  0.04    0.10    5.45 v _244_/X (sky130_fd_sc_hd__xor2_1)
     2    0.00                           _193_ (net)
                  0.04    0.00    5.45 v _245_/A2 (sky130_fd_sc_hd__a21oi_1)
                  0.07    0.10    5.55 ^ _245_/Y (sky130_fd_sc_hd__a21oi_1)
     1    0.00                           _194_ (net)
                  0.07    0.00    5.55 ^ _246_/A2_N (sky130_fd_sc_hd__o2bb2a_1)
                  0.05    0.14    5.69 v _246_/X (sky130_fd_sc_hd__o2bb2a_1)
     1    0.01                           _195_ (net)
                  0.05    0.00    5.69 v _247_/B1 (sky130_fd_sc_hd__a21o_1)
                  0.02    0.08    5.77 v _247_/X (sky130_fd_sc_hd__a21o_1)
     1    0.00                           _196_ (net)
                  0.02    0.00    5.77 v _248_/B2 (sky130_fd_sc_hd__a22o_1)
                  0.03    0.09    5.86 v _248_/X (sky130_fd_sc_hd__a22o_1)
     1    0.00                           _197_ (net)
                  0.03    0.00    5.86 v _249_/B2 (sky130_fd_sc_hd__a22o_1)
                  0.03    0.09    5.96 v _249_/X (sky130_fd_sc_hd__a22o_1)
     1    0.00                           _198_ (net)
                  0.03    0.00    5.96 v _250_/B2 (sky130_fd_sc_hd__a22o_1)
                  0.03    0.10    6.05 v _250_/X (sky130_fd_sc_hd__a22o_1)
     1    0.00                           _199_ (net)
                  0.03    0.00    6.05 v _251_/C1 (sky130_fd_sc_hd__o221a_1)
                  0.03    0.07    6.12 v _251_/X (sky130_fd_sc_hd__o221a_1)
     1    0.00                           _200_ (net)
                  0.03    0.00    6.12 v _252_/B2 (sky130_fd_sc_hd__o22a_1)
                  0.04    0.12    6.24 v _252_/X (sky130_fd_sc_hd__o22a_1)
     1    0.01                           _201_ (net)
                  0.04    0.00    6.24 v _253_/B1 (sky130_fd_sc_hd__a21oi_4)
                  0.23    0.15    6.39 ^ _253_/Y (sky130_fd_sc_hd__a21oi_4)
    10    0.04                           _202_ (net)
                  0.23    0.00    6.39 ^ _437_/A3 (sky130_fd_sc_hd__a31o_1)
                  0.03    0.10    6.49 ^ _437_/X (sky130_fd_sc_hd__a31o_1)
     1    0.00                           _012_ (net)
                  0.03    0.00    6.49 ^ _451_/D (sky130_fd_sc_hd__dfrtp_1)
                                  6.49   data arrival time

                         25.00   25.00   clock clk (rise edge)
                          0.00   25.00   clock source latency
                  0.07    0.05   25.05 ^ clk (in)
     1    0.02                           clk (net)
                  0.07    0.00   25.05 ^ clkbuf_0_clk/A (sky130_fd_sc_hd__clkbuf_16)
                  0.03    0.09   25.14 ^ clkbuf_0_clk/X (sky130_fd_sc_hd__clkbuf_16)
     2    0.02                           clknet_0_clk (net)
                  0.03    0.00   25.14 ^ clkbuf_1_0__f_clk/A (sky130_fd_sc_hd__clkbuf_16)
                  0.03    0.08   25.22 ^ clkbuf_1_0__f_clk/X (sky130_fd_sc_hd__clkbuf_16)
     8    0.02                           clknet_1_0__leaf_clk (net)
                  0.03    0.00   25.22 ^ _451_/CLK (sky130_fd_sc_hd__dfrtp_1)
                         -0.25   24.97   clock uncertainty
                          0.00   24.97   clock reconvergence pessimism
                         -0.03   24.93   library setup time
                                 24.93   data required time
-----------------------------------------------------------------------------
                                 24.93   data required time
                                 -6.49   data arrival time
-----------------------------------------------------------------------------
                                 18.45   slack (MET)


Startpoint: data_in[0] (input port clocked by clk)
Endpoint: _445_ (rising edge-triggered flip-flop clocked by clk)
Path Group: clk
Path Type: max
Corner: Fastest

Fanout     Cap    Slew   Delay    Time   Description
-----------------------------------------------------------------------------
                          0.00    0.00   clock clk (rise edge)
                          0.00    0.00   clock network delay (propagated)
                          5.00    5.00 ^ input external delay
                  0.01    0.01    5.01 ^ data_in[0] (in)
     1    0.00                           data_in[0] (net)
                  0.01    0.00    5.01 ^ input1/A (sky130_fd_sc_hd__clkbuf_2)
                  0.11    0.12    5.13 ^ input1/X (sky130_fd_sc_hd__clkbuf_2)
     4    0.03                           net1 (net)
                  0.11    0.00    5.13 ^ _224_/A (sky130_fd_sc_hd__clkbuf_4)
                  0.10    0.17    5.30 ^ _224_/X (sky130_fd_sc_hd__clkbuf_4)
    10    0.04                           _173_ (net)
                  0.10    0.00    5.30 ^ _243_/B (sky130_fd_sc_hd__nand2_1)
                  0.05    0.05    5.35 v _243_/Y (sky130_fd_sc_hd__nand2_1)
     1    0.00                           _192_ (net)
                  0.05    0.00    5.35 v _244_/B (sky130_fd_sc_hd__xor2_1)
                  0.04    0.10    5.45 v _244_/X (sky130_fd_sc_hd__xor2_1)
     2    0.00                           _193_ (net)
                  0.04    0.00    5.45 v _245_/A2 (sky130_fd_sc_hd__a21oi_1)
                  0.07    0.10    5.55 ^ _245_/Y (sky130_fd_sc_hd__a21oi_1)
     1    0.00                           _194_ (net)
                  0.07    0.00    5.55 ^ _246_/A2_N (sky130_fd_sc_hd__o2bb2a_1)
                  0.05    0.14    5.69 v _246_/X (sky130_fd_sc_hd__o2bb2a_1)
     1    0.01                           _195_ (net)
                  0.05    0.00    5.69 v _247_/B1 (sky130_fd_sc_hd__a21o_1)
                  0.02    0.08    5.77 v _247_/X (sky130_fd_sc_hd__a21o_1)
     1    0.00                           _196_ (net)
                  0.02    0.00    5.77 v _248_/B2 (sky130_fd_sc_hd__a22o_1)
                  0.03    0.09    5.86 v _248_/X (sky130_fd_sc_hd__a22o_1)
     1    0.00                           _197_ (net)
                  0.03    0.00    5.86 v _249_/B2 (sky130_fd_sc_hd__a22o_1)
                  0.03    0.09    5.96 v _249_/X (sky130_fd_sc_hd__a22o_1)
     1    0.00                           _198_ (net)
                  0.03    0.00    5.96 v _250_/B2 (sky130_fd_sc_hd__a22o_1)
                  0.03    0.10    6.05 v _250_/X (sky130_fd_sc_hd__a22o_1)
     1    0.00                           _199_ (net)
                  0.03    0.00    6.05 v _251_/C1 (sky130_fd_sc_hd__o221a_1)
                  0.03    0.07    6.12 v _251_/X (sky130_fd_sc_hd__o221a_1)
     1    0.00                           _200_ (net)
                  0.03    0.00    6.12 v _252_/B2 (sky130_fd_sc_hd__o22a_1)
                  0.04    0.12    6.24 v _252_/X (sky130_fd_sc_hd__o22a_1)
     1    0.01                           _201_ (net)
                  0.04    0.00    6.24 v _253_/B1 (sky130_fd_sc_hd__a21oi_4)
                  0.23    0.15    6.39 ^ _253_/Y (sky130_fd_sc_hd__a21oi_4)
    10    0.04                           _202_ (net)
                  0.23    0.00    6.39 ^ _425_/A3 (sky130_fd_sc_hd__a31o_1)
                  0.03    0.10    6.49 ^ _425_/X (sky130_fd_sc_hd__a31o_1)
     1    0.00                           _006_ (net)
                  0.03    0.00    6.49 ^ _445_/D (sky130_fd_sc_hd__dfrtp_1)
                                  6.49   data arrival time

                         25.00   25.00   clock clk (rise edge)
                          0.00   25.00   clock source latency
                  0.07    0.05   25.05 ^ clk (in)
     1    0.02                           clk (net)
                  0.07    0.00   25.05 ^ clkbuf_0_clk/A (sky130_fd_sc_hd__clkbuf_16)
                  0.03    0.09   25.14 ^ clkbuf_0_clk/X (sky130_fd_sc_hd__clkbuf_16)
     2    0.02                           clknet_0_clk (net)
                  0.03    0.00   25.14 ^ clkbuf_1_1__f_clk/A (sky130_fd_sc_hd__clkbuf_16)
                  0.04    0.08   25.22 ^ clkbuf_1_1__f_clk/X (sky130_fd_sc_hd__clkbuf_16)
     6    0.03                           clknet_1_1__leaf_clk (net)
                  0.04    0.00   25.22 ^ _445_/CLK (sky130_fd_sc_hd__dfrtp_1)
                         -0.25   24.97   clock uncertainty
                          0.00   24.97   clock reconvergence pessimism
                         -0.03   24.94   library setup time
                                 24.94   data required time
-----------------------------------------------------------------------------
                                 24.94   data required time
                                 -6.49   data arrival time
-----------------------------------------------------------------------------
                                 18.45   slack (MET)


Startpoint: data_in[0] (input port clocked by clk)
Endpoint: _447_ (rising edge-triggered flip-flop clocked by clk)
Path Group: clk
Path Type: max
Corner: Fastest

Fanout     Cap    Slew   Delay    Time   Description
-----------------------------------------------------------------------------
                          0.00    0.00   clock clk (rise edge)
                          0.00    0.00   clock network delay (propagated)
                          5.00    5.00 ^ input external delay
                  0.01    0.01    5.01 ^ data_in[0] (in)
     1    0.00                           data_in[0] (net)
                  0.01    0.00    5.01 ^ input1/A (sky130_fd_sc_hd__clkbuf_2)
                  0.11    0.12    5.13 ^ input1/X (sky130_fd_sc_hd__clkbuf_2)
     4    0.03                           net1 (net)
                  0.11    0.00    5.13 ^ _224_/A (sky130_fd_sc_hd__clkbuf_4)
                  0.10    0.17    5.30 ^ _224_/X (sky130_fd_sc_hd__clkbuf_4)
    10    0.04                           _173_ (net)
                  0.10    0.00    5.30 ^ _243_/B (sky130_fd_sc_hd__nand2_1)
                  0.05    0.05    5.35 v _243_/Y (sky130_fd_sc_hd__nand2_1)
     1    0.00                           _192_ (net)
                  0.05    0.00    5.35 v _244_/B (sky130_fd_sc_hd__xor2_1)
                  0.04    0.10    5.45 v _244_/X (sky130_fd_sc_hd__xor2_1)
     2    0.00                           _193_ (net)
                  0.04    0.00    5.45 v _245_/A2 (sky130_fd_sc_hd__a21oi_1)
                  0.07    0.10    5.55 ^ _245_/Y (sky130_fd_sc_hd__a21oi_1)
     1    0.00                           _194_ (net)
                  0.07    0.00    5.55 ^ _246_/A2_N (sky130_fd_sc_hd__o2bb2a_1)
                  0.05    0.14    5.69 v _246_/X (sky130_fd_sc_hd__o2bb2a_1)
     1    0.01                           _195_ (net)
                  0.05    0.00    5.69 v _247_/B1 (sky130_fd_sc_hd__a21o_1)
                  0.02    0.08    5.77 v _247_/X (sky130_fd_sc_hd__a21o_1)
     1    0.00                           _196_ (net)
                  0.02    0.00    5.77 v _248_/B2 (sky130_fd_sc_hd__a22o_1)
                  0.03    0.09    5.86 v _248_/X (sky130_fd_sc_hd__a22o_1)
     1    0.00                           _197_ (net)
                  0.03    0.00    5.86 v _249_/B2 (sky130_fd_sc_hd__a22o_1)
                  0.03    0.09    5.96 v _249_/X (sky130_fd_sc_hd__a22o_1)
     1    0.00                           _198_ (net)
                  0.03    0.00    5.96 v _250_/B2 (sky130_fd_sc_hd__a22o_1)
                  0.03    0.10    6.05 v _250_/X (sky130_fd_sc_hd__a22o_1)
     1    0.00                           _199_ (net)
                  0.03    0.00    6.05 v _251_/C1 (sky130_fd_sc_hd__o221a_1)
                  0.03    0.07    6.12 v _251_/X (sky130_fd_sc_hd__o221a_1)
     1    0.00                           _200_ (net)
                  0.03    0.00    6.12 v _252_/B2 (sky130_fd_sc_hd__o22a_1)
                  0.04    0.12    6.24 v _252_/X (sky130_fd_sc_hd__o22a_1)
     1    0.01                           _201_ (net)
                  0.04    0.00    6.24 v _253_/B1 (sky130_fd_sc_hd__a21oi_4)
                  0.23    0.15    6.39 ^ _253_/Y (sky130_fd_sc_hd__a21oi_4)
    10    0.04                           _202_ (net)
                  0.23    0.00    6.39 ^ _429_/A3 (sky130_fd_sc_hd__a31o_1)
                  0.03    0.10    6.49 ^ _429_/X (sky130_fd_sc_hd__a31o_1)
     1    0.00                           _008_ (net)
                  0.03    0.00    6.49 ^ _447_/D (sky130_fd_sc_hd__dfrtp_1)
                                  6.49   data arrival time

                         25.00   25.00   clock clk (rise edge)
                          0.00   25.00   clock source latency
                  0.07    0.05   25.05 ^ clk (in)
     1    0.02                           clk (net)
                  0.07    0.00   25.05 ^ clkbuf_0_clk/A (sky130_fd_sc_hd__clkbuf_16)
                  0.03    0.09   25.14 ^ clkbuf_0_clk/X (sky130_fd_sc_hd__clkbuf_16)
     2    0.02                           clknet_0_clk (net)
                  0.03    0.00   25.14 ^ clkbuf_1_1__f_clk/A (sky130_fd_sc_hd__clkbuf_16)
                  0.04    0.08   25.22 ^ clkbuf_1_1__f_clk/X (sky130_fd_sc_hd__clkbuf_16)
     6    0.03                           clknet_1_1__leaf_clk (net)
                  0.04    0.00   25.22 ^ _447_/CLK (sky130_fd_sc_hd__dfrtp_1)
                         -0.25   24.97   clock uncertainty
                          0.00   24.97   clock reconvergence pessimism
                         -0.03   24.94   library setup time
                                 24.94   data required time
-----------------------------------------------------------------------------
                                 24.94   data required time
                                 -6.49   data arrival time
-----------------------------------------------------------------------------
                                 18.45   slack (MET)


Startpoint: data_in[0] (input port clocked by clk)
Endpoint: _446_ (rising edge-triggered flip-flop clocked by clk)
Path Group: clk
Path Type: max
Corner: Fastest

Fanout     Cap    Slew   Delay    Time   Description
-----------------------------------------------------------------------------
                          0.00    0.00   clock clk (rise edge)
                          0.00    0.00   clock network delay (propagated)
                          5.00    5.00 ^ input external delay
                  0.01    0.01    5.01 ^ data_in[0] (in)
     1    0.00                           data_in[0] (net)
                  0.01    0.00    5.01 ^ input1/A (sky130_fd_sc_hd__clkbuf_2)
                  0.11    0.12    5.13 ^ input1/X (sky130_fd_sc_hd__clkbuf_2)
     4    0.03                           net1 (net)
                  0.11    0.00    5.13 ^ _224_/A (sky130_fd_sc_hd__clkbuf_4)
                  0.10    0.17    5.30 ^ _224_/X (sky130_fd_sc_hd__clkbuf_4)
    10    0.04                           _173_ (net)
                  0.10    0.00    5.30 ^ _243_/B (sky130_fd_sc_hd__nand2_1)
                  0.05    0.05    5.35 v _243_/Y (sky130_fd_sc_hd__nand2_1)
     1    0.00                           _192_ (net)
                  0.05    0.00    5.35 v _244_/B (sky130_fd_sc_hd__xor2_1)
                  0.04    0.10    5.45 v _244_/X (sky130_fd_sc_hd__xor2_1)
     2    0.00                           _193_ (net)
                  0.04    0.00    5.45 v _245_/A2 (sky130_fd_sc_hd__a21oi_1)
                  0.07    0.10    5.55 ^ _245_/Y (sky130_fd_sc_hd__a21oi_1)
     1    0.00                           _194_ (net)
                  0.07    0.00    5.55 ^ _246_/A2_N (sky130_fd_sc_hd__o2bb2a_1)
                  0.05    0.14    5.69 v _246_/X (sky130_fd_sc_hd__o2bb2a_1)
     1    0.01                           _195_ (net)
                  0.05    0.00    5.69 v _247_/B1 (sky130_fd_sc_hd__a21o_1)
                  0.02    0.08    5.77 v _247_/X (sky130_fd_sc_hd__a21o_1)
     1    0.00                           _196_ (net)
                  0.02    0.00    5.77 v _248_/B2 (sky130_fd_sc_hd__a22o_1)
                  0.03    0.09    5.86 v _248_/X (sky130_fd_sc_hd__a22o_1)
     1    0.00                           _197_ (net)
                  0.03    0.00    5.86 v _249_/B2 (sky130_fd_sc_hd__a22o_1)
                  0.03    0.09    5.96 v _249_/X (sky130_fd_sc_hd__a22o_1)
     1    0.00                           _198_ (net)
                  0.03    0.00    5.96 v _250_/B2 (sky130_fd_sc_hd__a22o_1)
                  0.03    0.10    6.05 v _250_/X (sky130_fd_sc_hd__a22o_1)
     1    0.00                           _199_ (net)
                  0.03    0.00    6.05 v _251_/C1 (sky130_fd_sc_hd__o221a_1)
                  0.03    0.07    6.12 v _251_/X (sky130_fd_sc_hd__o221a_1)
     1    0.00                           _200_ (net)
                  0.03    0.00    6.12 v _252_/B2 (sky130_fd_sc_hd__o22a_1)
                  0.04    0.12    6.24 v _252_/X (sky130_fd_sc_hd__o22a_1)
     1    0.01                           _201_ (net)
                  0.04    0.00    6.24 v _253_/B1 (sky130_fd_sc_hd__a21oi_4)
                  0.23    0.15    6.39 ^ _253_/Y (sky130_fd_sc_hd__a21oi_4)
    10    0.04                           _202_ (net)
                  0.23    0.00    6.39 ^ _427_/A3 (sky130_fd_sc_hd__a31o_1)
                  0.03    0.10    6.49 ^ _427_/X (sky130_fd_sc_hd__a31o_1)
     1    0.00                           _007_ (net)
                  0.03    0.00    6.49 ^ _446_/D (sky130_fd_sc_hd__dfrtp_1)
                                  6.49   data arrival time

                         25.00   25.00   clock clk (rise edge)
                          0.00   25.00   clock source latency
                  0.07    0.05   25.05 ^ clk (in)
     1    0.02                           clk (net)
                  0.07    0.00   25.05 ^ clkbuf_0_clk/A (sky130_fd_sc_hd__clkbuf_16)
                  0.03    0.09   25.14 ^ clkbuf_0_clk/X (sky130_fd_sc_hd__clkbuf_16)
     2    0.02                           clknet_0_clk (net)
                  0.03    0.00   25.14 ^ clkbuf_1_1__f_clk/A (sky130_fd_sc_hd__clkbuf_16)
                  0.04    0.08   25.22 ^ clkbuf_1_1__f_clk/X (sky130_fd_sc_hd__clkbuf_16)
     6    0.03                           clknet_1_1__leaf_clk (net)
                  0.04    0.00   25.22 ^ _446_/CLK (sky130_fd_sc_hd__dfrtp_1)
                         -0.25   24.97   clock uncertainty
                          0.00   24.97   clock reconvergence pessimism
                         -0.03   24.94   library setup time
                                 24.94   data required time
-----------------------------------------------------------------------------
                                 24.94   data required time
                                 -6.49   data arrival time
-----------------------------------------------------------------------------
                                 18.45   slack (MET)


Startpoint: _447_ (rising edge-triggered flip-flop clocked by clk)
Endpoint: sideband_out[3] (output port clocked by clk)
Path Group: clk
Path Type: max
Corner: Fastest

Fanout     Cap    Slew   Delay    Time   Description
-----------------------------------------------------------------------------
                          0.00    0.00   clock clk (rise edge)
                          0.00    0.00   clock source latency
                  0.07    0.05    0.05 ^ clk (in)
     1    0.02                           clk (net)
                  0.07    0.00    0.05 ^ clkbuf_0_clk/A (sky130_fd_sc_hd__clkbuf_16)
                  0.03    0.10    0.15 ^ clkbuf_0_clk/X (sky130_fd_sc_hd__clkbuf_16)
     2    0.02                           clknet_0_clk (net)
                  0.03    0.00    0.15 ^ clkbuf_1_1__f_clk/A (sky130_fd_sc_hd__clkbuf_16)
                  0.04    0.09    0.24 ^ clkbuf_1_1__f_clk/X (sky130_fd_sc_hd__clkbuf_16)
     6    0.03                           clknet_1_1__leaf_clk (net)
                  0.04    0.00    0.24 ^ _447_/CLK (sky130_fd_sc_hd__dfrtp_1)
                  0.13    0.29    0.53 ^ _447_/Q (sky130_fd_sc_hd__dfrtp_1)
     2    0.02                           net31 (net)
                  0.13    0.00    0.53 ^ output31/A (sky130_fd_sc_hd__clkbuf_4)
                  0.09    0.16    0.69 ^ output31/X (sky130_fd_sc_hd__clkbuf_4)
     1    0.03                           sideband_out[3] (net)
                  0.09    0.00    0.69 ^ sideband_out[3] (out)
                                  0.69   data arrival time

                         25.00   25.00   clock clk (rise edge)
                          0.00   25.00   clock network delay (propagated)
                         -0.25   24.75   clock uncertainty
                          0.00   24.75   clock reconvergence pessimism
                         -5.00   19.75   output external delay
                                 19.75   data required time
-----------------------------------------------------------------------------
                                 19.75   data required time
                                 -0.69   data arrival time
-----------------------------------------------------------------------------
                                 19.06   slack (MET)


Startpoint: _449_ (rising edge-triggered flip-flop clocked by clk)
Endpoint: sideband_out[5] (output port clocked by clk)
Path Group: clk
Path Type: max
Corner: Fastest

Fanout     Cap    Slew   Delay    Time   Description
-----------------------------------------------------------------------------
                          0.00    0.00   clock clk (rise edge)
                          0.00    0.00   clock source latency
                  0.07    0.05    0.05 ^ clk (in)
     1    0.02                           clk (net)
                  0.07    0.00    0.05 ^ clkbuf_0_clk/A (sky130_fd_sc_hd__clkbuf_16)
                  0.03    0.10    0.15 ^ clkbuf_0_clk/X (sky130_fd_sc_hd__clkbuf_16)
     2    0.02                           clknet_0_clk (net)
                  0.03    0.00    0.15 ^ clkbuf_1_0__f_clk/A (sky130_fd_sc_hd__clkbuf_16)
                  0.03    0.09    0.24 ^ clkbuf_1_0__f_clk/X (sky130_fd_sc_hd__clkbuf_16)
     8    0.02                           clknet_1_0__leaf_clk (net)
                  0.03    0.00    0.24 ^ _449_/CLK (sky130_fd_sc_hd__dfrtp_1)
                  0.13    0.28    0.52 ^ _449_/Q (sky130_fd_sc_hd__dfrtp_1)
     2    0.02                           net33 (net)
                  0.13    0.00    0.52 ^ output33/A (sky130_fd_sc_hd__clkbuf_4)
                  0.08    0.16    0.68 ^ output33/X (sky130_fd_sc_hd__clkbuf_4)
     1    0.03                           sideband_out[5] (net)
                  0.08    0.00    0.68 ^ sideband_out[5] (out)
                                  0.68   data arrival time

                         25.00   25.00   clock clk (rise edge)
                          0.00   25.00   clock network delay (propagated)
                         -0.25   24.75   clock uncertainty
                          0.00   24.75   clock reconvergence pessimism
                         -5.00   19.75   output external delay
                                 19.75   data required time
-----------------------------------------------------------------------------
                                 19.75   data required time
                                 -0.68   data arrival time
-----------------------------------------------------------------------------
                                 19.07   slack (MET)


Startpoint: _445_ (rising edge-triggered flip-flop clocked by clk)
Endpoint: sideband_out[1] (output port clocked by clk)
Path Group: clk
Path Type: max
Corner: Fastest

Fanout     Cap    Slew   Delay    Time   Description
-----------------------------------------------------------------------------
                          0.00    0.00   clock clk (rise edge)
                          0.00    0.00   clock source latency
                  0.07    0.05    0.05 ^ clk (in)
     1    0.02                           clk (net)
                  0.07    0.00    0.05 ^ clkbuf_0_clk/A (sky130_fd_sc_hd__clkbuf_16)
                  0.03    0.10    0.15 ^ clkbuf_0_clk/X (sky130_fd_sc_hd__clkbuf_16)
     2    0.02                           clknet_0_clk (net)
                  0.03    0.00    0.15 ^ clkbuf_1_1__f_clk/A (sky130_fd_sc_hd__clkbuf_16)
                  0.04    0.09    0.24 ^ clkbuf_1_1__f_clk/X (sky130_fd_sc_hd__clkbuf_16)
     6    0.03                           clknet_1_1__leaf_clk (net)
                  0.04    0.00    0.24 ^ _445_/CLK (sky130_fd_sc_hd__dfrtp_1)
                  0.12    0.28    0.52 ^ _445_/Q (sky130_fd_sc_hd__dfrtp_1)
     2    0.02                           net29 (net)
                  0.12    0.00    0.53 ^ output29/A (sky130_fd_sc_hd__clkbuf_4)
                  0.08    0.16    0.68 ^ output29/X (sky130_fd_sc_hd__clkbuf_4)
     1    0.03                           sideband_out[1] (net)
                  0.08    0.00    0.68 ^ sideband_out[1] (out)
                                  0.68   data arrival time

                         25.00   25.00   clock clk (rise edge)
                          0.00   25.00   clock network delay (propagated)
                         -0.25   24.75   clock uncertainty
                          0.00   24.75   clock reconvergence pessimism
                         -5.00   19.75   output external delay
                                 19.75   data required time
-----------------------------------------------------------------------------
                                 19.75   data required time
                                 -0.68   data arrival time
-----------------------------------------------------------------------------
                                 19.07   slack (MET)


Startpoint: _446_ (rising edge-triggered flip-flop clocked by clk)
Endpoint: sideband_out[2] (output port clocked by clk)
Path Group: clk
Path Type: max
Corner: Fastest

Fanout     Cap    Slew   Delay    Time   Description
-----------------------------------------------------------------------------
                          0.00    0.00   clock clk (rise edge)
                          0.00    0.00   clock source latency
                  0.07    0.05    0.05 ^ clk (in)
     1    0.02                           clk (net)
                  0.07    0.00    0.05 ^ clkbuf_0_clk/A (sky130_fd_sc_hd__clkbuf_16)
                  0.03    0.10    0.15 ^ clkbuf_0_clk/X (sky130_fd_sc_hd__clkbuf_16)
     2    0.02                           clknet_0_clk (net)
                  0.03    0.00    0.15 ^ clkbuf_1_1__f_clk/A (sky130_fd_sc_hd__clkbuf_16)
                  0.04    0.09    0.24 ^ clkbuf_1_1__f_clk/X (sky130_fd_sc_hd__clkbuf_16)
     6    0.03                           clknet_1_1__leaf_clk (net)
                  0.04    0.00    0.24 ^ _446_/CLK (sky130_fd_sc_hd__dfrtp_1)
                  0.12    0.28    0.52 ^ _446_/Q (sky130_fd_sc_hd__dfrtp_1)
     2    0.02                           net30 (net)
                  0.12    0.00    0.52 ^ output30/A (sky130_fd_sc_hd__clkbuf_4)
                  0.08    0.16    0.68 ^ output30/X (sky130_fd_sc_hd__clkbuf_4)
     1    0.03                           sideband_out[2] (net)
                  0.08    0.00    0.68 ^ sideband_out[2] (out)
                                  0.68   data arrival time

                         25.00   25.00   clock clk (rise edge)
                          0.00   25.00   clock network delay (propagated)
                         -0.25   24.75   clock uncertainty
                          0.00   24.75   clock reconvergence pessimism
                         -5.00   19.75   output external delay
                                 19.75   data required time
-----------------------------------------------------------------------------
                                 19.75   data required time
                                 -0.68   data arrival time
-----------------------------------------------------------------------------
                                 19.07   slack (MET)


Startpoint: _448_ (rising edge-triggered flip-flop clocked by clk)
Endpoint: sideband_out[4] (output port clocked by clk)
Path Group: clk
Path Type: max
Corner: Fastest

Fanout     Cap    Slew   Delay    Time   Description
-----------------------------------------------------------------------------
                          0.00    0.00   clock clk (rise edge)
                          0.00    0.00   clock source latency
                  0.07    0.05    0.05 ^ clk (in)
     1    0.02                           clk (net)
                  0.07    0.00    0.05 ^ clkbuf_0_clk/A (sky130_fd_sc_hd__clkbuf_16)
                  0.03    0.10    0.15 ^ clkbuf_0_clk/X (sky130_fd_sc_hd__clkbuf_16)
     2    0.02                           clknet_0_clk (net)
                  0.03    0.00    0.15 ^ clkbuf_1_1__f_clk/A (sky130_fd_sc_hd__clkbuf_16)
                  0.04    0.09    0.24 ^ clkbuf_1_1__f_clk/X (sky130_fd_sc_hd__clkbuf_16)
     6    0.03                           clknet_1_1__leaf_clk (net)
                  0.04    0.00    0.24 ^ _448_/CLK (sky130_fd_sc_hd__dfrtp_2)
                  0.06    0.29    0.53 v _448_/Q (sky130_fd_sc_hd__dfrtp_2)
     2    0.02                           net32 (net)
                  0.06    0.00    0.54 v output32/A (sky130_fd_sc_hd__clkbuf_4)
                  0.06    0.14    0.68 v output32/X (sky130_fd_sc_hd__clkbuf_4)
     1    0.03                           sideband_out[4] (net)
                  0.06    0.00    0.68 v sideband_out[4] (out)
                                  0.68   data arrival time

                         25.00   25.00   clock clk (rise edge)
                          0.00   25.00   clock network delay (propagated)
                         -0.25   24.75   clock uncertainty
                          0.00   24.75   clock reconvergence pessimism
                         -5.00   19.75   output external delay
                                 19.75   data required time
-----------------------------------------------------------------------------
                                 19.75   data required time
                                 -0.68   data arrival time
-----------------------------------------------------------------------------
                                 19.07   slack (MET)


Startpoint: _441_ (rising edge-triggered flip-flop clocked by clk)
Endpoint: int4_out[1] (output port clocked by clk)
Path Group: clk
Path Type: max
Corner: Fastest

Fanout     Cap    Slew   Delay    Time   Description
-----------------------------------------------------------------------------
                          0.00    0.00   clock clk (rise edge)
                          0.00    0.00   clock source latency
                  0.07    0.05    0.05 ^ clk (in)
     1    0.02                           clk (net)
                  0.07    0.00    0.05 ^ clkbuf_0_clk/A (sky130_fd_sc_hd__clkbuf_16)
                  0.03    0.10    0.15 ^ clkbuf_0_clk/X (sky130_fd_sc_hd__clkbuf_16)
     2    0.02                           clknet_0_clk (net)
                  0.03    0.00    0.15 ^ clkbuf_1_0__f_clk/A (sky130_fd_sc_hd__clkbuf_16)
                  0.03    0.09    0.24 ^ clkbuf_1_0__f_clk/X (sky130_fd_sc_hd__clkbuf_16)
     8    0.02                           clknet_1_0__leaf_clk (net)
                  0.03    0.00    0.24 ^ _441_/CLK (sky130_fd_sc_hd__dfrtp_2)
                  0.09    0.27    0.52 ^ _441_/Q (sky130_fd_sc_hd__dfrtp_2)
     2    0.02                           net24 (net)
                  0.09    0.00    0.52 ^ output24/A (sky130_fd_sc_hd__buf_2)
                  0.13    0.16    0.68 ^ output24/X (sky130_fd_sc_hd__buf_2)
     1    0.03                           int4_out[1] (net)
                  0.13    0.00    0.68 ^ int4_out[1] (out)
                                  0.68   data arrival time

                         25.00   25.00   clock clk (rise edge)
                          0.00   25.00   clock network delay (propagated)
                         -0.25   24.75   clock uncertainty
                          0.00   24.75   clock reconvergence pessimism
                         -5.00   19.75   output external delay
                                 19.75   data required time
-----------------------------------------------------------------------------
                                 19.75   data required time
                                 -0.68   data arrival time
-----------------------------------------------------------------------------
                                 19.07   slack (MET)


Startpoint: _450_ (rising edge-triggered flip-flop clocked by clk)
Endpoint: sideband_out[6] (output port clocked by clk)
Path Group: clk
Path Type: max
Corner: Fastest

Fanout     Cap    Slew   Delay    Time   Description
-----------------------------------------------------------------------------
                          0.00    0.00   clock clk (rise edge)
                          0.00    0.00   clock source latency
                  0.07    0.05    0.05 ^ clk (in)
     1    0.02                           clk (net)
                  0.07    0.00    0.05 ^ clkbuf_0_clk/A (sky130_fd_sc_hd__clkbuf_16)
                  0.03    0.10    0.15 ^ clkbuf_0_clk/X (sky130_fd_sc_hd__clkbuf_16)
     2    0.02                           clknet_0_clk (net)
                  0.03    0.00    0.15 ^ clkbuf_1_0__f_clk/A (sky130_fd_sc_hd__clkbuf_16)
                  0.03    0.09    0.24 ^ clkbuf_1_0__f_clk/X (sky130_fd_sc_hd__clkbuf_16)
     8    0.02                           clknet_1_0__leaf_clk (net)
                  0.03    0.00    0.24 ^ _450_/CLK (sky130_fd_sc_hd__dfrtp_1)
                  0.11    0.27    0.51 ^ _450_/Q (sky130_fd_sc_hd__dfrtp_1)
     2    0.02                           net34 (net)
                  0.11    0.00    0.51 ^ output34/A (sky130_fd_sc_hd__clkbuf_4)
                  0.08    0.16    0.67 ^ output34/X (sky130_fd_sc_hd__clkbuf_4)
     1    0.03                           sideband_out[6] (net)
                  0.08    0.00    0.67 ^ sideband_out[6] (out)
                                  0.67   data arrival time

                         25.00   25.00   clock clk (rise edge)
                          0.00   25.00   clock network delay (propagated)
                         -0.25   24.75   clock uncertainty
                          0.00   24.75   clock reconvergence pessimism
                         -5.00   19.75   output external delay
                                 19.75   data required time
-----------------------------------------------------------------------------
                                 19.75   data required time
                                 -0.67   data arrival time
-----------------------------------------------------------------------------
                                 19.08   slack (MET)


Startpoint: _439_ (rising edge-triggered flip-flop clocked by clk)
Endpoint: valid_out (output port clocked by clk)
Path Group: clk
Path Type: max
Corner: Fastest

Fanout     Cap    Slew   Delay    Time   Description
-----------------------------------------------------------------------------
                          0.00    0.00   clock clk (rise edge)
                          0.00    0.00   clock source latency
                  0.07    0.05    0.05 ^ clk (in)
     1    0.02                           clk (net)
                  0.07    0.00    0.05 ^ clkbuf_0_clk/A (sky130_fd_sc_hd__clkbuf_16)
                  0.03    0.10    0.15 ^ clkbuf_0_clk/X (sky130_fd_sc_hd__clkbuf_16)
     2    0.02                           clknet_0_clk (net)
                  0.03    0.00    0.15 ^ clkbuf_1_1__f_clk/A (sky130_fd_sc_hd__clkbuf_16)
                  0.04    0.09    0.24 ^ clkbuf_1_1__f_clk/X (sky130_fd_sc_hd__clkbuf_16)
     6    0.03                           clknet_1_1__leaf_clk (net)
                  0.04    0.00    0.24 ^ _439_/CLK (sky130_fd_sc_hd__dfrtp_1)
                  0.10    0.27    0.51 ^ _439_/Q (sky130_fd_sc_hd__dfrtp_1)
     1    0.01                           net36 (net)
                  0.10    0.00    0.51 ^ output36/A (sky130_fd_sc_hd__buf_2)
                  0.13    0.16    0.67 ^ output36/X (sky130_fd_sc_hd__buf_2)
     1    0.03                           valid_out (net)
                  0.13    0.00    0.67 ^ valid_out (out)
                                  0.67   data arrival time

                         25.00   25.00   clock clk (rise edge)
                          0.00   25.00   clock network delay (propagated)
                         -0.25   24.75   clock uncertainty
                          0.00   24.75   clock reconvergence pessimism
                         -5.00   19.75   output external delay
                                 19.75   data required time
-----------------------------------------------------------------------------
                                 19.75   data required time
                                 -0.67   data arrival time
-----------------------------------------------------------------------------
                                 19.08   slack (MET)


Startpoint: _443_ (rising edge-triggered flip-flop clocked by clk)
Endpoint: int4_out[3] (output port clocked by clk)
Path Group: clk
Path Type: max
Corner: Fastest

Fanout     Cap    Slew   Delay    Time   Description
-----------------------------------------------------------------------------
                          0.00    0.00   clock clk (rise edge)
                          0.00    0.00   clock source latency
                  0.07    0.05    0.05 ^ clk (in)
     1    0.02                           clk (net)
                  0.07    0.00    0.05 ^ clkbuf_0_clk/A (sky130_fd_sc_hd__clkbuf_16)
                  0.03    0.10    0.15 ^ clkbuf_0_clk/X (sky130_fd_sc_hd__clkbuf_16)
     2    0.02                           clknet_0_clk (net)
                  0.03    0.00    0.15 ^ clkbuf_1_0__f_clk/A (sky130_fd_sc_hd__clkbuf_16)
                  0.03    0.09    0.24 ^ clkbuf_1_0__f_clk/X (sky130_fd_sc_hd__clkbuf_16)
     8    0.02                           clknet_1_0__leaf_clk (net)
                  0.03    0.00    0.24 ^ _443_/CLK (sky130_fd_sc_hd__dfrtp_1)
                  0.11    0.27    0.51 ^ _443_/Q (sky130_fd_sc_hd__dfrtp_1)
     2    0.02                           net26 (net)
                  0.11    0.00    0.51 ^ output26/A (sky130_fd_sc_hd__clkbuf_4)
                  0.08    0.15    0.66 ^ output26/X (sky130_fd_sc_hd__clkbuf_4)
     1    0.03                           int4_out[3] (net)
                  0.08    0.00    0.66 ^ int4_out[3] (out)
                                  0.66   data arrival time

                         25.00   25.00   clock clk (rise edge)
                          0.00   25.00   clock network delay (propagated)
                         -0.25   24.75   clock uncertainty
                          0.00   24.75   clock reconvergence pessimism
                         -5.00   19.75   output external delay
                                 19.75   data required time
-----------------------------------------------------------------------------
                                 19.75   data required time
                                 -0.66   data arrival time
-----------------------------------------------------------------------------
                                 19.09   slack (MET)


Startpoint: _451_ (rising edge-triggered flip-flop clocked by clk)
Endpoint: sideband_out[7] (output port clocked by clk)
Path Group: clk
Path Type: max
Corner: Fastest

Fanout     Cap    Slew   Delay    Time   Description
-----------------------------------------------------------------------------
                          0.00    0.00   clock clk (rise edge)
                          0.00    0.00   clock source latency
                  0.07    0.05    0.05 ^ clk (in)
     1    0.02                           clk (net)
                  0.07    0.00    0.05 ^ clkbuf_0_clk/A (sky130_fd_sc_hd__clkbuf_16)
                  0.03    0.10    0.15 ^ clkbuf_0_clk/X (sky130_fd_sc_hd__clkbuf_16)
     2    0.02                           clknet_0_clk (net)
                  0.03    0.00    0.15 ^ clkbuf_1_0__f_clk/A (sky130_fd_sc_hd__clkbuf_16)
                  0.03    0.09    0.24 ^ clkbuf_1_0__f_clk/X (sky130_fd_sc_hd__clkbuf_16)
     8    0.02                           clknet_1_0__leaf_clk (net)
                  0.03    0.00    0.24 ^ _451_/CLK (sky130_fd_sc_hd__dfrtp_1)
                  0.10    0.27    0.51 ^ _451_/Q (sky130_fd_sc_hd__dfrtp_1)
     2    0.01                           net35 (net)
                  0.10    0.00    0.51 ^ output35/A (sky130_fd_sc_hd__clkbuf_4)
                  0.08    0.15    0.66 ^ output35/X (sky130_fd_sc_hd__clkbuf_4)
     1    0.03                           sideband_out[7] (net)
                  0.08    0.00    0.66 ^ sideband_out[7] (out)
                                  0.66   data arrival time

                         25.00   25.00   clock clk (rise edge)
                          0.00   25.00   clock network delay (propagated)
                         -0.25   24.75   clock uncertainty
                          0.00   24.75   clock reconvergence pessimism
                         -5.00   19.75   output external delay
                                 19.75   data required time
-----------------------------------------------------------------------------
                                 19.75   data required time
                                 -0.66   data arrival time
-----------------------------------------------------------------------------
                                 19.09   slack (MET)


Startpoint: _444_ (rising edge-triggered flip-flop clocked by clk)
Endpoint: sideband_out[0] (output port clocked by clk)
Path Group: clk
Path Type: max
Corner: Fastest

Fanout     Cap    Slew   Delay    Time   Description
-----------------------------------------------------------------------------
                          0.00    0.00   clock clk (rise edge)
                          0.00    0.00   clock source latency
                  0.07    0.05    0.05 ^ clk (in)
     1    0.02                           clk (net)
                  0.07    0.00    0.05 ^ clkbuf_0_clk/A (sky130_fd_sc_hd__clkbuf_16)
                  0.03    0.10    0.15 ^ clkbuf_0_clk/X (sky130_fd_sc_hd__clkbuf_16)
     2    0.02                           clknet_0_clk (net)
                  0.03    0.00    0.15 ^ clkbuf_1_0__f_clk/A (sky130_fd_sc_hd__clkbuf_16)
                  0.03    0.09    0.24 ^ clkbuf_1_0__f_clk/X (sky130_fd_sc_hd__clkbuf_16)
     8    0.02                           clknet_1_0__leaf_clk (net)
                  0.03    0.00    0.24 ^ _444_/CLK (sky130_fd_sc_hd__dfrtp_1)
                  0.05    0.27    0.51 v _444_/Q (sky130_fd_sc_hd__dfrtp_1)
     2    0.01                           net28 (net)
                  0.05    0.00    0.51 v output28/A (sky130_fd_sc_hd__clkbuf_4)
                  0.06    0.14    0.64 v output28/X (sky130_fd_sc_hd__clkbuf_4)
     1    0.03                           sideband_out[0] (net)
                  0.06    0.00    0.65 v sideband_out[0] (out)
                                  0.65   data arrival time

                         25.00   25.00   clock clk (rise edge)
                          0.00   25.00   clock network delay (propagated)
                         -0.25   24.75   clock uncertainty
                          0.00   24.75   clock reconvergence pessimism
                         -5.00   19.75   output external delay
                                 19.75   data required time
-----------------------------------------------------------------------------
                                 19.75   data required time
                                 -0.65   data arrival time
-----------------------------------------------------------------------------
                                 19.10   slack (MET)


Startpoint: _442_ (rising edge-triggered flip-flop clocked by clk)
Endpoint: int4_out[2] (output port clocked by clk)
Path Group: clk
Path Type: max
Corner: Fastest

Fanout     Cap    Slew   Delay    Time   Description
-----------------------------------------------------------------------------
                          0.00    0.00   clock clk (rise edge)
                          0.00    0.00   clock source latency
                  0.07    0.05    0.05 ^ clk (in)
     1    0.02                           clk (net)
                  0.07    0.00    0.05 ^ clkbuf_0_clk/A (sky130_fd_sc_hd__clkbuf_16)
                  0.03    0.10    0.15 ^ clkbuf_0_clk/X (sky130_fd_sc_hd__clkbuf_16)
     2    0.02                           clknet_0_clk (net)
                  0.03    0.00    0.15 ^ clkbuf_1_0__f_clk/A (sky130_fd_sc_hd__clkbuf_16)
                  0.03    0.09    0.24 ^ clkbuf_1_0__f_clk/X (sky130_fd_sc_hd__clkbuf_16)
     8    0.02                           clknet_1_0__leaf_clk (net)
                  0.03    0.00    0.24 ^ _442_/CLK (sky130_fd_sc_hd__dfrtp_1)
                  0.05    0.26    0.50 v _442_/Q (sky130_fd_sc_hd__dfrtp_1)
     2    0.01                           net25 (net)
                  0.05    0.00    0.50 v output25/A (sky130_fd_sc_hd__clkbuf_4)
                  0.06    0.14    0.64 v output25/X (sky130_fd_sc_hd__clkbuf_4)
     1    0.03                           int4_out[2] (net)
                  0.06    0.00    0.64 v int4_out[2] (out)
                                  0.64   data arrival time

                         25.00   25.00   clock clk (rise edge)
                          0.00   25.00   clock network delay (propagated)
                         -0.25   24.75   clock uncertainty
                          0.00   24.75   clock reconvergence pessimism
                         -5.00   19.75   output external delay
                                 19.75   data required time
-----------------------------------------------------------------------------
                                 19.75   data required time
                                 -0.64   data arrival time
-----------------------------------------------------------------------------
                                 19.11   slack (MET)


Startpoint: _440_ (rising edge-triggered flip-flop clocked by clk)
Endpoint: int4_out[0] (output port clocked by clk)
Path Group: clk
Path Type: max
Corner: Fastest

Fanout     Cap    Slew   Delay    Time   Description
-----------------------------------------------------------------------------
                          0.00    0.00   clock clk (rise edge)
                          0.00    0.00   clock source latency
                  0.07    0.05    0.05 ^ clk (in)
     1    0.02                           clk (net)
                  0.07    0.00    0.05 ^ clkbuf_0_clk/A (sky130_fd_sc_hd__clkbuf_16)
                  0.03    0.10    0.15 ^ clkbuf_0_clk/X (sky130_fd_sc_hd__clkbuf_16)
     2    0.02                           clknet_0_clk (net)
                  0.03    0.00    0.15 ^ clkbuf_1_0__f_clk/A (sky130_fd_sc_hd__clkbuf_16)
                  0.03    0.09    0.24 ^ clkbuf_1_0__f_clk/X (sky130_fd_sc_hd__clkbuf_16)
     8    0.02                           clknet_1_0__leaf_clk (net)
                  0.03    0.00    0.24 ^ _440_/CLK (sky130_fd_sc_hd__dfrtp_1)
                  0.05    0.26    0.50 v _440_/Q (sky130_fd_sc_hd__dfrtp_1)
     2    0.01                           net23 (net)
                  0.05    0.00    0.50 v output23/A (sky130_fd_sc_hd__clkbuf_4)
                  0.06    0.14    0.63 v output23/X (sky130_fd_sc_hd__clkbuf_4)
     1    0.03                           int4_out[0] (net)
                  0.06    0.00    0.63 v int4_out[0] (out)
                                  0.63   data arrival time

                         25.00   25.00   clock clk (rise edge)
                          0.00   25.00   clock network delay (propagated)
                         -0.25   24.75   clock uncertainty
                          0.00   24.75   clock reconvergence pessimism
                         -5.00   19.75   output external delay
                                 19.75   data required time
-----------------------------------------------------------------------------
                                 19.75   data required time
                                 -0.63   data arrival time
-----------------------------------------------------------------------------
                                 19.12   slack (MET)


Startpoint: _438_ (rising edge-triggered flip-flop clocked by clk)
Endpoint: is_outlier (output port clocked by clk)
Path Group: clk
Path Type: max
Corner: Fastest

Fanout     Cap    Slew   Delay    Time   Description
-----------------------------------------------------------------------------
                          0.00    0.00   clock clk (rise edge)
                          0.00    0.00   clock source latency
                  0.07    0.05    0.05 ^ clk (in)
     1    0.02                           clk (net)
                  0.07    0.00    0.05 ^ clkbuf_0_clk/A (sky130_fd_sc_hd__clkbuf_16)
                  0.03    0.10    0.15 ^ clkbuf_0_clk/X (sky130_fd_sc_hd__clkbuf_16)
     2    0.02                           clknet_0_clk (net)
                  0.03    0.00    0.15 ^ clkbuf_1_1__f_clk/A (sky130_fd_sc_hd__clkbuf_16)
                  0.04    0.09    0.24 ^ clkbuf_1_1__f_clk/X (sky130_fd_sc_hd__clkbuf_16)
     6    0.03                           clknet_1_1__leaf_clk (net)
                  0.04    0.00    0.24 ^ _438_/CLK (sky130_fd_sc_hd__dfrtp_1)
                  0.04    0.25    0.50 v _438_/Q (sky130_fd_sc_hd__dfrtp_1)
     2    0.01                           net27 (net)
                  0.04    0.00    0.50 v output27/A (sky130_fd_sc_hd__clkbuf_4)
                  0.06    0.13    0.63 v output27/X (sky130_fd_sc_hd__clkbuf_4)
     1    0.03                           is_outlier (net)
                  0.06    0.00    0.63 v is_outlier (out)
                                  0.63   data arrival time

                         25.00   25.00   clock clk (rise edge)
                          0.00   25.00   clock network delay (propagated)
                         -0.25   24.75   clock uncertainty
                          0.00   24.75   clock reconvergence pessimism
                         -5.00   19.75   output external delay
                                 19.75   data required time
-----------------------------------------------------------------------------
                                 19.75   data required time
                                 -0.63   data arrival time
-----------------------------------------------------------------------------
                                 19.12   slack (MET)


Startpoint: rst_n (input port clocked by clk)
Endpoint: _441_ (recovery check against rising-edge clock clk)
Path Group: asynchronous
Path Type: max
Corner: Fastest

Fanout     Cap    Slew   Delay    Time   Description
-----------------------------------------------------------------------------
                          0.00    0.00   clock clk (rise edge)
                          0.00    0.00   clock network delay (propagated)
                          5.00    5.00 ^ input external delay
                  0.01    0.01    5.01 ^ rst_n (in)
     1    0.00                           rst_n (net)
                  0.01    0.00    5.01 ^ input9/A (sky130_fd_sc_hd__buf_2)
                  0.11    0.13    5.13 ^ input9/X (sky130_fd_sc_hd__buf_2)
     5    0.03                           net9 (net)
                  0.11    0.00    5.14 ^ fanout37/A (sky130_fd_sc_hd__clkbuf_4)
                  0.12    0.18    5.31 ^ fanout37/X (sky130_fd_sc_hd__clkbuf_4)
    10    0.05                           net37 (net)
                  0.12    0.00    5.32 ^ _441_/RESET_B (sky130_fd_sc_hd__dfrtp_2)
                                  5.32   data arrival time

                         25.00   25.00   clock clk (rise edge)
                          0.00   25.00   clock source latency
                  0.07    0.05   25.05 ^ clk (in)
     1    0.02                           clk (net)
                  0.07    0.00   25.05 ^ clkbuf_0_clk/A (sky130_fd_sc_hd__clkbuf_16)
                  0.03    0.09   25.14 ^ clkbuf_0_clk/X (sky130_fd_sc_hd__clkbuf_16)
     2    0.02                           clknet_0_clk (net)
                  0.03    0.00   25.14 ^ clkbuf_1_0__f_clk/A (sky130_fd_sc_hd__clkbuf_16)
                  0.03    0.08   25.22 ^ clkbuf_1_0__f_clk/X (sky130_fd_sc_hd__clkbuf_16)
     8    0.02                           clknet_1_0__leaf_clk (net)
                  0.03    0.00   25.22 ^ _441_/CLK (sky130_fd_sc_hd__dfrtp_2)
                         -0.25   24.97   clock uncertainty
                          0.00   24.97   clock reconvergence pessimism
                          0.11   25.08   library recovery time
                                 25.08   data required time
-----------------------------------------------------------------------------
                                 25.08   data required time
                                 -5.32   data arrival time
-----------------------------------------------------------------------------
                                 19.76   slack (MET)


Startpoint: valid_in (input port clocked by clk)
Endpoint: _439_ (rising edge-triggered flip-flop clocked by clk)
Path Group: clk
Path Type: max
Corner: Fastest

Fanout     Cap    Slew   Delay    Time   Description
-----------------------------------------------------------------------------
                          0.00    0.00   clock clk (rise edge)
                          0.00    0.00   clock network delay (propagated)
                          5.00    5.00 v input external delay
                  0.01    0.00    5.00 v valid_in (in)
     1    0.00                           valid_in (net)
                  0.01    0.00    5.00 v input22/A (sky130_fd_sc_hd__clkbuf_2)
                  0.07    0.10    5.11 v input22/X (sky130_fd_sc_hd__clkbuf_2)
     2    0.02                           net22 (net)
                  0.07    0.00    5.11 v _439_/D (sky130_fd_sc_hd__dfrtp_1)
                                  5.11   data arrival time

                         25.00   25.00   clock clk (rise edge)
                          0.00   25.00   clock source latency
                  0.07    0.05   25.05 ^ clk (in)
     1    0.02                           clk (net)
                  0.07    0.00   25.05 ^ clkbuf_0_clk/A (sky130_fd_sc_hd__clkbuf_16)
                  0.03    0.09   25.14 ^ clkbuf_0_clk/X (sky130_fd_sc_hd__clkbuf_16)
     2    0.02                           clknet_0_clk (net)
                  0.03    0.00   25.14 ^ clkbuf_1_1__f_clk/A (sky130_fd_sc_hd__clkbuf_16)
                  0.04    0.08   25.22 ^ clkbuf_1_1__f_clk/X (sky130_fd_sc_hd__clkbuf_16)
     6    0.03                           clknet_1_1__leaf_clk (net)
                  0.04    0.00   25.22 ^ _439_/CLK (sky130_fd_sc_hd__dfrtp_1)
                         -0.25   24.97   clock uncertainty
                          0.00   24.97   clock reconvergence pessimism
                         -0.08   24.89   library setup time
                                 24.89   data required time
-----------------------------------------------------------------------------
                                 24.89   data required time
                                 -5.11   data arrival time
-----------------------------------------------------------------------------
                                 19.78   slack (MET)


Startpoint: rst_n (input port clocked by clk)
Endpoint: _440_ (recovery check against rising-edge clock clk)
Path Group: asynchronous
Path Type: max
Corner: Fastest

Fanout     Cap    Slew   Delay    Time   Description
-----------------------------------------------------------------------------
                          0.00    0.00   clock clk (rise edge)
                          0.00    0.00   clock network delay (propagated)
                          5.00    5.00 ^ input external delay
                  0.01    0.01    5.01 ^ rst_n (in)
     1    0.00                           rst_n (net)
                  0.01    0.00    5.01 ^ input9/A (sky130_fd_sc_hd__buf_2)
                  0.11    0.13    5.13 ^ input9/X (sky130_fd_sc_hd__buf_2)
     5    0.03                           net9 (net)
                  0.11    0.00    5.14 ^ fanout37/A (sky130_fd_sc_hd__clkbuf_4)
                  0.12    0.18    5.31 ^ fanout37/X (sky130_fd_sc_hd__clkbuf_4)
    10    0.05                           net37 (net)
                  0.12    0.00    5.32 ^ _440_/RESET_B (sky130_fd_sc_hd__dfrtp_1)
                                  5.32   data arrival time

                         25.00   25.00   clock clk (rise edge)
                          0.00   25.00   clock source latency
                  0.07    0.05   25.05 ^ clk (in)
     1    0.02                           clk (net)
                  0.07    0.00   25.05 ^ clkbuf_0_clk/A (sky130_fd_sc_hd__clkbuf_16)
                  0.03    0.09   25.14 ^ clkbuf_0_clk/X (sky130_fd_sc_hd__clkbuf_16)
     2    0.02                           clknet_0_clk (net)
                  0.03    0.00   25.14 ^ clkbuf_1_0__f_clk/A (sky130_fd_sc_hd__clkbuf_16)
                  0.03    0.08   25.22 ^ clkbuf_1_0__f_clk/X (sky130_fd_sc_hd__clkbuf_16)
     8    0.02                           clknet_1_0__leaf_clk (net)
                  0.03    0.00   25.22 ^ _440_/CLK (sky130_fd_sc_hd__dfrtp_1)
                         -0.25   24.97   clock uncertainty
                          0.00   24.97   clock reconvergence pessimism
                          0.13   25.10   library recovery time
                                 25.10   data required time
-----------------------------------------------------------------------------
                                 25.10   data required time
                                 -5.32   data arrival time
-----------------------------------------------------------------------------
                                 19.78   slack (MET)


Startpoint: rst_n (input port clocked by clk)
Endpoint: _442_ (recovery check against rising-edge clock clk)
Path Group: asynchronous
Path Type: max
Corner: Fastest

Fanout     Cap    Slew   Delay    Time   Description
-----------------------------------------------------------------------------
                          0.00    0.00   clock clk (rise edge)
                          0.00    0.00   clock network delay (propagated)
                          5.00    5.00 ^ input external delay
                  0.01    0.01    5.01 ^ rst_n (in)
     1    0.00                           rst_n (net)
                  0.01    0.00    5.01 ^ input9/A (sky130_fd_sc_hd__buf_2)
                  0.11    0.13    5.13 ^ input9/X (sky130_fd_sc_hd__buf_2)
     5    0.03                           net9 (net)
                  0.11    0.00    5.14 ^ fanout37/A (sky130_fd_sc_hd__clkbuf_4)
                  0.12    0.18    5.31 ^ fanout37/X (sky130_fd_sc_hd__clkbuf_4)
    10    0.05                           net37 (net)
                  0.12    0.00    5.32 ^ _442_/RESET_B (sky130_fd_sc_hd__dfrtp_1)
                                  5.32   data arrival time

                         25.00   25.00   clock clk (rise edge)
                          0.00   25.00   clock source latency
                  0.07    0.05   25.05 ^ clk (in)
     1    0.02                           clk (net)
                  0.07    0.00   25.05 ^ clkbuf_0_clk/A (sky130_fd_sc_hd__clkbuf_16)
                  0.03    0.09   25.14 ^ clkbuf_0_clk/X (sky130_fd_sc_hd__clkbuf_16)
     2    0.02                           clknet_0_clk (net)
                  0.03    0.00   25.14 ^ clkbuf_1_0__f_clk/A (sky130_fd_sc_hd__clkbuf_16)
                  0.03    0.08   25.22 ^ clkbuf_1_0__f_clk/X (sky130_fd_sc_hd__clkbuf_16)
     8    0.02                           clknet_1_0__leaf_clk (net)
                  0.03    0.00   25.22 ^ _442_/CLK (sky130_fd_sc_hd__dfrtp_1)
                         -0.25   24.97   clock uncertainty
                          0.00   24.97   clock reconvergence pessimism
                          0.13   25.10   library recovery time
                                 25.10   data required time
-----------------------------------------------------------------------------
                                 25.10   data required time
                                 -5.32   data arrival time
-----------------------------------------------------------------------------
                                 19.78   slack (MET)


Startpoint: rst_n (input port clocked by clk)
Endpoint: _443_ (recovery check against rising-edge clock clk)
Path Group: asynchronous
Path Type: max
Corner: Fastest

Fanout     Cap    Slew   Delay    Time   Description
-----------------------------------------------------------------------------
                          0.00    0.00   clock clk (rise edge)
                          0.00    0.00   clock network delay (propagated)
                          5.00    5.00 ^ input external delay
                  0.01    0.01    5.01 ^ rst_n (in)
     1    0.00                           rst_n (net)
                  0.01    0.00    5.01 ^ input9/A (sky130_fd_sc_hd__buf_2)
                  0.11    0.13    5.13 ^ input9/X (sky130_fd_sc_hd__buf_2)
     5    0.03                           net9 (net)
                  0.11    0.00    5.14 ^ fanout37/A (sky130_fd_sc_hd__clkbuf_4)
                  0.12    0.18    5.31 ^ fanout37/X (sky130_fd_sc_hd__clkbuf_4)
    10    0.05                           net37 (net)
                  0.12    0.00    5.32 ^ _443_/RESET_B (sky130_fd_sc_hd__dfrtp_1)
                                  5.32   data arrival time

                         25.00   25.00   clock clk (rise edge)
                          0.00   25.00   clock source latency
                  0.07    0.05   25.05 ^ clk (in)
     1    0.02                           clk (net)
                  0.07    0.00   25.05 ^ clkbuf_0_clk/A (sky130_fd_sc_hd__clkbuf_16)
                  0.03    0.09   25.14 ^ clkbuf_0_clk/X (sky130_fd_sc_hd__clkbuf_16)
     2    0.02                           clknet_0_clk (net)
                  0.03    0.00   25.14 ^ clkbuf_1_0__f_clk/A (sky130_fd_sc_hd__clkbuf_16)
                  0.03    0.08   25.22 ^ clkbuf_1_0__f_clk/X (sky130_fd_sc_hd__clkbuf_16)
     8    0.02                           clknet_1_0__leaf_clk (net)
                  0.03    0.00   25.22 ^ _443_/CLK (sky130_fd_sc_hd__dfrtp_1)
                         -0.25   24.97   clock uncertainty
                          0.00   24.97   clock reconvergence pessimism
                          0.13   25.10   library recovery time
                                 25.10   data required time
-----------------------------------------------------------------------------
                                 25.10   data required time
                                 -5.32   data arrival time
-----------------------------------------------------------------------------
                                 19.78   slack (MET)


Startpoint: rst_n (input port clocked by clk)
Endpoint: _451_ (recovery check against rising-edge clock clk)
Path Group: asynchronous
Path Type: max
Corner: Fastest

Fanout     Cap    Slew   Delay    Time   Description
-----------------------------------------------------------------------------
                          0.00    0.00   clock clk (rise edge)
                          0.00    0.00   clock network delay (propagated)
                          5.00    5.00 ^ input external delay
                  0.01    0.01    5.01 ^ rst_n (in)
     1    0.00                           rst_n (net)
                  0.01    0.00    5.01 ^ input9/A (sky130_fd_sc_hd__buf_2)
                  0.11    0.13    5.13 ^ input9/X (sky130_fd_sc_hd__buf_2)
     5    0.03                           net9 (net)
                  0.11    0.00    5.14 ^ fanout37/A (sky130_fd_sc_hd__clkbuf_4)
                  0.12    0.18    5.31 ^ fanout37/X (sky130_fd_sc_hd__clkbuf_4)
    10    0.05                           net37 (net)
                  0.12    0.00    5.32 ^ _451_/RESET_B (sky130_fd_sc_hd__dfrtp_1)
                                  5.32   data arrival time

                         25.00   25.00   clock clk (rise edge)
                          0.00   25.00   clock source latency
                  0.07    0.05   25.05 ^ clk (in)
     1    0.02                           clk (net)
                  0.07    0.00   25.05 ^ clkbuf_0_clk/A (sky130_fd_sc_hd__clkbuf_16)
                  0.03    0.09   25.14 ^ clkbuf_0_clk/X (sky130_fd_sc_hd__clkbuf_16)
     2    0.02                           clknet_0_clk (net)
                  0.03    0.00   25.14 ^ clkbuf_1_0__f_clk/A (sky130_fd_sc_hd__clkbuf_16)
                  0.03    0.08   25.22 ^ clkbuf_1_0__f_clk/X (sky130_fd_sc_hd__clkbuf_16)
     8    0.02                           clknet_1_0__leaf_clk (net)
                  0.03    0.00   25.22 ^ _451_/CLK (sky130_fd_sc_hd__dfrtp_1)
                         -0.25   24.97   clock uncertainty
                          0.00   24.97   clock reconvergence pessimism
                          0.13   25.10   library recovery time
                                 25.10   data required time
-----------------------------------------------------------------------------
                                 25.10   data required time
                                 -5.32   data arrival time
-----------------------------------------------------------------------------
                                 19.78   slack (MET)


Startpoint: rst_n (input port clocked by clk)
Endpoint: _449_ (recovery check against rising-edge clock clk)
Path Group: asynchronous
Path Type: max
Corner: Fastest

Fanout     Cap    Slew   Delay    Time   Description
-----------------------------------------------------------------------------
                          0.00    0.00   clock clk (rise edge)
                          0.00    0.00   clock network delay (propagated)
                          5.00    5.00 ^ input external delay
                  0.01    0.01    5.01 ^ rst_n (in)
     1    0.00                           rst_n (net)
                  0.01    0.00    5.01 ^ input9/A (sky130_fd_sc_hd__buf_2)
                  0.11    0.13    5.13 ^ input9/X (sky130_fd_sc_hd__buf_2)
     5    0.03                           net9 (net)
                  0.11    0.00    5.14 ^ fanout37/A (sky130_fd_sc_hd__clkbuf_4)
                  0.12    0.18    5.31 ^ fanout37/X (sky130_fd_sc_hd__clkbuf_4)
    10    0.05                           net37 (net)
                  0.12    0.00    5.32 ^ _449_/RESET_B (sky130_fd_sc_hd__dfrtp_1)
                                  5.32   data arrival time

                         25.00   25.00   clock clk (rise edge)
                          0.00   25.00   clock source latency
                  0.07    0.05   25.05 ^ clk (in)
     1    0.02                           clk (net)
                  0.07    0.00   25.05 ^ clkbuf_0_clk/A (sky130_fd_sc_hd__clkbuf_16)
                  0.03    0.09   25.14 ^ clkbuf_0_clk/X (sky130_fd_sc_hd__clkbuf_16)
     2    0.02                           clknet_0_clk (net)
                  0.03    0.00   25.14 ^ clkbuf_1_0__f_clk/A (sky130_fd_sc_hd__clkbuf_16)
                  0.03    0.08   25.22 ^ clkbuf_1_0__f_clk/X (sky130_fd_sc_hd__clkbuf_16)
     8    0.02                           clknet_1_0__leaf_clk (net)
                  0.03    0.00   25.22 ^ _449_/CLK (sky130_fd_sc_hd__dfrtp_1)
                         -0.25   24.97   clock uncertainty
                          0.00   24.97   clock reconvergence pessimism
                          0.13   25.10   library recovery time
                                 25.10   data required time
-----------------------------------------------------------------------------
                                 25.10   data required time
                                 -5.32   data arrival time
-----------------------------------------------------------------------------
                                 19.78   slack (MET)


Startpoint: rst_n (input port clocked by clk)
Endpoint: _450_ (recovery check against rising-edge clock clk)
Path Group: asynchronous
Path Type: max
Corner: Fastest

Fanout     Cap    Slew   Delay    Time   Description
-----------------------------------------------------------------------------
                          0.00    0.00   clock clk (rise edge)
                          0.00    0.00   clock network delay (propagated)
                          5.00    5.00 ^ input external delay
                  0.01    0.01    5.01 ^ rst_n (in)
     1    0.00                           rst_n (net)
                  0.01    0.00    5.01 ^ input9/A (sky130_fd_sc_hd__buf_2)
                  0.11    0.13    5.13 ^ input9/X (sky130_fd_sc_hd__buf_2)
     5    0.03                           net9 (net)
                  0.11    0.00    5.14 ^ fanout37/A (sky130_fd_sc_hd__clkbuf_4)
                  0.12    0.18    5.31 ^ fanout37/X (sky130_fd_sc_hd__clkbuf_4)
    10    0.05                           net37 (net)
                  0.12    0.00    5.32 ^ _450_/RESET_B (sky130_fd_sc_hd__dfrtp_1)
                                  5.32   data arrival time

                         25.00   25.00   clock clk (rise edge)
                          0.00   25.00   clock source latency
                  0.07    0.05   25.05 ^ clk (in)
     1    0.02                           clk (net)
                  0.07    0.00   25.05 ^ clkbuf_0_clk/A (sky130_fd_sc_hd__clkbuf_16)
                  0.03    0.09   25.14 ^ clkbuf_0_clk/X (sky130_fd_sc_hd__clkbuf_16)
     2    0.02                           clknet_0_clk (net)
                  0.03    0.00   25.14 ^ clkbuf_1_0__f_clk/A (sky130_fd_sc_hd__clkbuf_16)
                  0.03    0.08   25.22 ^ clkbuf_1_0__f_clk/X (sky130_fd_sc_hd__clkbuf_16)
     8    0.02                           clknet_1_0__leaf_clk (net)
                  0.03    0.00   25.22 ^ _450_/CLK (sky130_fd_sc_hd__dfrtp_1)
                         -0.25   24.97   clock uncertainty
                          0.00   24.97   clock reconvergence pessimism
                          0.13   25.10   library recovery time
                                 25.10   data required time
-----------------------------------------------------------------------------
                                 25.10   data required time
                                 -5.32   data arrival time
-----------------------------------------------------------------------------
                                 19.78   slack (MET)


Startpoint: rst_n (input port clocked by clk)
Endpoint: _444_ (recovery check against rising-edge clock clk)
Path Group: asynchronous
Path Type: max
Corner: Fastest

Fanout     Cap    Slew   Delay    Time   Description
-----------------------------------------------------------------------------
                          0.00    0.00   clock clk (rise edge)
                          0.00    0.00   clock network delay (propagated)
                          5.00    5.00 ^ input external delay
                  0.01    0.01    5.01 ^ rst_n (in)
     1    0.00                           rst_n (net)
                  0.01    0.00    5.01 ^ input9/A (sky130_fd_sc_hd__buf_2)
                  0.11    0.13    5.13 ^ input9/X (sky130_fd_sc_hd__buf_2)
     5    0.03                           net9 (net)
                  0.11    0.00    5.14 ^ fanout37/A (sky130_fd_sc_hd__clkbuf_4)
                  0.12    0.18    5.31 ^ fanout37/X (sky130_fd_sc_hd__clkbuf_4)
    10    0.05                           net37 (net)
                  0.12    0.00    5.32 ^ _444_/RESET_B (sky130_fd_sc_hd__dfrtp_1)
                                  5.32   data arrival time

                         25.00   25.00   clock clk (rise edge)
                          0.00   25.00   clock source latency
                  0.07    0.05   25.05 ^ clk (in)
     1    0.02                           clk (net)
                  0.07    0.00   25.05 ^ clkbuf_0_clk/A (sky130_fd_sc_hd__clkbuf_16)
                  0.03    0.09   25.14 ^ clkbuf_0_clk/X (sky130_fd_sc_hd__clkbuf_16)
     2    0.02                           clknet_0_clk (net)
                  0.03    0.00   25.14 ^ clkbuf_1_0__f_clk/A (sky130_fd_sc_hd__clkbuf_16)
                  0.03    0.08   25.22 ^ clkbuf_1_0__f_clk/X (sky130_fd_sc_hd__clkbuf_16)
     8    0.02                           clknet_1_0__leaf_clk (net)
                  0.03    0.00   25.22 ^ _444_/CLK (sky130_fd_sc_hd__dfrtp_1)
                         -0.25   24.97   clock uncertainty
                          0.00   24.97   clock reconvergence pessimism
                          0.13   25.10   library recovery time
                                 25.10   data required time
-----------------------------------------------------------------------------
                                 25.10   data required time
                                 -5.32   data arrival time
-----------------------------------------------------------------------------
                                 19.78   slack (MET)


Startpoint: rst_n (input port clocked by clk)
Endpoint: _438_ (recovery check against rising-edge clock clk)
Path Group: asynchronous
Path Type: max
Corner: Fastest

Fanout     Cap    Slew   Delay    Time   Description
-----------------------------------------------------------------------------
                          0.00    0.00   clock clk (rise edge)
                          0.00    0.00   clock network delay (propagated)
                          5.00    5.00 ^ input external delay
                  0.01    0.01    5.01 ^ rst_n (in)
     1    0.00                           rst_n (net)
                  0.01    0.00    5.01 ^ input9/A (sky130_fd_sc_hd__buf_2)
                  0.11    0.13    5.13 ^ input9/X (sky130_fd_sc_hd__buf_2)
     5    0.03                           net9 (net)
                  0.11    0.00    5.14 ^ fanout37/A (sky130_fd_sc_hd__clkbuf_4)
                  0.12    0.18    5.31 ^ fanout37/X (sky130_fd_sc_hd__clkbuf_4)
    10    0.05                           net37 (net)
                  0.12    0.00    5.32 ^ _438_/RESET_B (sky130_fd_sc_hd__dfrtp_1)
                                  5.32   data arrival time

                         25.00   25.00   clock clk (rise edge)
                          0.00   25.00   clock source latency
                  0.07    0.05   25.05 ^ clk (in)
     1    0.02                           clk (net)
                  0.07    0.00   25.05 ^ clkbuf_0_clk/A (sky130_fd_sc_hd__clkbuf_16)
                  0.03    0.09   25.14 ^ clkbuf_0_clk/X (sky130_fd_sc_hd__clkbuf_16)
     2    0.02                           clknet_0_clk (net)
                  0.03    0.00   25.14 ^ clkbuf_1_1__f_clk/A (sky130_fd_sc_hd__clkbuf_16)
                  0.04    0.08   25.22 ^ clkbuf_1_1__f_clk/X (sky130_fd_sc_hd__clkbuf_16)
     6    0.03                           clknet_1_1__leaf_clk (net)
                  0.04    0.00   25.22 ^ _438_/CLK (sky130_fd_sc_hd__dfrtp_1)
                         -0.25   24.97   clock uncertainty
                          0.00   24.97   clock reconvergence pessimism
                          0.13   25.10   library recovery time
                                 25.10   data required time
-----------------------------------------------------------------------------
                                 25.10   data required time
                                 -5.32   data arrival time
-----------------------------------------------------------------------------
                                 19.78   slack (MET)


Startpoint: rst_n (input port clocked by clk)
Endpoint: _439_ (recovery check against rising-edge clock clk)
Path Group: asynchronous
Path Type: max
Corner: Fastest

Fanout     Cap    Slew   Delay    Time   Description
-----------------------------------------------------------------------------
                          0.00    0.00   clock clk (rise edge)
                          0.00    0.00   clock network delay (propagated)
                          5.00    5.00 ^ input external delay
                  0.01    0.01    5.01 ^ rst_n (in)
     1    0.00                           rst_n (net)
                  0.01    0.00    5.01 ^ input9/A (sky130_fd_sc_hd__buf_2)
                  0.11    0.13    5.13 ^ input9/X (sky130_fd_sc_hd__buf_2)
     5    0.03                           net9 (net)
                  0.11    0.00    5.14 ^ fanout37/A (sky130_fd_sc_hd__clkbuf_4)
                  0.12    0.18    5.31 ^ fanout37/X (sky130_fd_sc_hd__clkbuf_4)
    10    0.05                           net37 (net)
                  0.12    0.00    5.32 ^ _439_/RESET_B (sky130_fd_sc_hd__dfrtp_1)
                                  5.32   data arrival time

                         25.00   25.00   clock clk (rise edge)
                          0.00   25.00   clock source latency
                  0.07    0.05   25.05 ^ clk (in)
     1    0.02                           clk (net)
                  0.07    0.00   25.05 ^ clkbuf_0_clk/A (sky130_fd_sc_hd__clkbuf_16)
                  0.03    0.09   25.14 ^ clkbuf_0_clk/X (sky130_fd_sc_hd__clkbuf_16)
     2    0.02                           clknet_0_clk (net)
                  0.03    0.00   25.14 ^ clkbuf_1_1__f_clk/A (sky130_fd_sc_hd__clkbuf_16)
                  0.04    0.08   25.22 ^ clkbuf_1_1__f_clk/X (sky130_fd_sc_hd__clkbuf_16)
     6    0.03                           clknet_1_1__leaf_clk (net)
                  0.04    0.00   25.22 ^ _439_/CLK (sky130_fd_sc_hd__dfrtp_1)
                         -0.25   24.97   clock uncertainty
                          0.00   24.97   clock reconvergence pessimism
                          0.13   25.10   library recovery time
                                 25.10   data required time
-----------------------------------------------------------------------------
                                 25.10   data required time
                                 -5.32   data arrival time
-----------------------------------------------------------------------------
                                 19.78   slack (MET)


Startpoint: rst_n (input port clocked by clk)
Endpoint: _448_ (recovery check against rising-edge clock clk)
Path Group: asynchronous
Path Type: max
Corner: Fastest

Fanout     Cap    Slew   Delay    Time   Description
-----------------------------------------------------------------------------
                          0.00    0.00   clock clk (rise edge)
                          0.00    0.00   clock network delay (propagated)
                          5.00    5.00 ^ input external delay
                  0.01    0.01    5.01 ^ rst_n (in)
     1    0.00                           rst_n (net)
                  0.01    0.00    5.01 ^ input9/A (sky130_fd_sc_hd__buf_2)
                  0.11    0.13    5.13 ^ input9/X (sky130_fd_sc_hd__buf_2)
     5    0.03                           net9 (net)
                  0.11    0.00    5.14 ^ _448_/RESET_B (sky130_fd_sc_hd__dfrtp_2)
                                  5.14   data arrival time

                         25.00   25.00   clock clk (rise edge)
                          0.00   25.00   clock source latency
                  0.07    0.05   25.05 ^ clk (in)
     1    0.02                           clk (net)
                  0.07    0.00   25.05 ^ clkbuf_0_clk/A (sky130_fd_sc_hd__clkbuf_16)
                  0.03    0.09   25.14 ^ clkbuf_0_clk/X (sky130_fd_sc_hd__clkbuf_16)
     2    0.02                           clknet_0_clk (net)
                  0.03    0.00   25.14 ^ clkbuf_1_1__f_clk/A (sky130_fd_sc_hd__clkbuf_16)
                  0.04    0.08   25.22 ^ clkbuf_1_1__f_clk/X (sky130_fd_sc_hd__clkbuf_16)
     6    0.03                           clknet_1_1__leaf_clk (net)
                  0.04    0.00   25.22 ^ _448_/CLK (sky130_fd_sc_hd__dfrtp_2)
                         -0.25   24.97   clock uncertainty
                          0.00   24.97   clock reconvergence pessimism
                          0.11   25.08   library recovery time
                                 25.08   data required time
-----------------------------------------------------------------------------
                                 25.08   data required time
                                 -5.14   data arrival time
-----------------------------------------------------------------------------
                                 19.95   slack (MET)


Startpoint: rst_n (input port clocked by clk)
Endpoint: _445_ (recovery check against rising-edge clock clk)
Path Group: asynchronous
Path Type: max
Corner: Fastest

Fanout     Cap    Slew   Delay    Time   Description
-----------------------------------------------------------------------------
                          0.00    0.00   clock clk (rise edge)
                          0.00    0.00   clock network delay (propagated)
                          5.00    5.00 ^ input external delay
                  0.01    0.01    5.01 ^ rst_n (in)
     1    0.00                           rst_n (net)
                  0.01    0.00    5.01 ^ input9/A (sky130_fd_sc_hd__buf_2)
                  0.11    0.13    5.13 ^ input9/X (sky130_fd_sc_hd__buf_2)
     5    0.03                           net9 (net)
                  0.11    0.00    5.14 ^ _445_/RESET_B (sky130_fd_sc_hd__dfrtp_1)
                                  5.14   data arrival time

                         25.00   25.00   clock clk (rise edge)
                          0.00   25.00   clock source latency
                  0.07    0.05   25.05 ^ clk (in)
     1    0.02                           clk (net)
                  0.07    0.00   25.05 ^ clkbuf_0_clk/A (sky130_fd_sc_hd__clkbuf_16)
                  0.03    0.09   25.14 ^ clkbuf_0_clk/X (sky130_fd_sc_hd__clkbuf_16)
     2    0.02                           clknet_0_clk (net)
                  0.03    0.00   25.14 ^ clkbuf_1_1__f_clk/A (sky130_fd_sc_hd__clkbuf_16)
                  0.04    0.08   25.22 ^ clkbuf_1_1__f_clk/X (sky130_fd_sc_hd__clkbuf_16)
     6    0.03                           clknet_1_1__leaf_clk (net)
                  0.04    0.00   25.22 ^ _445_/CLK (sky130_fd_sc_hd__dfrtp_1)
                         -0.25   24.97   clock uncertainty
                          0.00   24.97   clock reconvergence pessimism
                          0.13   25.10   library recovery time
                                 25.10   data required time
-----------------------------------------------------------------------------
                                 25.10   data required time
                                 -5.14   data arrival time
-----------------------------------------------------------------------------
                                 19.96   slack (MET)


Startpoint: rst_n (input port clocked by clk)
Endpoint: _446_ (recovery check against rising-edge clock clk)
Path Group: asynchronous
Path Type: max
Corner: Fastest

Fanout     Cap    Slew   Delay    Time   Description
-----------------------------------------------------------------------------
                          0.00    0.00   clock clk (rise edge)
                          0.00    0.00   clock network delay (propagated)
                          5.00    5.00 ^ input external delay
                  0.01    0.01    5.01 ^ rst_n (in)
     1    0.00                           rst_n (net)
                  0.01    0.00    5.01 ^ input9/A (sky130_fd_sc_hd__buf_2)
                  0.11    0.13    5.13 ^ input9/X (sky130_fd_sc_hd__buf_2)
     5    0.03                           net9 (net)
                  0.11    0.00    5.14 ^ _446_/RESET_B (sky130_fd_sc_hd__dfrtp_1)
                                  5.14   data arrival time

                         25.00   25.00   clock clk (rise edge)
                          0.00   25.00   clock source latency
                  0.07    0.05   25.05 ^ clk (in)
     1    0.02                           clk (net)
                  0.07    0.00   25.05 ^ clkbuf_0_clk/A (sky130_fd_sc_hd__clkbuf_16)
                  0.03    0.09   25.14 ^ clkbuf_0_clk/X (sky130_fd_sc_hd__clkbuf_16)
     2    0.02                           clknet_0_clk (net)
                  0.03    0.00   25.14 ^ clkbuf_1_1__f_clk/A (sky130_fd_sc_hd__clkbuf_16)
                  0.04    0.08   25.22 ^ clkbuf_1_1__f_clk/X (sky130_fd_sc_hd__clkbuf_16)
     6    0.03                           clknet_1_1__leaf_clk (net)
                  0.04    0.00   25.22 ^ _446_/CLK (sky130_fd_sc_hd__dfrtp_1)
                         -0.25   24.97   clock uncertainty
                          0.00   24.97   clock reconvergence pessimism
                          0.13   25.10   library recovery time
                                 25.10   data required time
-----------------------------------------------------------------------------
                                 25.10   data required time
                                 -5.14   data arrival time
-----------------------------------------------------------------------------
                                 19.96   slack (MET)


Startpoint: rst_n (input port clocked by clk)
Endpoint: _447_ (recovery check against rising-edge clock clk)
Path Group: asynchronous
Path Type: max
Corner: Fastest

Fanout     Cap    Slew   Delay    Time   Description
-----------------------------------------------------------------------------
                          0.00    0.00   clock clk (rise edge)
                          0.00    0.00   clock network delay (propagated)
                          5.00    5.00 ^ input external delay
                  0.01    0.01    5.01 ^ rst_n (in)
     1    0.00                           rst_n (net)
                  0.01    0.00    5.01 ^ input9/A (sky130_fd_sc_hd__buf_2)
                  0.11    0.13    5.13 ^ input9/X (sky130_fd_sc_hd__buf_2)
     5    0.03                           net9 (net)
                  0.11    0.00    5.14 ^ _447_/RESET_B (sky130_fd_sc_hd__dfrtp_1)
                                  5.14   data arrival time

                         25.00   25.00   clock clk (rise edge)
                          0.00   25.00   clock source latency
                  0.07    0.05   25.05 ^ clk (in)
     1    0.02                           clk (net)
                  0.07    0.00   25.05 ^ clkbuf_0_clk/A (sky130_fd_sc_hd__clkbuf_16)
                  0.03    0.09   25.14 ^ clkbuf_0_clk/X (sky130_fd_sc_hd__clkbuf_16)
     2    0.02                           clknet_0_clk (net)
                  0.03    0.00   25.14 ^ clkbuf_1_1__f_clk/A (sky130_fd_sc_hd__clkbuf_16)
                  0.04    0.08   25.22 ^ clkbuf_1_1__f_clk/X (sky130_fd_sc_hd__clkbuf_16)
     6    0.03                           clknet_1_1__leaf_clk (net)
                  0.04    0.00   25.22 ^ _447_/CLK (sky130_fd_sc_hd__dfrtp_1)
                         -0.25   24.97   clock uncertainty
                          0.00   24.97   clock reconvergence pessimism
                          0.13   25.10   library recovery time
                                 25.10   data required time
-----------------------------------------------------------------------------
                                 25.10   data required time
                                 -5.14   data arrival time
-----------------------------------------------------------------------------
                                 19.96   slack (MET)



======================= Slowest Corner ===================================

Startpoint: scale[2] (input port clocked by clk)
Endpoint: _442_ (rising edge-triggered flip-flop clocked by clk)
Path Group: clk
Path Type: max
Corner: Slowest

Fanout     Cap    Slew   Delay    Time   Description
-----------------------------------------------------------------------------
                          0.00    0.00   clock clk (rise edge)
                          0.00    0.00   clock network delay (propagated)
                          5.00    5.00 ^ input external delay
                  0.03    0.02    5.02 ^ scale[2] (in)
     1    0.00                           scale[2] (net)
                  0.03    0.00    5.02 ^ input12/A (sky130_fd_sc_hd__buf_2)
                  0.30    0.36    5.38 ^ input12/X (sky130_fd_sc_hd__buf_2)
     7    0.04                           net12 (net)
                  0.30    0.00    5.38 ^ _258_/A (sky130_fd_sc_hd__buf_2)
                  0.29    0.48    5.86 ^ _258_/X (sky130_fd_sc_hd__buf_2)
    10    0.04                           _206_ (net)
                  0.29    0.00    5.86 ^ _288_/B (sky130_fd_sc_hd__nand4_1)
                  0.34    0.42    6.28 v _288_/Y (sky130_fd_sc_hd__nand4_1)
     3    0.01                           _030_ (net)
                  0.34    0.00    6.28 v _301_/A1 (sky130_fd_sc_hd__a21o_1)
                  0.08    0.44    6.72 v _301_/X (sky130_fd_sc_hd__a21o_1)
     2    0.01                           _043_ (net)
                  0.08    0.00    6.72 v _306_/A2 (sky130_fd_sc_hd__a21o_1)
                  0.11    0.40    7.12 v _306_/X (sky130_fd_sc_hd__a21o_1)
     3    0.01                           _048_ (net)
                  0.11    0.00    7.12 v _324_/A2 (sky130_fd_sc_hd__a21o_1)
                  0.08    0.37    7.49 v _324_/X (sky130_fd_sc_hd__a21o_1)
     2    0.00                           _066_ (net)
                  0.08    0.00    7.49 v _325_/C (sky130_fd_sc_hd__and3_2)
                  0.14    0.55    8.04 v _325_/X (sky130_fd_sc_hd__and3_2)
     4    0.02                           _067_ (net)
                  0.14    0.00    8.04 v _340_/A (sky130_fd_sc_hd__nor3b_1)
                  0.51    0.56    8.60 ^ _340_/Y (sky130_fd_sc_hd__nor3b_1)
     3    0.01                           _082_ (net)
                  0.51    0.00    8.60 ^ _342_/A (sky130_fd_sc_hd__nor2_1)
                  0.16    0.32    8.92 v _342_/Y (sky130_fd_sc_hd__nor2_1)
     3    0.01                           _084_ (net)
                  0.16    0.00    8.92 v _368_/A (sky130_fd_sc_hd__and4_1)
                  0.09    0.39    9.31 v _368_/X (sky130_fd_sc_hd__and4_1)
     2    0.01                           _110_ (net)
                  0.09    0.00    9.31 v _377_/A1 (sky130_fd_sc_hd__a21o_1)
                  0.10    0.35    9.66 v _377_/X (sky130_fd_sc_hd__a21o_1)
     2    0.01                           _119_ (net)
                  0.10    0.00    9.66 v _392_/B (sky130_fd_sc_hd__xnor2_1)
                  0.11    0.24    9.90 v _392_/Y (sky130_fd_sc_hd__xnor2_1)
     2    0.00                           _134_ (net)
                  0.11    0.00    9.90 v _408_/A (sky130_fd_sc_hd__or4b_1)
                  0.19    1.28   11.18 v _408_/X (sky130_fd_sc_hd__or4b_1)
     1    0.00                           _150_ (net)
                  0.19    0.00   11.18 v _409_/A3 (sky130_fd_sc_hd__o31a_1)
                  0.14    0.59   11.76 v _409_/X (sky130_fd_sc_hd__o31a_1)
     3    0.01                           _151_ (net)
                  0.14    0.00   11.76 v _418_/B1 (sky130_fd_sc_hd__a31o_1)
                  0.08    0.39   12.15 v _418_/X (sky130_fd_sc_hd__a31o_1)
     1    0.00                           _158_ (net)
                  0.08    0.00   12.15 v _419_/B2 (sky130_fd_sc_hd__a22o_1)
                  0.07    0.37   12.52 v _419_/X (sky130_fd_sc_hd__a22o_1)
     1    0.00                           _003_ (net)
                  0.07    0.00   12.52 v _442_/D (sky130_fd_sc_hd__dfrtp_1)
                                 12.52   data arrival time

                         25.00   25.00   clock clk (rise edge)
                          0.00   25.00   clock source latency
                  0.14    0.09   25.09 ^ clk (in)
     1    0.02                           clk (net)
                  0.14    0.00   25.09 ^ clkbuf_0_clk/A (sky130_fd_sc_hd__clkbuf_16)
                  0.07    0.24   25.34 ^ clkbuf_0_clk/X (sky130_fd_sc_hd__clkbuf_16)
     2    0.02                           clknet_0_clk (net)
                  0.07    0.00   25.34 ^ clkbuf_1_0__f_clk/A (sky130_fd_sc_hd__clkbuf_16)
                  0.07    0.21   25.55 ^ clkbuf_1_0__f_clk/X (sky130_fd_sc_hd__clkbuf_16)
     8    0.02                           clknet_1_0__leaf_clk (net)
                  0.07    0.00   25.55 ^ _442_/CLK (sky130_fd_sc_hd__dfrtp_1)
                         -0.25   25.30   clock uncertainty
                          0.00   25.30   clock reconvergence pessimism
                         -0.28   25.02   library setup time
                                 25.02   data required time
-----------------------------------------------------------------------------
                                 25.02   data required time
                                -12.52   data arrival time
-----------------------------------------------------------------------------
                                 12.50   slack (MET)


Startpoint: scale[2] (input port clocked by clk)
Endpoint: _440_ (rising edge-triggered flip-flop clocked by clk)
Path Group: clk
Path Type: max
Corner: Slowest

Fanout     Cap    Slew   Delay    Time   Description
-----------------------------------------------------------------------------
                          0.00    0.00   clock clk (rise edge)
                          0.00    0.00   clock network delay (propagated)
                          5.00    5.00 ^ input external delay
                  0.03    0.02    5.02 ^ scale[2] (in)
     1    0.00                           scale[2] (net)
                  0.03    0.00    5.02 ^ input12/A (sky130_fd_sc_hd__buf_2)
                  0.30    0.36    5.38 ^ input12/X (sky130_fd_sc_hd__buf_2)
     7    0.04                           net12 (net)
                  0.30    0.00    5.38 ^ _258_/A (sky130_fd_sc_hd__buf_2)
                  0.29    0.48    5.86 ^ _258_/X (sky130_fd_sc_hd__buf_2)
    10    0.04                           _206_ (net)
                  0.29    0.00    5.86 ^ _288_/B (sky130_fd_sc_hd__nand4_1)
                  0.34    0.42    6.28 v _288_/Y (sky130_fd_sc_hd__nand4_1)
     3    0.01                           _030_ (net)
                  0.34    0.00    6.28 v _301_/A1 (sky130_fd_sc_hd__a21o_1)
                  0.08    0.44    6.72 v _301_/X (sky130_fd_sc_hd__a21o_1)
     2    0.01                           _043_ (net)
                  0.08    0.00    6.72 v _306_/A2 (sky130_fd_sc_hd__a21o_1)
                  0.11    0.40    7.12 v _306_/X (sky130_fd_sc_hd__a21o_1)
     3    0.01                           _048_ (net)
                  0.11    0.00    7.12 v _324_/A2 (sky130_fd_sc_hd__a21o_1)
                  0.08    0.37    7.49 v _324_/X (sky130_fd_sc_hd__a21o_1)
     2    0.00                           _066_ (net)
                  0.08    0.00    7.49 v _325_/C (sky130_fd_sc_hd__and3_2)
                  0.14    0.55    8.04 v _325_/X (sky130_fd_sc_hd__and3_2)
     4    0.02                           _067_ (net)
                  0.14    0.00    8.04 v _340_/A (sky130_fd_sc_hd__nor3b_1)
                  0.51    0.56    8.60 ^ _340_/Y (sky130_fd_sc_hd__nor3b_1)
     3    0.01                           _082_ (net)
                  0.51    0.00    8.60 ^ _342_/A (sky130_fd_sc_hd__nor2_1)
                  0.16    0.32    8.92 v _342_/Y (sky130_fd_sc_hd__nor2_1)
     3    0.01                           _084_ (net)
                  0.16    0.00    8.92 v _368_/A (sky130_fd_sc_hd__and4_1)
                  0.09    0.39    9.31 v _368_/X (sky130_fd_sc_hd__and4_1)
     2    0.01                           _110_ (net)
                  0.09    0.00    9.31 v _377_/A1 (sky130_fd_sc_hd__a21o_1)
                  0.10    0.35    9.66 v _377_/X (sky130_fd_sc_hd__a21o_1)
     2    0.01                           _119_ (net)
                  0.10    0.00    9.66 v _392_/B (sky130_fd_sc_hd__xnor2_1)
                  0.11    0.24    9.90 v _392_/Y (sky130_fd_sc_hd__xnor2_1)
     2    0.00                           _134_ (net)
                  0.11    0.00    9.90 v _408_/A (sky130_fd_sc_hd__or4b_1)
                  0.19    1.28   11.18 v _408_/X (sky130_fd_sc_hd__or4b_1)
     1    0.00                           _150_ (net)
                  0.19    0.00   11.18 v _409_/A3 (sky130_fd_sc_hd__o31a_1)
                  0.14    0.59   11.76 v _409_/X (sky130_fd_sc_hd__o31a_1)
     3    0.01                           _151_ (net)
                  0.14    0.00   11.76 v _410_/B1 (sky130_fd_sc_hd__a31o_1)
                  0.07    0.38   12.14 v _410_/X (sky130_fd_sc_hd__a31o_1)
     1    0.00                           _152_ (net)
                  0.07    0.00   12.14 v _411_/B2 (sky130_fd_sc_hd__a22o_1)
                  0.07    0.37   12.52 v _411_/X (sky130_fd_sc_hd__a22o_1)
     1    0.00                           _001_ (net)
                  0.07    0.00   12.52 v _440_/D (sky130_fd_sc_hd__dfrtp_1)
                                 12.52   data arrival time

                         25.00   25.00   clock clk (rise edge)
                          0.00   25.00   clock source latency
                  0.14    0.09   25.09 ^ clk (in)
     1    0.02                           clk (net)
                  0.14    0.00   25.09 ^ clkbuf_0_clk/A (sky130_fd_sc_hd__clkbuf_16)
                  0.07    0.24   25.34 ^ clkbuf_0_clk/X (sky130_fd_sc_hd__clkbuf_16)
     2    0.02                           clknet_0_clk (net)
                  0.07    0.00   25.34 ^ clkbuf_1_0__f_clk/A (sky130_fd_sc_hd__clkbuf_16)
                  0.07    0.21   25.55 ^ clkbuf_1_0__f_clk/X (sky130_fd_sc_hd__clkbuf_16)
     8    0.02                           clknet_1_0__leaf_clk (net)
                  0.07    0.00   25.55 ^ _440_/CLK (sky130_fd_sc_hd__dfrtp_1)
                         -0.25   25.30   clock uncertainty
                          0.00   25.30   clock reconvergence pessimism
                         -0.28   25.02   library setup time
                                 25.02   data required time
-----------------------------------------------------------------------------
                                 25.02   data required time
                                -12.52   data arrival time
-----------------------------------------------------------------------------
                                 12.50   slack (MET)


Startpoint: scale[2] (input port clocked by clk)
Endpoint: _441_ (rising edge-triggered flip-flop clocked by clk)
Path Group: clk
Path Type: max
Corner: Slowest

Fanout     Cap    Slew   Delay    Time   Description
-----------------------------------------------------------------------------
                          0.00    0.00   clock clk (rise edge)
                          0.00    0.00   clock network delay (propagated)
                          5.00    5.00 ^ input external delay
                  0.03    0.02    5.02 ^ scale[2] (in)
     1    0.00                           scale[2] (net)
                  0.03    0.00    5.02 ^ input12/A (sky130_fd_sc_hd__buf_2)
                  0.30    0.36    5.38 ^ input12/X (sky130_fd_sc_hd__buf_2)
     7    0.04                           net12 (net)
                  0.30    0.00    5.38 ^ _258_/A (sky130_fd_sc_hd__buf_2)
                  0.29    0.48    5.86 ^ _258_/X (sky130_fd_sc_hd__buf_2)
    10    0.04                           _206_ (net)
                  0.29    0.00    5.86 ^ _288_/B (sky130_fd_sc_hd__nand4_1)
                  0.34    0.42    6.28 v _288_/Y (sky130_fd_sc_hd__nand4_1)
     3    0.01                           _030_ (net)
                  0.34    0.00    6.28 v _301_/A1 (sky130_fd_sc_hd__a21o_1)
                  0.08    0.44    6.72 v _301_/X (sky130_fd_sc_hd__a21o_1)
     2    0.01                           _043_ (net)
                  0.08    0.00    6.72 v _306_/A2 (sky130_fd_sc_hd__a21o_1)
                  0.11    0.40    7.12 v _306_/X (sky130_fd_sc_hd__a21o_1)
     3    0.01                           _048_ (net)
                  0.11    0.00    7.12 v _324_/A2 (sky130_fd_sc_hd__a21o_1)
                  0.08    0.37    7.49 v _324_/X (sky130_fd_sc_hd__a21o_1)
     2    0.00                           _066_ (net)
                  0.08    0.00    7.49 v _325_/C (sky130_fd_sc_hd__and3_2)
                  0.14    0.55    8.04 v _325_/X (sky130_fd_sc_hd__and3_2)
     4    0.02                           _067_ (net)
                  0.14    0.00    8.04 v _340_/A (sky130_fd_sc_hd__nor3b_1)
                  0.51    0.56    8.60 ^ _340_/Y (sky130_fd_sc_hd__nor3b_1)
     3    0.01                           _082_ (net)
                  0.51    0.00    8.60 ^ _342_/A (sky130_fd_sc_hd__nor2_1)
                  0.16    0.32    8.92 v _342_/Y (sky130_fd_sc_hd__nor2_1)
     3    0.01                           _084_ (net)
                  0.16    0.00    8.92 v _368_/A (sky130_fd_sc_hd__and4_1)
                  0.09    0.39    9.31 v _368_/X (sky130_fd_sc_hd__and4_1)
     2    0.01                           _110_ (net)
                  0.09    0.00    9.31 v _377_/A1 (sky130_fd_sc_hd__a21o_1)
                  0.10    0.35    9.66 v _377_/X (sky130_fd_sc_hd__a21o_1)
     2    0.01                           _119_ (net)
                  0.10    0.00    9.66 v _392_/B (sky130_fd_sc_hd__xnor2_1)
                  0.11    0.24    9.90 v _392_/Y (sky130_fd_sc_hd__xnor2_1)
     2    0.00                           _134_ (net)
                  0.11    0.00    9.90 v _408_/A (sky130_fd_sc_hd__or4b_1)
                  0.19    1.28   11.18 v _408_/X (sky130_fd_sc_hd__or4b_1)
     1    0.00                           _150_ (net)
                  0.19    0.00   11.18 v _409_/A3 (sky130_fd_sc_hd__o31a_1)
                  0.14    0.59   11.76 v _409_/X (sky130_fd_sc_hd__o31a_1)
     3    0.01                           _151_ (net)
                  0.14    0.00   11.76 v _414_/B1 (sky130_fd_sc_hd__a31o_1)
                  0.06    0.37   12.13 v _414_/X (sky130_fd_sc_hd__a31o_1)
     1    0.00                           _155_ (net)
                  0.06    0.00   12.13 v _415_/B2 (sky130_fd_sc_hd__a22o_1)
                  0.07    0.36   12.49 v _415_/X (sky130_fd_sc_hd__a22o_1)
     1    0.00                           _002_ (net)
                  0.07    0.00   12.49 v _441_/D (sky130_fd_sc_hd__dfrtp_2)
                                 12.49   data arrival time

                         25.00   25.00   clock clk (rise edge)
                          0.00   25.00   clock source latency
                  0.14    0.09   25.09 ^ clk (in)
     1    0.02                           clk (net)
                  0.14    0.00   25.09 ^ clkbuf_0_clk/A (sky130_fd_sc_hd__clkbuf_16)
                  0.07    0.24   25.34 ^ clkbuf_0_clk/X (sky130_fd_sc_hd__clkbuf_16)
     2    0.02                           clknet_0_clk (net)
                  0.07    0.00   25.34 ^ clkbuf_1_0__f_clk/A (sky130_fd_sc_hd__clkbuf_16)
                  0.07    0.21   25.55 ^ clkbuf_1_0__f_clk/X (sky130_fd_sc_hd__clkbuf_16)
     8    0.02                           clknet_1_0__leaf_clk (net)
                  0.07    0.00   25.55 ^ _441_/CLK (sky130_fd_sc_hd__dfrtp_2)
                         -0.25   25.30   clock uncertainty
                          0.00   25.30   clock reconvergence pessimism
                         -0.28   25.02   library setup time
                                 25.02   data required time
-----------------------------------------------------------------------------
                                 25.02   data required time
                                -12.49   data arrival time
-----------------------------------------------------------------------------
                                 12.53   slack (MET)


Startpoint: data_in[2] (input port clocked by clk)
Endpoint: _443_ (rising edge-triggered flip-flop clocked by clk)
Path Group: clk
Path Type: max
Corner: Slowest

Fanout     Cap    Slew   Delay    Time   Description
-----------------------------------------------------------------------------
                          0.00    0.00   clock clk (rise edge)
                          0.00    0.00   clock network delay (propagated)
                          5.00    5.00 v input external delay
                  0.02    0.01    5.01 v data_in[2] (in)
     1    0.00                           data_in[2] (net)
                  0.02    0.00    5.01 v input3/A (sky130_fd_sc_hd__buf_1)
                  0.17    0.25    5.26 v input3/X (sky130_fd_sc_hd__buf_1)
     2    0.01                           net3 (net)
                  0.17    0.00    5.26 v _222_/A (sky130_fd_sc_hd__clkbuf_4)
                  0.15    0.40    5.65 v _222_/X (sky130_fd_sc_hd__clkbuf_4)
    10    0.04                           _171_ (net)
                  0.15    0.00    5.65 v _225_/B (sky130_fd_sc_hd__or4_1)
                  0.24    1.34    6.99 v _225_/X (sky130_fd_sc_hd__or4_1)
     3    0.01                           _174_ (net)
                  0.24    0.00    6.99 v _226_/C (sky130_fd_sc_hd__or3_1)
                  0.16    0.85    7.84 v _226_/X (sky130_fd_sc_hd__or3_1)
     2    0.00                           _175_ (net)
                  0.16    0.00    7.84 v _228_/B (sky130_fd_sc_hd__or3b_2)
                  0.22    1.22    9.06 v _228_/X (sky130_fd_sc_hd__or3b_2)
     2    0.01                           _177_ (net)
                  0.22    0.00    9.06 v _252_/A2 (sky130_fd_sc_hd__o22a_1)
                  0.14    0.51    9.57 v _252_/X (sky130_fd_sc_hd__o22a_1)
     1    0.01                           _201_ (net)
                  0.14    0.00    9.57 v _253_/B1 (sky130_fd_sc_hd__a21oi_4)
                  0.48    0.48   10.05 ^ _253_/Y (sky130_fd_sc_hd__a21oi_4)
    10    0.04                           _202_ (net)
                  0.48    0.00   10.06 ^ _420_/B (sky130_fd_sc_hd__or3_1)
                  0.06    0.34   10.39 ^ _420_/X (sky130_fd_sc_hd__or3_1)
     1    0.00                           _159_ (net)
                  0.06    0.00   10.39 ^ _421_/B1_N (sky130_fd_sc_hd__a21bo_1)
                  0.06    0.36   10.75 v _421_/X (sky130_fd_sc_hd__a21bo_1)
     1    0.00                           _004_ (net)
                  0.06    0.00   10.75 v _443_/D (sky130_fd_sc_hd__dfrtp_1)
                                 10.75   data arrival time

                         25.00   25.00   clock clk (rise edge)
                          0.00   25.00   clock source latency
                  0.14    0.09   25.09 ^ clk (in)
     1    0.02                           clk (net)
                  0.14    0.00   25.09 ^ clkbuf_0_clk/A (sky130_fd_sc_hd__clkbuf_16)
                  0.07    0.24   25.34 ^ clkbuf_0_clk/X (sky130_fd_sc_hd__clkbuf_16)
     2    0.02                           clknet_0_clk (net)
                  0.07    0.00   25.34 ^ clkbuf_1_0__f_clk/A (sky130_fd_sc_hd__clkbuf_16)
                  0.07    0.21   25.55 ^ clkbuf_1_0__f_clk/X (sky130_fd_sc_hd__clkbuf_16)
     8    0.02                           clknet_1_0__leaf_clk (net)
                  0.07    0.00   25.55 ^ _443_/CLK (sky130_fd_sc_hd__dfrtp_1)
                         -0.25   25.30   clock uncertainty
                          0.00   25.30   clock reconvergence pessimism
                         -0.27   25.03   library setup time
                                 25.03   data required time
-----------------------------------------------------------------------------
                                 25.03   data required time
                                -10.75   data arrival time
-----------------------------------------------------------------------------
                                 14.27   slack (MET)


Startpoint: data_in[2] (input port clocked by clk)
Endpoint: _438_ (rising edge-triggered flip-flop clocked by clk)
Path Group: clk
Path Type: max
Corner: Slowest

Fanout     Cap    Slew   Delay    Time   Description
-----------------------------------------------------------------------------
                          0.00    0.00   clock clk (rise edge)
                          0.00    0.00   clock network delay (propagated)
                          5.00    5.00 v input external delay
                  0.02    0.01    5.01 v data_in[2] (in)
     1    0.00                           data_in[2] (net)
                  0.02    0.00    5.01 v input3/A (sky130_fd_sc_hd__buf_1)
                  0.17    0.25    5.26 v input3/X (sky130_fd_sc_hd__buf_1)
     2    0.01                           net3 (net)
                  0.17    0.00    5.26 v _222_/A (sky130_fd_sc_hd__clkbuf_4)
                  0.15    0.40    5.65 v _222_/X (sky130_fd_sc_hd__clkbuf_4)
    10    0.04                           _171_ (net)
                  0.15    0.00    5.65 v _225_/B (sky130_fd_sc_hd__or4_1)
                  0.24    1.34    6.99 v _225_/X (sky130_fd_sc_hd__or4_1)
     3    0.01                           _174_ (net)
                  0.24    0.00    6.99 v _226_/C (sky130_fd_sc_hd__or3_1)
                  0.16    0.85    7.84 v _226_/X (sky130_fd_sc_hd__or3_1)
     2    0.00                           _175_ (net)
                  0.16    0.00    7.84 v _228_/B (sky130_fd_sc_hd__or3b_2)
                  0.22    1.22    9.06 v _228_/X (sky130_fd_sc_hd__or3b_2)
     2    0.01                           _177_ (net)
                  0.22    0.00    9.06 v _252_/A2 (sky130_fd_sc_hd__o22a_1)
                  0.14    0.51    9.57 v _252_/X (sky130_fd_sc_hd__o22a_1)
     1    0.01                           _201_ (net)
                  0.14    0.00    9.57 v _253_/B1 (sky130_fd_sc_hd__a21oi_4)
                  0.48    0.48   10.05 ^ _253_/Y (sky130_fd_sc_hd__a21oi_4)
    10    0.04                           _202_ (net)
                  0.48    0.00   10.06 ^ _254_/B (sky130_fd_sc_hd__nor2_1)
                  0.18    0.33   10.38 v _254_/Y (sky130_fd_sc_hd__nor2_1)
     4    0.01                           _203_ (net)
                  0.18    0.00   10.38 v _255_/B1_N (sky130_fd_sc_hd__o21ba_1)
                  0.08    0.50   10.88 ^ _255_/X (sky130_fd_sc_hd__o21ba_1)
     1    0.00                           _000_ (net)
                  0.08    0.00   10.88 ^ _438_/D (sky130_fd_sc_hd__dfrtp_1)
                                 10.88   data arrival time

                         25.00   25.00   clock clk (rise edge)
                          0.00   25.00   clock source latency
                  0.14    0.09   25.09 ^ clk (in)
     1    0.02                           clk (net)
                  0.14    0.00   25.09 ^ clkbuf_0_clk/A (sky130_fd_sc_hd__clkbuf_16)
                  0.07    0.24   25.34 ^ clkbuf_0_clk/X (sky130_fd_sc_hd__clkbuf_16)
     2    0.02                           clknet_0_clk (net)
                  0.07    0.00   25.34 ^ clkbuf_1_1__f_clk/A (sky130_fd_sc_hd__clkbuf_16)
                  0.07    0.22   25.55 ^ clkbuf_1_1__f_clk/X (sky130_fd_sc_hd__clkbuf_16)
     6    0.02                           clknet_1_1__leaf_clk (net)
                  0.07    0.00   25.55 ^ _438_/CLK (sky130_fd_sc_hd__dfrtp_1)
                         -0.25   25.30   clock uncertainty
                          0.00   25.30   clock reconvergence pessimism
                         -0.14   25.17   library setup time
                                 25.17   data required time
-----------------------------------------------------------------------------
                                 25.17   data required time
                                -10.88   data arrival time
-----------------------------------------------------------------------------
                                 14.29   slack (MET)


Startpoint: data_in[2] (input port clocked by clk)
Endpoint: _450_ (rising edge-triggered flip-flop clocked by clk)
Path Group: clk
Path Type: max
Corner: Slowest

Fanout     Cap    Slew   Delay    Time   Description
-----------------------------------------------------------------------------
                          0.00    0.00   clock clk (rise edge)
                          0.00    0.00   clock network delay (propagated)
                          5.00    5.00 v input external delay
                  0.02    0.01    5.01 v data_in[2] (in)
     1    0.00                           data_in[2] (net)
                  0.02    0.00    5.01 v input3/A (sky130_fd_sc_hd__buf_1)
                  0.17    0.25    5.26 v input3/X (sky130_fd_sc_hd__buf_1)
     2    0.01                           net3 (net)
                  0.17    0.00    5.26 v _222_/A (sky130_fd_sc_hd__clkbuf_4)
                  0.15    0.40    5.65 v _222_/X (sky130_fd_sc_hd__clkbuf_4)
    10    0.04                           _171_ (net)
                  0.15    0.00    5.65 v _225_/B (sky130_fd_sc_hd__or4_1)
                  0.24    1.34    6.99 v _225_/X (sky130_fd_sc_hd__or4_1)
     3    0.01                           _174_ (net)
                  0.24    0.00    6.99 v _226_/C (sky130_fd_sc_hd__or3_1)
                  0.16    0.85    7.84 v _226_/X (sky130_fd_sc_hd__or3_1)
     2    0.00                           _175_ (net)
                  0.16    0.00    7.84 v _228_/B (sky130_fd_sc_hd__or3b_2)
                  0.22    1.22    9.06 v _228_/X (sky130_fd_sc_hd__or3b_2)
     2    0.01                           _177_ (net)
                  0.22    0.00    9.06 v _252_/A2 (sky130_fd_sc_hd__o22a_1)
                  0.14    0.51    9.57 v _252_/X (sky130_fd_sc_hd__o22a_1)
     1    0.01                           _201_ (net)
                  0.14    0.00    9.57 v _253_/B1 (sky130_fd_sc_hd__a21oi_4)
                  0.48    0.48   10.05 ^ _253_/Y (sky130_fd_sc_hd__a21oi_4)
    10    0.04                           _202_ (net)
                  0.48    0.00   10.06 ^ _435_/A3 (sky130_fd_sc_hd__a31o_1)
                  0.08    0.44   10.49 ^ _435_/X (sky130_fd_sc_hd__a31o_1)
     1    0.00                           _011_ (net)
                  0.08    0.00   10.49 ^ _450_/D (sky130_fd_sc_hd__dfrtp_1)
                                 10.49   data arrival time

                         25.00   25.00   clock clk (rise edge)
                          0.00   25.00   clock source latency
                  0.14    0.09   25.09 ^ clk (in)
     1    0.02                           clk (net)
                  0.14    0.00   25.09 ^ clkbuf_0_clk/A (sky130_fd_sc_hd__clkbuf_16)
                  0.07    0.24   25.34 ^ clkbuf_0_clk/X (sky130_fd_sc_hd__clkbuf_16)
     2    0.02                           clknet_0_clk (net)
                  0.07    0.00   25.34 ^ clkbuf_1_0__f_clk/A (sky130_fd_sc_hd__clkbuf_16)
                  0.07    0.21   25.55 ^ clkbuf_1_0__f_clk/X (sky130_fd_sc_hd__clkbuf_16)
     8    0.02                           clknet_1_0__leaf_clk (net)
                  0.07    0.00   25.55 ^ _450_/CLK (sky130_fd_sc_hd__dfrtp_1)
                         -0.25   25.30   clock uncertainty
                          0.00   25.30   clock reconvergence pessimism
                         -0.14   25.16   library setup time
                                 25.16   data required time
-----------------------------------------------------------------------------
                                 25.16   data required time
                                -10.49   data arrival time
-----------------------------------------------------------------------------
                                 14.67   slack (MET)


Startpoint: data_in[2] (input port clocked by clk)
Endpoint: _449_ (rising edge-triggered flip-flop clocked by clk)
Path Group: clk
Path Type: max
Corner: Slowest

Fanout     Cap    Slew   Delay    Time   Description
-----------------------------------------------------------------------------
                          0.00    0.00   clock clk (rise edge)
                          0.00    0.00   clock network delay (propagated)
                          5.00    5.00 v input external delay
                  0.02    0.01    5.01 v data_in[2] (in)
     1    0.00                           data_in[2] (net)
                  0.02    0.00    5.01 v input3/A (sky130_fd_sc_hd__buf_1)
                  0.17    0.25    5.26 v input3/X (sky130_fd_sc_hd__buf_1)
     2    0.01                           net3 (net)
                  0.17    0.00    5.26 v _222_/A (sky130_fd_sc_hd__clkbuf_4)
                  0.15    0.40    5.65 v _222_/X (sky130_fd_sc_hd__clkbuf_4)
    10    0.04                           _171_ (net)
                  0.15    0.00    5.65 v _225_/B (sky130_fd_sc_hd__or4_1)
                  0.24    1.34    6.99 v _225_/X (sky130_fd_sc_hd__or4_1)
     3    0.01                           _174_ (net)
                  0.24    0.00    6.99 v _226_/C (sky130_fd_sc_hd__or3_1)
                  0.16    0.85    7.84 v _226_/X (sky130_fd_sc_hd__or3_1)
     2    0.00                           _175_ (net)
                  0.16    0.00    7.84 v _228_/B (sky130_fd_sc_hd__or3b_2)
                  0.22    1.22    9.06 v _228_/X (sky130_fd_sc_hd__or3b_2)
     2    0.01                           _177_ (net)
                  0.22    0.00    9.06 v _252_/A2 (sky130_fd_sc_hd__o22a_1)
                  0.14    0.51    9.57 v _252_/X (sky130_fd_sc_hd__o22a_1)
     1    0.01                           _201_ (net)
                  0.14    0.00    9.57 v _253_/B1 (sky130_fd_sc_hd__a21oi_4)
                  0.48    0.48   10.05 ^ _253_/Y (sky130_fd_sc_hd__a21oi_4)
    10    0.04                           _202_ (net)
                  0.48    0.00   10.06 ^ _433_/A3 (sky130_fd_sc_hd__a31o_1)
                  0.08    0.44   10.49 ^ _433_/X (sky130_fd_sc_hd__a31o_1)
     1    0.00                           _010_ (net)
                  0.08    0.00   10.49 ^ _449_/D (sky130_fd_sc_hd__dfrtp_1)
                                 10.49   data arrival time

                         25.00   25.00   clock clk (rise edge)
                          0.00   25.00   clock source latency
                  0.14    0.09   25.09 ^ clk (in)
     1    0.02                           clk (net)
                  0.14    0.00   25.09 ^ clkbuf_0_clk/A (sky130_fd_sc_hd__clkbuf_16)
                  0.07    0.24   25.34 ^ clkbuf_0_clk/X (sky130_fd_sc_hd__clkbuf_16)
     2    0.02                           clknet_0_clk (net)
                  0.07    0.00   25.34 ^ clkbuf_1_0__f_clk/A (sky130_fd_sc_hd__clkbuf_16)
                  0.07    0.21   25.55 ^ clkbuf_1_0__f_clk/X (sky130_fd_sc_hd__clkbuf_16)
     8    0.02                           clknet_1_0__leaf_clk (net)
                  0.07    0.00   25.55 ^ _449_/CLK (sky130_fd_sc_hd__dfrtp_1)
                         -0.25   25.30   clock uncertainty
                          0.00   25.30   clock reconvergence pessimism
                         -0.14   25.16   library setup time
                                 25.16   data required time
-----------------------------------------------------------------------------
                                 25.16   data required time
                                -10.49   data arrival time
-----------------------------------------------------------------------------
                                 14.67   slack (MET)


Startpoint: data_in[2] (input port clocked by clk)
Endpoint: _448_ (rising edge-triggered flip-flop clocked by clk)
Path Group: clk
Path Type: max
Corner: Slowest

Fanout     Cap    Slew   Delay    Time   Description
-----------------------------------------------------------------------------
                          0.00    0.00   clock clk (rise edge)
                          0.00    0.00   clock network delay (propagated)
                          5.00    5.00 v input external delay
                  0.02    0.01    5.01 v data_in[2] (in)
     1    0.00                           data_in[2] (net)
                  0.02    0.00    5.01 v input3/A (sky130_fd_sc_hd__buf_1)
                  0.17    0.25    5.26 v input3/X (sky130_fd_sc_hd__buf_1)
     2    0.01                           net3 (net)
                  0.17    0.00    5.26 v _222_/A (sky130_fd_sc_hd__clkbuf_4)
                  0.15    0.40    5.65 v _222_/X (sky130_fd_sc_hd__clkbuf_4)
    10    0.04                           _171_ (net)
                  0.15    0.00    5.65 v _225_/B (sky130_fd_sc_hd__or4_1)
                  0.24    1.34    6.99 v _225_/X (sky130_fd_sc_hd__or4_1)
     3    0.01                           _174_ (net)
                  0.24    0.00    6.99 v _226_/C (sky130_fd_sc_hd__or3_1)
                  0.16    0.85    7.84 v _226_/X (sky130_fd_sc_hd__or3_1)
     2    0.00                           _175_ (net)
                  0.16    0.00    7.84 v _228_/B (sky130_fd_sc_hd__or3b_2)
                  0.22    1.22    9.06 v _228_/X (sky130_fd_sc_hd__or3b_2)
     2    0.01                           _177_ (net)
                  0.22    0.00    9.06 v _252_/A2 (sky130_fd_sc_hd__o22a_1)
                  0.14    0.51    9.57 v _252_/X (sky130_fd_sc_hd__o22a_1)
     1    0.01                           _201_ (net)
                  0.14    0.00    9.57 v _253_/B1 (sky130_fd_sc_hd__a21oi_4)
                  0.48    0.48   10.05 ^ _253_/Y (sky130_fd_sc_hd__a21oi_4)
    10    0.04                           _202_ (net)
                  0.48    0.00   10.05 ^ _431_/A3 (sky130_fd_sc_hd__a31o_1)
                  0.08    0.44   10.49 ^ _431_/X (sky130_fd_sc_hd__a31o_1)
     1    0.00                           _009_ (net)
                  0.08    0.00   10.49 ^ _448_/D (sky130_fd_sc_hd__dfrtp_2)
                                 10.49   data arrival time

                         25.00   25.00   clock clk (rise edge)
                          0.00   25.00   clock source latency
                  0.14    0.09   25.09 ^ clk (in)
     1    0.02                           clk (net)
                  0.14    0.00   25.09 ^ clkbuf_0_clk/A (sky130_fd_sc_hd__clkbuf_16)
                  0.07    0.24   25.34 ^ clkbuf_0_clk/X (sky130_fd_sc_hd__clkbuf_16)
     2    0.02                           clknet_0_clk (net)
                  0.07    0.00   25.34 ^ clkbuf_1_1__f_clk/A (sky130_fd_sc_hd__clkbuf_16)
                  0.07    0.22   25.55 ^ clkbuf_1_1__f_clk/X (sky130_fd_sc_hd__clkbuf_16)
     6    0.02                           clknet_1_1__leaf_clk (net)
                  0.07    0.00   25.55 ^ _448_/CLK (sky130_fd_sc_hd__dfrtp_2)
                         -0.25   25.30   clock uncertainty
                          0.00   25.30   clock reconvergence pessimism
                         -0.14   25.16   library setup time
                                 25.16   data required time
-----------------------------------------------------------------------------
                                 25.16   data required time
                                -10.49   data arrival time
-----------------------------------------------------------------------------
                                 14.67   slack (MET)


Startpoint: data_in[2] (input port clocked by clk)
Endpoint: _444_ (rising edge-triggered flip-flop clocked by clk)
Path Group: clk
Path Type: max
Corner: Slowest

Fanout     Cap    Slew   Delay    Time   Description
-----------------------------------------------------------------------------
                          0.00    0.00   clock clk (rise edge)
                          0.00    0.00   clock network delay (propagated)
                          5.00    5.00 v input external delay
                  0.02    0.01    5.01 v data_in[2] (in)
     1    0.00                           data_in[2] (net)
                  0.02    0.00    5.01 v input3/A (sky130_fd_sc_hd__buf_1)
                  0.17    0.25    5.26 v input3/X (sky130_fd_sc_hd__buf_1)
     2    0.01                           net3 (net)
                  0.17    0.00    5.26 v _222_/A (sky130_fd_sc_hd__clkbuf_4)
                  0.15    0.40    5.65 v _222_/X (sky130_fd_sc_hd__clkbuf_4)
    10    0.04                           _171_ (net)
                  0.15    0.00    5.65 v _225_/B (sky130_fd_sc_hd__or4_1)
                  0.24    1.34    6.99 v _225_/X (sky130_fd_sc_hd__or4_1)
     3    0.01                           _174_ (net)
                  0.24    0.00    6.99 v _226_/C (sky130_fd_sc_hd__or3_1)
                  0.16    0.85    7.84 v _226_/X (sky130_fd_sc_hd__or3_1)
     2    0.00                           _175_ (net)
                  0.16    0.00    7.84 v _228_/B (sky130_fd_sc_hd__or3b_2)
                  0.22    1.22    9.06 v _228_/X (sky130_fd_sc_hd__or3b_2)
     2    0.01                           _177_ (net)
                  0.22    0.00    9.06 v _252_/A2 (sky130_fd_sc_hd__o22a_1)
                  0.14    0.51    9.57 v _252_/X (sky130_fd_sc_hd__o22a_1)
     1    0.01                           _201_ (net)
                  0.14    0.00    9.57 v _253_/B1 (sky130_fd_sc_hd__a21oi_4)
                  0.48    0.48   10.05 ^ _253_/Y (sky130_fd_sc_hd__a21oi_4)
    10    0.04                           _202_ (net)
                  0.48    0.00   10.05 ^ _423_/A3 (sky130_fd_sc_hd__a31o_1)
                  0.08    0.44   10.49 ^ _423_/X (sky130_fd_sc_hd__a31o_1)
     1    0.00                           _005_ (net)
                  0.08    0.00   10.49 ^ _444_/D (sky130_fd_sc_hd__dfrtp_1)
                                 10.49   data arrival time

                         25.00   25.00   clock clk (rise edge)
                          0.00   25.00   clock source latency
                  0.14    0.09   25.09 ^ clk (in)
     1    0.02                           clk (net)
                  0.14    0.00   25.09 ^ clkbuf_0_clk/A (sky130_fd_sc_hd__clkbuf_16)
                  0.07    0.24   25.34 ^ clkbuf_0_clk/X (sky130_fd_sc_hd__clkbuf_16)
     2    0.02                           clknet_0_clk (net)
                  0.07    0.00   25.34 ^ clkbuf_1_0__f_clk/A (sky130_fd_sc_hd__clkbuf_16)
                  0.07    0.21   25.55 ^ clkbuf_1_0__f_clk/X (sky130_fd_sc_hd__clkbuf_16)
     8    0.02                           clknet_1_0__leaf_clk (net)
                  0.07    0.00   25.55 ^ _444_/CLK (sky130_fd_sc_hd__dfrtp_1)
                         -0.25   25.30   clock uncertainty
                          0.00   25.30   clock reconvergence pessimism
                         -0.13   25.16   library setup time
                                 25.16   data required time
-----------------------------------------------------------------------------
                                 25.16   data required time
                                -10.49   data arrival time
-----------------------------------------------------------------------------
                                 14.67   slack (MET)


Startpoint: data_in[2] (input port clocked by clk)
Endpoint: _451_ (rising edge-triggered flip-flop clocked by clk)
Path Group: clk
Path Type: max
Corner: Slowest

Fanout     Cap    Slew   Delay    Time   Description
-----------------------------------------------------------------------------
                          0.00    0.00   clock clk (rise edge)
                          0.00    0.00   clock network delay (propagated)
                          5.00    5.00 v input external delay
                  0.02    0.01    5.01 v data_in[2] (in)
     1    0.00                           data_in[2] (net)
                  0.02    0.00    5.01 v input3/A (sky130_fd_sc_hd__buf_1)
                  0.17    0.25    5.26 v input3/X (sky130_fd_sc_hd__buf_1)
     2    0.01                           net3 (net)
                  0.17    0.00    5.26 v _222_/A (sky130_fd_sc_hd__clkbuf_4)
                  0.15    0.40    5.65 v _222_/X (sky130_fd_sc_hd__clkbuf_4)
    10    0.04                           _171_ (net)
                  0.15    0.00    5.65 v _225_/B (sky130_fd_sc_hd__or4_1)
                  0.24    1.34    6.99 v _225_/X (sky130_fd_sc_hd__or4_1)
     3    0.01                           _174_ (net)
                  0.24    0.00    6.99 v _226_/C (sky130_fd_sc_hd__or3_1)
                  0.16    0.85    7.84 v _226_/X (sky130_fd_sc_hd__or3_1)
     2    0.00                           _175_ (net)
                  0.16    0.00    7.84 v _228_/B (sky130_fd_sc_hd__or3b_2)
                  0.22    1.22    9.06 v _228_/X (sky130_fd_sc_hd__or3b_2)
     2    0.01                           _177_ (net)
                  0.22    0.00    9.06 v _252_/A2 (sky130_fd_sc_hd__o22a_1)
                  0.14    0.51    9.57 v _252_/X (sky130_fd_sc_hd__o22a_1)
     1    0.01                           _201_ (net)
                  0.14    0.00    9.57 v _253_/B1 (sky130_fd_sc_hd__a21oi_4)
                  0.48    0.48   10.05 ^ _253_/Y (sky130_fd_sc_hd__a21oi_4)
    10    0.04                           _202_ (net)
                  0.48    0.00   10.05 ^ _437_/A3 (sky130_fd_sc_hd__a31o_1)
                  0.08    0.43   10.49 ^ _437_/X (sky130_fd_sc_hd__a31o_1)
     1    0.00                           _012_ (net)
                  0.08    0.00   10.49 ^ _451_/D (sky130_fd_sc_hd__dfrtp_1)
                                 10.49   data arrival time

                         25.00   25.00   clock clk (rise edge)
                          0.00   25.00   clock source latency
                  0.14    0.09   25.09 ^ clk (in)
     1    0.02                           clk (net)
                  0.14    0.00   25.09 ^ clkbuf_0_clk/A (sky130_fd_sc_hd__clkbuf_16)
                  0.07    0.24   25.34 ^ clkbuf_0_clk/X (sky130_fd_sc_hd__clkbuf_16)
     2    0.02                           clknet_0_clk (net)
                  0.07    0.00   25.34 ^ clkbuf_1_0__f_clk/A (sky130_fd_sc_hd__clkbuf_16)
                  0.07    0.21   25.55 ^ clkbuf_1_0__f_clk/X (sky130_fd_sc_hd__clkbuf_16)
     8    0.02                           clknet_1_0__leaf_clk (net)
                  0.07    0.00   25.55 ^ _451_/CLK (sky130_fd_sc_hd__dfrtp_1)
                         -0.25   25.30   clock uncertainty
                          0.00   25.30   clock reconvergence pessimism
                         -0.13   25.16   library setup time
                                 25.16   data required time
-----------------------------------------------------------------------------
                                 25.16   data required time
                                -10.49   data arrival time
-----------------------------------------------------------------------------
                                 14.67   slack (MET)


Startpoint: data_in[2] (input port clocked by clk)
Endpoint: _445_ (rising edge-triggered flip-flop clocked by clk)
Path Group: clk
Path Type: max
Corner: Slowest

Fanout     Cap    Slew   Delay    Time   Description
-----------------------------------------------------------------------------
                          0.00    0.00   clock clk (rise edge)
                          0.00    0.00   clock network delay (propagated)
                          5.00    5.00 v input external delay
                  0.02    0.01    5.01 v data_in[2] (in)
     1    0.00                           data_in[2] (net)
                  0.02    0.00    5.01 v input3/A (sky130_fd_sc_hd__buf_1)
                  0.17    0.25    5.26 v input3/X (sky130_fd_sc_hd__buf_1)
     2    0.01                           net3 (net)
                  0.17    0.00    5.26 v _222_/A (sky130_fd_sc_hd__clkbuf_4)
                  0.15    0.40    5.65 v _222_/X (sky130_fd_sc_hd__clkbuf_4)
    10    0.04                           _171_ (net)
                  0.15    0.00    5.65 v _225_/B (sky130_fd_sc_hd__or4_1)
                  0.24    1.34    6.99 v _225_/X (sky130_fd_sc_hd__or4_1)
     3    0.01                           _174_ (net)
                  0.24    0.00    6.99 v _226_/C (sky130_fd_sc_hd__or3_1)
                  0.16    0.85    7.84 v _226_/X (sky130_fd_sc_hd__or3_1)
     2    0.00                           _175_ (net)
                  0.16    0.00    7.84 v _228_/B (sky130_fd_sc_hd__or3b_2)
                  0.22    1.22    9.06 v _228_/X (sky130_fd_sc_hd__or3b_2)
     2    0.01                           _177_ (net)
                  0.22    0.00    9.06 v _252_/A2 (sky130_fd_sc_hd__o22a_1)
                  0.14    0.51    9.57 v _252_/X (sky130_fd_sc_hd__o22a_1)
     1    0.01                           _201_ (net)
                  0.14    0.00    9.57 v _253_/B1 (sky130_fd_sc_hd__a21oi_4)
                  0.48    0.48   10.05 ^ _253_/Y (sky130_fd_sc_hd__a21oi_4)
    10    0.04                           _202_ (net)
                  0.48    0.00   10.05 ^ _425_/A3 (sky130_fd_sc_hd__a31o_1)
                  0.08    0.44   10.49 ^ _425_/X (sky130_fd_sc_hd__a31o_1)
     1    0.00                           _006_ (net)
                  0.08    0.00   10.49 ^ _445_/D (sky130_fd_sc_hd__dfrtp_1)
                                 10.49   data arrival time

                         25.00   25.00   clock clk (rise edge)
                          0.00   25.00   clock source latency
                  0.14    0.09   25.09 ^ clk (in)
     1    0.02                           clk (net)
                  0.14    0.00   25.09 ^ clkbuf_0_clk/A (sky130_fd_sc_hd__clkbuf_16)
                  0.07    0.24   25.34 ^ clkbuf_0_clk/X (sky130_fd_sc_hd__clkbuf_16)
     2    0.02                           clknet_0_clk (net)
                  0.07    0.00   25.34 ^ clkbuf_1_1__f_clk/A (sky130_fd_sc_hd__clkbuf_16)
                  0.07    0.22   25.55 ^ clkbuf_1_1__f_clk/X (sky130_fd_sc_hd__clkbuf_16)
     6    0.02                           clknet_1_1__leaf_clk (net)
                  0.07    0.00   25.55 ^ _445_/CLK (sky130_fd_sc_hd__dfrtp_1)
                         -0.25   25.30   clock uncertainty
                          0.00   25.30   clock reconvergence pessimism
                         -0.13   25.17   library setup time
                                 25.17   data required time
-----------------------------------------------------------------------------
                                 25.17   data required time
                                -10.49   data arrival time
-----------------------------------------------------------------------------
                                 14.68   slack (MET)


Startpoint: data_in[2] (input port clocked by clk)
Endpoint: _447_ (rising edge-triggered flip-flop clocked by clk)
Path Group: clk
Path Type: max
Corner: Slowest

Fanout     Cap    Slew   Delay    Time   Description
-----------------------------------------------------------------------------
                          0.00    0.00   clock clk (rise edge)
                          0.00    0.00   clock network delay (propagated)
                          5.00    5.00 v input external delay
                  0.02    0.01    5.01 v data_in[2] (in)
     1    0.00                           data_in[2] (net)
                  0.02    0.00    5.01 v input3/A (sky130_fd_sc_hd__buf_1)
                  0.17    0.25    5.26 v input3/X (sky130_fd_sc_hd__buf_1)
     2    0.01                           net3 (net)
                  0.17    0.00    5.26 v _222_/A (sky130_fd_sc_hd__clkbuf_4)
                  0.15    0.40    5.65 v _222_/X (sky130_fd_sc_hd__clkbuf_4)
    10    0.04                           _171_ (net)
                  0.15    0.00    5.65 v _225_/B (sky130_fd_sc_hd__or4_1)
                  0.24    1.34    6.99 v _225_/X (sky130_fd_sc_hd__or4_1)
     3    0.01                           _174_ (net)
                  0.24    0.00    6.99 v _226_/C (sky130_fd_sc_hd__or3_1)
                  0.16    0.85    7.84 v _226_/X (sky130_fd_sc_hd__or3_1)
     2    0.00                           _175_ (net)
                  0.16    0.00    7.84 v _228_/B (sky130_fd_sc_hd__or3b_2)
                  0.22    1.22    9.06 v _228_/X (sky130_fd_sc_hd__or3b_2)
     2    0.01                           _177_ (net)
                  0.22    0.00    9.06 v _252_/A2 (sky130_fd_sc_hd__o22a_1)
                  0.14    0.51    9.57 v _252_/X (sky130_fd_sc_hd__o22a_1)
     1    0.01                           _201_ (net)
                  0.14    0.00    9.57 v _253_/B1 (sky130_fd_sc_hd__a21oi_4)
                  0.48    0.48   10.05 ^ _253_/Y (sky130_fd_sc_hd__a21oi_4)
    10    0.04                           _202_ (net)
                  0.48    0.00   10.05 ^ _429_/A3 (sky130_fd_sc_hd__a31o_1)
                  0.08    0.43   10.49 ^ _429_/X (sky130_fd_sc_hd__a31o_1)
     1    0.00                           _008_ (net)
                  0.08    0.00   10.49 ^ _447_/D (sky130_fd_sc_hd__dfrtp_1)
                                 10.49   data arrival time

                         25.00   25.00   clock clk (rise edge)
                          0.00   25.00   clock source latency
                  0.14    0.09   25.09 ^ clk (in)
     1    0.02                           clk (net)
                  0.14    0.00   25.09 ^ clkbuf_0_clk/A (sky130_fd_sc_hd__clkbuf_16)
                  0.07    0.24   25.34 ^ clkbuf_0_clk/X (sky130_fd_sc_hd__clkbuf_16)
     2    0.02                           clknet_0_clk (net)
                  0.07    0.00   25.34 ^ clkbuf_1_1__f_clk/A (sky130_fd_sc_hd__clkbuf_16)
                  0.07    0.22   25.55 ^ clkbuf_1_1__f_clk/X (sky130_fd_sc_hd__clkbuf_16)
     6    0.02                           clknet_1_1__leaf_clk (net)
                  0.07    0.00   25.55 ^ _447_/CLK (sky130_fd_sc_hd__dfrtp_1)
                         -0.25   25.30   clock uncertainty
                          0.00   25.30   clock reconvergence pessimism
                         -0.13   25.17   library setup time
                                 25.17   data required time
-----------------------------------------------------------------------------
                                 25.17   data required time
                                -10.49   data arrival time
-----------------------------------------------------------------------------
                                 14.68   slack (MET)


Startpoint: data_in[2] (input port clocked by clk)
Endpoint: _446_ (rising edge-triggered flip-flop clocked by clk)
Path Group: clk
Path Type: max
Corner: Slowest

Fanout     Cap    Slew   Delay    Time   Description
-----------------------------------------------------------------------------
                          0.00    0.00   clock clk (rise edge)
                          0.00    0.00   clock network delay (propagated)
                          5.00    5.00 v input external delay
                  0.02    0.01    5.01 v data_in[2] (in)
     1    0.00                           data_in[2] (net)
                  0.02    0.00    5.01 v input3/A (sky130_fd_sc_hd__buf_1)
                  0.17    0.25    5.26 v input3/X (sky130_fd_sc_hd__buf_1)
     2    0.01                           net3 (net)
                  0.17    0.00    5.26 v _222_/A (sky130_fd_sc_hd__clkbuf_4)
                  0.15    0.40    5.65 v _222_/X (sky130_fd_sc_hd__clkbuf_4)
    10    0.04                           _171_ (net)
                  0.15    0.00    5.65 v _225_/B (sky130_fd_sc_hd__or4_1)
                  0.24    1.34    6.99 v _225_/X (sky130_fd_sc_hd__or4_1)
     3    0.01                           _174_ (net)
                  0.24    0.00    6.99 v _226_/C (sky130_fd_sc_hd__or3_1)
                  0.16    0.85    7.84 v _226_/X (sky130_fd_sc_hd__or3_1)
     2    0.00                           _175_ (net)
                  0.16    0.00    7.84 v _228_/B (sky130_fd_sc_hd__or3b_2)
                  0.22    1.22    9.06 v _228_/X (sky130_fd_sc_hd__or3b_2)
     2    0.01                           _177_ (net)
                  0.22    0.00    9.06 v _252_/A2 (sky130_fd_sc_hd__o22a_1)
                  0.14    0.51    9.57 v _252_/X (sky130_fd_sc_hd__o22a_1)
     1    0.01                           _201_ (net)
                  0.14    0.00    9.57 v _253_/B1 (sky130_fd_sc_hd__a21oi_4)
                  0.48    0.48   10.05 ^ _253_/Y (sky130_fd_sc_hd__a21oi_4)
    10    0.04                           _202_ (net)
                  0.48    0.00   10.05 ^ _427_/A3 (sky130_fd_sc_hd__a31o_1)
                  0.08    0.43   10.49 ^ _427_/X (sky130_fd_sc_hd__a31o_1)
     1    0.00                           _007_ (net)
                  0.08    0.00   10.49 ^ _446_/D (sky130_fd_sc_hd__dfrtp_1)
                                 10.49   data arrival time

                         25.00   25.00   clock clk (rise edge)
                          0.00   25.00   clock source latency
                  0.14    0.09   25.09 ^ clk (in)
     1    0.02                           clk (net)
                  0.14    0.00   25.09 ^ clkbuf_0_clk/A (sky130_fd_sc_hd__clkbuf_16)
                  0.07    0.24   25.34 ^ clkbuf_0_clk/X (sky130_fd_sc_hd__clkbuf_16)
     2    0.02                           clknet_0_clk (net)
                  0.07    0.00   25.34 ^ clkbuf_1_1__f_clk/A (sky130_fd_sc_hd__clkbuf_16)
                  0.07    0.22   25.55 ^ clkbuf_1_1__f_clk/X (sky130_fd_sc_hd__clkbuf_16)
     6    0.02                           clknet_1_1__leaf_clk (net)
                  0.07    0.00   25.55 ^ _446_/CLK (sky130_fd_sc_hd__dfrtp_1)
                         -0.25   25.30   clock uncertainty
                          0.00   25.30   clock reconvergence pessimism
                         -0.13   25.17   library setup time
                                 25.17   data required time
-----------------------------------------------------------------------------
                                 25.17   data required time
                                -10.49   data arrival time
-----------------------------------------------------------------------------
                                 14.68   slack (MET)


Startpoint: _441_ (rising edge-triggered flip-flop clocked by clk)
Endpoint: int4_out[1] (output port clocked by clk)
Path Group: clk
Path Type: max
Corner: Slowest

Fanout     Cap    Slew   Delay    Time   Description
-----------------------------------------------------------------------------
                          0.00    0.00   clock clk (rise edge)
                          0.00    0.00   clock source latency
                  0.14    0.10    0.10 ^ clk (in)
     1    0.02                           clk (net)
                  0.14    0.00    0.10 ^ clkbuf_0_clk/A (sky130_fd_sc_hd__clkbuf_16)
                  0.07    0.27    0.37 ^ clkbuf_0_clk/X (sky130_fd_sc_hd__clkbuf_16)
     2    0.02                           clknet_0_clk (net)
                  0.07    0.00    0.37 ^ clkbuf_1_0__f_clk/A (sky130_fd_sc_hd__clkbuf_16)
                  0.07    0.23    0.60 ^ clkbuf_1_0__f_clk/X (sky130_fd_sc_hd__clkbuf_16)
     8    0.02                           clknet_1_0__leaf_clk (net)
                  0.07    0.00    0.60 ^ _441_/CLK (sky130_fd_sc_hd__dfrtp_2)
                  0.16    0.96    1.56 v _441_/Q (sky130_fd_sc_hd__dfrtp_2)
     2    0.02                           net24 (net)
                  0.16    0.00    1.56 v output24/A (sky130_fd_sc_hd__buf_2)
                  0.16    0.41    1.97 v output24/X (sky130_fd_sc_hd__buf_2)
     1    0.03                           int4_out[1] (net)
                  0.16    0.00    1.97 v int4_out[1] (out)
                                  1.97   data arrival time

                         25.00   25.00   clock clk (rise edge)
                          0.00   25.00   clock network delay (propagated)
                         -0.25   24.75   clock uncertainty
                          0.00   24.75   clock reconvergence pessimism
                         -5.00   19.75   output external delay
                                 19.75   data required time
-----------------------------------------------------------------------------
                                 19.75   data required time
                                 -1.97   data arrival time
-----------------------------------------------------------------------------
                                 17.78   slack (MET)


Startpoint: _448_ (rising edge-triggered flip-flop clocked by clk)
Endpoint: sideband_out[4] (output port clocked by clk)
Path Group: clk
Path Type: max
Corner: Slowest

Fanout     Cap    Slew   Delay    Time   Description
-----------------------------------------------------------------------------
                          0.00    0.00   clock clk (rise edge)
                          0.00    0.00   clock source latency
                  0.14    0.10    0.10 ^ clk (in)
     1    0.02                           clk (net)
                  0.14    0.00    0.10 ^ clkbuf_0_clk/A (sky130_fd_sc_hd__clkbuf_16)
                  0.07    0.27    0.37 ^ clkbuf_0_clk/X (sky130_fd_sc_hd__clkbuf_16)
     2    0.02                           clknet_0_clk (net)
                  0.07    0.00    0.37 ^ clkbuf_1_1__f_clk/A (sky130_fd_sc_hd__clkbuf_16)
                  0.07    0.24    0.61 ^ clkbuf_1_1__f_clk/X (sky130_fd_sc_hd__clkbuf_16)
     6    0.02                           clknet_1_1__leaf_clk (net)
                  0.07    0.00    0.61 ^ _448_/CLK (sky130_fd_sc_hd__dfrtp_2)
                  0.15    0.95    1.56 v _448_/Q (sky130_fd_sc_hd__dfrtp_2)
     2    0.02                           net32 (net)
                  0.15    0.00    1.56 v output32/A (sky130_fd_sc_hd__clkbuf_4)
                  0.14    0.38    1.95 v output32/X (sky130_fd_sc_hd__clkbuf_4)
     1    0.03                           sideband_out[4] (net)
                  0.14    0.00    1.95 v sideband_out[4] (out)
                                  1.95   data arrival time

                         25.00   25.00   clock clk (rise edge)
                          0.00   25.00   clock network delay (propagated)
                         -0.25   24.75   clock uncertainty
                          0.00   24.75   clock reconvergence pessimism
                         -5.00   19.75   output external delay
                                 19.75   data required time
-----------------------------------------------------------------------------
                                 19.75   data required time
                                 -1.95   data arrival time
-----------------------------------------------------------------------------
                                 17.80   slack (MET)


Startpoint: _447_ (rising edge-triggered flip-flop clocked by clk)
Endpoint: sideband_out[3] (output port clocked by clk)
Path Group: clk
Path Type: max
Corner: Slowest

Fanout     Cap    Slew   Delay    Time   Description
-----------------------------------------------------------------------------
                          0.00    0.00   clock clk (rise edge)
                          0.00    0.00   clock source latency
                  0.14    0.10    0.10 ^ clk (in)
     1    0.02                           clk (net)
                  0.14    0.00    0.10 ^ clkbuf_0_clk/A (sky130_fd_sc_hd__clkbuf_16)
                  0.07    0.27    0.37 ^ clkbuf_0_clk/X (sky130_fd_sc_hd__clkbuf_16)
     2    0.02                           clknet_0_clk (net)
                  0.07    0.00    0.37 ^ clkbuf_1_1__f_clk/A (sky130_fd_sc_hd__clkbuf_16)
                  0.07    0.24    0.61 ^ clkbuf_1_1__f_clk/X (sky130_fd_sc_hd__clkbuf_16)
     6    0.02                           clknet_1_1__leaf_clk (net)
                  0.07    0.00    0.61 ^ _447_/CLK (sky130_fd_sc_hd__dfrtp_1)
                  0.21    0.92    1.52 v _447_/Q (sky130_fd_sc_hd__dfrtp_1)
     2    0.02                           net31 (net)
                  0.21    0.00    1.53 v output31/A (sky130_fd_sc_hd__clkbuf_4)
                  0.14    0.41    1.94 v output31/X (sky130_fd_sc_hd__clkbuf_4)
     1    0.03                           sideband_out[3] (net)
                  0.14    0.00    1.94 v sideband_out[3] (out)
                                  1.94   data arrival time

                         25.00   25.00   clock clk (rise edge)
                          0.00   25.00   clock network delay (propagated)
                         -0.25   24.75   clock uncertainty
                          0.00   24.75   clock reconvergence pessimism
                         -5.00   19.75   output external delay
                                 19.75   data required time
-----------------------------------------------------------------------------
                                 19.75   data required time
                                 -1.94   data arrival time
-----------------------------------------------------------------------------
                                 17.81   slack (MET)


Startpoint: _445_ (rising edge-triggered flip-flop clocked by clk)
Endpoint: sideband_out[1] (output port clocked by clk)
Path Group: clk
Path Type: max
Corner: Slowest

Fanout     Cap    Slew   Delay    Time   Description
-----------------------------------------------------------------------------
                          0.00    0.00   clock clk (rise edge)
                          0.00    0.00   clock source latency
                  0.14    0.10    0.10 ^ clk (in)
     1    0.02                           clk (net)
                  0.14    0.00    0.10 ^ clkbuf_0_clk/A (sky130_fd_sc_hd__clkbuf_16)
                  0.07    0.27    0.37 ^ clkbuf_0_clk/X (sky130_fd_sc_hd__clkbuf_16)
     2    0.02                           clknet_0_clk (net)
                  0.07    0.00    0.37 ^ clkbuf_1_1__f_clk/A (sky130_fd_sc_hd__clkbuf_16)
                  0.07    0.24    0.61 ^ clkbuf_1_1__f_clk/X (sky130_fd_sc_hd__clkbuf_16)
     6    0.02                           clknet_1_1__leaf_clk (net)
                  0.07    0.00    0.61 ^ _445_/CLK (sky130_fd_sc_hd__dfrtp_1)
                  0.19    0.91    1.52 v _445_/Q (sky130_fd_sc_hd__dfrtp_1)
     2    0.02                           net29 (net)
                  0.19    0.00    1.52 v output29/A (sky130_fd_sc_hd__clkbuf_4)
                  0.14    0.40    1.92 v output29/X (sky130_fd_sc_hd__clkbuf_4)
     1    0.03                           sideband_out[1] (net)
                  0.14    0.00    1.92 v sideband_out[1] (out)
                                  1.92   data arrival time

                         25.00   25.00   clock clk (rise edge)
                          0.00   25.00   clock network delay (propagated)
                         -0.25   24.75   clock uncertainty
                          0.00   24.75   clock reconvergence pessimism
                         -5.00   19.75   output external delay
                                 19.75   data required time
-----------------------------------------------------------------------------
                                 19.75   data required time
                                 -1.92   data arrival time
-----------------------------------------------------------------------------
                                 17.83   slack (MET)


Startpoint: _449_ (rising edge-triggered flip-flop clocked by clk)
Endpoint: sideband_out[5] (output port clocked by clk)
Path Group: clk
Path Type: max
Corner: Slowest

Fanout     Cap    Slew   Delay    Time   Description
-----------------------------------------------------------------------------
                          0.00    0.00   clock clk (rise edge)
                          0.00    0.00   clock source latency
                  0.14    0.10    0.10 ^ clk (in)
     1    0.02                           clk (net)
                  0.14    0.00    0.10 ^ clkbuf_0_clk/A (sky130_fd_sc_hd__clkbuf_16)
                  0.07    0.27    0.37 ^ clkbuf_0_clk/X (sky130_fd_sc_hd__clkbuf_16)
     2    0.02                           clknet_0_clk (net)
                  0.07    0.00    0.37 ^ clkbuf_1_0__f_clk/A (sky130_fd_sc_hd__clkbuf_16)
                  0.07    0.23    0.60 ^ clkbuf_1_0__f_clk/X (sky130_fd_sc_hd__clkbuf_16)
     8    0.02                           clknet_1_0__leaf_clk (net)
                  0.07    0.00    0.60 ^ _449_/CLK (sky130_fd_sc_hd__dfrtp_1)
                  0.20    0.91    1.51 v _449_/Q (sky130_fd_sc_hd__dfrtp_1)
     2    0.02                           net33 (net)
                  0.20    0.00    1.51 v output33/A (sky130_fd_sc_hd__clkbuf_4)
                  0.14    0.40    1.92 v output33/X (sky130_fd_sc_hd__clkbuf_4)
     1    0.03                           sideband_out[5] (net)
                  0.14    0.00    1.92 v sideband_out[5] (out)
                                  1.92   data arrival time

                         25.00   25.00   clock clk (rise edge)
                          0.00   25.00   clock network delay (propagated)
                         -0.25   24.75   clock uncertainty
                          0.00   24.75   clock reconvergence pessimism
                         -5.00   19.75   output external delay
                                 19.75   data required time
-----------------------------------------------------------------------------
                                 19.75   data required time
                                 -1.92   data arrival time
-----------------------------------------------------------------------------
                                 17.83   slack (MET)


Startpoint: _446_ (rising edge-triggered flip-flop clocked by clk)
Endpoint: sideband_out[2] (output port clocked by clk)
Path Group: clk
Path Type: max
Corner: Slowest

Fanout     Cap    Slew   Delay    Time   Description
-----------------------------------------------------------------------------
                          0.00    0.00   clock clk (rise edge)
                          0.00    0.00   clock source latency
                  0.14    0.10    0.10 ^ clk (in)
     1    0.02                           clk (net)
                  0.14    0.00    0.10 ^ clkbuf_0_clk/A (sky130_fd_sc_hd__clkbuf_16)
                  0.07    0.27    0.37 ^ clkbuf_0_clk/X (sky130_fd_sc_hd__clkbuf_16)
     2    0.02                           clknet_0_clk (net)
                  0.07    0.00    0.37 ^ clkbuf_1_1__f_clk/A (sky130_fd_sc_hd__clkbuf_16)
                  0.07    0.24    0.61 ^ clkbuf_1_1__f_clk/X (sky130_fd_sc_hd__clkbuf_16)
     6    0.02                           clknet_1_1__leaf_clk (net)
                  0.07    0.00    0.61 ^ _446_/CLK (sky130_fd_sc_hd__dfrtp_1)
                  0.19    0.90    1.51 v _446_/Q (sky130_fd_sc_hd__dfrtp_1)
     2    0.02                           net30 (net)
                  0.19    0.00    1.51 v output30/A (sky130_fd_sc_hd__clkbuf_4)
                  0.14    0.40    1.91 v output30/X (sky130_fd_sc_hd__clkbuf_4)
     1    0.03                           sideband_out[2] (net)
                  0.14    0.00    1.91 v sideband_out[2] (out)
                                  1.91   data arrival time

                         25.00   25.00   clock clk (rise edge)
                          0.00   25.00   clock network delay (propagated)
                         -0.25   24.75   clock uncertainty
                          0.00   24.75   clock reconvergence pessimism
                         -5.00   19.75   output external delay
                                 19.75   data required time
-----------------------------------------------------------------------------
                                 19.75   data required time
                                 -1.91   data arrival time
-----------------------------------------------------------------------------
                                 17.84   slack (MET)


Startpoint: _439_ (rising edge-triggered flip-flop clocked by clk)
Endpoint: valid_out (output port clocked by clk)
Path Group: clk
Path Type: max
Corner: Slowest

Fanout     Cap    Slew   Delay    Time   Description
-----------------------------------------------------------------------------
                          0.00    0.00   clock clk (rise edge)
                          0.00    0.00   clock source latency
                  0.14    0.10    0.10 ^ clk (in)
     1    0.02                           clk (net)
                  0.14    0.00    0.10 ^ clkbuf_0_clk/A (sky130_fd_sc_hd__clkbuf_16)
                  0.07    0.27    0.37 ^ clkbuf_0_clk/X (sky130_fd_sc_hd__clkbuf_16)
     2    0.02                           clknet_0_clk (net)
                  0.07    0.00    0.37 ^ clkbuf_1_1__f_clk/A (sky130_fd_sc_hd__clkbuf_16)
                  0.07    0.24    0.61 ^ clkbuf_1_1__f_clk/X (sky130_fd_sc_hd__clkbuf_16)
     6    0.02                           clknet_1_1__leaf_clk (net)
                  0.07    0.00    0.61 ^ _439_/CLK (sky130_fd_sc_hd__dfrtp_1)
                  0.17    0.88    1.49 v _439_/Q (sky130_fd_sc_hd__dfrtp_1)
     1    0.01                           net36 (net)
                  0.17    0.00    1.49 v output36/A (sky130_fd_sc_hd__buf_2)
                  0.16    0.41    1.90 v output36/X (sky130_fd_sc_hd__buf_2)
     1    0.03                           valid_out (net)
                  0.16    0.00    1.90 v valid_out (out)
                                  1.90   data arrival time

                         25.00   25.00   clock clk (rise edge)
                          0.00   25.00   clock network delay (propagated)
                         -0.25   24.75   clock uncertainty
                          0.00   24.75   clock reconvergence pessimism
                         -5.00   19.75   output external delay
                                 19.75   data required time
-----------------------------------------------------------------------------
                                 19.75   data required time
                                 -1.90   data arrival time
-----------------------------------------------------------------------------
                                 17.85   slack (MET)


Startpoint: _450_ (rising edge-triggered flip-flop clocked by clk)
Endpoint: sideband_out[6] (output port clocked by clk)
Path Group: clk
Path Type: max
Corner: Slowest

Fanout     Cap    Slew   Delay    Time   Description
-----------------------------------------------------------------------------
                          0.00    0.00   clock clk (rise edge)
                          0.00    0.00   clock source latency
                  0.14    0.10    0.10 ^ clk (in)
     1    0.02                           clk (net)
                  0.14    0.00    0.10 ^ clkbuf_0_clk/A (sky130_fd_sc_hd__clkbuf_16)
                  0.07    0.27    0.37 ^ clkbuf_0_clk/X (sky130_fd_sc_hd__clkbuf_16)
     2    0.02                           clknet_0_clk (net)
                  0.07    0.00    0.37 ^ clkbuf_1_0__f_clk/A (sky130_fd_sc_hd__clkbuf_16)
                  0.07    0.23    0.60 ^ clkbuf_1_0__f_clk/X (sky130_fd_sc_hd__clkbuf_16)
     8    0.02                           clknet_1_0__leaf_clk (net)
                  0.07    0.00    0.60 ^ _450_/CLK (sky130_fd_sc_hd__dfrtp_1)
                  0.18    0.89    1.50 v _450_/Q (sky130_fd_sc_hd__dfrtp_1)
     2    0.02                           net34 (net)
                  0.18    0.00    1.50 v output34/A (sky130_fd_sc_hd__clkbuf_4)
                  0.14    0.40    1.89 v output34/X (sky130_fd_sc_hd__clkbuf_4)
     1    0.03                           sideband_out[6] (net)
                  0.14    0.00    1.89 v sideband_out[6] (out)
                                  1.89   data arrival time

                         25.00   25.00   clock clk (rise edge)
                          0.00   25.00   clock network delay (propagated)
                         -0.25   24.75   clock uncertainty
                          0.00   24.75   clock reconvergence pessimism
                         -5.00   19.75   output external delay
                                 19.75   data required time
-----------------------------------------------------------------------------
                                 19.75   data required time
                                 -1.89   data arrival time
-----------------------------------------------------------------------------
                                 17.86   slack (MET)


Startpoint: _443_ (rising edge-triggered flip-flop clocked by clk)
Endpoint: int4_out[3] (output port clocked by clk)
Path Group: clk
Path Type: max
Corner: Slowest

Fanout     Cap    Slew   Delay    Time   Description
-----------------------------------------------------------------------------
                          0.00    0.00   clock clk (rise edge)
                          0.00    0.00   clock source latency
                  0.14    0.10    0.10 ^ clk (in)
     1    0.02                           clk (net)
                  0.14    0.00    0.10 ^ clkbuf_0_clk/A (sky130_fd_sc_hd__clkbuf_16)
                  0.07    0.27    0.37 ^ clkbuf_0_clk/X (sky130_fd_sc_hd__clkbuf_16)
     2    0.02                           clknet_0_clk (net)
                  0.07    0.00    0.37 ^ clkbuf_1_0__f_clk/A (sky130_fd_sc_hd__clkbuf_16)
                  0.07    0.23    0.60 ^ clkbuf_1_0__f_clk/X (sky130_fd_sc_hd__clkbuf_16)
     8    0.02                           clknet_1_0__leaf_clk (net)
                  0.07    0.00    0.60 ^ _443_/CLK (sky130_fd_sc_hd__dfrtp_1)
                  0.17    0.88    1.49 v _443_/Q (sky130_fd_sc_hd__dfrtp_1)
     2    0.01                           net26 (net)
                  0.17    0.00    1.49 v output26/A (sky130_fd_sc_hd__clkbuf_4)
                  0.14    0.39    1.88 v output26/X (sky130_fd_sc_hd__clkbuf_4)
     1    0.03                           int4_out[3] (net)
                  0.14    0.00    1.88 v int4_out[3] (out)
                                  1.88   data arrival time

                         25.00   25.00   clock clk (rise edge)
                          0.00   25.00   clock network delay (propagated)
                         -0.25   24.75   clock uncertainty
                          0.00   24.75   clock reconvergence pessimism
                         -5.00   19.75   output external delay
                                 19.75   data required time
-----------------------------------------------------------------------------
                                 19.75   data required time
                                 -1.88   data arrival time
-----------------------------------------------------------------------------
                                 17.87   slack (MET)


Startpoint: _451_ (rising edge-triggered flip-flop clocked by clk)
Endpoint: sideband_out[7] (output port clocked by clk)
Path Group: clk
Path Type: max
Corner: Slowest

Fanout     Cap    Slew   Delay    Time   Description
-----------------------------------------------------------------------------
                          0.00    0.00   clock clk (rise edge)
                          0.00    0.00   clock source latency
                  0.14    0.10    0.10 ^ clk (in)
     1    0.02                           clk (net)
                  0.14    0.00    0.10 ^ clkbuf_0_clk/A (sky130_fd_sc_hd__clkbuf_16)
                  0.07    0.27    0.37 ^ clkbuf_0_clk/X (sky130_fd_sc_hd__clkbuf_16)
     2    0.02                           clknet_0_clk (net)
                  0.07    0.00    0.37 ^ clkbuf_1_0__f_clk/A (sky130_fd_sc_hd__clkbuf_16)
                  0.07    0.23    0.60 ^ clkbuf_1_0__f_clk/X (sky130_fd_sc_hd__clkbuf_16)
     8    0.02                           clknet_1_0__leaf_clk (net)
                  0.07    0.00    0.60 ^ _451_/CLK (sky130_fd_sc_hd__dfrtp_1)
                  0.17    0.88    1.48 v _451_/Q (sky130_fd_sc_hd__dfrtp_1)
     2    0.01                           net35 (net)
                  0.17    0.00    1.48 v output35/A (sky130_fd_sc_hd__clkbuf_4)
                  0.14    0.39    1.87 v output35/X (sky130_fd_sc_hd__clkbuf_4)
     1    0.03                           sideband_out[7] (net)
                  0.14    0.00    1.87 v sideband_out[7] (out)
                                  1.87   data arrival time

                         25.00   25.00   clock clk (rise edge)
                          0.00   25.00   clock network delay (propagated)
                         -0.25   24.75   clock uncertainty
                          0.00   24.75   clock reconvergence pessimism
                         -5.00   19.75   output external delay
                                 19.75   data required time
-----------------------------------------------------------------------------
                                 19.75   data required time
                                 -1.87   data arrival time
-----------------------------------------------------------------------------
                                 17.88   slack (MET)


Startpoint: _444_ (rising edge-triggered flip-flop clocked by clk)
Endpoint: sideband_out[0] (output port clocked by clk)
Path Group: clk
Path Type: max
Corner: Slowest

Fanout     Cap    Slew   Delay    Time   Description
-----------------------------------------------------------------------------
                          0.00    0.00   clock clk (rise edge)
                          0.00    0.00   clock source latency
                  0.14    0.10    0.10 ^ clk (in)
     1    0.02                           clk (net)
                  0.14    0.00    0.10 ^ clkbuf_0_clk/A (sky130_fd_sc_hd__clkbuf_16)
                  0.07    0.27    0.37 ^ clkbuf_0_clk/X (sky130_fd_sc_hd__clkbuf_16)
     2    0.02                           clknet_0_clk (net)
                  0.07    0.00    0.37 ^ clkbuf_1_0__f_clk/A (sky130_fd_sc_hd__clkbuf_16)
                  0.07    0.23    0.60 ^ clkbuf_1_0__f_clk/X (sky130_fd_sc_hd__clkbuf_16)
     8    0.02                           clknet_1_0__leaf_clk (net)
                  0.07    0.00    0.60 ^ _444_/CLK (sky130_fd_sc_hd__dfrtp_1)
                  0.15    0.85    1.46 v _444_/Q (sky130_fd_sc_hd__dfrtp_1)
     2    0.01                           net28 (net)
                  0.15    0.00    1.46 v output28/A (sky130_fd_sc_hd__clkbuf_4)
                  0.14    0.38    1.84 v output28/X (sky130_fd_sc_hd__clkbuf_4)
     1    0.03                           sideband_out[0] (net)
                  0.14    0.00    1.84 v sideband_out[0] (out)
                                  1.84   data arrival time

                         25.00   25.00   clock clk (rise edge)
                          0.00   25.00   clock network delay (propagated)
                         -0.25   24.75   clock uncertainty
                          0.00   24.75   clock reconvergence pessimism
                         -5.00   19.75   output external delay
                                 19.75   data required time
-----------------------------------------------------------------------------
                                 19.75   data required time
                                 -1.84   data arrival time
-----------------------------------------------------------------------------
                                 17.91   slack (MET)


Startpoint: _442_ (rising edge-triggered flip-flop clocked by clk)
Endpoint: int4_out[2] (output port clocked by clk)
Path Group: clk
Path Type: max
Corner: Slowest

Fanout     Cap    Slew   Delay    Time   Description
-----------------------------------------------------------------------------
                          0.00    0.00   clock clk (rise edge)
                          0.00    0.00   clock source latency
                  0.14    0.10    0.10 ^ clk (in)
     1    0.02                           clk (net)
                  0.14    0.00    0.10 ^ clkbuf_0_clk/A (sky130_fd_sc_hd__clkbuf_16)
                  0.07    0.27    0.37 ^ clkbuf_0_clk/X (sky130_fd_sc_hd__clkbuf_16)
     2    0.02                           clknet_0_clk (net)
                  0.07    0.00    0.37 ^ clkbuf_1_0__f_clk/A (sky130_fd_sc_hd__clkbuf_16)
                  0.07    0.23    0.60 ^ clkbuf_1_0__f_clk/X (sky130_fd_sc_hd__clkbuf_16)
     8    0.02                           clknet_1_0__leaf_clk (net)
                  0.07    0.00    0.60 ^ _442_/CLK (sky130_fd_sc_hd__dfrtp_1)
                  0.14    0.85    1.45 v _442_/Q (sky130_fd_sc_hd__dfrtp_1)
     2    0.01                           net25 (net)
                  0.14    0.00    1.45 v output25/A (sky130_fd_sc_hd__clkbuf_4)
                  0.14    0.38    1.83 v output25/X (sky130_fd_sc_hd__clkbuf_4)
     1    0.03                           int4_out[2] (net)
                  0.14    0.00    1.83 v int4_out[2] (out)
                                  1.83   data arrival time

                         25.00   25.00   clock clk (rise edge)
                          0.00   25.00   clock network delay (propagated)
                         -0.25   24.75   clock uncertainty
                          0.00   24.75   clock reconvergence pessimism
                         -5.00   19.75   output external delay
                                 19.75   data required time
-----------------------------------------------------------------------------
                                 19.75   data required time
                                 -1.83   data arrival time
-----------------------------------------------------------------------------
                                 17.92   slack (MET)


Startpoint: _440_ (rising edge-triggered flip-flop clocked by clk)
Endpoint: int4_out[0] (output port clocked by clk)
Path Group: clk
Path Type: max
Corner: Slowest

Fanout     Cap    Slew   Delay    Time   Description
-----------------------------------------------------------------------------
                          0.00    0.00   clock clk (rise edge)
                          0.00    0.00   clock source latency
                  0.14    0.10    0.10 ^ clk (in)
     1    0.02                           clk (net)
                  0.14    0.00    0.10 ^ clkbuf_0_clk/A (sky130_fd_sc_hd__clkbuf_16)
                  0.07    0.27    0.37 ^ clkbuf_0_clk/X (sky130_fd_sc_hd__clkbuf_16)
     2    0.02                           clknet_0_clk (net)
                  0.07    0.00    0.37 ^ clkbuf_1_0__f_clk/A (sky130_fd_sc_hd__clkbuf_16)
                  0.07    0.23    0.60 ^ clkbuf_1_0__f_clk/X (sky130_fd_sc_hd__clkbuf_16)
     8    0.02                           clknet_1_0__leaf_clk (net)
                  0.07    0.00    0.60 ^ _440_/CLK (sky130_fd_sc_hd__dfrtp_1)
                  0.13    0.83    1.44 v _440_/Q (sky130_fd_sc_hd__dfrtp_1)
     2    0.01                           net23 (net)
                  0.13    0.00    1.44 v output23/A (sky130_fd_sc_hd__clkbuf_4)
                  0.14    0.37    1.81 v output23/X (sky130_fd_sc_hd__clkbuf_4)
     1    0.03                           int4_out[0] (net)
                  0.14    0.00    1.81 v int4_out[0] (out)
                                  1.81   data arrival time

                         25.00   25.00   clock clk (rise edge)
                          0.00   25.00   clock network delay (propagated)
                         -0.25   24.75   clock uncertainty
                          0.00   24.75   clock reconvergence pessimism
                         -5.00   19.75   output external delay
                                 19.75   data required time
-----------------------------------------------------------------------------
                                 19.75   data required time
                                 -1.81   data arrival time
-----------------------------------------------------------------------------
                                 17.94   slack (MET)


Startpoint: _438_ (rising edge-triggered flip-flop clocked by clk)
Endpoint: is_outlier (output port clocked by clk)
Path Group: clk
Path Type: max
Corner: Slowest

Fanout     Cap    Slew   Delay    Time   Description
-----------------------------------------------------------------------------
                          0.00    0.00   clock clk (rise edge)
                          0.00    0.00   clock source latency
                  0.14    0.10    0.10 ^ clk (in)
     1    0.02                           clk (net)
                  0.14    0.00    0.10 ^ clkbuf_0_clk/A (sky130_fd_sc_hd__clkbuf_16)
                  0.07    0.27    0.37 ^ clkbuf_0_clk/X (sky130_fd_sc_hd__clkbuf_16)
     2    0.02                           clknet_0_clk (net)
                  0.07    0.00    0.37 ^ clkbuf_1_1__f_clk/A (sky130_fd_sc_hd__clkbuf_16)
                  0.07    0.24    0.61 ^ clkbuf_1_1__f_clk/X (sky130_fd_sc_hd__clkbuf_16)
     6    0.02                           clknet_1_1__leaf_clk (net)
                  0.07    0.00    0.61 ^ _438_/CLK (sky130_fd_sc_hd__dfrtp_1)
                  0.12    0.82    1.43 v _438_/Q (sky130_fd_sc_hd__dfrtp_1)
     2    0.01                           net27 (net)
                  0.12    0.00    1.43 v output27/A (sky130_fd_sc_hd__clkbuf_4)
                  0.14    0.36    1.79 v output27/X (sky130_fd_sc_hd__clkbuf_4)
     1    0.03                           is_outlier (net)
                  0.14    0.00    1.79 v is_outlier (out)
                                  1.79   data arrival time

                         25.00   25.00   clock clk (rise edge)
                          0.00   25.00   clock network delay (propagated)
                         -0.25   24.75   clock uncertainty
                          0.00   24.75   clock reconvergence pessimism
                         -5.00   19.75   output external delay
                                 19.75   data required time
-----------------------------------------------------------------------------
                                 19.75   data required time
                                 -1.79   data arrival time
-----------------------------------------------------------------------------
                                 17.96   slack (MET)


Startpoint: valid_in (input port clocked by clk)
Endpoint: _439_ (rising edge-triggered flip-flop clocked by clk)
Path Group: clk
Path Type: max
Corner: Slowest

Fanout     Cap    Slew   Delay    Time   Description
-----------------------------------------------------------------------------
                          0.00    0.00   clock clk (rise edge)
                          0.00    0.00   clock network delay (propagated)
                          5.00    5.00 v input external delay
                  0.02    0.01    5.01 v valid_in (in)
     1    0.00                           valid_in (net)
                  0.02    0.00    5.01 v input22/A (sky130_fd_sc_hd__clkbuf_2)
                  0.17    0.28    5.29 v input22/X (sky130_fd_sc_hd__clkbuf_2)
     2    0.02                           net22 (net)
                  0.17    0.00    5.29 v _439_/D (sky130_fd_sc_hd__dfrtp_1)
                                  5.29   data arrival time

                         25.00   25.00   clock clk (rise edge)
                          0.00   25.00   clock source latency
                  0.14    0.09   25.09 ^ clk (in)
     1    0.02                           clk (net)
                  0.14    0.00   25.09 ^ clkbuf_0_clk/A (sky130_fd_sc_hd__clkbuf_16)
                  0.07    0.24   25.34 ^ clkbuf_0_clk/X (sky130_fd_sc_hd__clkbuf_16)
     2    0.02                           clknet_0_clk (net)
                  0.07    0.00   25.34 ^ clkbuf_1_1__f_clk/A (sky130_fd_sc_hd__clkbuf_16)
                  0.07    0.22   25.55 ^ clkbuf_1_1__f_clk/X (sky130_fd_sc_hd__clkbuf_16)
     6    0.02                           clknet_1_1__leaf_clk (net)
                  0.07    0.00   25.55 ^ _439_/CLK (sky130_fd_sc_hd__dfrtp_1)
                         -0.25   25.30   clock uncertainty
                          0.00   25.30   clock reconvergence pessimism
                         -0.32   24.98   library setup time
                                 24.98   data required time
-----------------------------------------------------------------------------
                                 24.98   data required time
                                 -5.29   data arrival time
-----------------------------------------------------------------------------
                                 19.69   slack (MET)


Startpoint: rst_n (input port clocked by clk)
Endpoint: _441_ (recovery check against rising-edge clock clk)
Path Group: asynchronous
Path Type: max
Corner: Slowest

Fanout     Cap    Slew   Delay    Time   Description
-----------------------------------------------------------------------------
                          0.00    0.00   clock clk (rise edge)
                          0.00    0.00   clock network delay (propagated)
                          5.00    5.00 ^ input external delay
                  0.03    0.01    5.01 ^ rst_n (in)
     1    0.00                           rst_n (net)
                  0.03    0.00    5.01 ^ input9/A (sky130_fd_sc_hd__buf_2)
                  0.23    0.31    5.32 ^ input9/X (sky130_fd_sc_hd__buf_2)
     5    0.03                           net9 (net)
                  0.23    0.00    5.32 ^ fanout37/A (sky130_fd_sc_hd__clkbuf_4)
                  0.23    0.46    5.78 ^ fanout37/X (sky130_fd_sc_hd__clkbuf_4)
    10    0.05                           net37 (net)
                  0.23    0.00    5.79 ^ _441_/RESET_B (sky130_fd_sc_hd__dfrtp_2)
                                  5.79   data arrival time

                         25.00   25.00   clock clk (rise edge)
                          0.00   25.00   clock source latency
                  0.14    0.09   25.09 ^ clk (in)
     1    0.02                           clk (net)
                  0.14    0.00   25.09 ^ clkbuf_0_clk/A (sky130_fd_sc_hd__clkbuf_16)
                  0.07    0.24   25.34 ^ clkbuf_0_clk/X (sky130_fd_sc_hd__clkbuf_16)
     2    0.02                           clknet_0_clk (net)
                  0.07    0.00   25.34 ^ clkbuf_1_0__f_clk/A (sky130_fd_sc_hd__clkbuf_16)
                  0.07    0.21   25.55 ^ clkbuf_1_0__f_clk/X (sky130_fd_sc_hd__clkbuf_16)
     8    0.02                           clknet_1_0__leaf_clk (net)
                  0.07    0.00   25.55 ^ _441_/CLK (sky130_fd_sc_hd__dfrtp_2)
                         -0.25   25.30   clock uncertainty
                          0.00   25.30   clock reconvergence pessimism
                          0.38   25.67   library recovery time
                                 25.67   data required time
-----------------------------------------------------------------------------
                                 25.67   data required time
                                 -5.79   data arrival time
-----------------------------------------------------------------------------
                                 19.89   slack (MET)


Startpoint: rst_n (input port clocked by clk)
Endpoint: _440_ (recovery check against rising-edge clock clk)
Path Group: asynchronous
Path Type: max
Corner: Slowest

Fanout     Cap    Slew   Delay    Time   Description
-----------------------------------------------------------------------------
                          0.00    0.00   clock clk (rise edge)
                          0.00    0.00   clock network delay (propagated)
                          5.00    5.00 ^ input external delay
                  0.03    0.01    5.01 ^ rst_n (in)
     1    0.00                           rst_n (net)
                  0.03    0.00    5.01 ^ input9/A (sky130_fd_sc_hd__buf_2)
                  0.23    0.31    5.32 ^ input9/X (sky130_fd_sc_hd__buf_2)
     5    0.03                           net9 (net)
                  0.23    0.00    5.32 ^ fanout37/A (sky130_fd_sc_hd__clkbuf_4)
                  0.23    0.46    5.78 ^ fanout37/X (sky130_fd_sc_hd__clkbuf_4)
    10    0.05                           net37 (net)
                  0.23    0.00    5.79 ^ _440_/RESET_B (sky130_fd_sc_hd__dfrtp_1)
                                  5.79   data arrival time

                         25.00   25.00   clock clk (rise edge)
                          0.00   25.00   clock source latency
                  0.14    0.09   25.09 ^ clk (in)
     1    0.02                           clk (net)
                  0.14    0.00   25.09 ^ clkbuf_0_clk/A (sky130_fd_sc_hd__clkbuf_16)
                  0.07    0.24   25.34 ^ clkbuf_0_clk/X (sky130_fd_sc_hd__clkbuf_16)
     2    0.02                           clknet_0_clk (net)
                  0.07    0.00   25.34 ^ clkbuf_1_0__f_clk/A (sky130_fd_sc_hd__clkbuf_16)
                  0.07    0.21   25.55 ^ clkbuf_1_0__f_clk/X (sky130_fd_sc_hd__clkbuf_16)
     8    0.02                           clknet_1_0__leaf_clk (net)
                  0.07    0.00   25.55 ^ _440_/CLK (sky130_fd_sc_hd__dfrtp_1)
                         -0.25   25.30   clock uncertainty
                          0.00   25.30   clock reconvergence pessimism
                          0.40   25.70   library recovery time
                                 25.70   data required time
-----------------------------------------------------------------------------
                                 25.70   data required time
                                 -5.79   data arrival time
-----------------------------------------------------------------------------
                                 19.91   slack (MET)


Startpoint: rst_n (input port clocked by clk)
Endpoint: _443_ (recovery check against rising-edge clock clk)
Path Group: asynchronous
Path Type: max
Corner: Slowest

Fanout     Cap    Slew   Delay    Time   Description
-----------------------------------------------------------------------------
                          0.00    0.00   clock clk (rise edge)
                          0.00    0.00   clock network delay (propagated)
                          5.00    5.00 ^ input external delay
                  0.03    0.01    5.01 ^ rst_n (in)
     1    0.00                           rst_n (net)
                  0.03    0.00    5.01 ^ input9/A (sky130_fd_sc_hd__buf_2)
                  0.23    0.31    5.32 ^ input9/X (sky130_fd_sc_hd__buf_2)
     5    0.03                           net9 (net)
                  0.23    0.00    5.32 ^ fanout37/A (sky130_fd_sc_hd__clkbuf_4)
                  0.23    0.46    5.78 ^ fanout37/X (sky130_fd_sc_hd__clkbuf_4)
    10    0.05                           net37 (net)
                  0.23    0.00    5.79 ^ _443_/RESET_B (sky130_fd_sc_hd__dfrtp_1)
                                  5.79   data arrival time

                         25.00   25.00   clock clk (rise edge)
                          0.00   25.00   clock source latency
                  0.14    0.09   25.09 ^ clk (in)
     1    0.02                           clk (net)
                  0.14    0.00   25.09 ^ clkbuf_0_clk/A (sky130_fd_sc_hd__clkbuf_16)
                  0.07    0.24   25.34 ^ clkbuf_0_clk/X (sky130_fd_sc_hd__clkbuf_16)
     2    0.02                           clknet_0_clk (net)
                  0.07    0.00   25.34 ^ clkbuf_1_0__f_clk/A (sky130_fd_sc_hd__clkbuf_16)
                  0.07    0.21   25.55 ^ clkbuf_1_0__f_clk/X (sky130_fd_sc_hd__clkbuf_16)
     8    0.02                           clknet_1_0__leaf_clk (net)
                  0.07    0.00   25.55 ^ _443_/CLK (sky130_fd_sc_hd__dfrtp_1)
                         -0.25   25.30   clock uncertainty
                          0.00   25.30   clock reconvergence pessimism
                          0.40   25.70   library recovery time
                                 25.70   data required time
-----------------------------------------------------------------------------
                                 25.70   data required time
                                 -5.79   data arrival time
-----------------------------------------------------------------------------
                                 19.91   slack (MET)


Startpoint: rst_n (input port clocked by clk)
Endpoint: _442_ (recovery check against rising-edge clock clk)
Path Group: asynchronous
Path Type: max
Corner: Slowest

Fanout     Cap    Slew   Delay    Time   Description
-----------------------------------------------------------------------------
                          0.00    0.00   clock clk (rise edge)
                          0.00    0.00   clock network delay (propagated)
                          5.00    5.00 ^ input external delay
                  0.03    0.01    5.01 ^ rst_n (in)
     1    0.00                           rst_n (net)
                  0.03    0.00    5.01 ^ input9/A (sky130_fd_sc_hd__buf_2)
                  0.23    0.31    5.32 ^ input9/X (sky130_fd_sc_hd__buf_2)
     5    0.03                           net9 (net)
                  0.23    0.00    5.32 ^ fanout37/A (sky130_fd_sc_hd__clkbuf_4)
                  0.23    0.46    5.78 ^ fanout37/X (sky130_fd_sc_hd__clkbuf_4)
    10    0.05                           net37 (net)
                  0.23    0.00    5.79 ^ _442_/RESET_B (sky130_fd_sc_hd__dfrtp_1)
                                  5.79   data arrival time

                         25.00   25.00   clock clk (rise edge)
                          0.00   25.00   clock source latency
                  0.14    0.09   25.09 ^ clk (in)
     1    0.02                           clk (net)
                  0.14    0.00   25.09 ^ clkbuf_0_clk/A (sky130_fd_sc_hd__clkbuf_16)
                  0.07    0.24   25.34 ^ clkbuf_0_clk/X (sky130_fd_sc_hd__clkbuf_16)
     2    0.02                           clknet_0_clk (net)
                  0.07    0.00   25.34 ^ clkbuf_1_0__f_clk/A (sky130_fd_sc_hd__clkbuf_16)
                  0.07    0.21   25.55 ^ clkbuf_1_0__f_clk/X (sky130_fd_sc_hd__clkbuf_16)
     8    0.02                           clknet_1_0__leaf_clk (net)
                  0.07    0.00   25.55 ^ _442_/CLK (sky130_fd_sc_hd__dfrtp_1)
                         -0.25   25.30   clock uncertainty
                          0.00   25.30   clock reconvergence pessimism
                          0.40   25.70   library recovery time
                                 25.70   data required time
-----------------------------------------------------------------------------
                                 25.70   data required time
                                 -5.79   data arrival time
-----------------------------------------------------------------------------
                                 19.91   slack (MET)


Startpoint: rst_n (input port clocked by clk)
Endpoint: _451_ (recovery check against rising-edge clock clk)
Path Group: asynchronous
Path Type: max
Corner: Slowest

Fanout     Cap    Slew   Delay    Time   Description
-----------------------------------------------------------------------------
                          0.00    0.00   clock clk (rise edge)
                          0.00    0.00   clock network delay (propagated)
                          5.00    5.00 ^ input external delay
                  0.03    0.01    5.01 ^ rst_n (in)
     1    0.00                           rst_n (net)
                  0.03    0.00    5.01 ^ input9/A (sky130_fd_sc_hd__buf_2)
                  0.23    0.31    5.32 ^ input9/X (sky130_fd_sc_hd__buf_2)
     5    0.03                           net9 (net)
                  0.23    0.00    5.32 ^ fanout37/A (sky130_fd_sc_hd__clkbuf_4)
                  0.23    0.46    5.78 ^ fanout37/X (sky130_fd_sc_hd__clkbuf_4)
    10    0.05                           net37 (net)
                  0.23    0.00    5.79 ^ _451_/RESET_B (sky130_fd_sc_hd__dfrtp_1)
                                  5.79   data arrival time

                         25.00   25.00   clock clk (rise edge)
                          0.00   25.00   clock source latency
                  0.14    0.09   25.09 ^ clk (in)
     1    0.02                           clk (net)
                  0.14    0.00   25.09 ^ clkbuf_0_clk/A (sky130_fd_sc_hd__clkbuf_16)
                  0.07    0.24   25.34 ^ clkbuf_0_clk/X (sky130_fd_sc_hd__clkbuf_16)
     2    0.02                           clknet_0_clk (net)
                  0.07    0.00   25.34 ^ clkbuf_1_0__f_clk/A (sky130_fd_sc_hd__clkbuf_16)
                  0.07    0.21   25.55 ^ clkbuf_1_0__f_clk/X (sky130_fd_sc_hd__clkbuf_16)
     8    0.02                           clknet_1_0__leaf_clk (net)
                  0.07    0.00   25.55 ^ _451_/CLK (sky130_fd_sc_hd__dfrtp_1)
                         -0.25   25.30   clock uncertainty
                          0.00   25.30   clock reconvergence pessimism
                          0.40   25.70   library recovery time
                                 25.70   data required time
-----------------------------------------------------------------------------
                                 25.70   data required time
                                 -5.79   data arrival time
-----------------------------------------------------------------------------
                                 19.91   slack (MET)


Startpoint: rst_n (input port clocked by clk)
Endpoint: _449_ (recovery check against rising-edge clock clk)
Path Group: asynchronous
Path Type: max
Corner: Slowest

Fanout     Cap    Slew   Delay    Time   Description
-----------------------------------------------------------------------------
                          0.00    0.00   clock clk (rise edge)
                          0.00    0.00   clock network delay (propagated)
                          5.00    5.00 ^ input external delay
                  0.03    0.01    5.01 ^ rst_n (in)
     1    0.00                           rst_n (net)
                  0.03    0.00    5.01 ^ input9/A (sky130_fd_sc_hd__buf_2)
                  0.23    0.31    5.32 ^ input9/X (sky130_fd_sc_hd__buf_2)
     5    0.03                           net9 (net)
                  0.23    0.00    5.32 ^ fanout37/A (sky130_fd_sc_hd__clkbuf_4)
                  0.23    0.46    5.78 ^ fanout37/X (sky130_fd_sc_hd__clkbuf_4)
    10    0.05                           net37 (net)
                  0.23    0.00    5.79 ^ _449_/RESET_B (sky130_fd_sc_hd__dfrtp_1)
                                  5.79   data arrival time

                         25.00   25.00   clock clk (rise edge)
                          0.00   25.00   clock source latency
                  0.14    0.09   25.09 ^ clk (in)
     1    0.02                           clk (net)
                  0.14    0.00   25.09 ^ clkbuf_0_clk/A (sky130_fd_sc_hd__clkbuf_16)
                  0.07    0.24   25.34 ^ clkbuf_0_clk/X (sky130_fd_sc_hd__clkbuf_16)
     2    0.02                           clknet_0_clk (net)
                  0.07    0.00   25.34 ^ clkbuf_1_0__f_clk/A (sky130_fd_sc_hd__clkbuf_16)
                  0.07    0.21   25.55 ^ clkbuf_1_0__f_clk/X (sky130_fd_sc_hd__clkbuf_16)
     8    0.02                           clknet_1_0__leaf_clk (net)
                  0.07    0.00   25.55 ^ _449_/CLK (sky130_fd_sc_hd__dfrtp_1)
                         -0.25   25.30   clock uncertainty
                          0.00   25.30   clock reconvergence pessimism
                          0.40   25.70   library recovery time
                                 25.70   data required time
-----------------------------------------------------------------------------
                                 25.70   data required time
                                 -5.79   data arrival time
-----------------------------------------------------------------------------
                                 19.91   slack (MET)


Startpoint: rst_n (input port clocked by clk)
Endpoint: _450_ (recovery check against rising-edge clock clk)
Path Group: asynchronous
Path Type: max
Corner: Slowest

Fanout     Cap    Slew   Delay    Time   Description
-----------------------------------------------------------------------------
                          0.00    0.00   clock clk (rise edge)
                          0.00    0.00   clock network delay (propagated)
                          5.00    5.00 ^ input external delay
                  0.03    0.01    5.01 ^ rst_n (in)
     1    0.00                           rst_n (net)
                  0.03    0.00    5.01 ^ input9/A (sky130_fd_sc_hd__buf_2)
                  0.23    0.31    5.32 ^ input9/X (sky130_fd_sc_hd__buf_2)
     5    0.03                           net9 (net)
                  0.23    0.00    5.32 ^ fanout37/A (sky130_fd_sc_hd__clkbuf_4)
                  0.23    0.46    5.78 ^ fanout37/X (sky130_fd_sc_hd__clkbuf_4)
    10    0.05                           net37 (net)
                  0.23    0.00    5.79 ^ _450_/RESET_B (sky130_fd_sc_hd__dfrtp_1)
                                  5.79   data arrival time

                         25.00   25.00   clock clk (rise edge)
                          0.00   25.00   clock source latency
                  0.14    0.09   25.09 ^ clk (in)
     1    0.02                           clk (net)
                  0.14    0.00   25.09 ^ clkbuf_0_clk/A (sky130_fd_sc_hd__clkbuf_16)
                  0.07    0.24   25.34 ^ clkbuf_0_clk/X (sky130_fd_sc_hd__clkbuf_16)
     2    0.02                           clknet_0_clk (net)
                  0.07    0.00   25.34 ^ clkbuf_1_0__f_clk/A (sky130_fd_sc_hd__clkbuf_16)
                  0.07    0.21   25.55 ^ clkbuf_1_0__f_clk/X (sky130_fd_sc_hd__clkbuf_16)
     8    0.02                           clknet_1_0__leaf_clk (net)
                  0.07    0.00   25.55 ^ _450_/CLK (sky130_fd_sc_hd__dfrtp_1)
                         -0.25   25.30   clock uncertainty
                          0.00   25.30   clock reconvergence pessimism
                          0.40   25.70   library recovery time
                                 25.70   data required time
-----------------------------------------------------------------------------
                                 25.70   data required time
                                 -5.79   data arrival time
-----------------------------------------------------------------------------
                                 19.91   slack (MET)


Startpoint: rst_n (input port clocked by clk)
Endpoint: _444_ (recovery check against rising-edge clock clk)
Path Group: asynchronous
Path Type: max
Corner: Slowest

Fanout     Cap    Slew   Delay    Time   Description
-----------------------------------------------------------------------------
                          0.00    0.00   clock clk (rise edge)
                          0.00    0.00   clock network delay (propagated)
                          5.00    5.00 ^ input external delay
                  0.03    0.01    5.01 ^ rst_n (in)
     1    0.00                           rst_n (net)
                  0.03    0.00    5.01 ^ input9/A (sky130_fd_sc_hd__buf_2)
                  0.23    0.31    5.32 ^ input9/X (sky130_fd_sc_hd__buf_2)
     5    0.03                           net9 (net)
                  0.23    0.00    5.32 ^ fanout37/A (sky130_fd_sc_hd__clkbuf_4)
                  0.23    0.46    5.78 ^ fanout37/X (sky130_fd_sc_hd__clkbuf_4)
    10    0.05                           net37 (net)
                  0.23    0.00    5.79 ^ _444_/RESET_B (sky130_fd_sc_hd__dfrtp_1)
                                  5.79   data arrival time

                         25.00   25.00   clock clk (rise edge)
                          0.00   25.00   clock source latency
                  0.14    0.09   25.09 ^ clk (in)
     1    0.02                           clk (net)
                  0.14    0.00   25.09 ^ clkbuf_0_clk/A (sky130_fd_sc_hd__clkbuf_16)
                  0.07    0.24   25.34 ^ clkbuf_0_clk/X (sky130_fd_sc_hd__clkbuf_16)
     2    0.02                           clknet_0_clk (net)
                  0.07    0.00   25.34 ^ clkbuf_1_0__f_clk/A (sky130_fd_sc_hd__clkbuf_16)
                  0.07    0.21   25.55 ^ clkbuf_1_0__f_clk/X (sky130_fd_sc_hd__clkbuf_16)
     8    0.02                           clknet_1_0__leaf_clk (net)
                  0.07    0.00   25.55 ^ _444_/CLK (sky130_fd_sc_hd__dfrtp_1)
                         -0.25   25.30   clock uncertainty
                          0.00   25.30   clock reconvergence pessimism
                          0.40   25.70   library recovery time
                                 25.70   data required time
-----------------------------------------------------------------------------
                                 25.70   data required time
                                 -5.79   data arrival time
-----------------------------------------------------------------------------
                                 19.91   slack (MET)


Startpoint: rst_n (input port clocked by clk)
Endpoint: _438_ (recovery check against rising-edge clock clk)
Path Group: asynchronous
Path Type: max
Corner: Slowest

Fanout     Cap    Slew   Delay    Time   Description
-----------------------------------------------------------------------------
                          0.00    0.00   clock clk (rise edge)
                          0.00    0.00   clock network delay (propagated)
                          5.00    5.00 ^ input external delay
                  0.03    0.01    5.01 ^ rst_n (in)
     1    0.00                           rst_n (net)
                  0.03    0.00    5.01 ^ input9/A (sky130_fd_sc_hd__buf_2)
                  0.23    0.31    5.32 ^ input9/X (sky130_fd_sc_hd__buf_2)
     5    0.03                           net9 (net)
                  0.23    0.00    5.32 ^ fanout37/A (sky130_fd_sc_hd__clkbuf_4)
                  0.23    0.46    5.78 ^ fanout37/X (sky130_fd_sc_hd__clkbuf_4)
    10    0.05                           net37 (net)
                  0.23    0.00    5.79 ^ _438_/RESET_B (sky130_fd_sc_hd__dfrtp_1)
                                  5.79   data arrival time

                         25.00   25.00   clock clk (rise edge)
                          0.00   25.00   clock source latency
                  0.14    0.09   25.09 ^ clk (in)
     1    0.02                           clk (net)
                  0.14    0.00   25.09 ^ clkbuf_0_clk/A (sky130_fd_sc_hd__clkbuf_16)
                  0.07    0.24   25.34 ^ clkbuf_0_clk/X (sky130_fd_sc_hd__clkbuf_16)
     2    0.02                           clknet_0_clk (net)
                  0.07    0.00   25.34 ^ clkbuf_1_1__f_clk/A (sky130_fd_sc_hd__clkbuf_16)
                  0.07    0.22   25.55 ^ clkbuf_1_1__f_clk/X (sky130_fd_sc_hd__clkbuf_16)
     6    0.02                           clknet_1_1__leaf_clk (net)
                  0.07    0.00   25.55 ^ _438_/CLK (sky130_fd_sc_hd__dfrtp_1)
                         -0.25   25.30   clock uncertainty
                          0.00   25.30   clock reconvergence pessimism
                          0.41   25.71   library recovery time
                                 25.71   data required time
-----------------------------------------------------------------------------
                                 25.71   data required time
                                 -5.79   data arrival time
-----------------------------------------------------------------------------
                                 19.92   slack (MET)


Startpoint: rst_n (input port clocked by clk)
Endpoint: _439_ (recovery check against rising-edge clock clk)
Path Group: asynchronous
Path Type: max
Corner: Slowest

Fanout     Cap    Slew   Delay    Time   Description
-----------------------------------------------------------------------------
                          0.00    0.00   clock clk (rise edge)
                          0.00    0.00   clock network delay (propagated)
                          5.00    5.00 ^ input external delay
                  0.03    0.01    5.01 ^ rst_n (in)
     1    0.00                           rst_n (net)
                  0.03    0.00    5.01 ^ input9/A (sky130_fd_sc_hd__buf_2)
                  0.23    0.31    5.32 ^ input9/X (sky130_fd_sc_hd__buf_2)
     5    0.03                           net9 (net)
                  0.23    0.00    5.32 ^ fanout37/A (sky130_fd_sc_hd__clkbuf_4)
                  0.23    0.46    5.78 ^ fanout37/X (sky130_fd_sc_hd__clkbuf_4)
    10    0.05                           net37 (net)
                  0.23    0.00    5.78 ^ _439_/RESET_B (sky130_fd_sc_hd__dfrtp_1)
                                  5.78   data arrival time

                         25.00   25.00   clock clk (rise edge)
                          0.00   25.00   clock source latency
                  0.14    0.09   25.09 ^ clk (in)
     1    0.02                           clk (net)
                  0.14    0.00   25.09 ^ clkbuf_0_clk/A (sky130_fd_sc_hd__clkbuf_16)
                  0.07    0.24   25.34 ^ clkbuf_0_clk/X (sky130_fd_sc_hd__clkbuf_16)
     2    0.02                           clknet_0_clk (net)
                  0.07    0.00   25.34 ^ clkbuf_1_1__f_clk/A (sky130_fd_sc_hd__clkbuf_16)
                  0.07    0.22   25.55 ^ clkbuf_1_1__f_clk/X (sky130_fd_sc_hd__clkbuf_16)
     6    0.02                           clknet_1_1__leaf_clk (net)
                  0.07    0.00   25.55 ^ _439_/CLK (sky130_fd_sc_hd__dfrtp_1)
                         -0.25   25.30   clock uncertainty
                          0.00   25.30   clock reconvergence pessimism
                          0.41   25.71   library recovery time
                                 25.71   data required time
-----------------------------------------------------------------------------
                                 25.71   data required time
                                 -5.78   data arrival time
-----------------------------------------------------------------------------
                                 19.92   slack (MET)


Startpoint: rst_n (input port clocked by clk)
Endpoint: _448_ (recovery check against rising-edge clock clk)
Path Group: asynchronous
Path Type: max
Corner: Slowest

Fanout     Cap    Slew   Delay    Time   Description
-----------------------------------------------------------------------------
                          0.00    0.00   clock clk (rise edge)
                          0.00    0.00   clock network delay (propagated)
                          5.00    5.00 ^ input external delay
                  0.03    0.01    5.01 ^ rst_n (in)
     1    0.00                           rst_n (net)
                  0.03    0.00    5.01 ^ input9/A (sky130_fd_sc_hd__buf_2)
                  0.23    0.31    5.32 ^ input9/X (sky130_fd_sc_hd__buf_2)
     5    0.03                           net9 (net)
                  0.23    0.00    5.32 ^ _448_/RESET_B (sky130_fd_sc_hd__dfrtp_2)
                                  5.32   data arrival time

                         25.00   25.00   clock clk (rise edge)
                          0.00   25.00   clock source latency
                  0.14    0.09   25.09 ^ clk (in)
     1    0.02                           clk (net)
                  0.14    0.00   25.09 ^ clkbuf_0_clk/A (sky130_fd_sc_hd__clkbuf_16)
                  0.07    0.24   25.34 ^ clkbuf_0_clk/X (sky130_fd_sc_hd__clkbuf_16)
     2    0.02                           clknet_0_clk (net)
                  0.07    0.00   25.34 ^ clkbuf_1_1__f_clk/A (sky130_fd_sc_hd__clkbuf_16)
                  0.07    0.22   25.55 ^ clkbuf_1_1__f_clk/X (sky130_fd_sc_hd__clkbuf_16)
     6    0.02                           clknet_1_1__leaf_clk (net)
                  0.07    0.00   25.55 ^ _448_/CLK (sky130_fd_sc_hd__dfrtp_2)
                         -0.25   25.30   clock uncertainty
                          0.00   25.30   clock reconvergence pessimism
                          0.38   25.68   library recovery time
                                 25.68   data required time
-----------------------------------------------------------------------------
                                 25.68   data required time
                                 -5.32   data arrival time
-----------------------------------------------------------------------------
                                 20.35   slack (MET)


Startpoint: rst_n (input port clocked by clk)
Endpoint: _445_ (recovery check against rising-edge clock clk)
Path Group: asynchronous
Path Type: max
Corner: Slowest

Fanout     Cap    Slew   Delay    Time   Description
-----------------------------------------------------------------------------
                          0.00    0.00   clock clk (rise edge)
                          0.00    0.00   clock network delay (propagated)
                          5.00    5.00 ^ input external delay
                  0.03    0.01    5.01 ^ rst_n (in)
     1    0.00                           rst_n (net)
                  0.03    0.00    5.01 ^ input9/A (sky130_fd_sc_hd__buf_2)
                  0.23    0.31    5.32 ^ input9/X (sky130_fd_sc_hd__buf_2)
     5    0.03                           net9 (net)
                  0.23    0.00    5.32 ^ _445_/RESET_B (sky130_fd_sc_hd__dfrtp_1)
                                  5.32   data arrival time

                         25.00   25.00   clock clk (rise edge)
                          0.00   25.00   clock source latency
                  0.14    0.09   25.09 ^ clk (in)
     1    0.02                           clk (net)
                  0.14    0.00   25.09 ^ clkbuf_0_clk/A (sky130_fd_sc_hd__clkbuf_16)
                  0.07    0.24   25.34 ^ clkbuf_0_clk/X (sky130_fd_sc_hd__clkbuf_16)
     2    0.02                           clknet_0_clk (net)
                  0.07    0.00   25.34 ^ clkbuf_1_1__f_clk/A (sky130_fd_sc_hd__clkbuf_16)
                  0.07    0.22   25.55 ^ clkbuf_1_1__f_clk/X (sky130_fd_sc_hd__clkbuf_16)
     6    0.02                           clknet_1_1__leaf_clk (net)
                  0.07    0.00   25.55 ^ _445_/CLK (sky130_fd_sc_hd__dfrtp_1)
                         -0.25   25.30   clock uncertainty
                          0.00   25.30   clock reconvergence pessimism
                          0.40   25.71   library recovery time
                                 25.71   data required time
-----------------------------------------------------------------------------
                                 25.71   data required time
                                 -5.32   data arrival time
-----------------------------------------------------------------------------
                                 20.38   slack (MET)


Startpoint: rst_n (input port clocked by clk)
Endpoint: _446_ (recovery check against rising-edge clock clk)
Path Group: asynchronous
Path Type: max
Corner: Slowest

Fanout     Cap    Slew   Delay    Time   Description
-----------------------------------------------------------------------------
                          0.00    0.00   clock clk (rise edge)
                          0.00    0.00   clock network delay (propagated)
                          5.00    5.00 ^ input external delay
                  0.03    0.01    5.01 ^ rst_n (in)
     1    0.00                           rst_n (net)
                  0.03    0.00    5.01 ^ input9/A (sky130_fd_sc_hd__buf_2)
                  0.23    0.31    5.32 ^ input9/X (sky130_fd_sc_hd__buf_2)
     5    0.03                           net9 (net)
                  0.23    0.00    5.32 ^ _446_/RESET_B (sky130_fd_sc_hd__dfrtp_1)
                                  5.32   data arrival time

                         25.00   25.00   clock clk (rise edge)
                          0.00   25.00   clock source latency
                  0.14    0.09   25.09 ^ clk (in)
     1    0.02                           clk (net)
                  0.14    0.00   25.09 ^ clkbuf_0_clk/A (sky130_fd_sc_hd__clkbuf_16)
                  0.07    0.24   25.34 ^ clkbuf_0_clk/X (sky130_fd_sc_hd__clkbuf_16)
     2    0.02                           clknet_0_clk (net)
                  0.07    0.00   25.34 ^ clkbuf_1_1__f_clk/A (sky130_fd_sc_hd__clkbuf_16)
                  0.07    0.22   25.55 ^ clkbuf_1_1__f_clk/X (sky130_fd_sc_hd__clkbuf_16)
     6    0.02                           clknet_1_1__leaf_clk (net)
                  0.07    0.00   25.55 ^ _446_/CLK (sky130_fd_sc_hd__dfrtp_1)
                         -0.25   25.30   clock uncertainty
                          0.00   25.30   clock reconvergence pessimism
                          0.40   25.71   library recovery time
                                 25.71   data required time
-----------------------------------------------------------------------------
                                 25.71   data required time
                                 -5.32   data arrival time
-----------------------------------------------------------------------------
                                 20.38   slack (MET)


Startpoint: rst_n (input port clocked by clk)
Endpoint: _447_ (recovery check against rising-edge clock clk)
Path Group: asynchronous
Path Type: max
Corner: Slowest

Fanout     Cap    Slew   Delay    Time   Description
-----------------------------------------------------------------------------
                          0.00    0.00   clock clk (rise edge)
                          0.00    0.00   clock network delay (propagated)
                          5.00    5.00 ^ input external delay
                  0.03    0.01    5.01 ^ rst_n (in)
     1    0.00                           rst_n (net)
                  0.03    0.00    5.01 ^ input9/A (sky130_fd_sc_hd__buf_2)
                  0.23    0.31    5.32 ^ input9/X (sky130_fd_sc_hd__buf_2)
     5    0.03                           net9 (net)
                  0.23    0.00    5.32 ^ _447_/RESET_B (sky130_fd_sc_hd__dfrtp_1)
                                  5.32   data arrival time

                         25.00   25.00   clock clk (rise edge)
                          0.00   25.00   clock source latency
                  0.14    0.09   25.09 ^ clk (in)
     1    0.02                           clk (net)
                  0.14    0.00   25.09 ^ clkbuf_0_clk/A (sky130_fd_sc_hd__clkbuf_16)
                  0.07    0.24   25.34 ^ clkbuf_0_clk/X (sky130_fd_sc_hd__clkbuf_16)
     2    0.02                           clknet_0_clk (net)
                  0.07    0.00   25.34 ^ clkbuf_1_1__f_clk/A (sky130_fd_sc_hd__clkbuf_16)
                  0.07    0.22   25.55 ^ clkbuf_1_1__f_clk/X (sky130_fd_sc_hd__clkbuf_16)
     6    0.02                           clknet_1_1__leaf_clk (net)
                  0.07    0.00   25.55 ^ _447_/CLK (sky130_fd_sc_hd__dfrtp_1)
                         -0.25   25.30   clock uncertainty
                          0.00   25.30   clock reconvergence pessimism
                          0.40   25.71   library recovery time
                                 25.71   data required time
-----------------------------------------------------------------------------
                                 25.71   data required time
                                 -5.32   data arrival time
-----------------------------------------------------------------------------
                                 20.38   slack (MET)



======================= Typical Corner ===================================

Startpoint: scale[2] (input port clocked by clk)
Endpoint: _442_ (rising edge-triggered flip-flop clocked by clk)
Path Group: clk
Path Type: max
Corner: Typical

Fanout     Cap    Slew   Delay    Time   Description
-----------------------------------------------------------------------------
                          0.00    0.00   clock clk (rise edge)
                          0.00    0.00   clock network delay (propagated)
                          5.00    5.00 ^ input external delay
                  0.02    0.01    5.01 ^ scale[2] (in)
     1    0.00                           scale[2] (net)
                  0.02    0.00    5.01 ^ input12/A (sky130_fd_sc_hd__buf_2)
                  0.19    0.21    5.22 ^ input12/X (sky130_fd_sc_hd__buf_2)
     7    0.04                           net12 (net)
                  0.19    0.00    5.22 ^ _258_/A (sky130_fd_sc_hd__buf_2)
                  0.18    0.26    5.49 ^ _258_/X (sky130_fd_sc_hd__buf_2)
    10    0.04                           _206_ (net)
                  0.18    0.00    5.49 ^ _304_/B (sky130_fd_sc_hd__nand4_1)
                  0.14    0.18    5.67 v _304_/Y (sky130_fd_sc_hd__nand4_1)
     3    0.01                           _046_ (net)
                  0.14    0.00    5.67 v _316_/A1 (sky130_fd_sc_hd__a21o_1)
                  0.05    0.21    5.88 v _316_/X (sky130_fd_sc_hd__a21o_1)
     2    0.01                           _058_ (net)
                  0.05    0.00    5.88 v _321_/A2 (sky130_fd_sc_hd__a21o_1)
                  0.06    0.21    6.09 v _321_/X (sky130_fd_sc_hd__a21o_1)
     3    0.01                           _063_ (net)
                  0.06    0.00    6.09 v _323_/A2 (sky130_fd_sc_hd__a21bo_1)
                  0.04    0.21    6.30 v _323_/X (sky130_fd_sc_hd__a21bo_1)
     2    0.00                           _065_ (net)
                  0.04    0.00    6.30 v _325_/B (sky130_fd_sc_hd__and3_2)
                  0.07    0.24    6.54 v _325_/X (sky130_fd_sc_hd__and3_2)
     4    0.02                           _067_ (net)
                  0.07    0.00    6.54 v _340_/A (sky130_fd_sc_hd__nor3b_1)
                  0.31    0.32    6.86 ^ _340_/Y (sky130_fd_sc_hd__nor3b_1)
     3    0.01                           _082_ (net)
                  0.31    0.00    6.86 ^ _342_/A (sky130_fd_sc_hd__nor2_1)
                  0.10    0.14    7.00 v _342_/Y (sky130_fd_sc_hd__nor2_1)
     3    0.01                           _084_ (net)
                  0.10    0.00    7.00 v _376_/A1 (sky130_fd_sc_hd__a31o_1)
                  0.04    0.20    7.20 v _376_/X (sky130_fd_sc_hd__a31o_1)
     1    0.00                           _118_ (net)
                  0.04    0.00    7.20 v _377_/B1 (sky130_fd_sc_hd__a21o_1)
                  0.05    0.18    7.38 v _377_/X (sky130_fd_sc_hd__a21o_1)
     2    0.01                           _119_ (net)
                  0.05    0.00    7.38 v _379_/A2 (sky130_fd_sc_hd__a21oi_1)
                  0.21    0.23    7.61 ^ _379_/Y (sky130_fd_sc_hd__a21oi_1)
     2    0.01                           _121_ (net)
                  0.21    0.00    7.61 ^ _380_/S (sky130_fd_sc_hd__mux2_1)
                  0.07    0.39    8.00 v _380_/X (sky130_fd_sc_hd__mux2_1)
     2    0.01                           _122_ (net)
                  0.07    0.00    8.00 v _409_/A1 (sky130_fd_sc_hd__o31a_1)
                  0.07    0.35    8.35 v _409_/X (sky130_fd_sc_hd__o31a_1)
     3    0.01                           _151_ (net)
                  0.07    0.00    8.35 v _418_/B1 (sky130_fd_sc_hd__a31o_1)
                  0.04    0.21    8.55 v _418_/X (sky130_fd_sc_hd__a31o_1)
     1    0.00                           _158_ (net)
                  0.04    0.00    8.55 v _419_/B2 (sky130_fd_sc_hd__a22o_1)
                  0.04    0.20    8.75 v _419_/X (sky130_fd_sc_hd__a22o_1)
     1    0.00                           _003_ (net)
                  0.04    0.00    8.75 v _442_/D (sky130_fd_sc_hd__dfrtp_1)
                                  8.75   data arrival time

                         25.00   25.00   clock clk (rise edge)
                          0.00   25.00   clock source latency
                  0.09    0.06   25.06 ^ clk (in)
     1    0.02                           clk (net)
                  0.09    0.00   25.06 ^ clkbuf_0_clk/A (sky130_fd_sc_hd__clkbuf_16)
                  0.04    0.13   25.20 ^ clkbuf_0_clk/X (sky130_fd_sc_hd__clkbuf_16)
     2    0.02                           clknet_0_clk (net)
                  0.04    0.00   25.20 ^ clkbuf_1_0__f_clk/A (sky130_fd_sc_hd__clkbuf_16)
                  0.04    0.12   25.32 ^ clkbuf_1_0__f_clk/X (sky130_fd_sc_hd__clkbuf_16)
     8    0.02                           clknet_1_0__leaf_clk (net)
                  0.04    0.00   25.32 ^ _442_/CLK (sky130_fd_sc_hd__dfrtp_1)
                         -0.25   25.07   clock uncertainty
                          0.00   25.07   clock reconvergence pessimism
                         -0.11   24.95   library setup time
                                 24.95   data required time
-----------------------------------------------------------------------------
                                 24.95   data required time
                                 -8.75   data arrival time
-----------------------------------------------------------------------------
                                 16.20   slack (MET)


Startpoint: scale[2] (input port clocked by clk)
Endpoint: _440_ (rising edge-triggered flip-flop clocked by clk)
Path Group: clk
Path Type: max
Corner: Typical

Fanout     Cap    Slew   Delay    Time   Description
-----------------------------------------------------------------------------
                          0.00    0.00   clock clk (rise edge)
                          0.00    0.00   clock network delay (propagated)
                          5.00    5.00 ^ input external delay
                  0.02    0.01    5.01 ^ scale[2] (in)
     1    0.00                           scale[2] (net)
                  0.02    0.00    5.01 ^ input12/A (sky130_fd_sc_hd__buf_2)
                  0.19    0.21    5.22 ^ input12/X (sky130_fd_sc_hd__buf_2)
     7    0.04                           net12 (net)
                  0.19    0.00    5.22 ^ _258_/A (sky130_fd_sc_hd__buf_2)
                  0.18    0.26    5.49 ^ _258_/X (sky130_fd_sc_hd__buf_2)
    10    0.04                           _206_ (net)
                  0.18    0.00    5.49 ^ _304_/B (sky130_fd_sc_hd__nand4_1)
                  0.14    0.18    5.67 v _304_/Y (sky130_fd_sc_hd__nand4_1)
     3    0.01                           _046_ (net)
                  0.14    0.00    5.67 v _316_/A1 (sky130_fd_sc_hd__a21o_1)
                  0.05    0.21    5.88 v _316_/X (sky130_fd_sc_hd__a21o_1)
     2    0.01                           _058_ (net)
                  0.05    0.00    5.88 v _321_/A2 (sky130_fd_sc_hd__a21o_1)
                  0.06    0.21    6.09 v _321_/X (sky130_fd_sc_hd__a21o_1)
     3    0.01                           _063_ (net)
                  0.06    0.00    6.09 v _323_/A2 (sky130_fd_sc_hd__a21bo_1)
                  0.04    0.21    6.30 v _323_/X (sky130_fd_sc_hd__a21bo_1)
     2    0.00                           _065_ (net)
                  0.04    0.00    6.30 v _325_/B (sky130_fd_sc_hd__and3_2)
                  0.07    0.24    6.54 v _325_/X (sky130_fd_sc_hd__and3_2)
     4    0.02                           _067_ (net)
                  0.07    0.00    6.54 v _340_/A (sky130_fd_sc_hd__nor3b_1)
                  0.31    0.32    6.86 ^ _340_/Y (sky130_fd_sc_hd__nor3b_1)
     3    0.01                           _082_ (net)
                  0.31    0.00    6.86 ^ _342_/A (sky130_fd_sc_hd__nor2_1)
                  0.10    0.14    7.00 v _342_/Y (sky130_fd_sc_hd__nor2_1)
     3    0.01                           _084_ (net)
                  0.10    0.00    7.00 v _376_/A1 (sky130_fd_sc_hd__a31o_1)
                  0.04    0.20    7.20 v _376_/X (sky130_fd_sc_hd__a31o_1)
     1    0.00                           _118_ (net)
                  0.04    0.00    7.20 v _377_/B1 (sky130_fd_sc_hd__a21o_1)
                  0.05    0.18    7.38 v _377_/X (sky130_fd_sc_hd__a21o_1)
     2    0.01                           _119_ (net)
                  0.05    0.00    7.38 v _379_/A2 (sky130_fd_sc_hd__a21oi_1)
                  0.21    0.23    7.61 ^ _379_/Y (sky130_fd_sc_hd__a21oi_1)
     2    0.01                           _121_ (net)
                  0.21    0.00    7.61 ^ _380_/S (sky130_fd_sc_hd__mux2_1)
                  0.07    0.39    8.00 v _380_/X (sky130_fd_sc_hd__mux2_1)
     2    0.01                           _122_ (net)
                  0.07    0.00    8.00 v _409_/A1 (sky130_fd_sc_hd__o31a_1)
                  0.07    0.35    8.35 v _409_/X (sky130_fd_sc_hd__o31a_1)
     3    0.01                           _151_ (net)
                  0.07    0.00    8.35 v _410_/B1 (sky130_fd_sc_hd__a31o_1)
                  0.04    0.20    8.55 v _410_/X (sky130_fd_sc_hd__a31o_1)
     1    0.00                           _152_ (net)
                  0.04    0.00    8.55 v _411_/B2 (sky130_fd_sc_hd__a22o_1)
                  0.04    0.20    8.75 v _411_/X (sky130_fd_sc_hd__a22o_1)
     1    0.00                           _001_ (net)
                  0.04    0.00    8.75 v _440_/D (sky130_fd_sc_hd__dfrtp_1)
                                  8.75   data arrival time

                         25.00   25.00   clock clk (rise edge)
                          0.00   25.00   clock source latency
                  0.09    0.06   25.06 ^ clk (in)
     1    0.02                           clk (net)
                  0.09    0.00   25.06 ^ clkbuf_0_clk/A (sky130_fd_sc_hd__clkbuf_16)
                  0.04    0.13   25.20 ^ clkbuf_0_clk/X (sky130_fd_sc_hd__clkbuf_16)
     2    0.02                           clknet_0_clk (net)
                  0.04    0.00   25.20 ^ clkbuf_1_0__f_clk/A (sky130_fd_sc_hd__clkbuf_16)
                  0.04    0.12   25.32 ^ clkbuf_1_0__f_clk/X (sky130_fd_sc_hd__clkbuf_16)
     8    0.02                           clknet_1_0__leaf_clk (net)
                  0.04    0.00   25.32 ^ _440_/CLK (sky130_fd_sc_hd__dfrtp_1)
                         -0.25   25.07   clock uncertainty
                          0.00   25.07   clock reconvergence pessimism
                         -0.11   24.95   library setup time
                                 24.95   data required time
-----------------------------------------------------------------------------
                                 24.95   data required time
                                 -8.75   data arrival time
-----------------------------------------------------------------------------
                                 16.20   slack (MET)


Startpoint: scale[2] (input port clocked by clk)
Endpoint: _441_ (rising edge-triggered flip-flop clocked by clk)
Path Group: clk
Path Type: max
Corner: Typical

Fanout     Cap    Slew   Delay    Time   Description
-----------------------------------------------------------------------------
                          0.00    0.00   clock clk (rise edge)
                          0.00    0.00   clock network delay (propagated)
                          5.00    5.00 ^ input external delay
                  0.02    0.01    5.01 ^ scale[2] (in)
     1    0.00                           scale[2] (net)
                  0.02    0.00    5.01 ^ input12/A (sky130_fd_sc_hd__buf_2)
                  0.19    0.21    5.22 ^ input12/X (sky130_fd_sc_hd__buf_2)
     7    0.04                           net12 (net)
                  0.19    0.00    5.22 ^ _258_/A (sky130_fd_sc_hd__buf_2)
                  0.18    0.26    5.49 ^ _258_/X (sky130_fd_sc_hd__buf_2)
    10    0.04                           _206_ (net)
                  0.18    0.00    5.49 ^ _304_/B (sky130_fd_sc_hd__nand4_1)
                  0.14    0.18    5.67 v _304_/Y (sky130_fd_sc_hd__nand4_1)
     3    0.01                           _046_ (net)
                  0.14    0.00    5.67 v _316_/A1 (sky130_fd_sc_hd__a21o_1)
                  0.05    0.21    5.88 v _316_/X (sky130_fd_sc_hd__a21o_1)
     2    0.01                           _058_ (net)
                  0.05    0.00    5.88 v _321_/A2 (sky130_fd_sc_hd__a21o_1)
                  0.06    0.21    6.09 v _321_/X (sky130_fd_sc_hd__a21o_1)
     3    0.01                           _063_ (net)
                  0.06    0.00    6.09 v _323_/A2 (sky130_fd_sc_hd__a21bo_1)
                  0.04    0.21    6.30 v _323_/X (sky130_fd_sc_hd__a21bo_1)
     2    0.00                           _065_ (net)
                  0.04    0.00    6.30 v _325_/B (sky130_fd_sc_hd__and3_2)
                  0.07    0.24    6.54 v _325_/X (sky130_fd_sc_hd__and3_2)
     4    0.02                           _067_ (net)
                  0.07    0.00    6.54 v _340_/A (sky130_fd_sc_hd__nor3b_1)
                  0.31    0.32    6.86 ^ _340_/Y (sky130_fd_sc_hd__nor3b_1)
     3    0.01                           _082_ (net)
                  0.31    0.00    6.86 ^ _342_/A (sky130_fd_sc_hd__nor2_1)
                  0.10    0.14    7.00 v _342_/Y (sky130_fd_sc_hd__nor2_1)
     3    0.01                           _084_ (net)
                  0.10    0.00    7.00 v _376_/A1 (sky130_fd_sc_hd__a31o_1)
                  0.04    0.20    7.20 v _376_/X (sky130_fd_sc_hd__a31o_1)
     1    0.00                           _118_ (net)
                  0.04    0.00    7.20 v _377_/B1 (sky130_fd_sc_hd__a21o_1)
                  0.05    0.18    7.38 v _377_/X (sky130_fd_sc_hd__a21o_1)
     2    0.01                           _119_ (net)
                  0.05    0.00    7.38 v _379_/A2 (sky130_fd_sc_hd__a21oi_1)
                  0.21    0.23    7.61 ^ _379_/Y (sky130_fd_sc_hd__a21oi_1)
     2    0.01                           _121_ (net)
                  0.21    0.00    7.61 ^ _380_/S (sky130_fd_sc_hd__mux2_1)
                  0.07    0.39    8.00 v _380_/X (sky130_fd_sc_hd__mux2_1)
     2    0.01                           _122_ (net)
                  0.07    0.00    8.00 v _409_/A1 (sky130_fd_sc_hd__o31a_1)
                  0.07    0.35    8.35 v _409_/X (sky130_fd_sc_hd__o31a_1)
     3    0.01                           _151_ (net)
                  0.07    0.00    8.35 v _414_/B1 (sky130_fd_sc_hd__a31o_1)
                  0.04    0.20    8.54 v _414_/X (sky130_fd_sc_hd__a31o_1)
     1    0.00                           _155_ (net)
                  0.04    0.00    8.54 v _415_/B2 (sky130_fd_sc_hd__a22o_1)
                  0.04    0.20    8.74 v _415_/X (sky130_fd_sc_hd__a22o_1)
     1    0.00                           _002_ (net)
                  0.04    0.00    8.74 v _441_/D (sky130_fd_sc_hd__dfrtp_2)
                                  8.74   data arrival time

                         25.00   25.00   clock clk (rise edge)
                          0.00   25.00   clock source latency
                  0.09    0.06   25.06 ^ clk (in)
     1    0.02                           clk (net)
                  0.09    0.00   25.06 ^ clkbuf_0_clk/A (sky130_fd_sc_hd__clkbuf_16)
                  0.04    0.13   25.20 ^ clkbuf_0_clk/X (sky130_fd_sc_hd__clkbuf_16)
     2    0.02                           clknet_0_clk (net)
                  0.04    0.00   25.20 ^ clkbuf_1_0__f_clk/A (sky130_fd_sc_hd__clkbuf_16)
                  0.04    0.12   25.32 ^ clkbuf_1_0__f_clk/X (sky130_fd_sc_hd__clkbuf_16)
     8    0.02                           clknet_1_0__leaf_clk (net)
                  0.04    0.00   25.32 ^ _441_/CLK (sky130_fd_sc_hd__dfrtp_2)
                         -0.25   25.07   clock uncertainty
                          0.00   25.07   clock reconvergence pessimism
                         -0.11   24.95   library setup time
                                 24.95   data required time
-----------------------------------------------------------------------------
                                 24.95   data required time
                                 -8.74   data arrival time
-----------------------------------------------------------------------------
                                 16.21   slack (MET)


Startpoint: data_in[0] (input port clocked by clk)
Endpoint: _438_ (rising edge-triggered flip-flop clocked by clk)
Path Group: clk
Path Type: max
Corner: Typical

Fanout     Cap    Slew   Delay    Time   Description
-----------------------------------------------------------------------------
                          0.00    0.00   clock clk (rise edge)
                          0.00    0.00   clock network delay (propagated)
                          5.00    5.00 ^ input external delay
                  0.02    0.01    5.01 ^ data_in[0] (in)
     1    0.00                           data_in[0] (net)
                  0.02    0.00    5.01 ^ input1/A (sky130_fd_sc_hd__clkbuf_2)
                  0.15    0.18    5.19 ^ input1/X (sky130_fd_sc_hd__clkbuf_2)
     4    0.03                           net1 (net)
                  0.15    0.00    5.19 ^ _224_/A (sky130_fd_sc_hd__clkbuf_4)
                  0.14    0.25    5.44 ^ _224_/X (sky130_fd_sc_hd__clkbuf_4)
    10    0.04                           _173_ (net)
                  0.14    0.00    5.44 ^ _243_/B (sky130_fd_sc_hd__nand2_1)
                  0.07    0.08    5.52 v _243_/Y (sky130_fd_sc_hd__nand2_1)
     1    0.00                           _192_ (net)
                  0.07    0.00    5.52 v _244_/B (sky130_fd_sc_hd__xor2_1)
                  0.06    0.16    5.69 v _244_/X (sky130_fd_sc_hd__xor2_1)
     2    0.00                           _193_ (net)
                  0.06    0.00    5.69 v _245_/A2 (sky130_fd_sc_hd__a21oi_1)
                  0.09    0.14    5.82 ^ _245_/Y (sky130_fd_sc_hd__a21oi_1)
     1    0.00                           _194_ (net)
                  0.09    0.00    5.82 ^ _246_/A2_N (sky130_fd_sc_hd__o2bb2a_1)
                  0.07    0.24    6.07 v _246_/X (sky130_fd_sc_hd__o2bb2a_1)
     1    0.01                           _195_ (net)
                  0.07    0.00    6.07 v _247_/B1 (sky130_fd_sc_hd__a21o_1)
                  0.03    0.16    6.23 v _247_/X (sky130_fd_sc_hd__a21o_1)
     1    0.00                           _196_ (net)
                  0.03    0.00    6.23 v _248_/B2 (sky130_fd_sc_hd__a22o_1)
                  0.04    0.20    6.42 v _248_/X (sky130_fd_sc_hd__a22o_1)
     1    0.00                           _197_ (net)
                  0.04    0.00    6.42 v _249_/B2 (sky130_fd_sc_hd__a22o_1)
                  0.04    0.20    6.63 v _249_/X (sky130_fd_sc_hd__a22o_1)
     1    0.00                           _198_ (net)
                  0.04    0.00    6.63 v _250_/B2 (sky130_fd_sc_hd__a22o_1)
                  0.04    0.20    6.83 v _250_/X (sky130_fd_sc_hd__a22o_1)
     1    0.00                           _199_ (net)
                  0.04    0.00    6.83 v _251_/C1 (sky130_fd_sc_hd__o221a_1)
                  0.05    0.12    6.95 v _251_/X (sky130_fd_sc_hd__o221a_1)
     1    0.00                           _200_ (net)
                  0.05    0.00    6.95 v _252_/B2 (sky130_fd_sc_hd__o22a_1)
                  0.07    0.20    7.14 v _252_/X (sky130_fd_sc_hd__o22a_1)
     1    0.01                           _201_ (net)
                  0.07    0.00    7.14 v _253_/B1 (sky130_fd_sc_hd__a21oi_4)
                  0.31    0.29    7.43 ^ _253_/Y (sky130_fd_sc_hd__a21oi_4)
    10    0.04                           _202_ (net)
                  0.31    0.00    7.44 ^ _254_/B (sky130_fd_sc_hd__nor2_1)
                  0.11    0.16    7.59 v _254_/Y (sky130_fd_sc_hd__nor2_1)
     4    0.01                           _203_ (net)
                  0.11    0.00    7.59 v _255_/B1_N (sky130_fd_sc_hd__o21ba_1)
                  0.05    0.25    7.84 ^ _255_/X (sky130_fd_sc_hd__o21ba_1)
     1    0.00                           _000_ (net)
                  0.05    0.00    7.84 ^ _438_/D (sky130_fd_sc_hd__dfrtp_1)
                                  7.84   data arrival time

                         25.00   25.00   clock clk (rise edge)
                          0.00   25.00   clock source latency
                  0.09    0.06   25.06 ^ clk (in)
     1    0.02                           clk (net)
                  0.09    0.00   25.06 ^ clkbuf_0_clk/A (sky130_fd_sc_hd__clkbuf_16)
                  0.04    0.13   25.20 ^ clkbuf_0_clk/X (sky130_fd_sc_hd__clkbuf_16)
     2    0.02                           clknet_0_clk (net)
                  0.04    0.00   25.20 ^ clkbuf_1_1__f_clk/A (sky130_fd_sc_hd__clkbuf_16)
                  0.05    0.12   25.32 ^ clkbuf_1_1__f_clk/X (sky130_fd_sc_hd__clkbuf_16)
     6    0.03                           clknet_1_1__leaf_clk (net)
                  0.05    0.00   25.32 ^ _438_/CLK (sky130_fd_sc_hd__dfrtp_1)
                         -0.25   25.07   clock uncertainty
                          0.00   25.07   clock reconvergence pessimism
                         -0.06   25.01   library setup time
                                 25.01   data required time
-----------------------------------------------------------------------------
                                 25.01   data required time
                                 -7.84   data arrival time
-----------------------------------------------------------------------------
                                 17.16   slack (MET)


Startpoint: data_in[0] (input port clocked by clk)
Endpoint: _443_ (rising edge-triggered flip-flop clocked by clk)
Path Group: clk
Path Type: max
Corner: Typical

Fanout     Cap    Slew   Delay    Time   Description
-----------------------------------------------------------------------------
                          0.00    0.00   clock clk (rise edge)
                          0.00    0.00   clock network delay (propagated)
                          5.00    5.00 ^ input external delay
                  0.02    0.01    5.01 ^ data_in[0] (in)
     1    0.00                           data_in[0] (net)
                  0.02    0.00    5.01 ^ input1/A (sky130_fd_sc_hd__clkbuf_2)
                  0.15    0.18    5.19 ^ input1/X (sky130_fd_sc_hd__clkbuf_2)
     4    0.03                           net1 (net)
                  0.15    0.00    5.19 ^ _224_/A (sky130_fd_sc_hd__clkbuf_4)
                  0.14    0.25    5.44 ^ _224_/X (sky130_fd_sc_hd__clkbuf_4)
    10    0.04                           _173_ (net)
                  0.14    0.00    5.44 ^ _243_/B (sky130_fd_sc_hd__nand2_1)
                  0.07    0.08    5.52 v _243_/Y (sky130_fd_sc_hd__nand2_1)
     1    0.00                           _192_ (net)
                  0.07    0.00    5.52 v _244_/B (sky130_fd_sc_hd__xor2_1)
                  0.06    0.16    5.69 v _244_/X (sky130_fd_sc_hd__xor2_1)
     2    0.00                           _193_ (net)
                  0.06    0.00    5.69 v _245_/A2 (sky130_fd_sc_hd__a21oi_1)
                  0.09    0.14    5.82 ^ _245_/Y (sky130_fd_sc_hd__a21oi_1)
     1    0.00                           _194_ (net)
                  0.09    0.00    5.82 ^ _246_/A2_N (sky130_fd_sc_hd__o2bb2a_1)
                  0.07    0.24    6.07 v _246_/X (sky130_fd_sc_hd__o2bb2a_1)
     1    0.01                           _195_ (net)
                  0.07    0.00    6.07 v _247_/B1 (sky130_fd_sc_hd__a21o_1)
                  0.03    0.16    6.23 v _247_/X (sky130_fd_sc_hd__a21o_1)
     1    0.00                           _196_ (net)
                  0.03    0.00    6.23 v _248_/B2 (sky130_fd_sc_hd__a22o_1)
                  0.04    0.20    6.42 v _248_/X (sky130_fd_sc_hd__a22o_1)
     1    0.00                           _197_ (net)
                  0.04    0.00    6.42 v _249_/B2 (sky130_fd_sc_hd__a22o_1)
                  0.04    0.20    6.63 v _249_/X (sky130_fd_sc_hd__a22o_1)
     1    0.00                           _198_ (net)
                  0.04    0.00    6.63 v _250_/B2 (sky130_fd_sc_hd__a22o_1)
                  0.04    0.20    6.83 v _250_/X (sky130_fd_sc_hd__a22o_1)
     1    0.00                           _199_ (net)
                  0.04    0.00    6.83 v _251_/C1 (sky130_fd_sc_hd__o221a_1)
                  0.05    0.12    6.95 v _251_/X (sky130_fd_sc_hd__o221a_1)
     1    0.00                           _200_ (net)
                  0.05    0.00    6.95 v _252_/B2 (sky130_fd_sc_hd__o22a_1)
                  0.07    0.20    7.14 v _252_/X (sky130_fd_sc_hd__o22a_1)
     1    0.01                           _201_ (net)
                  0.07    0.00    7.14 v _253_/B1 (sky130_fd_sc_hd__a21oi_4)
                  0.31    0.29    7.43 ^ _253_/Y (sky130_fd_sc_hd__a21oi_4)
    10    0.04                           _202_ (net)
                  0.31    0.00    7.44 ^ _420_/B (sky130_fd_sc_hd__or3_1)
                  0.04    0.16    7.60 ^ _420_/X (sky130_fd_sc_hd__or3_1)
     1    0.00                           _159_ (net)
                  0.04    0.00    7.60 ^ _421_/B1_N (sky130_fd_sc_hd__a21bo_1)
                  0.03    0.19    7.79 v _421_/X (sky130_fd_sc_hd__a21bo_1)
     1    0.00                           _004_ (net)
                  0.03    0.00    7.79 v _443_/D (sky130_fd_sc_hd__dfrtp_1)
                                  7.79   data arrival time

                         25.00   25.00   clock clk (rise edge)
                          0.00   25.00   clock source latency
                  0.09    0.06   25.06 ^ clk (in)
     1    0.02                           clk (net)
                  0.09    0.00   25.06 ^ clkbuf_0_clk/A (sky130_fd_sc_hd__clkbuf_16)
                  0.04    0.13   25.20 ^ clkbuf_0_clk/X (sky130_fd_sc_hd__clkbuf_16)
     2    0.02                           clknet_0_clk (net)
                  0.04    0.00   25.20 ^ clkbuf_1_0__f_clk/A (sky130_fd_sc_hd__clkbuf_16)
                  0.04    0.12   25.32 ^ clkbuf_1_0__f_clk/X (sky130_fd_sc_hd__clkbuf_16)
     8    0.02                           clknet_1_0__leaf_clk (net)
                  0.04    0.00   25.32 ^ _443_/CLK (sky130_fd_sc_hd__dfrtp_1)
                         -0.25   25.07   clock uncertainty
                          0.00   25.07   clock reconvergence pessimism
                         -0.11   24.96   library setup time
                                 24.96   data required time
-----------------------------------------------------------------------------
                                 24.96   data required time
                                 -7.79   data arrival time
-----------------------------------------------------------------------------
                                 17.17   slack (MET)


Startpoint: data_in[0] (input port clocked by clk)
Endpoint: _450_ (rising edge-triggered flip-flop clocked by clk)
Path Group: clk
Path Type: max
Corner: Typical

Fanout     Cap    Slew   Delay    Time   Description
-----------------------------------------------------------------------------
                          0.00    0.00   clock clk (rise edge)
                          0.00    0.00   clock network delay (propagated)
                          5.00    5.00 ^ input external delay
                  0.02    0.01    5.01 ^ data_in[0] (in)
     1    0.00                           data_in[0] (net)
                  0.02    0.00    5.01 ^ input1/A (sky130_fd_sc_hd__clkbuf_2)
                  0.15    0.18    5.19 ^ input1/X (sky130_fd_sc_hd__clkbuf_2)
     4    0.03                           net1 (net)
                  0.15    0.00    5.19 ^ _224_/A (sky130_fd_sc_hd__clkbuf_4)
                  0.14    0.25    5.44 ^ _224_/X (sky130_fd_sc_hd__clkbuf_4)
    10    0.04                           _173_ (net)
                  0.14    0.00    5.44 ^ _243_/B (sky130_fd_sc_hd__nand2_1)
                  0.07    0.08    5.52 v _243_/Y (sky130_fd_sc_hd__nand2_1)
     1    0.00                           _192_ (net)
                  0.07    0.00    5.52 v _244_/B (sky130_fd_sc_hd__xor2_1)
                  0.06    0.16    5.69 v _244_/X (sky130_fd_sc_hd__xor2_1)
     2    0.00                           _193_ (net)
                  0.06    0.00    5.69 v _245_/A2 (sky130_fd_sc_hd__a21oi_1)
                  0.09    0.14    5.82 ^ _245_/Y (sky130_fd_sc_hd__a21oi_1)
     1    0.00                           _194_ (net)
                  0.09    0.00    5.82 ^ _246_/A2_N (sky130_fd_sc_hd__o2bb2a_1)
                  0.07    0.24    6.07 v _246_/X (sky130_fd_sc_hd__o2bb2a_1)
     1    0.01                           _195_ (net)
                  0.07    0.00    6.07 v _247_/B1 (sky130_fd_sc_hd__a21o_1)
                  0.03    0.16    6.23 v _247_/X (sky130_fd_sc_hd__a21o_1)
     1    0.00                           _196_ (net)
                  0.03    0.00    6.23 v _248_/B2 (sky130_fd_sc_hd__a22o_1)
                  0.04    0.20    6.42 v _248_/X (sky130_fd_sc_hd__a22o_1)
     1    0.00                           _197_ (net)
                  0.04    0.00    6.42 v _249_/B2 (sky130_fd_sc_hd__a22o_1)
                  0.04    0.20    6.63 v _249_/X (sky130_fd_sc_hd__a22o_1)
     1    0.00                           _198_ (net)
                  0.04    0.00    6.63 v _250_/B2 (sky130_fd_sc_hd__a22o_1)
                  0.04    0.20    6.83 v _250_/X (sky130_fd_sc_hd__a22o_1)
     1    0.00                           _199_ (net)
                  0.04    0.00    6.83 v _251_/C1 (sky130_fd_sc_hd__o221a_1)
                  0.05    0.12    6.95 v _251_/X (sky130_fd_sc_hd__o221a_1)
     1    0.00                           _200_ (net)
                  0.05    0.00    6.95 v _252_/B2 (sky130_fd_sc_hd__o22a_1)
                  0.07    0.20    7.14 v _252_/X (sky130_fd_sc_hd__o22a_1)
     1    0.01                           _201_ (net)
                  0.07    0.00    7.14 v _253_/B1 (sky130_fd_sc_hd__a21oi_4)
                  0.31    0.29    7.43 ^ _253_/Y (sky130_fd_sc_hd__a21oi_4)
    10    0.04                           _202_ (net)
                  0.31    0.00    7.44 ^ _435_/A3 (sky130_fd_sc_hd__a31o_1)
                  0.05    0.19    7.63 ^ _435_/X (sky130_fd_sc_hd__a31o_1)
     1    0.00                           _011_ (net)
                  0.05    0.00    7.63 ^ _450_/D (sky130_fd_sc_hd__dfrtp_1)
                                  7.63   data arrival time

                         25.00   25.00   clock clk (rise edge)
                          0.00   25.00   clock source latency
                  0.09    0.06   25.06 ^ clk (in)
     1    0.02                           clk (net)
                  0.09    0.00   25.06 ^ clkbuf_0_clk/A (sky130_fd_sc_hd__clkbuf_16)
                  0.04    0.13   25.20 ^ clkbuf_0_clk/X (sky130_fd_sc_hd__clkbuf_16)
     2    0.02                           clknet_0_clk (net)
                  0.04    0.00   25.20 ^ clkbuf_1_0__f_clk/A (sky130_fd_sc_hd__clkbuf_16)
                  0.04    0.12   25.32 ^ clkbuf_1_0__f_clk/X (sky130_fd_sc_hd__clkbuf_16)
     8    0.02                           clknet_1_0__leaf_clk (net)
                  0.04    0.00   25.32 ^ _450_/CLK (sky130_fd_sc_hd__dfrtp_1)
                         -0.25   25.07   clock uncertainty
                          0.00   25.07   clock reconvergence pessimism
                         -0.06   25.01   library setup time
                                 25.01   data required time
-----------------------------------------------------------------------------
                                 25.01   data required time
                                 -7.63   data arrival time
-----------------------------------------------------------------------------
                                 17.38   slack (MET)


Startpoint: data_in[0] (input port clocked by clk)
Endpoint: _449_ (rising edge-triggered flip-flop clocked by clk)
Path Group: clk
Path Type: max
Corner: Typical

Fanout     Cap    Slew   Delay    Time   Description
-----------------------------------------------------------------------------
                          0.00    0.00   clock clk (rise edge)
                          0.00    0.00   clock network delay (propagated)
                          5.00    5.00 ^ input external delay
                  0.02    0.01    5.01 ^ data_in[0] (in)
     1    0.00                           data_in[0] (net)
                  0.02    0.00    5.01 ^ input1/A (sky130_fd_sc_hd__clkbuf_2)
                  0.15    0.18    5.19 ^ input1/X (sky130_fd_sc_hd__clkbuf_2)
     4    0.03                           net1 (net)
                  0.15    0.00    5.19 ^ _224_/A (sky130_fd_sc_hd__clkbuf_4)
                  0.14    0.25    5.44 ^ _224_/X (sky130_fd_sc_hd__clkbuf_4)
    10    0.04                           _173_ (net)
                  0.14    0.00    5.44 ^ _243_/B (sky130_fd_sc_hd__nand2_1)
                  0.07    0.08    5.52 v _243_/Y (sky130_fd_sc_hd__nand2_1)
     1    0.00                           _192_ (net)
                  0.07    0.00    5.52 v _244_/B (sky130_fd_sc_hd__xor2_1)
                  0.06    0.16    5.69 v _244_/X (sky130_fd_sc_hd__xor2_1)
     2    0.00                           _193_ (net)
                  0.06    0.00    5.69 v _245_/A2 (sky130_fd_sc_hd__a21oi_1)
                  0.09    0.14    5.82 ^ _245_/Y (sky130_fd_sc_hd__a21oi_1)
     1    0.00                           _194_ (net)
                  0.09    0.00    5.82 ^ _246_/A2_N (sky130_fd_sc_hd__o2bb2a_1)
                  0.07    0.24    6.07 v _246_/X (sky130_fd_sc_hd__o2bb2a_1)
     1    0.01                           _195_ (net)
                  0.07    0.00    6.07 v _247_/B1 (sky130_fd_sc_hd__a21o_1)
                  0.03    0.16    6.23 v _247_/X (sky130_fd_sc_hd__a21o_1)
     1    0.00                           _196_ (net)
                  0.03    0.00    6.23 v _248_/B2 (sky130_fd_sc_hd__a22o_1)
                  0.04    0.20    6.42 v _248_/X (sky130_fd_sc_hd__a22o_1)
     1    0.00                           _197_ (net)
                  0.04    0.00    6.42 v _249_/B2 (sky130_fd_sc_hd__a22o_1)
                  0.04    0.20    6.63 v _249_/X (sky130_fd_sc_hd__a22o_1)
     1    0.00                           _198_ (net)
                  0.04    0.00    6.63 v _250_/B2 (sky130_fd_sc_hd__a22o_1)
                  0.04    0.20    6.83 v _250_/X (sky130_fd_sc_hd__a22o_1)
     1    0.00                           _199_ (net)
                  0.04    0.00    6.83 v _251_/C1 (sky130_fd_sc_hd__o221a_1)
                  0.05    0.12    6.95 v _251_/X (sky130_fd_sc_hd__o221a_1)
     1    0.00                           _200_ (net)
                  0.05    0.00    6.95 v _252_/B2 (sky130_fd_sc_hd__o22a_1)
                  0.07    0.20    7.14 v _252_/X (sky130_fd_sc_hd__o22a_1)
     1    0.01                           _201_ (net)
                  0.07    0.00    7.14 v _253_/B1 (sky130_fd_sc_hd__a21oi_4)
                  0.31    0.29    7.43 ^ _253_/Y (sky130_fd_sc_hd__a21oi_4)
    10    0.04                           _202_ (net)
                  0.31    0.00    7.44 ^ _433_/A3 (sky130_fd_sc_hd__a31o_1)
                  0.04    0.19    7.63 ^ _433_/X (sky130_fd_sc_hd__a31o_1)
     1    0.00                           _010_ (net)
                  0.04    0.00    7.63 ^ _449_/D (sky130_fd_sc_hd__dfrtp_1)
                                  7.63   data arrival time

                         25.00   25.00   clock clk (rise edge)
                          0.00   25.00   clock source latency
                  0.09    0.06   25.06 ^ clk (in)
     1    0.02                           clk (net)
                  0.09    0.00   25.06 ^ clkbuf_0_clk/A (sky130_fd_sc_hd__clkbuf_16)
                  0.04    0.13   25.20 ^ clkbuf_0_clk/X (sky130_fd_sc_hd__clkbuf_16)
     2    0.02                           clknet_0_clk (net)
                  0.04    0.00   25.20 ^ clkbuf_1_0__f_clk/A (sky130_fd_sc_hd__clkbuf_16)
                  0.04    0.12   25.32 ^ clkbuf_1_0__f_clk/X (sky130_fd_sc_hd__clkbuf_16)
     8    0.02                           clknet_1_0__leaf_clk (net)
                  0.04    0.00   25.32 ^ _449_/CLK (sky130_fd_sc_hd__dfrtp_1)
                         -0.25   25.07   clock uncertainty
                          0.00   25.07   clock reconvergence pessimism
                         -0.06   25.01   library setup time
                                 25.01   data required time
-----------------------------------------------------------------------------
                                 25.01   data required time
                                 -7.63   data arrival time
-----------------------------------------------------------------------------
                                 17.38   slack (MET)


Startpoint: data_in[0] (input port clocked by clk)
Endpoint: _448_ (rising edge-triggered flip-flop clocked by clk)
Path Group: clk
Path Type: max
Corner: Typical

Fanout     Cap    Slew   Delay    Time   Description
-----------------------------------------------------------------------------
                          0.00    0.00   clock clk (rise edge)
                          0.00    0.00   clock network delay (propagated)
                          5.00    5.00 ^ input external delay
                  0.02    0.01    5.01 ^ data_in[0] (in)
     1    0.00                           data_in[0] (net)
                  0.02    0.00    5.01 ^ input1/A (sky130_fd_sc_hd__clkbuf_2)
                  0.15    0.18    5.19 ^ input1/X (sky130_fd_sc_hd__clkbuf_2)
     4    0.03                           net1 (net)
                  0.15    0.00    5.19 ^ _224_/A (sky130_fd_sc_hd__clkbuf_4)
                  0.14    0.25    5.44 ^ _224_/X (sky130_fd_sc_hd__clkbuf_4)
    10    0.04                           _173_ (net)
                  0.14    0.00    5.44 ^ _243_/B (sky130_fd_sc_hd__nand2_1)
                  0.07    0.08    5.52 v _243_/Y (sky130_fd_sc_hd__nand2_1)
     1    0.00                           _192_ (net)
                  0.07    0.00    5.52 v _244_/B (sky130_fd_sc_hd__xor2_1)
                  0.06    0.16    5.69 v _244_/X (sky130_fd_sc_hd__xor2_1)
     2    0.00                           _193_ (net)
                  0.06    0.00    5.69 v _245_/A2 (sky130_fd_sc_hd__a21oi_1)
                  0.09    0.14    5.82 ^ _245_/Y (sky130_fd_sc_hd__a21oi_1)
     1    0.00                           _194_ (net)
                  0.09    0.00    5.82 ^ _246_/A2_N (sky130_fd_sc_hd__o2bb2a_1)
                  0.07    0.24    6.07 v _246_/X (sky130_fd_sc_hd__o2bb2a_1)
     1    0.01                           _195_ (net)
                  0.07    0.00    6.07 v _247_/B1 (sky130_fd_sc_hd__a21o_1)
                  0.03    0.16    6.23 v _247_/X (sky130_fd_sc_hd__a21o_1)
     1    0.00                           _196_ (net)
                  0.03    0.00    6.23 v _248_/B2 (sky130_fd_sc_hd__a22o_1)
                  0.04    0.20    6.42 v _248_/X (sky130_fd_sc_hd__a22o_1)
     1    0.00                           _197_ (net)
                  0.04    0.00    6.42 v _249_/B2 (sky130_fd_sc_hd__a22o_1)
                  0.04    0.20    6.63 v _249_/X (sky130_fd_sc_hd__a22o_1)
     1    0.00                           _198_ (net)
                  0.04    0.00    6.63 v _250_/B2 (sky130_fd_sc_hd__a22o_1)
                  0.04    0.20    6.83 v _250_/X (sky130_fd_sc_hd__a22o_1)
     1    0.00                           _199_ (net)
                  0.04    0.00    6.83 v _251_/C1 (sky130_fd_sc_hd__o221a_1)
                  0.05    0.12    6.95 v _251_/X (sky130_fd_sc_hd__o221a_1)
     1    0.00                           _200_ (net)
                  0.05    0.00    6.95 v _252_/B2 (sky130_fd_sc_hd__o22a_1)
                  0.07    0.20    7.14 v _252_/X (sky130_fd_sc_hd__o22a_1)
     1    0.01                           _201_ (net)
                  0.07    0.00    7.14 v _253_/B1 (sky130_fd_sc_hd__a21oi_4)
                  0.31    0.29    7.43 ^ _253_/Y (sky130_fd_sc_hd__a21oi_4)
    10    0.04                           _202_ (net)
                  0.31    0.00    7.43 ^ _431_/A3 (sky130_fd_sc_hd__a31o_1)
                  0.04    0.19    7.63 ^ _431_/X (sky130_fd_sc_hd__a31o_1)
     1    0.00                           _009_ (net)
                  0.04    0.00    7.63 ^ _448_/D (sky130_fd_sc_hd__dfrtp_2)
                                  7.63   data arrival time

                         25.00   25.00   clock clk (rise edge)
                          0.00   25.00   clock source latency
                  0.09    0.06   25.06 ^ clk (in)
     1    0.02                           clk (net)
                  0.09    0.00   25.06 ^ clkbuf_0_clk/A (sky130_fd_sc_hd__clkbuf_16)
                  0.04    0.13   25.20 ^ clkbuf_0_clk/X (sky130_fd_sc_hd__clkbuf_16)
     2    0.02                           clknet_0_clk (net)
                  0.04    0.00   25.20 ^ clkbuf_1_1__f_clk/A (sky130_fd_sc_hd__clkbuf_16)
                  0.05    0.12   25.32 ^ clkbuf_1_1__f_clk/X (sky130_fd_sc_hd__clkbuf_16)
     6    0.03                           clknet_1_1__leaf_clk (net)
                  0.05    0.00   25.32 ^ _448_/CLK (sky130_fd_sc_hd__dfrtp_2)
                         -0.25   25.07   clock uncertainty
                          0.00   25.07   clock reconvergence pessimism
                         -0.06   25.01   library setup time
                                 25.01   data required time
-----------------------------------------------------------------------------
                                 25.01   data required time
                                 -7.63   data arrival time
-----------------------------------------------------------------------------
                                 17.38   slack (MET)


Startpoint: data_in[0] (input port clocked by clk)
Endpoint: _444_ (rising edge-triggered flip-flop clocked by clk)
Path Group: clk
Path Type: max
Corner: Typical

Fanout     Cap    Slew   Delay    Time   Description
-----------------------------------------------------------------------------
                          0.00    0.00   clock clk (rise edge)
                          0.00    0.00   clock network delay (propagated)
                          5.00    5.00 ^ input external delay
                  0.02    0.01    5.01 ^ data_in[0] (in)
     1    0.00                           data_in[0] (net)
                  0.02    0.00    5.01 ^ input1/A (sky130_fd_sc_hd__clkbuf_2)
                  0.15    0.18    5.19 ^ input1/X (sky130_fd_sc_hd__clkbuf_2)
     4    0.03                           net1 (net)
                  0.15    0.00    5.19 ^ _224_/A (sky130_fd_sc_hd__clkbuf_4)
                  0.14    0.25    5.44 ^ _224_/X (sky130_fd_sc_hd__clkbuf_4)
    10    0.04                           _173_ (net)
                  0.14    0.00    5.44 ^ _243_/B (sky130_fd_sc_hd__nand2_1)
                  0.07    0.08    5.52 v _243_/Y (sky130_fd_sc_hd__nand2_1)
     1    0.00                           _192_ (net)
                  0.07    0.00    5.52 v _244_/B (sky130_fd_sc_hd__xor2_1)
                  0.06    0.16    5.69 v _244_/X (sky130_fd_sc_hd__xor2_1)
     2    0.00                           _193_ (net)
                  0.06    0.00    5.69 v _245_/A2 (sky130_fd_sc_hd__a21oi_1)
                  0.09    0.14    5.82 ^ _245_/Y (sky130_fd_sc_hd__a21oi_1)
     1    0.00                           _194_ (net)
                  0.09    0.00    5.82 ^ _246_/A2_N (sky130_fd_sc_hd__o2bb2a_1)
                  0.07    0.24    6.07 v _246_/X (sky130_fd_sc_hd__o2bb2a_1)
     1    0.01                           _195_ (net)
                  0.07    0.00    6.07 v _247_/B1 (sky130_fd_sc_hd__a21o_1)
                  0.03    0.16    6.23 v _247_/X (sky130_fd_sc_hd__a21o_1)
     1    0.00                           _196_ (net)
                  0.03    0.00    6.23 v _248_/B2 (sky130_fd_sc_hd__a22o_1)
                  0.04    0.20    6.42 v _248_/X (sky130_fd_sc_hd__a22o_1)
     1    0.00                           _197_ (net)
                  0.04    0.00    6.42 v _249_/B2 (sky130_fd_sc_hd__a22o_1)
                  0.04    0.20    6.63 v _249_/X (sky130_fd_sc_hd__a22o_1)
     1    0.00                           _198_ (net)
                  0.04    0.00    6.63 v _250_/B2 (sky130_fd_sc_hd__a22o_1)
                  0.04    0.20    6.83 v _250_/X (sky130_fd_sc_hd__a22o_1)
     1    0.00                           _199_ (net)
                  0.04    0.00    6.83 v _251_/C1 (sky130_fd_sc_hd__o221a_1)
                  0.05    0.12    6.95 v _251_/X (sky130_fd_sc_hd__o221a_1)
     1    0.00                           _200_ (net)
                  0.05    0.00    6.95 v _252_/B2 (sky130_fd_sc_hd__o22a_1)
                  0.07    0.20    7.14 v _252_/X (sky130_fd_sc_hd__o22a_1)
     1    0.01                           _201_ (net)
                  0.07    0.00    7.14 v _253_/B1 (sky130_fd_sc_hd__a21oi_4)
                  0.31    0.29    7.43 ^ _253_/Y (sky130_fd_sc_hd__a21oi_4)
    10    0.04                           _202_ (net)
                  0.31    0.00    7.44 ^ _423_/A3 (sky130_fd_sc_hd__a31o_1)
                  0.04    0.19    7.63 ^ _423_/X (sky130_fd_sc_hd__a31o_1)
     1    0.00                           _005_ (net)
                  0.04    0.00    7.63 ^ _444_/D (sky130_fd_sc_hd__dfrtp_1)
                                  7.63   data arrival time

                         25.00   25.00   clock clk (rise edge)
                          0.00   25.00   clock source latency
                  0.09    0.06   25.06 ^ clk (in)
     1    0.02                           clk (net)
                  0.09    0.00   25.06 ^ clkbuf_0_clk/A (sky130_fd_sc_hd__clkbuf_16)
                  0.04    0.13   25.20 ^ clkbuf_0_clk/X (sky130_fd_sc_hd__clkbuf_16)
     2    0.02                           clknet_0_clk (net)
                  0.04    0.00   25.20 ^ clkbuf_1_0__f_clk/A (sky130_fd_sc_hd__clkbuf_16)
                  0.04    0.12   25.32 ^ clkbuf_1_0__f_clk/X (sky130_fd_sc_hd__clkbuf_16)
     8    0.02                           clknet_1_0__leaf_clk (net)
                  0.04    0.00   25.32 ^ _444_/CLK (sky130_fd_sc_hd__dfrtp_1)
                         -0.25   25.07   clock uncertainty
                          0.00   25.07   clock reconvergence pessimism
                         -0.06   25.01   library setup time
                                 25.01   data required time
-----------------------------------------------------------------------------
                                 25.01   data required time
                                 -7.63   data arrival time
-----------------------------------------------------------------------------
                                 17.38   slack (MET)


Startpoint: data_in[0] (input port clocked by clk)
Endpoint: _451_ (rising edge-triggered flip-flop clocked by clk)
Path Group: clk
Path Type: max
Corner: Typical

Fanout     Cap    Slew   Delay    Time   Description
-----------------------------------------------------------------------------
                          0.00    0.00   clock clk (rise edge)
                          0.00    0.00   clock network delay (propagated)
                          5.00    5.00 ^ input external delay
                  0.02    0.01    5.01 ^ data_in[0] (in)
     1    0.00                           data_in[0] (net)
                  0.02    0.00    5.01 ^ input1/A (sky130_fd_sc_hd__clkbuf_2)
                  0.15    0.18    5.19 ^ input1/X (sky130_fd_sc_hd__clkbuf_2)
     4    0.03                           net1 (net)
                  0.15    0.00    5.19 ^ _224_/A (sky130_fd_sc_hd__clkbuf_4)
                  0.14    0.25    5.44 ^ _224_/X (sky130_fd_sc_hd__clkbuf_4)
    10    0.04                           _173_ (net)
                  0.14    0.00    5.44 ^ _243_/B (sky130_fd_sc_hd__nand2_1)
                  0.07    0.08    5.52 v _243_/Y (sky130_fd_sc_hd__nand2_1)
     1    0.00                           _192_ (net)
                  0.07    0.00    5.52 v _244_/B (sky130_fd_sc_hd__xor2_1)
                  0.06    0.16    5.69 v _244_/X (sky130_fd_sc_hd__xor2_1)
     2    0.00                           _193_ (net)
                  0.06    0.00    5.69 v _245_/A2 (sky130_fd_sc_hd__a21oi_1)
                  0.09    0.14    5.82 ^ _245_/Y (sky130_fd_sc_hd__a21oi_1)
     1    0.00                           _194_ (net)
                  0.09    0.00    5.82 ^ _246_/A2_N (sky130_fd_sc_hd__o2bb2a_1)
                  0.07    0.24    6.07 v _246_/X (sky130_fd_sc_hd__o2bb2a_1)
     1    0.01                           _195_ (net)
                  0.07    0.00    6.07 v _247_/B1 (sky130_fd_sc_hd__a21o_1)
                  0.03    0.16    6.23 v _247_/X (sky130_fd_sc_hd__a21o_1)
     1    0.00                           _196_ (net)
                  0.03    0.00    6.23 v _248_/B2 (sky130_fd_sc_hd__a22o_1)
                  0.04    0.20    6.42 v _248_/X (sky130_fd_sc_hd__a22o_1)
     1    0.00                           _197_ (net)
                  0.04    0.00    6.42 v _249_/B2 (sky130_fd_sc_hd__a22o_1)
                  0.04    0.20    6.63 v _249_/X (sky130_fd_sc_hd__a22o_1)
     1    0.00                           _198_ (net)
                  0.04    0.00    6.63 v _250_/B2 (sky130_fd_sc_hd__a22o_1)
                  0.04    0.20    6.83 v _250_/X (sky130_fd_sc_hd__a22o_1)
     1    0.00                           _199_ (net)
                  0.04    0.00    6.83 v _251_/C1 (sky130_fd_sc_hd__o221a_1)
                  0.05    0.12    6.95 v _251_/X (sky130_fd_sc_hd__o221a_1)
     1    0.00                           _200_ (net)
                  0.05    0.00    6.95 v _252_/B2 (sky130_fd_sc_hd__o22a_1)
                  0.07    0.20    7.14 v _252_/X (sky130_fd_sc_hd__o22a_1)
     1    0.01                           _201_ (net)
                  0.07    0.00    7.14 v _253_/B1 (sky130_fd_sc_hd__a21oi_4)
                  0.31    0.29    7.43 ^ _253_/Y (sky130_fd_sc_hd__a21oi_4)
    10    0.04                           _202_ (net)
                  0.31    0.00    7.44 ^ _437_/A3 (sky130_fd_sc_hd__a31o_1)
                  0.04    0.19    7.63 ^ _437_/X (sky130_fd_sc_hd__a31o_1)
     1    0.00                           _012_ (net)
                  0.04    0.00    7.63 ^ _451_/D (sky130_fd_sc_hd__dfrtp_1)
                                  7.63   data arrival time

                         25.00   25.00   clock clk (rise edge)
                          0.00   25.00   clock source latency
                  0.09    0.06   25.06 ^ clk (in)
     1    0.02                           clk (net)
                  0.09    0.00   25.06 ^ clkbuf_0_clk/A (sky130_fd_sc_hd__clkbuf_16)
                  0.04    0.13   25.20 ^ clkbuf_0_clk/X (sky130_fd_sc_hd__clkbuf_16)
     2    0.02                           clknet_0_clk (net)
                  0.04    0.00   25.20 ^ clkbuf_1_0__f_clk/A (sky130_fd_sc_hd__clkbuf_16)
                  0.04    0.12   25.32 ^ clkbuf_1_0__f_clk/X (sky130_fd_sc_hd__clkbuf_16)
     8    0.02                           clknet_1_0__leaf_clk (net)
                  0.04    0.00   25.32 ^ _451_/CLK (sky130_fd_sc_hd__dfrtp_1)
                         -0.25   25.07   clock uncertainty
                          0.00   25.07   clock reconvergence pessimism
                         -0.06   25.01   library setup time
                                 25.01   data required time
-----------------------------------------------------------------------------
                                 25.01   data required time
                                 -7.63   data arrival time
-----------------------------------------------------------------------------
                                 17.38   slack (MET)


Startpoint: data_in[0] (input port clocked by clk)
Endpoint: _445_ (rising edge-triggered flip-flop clocked by clk)
Path Group: clk
Path Type: max
Corner: Typical

Fanout     Cap    Slew   Delay    Time   Description
-----------------------------------------------------------------------------
                          0.00    0.00   clock clk (rise edge)
                          0.00    0.00   clock network delay (propagated)
                          5.00    5.00 ^ input external delay
                  0.02    0.01    5.01 ^ data_in[0] (in)
     1    0.00                           data_in[0] (net)
                  0.02    0.00    5.01 ^ input1/A (sky130_fd_sc_hd__clkbuf_2)
                  0.15    0.18    5.19 ^ input1/X (sky130_fd_sc_hd__clkbuf_2)
     4    0.03                           net1 (net)
                  0.15    0.00    5.19 ^ _224_/A (sky130_fd_sc_hd__clkbuf_4)
                  0.14    0.25    5.44 ^ _224_/X (sky130_fd_sc_hd__clkbuf_4)
    10    0.04                           _173_ (net)
                  0.14    0.00    5.44 ^ _243_/B (sky130_fd_sc_hd__nand2_1)
                  0.07    0.08    5.52 v _243_/Y (sky130_fd_sc_hd__nand2_1)
     1    0.00                           _192_ (net)
                  0.07    0.00    5.52 v _244_/B (sky130_fd_sc_hd__xor2_1)
                  0.06    0.16    5.69 v _244_/X (sky130_fd_sc_hd__xor2_1)
     2    0.00                           _193_ (net)
                  0.06    0.00    5.69 v _245_/A2 (sky130_fd_sc_hd__a21oi_1)
                  0.09    0.14    5.82 ^ _245_/Y (sky130_fd_sc_hd__a21oi_1)
     1    0.00                           _194_ (net)
                  0.09    0.00    5.82 ^ _246_/A2_N (sky130_fd_sc_hd__o2bb2a_1)
                  0.07    0.24    6.07 v _246_/X (sky130_fd_sc_hd__o2bb2a_1)
     1    0.01                           _195_ (net)
                  0.07    0.00    6.07 v _247_/B1 (sky130_fd_sc_hd__a21o_1)
                  0.03    0.16    6.23 v _247_/X (sky130_fd_sc_hd__a21o_1)
     1    0.00                           _196_ (net)
                  0.03    0.00    6.23 v _248_/B2 (sky130_fd_sc_hd__a22o_1)
                  0.04    0.20    6.42 v _248_/X (sky130_fd_sc_hd__a22o_1)
     1    0.00                           _197_ (net)
                  0.04    0.00    6.42 v _249_/B2 (sky130_fd_sc_hd__a22o_1)
                  0.04    0.20    6.63 v _249_/X (sky130_fd_sc_hd__a22o_1)
     1    0.00                           _198_ (net)
                  0.04    0.00    6.63 v _250_/B2 (sky130_fd_sc_hd__a22o_1)
                  0.04    0.20    6.83 v _250_/X (sky130_fd_sc_hd__a22o_1)
     1    0.00                           _199_ (net)
                  0.04    0.00    6.83 v _251_/C1 (sky130_fd_sc_hd__o221a_1)
                  0.05    0.12    6.95 v _251_/X (sky130_fd_sc_hd__o221a_1)
     1    0.00                           _200_ (net)
                  0.05    0.00    6.95 v _252_/B2 (sky130_fd_sc_hd__o22a_1)
                  0.07    0.20    7.14 v _252_/X (sky130_fd_sc_hd__o22a_1)
     1    0.01                           _201_ (net)
                  0.07    0.00    7.14 v _253_/B1 (sky130_fd_sc_hd__a21oi_4)
                  0.31    0.29    7.43 ^ _253_/Y (sky130_fd_sc_hd__a21oi_4)
    10    0.04                           _202_ (net)
                  0.31    0.00    7.43 ^ _425_/A3 (sky130_fd_sc_hd__a31o_1)
                  0.05    0.19    7.63 ^ _425_/X (sky130_fd_sc_hd__a31o_1)
     1    0.00                           _006_ (net)
                  0.05    0.00    7.63 ^ _445_/D (sky130_fd_sc_hd__dfrtp_1)
                                  7.63   data arrival time

                         25.00   25.00   clock clk (rise edge)
                          0.00   25.00   clock source latency
                  0.09    0.06   25.06 ^ clk (in)
     1    0.02                           clk (net)
                  0.09    0.00   25.06 ^ clkbuf_0_clk/A (sky130_fd_sc_hd__clkbuf_16)
                  0.04    0.13   25.20 ^ clkbuf_0_clk/X (sky130_fd_sc_hd__clkbuf_16)
     2    0.02                           clknet_0_clk (net)
                  0.04    0.00   25.20 ^ clkbuf_1_1__f_clk/A (sky130_fd_sc_hd__clkbuf_16)
                  0.05    0.12   25.32 ^ clkbuf_1_1__f_clk/X (sky130_fd_sc_hd__clkbuf_16)
     6    0.03                           clknet_1_1__leaf_clk (net)
                  0.05    0.00   25.32 ^ _445_/CLK (sky130_fd_sc_hd__dfrtp_1)
                         -0.25   25.07   clock uncertainty
                          0.00   25.07   clock reconvergence pessimism
                         -0.06   25.01   library setup time
                                 25.01   data required time
-----------------------------------------------------------------------------
                                 25.01   data required time
                                 -7.63   data arrival time
-----------------------------------------------------------------------------
                                 17.38   slack (MET)


Startpoint: data_in[0] (input port clocked by clk)
Endpoint: _447_ (rising edge-triggered flip-flop clocked by clk)
Path Group: clk
Path Type: max
Corner: Typical

Fanout     Cap    Slew   Delay    Time   Description
-----------------------------------------------------------------------------
                          0.00    0.00   clock clk (rise edge)
                          0.00    0.00   clock network delay (propagated)
                          5.00    5.00 ^ input external delay
                  0.02    0.01    5.01 ^ data_in[0] (in)
     1    0.00                           data_in[0] (net)
                  0.02    0.00    5.01 ^ input1/A (sky130_fd_sc_hd__clkbuf_2)
                  0.15    0.18    5.19 ^ input1/X (sky130_fd_sc_hd__clkbuf_2)
     4    0.03                           net1 (net)
                  0.15    0.00    5.19 ^ _224_/A (sky130_fd_sc_hd__clkbuf_4)
                  0.14    0.25    5.44 ^ _224_/X (sky130_fd_sc_hd__clkbuf_4)
    10    0.04                           _173_ (net)
                  0.14    0.00    5.44 ^ _243_/B (sky130_fd_sc_hd__nand2_1)
                  0.07    0.08    5.52 v _243_/Y (sky130_fd_sc_hd__nand2_1)
     1    0.00                           _192_ (net)
                  0.07    0.00    5.52 v _244_/B (sky130_fd_sc_hd__xor2_1)
                  0.06    0.16    5.69 v _244_/X (sky130_fd_sc_hd__xor2_1)
     2    0.00                           _193_ (net)
                  0.06    0.00    5.69 v _245_/A2 (sky130_fd_sc_hd__a21oi_1)
                  0.09    0.14    5.82 ^ _245_/Y (sky130_fd_sc_hd__a21oi_1)
     1    0.00                           _194_ (net)
                  0.09    0.00    5.82 ^ _246_/A2_N (sky130_fd_sc_hd__o2bb2a_1)
                  0.07    0.24    6.07 v _246_/X (sky130_fd_sc_hd__o2bb2a_1)
     1    0.01                           _195_ (net)
                  0.07    0.00    6.07 v _247_/B1 (sky130_fd_sc_hd__a21o_1)
                  0.03    0.16    6.23 v _247_/X (sky130_fd_sc_hd__a21o_1)
     1    0.00                           _196_ (net)
                  0.03    0.00    6.23 v _248_/B2 (sky130_fd_sc_hd__a22o_1)
                  0.04    0.20    6.42 v _248_/X (sky130_fd_sc_hd__a22o_1)
     1    0.00                           _197_ (net)
                  0.04    0.00    6.42 v _249_/B2 (sky130_fd_sc_hd__a22o_1)
                  0.04    0.20    6.63 v _249_/X (sky130_fd_sc_hd__a22o_1)
     1    0.00                           _198_ (net)
                  0.04    0.00    6.63 v _250_/B2 (sky130_fd_sc_hd__a22o_1)
                  0.04    0.20    6.83 v _250_/X (sky130_fd_sc_hd__a22o_1)
     1    0.00                           _199_ (net)
                  0.04    0.00    6.83 v _251_/C1 (sky130_fd_sc_hd__o221a_1)
                  0.05    0.12    6.95 v _251_/X (sky130_fd_sc_hd__o221a_1)
     1    0.00                           _200_ (net)
                  0.05    0.00    6.95 v _252_/B2 (sky130_fd_sc_hd__o22a_1)
                  0.07    0.20    7.14 v _252_/X (sky130_fd_sc_hd__o22a_1)
     1    0.01                           _201_ (net)
                  0.07    0.00    7.14 v _253_/B1 (sky130_fd_sc_hd__a21oi_4)
                  0.31    0.29    7.43 ^ _253_/Y (sky130_fd_sc_hd__a21oi_4)
    10    0.04                           _202_ (net)
                  0.31    0.00    7.43 ^ _429_/A3 (sky130_fd_sc_hd__a31o_1)
                  0.04    0.19    7.63 ^ _429_/X (sky130_fd_sc_hd__a31o_1)
     1    0.00                           _008_ (net)
                  0.04    0.00    7.63 ^ _447_/D (sky130_fd_sc_hd__dfrtp_1)
                                  7.63   data arrival time

                         25.00   25.00   clock clk (rise edge)
                          0.00   25.00   clock source latency
                  0.09    0.06   25.06 ^ clk (in)
     1    0.02                           clk (net)
                  0.09    0.00   25.06 ^ clkbuf_0_clk/A (sky130_fd_sc_hd__clkbuf_16)
                  0.04    0.13   25.20 ^ clkbuf_0_clk/X (sky130_fd_sc_hd__clkbuf_16)
     2    0.02                           clknet_0_clk (net)
                  0.04    0.00   25.20 ^ clkbuf_1_1__f_clk/A (sky130_fd_sc_hd__clkbuf_16)
                  0.05    0.12   25.32 ^ clkbuf_1_1__f_clk/X (sky130_fd_sc_hd__clkbuf_16)
     6    0.03                           clknet_1_1__leaf_clk (net)
                  0.05    0.00   25.32 ^ _447_/CLK (sky130_fd_sc_hd__dfrtp_1)
                         -0.25   25.07   clock uncertainty
                          0.00   25.07   clock reconvergence pessimism
                         -0.06   25.01   library setup time
                                 25.01   data required time
-----------------------------------------------------------------------------
                                 25.01   data required time
                                 -7.63   data arrival time
-----------------------------------------------------------------------------
                                 17.38   slack (MET)


Startpoint: data_in[0] (input port clocked by clk)
Endpoint: _446_ (rising edge-triggered flip-flop clocked by clk)
Path Group: clk
Path Type: max
Corner: Typical

Fanout     Cap    Slew   Delay    Time   Description
-----------------------------------------------------------------------------
                          0.00    0.00   clock clk (rise edge)
                          0.00    0.00   clock network delay (propagated)
                          5.00    5.00 ^ input external delay
                  0.02    0.01    5.01 ^ data_in[0] (in)
     1    0.00                           data_in[0] (net)
                  0.02    0.00    5.01 ^ input1/A (sky130_fd_sc_hd__clkbuf_2)
                  0.15    0.18    5.19 ^ input1/X (sky130_fd_sc_hd__clkbuf_2)
     4    0.03                           net1 (net)
                  0.15    0.00    5.19 ^ _224_/A (sky130_fd_sc_hd__clkbuf_4)
                  0.14    0.25    5.44 ^ _224_/X (sky130_fd_sc_hd__clkbuf_4)
    10    0.04                           _173_ (net)
                  0.14    0.00    5.44 ^ _243_/B (sky130_fd_sc_hd__nand2_1)
                  0.07    0.08    5.52 v _243_/Y (sky130_fd_sc_hd__nand2_1)
     1    0.00                           _192_ (net)
                  0.07    0.00    5.52 v _244_/B (sky130_fd_sc_hd__xor2_1)
                  0.06    0.16    5.69 v _244_/X (sky130_fd_sc_hd__xor2_1)
     2    0.00                           _193_ (net)
                  0.06    0.00    5.69 v _245_/A2 (sky130_fd_sc_hd__a21oi_1)
                  0.09    0.14    5.82 ^ _245_/Y (sky130_fd_sc_hd__a21oi_1)
     1    0.00                           _194_ (net)
                  0.09    0.00    5.82 ^ _246_/A2_N (sky130_fd_sc_hd__o2bb2a_1)
                  0.07    0.24    6.07 v _246_/X (sky130_fd_sc_hd__o2bb2a_1)
     1    0.01                           _195_ (net)
                  0.07    0.00    6.07 v _247_/B1 (sky130_fd_sc_hd__a21o_1)
                  0.03    0.16    6.23 v _247_/X (sky130_fd_sc_hd__a21o_1)
     1    0.00                           _196_ (net)
                  0.03    0.00    6.23 v _248_/B2 (sky130_fd_sc_hd__a22o_1)
                  0.04    0.20    6.42 v _248_/X (sky130_fd_sc_hd__a22o_1)
     1    0.00                           _197_ (net)
                  0.04    0.00    6.42 v _249_/B2 (sky130_fd_sc_hd__a22o_1)
                  0.04    0.20    6.63 v _249_/X (sky130_fd_sc_hd__a22o_1)
     1    0.00                           _198_ (net)
                  0.04    0.00    6.63 v _250_/B2 (sky130_fd_sc_hd__a22o_1)
                  0.04    0.20    6.83 v _250_/X (sky130_fd_sc_hd__a22o_1)
     1    0.00                           _199_ (net)
                  0.04    0.00    6.83 v _251_/C1 (sky130_fd_sc_hd__o221a_1)
                  0.05    0.12    6.95 v _251_/X (sky130_fd_sc_hd__o221a_1)
     1    0.00                           _200_ (net)
                  0.05    0.00    6.95 v _252_/B2 (sky130_fd_sc_hd__o22a_1)
                  0.07    0.20    7.14 v _252_/X (sky130_fd_sc_hd__o22a_1)
     1    0.01                           _201_ (net)
                  0.07    0.00    7.14 v _253_/B1 (sky130_fd_sc_hd__a21oi_4)
                  0.31    0.29    7.43 ^ _253_/Y (sky130_fd_sc_hd__a21oi_4)
    10    0.04                           _202_ (net)
                  0.31    0.00    7.43 ^ _427_/A3 (sky130_fd_sc_hd__a31o_1)
                  0.04    0.19    7.63 ^ _427_/X (sky130_fd_sc_hd__a31o_1)
     1    0.00                           _007_ (net)
                  0.04    0.00    7.63 ^ _446_/D (sky130_fd_sc_hd__dfrtp_1)
                                  7.63   data arrival time

                         25.00   25.00   clock clk (rise edge)
                          0.00   25.00   clock source latency
                  0.09    0.06   25.06 ^ clk (in)
     1    0.02                           clk (net)
                  0.09    0.00   25.06 ^ clkbuf_0_clk/A (sky130_fd_sc_hd__clkbuf_16)
                  0.04    0.13   25.20 ^ clkbuf_0_clk/X (sky130_fd_sc_hd__clkbuf_16)
     2    0.02                           clknet_0_clk (net)
                  0.04    0.00   25.20 ^ clkbuf_1_1__f_clk/A (sky130_fd_sc_hd__clkbuf_16)
                  0.05    0.12   25.32 ^ clkbuf_1_1__f_clk/X (sky130_fd_sc_hd__clkbuf_16)
     6    0.03                           clknet_1_1__leaf_clk (net)
                  0.05    0.00   25.32 ^ _446_/CLK (sky130_fd_sc_hd__dfrtp_1)
                         -0.25   25.07   clock uncertainty
                          0.00   25.07   clock reconvergence pessimism
                         -0.06   25.01   library setup time
                                 25.01   data required time
-----------------------------------------------------------------------------
                                 25.01   data required time
                                 -7.63   data arrival time
-----------------------------------------------------------------------------
                                 17.38   slack (MET)


Startpoint: _447_ (rising edge-triggered flip-flop clocked by clk)
Endpoint: sideband_out[3] (output port clocked by clk)
Path Group: clk
Path Type: max
Corner: Typical

Fanout     Cap    Slew   Delay    Time   Description
-----------------------------------------------------------------------------
                          0.00    0.00   clock clk (rise edge)
                          0.00    0.00   clock source latency
                  0.09    0.07    0.07 ^ clk (in)
     1    0.02                           clk (net)
                  0.09    0.00    0.07 ^ clkbuf_0_clk/A (sky130_fd_sc_hd__clkbuf_16)
                  0.04    0.15    0.22 ^ clkbuf_0_clk/X (sky130_fd_sc_hd__clkbuf_16)
     2    0.02                           clknet_0_clk (net)
                  0.04    0.00    0.22 ^ clkbuf_1_1__f_clk/A (sky130_fd_sc_hd__clkbuf_16)
                  0.05    0.14    0.35 ^ clkbuf_1_1__f_clk/X (sky130_fd_sc_hd__clkbuf_16)
     6    0.03                           clknet_1_1__leaf_clk (net)
                  0.05    0.00    0.35 ^ _447_/CLK (sky130_fd_sc_hd__dfrtp_1)
                  0.17    0.44    0.79 ^ _447_/Q (sky130_fd_sc_hd__dfrtp_1)
     2    0.02                           net31 (net)
                  0.17    0.00    0.79 ^ output31/A (sky130_fd_sc_hd__clkbuf_4)
                  0.11    0.24    1.03 ^ output31/X (sky130_fd_sc_hd__clkbuf_4)
     1    0.03                           sideband_out[3] (net)
                  0.11    0.00    1.03 ^ sideband_out[3] (out)
                                  1.03   data arrival time

                         25.00   25.00   clock clk (rise edge)
                          0.00   25.00   clock network delay (propagated)
                         -0.25   24.75   clock uncertainty
                          0.00   24.75   clock reconvergence pessimism
                         -5.00   19.75   output external delay
                                 19.75   data required time
-----------------------------------------------------------------------------
                                 19.75   data required time
                                 -1.03   data arrival time
-----------------------------------------------------------------------------
                                 18.72   slack (MET)


Startpoint: _449_ (rising edge-triggered flip-flop clocked by clk)
Endpoint: sideband_out[5] (output port clocked by clk)
Path Group: clk
Path Type: max
Corner: Typical

Fanout     Cap    Slew   Delay    Time   Description
-----------------------------------------------------------------------------
                          0.00    0.00   clock clk (rise edge)
                          0.00    0.00   clock source latency
                  0.09    0.07    0.07 ^ clk (in)
     1    0.02                           clk (net)
                  0.09    0.00    0.07 ^ clkbuf_0_clk/A (sky130_fd_sc_hd__clkbuf_16)
                  0.04    0.15    0.22 ^ clkbuf_0_clk/X (sky130_fd_sc_hd__clkbuf_16)
     2    0.02                           clknet_0_clk (net)
                  0.04    0.00    0.22 ^ clkbuf_1_0__f_clk/A (sky130_fd_sc_hd__clkbuf_16)
                  0.04    0.13    0.35 ^ clkbuf_1_0__f_clk/X (sky130_fd_sc_hd__clkbuf_16)
     8    0.02                           clknet_1_0__leaf_clk (net)
                  0.04    0.00    0.35 ^ _449_/CLK (sky130_fd_sc_hd__dfrtp_1)
                  0.17    0.43    0.78 ^ _449_/Q (sky130_fd_sc_hd__dfrtp_1)
     2    0.02                           net33 (net)
                  0.17    0.00    0.78 ^ output33/A (sky130_fd_sc_hd__clkbuf_4)
                  0.11    0.24    1.02 ^ output33/X (sky130_fd_sc_hd__clkbuf_4)
     1    0.03                           sideband_out[5] (net)
                  0.11    0.00    1.02 ^ sideband_out[5] (out)
                                  1.02   data arrival time

                         25.00   25.00   clock clk (rise edge)
                          0.00   25.00   clock network delay (propagated)
                         -0.25   24.75   clock uncertainty
                          0.00   24.75   clock reconvergence pessimism
                         -5.00   19.75   output external delay
                                 19.75   data required time
-----------------------------------------------------------------------------
                                 19.75   data required time
                                 -1.02   data arrival time
-----------------------------------------------------------------------------
                                 18.73   slack (MET)


Startpoint: _448_ (rising edge-triggered flip-flop clocked by clk)
Endpoint: sideband_out[4] (output port clocked by clk)
Path Group: clk
Path Type: max
Corner: Typical

Fanout     Cap    Slew   Delay    Time   Description
-----------------------------------------------------------------------------
                          0.00    0.00   clock clk (rise edge)
                          0.00    0.00   clock source latency
                  0.09    0.07    0.07 ^ clk (in)
     1    0.02                           clk (net)
                  0.09    0.00    0.07 ^ clkbuf_0_clk/A (sky130_fd_sc_hd__clkbuf_16)
                  0.04    0.15    0.22 ^ clkbuf_0_clk/X (sky130_fd_sc_hd__clkbuf_16)
     2    0.02                           clknet_0_clk (net)
                  0.04    0.00    0.22 ^ clkbuf_1_1__f_clk/A (sky130_fd_sc_hd__clkbuf_16)
                  0.05    0.14    0.35 ^ clkbuf_1_1__f_clk/X (sky130_fd_sc_hd__clkbuf_16)
     6    0.03                           clknet_1_1__leaf_clk (net)
                  0.05    0.00    0.35 ^ _448_/CLK (sky130_fd_sc_hd__dfrtp_2)
                  0.08    0.46    0.81 v _448_/Q (sky130_fd_sc_hd__dfrtp_2)
     2    0.02                           net32 (net)
                  0.08    0.00    0.81 v output32/A (sky130_fd_sc_hd__clkbuf_4)
                  0.08    0.21    1.02 v output32/X (sky130_fd_sc_hd__clkbuf_4)
     1    0.03                           sideband_out[4] (net)
                  0.08    0.00    1.02 v sideband_out[4] (out)
                                  1.02   data arrival time

                         25.00   25.00   clock clk (rise edge)
                          0.00   25.00   clock network delay (propagated)
                         -0.25   24.75   clock uncertainty
                          0.00   24.75   clock reconvergence pessimism
                         -5.00   19.75   output external delay
                                 19.75   data required time
-----------------------------------------------------------------------------
                                 19.75   data required time
                                 -1.02   data arrival time
-----------------------------------------------------------------------------
                                 18.73   slack (MET)


Startpoint: _445_ (rising edge-triggered flip-flop clocked by clk)
Endpoint: sideband_out[1] (output port clocked by clk)
Path Group: clk
Path Type: max
Corner: Typical

Fanout     Cap    Slew   Delay    Time   Description
-----------------------------------------------------------------------------
                          0.00    0.00   clock clk (rise edge)
                          0.00    0.00   clock source latency
                  0.09    0.07    0.07 ^ clk (in)
     1    0.02                           clk (net)
                  0.09    0.00    0.07 ^ clkbuf_0_clk/A (sky130_fd_sc_hd__clkbuf_16)
                  0.04    0.15    0.22 ^ clkbuf_0_clk/X (sky130_fd_sc_hd__clkbuf_16)
     2    0.02                           clknet_0_clk (net)
                  0.04    0.00    0.22 ^ clkbuf_1_1__f_clk/A (sky130_fd_sc_hd__clkbuf_16)
                  0.05    0.14    0.35 ^ clkbuf_1_1__f_clk/X (sky130_fd_sc_hd__clkbuf_16)
     6    0.03                           clknet_1_1__leaf_clk (net)
                  0.05    0.00    0.35 ^ _445_/CLK (sky130_fd_sc_hd__dfrtp_1)
                  0.16    0.43    0.78 ^ _445_/Q (sky130_fd_sc_hd__dfrtp_1)
     2    0.02                           net29 (net)
                  0.16    0.00    0.78 ^ output29/A (sky130_fd_sc_hd__clkbuf_4)
                  0.11    0.24    1.02 ^ output29/X (sky130_fd_sc_hd__clkbuf_4)
     1    0.03                           sideband_out[1] (net)
                  0.11    0.00    1.02 ^ sideband_out[1] (out)
                                  1.02   data arrival time

                         25.00   25.00   clock clk (rise edge)
                          0.00   25.00   clock network delay (propagated)
                         -0.25   24.75   clock uncertainty
                          0.00   24.75   clock reconvergence pessimism
                         -5.00   19.75   output external delay
                                 19.75   data required time
-----------------------------------------------------------------------------
                                 19.75   data required time
                                 -1.02   data arrival time
-----------------------------------------------------------------------------
                                 18.73   slack (MET)


Startpoint: _441_ (rising edge-triggered flip-flop clocked by clk)
Endpoint: int4_out[1] (output port clocked by clk)
Path Group: clk
Path Type: max
Corner: Typical

Fanout     Cap    Slew   Delay    Time   Description
-----------------------------------------------------------------------------
                          0.00    0.00   clock clk (rise edge)
                          0.00    0.00   clock source latency
                  0.09    0.07    0.07 ^ clk (in)
     1    0.02                           clk (net)
                  0.09    0.00    0.07 ^ clkbuf_0_clk/A (sky130_fd_sc_hd__clkbuf_16)
                  0.04    0.15    0.22 ^ clkbuf_0_clk/X (sky130_fd_sc_hd__clkbuf_16)
     2    0.02                           clknet_0_clk (net)
                  0.04    0.00    0.22 ^ clkbuf_1_0__f_clk/A (sky130_fd_sc_hd__clkbuf_16)
                  0.04    0.13    0.35 ^ clkbuf_1_0__f_clk/X (sky130_fd_sc_hd__clkbuf_16)
     8    0.02                           clknet_1_0__leaf_clk (net)
                  0.04    0.00    0.35 ^ _441_/CLK (sky130_fd_sc_hd__dfrtp_2)
                  0.08    0.46    0.81 v _441_/Q (sky130_fd_sc_hd__dfrtp_2)
     2    0.02                           net24 (net)
                  0.08    0.00    0.81 v output24/A (sky130_fd_sc_hd__buf_2)
                  0.09    0.21    1.02 v output24/X (sky130_fd_sc_hd__buf_2)
     1    0.03                           int4_out[1] (net)
                  0.09    0.00    1.02 v int4_out[1] (out)
                                  1.02   data arrival time

                         25.00   25.00   clock clk (rise edge)
                          0.00   25.00   clock network delay (propagated)
                         -0.25   24.75   clock uncertainty
                          0.00   24.75   clock reconvergence pessimism
                         -5.00   19.75   output external delay
                                 19.75   data required time
-----------------------------------------------------------------------------
                                 19.75   data required time
                                 -1.02   data arrival time
-----------------------------------------------------------------------------
                                 18.73   slack (MET)


Startpoint: _446_ (rising edge-triggered flip-flop clocked by clk)
Endpoint: sideband_out[2] (output port clocked by clk)
Path Group: clk
Path Type: max
Corner: Typical

Fanout     Cap    Slew   Delay    Time   Description
-----------------------------------------------------------------------------
                          0.00    0.00   clock clk (rise edge)
                          0.00    0.00   clock source latency
                  0.09    0.07    0.07 ^ clk (in)
     1    0.02                           clk (net)
                  0.09    0.00    0.07 ^ clkbuf_0_clk/A (sky130_fd_sc_hd__clkbuf_16)
                  0.04    0.15    0.22 ^ clkbuf_0_clk/X (sky130_fd_sc_hd__clkbuf_16)
     2    0.02                           clknet_0_clk (net)
                  0.04    0.00    0.22 ^ clkbuf_1_1__f_clk/A (sky130_fd_sc_hd__clkbuf_16)
                  0.05    0.14    0.35 ^ clkbuf_1_1__f_clk/X (sky130_fd_sc_hd__clkbuf_16)
     6    0.03                           clknet_1_1__leaf_clk (net)
                  0.05    0.00    0.35 ^ _446_/CLK (sky130_fd_sc_hd__dfrtp_1)
                  0.15    0.42    0.78 ^ _446_/Q (sky130_fd_sc_hd__dfrtp_1)
     2    0.02                           net30 (net)
                  0.15    0.00    0.78 ^ output30/A (sky130_fd_sc_hd__clkbuf_4)
                  0.11    0.24    1.01 ^ output30/X (sky130_fd_sc_hd__clkbuf_4)
     1    0.03                           sideband_out[2] (net)
                  0.11    0.00    1.01 ^ sideband_out[2] (out)
                                  1.01   data arrival time

                         25.00   25.00   clock clk (rise edge)
                          0.00   25.00   clock network delay (propagated)
                         -0.25   24.75   clock uncertainty
                          0.00   24.75   clock reconvergence pessimism
                         -5.00   19.75   output external delay
                                 19.75   data required time
-----------------------------------------------------------------------------
                                 19.75   data required time
                                 -1.01   data arrival time
-----------------------------------------------------------------------------
                                 18.74   slack (MET)


Startpoint: _450_ (rising edge-triggered flip-flop clocked by clk)
Endpoint: sideband_out[6] (output port clocked by clk)
Path Group: clk
Path Type: max
Corner: Typical

Fanout     Cap    Slew   Delay    Time   Description
-----------------------------------------------------------------------------
                          0.00    0.00   clock clk (rise edge)
                          0.00    0.00   clock source latency
                  0.09    0.07    0.07 ^ clk (in)
     1    0.02                           clk (net)
                  0.09    0.00    0.07 ^ clkbuf_0_clk/A (sky130_fd_sc_hd__clkbuf_16)
                  0.04    0.15    0.22 ^ clkbuf_0_clk/X (sky130_fd_sc_hd__clkbuf_16)
     2    0.02                           clknet_0_clk (net)
                  0.04    0.00    0.22 ^ clkbuf_1_0__f_clk/A (sky130_fd_sc_hd__clkbuf_16)
                  0.04    0.13    0.35 ^ clkbuf_1_0__f_clk/X (sky130_fd_sc_hd__clkbuf_16)
     8    0.02                           clknet_1_0__leaf_clk (net)
                  0.04    0.00    0.35 ^ _450_/CLK (sky130_fd_sc_hd__dfrtp_1)
                  0.15    0.42    0.77 ^ _450_/Q (sky130_fd_sc_hd__dfrtp_1)
     2    0.02                           net34 (net)
                  0.15    0.00    0.77 ^ output34/A (sky130_fd_sc_hd__clkbuf_4)
                  0.11    0.23    1.00 ^ output34/X (sky130_fd_sc_hd__clkbuf_4)
     1    0.03                           sideband_out[6] (net)
                  0.11    0.00    1.00 ^ sideband_out[6] (out)
                                  1.00   data arrival time

                         25.00   25.00   clock clk (rise edge)
                          0.00   25.00   clock network delay (propagated)
                         -0.25   24.75   clock uncertainty
                          0.00   24.75   clock reconvergence pessimism
                         -5.00   19.75   output external delay
                                 19.75   data required time
-----------------------------------------------------------------------------
                                 19.75   data required time
                                 -1.00   data arrival time
-----------------------------------------------------------------------------
                                 18.75   slack (MET)


Startpoint: _439_ (rising edge-triggered flip-flop clocked by clk)
Endpoint: valid_out (output port clocked by clk)
Path Group: clk
Path Type: max
Corner: Typical

Fanout     Cap    Slew   Delay    Time   Description
-----------------------------------------------------------------------------
                          0.00    0.00   clock clk (rise edge)
                          0.00    0.00   clock source latency
                  0.09    0.07    0.07 ^ clk (in)
     1    0.02                           clk (net)
                  0.09    0.00    0.07 ^ clkbuf_0_clk/A (sky130_fd_sc_hd__clkbuf_16)
                  0.04    0.15    0.22 ^ clkbuf_0_clk/X (sky130_fd_sc_hd__clkbuf_16)
     2    0.02                           clknet_0_clk (net)
                  0.04    0.00    0.22 ^ clkbuf_1_1__f_clk/A (sky130_fd_sc_hd__clkbuf_16)
                  0.05    0.14    0.35 ^ clkbuf_1_1__f_clk/X (sky130_fd_sc_hd__clkbuf_16)
     6    0.03                           clknet_1_1__leaf_clk (net)
                  0.05    0.00    0.35 ^ _439_/CLK (sky130_fd_sc_hd__dfrtp_1)
                  0.13    0.41    0.76 ^ _439_/Q (sky130_fd_sc_hd__dfrtp_1)
     1    0.01                           net36 (net)
                  0.13    0.00    0.76 ^ output36/A (sky130_fd_sc_hd__buf_2)
                  0.17    0.24    1.00 ^ output36/X (sky130_fd_sc_hd__buf_2)
     1    0.03                           valid_out (net)
                  0.17    0.00    1.00 ^ valid_out (out)
                                  1.00   data arrival time

                         25.00   25.00   clock clk (rise edge)
                          0.00   25.00   clock network delay (propagated)
                         -0.25   24.75   clock uncertainty
                          0.00   24.75   clock reconvergence pessimism
                         -5.00   19.75   output external delay
                                 19.75   data required time
-----------------------------------------------------------------------------
                                 19.75   data required time
                                 -1.00   data arrival time
-----------------------------------------------------------------------------
                                 18.75   slack (MET)


Startpoint: _443_ (rising edge-triggered flip-flop clocked by clk)
Endpoint: int4_out[3] (output port clocked by clk)
Path Group: clk
Path Type: max
Corner: Typical

Fanout     Cap    Slew   Delay    Time   Description
-----------------------------------------------------------------------------
                          0.00    0.00   clock clk (rise edge)
                          0.00    0.00   clock source latency
                  0.09    0.07    0.07 ^ clk (in)
     1    0.02                           clk (net)
                  0.09    0.00    0.07 ^ clkbuf_0_clk/A (sky130_fd_sc_hd__clkbuf_16)
                  0.04    0.15    0.22 ^ clkbuf_0_clk/X (sky130_fd_sc_hd__clkbuf_16)
     2    0.02                           clknet_0_clk (net)
                  0.04    0.00    0.22 ^ clkbuf_1_0__f_clk/A (sky130_fd_sc_hd__clkbuf_16)
                  0.04    0.13    0.35 ^ clkbuf_1_0__f_clk/X (sky130_fd_sc_hd__clkbuf_16)
     8    0.02                           clknet_1_0__leaf_clk (net)
                  0.04    0.00    0.35 ^ _443_/CLK (sky130_fd_sc_hd__dfrtp_1)
                  0.14    0.41    0.76 ^ _443_/Q (sky130_fd_sc_hd__dfrtp_1)
     2    0.02                           net26 (net)
                  0.14    0.00    0.76 ^ output26/A (sky130_fd_sc_hd__clkbuf_4)
                  0.11    0.23    0.99 ^ output26/X (sky130_fd_sc_hd__clkbuf_4)
     1    0.03                           int4_out[3] (net)
                  0.11    0.00    0.99 ^ int4_out[3] (out)
                                  0.99   data arrival time

                         25.00   25.00   clock clk (rise edge)
                          0.00   25.00   clock network delay (propagated)
                         -0.25   24.75   clock uncertainty
                          0.00   24.75   clock reconvergence pessimism
                         -5.00   19.75   output external delay
                                 19.75   data required time
-----------------------------------------------------------------------------
                                 19.75   data required time
                                 -0.99   data arrival time
-----------------------------------------------------------------------------
                                 18.76   slack (MET)


Startpoint: _451_ (rising edge-triggered flip-flop clocked by clk)
Endpoint: sideband_out[7] (output port clocked by clk)
Path Group: clk
Path Type: max
Corner: Typical

Fanout     Cap    Slew   Delay    Time   Description
-----------------------------------------------------------------------------
                          0.00    0.00   clock clk (rise edge)
                          0.00    0.00   clock source latency
                  0.09    0.07    0.07 ^ clk (in)
     1    0.02                           clk (net)
                  0.09    0.00    0.07 ^ clkbuf_0_clk/A (sky130_fd_sc_hd__clkbuf_16)
                  0.04    0.15    0.22 ^ clkbuf_0_clk/X (sky130_fd_sc_hd__clkbuf_16)
     2    0.02                           clknet_0_clk (net)
                  0.04    0.00    0.22 ^ clkbuf_1_0__f_clk/A (sky130_fd_sc_hd__clkbuf_16)
                  0.04    0.13    0.35 ^ clkbuf_1_0__f_clk/X (sky130_fd_sc_hd__clkbuf_16)
     8    0.02                           clknet_1_0__leaf_clk (net)
                  0.04    0.00    0.35 ^ _451_/CLK (sky130_fd_sc_hd__dfrtp_1)
                  0.09    0.43    0.78 v _451_/Q (sky130_fd_sc_hd__dfrtp_1)
     2    0.01                           net35 (net)
                  0.09    0.00    0.78 v output35/A (sky130_fd_sc_hd__clkbuf_4)
                  0.08    0.21    0.99 v output35/X (sky130_fd_sc_hd__clkbuf_4)
     1    0.03                           sideband_out[7] (net)
                  0.08    0.00    0.99 v sideband_out[7] (out)
                                  0.99   data arrival time

                         25.00   25.00   clock clk (rise edge)
                          0.00   25.00   clock network delay (propagated)
                         -0.25   24.75   clock uncertainty
                          0.00   24.75   clock reconvergence pessimism
                         -5.00   19.75   output external delay
                                 19.75   data required time
-----------------------------------------------------------------------------
                                 19.75   data required time
                                 -0.99   data arrival time
-----------------------------------------------------------------------------
                                 18.76   slack (MET)


Startpoint: _444_ (rising edge-triggered flip-flop clocked by clk)
Endpoint: sideband_out[0] (output port clocked by clk)
Path Group: clk
Path Type: max
Corner: Typical

Fanout     Cap    Slew   Delay    Time   Description
-----------------------------------------------------------------------------
                          0.00    0.00   clock clk (rise edge)
                          0.00    0.00   clock source latency
                  0.09    0.07    0.07 ^ clk (in)
     1    0.02                           clk (net)
                  0.09    0.00    0.07 ^ clkbuf_0_clk/A (sky130_fd_sc_hd__clkbuf_16)
                  0.04    0.15    0.22 ^ clkbuf_0_clk/X (sky130_fd_sc_hd__clkbuf_16)
     2    0.02                           clknet_0_clk (net)
                  0.04    0.00    0.22 ^ clkbuf_1_0__f_clk/A (sky130_fd_sc_hd__clkbuf_16)
                  0.04    0.13    0.35 ^ clkbuf_1_0__f_clk/X (sky130_fd_sc_hd__clkbuf_16)
     8    0.02                           clknet_1_0__leaf_clk (net)
                  0.04    0.00    0.35 ^ _444_/CLK (sky130_fd_sc_hd__dfrtp_1)
                  0.08    0.42    0.76 v _444_/Q (sky130_fd_sc_hd__dfrtp_1)
     2    0.01                           net28 (net)
                  0.08    0.00    0.76 v output28/A (sky130_fd_sc_hd__clkbuf_4)
                  0.08    0.21    0.97 v output28/X (sky130_fd_sc_hd__clkbuf_4)
     1    0.03                           sideband_out[0] (net)
                  0.08    0.00    0.97 v sideband_out[0] (out)
                                  0.97   data arrival time

                         25.00   25.00   clock clk (rise edge)
                          0.00   25.00   clock network delay (propagated)
                         -0.25   24.75   clock uncertainty
                          0.00   24.75   clock reconvergence pessimism
                         -5.00   19.75   output external delay
                                 19.75   data required time
-----------------------------------------------------------------------------
                                 19.75   data required time
                                 -0.97   data arrival time
-----------------------------------------------------------------------------
                                 18.78   slack (MET)


Startpoint: _442_ (rising edge-triggered flip-flop clocked by clk)
Endpoint: int4_out[2] (output port clocked by clk)
Path Group: clk
Path Type: max
Corner: Typical

Fanout     Cap    Slew   Delay    Time   Description
-----------------------------------------------------------------------------
                          0.00    0.00   clock clk (rise edge)
                          0.00    0.00   clock source latency
                  0.09    0.07    0.07 ^ clk (in)
     1    0.02                           clk (net)
                  0.09    0.00    0.07 ^ clkbuf_0_clk/A (sky130_fd_sc_hd__clkbuf_16)
                  0.04    0.15    0.22 ^ clkbuf_0_clk/X (sky130_fd_sc_hd__clkbuf_16)
     2    0.02                           clknet_0_clk (net)
                  0.04    0.00    0.22 ^ clkbuf_1_0__f_clk/A (sky130_fd_sc_hd__clkbuf_16)
                  0.04    0.13    0.35 ^ clkbuf_1_0__f_clk/X (sky130_fd_sc_hd__clkbuf_16)
     8    0.02                           clknet_1_0__leaf_clk (net)
                  0.04    0.00    0.35 ^ _442_/CLK (sky130_fd_sc_hd__dfrtp_1)
                  0.07    0.41    0.76 v _442_/Q (sky130_fd_sc_hd__dfrtp_1)
     2    0.01                           net25 (net)
                  0.07    0.00    0.76 v output25/A (sky130_fd_sc_hd__clkbuf_4)
                  0.08    0.21    0.97 v output25/X (sky130_fd_sc_hd__clkbuf_4)
     1    0.03                           int4_out[2] (net)
                  0.08    0.00    0.97 v int4_out[2] (out)
                                  0.97   data arrival time

                         25.00   25.00   clock clk (rise edge)
                          0.00   25.00   clock network delay (propagated)
                         -0.25   24.75   clock uncertainty
                          0.00   24.75   clock reconvergence pessimism
                         -5.00   19.75   output external delay
                                 19.75   data required time
-----------------------------------------------------------------------------
                                 19.75   data required time
                                 -0.97   data arrival time
-----------------------------------------------------------------------------
                                 18.78   slack (MET)


Startpoint: _440_ (rising edge-triggered flip-flop clocked by clk)
Endpoint: int4_out[0] (output port clocked by clk)
Path Group: clk
Path Type: max
Corner: Typical

Fanout     Cap    Slew   Delay    Time   Description
-----------------------------------------------------------------------------
                          0.00    0.00   clock clk (rise edge)
                          0.00    0.00   clock source latency
                  0.09    0.07    0.07 ^ clk (in)
     1    0.02                           clk (net)
                  0.09    0.00    0.07 ^ clkbuf_0_clk/A (sky130_fd_sc_hd__clkbuf_16)
                  0.04    0.15    0.22 ^ clkbuf_0_clk/X (sky130_fd_sc_hd__clkbuf_16)
     2    0.02                           clknet_0_clk (net)
                  0.04    0.00    0.22 ^ clkbuf_1_0__f_clk/A (sky130_fd_sc_hd__clkbuf_16)
                  0.04    0.13    0.35 ^ clkbuf_1_0__f_clk/X (sky130_fd_sc_hd__clkbuf_16)
     8    0.02                           clknet_1_0__leaf_clk (net)
                  0.04    0.00    0.35 ^ _440_/CLK (sky130_fd_sc_hd__dfrtp_1)
                  0.07    0.41    0.75 v _440_/Q (sky130_fd_sc_hd__dfrtp_1)
     2    0.01                           net23 (net)
                  0.07    0.00    0.75 v output23/A (sky130_fd_sc_hd__clkbuf_4)
                  0.08    0.20    0.96 v output23/X (sky130_fd_sc_hd__clkbuf_4)
     1    0.03                           int4_out[0] (net)
                  0.08    0.00    0.96 v int4_out[0] (out)
                                  0.96   data arrival time

                         25.00   25.00   clock clk (rise edge)
                          0.00   25.00   clock network delay (propagated)
                         -0.25   24.75   clock uncertainty
                          0.00   24.75   clock reconvergence pessimism
                         -5.00   19.75   output external delay
                                 19.75   data required time
-----------------------------------------------------------------------------
                                 19.75   data required time
                                 -0.96   data arrival time
-----------------------------------------------------------------------------
                                 18.79   slack (MET)


Startpoint: _438_ (rising edge-triggered flip-flop clocked by clk)
Endpoint: is_outlier (output port clocked by clk)
Path Group: clk
Path Type: max
Corner: Typical

Fanout     Cap    Slew   Delay    Time   Description
-----------------------------------------------------------------------------
                          0.00    0.00   clock clk (rise edge)
                          0.00    0.00   clock source latency
                  0.09    0.07    0.07 ^ clk (in)
     1    0.02                           clk (net)
                  0.09    0.00    0.07 ^ clkbuf_0_clk/A (sky130_fd_sc_hd__clkbuf_16)
                  0.04    0.15    0.22 ^ clkbuf_0_clk/X (sky130_fd_sc_hd__clkbuf_16)
     2    0.02                           clknet_0_clk (net)
                  0.04    0.00    0.22 ^ clkbuf_1_1__f_clk/A (sky130_fd_sc_hd__clkbuf_16)
                  0.05    0.14    0.35 ^ clkbuf_1_1__f_clk/X (sky130_fd_sc_hd__clkbuf_16)
     6    0.03                           clknet_1_1__leaf_clk (net)
                  0.05    0.00    0.35 ^ _438_/CLK (sky130_fd_sc_hd__dfrtp_1)
                  0.06    0.40    0.75 v _438_/Q (sky130_fd_sc_hd__dfrtp_1)
     2    0.01                           net27 (net)
                  0.06    0.00    0.75 v output27/A (sky130_fd_sc_hd__clkbuf_4)
                  0.08    0.20    0.95 v output27/X (sky130_fd_sc_hd__clkbuf_4)
     1    0.03                           is_outlier (net)
                  0.08    0.00    0.95 v is_outlier (out)
                                  0.95   data arrival time

                         25.00   25.00   clock clk (rise edge)
                          0.00   25.00   clock network delay (propagated)
                         -0.25   24.75   clock uncertainty
                          0.00   24.75   clock reconvergence pessimism
                         -5.00   19.75   output external delay
                                 19.75   data required time
-----------------------------------------------------------------------------
                                 19.75   data required time
                                 -0.95   data arrival time
-----------------------------------------------------------------------------
                                 18.80   slack (MET)


Startpoint: valid_in (input port clocked by clk)
Endpoint: _439_ (rising edge-triggered flip-flop clocked by clk)
Path Group: clk
Path Type: max
Corner: Typical

Fanout     Cap    Slew   Delay    Time   Description
-----------------------------------------------------------------------------
                          0.00    0.00   clock clk (rise edge)
                          0.00    0.00   clock network delay (propagated)
                          5.00    5.00 v input external delay
                  0.01    0.01    5.01 v valid_in (in)
     1    0.00                           valid_in (net)
                  0.01    0.00    5.01 v input22/A (sky130_fd_sc_hd__clkbuf_2)
                  0.10    0.15    5.16 v input22/X (sky130_fd_sc_hd__clkbuf_2)
     2    0.02                           net22 (net)
                  0.10    0.00    5.16 v _439_/D (sky130_fd_sc_hd__dfrtp_1)
                                  5.16   data arrival time

                         25.00   25.00   clock clk (rise edge)
                          0.00   25.00   clock source latency
                  0.09    0.06   25.06 ^ clk (in)
     1    0.02                           clk (net)
                  0.09    0.00   25.06 ^ clkbuf_0_clk/A (sky130_fd_sc_hd__clkbuf_16)
                  0.04    0.13   25.20 ^ clkbuf_0_clk/X (sky130_fd_sc_hd__clkbuf_16)
     2    0.02                           clknet_0_clk (net)
                  0.04    0.00   25.20 ^ clkbuf_1_1__f_clk/A (sky130_fd_sc_hd__clkbuf_16)
                  0.05    0.12   25.32 ^ clkbuf_1_1__f_clk/X (sky130_fd_sc_hd__clkbuf_16)
     6    0.03                           clknet_1_1__leaf_clk (net)
                  0.05    0.00   25.32 ^ _439_/CLK (sky130_fd_sc_hd__dfrtp_1)
                         -0.25   25.07   clock uncertainty
                          0.00   25.07   clock reconvergence pessimism
                         -0.14   24.93   library setup time
                                 24.93   data required time
-----------------------------------------------------------------------------
                                 24.93   data required time
                                 -5.16   data arrival time
-----------------------------------------------------------------------------
                                 19.77   slack (MET)


Startpoint: rst_n (input port clocked by clk)
Endpoint: _441_ (recovery check against rising-edge clock clk)
Path Group: asynchronous
Path Type: max
Corner: Typical

Fanout     Cap    Slew   Delay    Time   Description
-----------------------------------------------------------------------------
                          0.00    0.00   clock clk (rise edge)
                          0.00    0.00   clock network delay (propagated)
                          5.00    5.00 ^ input external delay
                  0.02    0.01    5.01 ^ rst_n (in)
     1    0.00                           rst_n (net)
                  0.02    0.00    5.01 ^ input9/A (sky130_fd_sc_hd__buf_2)
                  0.15    0.18    5.19 ^ input9/X (sky130_fd_sc_hd__buf_2)
     5    0.03                           net9 (net)
                  0.15    0.00    5.19 ^ fanout37/A (sky130_fd_sc_hd__clkbuf_4)
                  0.15    0.27    5.46 ^ fanout37/X (sky130_fd_sc_hd__clkbuf_4)
    10    0.05                           net37 (net)
                  0.15    0.00    5.46 ^ _441_/RESET_B (sky130_fd_sc_hd__dfrtp_2)
                                  5.46   data arrival time

                         25.00   25.00   clock clk (rise edge)
                          0.00   25.00   clock source latency
                  0.09    0.06   25.06 ^ clk (in)
     1    0.02                           clk (net)
                  0.09    0.00   25.06 ^ clkbuf_0_clk/A (sky130_fd_sc_hd__clkbuf_16)
                  0.04    0.13   25.20 ^ clkbuf_0_clk/X (sky130_fd_sc_hd__clkbuf_16)
     2    0.02                           clknet_0_clk (net)
                  0.04    0.00   25.20 ^ clkbuf_1_0__f_clk/A (sky130_fd_sc_hd__clkbuf_16)
                  0.04    0.12   25.32 ^ clkbuf_1_0__f_clk/X (sky130_fd_sc_hd__clkbuf_16)
     8    0.02                           clknet_1_0__leaf_clk (net)
                  0.04    0.00   25.32 ^ _441_/CLK (sky130_fd_sc_hd__dfrtp_2)
                         -0.25   25.07   clock uncertainty
                          0.00   25.07   clock reconvergence pessimism
                          0.19   25.25   library recovery time
                                 25.25   data required time
-----------------------------------------------------------------------------
                                 25.25   data required time
                                 -5.46   data arrival time
-----------------------------------------------------------------------------
                                 19.79   slack (MET)


Startpoint: rst_n (input port clocked by clk)
Endpoint: _440_ (recovery check against rising-edge clock clk)
Path Group: asynchronous
Path Type: max
Corner: Typical

Fanout     Cap    Slew   Delay    Time   Description
-----------------------------------------------------------------------------
                          0.00    0.00   clock clk (rise edge)
                          0.00    0.00   clock network delay (propagated)
                          5.00    5.00 ^ input external delay
                  0.02    0.01    5.01 ^ rst_n (in)
     1    0.00                           rst_n (net)
                  0.02    0.00    5.01 ^ input9/A (sky130_fd_sc_hd__buf_2)
                  0.15    0.18    5.19 ^ input9/X (sky130_fd_sc_hd__buf_2)
     5    0.03                           net9 (net)
                  0.15    0.00    5.19 ^ fanout37/A (sky130_fd_sc_hd__clkbuf_4)
                  0.15    0.27    5.46 ^ fanout37/X (sky130_fd_sc_hd__clkbuf_4)
    10    0.05                           net37 (net)
                  0.15    0.00    5.46 ^ _440_/RESET_B (sky130_fd_sc_hd__dfrtp_1)
                                  5.46   data arrival time

                         25.00   25.00   clock clk (rise edge)
                          0.00   25.00   clock source latency
                  0.09    0.06   25.06 ^ clk (in)
     1    0.02                           clk (net)
                  0.09    0.00   25.06 ^ clkbuf_0_clk/A (sky130_fd_sc_hd__clkbuf_16)
                  0.04    0.13   25.20 ^ clkbuf_0_clk/X (sky130_fd_sc_hd__clkbuf_16)
     2    0.02                           clknet_0_clk (net)
                  0.04    0.00   25.20 ^ clkbuf_1_0__f_clk/A (sky130_fd_sc_hd__clkbuf_16)
                  0.04    0.12   25.32 ^ clkbuf_1_0__f_clk/X (sky130_fd_sc_hd__clkbuf_16)
     8    0.02                           clknet_1_0__leaf_clk (net)
                  0.04    0.00   25.32 ^ _440_/CLK (sky130_fd_sc_hd__dfrtp_1)
                         -0.25   25.07   clock uncertainty
                          0.00   25.07   clock reconvergence pessimism
                          0.20   25.27   library recovery time
                                 25.27   data required time
-----------------------------------------------------------------------------
                                 25.27   data required time
                                 -5.46   data arrival time
-----------------------------------------------------------------------------
                                 19.81   slack (MET)


Startpoint: rst_n (input port clocked by clk)
Endpoint: _442_ (recovery check against rising-edge clock clk)
Path Group: asynchronous
Path Type: max
Corner: Typical

Fanout     Cap    Slew   Delay    Time   Description
-----------------------------------------------------------------------------
                          0.00    0.00   clock clk (rise edge)
                          0.00    0.00   clock network delay (propagated)
                          5.00    5.00 ^ input external delay
                  0.02    0.01    5.01 ^ rst_n (in)
     1    0.00                           rst_n (net)
                  0.02    0.00    5.01 ^ input9/A (sky130_fd_sc_hd__buf_2)
                  0.15    0.18    5.19 ^ input9/X (sky130_fd_sc_hd__buf_2)
     5    0.03                           net9 (net)
                  0.15    0.00    5.19 ^ fanout37/A (sky130_fd_sc_hd__clkbuf_4)
                  0.15    0.27    5.46 ^ fanout37/X (sky130_fd_sc_hd__clkbuf_4)
    10    0.05                           net37 (net)
                  0.15    0.00    5.46 ^ _442_/RESET_B (sky130_fd_sc_hd__dfrtp_1)
                                  5.46   data arrival time

                         25.00   25.00   clock clk (rise edge)
                          0.00   25.00   clock source latency
                  0.09    0.06   25.06 ^ clk (in)
     1    0.02                           clk (net)
                  0.09    0.00   25.06 ^ clkbuf_0_clk/A (sky130_fd_sc_hd__clkbuf_16)
                  0.04    0.13   25.20 ^ clkbuf_0_clk/X (sky130_fd_sc_hd__clkbuf_16)
     2    0.02                           clknet_0_clk (net)
                  0.04    0.00   25.20 ^ clkbuf_1_0__f_clk/A (sky130_fd_sc_hd__clkbuf_16)
                  0.04    0.12   25.32 ^ clkbuf_1_0__f_clk/X (sky130_fd_sc_hd__clkbuf_16)
     8    0.02                           clknet_1_0__leaf_clk (net)
                  0.04    0.00   25.32 ^ _442_/CLK (sky130_fd_sc_hd__dfrtp_1)
                         -0.25   25.07   clock uncertainty
                          0.00   25.07   clock reconvergence pessimism
                          0.20   25.27   library recovery time
                                 25.27   data required time
-----------------------------------------------------------------------------
                                 25.27   data required time
                                 -5.46   data arrival time
-----------------------------------------------------------------------------
                                 19.81   slack (MET)


Startpoint: rst_n (input port clocked by clk)
Endpoint: _443_ (recovery check against rising-edge clock clk)
Path Group: asynchronous
Path Type: max
Corner: Typical

Fanout     Cap    Slew   Delay    Time   Description
-----------------------------------------------------------------------------
                          0.00    0.00   clock clk (rise edge)
                          0.00    0.00   clock network delay (propagated)
                          5.00    5.00 ^ input external delay
                  0.02    0.01    5.01 ^ rst_n (in)
     1    0.00                           rst_n (net)
                  0.02    0.00    5.01 ^ input9/A (sky130_fd_sc_hd__buf_2)
                  0.15    0.18    5.19 ^ input9/X (sky130_fd_sc_hd__buf_2)
     5    0.03                           net9 (net)
                  0.15    0.00    5.19 ^ fanout37/A (sky130_fd_sc_hd__clkbuf_4)
                  0.15    0.27    5.46 ^ fanout37/X (sky130_fd_sc_hd__clkbuf_4)
    10    0.05                           net37 (net)
                  0.15    0.00    5.46 ^ _443_/RESET_B (sky130_fd_sc_hd__dfrtp_1)
                                  5.46   data arrival time

                         25.00   25.00   clock clk (rise edge)
                          0.00   25.00   clock source latency
                  0.09    0.06   25.06 ^ clk (in)
     1    0.02                           clk (net)
                  0.09    0.00   25.06 ^ clkbuf_0_clk/A (sky130_fd_sc_hd__clkbuf_16)
                  0.04    0.13   25.20 ^ clkbuf_0_clk/X (sky130_fd_sc_hd__clkbuf_16)
     2    0.02                           clknet_0_clk (net)
                  0.04    0.00   25.20 ^ clkbuf_1_0__f_clk/A (sky130_fd_sc_hd__clkbuf_16)
                  0.04    0.12   25.32 ^ clkbuf_1_0__f_clk/X (sky130_fd_sc_hd__clkbuf_16)
     8    0.02                           clknet_1_0__leaf_clk (net)
                  0.04    0.00   25.32 ^ _443_/CLK (sky130_fd_sc_hd__dfrtp_1)
                         -0.25   25.07   clock uncertainty
                          0.00   25.07   clock reconvergence pessimism
                          0.20   25.27   library recovery time
                                 25.27   data required time
-----------------------------------------------------------------------------
                                 25.27   data required time
                                 -5.46   data arrival time
-----------------------------------------------------------------------------
                                 19.81   slack (MET)


Startpoint: rst_n (input port clocked by clk)
Endpoint: _451_ (recovery check against rising-edge clock clk)
Path Group: asynchronous
Path Type: max
Corner: Typical

Fanout     Cap    Slew   Delay    Time   Description
-----------------------------------------------------------------------------
                          0.00    0.00   clock clk (rise edge)
                          0.00    0.00   clock network delay (propagated)
                          5.00    5.00 ^ input external delay
                  0.02    0.01    5.01 ^ rst_n (in)
     1    0.00                           rst_n (net)
                  0.02    0.00    5.01 ^ input9/A (sky130_fd_sc_hd__buf_2)
                  0.15    0.18    5.19 ^ input9/X (sky130_fd_sc_hd__buf_2)
     5    0.03                           net9 (net)
                  0.15    0.00    5.19 ^ fanout37/A (sky130_fd_sc_hd__clkbuf_4)
                  0.15    0.27    5.46 ^ fanout37/X (sky130_fd_sc_hd__clkbuf_4)
    10    0.05                           net37 (net)
                  0.15    0.00    5.46 ^ _451_/RESET_B (sky130_fd_sc_hd__dfrtp_1)
                                  5.46   data arrival time

                         25.00   25.00   clock clk (rise edge)
                          0.00   25.00   clock source latency
                  0.09    0.06   25.06 ^ clk (in)
     1    0.02                           clk (net)
                  0.09    0.00   25.06 ^ clkbuf_0_clk/A (sky130_fd_sc_hd__clkbuf_16)
                  0.04    0.13   25.20 ^ clkbuf_0_clk/X (sky130_fd_sc_hd__clkbuf_16)
     2    0.02                           clknet_0_clk (net)
                  0.04    0.00   25.20 ^ clkbuf_1_0__f_clk/A (sky130_fd_sc_hd__clkbuf_16)
                  0.04    0.12   25.32 ^ clkbuf_1_0__f_clk/X (sky130_fd_sc_hd__clkbuf_16)
     8    0.02                           clknet_1_0__leaf_clk (net)
                  0.04    0.00   25.32 ^ _451_/CLK (sky130_fd_sc_hd__dfrtp_1)
                         -0.25   25.07   clock uncertainty
                          0.00   25.07   clock reconvergence pessimism
                          0.20   25.27   library recovery time
                                 25.27   data required time
-----------------------------------------------------------------------------
                                 25.27   data required time
                                 -5.46   data arrival time
-----------------------------------------------------------------------------
                                 19.81   slack (MET)


Startpoint: rst_n (input port clocked by clk)
Endpoint: _449_ (recovery check against rising-edge clock clk)
Path Group: asynchronous
Path Type: max
Corner: Typical

Fanout     Cap    Slew   Delay    Time   Description
-----------------------------------------------------------------------------
                          0.00    0.00   clock clk (rise edge)
                          0.00    0.00   clock network delay (propagated)
                          5.00    5.00 ^ input external delay
                  0.02    0.01    5.01 ^ rst_n (in)
     1    0.00                           rst_n (net)
                  0.02    0.00    5.01 ^ input9/A (sky130_fd_sc_hd__buf_2)
                  0.15    0.18    5.19 ^ input9/X (sky130_fd_sc_hd__buf_2)
     5    0.03                           net9 (net)
                  0.15    0.00    5.19 ^ fanout37/A (sky130_fd_sc_hd__clkbuf_4)
                  0.15    0.27    5.46 ^ fanout37/X (sky130_fd_sc_hd__clkbuf_4)
    10    0.05                           net37 (net)
                  0.15    0.00    5.46 ^ _449_/RESET_B (sky130_fd_sc_hd__dfrtp_1)
                                  5.46   data arrival time

                         25.00   25.00   clock clk (rise edge)
                          0.00   25.00   clock source latency
                  0.09    0.06   25.06 ^ clk (in)
     1    0.02                           clk (net)
                  0.09    0.00   25.06 ^ clkbuf_0_clk/A (sky130_fd_sc_hd__clkbuf_16)
                  0.04    0.13   25.20 ^ clkbuf_0_clk/X (sky130_fd_sc_hd__clkbuf_16)
     2    0.02                           clknet_0_clk (net)
                  0.04    0.00   25.20 ^ clkbuf_1_0__f_clk/A (sky130_fd_sc_hd__clkbuf_16)
                  0.04    0.12   25.32 ^ clkbuf_1_0__f_clk/X (sky130_fd_sc_hd__clkbuf_16)
     8    0.02                           clknet_1_0__leaf_clk (net)
                  0.04    0.00   25.32 ^ _449_/CLK (sky130_fd_sc_hd__dfrtp_1)
                         -0.25   25.07   clock uncertainty
                          0.00   25.07   clock reconvergence pessimism
                          0.20   25.27   library recovery time
                                 25.27   data required time
-----------------------------------------------------------------------------
                                 25.27   data required time
                                 -5.46   data arrival time
-----------------------------------------------------------------------------
                                 19.81   slack (MET)


Startpoint: rst_n (input port clocked by clk)
Endpoint: _450_ (recovery check against rising-edge clock clk)
Path Group: asynchronous
Path Type: max
Corner: Typical

Fanout     Cap    Slew   Delay    Time   Description
-----------------------------------------------------------------------------
                          0.00    0.00   clock clk (rise edge)
                          0.00    0.00   clock network delay (propagated)
                          5.00    5.00 ^ input external delay
                  0.02    0.01    5.01 ^ rst_n (in)
     1    0.00                           rst_n (net)
                  0.02    0.00    5.01 ^ input9/A (sky130_fd_sc_hd__buf_2)
                  0.15    0.18    5.19 ^ input9/X (sky130_fd_sc_hd__buf_2)
     5    0.03                           net9 (net)
                  0.15    0.00    5.19 ^ fanout37/A (sky130_fd_sc_hd__clkbuf_4)
                  0.15    0.27    5.46 ^ fanout37/X (sky130_fd_sc_hd__clkbuf_4)
    10    0.05                           net37 (net)
                  0.15    0.00    5.46 ^ _450_/RESET_B (sky130_fd_sc_hd__dfrtp_1)
                                  5.46   data arrival time

                         25.00   25.00   clock clk (rise edge)
                          0.00   25.00   clock source latency
                  0.09    0.06   25.06 ^ clk (in)
     1    0.02                           clk (net)
                  0.09    0.00   25.06 ^ clkbuf_0_clk/A (sky130_fd_sc_hd__clkbuf_16)
                  0.04    0.13   25.20 ^ clkbuf_0_clk/X (sky130_fd_sc_hd__clkbuf_16)
     2    0.02                           clknet_0_clk (net)
                  0.04    0.00   25.20 ^ clkbuf_1_0__f_clk/A (sky130_fd_sc_hd__clkbuf_16)
                  0.04    0.12   25.32 ^ clkbuf_1_0__f_clk/X (sky130_fd_sc_hd__clkbuf_16)
     8    0.02                           clknet_1_0__leaf_clk (net)
                  0.04    0.00   25.32 ^ _450_/CLK (sky130_fd_sc_hd__dfrtp_1)
                         -0.25   25.07   clock uncertainty
                          0.00   25.07   clock reconvergence pessimism
                          0.20   25.27   library recovery time
                                 25.27   data required time
-----------------------------------------------------------------------------
                                 25.27   data required time
                                 -5.46   data arrival time
-----------------------------------------------------------------------------
                                 19.81   slack (MET)


Startpoint: rst_n (input port clocked by clk)
Endpoint: _444_ (recovery check against rising-edge clock clk)
Path Group: asynchronous
Path Type: max
Corner: Typical

Fanout     Cap    Slew   Delay    Time   Description
-----------------------------------------------------------------------------
                          0.00    0.00   clock clk (rise edge)
                          0.00    0.00   clock network delay (propagated)
                          5.00    5.00 ^ input external delay
                  0.02    0.01    5.01 ^ rst_n (in)
     1    0.00                           rst_n (net)
                  0.02    0.00    5.01 ^ input9/A (sky130_fd_sc_hd__buf_2)
                  0.15    0.18    5.19 ^ input9/X (sky130_fd_sc_hd__buf_2)
     5    0.03                           net9 (net)
                  0.15    0.00    5.19 ^ fanout37/A (sky130_fd_sc_hd__clkbuf_4)
                  0.15    0.27    5.46 ^ fanout37/X (sky130_fd_sc_hd__clkbuf_4)
    10    0.05                           net37 (net)
                  0.15    0.00    5.46 ^ _444_/RESET_B (sky130_fd_sc_hd__dfrtp_1)
                                  5.46   data arrival time

                         25.00   25.00   clock clk (rise edge)
                          0.00   25.00   clock source latency
                  0.09    0.06   25.06 ^ clk (in)
     1    0.02                           clk (net)
                  0.09    0.00   25.06 ^ clkbuf_0_clk/A (sky130_fd_sc_hd__clkbuf_16)
                  0.04    0.13   25.20 ^ clkbuf_0_clk/X (sky130_fd_sc_hd__clkbuf_16)
     2    0.02                           clknet_0_clk (net)
                  0.04    0.00   25.20 ^ clkbuf_1_0__f_clk/A (sky130_fd_sc_hd__clkbuf_16)
                  0.04    0.12   25.32 ^ clkbuf_1_0__f_clk/X (sky130_fd_sc_hd__clkbuf_16)
     8    0.02                           clknet_1_0__leaf_clk (net)
                  0.04    0.00   25.32 ^ _444_/CLK (sky130_fd_sc_hd__dfrtp_1)
                         -0.25   25.07   clock uncertainty
                          0.00   25.07   clock reconvergence pessimism
                          0.20   25.27   library recovery time
                                 25.27   data required time
-----------------------------------------------------------------------------
                                 25.27   data required time
                                 -5.46   data arrival time
-----------------------------------------------------------------------------
                                 19.81   slack (MET)


Startpoint: rst_n (input port clocked by clk)
Endpoint: _438_ (recovery check against rising-edge clock clk)
Path Group: asynchronous
Path Type: max
Corner: Typical

Fanout     Cap    Slew   Delay    Time   Description
-----------------------------------------------------------------------------
                          0.00    0.00   clock clk (rise edge)
                          0.00    0.00   clock network delay (propagated)
                          5.00    5.00 ^ input external delay
                  0.02    0.01    5.01 ^ rst_n (in)
     1    0.00                           rst_n (net)
                  0.02    0.00    5.01 ^ input9/A (sky130_fd_sc_hd__buf_2)
                  0.15    0.18    5.19 ^ input9/X (sky130_fd_sc_hd__buf_2)
     5    0.03                           net9 (net)
                  0.15    0.00    5.19 ^ fanout37/A (sky130_fd_sc_hd__clkbuf_4)
                  0.15    0.27    5.46 ^ fanout37/X (sky130_fd_sc_hd__clkbuf_4)
    10    0.05                           net37 (net)
                  0.15    0.00    5.46 ^ _438_/RESET_B (sky130_fd_sc_hd__dfrtp_1)
                                  5.46   data arrival time

                         25.00   25.00   clock clk (rise edge)
                          0.00   25.00   clock source latency
                  0.09    0.06   25.06 ^ clk (in)
     1    0.02                           clk (net)
                  0.09    0.00   25.06 ^ clkbuf_0_clk/A (sky130_fd_sc_hd__clkbuf_16)
                  0.04    0.13   25.20 ^ clkbuf_0_clk/X (sky130_fd_sc_hd__clkbuf_16)
     2    0.02                           clknet_0_clk (net)
                  0.04    0.00   25.20 ^ clkbuf_1_1__f_clk/A (sky130_fd_sc_hd__clkbuf_16)
                  0.05    0.12   25.32 ^ clkbuf_1_1__f_clk/X (sky130_fd_sc_hd__clkbuf_16)
     6    0.03                           clknet_1_1__leaf_clk (net)
                  0.05    0.00   25.32 ^ _438_/CLK (sky130_fd_sc_hd__dfrtp_1)
                         -0.25   25.07   clock uncertainty
                          0.00   25.07   clock reconvergence pessimism
                          0.20   25.27   library recovery time
                                 25.27   data required time
-----------------------------------------------------------------------------
                                 25.27   data required time
                                 -5.46   data arrival time
-----------------------------------------------------------------------------
                                 19.81   slack (MET)


Startpoint: rst_n (input port clocked by clk)
Endpoint: _439_ (recovery check against rising-edge clock clk)
Path Group: asynchronous
Path Type: max
Corner: Typical

Fanout     Cap    Slew   Delay    Time   Description
-----------------------------------------------------------------------------
                          0.00    0.00   clock clk (rise edge)
                          0.00    0.00   clock network delay (propagated)
                          5.00    5.00 ^ input external delay
                  0.02    0.01    5.01 ^ rst_n (in)
     1    0.00                           rst_n (net)
                  0.02    0.00    5.01 ^ input9/A (sky130_fd_sc_hd__buf_2)
                  0.15    0.18    5.19 ^ input9/X (sky130_fd_sc_hd__buf_2)
     5    0.03                           net9 (net)
                  0.15    0.00    5.19 ^ fanout37/A (sky130_fd_sc_hd__clkbuf_4)
                  0.15    0.27    5.46 ^ fanout37/X (sky130_fd_sc_hd__clkbuf_4)
    10    0.05                           net37 (net)
                  0.15    0.00    5.46 ^ _439_/RESET_B (sky130_fd_sc_hd__dfrtp_1)
                                  5.46   data arrival time

                         25.00   25.00   clock clk (rise edge)
                          0.00   25.00   clock source latency
                  0.09    0.06   25.06 ^ clk (in)
     1    0.02                           clk (net)
                  0.09    0.00   25.06 ^ clkbuf_0_clk/A (sky130_fd_sc_hd__clkbuf_16)
                  0.04    0.13   25.20 ^ clkbuf_0_clk/X (sky130_fd_sc_hd__clkbuf_16)
     2    0.02                           clknet_0_clk (net)
                  0.04    0.00   25.20 ^ clkbuf_1_1__f_clk/A (sky130_fd_sc_hd__clkbuf_16)
                  0.05    0.12   25.32 ^ clkbuf_1_1__f_clk/X (sky130_fd_sc_hd__clkbuf_16)
     6    0.03                           clknet_1_1__leaf_clk (net)
                  0.05    0.00   25.32 ^ _439_/CLK (sky130_fd_sc_hd__dfrtp_1)
                         -0.25   25.07   clock uncertainty
                          0.00   25.07   clock reconvergence pessimism
                          0.20   25.27   library recovery time
                                 25.27   data required time
-----------------------------------------------------------------------------
                                 25.27   data required time
                                 -5.46   data arrival time
-----------------------------------------------------------------------------
                                 19.81   slack (MET)


Startpoint: rst_n (input port clocked by clk)
Endpoint: _448_ (recovery check against rising-edge clock clk)
Path Group: asynchronous
Path Type: max
Corner: Typical

Fanout     Cap    Slew   Delay    Time   Description
-----------------------------------------------------------------------------
                          0.00    0.00   clock clk (rise edge)
                          0.00    0.00   clock network delay (propagated)
                          5.00    5.00 ^ input external delay
                  0.02    0.01    5.01 ^ rst_n (in)
     1    0.00                           rst_n (net)
                  0.02    0.00    5.01 ^ input9/A (sky130_fd_sc_hd__buf_2)
                  0.15    0.18    5.19 ^ input9/X (sky130_fd_sc_hd__buf_2)
     5    0.03                           net9 (net)
                  0.15    0.00    5.19 ^ _448_/RESET_B (sky130_fd_sc_hd__dfrtp_2)
                                  5.19   data arrival time

                         25.00   25.00   clock clk (rise edge)
                          0.00   25.00   clock source latency
                  0.09    0.06   25.06 ^ clk (in)
     1    0.02                           clk (net)
                  0.09    0.00   25.06 ^ clkbuf_0_clk/A (sky130_fd_sc_hd__clkbuf_16)
                  0.04    0.13   25.20 ^ clkbuf_0_clk/X (sky130_fd_sc_hd__clkbuf_16)
     2    0.02                           clknet_0_clk (net)
                  0.04    0.00   25.20 ^ clkbuf_1_1__f_clk/A (sky130_fd_sc_hd__clkbuf_16)
                  0.05    0.12   25.32 ^ clkbuf_1_1__f_clk/X (sky130_fd_sc_hd__clkbuf_16)
     6    0.03                           clknet_1_1__leaf_clk (net)
                  0.05    0.00   25.32 ^ _448_/CLK (sky130_fd_sc_hd__dfrtp_2)
                         -0.25   25.07   clock uncertainty
                          0.00   25.07   clock reconvergence pessimism
                          0.19   25.26   library recovery time
                                 25.26   data required time
-----------------------------------------------------------------------------
                                 25.26   data required time
                                 -5.19   data arrival time
-----------------------------------------------------------------------------
                                 20.06   slack (MET)


Startpoint: rst_n (input port clocked by clk)
Endpoint: _445_ (recovery check against rising-edge clock clk)
Path Group: asynchronous
Path Type: max
Corner: Typical

Fanout     Cap    Slew   Delay    Time   Description
-----------------------------------------------------------------------------
                          0.00    0.00   clock clk (rise edge)
                          0.00    0.00   clock network delay (propagated)
                          5.00    5.00 ^ input external delay
                  0.02    0.01    5.01 ^ rst_n (in)
     1    0.00                           rst_n (net)
                  0.02    0.00    5.01 ^ input9/A (sky130_fd_sc_hd__buf_2)
                  0.15    0.18    5.19 ^ input9/X (sky130_fd_sc_hd__buf_2)
     5    0.03                           net9 (net)
                  0.15    0.00    5.19 ^ _445_/RESET_B (sky130_fd_sc_hd__dfrtp_1)
                                  5.19   data arrival time

                         25.00   25.00   clock clk (rise edge)
                          0.00   25.00   clock source latency
                  0.09    0.06   25.06 ^ clk (in)
     1    0.02                           clk (net)
                  0.09    0.00   25.06 ^ clkbuf_0_clk/A (sky130_fd_sc_hd__clkbuf_16)
                  0.04    0.13   25.20 ^ clkbuf_0_clk/X (sky130_fd_sc_hd__clkbuf_16)
     2    0.02                           clknet_0_clk (net)
                  0.04    0.00   25.20 ^ clkbuf_1_1__f_clk/A (sky130_fd_sc_hd__clkbuf_16)
                  0.05    0.12   25.32 ^ clkbuf_1_1__f_clk/X (sky130_fd_sc_hd__clkbuf_16)
     6    0.03                           clknet_1_1__leaf_clk (net)
                  0.05    0.00   25.32 ^ _445_/CLK (sky130_fd_sc_hd__dfrtp_1)
                         -0.25   25.07   clock uncertainty
                          0.00   25.07   clock reconvergence pessimism
                          0.20   25.27   library recovery time
                                 25.27   data required time
-----------------------------------------------------------------------------
                                 25.27   data required time
                                 -5.19   data arrival time
-----------------------------------------------------------------------------
                                 20.08   slack (MET)


Startpoint: rst_n (input port clocked by clk)
Endpoint: _446_ (recovery check against rising-edge clock clk)
Path Group: asynchronous
Path Type: max
Corner: Typical

Fanout     Cap    Slew   Delay    Time   Description
-----------------------------------------------------------------------------
                          0.00    0.00   clock clk (rise edge)
                          0.00    0.00   clock network delay (propagated)
                          5.00    5.00 ^ input external delay
                  0.02    0.01    5.01 ^ rst_n (in)
     1    0.00                           rst_n (net)
                  0.02    0.00    5.01 ^ input9/A (sky130_fd_sc_hd__buf_2)
                  0.15    0.18    5.19 ^ input9/X (sky130_fd_sc_hd__buf_2)
     5    0.03                           net9 (net)
                  0.15    0.00    5.19 ^ _446_/RESET_B (sky130_fd_sc_hd__dfrtp_1)
                                  5.19   data arrival time

                         25.00   25.00   clock clk (rise edge)
                          0.00   25.00   clock source latency
                  0.09    0.06   25.06 ^ clk (in)
     1    0.02                           clk (net)
                  0.09    0.00   25.06 ^ clkbuf_0_clk/A (sky130_fd_sc_hd__clkbuf_16)
                  0.04    0.13   25.20 ^ clkbuf_0_clk/X (sky130_fd_sc_hd__clkbuf_16)
     2    0.02                           clknet_0_clk (net)
                  0.04    0.00   25.20 ^ clkbuf_1_1__f_clk/A (sky130_fd_sc_hd__clkbuf_16)
                  0.05    0.12   25.32 ^ clkbuf_1_1__f_clk/X (sky130_fd_sc_hd__clkbuf_16)
     6    0.03                           clknet_1_1__leaf_clk (net)
                  0.05    0.00   25.32 ^ _446_/CLK (sky130_fd_sc_hd__dfrtp_1)
                         -0.25   25.07   clock uncertainty
                          0.00   25.07   clock reconvergence pessimism
                          0.20   25.27   library recovery time
                                 25.27   data required time
-----------------------------------------------------------------------------
                                 25.27   data required time
                                 -5.19   data arrival time
-----------------------------------------------------------------------------
                                 20.08   slack (MET)


Startpoint: rst_n (input port clocked by clk)
Endpoint: _447_ (recovery check against rising-edge clock clk)
Path Group: asynchronous
Path Type: max
Corner: Typical

Fanout     Cap    Slew   Delay    Time   Description
-----------------------------------------------------------------------------
                          0.00    0.00   clock clk (rise edge)
                          0.00    0.00   clock network delay (propagated)
                          5.00    5.00 ^ input external delay
                  0.02    0.01    5.01 ^ rst_n (in)
     1    0.00                           rst_n (net)
                  0.02    0.00    5.01 ^ input9/A (sky130_fd_sc_hd__buf_2)
                  0.15    0.18    5.19 ^ input9/X (sky130_fd_sc_hd__buf_2)
     5    0.03                           net9 (net)
                  0.15    0.00    5.19 ^ _447_/RESET_B (sky130_fd_sc_hd__dfrtp_1)
                                  5.19   data arrival time

                         25.00   25.00   clock clk (rise edge)
                          0.00   25.00   clock source latency
                  0.09    0.06   25.06 ^ clk (in)
     1    0.02                           clk (net)
                  0.09    0.00   25.06 ^ clkbuf_0_clk/A (sky130_fd_sc_hd__clkbuf_16)
                  0.04    0.13   25.20 ^ clkbuf_0_clk/X (sky130_fd_sc_hd__clkbuf_16)
     2    0.02                           clknet_0_clk (net)
                  0.04    0.00   25.20 ^ clkbuf_1_1__f_clk/A (sky130_fd_sc_hd__clkbuf_16)
                  0.05    0.12   25.32 ^ clkbuf_1_1__f_clk/X (sky130_fd_sc_hd__clkbuf_16)
     6    0.03                           clknet_1_1__leaf_clk (net)
                  0.05    0.00   25.32 ^ _447_/CLK (sky130_fd_sc_hd__dfrtp_1)
                         -0.25   25.07   clock uncertainty
                          0.00   25.07   clock reconvergence pessimism
                          0.20   25.27   library recovery time
                                 25.27   data required time
-----------------------------------------------------------------------------
                                 25.27   data required time
                                 -5.19   data arrival time
-----------------------------------------------------------------------------
                                 20.08   slack (MET)



