
===========================================================================
report_checks -path_delay min (Hold)
============================================================================
======================= Fastest Corner ===================================

Startpoint: _438_ (rising edge-triggered flip-flop clocked by clk)
Endpoint: _438_ (rising edge-triggered flip-flop clocked by clk)
Path Group: clk
Path Type: min
Corner: Fastest

Fanout     Cap    Slew   Delay    Time   Description
-----------------------------------------------------------------------------
                          0.00    0.00   clock clk (rise edge)
                          0.00    0.00   clock source latency
                  0.05    0.03    0.03 ^ clk (in)
     1    0.01                           clk (net)
                  0.05    0.00    0.03 ^ clkbuf_0_clk/A (sky130_fd_sc_hd__clkbuf_16)
                  0.03    0.08    0.11 ^ clkbuf_0_clk/X (sky130_fd_sc_hd__clkbuf_16)
     2    0.02                           clknet_0_clk (net)
                  0.03    0.00    0.12 ^ clkbuf_1_0__f_clk/A (sky130_fd_sc_hd__clkbuf_16)
                  0.04    0.08    0.20 ^ clkbuf_1_0__f_clk/X (sky130_fd_sc_hd__clkbuf_16)
     8    0.03                           clknet_1_0__leaf_clk (net)
                  0.04    0.00    0.20 ^ _438_/CLK (sky130_fd_sc_hd__dfrtp_1)
                  0.05    0.20    0.40 ^ _438_/Q (sky130_fd_sc_hd__dfrtp_1)
     2    0.01                           net27 (net)
                  0.05    0.00    0.40 ^ hold1/A (sky130_fd_sc_hd__dlygate4sd3_1)
                  0.04    0.36    0.76 ^ hold1/X (sky130_fd_sc_hd__dlygate4sd3_1)
     1    0.00                           net38 (net)
                  0.04    0.00    0.76 ^ _255_/A1 (sky130_fd_sc_hd__o21ba_1)
                  0.03    0.07    0.83 ^ _255_/X (sky130_fd_sc_hd__o21ba_1)
     1    0.00                           _000_ (net)
                  0.03    0.00    0.83 ^ _438_/D (sky130_fd_sc_hd__dfrtp_1)
                                  0.83   data arrival time

                          0.00    0.00   clock clk (rise edge)
                          0.00    0.00   clock source latency
                  0.05    0.03    0.03 ^ clk (in)
     1    0.01                           clk (net)
                  0.05    0.00    0.03 ^ clkbuf_0_clk/A (sky130_fd_sc_hd__clkbuf_16)
                  0.03    0.09    0.13 ^ clkbuf_0_clk/X (sky130_fd_sc_hd__clkbuf_16)
     2    0.02                           clknet_0_clk (net)
                  0.03    0.00    0.13 ^ clkbuf_1_0__f_clk/A (sky130_fd_sc_hd__clkbuf_16)
                  0.04    0.09    0.22 ^ clkbuf_1_0__f_clk/X (sky130_fd_sc_hd__clkbuf_16)
     8    0.03                           clknet_1_0__leaf_clk (net)
                  0.04    0.00    0.22 ^ _438_/CLK (sky130_fd_sc_hd__dfrtp_1)
                          0.25    0.47   clock uncertainty
                         -0.02    0.45   clock reconvergence pessimism
                         -0.02    0.43   library hold time
                                  0.43   data required time
-----------------------------------------------------------------------------
                                  0.43   data required time
                                 -0.83   data arrival time
-----------------------------------------------------------------------------
                                  0.40   slack (MET)


Startpoint: _440_ (rising edge-triggered flip-flop clocked by clk)
Endpoint: _440_ (rising edge-triggered flip-flop clocked by clk)
Path Group: clk
Path Type: min
Corner: Fastest

Fanout     Cap    Slew   Delay    Time   Description
-----------------------------------------------------------------------------
                          0.00    0.00   clock clk (rise edge)
                          0.00    0.00   clock source latency
                  0.05    0.03    0.03 ^ clk (in)
     1    0.01                           clk (net)
                  0.05    0.00    0.03 ^ clkbuf_0_clk/A (sky130_fd_sc_hd__clkbuf_16)
                  0.03    0.08    0.11 ^ clkbuf_0_clk/X (sky130_fd_sc_hd__clkbuf_16)
     2    0.02                           clknet_0_clk (net)
                  0.03    0.00    0.12 ^ clkbuf_1_0__f_clk/A (sky130_fd_sc_hd__clkbuf_16)
                  0.04    0.08    0.20 ^ clkbuf_1_0__f_clk/X (sky130_fd_sc_hd__clkbuf_16)
     8    0.03                           clknet_1_0__leaf_clk (net)
                  0.04    0.00    0.20 ^ _440_/CLK (sky130_fd_sc_hd__dfrtp_1)
                  0.05    0.20    0.40 ^ _440_/Q (sky130_fd_sc_hd__dfrtp_1)
     2    0.01                           net23 (net)
                  0.05    0.00    0.40 ^ hold2/A (sky130_fd_sc_hd__dlygate4sd3_1)
                  0.04    0.36    0.76 ^ hold2/X (sky130_fd_sc_hd__dlygate4sd3_1)
     1    0.00                           net39 (net)
                  0.04    0.00    0.76 ^ _411_/A2 (sky130_fd_sc_hd__a22o_1)
                  0.03    0.07    0.83 ^ _411_/X (sky130_fd_sc_hd__a22o_1)
     1    0.00                           _001_ (net)
                  0.03    0.00    0.83 ^ _440_/D (sky130_fd_sc_hd__dfrtp_1)
                                  0.83   data arrival time

                          0.00    0.00   clock clk (rise edge)
                          0.00    0.00   clock source latency
                  0.05    0.03    0.03 ^ clk (in)
     1    0.01                           clk (net)
                  0.05    0.00    0.03 ^ clkbuf_0_clk/A (sky130_fd_sc_hd__clkbuf_16)
                  0.03    0.09    0.13 ^ clkbuf_0_clk/X (sky130_fd_sc_hd__clkbuf_16)
     2    0.02                           clknet_0_clk (net)
                  0.03    0.00    0.13 ^ clkbuf_1_0__f_clk/A (sky130_fd_sc_hd__clkbuf_16)
                  0.04    0.09    0.22 ^ clkbuf_1_0__f_clk/X (sky130_fd_sc_hd__clkbuf_16)
     8    0.03                           clknet_1_0__leaf_clk (net)
                  0.04    0.00    0.22 ^ _440_/CLK (sky130_fd_sc_hd__dfrtp_1)
                          0.25    0.47   clock uncertainty
                         -0.02    0.45   clock reconvergence pessimism
                         -0.02    0.43   library hold time
                                  0.43   data required time
-----------------------------------------------------------------------------
                                  0.43   data required time
                                 -0.83   data arrival time
-----------------------------------------------------------------------------
                                  0.40   slack (MET)


Startpoint: _443_ (rising edge-triggered flip-flop clocked by clk)
Endpoint: _443_ (rising edge-triggered flip-flop clocked by clk)
Path Group: clk
Path Type: min
Corner: Fastest

Fanout     Cap    Slew   Delay    Time   Description
-----------------------------------------------------------------------------
                          0.00    0.00   clock clk (rise edge)
                          0.00    0.00   clock source latency
                  0.05    0.03    0.03 ^ clk (in)
     1    0.01                           clk (net)
                  0.05    0.00    0.03 ^ clkbuf_0_clk/A (sky130_fd_sc_hd__clkbuf_16)
                  0.03    0.08    0.11 ^ clkbuf_0_clk/X (sky130_fd_sc_hd__clkbuf_16)
     2    0.02                           clknet_0_clk (net)
                  0.03    0.00    0.12 ^ clkbuf_1_0__f_clk/A (sky130_fd_sc_hd__clkbuf_16)
                  0.04    0.08    0.20 ^ clkbuf_1_0__f_clk/X (sky130_fd_sc_hd__clkbuf_16)
     8    0.03                           clknet_1_0__leaf_clk (net)
                  0.04    0.00    0.20 ^ _443_/CLK (sky130_fd_sc_hd__dfrtp_1)
                  0.07    0.22    0.42 ^ _443_/Q (sky130_fd_sc_hd__dfrtp_1)
     2    0.01                           net26 (net)
                  0.07    0.00    0.42 ^ hold3/A (sky130_fd_sc_hd__dlygate4sd3_1)
                  0.04    0.36    0.78 ^ hold3/X (sky130_fd_sc_hd__dlygate4sd3_1)
     1    0.00                           net40 (net)
                  0.04    0.00    0.78 ^ _421_/A2 (sky130_fd_sc_hd__a21bo_1)
                  0.02    0.06    0.84 ^ _421_/X (sky130_fd_sc_hd__a21bo_1)
     1    0.00                           _004_ (net)
                  0.02    0.00    0.84 ^ _443_/D (sky130_fd_sc_hd__dfrtp_1)
                                  0.84   data arrival time

                          0.00    0.00   clock clk (rise edge)
                          0.00    0.00   clock source latency
                  0.05    0.03    0.03 ^ clk (in)
     1    0.01                           clk (net)
                  0.05    0.00    0.03 ^ clkbuf_0_clk/A (sky130_fd_sc_hd__clkbuf_16)
                  0.03    0.09    0.13 ^ clkbuf_0_clk/X (sky130_fd_sc_hd__clkbuf_16)
     2    0.02                           clknet_0_clk (net)
                  0.03    0.00    0.13 ^ clkbuf_1_0__f_clk/A (sky130_fd_sc_hd__clkbuf_16)
                  0.04    0.09    0.22 ^ clkbuf_1_0__f_clk/X (sky130_fd_sc_hd__clkbuf_16)
     8    0.03                           clknet_1_0__leaf_clk (net)
                  0.04    0.00    0.22 ^ _443_/CLK (sky130_fd_sc_hd__dfrtp_1)
                          0.25    0.47   clock uncertainty
                         -0.02    0.45   clock reconvergence pessimism
                         -0.02    0.43   library hold time
                                  0.43   data required time
-----------------------------------------------------------------------------
                                  0.43   data required time
                                 -0.84   data arrival time
-----------------------------------------------------------------------------
                                  0.41   slack (MET)


Startpoint: _441_ (rising edge-triggered flip-flop clocked by clk)
Endpoint: _441_ (rising edge-triggered flip-flop clocked by clk)
Path Group: clk
Path Type: min
Corner: Fastest

Fanout     Cap    Slew   Delay    Time   Description
-----------------------------------------------------------------------------
                          0.00    0.00   clock clk (rise edge)
                          0.00    0.00   clock source latency
                  0.05    0.03    0.03 ^ clk (in)
     1    0.01                           clk (net)
                  0.05    0.00    0.03 ^ clkbuf_0_clk/A (sky130_fd_sc_hd__clkbuf_16)
                  0.03    0.08    0.11 ^ clkbuf_0_clk/X (sky130_fd_sc_hd__clkbuf_16)
     2    0.02                           clknet_0_clk (net)
                  0.03    0.00    0.12 ^ clkbuf_1_1__f_clk/A (sky130_fd_sc_hd__clkbuf_16)
                  0.03    0.08    0.19 ^ clkbuf_1_1__f_clk/X (sky130_fd_sc_hd__clkbuf_16)
     6    0.02                           clknet_1_1__leaf_clk (net)
                  0.03    0.00    0.19 ^ _441_/CLK (sky130_fd_sc_hd__dfrtp_1)
                  0.06    0.21    0.40 ^ _441_/Q (sky130_fd_sc_hd__dfrtp_1)
     2    0.01                           net24 (net)
                  0.06    0.00    0.40 ^ hold4/A (sky130_fd_sc_hd__dlygate4sd3_1)
                  0.04    0.36    0.77 ^ hold4/X (sky130_fd_sc_hd__dlygate4sd3_1)
     1    0.00                           net41 (net)
                  0.04    0.00    0.77 ^ _415_/A2 (sky130_fd_sc_hd__a22o_1)
                  0.03    0.07    0.84 ^ _415_/X (sky130_fd_sc_hd__a22o_1)
     1    0.00                           _002_ (net)
                  0.03    0.00    0.84 ^ _441_/D (sky130_fd_sc_hd__dfrtp_1)
                                  0.84   data arrival time

                          0.00    0.00   clock clk (rise edge)
                          0.00    0.00   clock source latency
                  0.05    0.03    0.03 ^ clk (in)
     1    0.01                           clk (net)
                  0.05    0.00    0.03 ^ clkbuf_0_clk/A (sky130_fd_sc_hd__clkbuf_16)
                  0.03    0.09    0.13 ^ clkbuf_0_clk/X (sky130_fd_sc_hd__clkbuf_16)
     2    0.02                           clknet_0_clk (net)
                  0.03    0.00    0.13 ^ clkbuf_1_1__f_clk/A (sky130_fd_sc_hd__clkbuf_16)
                  0.03    0.09    0.21 ^ clkbuf_1_1__f_clk/X (sky130_fd_sc_hd__clkbuf_16)
     6    0.02                           clknet_1_1__leaf_clk (net)
                  0.03    0.00    0.22 ^ _441_/CLK (sky130_fd_sc_hd__dfrtp_1)
                          0.25    0.47   clock uncertainty
                         -0.02    0.44   clock reconvergence pessimism
                         -0.02    0.43   library hold time
                                  0.43   data required time
-----------------------------------------------------------------------------
                                  0.43   data required time
                                 -0.84   data arrival time
-----------------------------------------------------------------------------
                                  0.41   slack (MET)


Startpoint: _442_ (rising edge-triggered flip-flop clocked by clk)
Endpoint: _442_ (rising edge-triggered flip-flop clocked by clk)
Path Group: clk
Path Type: min
Corner: Fastest

Fanout     Cap    Slew   Delay    Time   Description
-----------------------------------------------------------------------------
                          0.00    0.00   clock clk (rise edge)
                          0.00    0.00   clock source latency
                  0.05    0.03    0.03 ^ clk (in)
     1    0.01                           clk (net)
                  0.05    0.00    0.03 ^ clkbuf_0_clk/A (sky130_fd_sc_hd__clkbuf_16)
                  0.03    0.08    0.11 ^ clkbuf_0_clk/X (sky130_fd_sc_hd__clkbuf_16)
     2    0.02                           clknet_0_clk (net)
                  0.03    0.00    0.12 ^ clkbuf_1_0__f_clk/A (sky130_fd_sc_hd__clkbuf_16)
                  0.04    0.08    0.20 ^ clkbuf_1_0__f_clk/X (sky130_fd_sc_hd__clkbuf_16)
     8    0.03                           clknet_1_0__leaf_clk (net)
                  0.04    0.00    0.20 ^ _442_/CLK (sky130_fd_sc_hd__dfrtp_1)
                  0.07    0.22    0.42 ^ _442_/Q (sky130_fd_sc_hd__dfrtp_1)
     2    0.01                           net25 (net)
                  0.07    0.00    0.42 ^ hold5/A (sky130_fd_sc_hd__dlygate4sd3_1)
                  0.04    0.36    0.78 ^ hold5/X (sky130_fd_sc_hd__dlygate4sd3_1)
     1    0.00                           net42 (net)
                  0.04    0.00    0.78 ^ _419_/A2 (sky130_fd_sc_hd__a22o_1)
                  0.03    0.07    0.85 ^ _419_/X (sky130_fd_sc_hd__a22o_1)
     1    0.00                           _003_ (net)
                  0.03    0.00    0.85 ^ _442_/D (sky130_fd_sc_hd__dfrtp_1)
                                  0.85   data arrival time

                          0.00    0.00   clock clk (rise edge)
                          0.00    0.00   clock source latency
                  0.05    0.03    0.03 ^ clk (in)
     1    0.01                           clk (net)
                  0.05    0.00    0.03 ^ clkbuf_0_clk/A (sky130_fd_sc_hd__clkbuf_16)
                  0.03    0.09    0.13 ^ clkbuf_0_clk/X (sky130_fd_sc_hd__clkbuf_16)
     2    0.02                           clknet_0_clk (net)
                  0.03    0.00    0.13 ^ clkbuf_1_0__f_clk/A (sky130_fd_sc_hd__clkbuf_16)
                  0.04    0.09    0.22 ^ clkbuf_1_0__f_clk/X (sky130_fd_sc_hd__clkbuf_16)
     8    0.03                           clknet_1_0__leaf_clk (net)
                  0.04    0.00    0.22 ^ _442_/CLK (sky130_fd_sc_hd__dfrtp_1)
                          0.25    0.47   clock uncertainty
                         -0.02    0.45   clock reconvergence pessimism
                         -0.02    0.43   library hold time
                                  0.43   data required time
-----------------------------------------------------------------------------
                                  0.43   data required time
                                 -0.85   data arrival time
-----------------------------------------------------------------------------
                                  0.42   slack (MET)


Startpoint: _445_ (rising edge-triggered flip-flop clocked by clk)
Endpoint: _445_ (rising edge-triggered flip-flop clocked by clk)
Path Group: clk
Path Type: min
Corner: Fastest

Fanout     Cap    Slew   Delay    Time   Description
-----------------------------------------------------------------------------
                          0.00    0.00   clock clk (rise edge)
                          0.00    0.00   clock source latency
                  0.05    0.03    0.03 ^ clk (in)
     1    0.01                           clk (net)
                  0.05    0.00    0.03 ^ clkbuf_0_clk/A (sky130_fd_sc_hd__clkbuf_16)
                  0.03    0.08    0.11 ^ clkbuf_0_clk/X (sky130_fd_sc_hd__clkbuf_16)
     2    0.02                           clknet_0_clk (net)
                  0.03    0.00    0.12 ^ clkbuf_1_1__f_clk/A (sky130_fd_sc_hd__clkbuf_16)
                  0.03    0.08    0.19 ^ clkbuf_1_1__f_clk/X (sky130_fd_sc_hd__clkbuf_16)
     6    0.02                           clknet_1_1__leaf_clk (net)
                  0.03    0.00    0.19 ^ _445_/CLK (sky130_fd_sc_hd__dfrtp_1)
                  0.04    0.20    0.39 ^ _445_/Q (sky130_fd_sc_hd__dfrtp_1)
     2    0.00                           net29 (net)
                  0.04    0.00    0.39 ^ hold6/A (sky130_fd_sc_hd__dlygate4sd3_1)
                  0.04    0.35    0.74 ^ hold6/X (sky130_fd_sc_hd__dlygate4sd3_1)
     1    0.00                           net43 (net)
                  0.04    0.00    0.74 ^ _424_/B (sky130_fd_sc_hd__and2_1)
                  0.03    0.07    0.81 ^ _424_/X (sky130_fd_sc_hd__and2_1)
     1    0.00                           _161_ (net)
                  0.03    0.00    0.81 ^ _425_/B1 (sky130_fd_sc_hd__a31o_1)
                  0.03    0.05    0.86 ^ _425_/X (sky130_fd_sc_hd__a31o_1)
     1    0.00                           _006_ (net)
                  0.03    0.00    0.86 ^ _445_/D (sky130_fd_sc_hd__dfrtp_1)
                                  0.86   data arrival time

                          0.00    0.00   clock clk (rise edge)
                          0.00    0.00   clock source latency
                  0.05    0.03    0.03 ^ clk (in)
     1    0.01                           clk (net)
                  0.05    0.00    0.03 ^ clkbuf_0_clk/A (sky130_fd_sc_hd__clkbuf_16)
                  0.03    0.09    0.13 ^ clkbuf_0_clk/X (sky130_fd_sc_hd__clkbuf_16)
     2    0.02                           clknet_0_clk (net)
                  0.03    0.00    0.13 ^ clkbuf_1_1__f_clk/A (sky130_fd_sc_hd__clkbuf_16)
                  0.03    0.09    0.21 ^ clkbuf_1_1__f_clk/X (sky130_fd_sc_hd__clkbuf_16)
     6    0.02                           clknet_1_1__leaf_clk (net)
                  0.03    0.00    0.21 ^ _445_/CLK (sky130_fd_sc_hd__dfrtp_1)
                          0.25    0.46   clock uncertainty
                         -0.02    0.44   clock reconvergence pessimism
                         -0.02    0.43   library hold time
                                  0.43   data required time
-----------------------------------------------------------------------------
                                  0.43   data required time
                                 -0.86   data arrival time
-----------------------------------------------------------------------------
                                  0.44   slack (MET)


Startpoint: _444_ (rising edge-triggered flip-flop clocked by clk)
Endpoint: _444_ (rising edge-triggered flip-flop clocked by clk)
Path Group: clk
Path Type: min
Corner: Fastest

Fanout     Cap    Slew   Delay    Time   Description
-----------------------------------------------------------------------------
                          0.00    0.00   clock clk (rise edge)
                          0.00    0.00   clock source latency
                  0.05    0.03    0.03 ^ clk (in)
     1    0.01                           clk (net)
                  0.05    0.00    0.03 ^ clkbuf_0_clk/A (sky130_fd_sc_hd__clkbuf_16)
                  0.03    0.08    0.11 ^ clkbuf_0_clk/X (sky130_fd_sc_hd__clkbuf_16)
     2    0.02                           clknet_0_clk (net)
                  0.03    0.00    0.12 ^ clkbuf_1_0__f_clk/A (sky130_fd_sc_hd__clkbuf_16)
                  0.04    0.08    0.20 ^ clkbuf_1_0__f_clk/X (sky130_fd_sc_hd__clkbuf_16)
     8    0.03                           clknet_1_0__leaf_clk (net)
                  0.04    0.00    0.20 ^ _444_/CLK (sky130_fd_sc_hd__dfrtp_1)
                  0.05    0.20    0.40 ^ _444_/Q (sky130_fd_sc_hd__dfrtp_1)
     2    0.01                           net28 (net)
                  0.05    0.00    0.40 ^ hold8/A (sky130_fd_sc_hd__dlygate4sd3_1)
                  0.03    0.35    0.75 ^ hold8/X (sky130_fd_sc_hd__dlygate4sd3_1)
     1    0.00                           net45 (net)
                  0.03    0.00    0.75 ^ _422_/B (sky130_fd_sc_hd__and2_1)
                  0.03    0.07    0.82 ^ _422_/X (sky130_fd_sc_hd__and2_1)
     1    0.00                           _160_ (net)
                  0.03    0.00    0.82 ^ _423_/B1 (sky130_fd_sc_hd__a31o_1)
                  0.03    0.05    0.87 ^ _423_/X (sky130_fd_sc_hd__a31o_1)
     1    0.00                           _005_ (net)
                  0.03    0.00    0.87 ^ _444_/D (sky130_fd_sc_hd__dfrtp_1)
                                  0.87   data arrival time

                          0.00    0.00   clock clk (rise edge)
                          0.00    0.00   clock source latency
                  0.05    0.03    0.03 ^ clk (in)
     1    0.01                           clk (net)
                  0.05    0.00    0.03 ^ clkbuf_0_clk/A (sky130_fd_sc_hd__clkbuf_16)
                  0.03    0.09    0.13 ^ clkbuf_0_clk/X (sky130_fd_sc_hd__clkbuf_16)
     2    0.02                           clknet_0_clk (net)
                  0.03    0.00    0.13 ^ clkbuf_1_0__f_clk/A (sky130_fd_sc_hd__clkbuf_16)
                  0.04    0.09    0.22 ^ clkbuf_1_0__f_clk/X (sky130_fd_sc_hd__clkbuf_16)
     8    0.03                           clknet_1_0__leaf_clk (net)
                  0.04    0.00    0.22 ^ _444_/CLK (sky130_fd_sc_hd__dfrtp_1)
                          0.25    0.47   clock uncertainty
                         -0.02    0.45   clock reconvergence pessimism
                         -0.02    0.43   library hold time
                                  0.43   data required time
-----------------------------------------------------------------------------
                                  0.43   data required time
                                 -0.87   data arrival time
-----------------------------------------------------------------------------
                                  0.44   slack (MET)


Startpoint: _448_ (rising edge-triggered flip-flop clocked by clk)
Endpoint: _448_ (rising edge-triggered flip-flop clocked by clk)
Path Group: clk
Path Type: min
Corner: Fastest

Fanout     Cap    Slew   Delay    Time   Description
-----------------------------------------------------------------------------
                          0.00    0.00   clock clk (rise edge)
                          0.00    0.00   clock source latency
                  0.05    0.03    0.03 ^ clk (in)
     1    0.01                           clk (net)
                  0.05    0.00    0.03 ^ clkbuf_0_clk/A (sky130_fd_sc_hd__clkbuf_16)
                  0.03    0.08    0.11 ^ clkbuf_0_clk/X (sky130_fd_sc_hd__clkbuf_16)
     2    0.02                           clknet_0_clk (net)
                  0.03    0.00    0.12 ^ clkbuf_1_1__f_clk/A (sky130_fd_sc_hd__clkbuf_16)
                  0.03    0.08    0.19 ^ clkbuf_1_1__f_clk/X (sky130_fd_sc_hd__clkbuf_16)
     6    0.02                           clknet_1_1__leaf_clk (net)
                  0.03    0.00    0.19 ^ _448_/CLK (sky130_fd_sc_hd__dfrtp_1)
                  0.05    0.20    0.40 ^ _448_/Q (sky130_fd_sc_hd__dfrtp_1)
     2    0.01                           net32 (net)
                  0.05    0.00    0.40 ^ hold10/A (sky130_fd_sc_hd__dlygate4sd3_1)
                  0.04    0.36    0.75 ^ hold10/X (sky130_fd_sc_hd__dlygate4sd3_1)
     1    0.00                           net47 (net)
                  0.04    0.00    0.75 ^ _430_/B (sky130_fd_sc_hd__and2_1)
                  0.04    0.07    0.83 ^ _430_/X (sky130_fd_sc_hd__and2_1)
     1    0.00                           _164_ (net)
                  0.04    0.00    0.83 ^ _431_/B1 (sky130_fd_sc_hd__a31o_1)
                  0.03    0.05    0.87 ^ _431_/X (sky130_fd_sc_hd__a31o_1)
     1    0.00                           _009_ (net)
                  0.03    0.00    0.87 ^ _448_/D (sky130_fd_sc_hd__dfrtp_1)
                                  0.87   data arrival time

                          0.00    0.00   clock clk (rise edge)
                          0.00    0.00   clock source latency
                  0.05    0.03    0.03 ^ clk (in)
     1    0.01                           clk (net)
                  0.05    0.00    0.03 ^ clkbuf_0_clk/A (sky130_fd_sc_hd__clkbuf_16)
                  0.03    0.09    0.13 ^ clkbuf_0_clk/X (sky130_fd_sc_hd__clkbuf_16)
     2    0.02                           clknet_0_clk (net)
                  0.03    0.00    0.13 ^ clkbuf_1_1__f_clk/A (sky130_fd_sc_hd__clkbuf_16)
                  0.03    0.09    0.21 ^ clkbuf_1_1__f_clk/X (sky130_fd_sc_hd__clkbuf_16)
     6    0.02                           clknet_1_1__leaf_clk (net)
                  0.03    0.00    0.22 ^ _448_/CLK (sky130_fd_sc_hd__dfrtp_1)
                          0.25    0.47   clock uncertainty
                         -0.02    0.44   clock reconvergence pessimism
                         -0.02    0.43   library hold time
                                  0.43   data required time
-----------------------------------------------------------------------------
                                  0.43   data required time
                                 -0.87   data arrival time
-----------------------------------------------------------------------------
                                  0.45   slack (MET)


Startpoint: _450_ (rising edge-triggered flip-flop clocked by clk)
Endpoint: _450_ (rising edge-triggered flip-flop clocked by clk)
Path Group: clk
Path Type: min
Corner: Fastest

Fanout     Cap    Slew   Delay    Time   Description
-----------------------------------------------------------------------------
                          0.00    0.00   clock clk (rise edge)
                          0.00    0.00   clock source latency
                  0.05    0.03    0.03 ^ clk (in)
     1    0.01                           clk (net)
                  0.05    0.00    0.03 ^ clkbuf_0_clk/A (sky130_fd_sc_hd__clkbuf_16)
                  0.03    0.08    0.11 ^ clkbuf_0_clk/X (sky130_fd_sc_hd__clkbuf_16)
     2    0.02                           clknet_0_clk (net)
                  0.03    0.00    0.12 ^ clkbuf_1_0__f_clk/A (sky130_fd_sc_hd__clkbuf_16)
                  0.04    0.08    0.20 ^ clkbuf_1_0__f_clk/X (sky130_fd_sc_hd__clkbuf_16)
     8    0.03                           clknet_1_0__leaf_clk (net)
                  0.04    0.00    0.20 ^ _450_/CLK (sky130_fd_sc_hd__dfrtp_1)
                  0.05    0.20    0.40 ^ _450_/Q (sky130_fd_sc_hd__dfrtp_1)
     2    0.01                           net34 (net)
                  0.05    0.00    0.40 ^ hold9/A (sky130_fd_sc_hd__dlygate4sd3_1)
                  0.03    0.35    0.76 ^ hold9/X (sky130_fd_sc_hd__dlygate4sd3_1)
     1    0.00                           net46 (net)
                  0.03    0.00    0.76 ^ _434_/B (sky130_fd_sc_hd__and2_1)
                  0.04    0.07    0.83 ^ _434_/X (sky130_fd_sc_hd__and2_1)
     1    0.00                           _166_ (net)
                  0.04    0.00    0.83 ^ _435_/B1 (sky130_fd_sc_hd__a31o_1)
                  0.03    0.05    0.88 ^ _435_/X (sky130_fd_sc_hd__a31o_1)
     1    0.00                           _011_ (net)
                  0.03    0.00    0.88 ^ _450_/D (sky130_fd_sc_hd__dfrtp_1)
                                  0.88   data arrival time

                          0.00    0.00   clock clk (rise edge)
                          0.00    0.00   clock source latency
                  0.05    0.03    0.03 ^ clk (in)
     1    0.01                           clk (net)
                  0.05    0.00    0.03 ^ clkbuf_0_clk/A (sky130_fd_sc_hd__clkbuf_16)
                  0.03    0.09    0.13 ^ clkbuf_0_clk/X (sky130_fd_sc_hd__clkbuf_16)
     2    0.02                           clknet_0_clk (net)
                  0.03    0.00    0.13 ^ clkbuf_1_0__f_clk/A (sky130_fd_sc_hd__clkbuf_16)
                  0.04    0.09    0.22 ^ clkbuf_1_0__f_clk/X (sky130_fd_sc_hd__clkbuf_16)
     8    0.03                           clknet_1_0__leaf_clk (net)
                  0.04    0.00    0.22 ^ _450_/CLK (sky130_fd_sc_hd__dfrtp_1)
                          0.25    0.47   clock uncertainty
                         -0.02    0.45   clock reconvergence pessimism
                         -0.02    0.43   library hold time
                                  0.43   data required time
-----------------------------------------------------------------------------
                                  0.43   data required time
                                 -0.88   data arrival time
-----------------------------------------------------------------------------
                                  0.45   slack (MET)


Startpoint: _451_ (rising edge-triggered flip-flop clocked by clk)
Endpoint: _451_ (rising edge-triggered flip-flop clocked by clk)
Path Group: clk
Path Type: min
Corner: Fastest

Fanout     Cap    Slew   Delay    Time   Description
-----------------------------------------------------------------------------
                          0.00    0.00   clock clk (rise edge)
                          0.00    0.00   clock source latency
                  0.05    0.03    0.03 ^ clk (in)
     1    0.01                           clk (net)
                  0.05    0.00    0.03 ^ clkbuf_0_clk/A (sky130_fd_sc_hd__clkbuf_16)
                  0.03    0.08    0.11 ^ clkbuf_0_clk/X (sky130_fd_sc_hd__clkbuf_16)
     2    0.02                           clknet_0_clk (net)
                  0.03    0.00    0.12 ^ clkbuf_1_0__f_clk/A (sky130_fd_sc_hd__clkbuf_16)
                  0.04    0.08    0.20 ^ clkbuf_1_0__f_clk/X (sky130_fd_sc_hd__clkbuf_16)
     8    0.03                           clknet_1_0__leaf_clk (net)
                  0.04    0.00    0.20 ^ _451_/CLK (sky130_fd_sc_hd__dfrtp_1)
                  0.05    0.21    0.41 ^ _451_/Q (sky130_fd_sc_hd__dfrtp_1)
     2    0.01                           net35 (net)
                  0.05    0.00    0.41 ^ hold7/A (sky130_fd_sc_hd__dlygate4sd3_1)
                  0.04    0.36    0.76 ^ hold7/X (sky130_fd_sc_hd__dlygate4sd3_1)
     1    0.00                           net44 (net)
                  0.04    0.00    0.76 ^ _436_/B (sky130_fd_sc_hd__and2_1)
                  0.03    0.07    0.83 ^ _436_/X (sky130_fd_sc_hd__and2_1)
     1    0.00                           _167_ (net)
                  0.03    0.00    0.83 ^ _437_/B1 (sky130_fd_sc_hd__a31o_1)
                  0.03    0.05    0.88 ^ _437_/X (sky130_fd_sc_hd__a31o_1)
     1    0.00                           _012_ (net)
                  0.03    0.00    0.88 ^ _451_/D (sky130_fd_sc_hd__dfrtp_1)
                                  0.88   data arrival time

                          0.00    0.00   clock clk (rise edge)
                          0.00    0.00   clock source latency
                  0.05    0.03    0.03 ^ clk (in)
     1    0.01                           clk (net)
                  0.05    0.00    0.03 ^ clkbuf_0_clk/A (sky130_fd_sc_hd__clkbuf_16)
                  0.03    0.09    0.13 ^ clkbuf_0_clk/X (sky130_fd_sc_hd__clkbuf_16)
     2    0.02                           clknet_0_clk (net)
                  0.03    0.00    0.13 ^ clkbuf_1_0__f_clk/A (sky130_fd_sc_hd__clkbuf_16)
                  0.04    0.09    0.22 ^ clkbuf_1_0__f_clk/X (sky130_fd_sc_hd__clkbuf_16)
     8    0.03                           clknet_1_0__leaf_clk (net)
                  0.04    0.00    0.22 ^ _451_/CLK (sky130_fd_sc_hd__dfrtp_1)
                          0.25    0.47   clock uncertainty
                         -0.02    0.45   clock reconvergence pessimism
                         -0.02    0.43   library hold time
                                  0.43   data required time
-----------------------------------------------------------------------------
                                  0.43   data required time
                                 -0.88   data arrival time
-----------------------------------------------------------------------------
                                  0.45   slack (MET)


Startpoint: _446_ (rising edge-triggered flip-flop clocked by clk)
Endpoint: _446_ (rising edge-triggered flip-flop clocked by clk)
Path Group: clk
Path Type: min
Corner: Fastest

Fanout     Cap    Slew   Delay    Time   Description
-----------------------------------------------------------------------------
                          0.00    0.00   clock clk (rise edge)
                          0.00    0.00   clock source latency
                  0.05    0.03    0.03 ^ clk (in)
     1    0.01                           clk (net)
                  0.05    0.00    0.03 ^ clkbuf_0_clk/A (sky130_fd_sc_hd__clkbuf_16)
                  0.03    0.08    0.11 ^ clkbuf_0_clk/X (sky130_fd_sc_hd__clkbuf_16)
     2    0.02                           clknet_0_clk (net)
                  0.03    0.00    0.12 ^ clkbuf_1_1__f_clk/A (sky130_fd_sc_hd__clkbuf_16)
                  0.03    0.08    0.19 ^ clkbuf_1_1__f_clk/X (sky130_fd_sc_hd__clkbuf_16)
     6    0.02                           clknet_1_1__leaf_clk (net)
                  0.03    0.00    0.19 ^ _446_/CLK (sky130_fd_sc_hd__dfrtp_1)
                  0.06    0.21    0.41 ^ _446_/Q (sky130_fd_sc_hd__dfrtp_1)
     2    0.01                           net30 (net)
                  0.06    0.00    0.41 ^ hold11/A (sky130_fd_sc_hd__dlygate4sd3_1)
                  0.04    0.36    0.76 ^ hold11/X (sky130_fd_sc_hd__dlygate4sd3_1)
     1    0.00                           net48 (net)
                  0.04    0.00    0.76 ^ _426_/B (sky130_fd_sc_hd__and2_1)
                  0.03    0.07    0.83 ^ _426_/X (sky130_fd_sc_hd__and2_1)
     1    0.00                           _162_ (net)
                  0.03    0.00    0.83 ^ _427_/B1 (sky130_fd_sc_hd__a31o_1)
                  0.02    0.05    0.88 ^ _427_/X (sky130_fd_sc_hd__a31o_1)
     1    0.00                           _007_ (net)
                  0.02    0.00    0.88 ^ _446_/D (sky130_fd_sc_hd__dfrtp_1)
                                  0.88   data arrival time

                          0.00    0.00   clock clk (rise edge)
                          0.00    0.00   clock source latency
                  0.05    0.03    0.03 ^ clk (in)
     1    0.01                           clk (net)
                  0.05    0.00    0.03 ^ clkbuf_0_clk/A (sky130_fd_sc_hd__clkbuf_16)
                  0.03    0.09    0.13 ^ clkbuf_0_clk/X (sky130_fd_sc_hd__clkbuf_16)
     2    0.02                           clknet_0_clk (net)
                  0.03    0.00    0.13 ^ clkbuf_1_1__f_clk/A (sky130_fd_sc_hd__clkbuf_16)
                  0.03    0.09    0.21 ^ clkbuf_1_1__f_clk/X (sky130_fd_sc_hd__clkbuf_16)
     6    0.02                           clknet_1_1__leaf_clk (net)
                  0.03    0.00    0.22 ^ _446_/CLK (sky130_fd_sc_hd__dfrtp_1)
                          0.25    0.47   clock uncertainty
                         -0.02    0.44   clock reconvergence pessimism
                         -0.02    0.43   library hold time
                                  0.43   data required time
-----------------------------------------------------------------------------
                                  0.43   data required time
                                 -0.88   data arrival time
-----------------------------------------------------------------------------
                                  0.45   slack (MET)


Startpoint: _447_ (rising edge-triggered flip-flop clocked by clk)
Endpoint: _447_ (rising edge-triggered flip-flop clocked by clk)
Path Group: clk
Path Type: min
Corner: Fastest

Fanout     Cap    Slew   Delay    Time   Description
-----------------------------------------------------------------------------
                          0.00    0.00   clock clk (rise edge)
                          0.00    0.00   clock source latency
                  0.05    0.03    0.03 ^ clk (in)
     1    0.01                           clk (net)
                  0.05    0.00    0.03 ^ clkbuf_0_clk/A (sky130_fd_sc_hd__clkbuf_16)
                  0.03    0.08    0.11 ^ clkbuf_0_clk/X (sky130_fd_sc_hd__clkbuf_16)
     2    0.02                           clknet_0_clk (net)
                  0.03    0.00    0.12 ^ clkbuf_1_1__f_clk/A (sky130_fd_sc_hd__clkbuf_16)
                  0.03    0.08    0.19 ^ clkbuf_1_1__f_clk/X (sky130_fd_sc_hd__clkbuf_16)
     6    0.02                           clknet_1_1__leaf_clk (net)
                  0.03    0.00    0.19 ^ _447_/CLK (sky130_fd_sc_hd__dfrtp_1)
                  0.07    0.21    0.41 ^ _447_/Q (sky130_fd_sc_hd__dfrtp_1)
     2    0.01                           net31 (net)
                  0.07    0.00    0.41 ^ hold13/A (sky130_fd_sc_hd__dlygate4sd3_1)
                  0.03    0.36    0.76 ^ hold13/X (sky130_fd_sc_hd__dlygate4sd3_1)
     1    0.00                           net50 (net)
                  0.03    0.00    0.76 ^ _428_/B (sky130_fd_sc_hd__and2_1)
                  0.03    0.07    0.83 ^ _428_/X (sky130_fd_sc_hd__and2_1)
     1    0.00                           _163_ (net)
                  0.03    0.00    0.83 ^ _429_/B1 (sky130_fd_sc_hd__a31o_1)
                  0.02    0.05    0.88 ^ _429_/X (sky130_fd_sc_hd__a31o_1)
     1    0.00                           _008_ (net)
                  0.02    0.00    0.88 ^ _447_/D (sky130_fd_sc_hd__dfrtp_1)
                                  0.88   data arrival time

                          0.00    0.00   clock clk (rise edge)
                          0.00    0.00   clock source latency
                  0.05    0.03    0.03 ^ clk (in)
     1    0.01                           clk (net)
                  0.05    0.00    0.03 ^ clkbuf_0_clk/A (sky130_fd_sc_hd__clkbuf_16)
                  0.03    0.09    0.13 ^ clkbuf_0_clk/X (sky130_fd_sc_hd__clkbuf_16)
     2    0.02                           clknet_0_clk (net)
                  0.03    0.00    0.13 ^ clkbuf_1_1__f_clk/A (sky130_fd_sc_hd__clkbuf_16)
                  0.03    0.09    0.21 ^ clkbuf_1_1__f_clk/X (sky130_fd_sc_hd__clkbuf_16)
     6    0.02                           clknet_1_1__leaf_clk (net)
                  0.03    0.00    0.22 ^ _447_/CLK (sky130_fd_sc_hd__dfrtp_1)
                          0.25    0.47   clock uncertainty
                         -0.02    0.44   clock reconvergence pessimism
                         -0.02    0.43   library hold time
                                  0.43   data required time
-----------------------------------------------------------------------------
                                  0.43   data required time
                                 -0.88   data arrival time
-----------------------------------------------------------------------------
                                  0.45   slack (MET)


Startpoint: _449_ (rising edge-triggered flip-flop clocked by clk)
Endpoint: _449_ (rising edge-triggered flip-flop clocked by clk)
Path Group: clk
Path Type: min
Corner: Fastest

Fanout     Cap    Slew   Delay    Time   Description
-----------------------------------------------------------------------------
                          0.00    0.00   clock clk (rise edge)
                          0.00    0.00   clock source latency
                  0.05    0.03    0.03 ^ clk (in)
     1    0.01                           clk (net)
                  0.05    0.00    0.03 ^ clkbuf_0_clk/A (sky130_fd_sc_hd__clkbuf_16)
                  0.03    0.08    0.11 ^ clkbuf_0_clk/X (sky130_fd_sc_hd__clkbuf_16)
     2    0.02                           clknet_0_clk (net)
                  0.03    0.00    0.12 ^ clkbuf_1_0__f_clk/A (sky130_fd_sc_hd__clkbuf_16)
                  0.04    0.08    0.20 ^ clkbuf_1_0__f_clk/X (sky130_fd_sc_hd__clkbuf_16)
     8    0.03                           clknet_1_0__leaf_clk (net)
                  0.04    0.00    0.20 ^ _449_/CLK (sky130_fd_sc_hd__dfrtp_1)
                  0.06    0.21    0.41 ^ _449_/Q (sky130_fd_sc_hd__dfrtp_1)
     2    0.01                           net33 (net)
                  0.06    0.00    0.41 ^ hold12/A (sky130_fd_sc_hd__dlygate4sd3_1)
                  0.03    0.35    0.77 ^ hold12/X (sky130_fd_sc_hd__dlygate4sd3_1)
     1    0.00                           net49 (net)
                  0.03    0.00    0.77 ^ _432_/B (sky130_fd_sc_hd__and2_1)
                  0.04    0.07    0.84 ^ _432_/X (sky130_fd_sc_hd__and2_1)
     1    0.00                           _165_ (net)
                  0.04    0.00    0.84 ^ _433_/B1 (sky130_fd_sc_hd__a31o_1)
                  0.02    0.05    0.89 ^ _433_/X (sky130_fd_sc_hd__a31o_1)
     1    0.00                           _010_ (net)
                  0.02    0.00    0.89 ^ _449_/D (sky130_fd_sc_hd__dfrtp_1)
                                  0.89   data arrival time

                          0.00    0.00   clock clk (rise edge)
                          0.00    0.00   clock source latency
                  0.05    0.03    0.03 ^ clk (in)
     1    0.01                           clk (net)
                  0.05    0.00    0.03 ^ clkbuf_0_clk/A (sky130_fd_sc_hd__clkbuf_16)
                  0.03    0.09    0.13 ^ clkbuf_0_clk/X (sky130_fd_sc_hd__clkbuf_16)
     2    0.02                           clknet_0_clk (net)
                  0.03    0.00    0.13 ^ clkbuf_1_0__f_clk/A (sky130_fd_sc_hd__clkbuf_16)
                  0.04    0.09    0.22 ^ clkbuf_1_0__f_clk/X (sky130_fd_sc_hd__clkbuf_16)
     8    0.03                           clknet_1_0__leaf_clk (net)
                  0.04    0.00    0.22 ^ _449_/CLK (sky130_fd_sc_hd__dfrtp_1)
                          0.25    0.47   clock uncertainty
                         -0.02    0.45   clock reconvergence pessimism
                         -0.02    0.43   library hold time
                                  0.43   data required time
-----------------------------------------------------------------------------
                                  0.43   data required time
                                 -0.89   data arrival time
-----------------------------------------------------------------------------
                                  0.46   slack (MET)


Startpoint: rst_n (input port clocked by clk)
Endpoint: _447_ (removal check against rising-edge clock clk)
Path Group: asynchronous
Path Type: min
Corner: Fastest

Fanout     Cap    Slew   Delay    Time   Description
-----------------------------------------------------------------------------
                          0.00    0.00   clock clk (rise edge)
                          0.00    0.00   clock network delay (propagated)
                          5.00    5.00 ^ input external delay
                  0.01    0.01    5.01 ^ rst_n (in)
     1    0.00                           rst_n (net)
                  0.01    0.00    5.01 ^ input9/A (sky130_fd_sc_hd__clkbuf_2)
                  0.10    0.10    5.11 ^ input9/X (sky130_fd_sc_hd__clkbuf_2)
     5    0.02                           net9 (net)
                  0.10    0.00    5.11 ^ _447_/RESET_B (sky130_fd_sc_hd__dfrtp_1)
                                  5.11   data arrival time

                          0.00    0.00   clock clk (rise edge)
                          0.00    0.00   clock source latency
                  0.05    0.03    0.03 ^ clk (in)
     1    0.01                           clk (net)
                  0.05    0.00    0.03 ^ clkbuf_0_clk/A (sky130_fd_sc_hd__clkbuf_16)
                  0.03    0.09    0.13 ^ clkbuf_0_clk/X (sky130_fd_sc_hd__clkbuf_16)
     2    0.02                           clknet_0_clk (net)
                  0.03    0.00    0.13 ^ clkbuf_1_1__f_clk/A (sky130_fd_sc_hd__clkbuf_16)
                  0.03    0.09    0.21 ^ clkbuf_1_1__f_clk/X (sky130_fd_sc_hd__clkbuf_16)
     6    0.02                           clknet_1_1__leaf_clk (net)
                  0.03    0.00    0.22 ^ _447_/CLK (sky130_fd_sc_hd__dfrtp_1)
                          0.25    0.47   clock uncertainty
                          0.00    0.47   clock reconvergence pessimism
                          0.21    0.68   library removal time
                                  0.68   data required time
-----------------------------------------------------------------------------
                                  0.68   data required time
                                 -5.11   data arrival time
-----------------------------------------------------------------------------
                                  4.43   slack (MET)


Startpoint: rst_n (input port clocked by clk)
Endpoint: _446_ (removal check against rising-edge clock clk)
Path Group: asynchronous
Path Type: min
Corner: Fastest

Fanout     Cap    Slew   Delay    Time   Description
-----------------------------------------------------------------------------
                          0.00    0.00   clock clk (rise edge)
                          0.00    0.00   clock network delay (propagated)
                          5.00    5.00 ^ input external delay
                  0.01    0.01    5.01 ^ rst_n (in)
     1    0.00                           rst_n (net)
                  0.01    0.00    5.01 ^ input9/A (sky130_fd_sc_hd__clkbuf_2)
                  0.10    0.10    5.11 ^ input9/X (sky130_fd_sc_hd__clkbuf_2)
     5    0.02                           net9 (net)
                  0.10    0.00    5.11 ^ _446_/RESET_B (sky130_fd_sc_hd__dfrtp_1)
                                  5.11   data arrival time

                          0.00    0.00   clock clk (rise edge)
                          0.00    0.00   clock source latency
                  0.05    0.03    0.03 ^ clk (in)
     1    0.01                           clk (net)
                  0.05    0.00    0.03 ^ clkbuf_0_clk/A (sky130_fd_sc_hd__clkbuf_16)
                  0.03    0.09    0.13 ^ clkbuf_0_clk/X (sky130_fd_sc_hd__clkbuf_16)
     2    0.02                           clknet_0_clk (net)
                  0.03    0.00    0.13 ^ clkbuf_1_1__f_clk/A (sky130_fd_sc_hd__clkbuf_16)
                  0.03    0.09    0.21 ^ clkbuf_1_1__f_clk/X (sky130_fd_sc_hd__clkbuf_16)
     6    0.02                           clknet_1_1__leaf_clk (net)
                  0.03    0.00    0.22 ^ _446_/CLK (sky130_fd_sc_hd__dfrtp_1)
                          0.25    0.47   clock uncertainty
                          0.00    0.47   clock reconvergence pessimism
                          0.21    0.68   library removal time
                                  0.68   data required time
-----------------------------------------------------------------------------
                                  0.68   data required time
                                 -5.11   data arrival time
-----------------------------------------------------------------------------
                                  4.43   slack (MET)


Startpoint: rst_n (input port clocked by clk)
Endpoint: _448_ (removal check against rising-edge clock clk)
Path Group: asynchronous
Path Type: min
Corner: Fastest

Fanout     Cap    Slew   Delay    Time   Description
-----------------------------------------------------------------------------
                          0.00    0.00   clock clk (rise edge)
                          0.00    0.00   clock network delay (propagated)
                          5.00    5.00 ^ input external delay
                  0.01    0.01    5.01 ^ rst_n (in)
     1    0.00                           rst_n (net)
                  0.01    0.00    5.01 ^ input9/A (sky130_fd_sc_hd__clkbuf_2)
                  0.10    0.10    5.11 ^ input9/X (sky130_fd_sc_hd__clkbuf_2)
     5    0.02                           net9 (net)
                  0.10    0.00    5.11 ^ _448_/RESET_B (sky130_fd_sc_hd__dfrtp_1)
                                  5.11   data arrival time

                          0.00    0.00   clock clk (rise edge)
                          0.00    0.00   clock source latency
                  0.05    0.03    0.03 ^ clk (in)
     1    0.01                           clk (net)
                  0.05    0.00    0.03 ^ clkbuf_0_clk/A (sky130_fd_sc_hd__clkbuf_16)
                  0.03    0.09    0.13 ^ clkbuf_0_clk/X (sky130_fd_sc_hd__clkbuf_16)
     2    0.02                           clknet_0_clk (net)
                  0.03    0.00    0.13 ^ clkbuf_1_1__f_clk/A (sky130_fd_sc_hd__clkbuf_16)
                  0.03    0.09    0.21 ^ clkbuf_1_1__f_clk/X (sky130_fd_sc_hd__clkbuf_16)
     6    0.02                           clknet_1_1__leaf_clk (net)
                  0.03    0.00    0.22 ^ _448_/CLK (sky130_fd_sc_hd__dfrtp_1)
                          0.25    0.47   clock uncertainty
                          0.00    0.47   clock reconvergence pessimism
                          0.21    0.68   library removal time
                                  0.68   data required time
-----------------------------------------------------------------------------
                                  0.68   data required time
                                 -5.11   data arrival time
-----------------------------------------------------------------------------
                                  4.43   slack (MET)


Startpoint: rst_n (input port clocked by clk)
Endpoint: _445_ (removal check against rising-edge clock clk)
Path Group: asynchronous
Path Type: min
Corner: Fastest

Fanout     Cap    Slew   Delay    Time   Description
-----------------------------------------------------------------------------
                          0.00    0.00   clock clk (rise edge)
                          0.00    0.00   clock network delay (propagated)
                          5.00    5.00 ^ input external delay
                  0.01    0.01    5.01 ^ rst_n (in)
     1    0.00                           rst_n (net)
                  0.01    0.00    5.01 ^ input9/A (sky130_fd_sc_hd__clkbuf_2)
                  0.10    0.10    5.11 ^ input9/X (sky130_fd_sc_hd__clkbuf_2)
     5    0.02                           net9 (net)
                  0.10    0.00    5.11 ^ _445_/RESET_B (sky130_fd_sc_hd__dfrtp_1)
                                  5.11   data arrival time

                          0.00    0.00   clock clk (rise edge)
                          0.00    0.00   clock source latency
                  0.05    0.03    0.03 ^ clk (in)
     1    0.01                           clk (net)
                  0.05    0.00    0.03 ^ clkbuf_0_clk/A (sky130_fd_sc_hd__clkbuf_16)
                  0.03    0.09    0.13 ^ clkbuf_0_clk/X (sky130_fd_sc_hd__clkbuf_16)
     2    0.02                           clknet_0_clk (net)
                  0.03    0.00    0.13 ^ clkbuf_1_1__f_clk/A (sky130_fd_sc_hd__clkbuf_16)
                  0.03    0.09    0.21 ^ clkbuf_1_1__f_clk/X (sky130_fd_sc_hd__clkbuf_16)
     6    0.02                           clknet_1_1__leaf_clk (net)
                  0.03    0.00    0.21 ^ _445_/CLK (sky130_fd_sc_hd__dfrtp_1)
                          0.25    0.46   clock uncertainty
                          0.00    0.46   clock reconvergence pessimism
                          0.21    0.68   library removal time
                                  0.68   data required time
-----------------------------------------------------------------------------
                                  0.68   data required time
                                 -5.11   data arrival time
-----------------------------------------------------------------------------
                                  4.43   slack (MET)


Startpoint: rst_n (input port clocked by clk)
Endpoint: _442_ (removal check against rising-edge clock clk)
Path Group: asynchronous
Path Type: min
Corner: Fastest

Fanout     Cap    Slew   Delay    Time   Description
-----------------------------------------------------------------------------
                          0.00    0.00   clock clk (rise edge)
                          0.00    0.00   clock network delay (propagated)
                          5.00    5.00 ^ input external delay
                  0.01    0.01    5.01 ^ rst_n (in)
     1    0.00                           rst_n (net)
                  0.01    0.00    5.01 ^ input9/A (sky130_fd_sc_hd__clkbuf_2)
                  0.10    0.10    5.11 ^ input9/X (sky130_fd_sc_hd__clkbuf_2)
     5    0.02                           net9 (net)
                  0.10    0.00    5.11 ^ fanout37/A (sky130_fd_sc_hd__buf_4)
                  0.12    0.14    5.25 ^ fanout37/X (sky130_fd_sc_hd__buf_4)
    10    0.05                           net37 (net)
                  0.12    0.00    5.25 ^ _442_/RESET_B (sky130_fd_sc_hd__dfrtp_1)
                                  5.25   data arrival time

                          0.00    0.00   clock clk (rise edge)
                          0.00    0.00   clock source latency
                  0.05    0.03    0.03 ^ clk (in)
     1    0.01                           clk (net)
                  0.05    0.00    0.03 ^ clkbuf_0_clk/A (sky130_fd_sc_hd__clkbuf_16)
                  0.03    0.09    0.13 ^ clkbuf_0_clk/X (sky130_fd_sc_hd__clkbuf_16)
     2    0.02                           clknet_0_clk (net)
                  0.03    0.00    0.13 ^ clkbuf_1_0__f_clk/A (sky130_fd_sc_hd__clkbuf_16)
                  0.04    0.09    0.22 ^ clkbuf_1_0__f_clk/X (sky130_fd_sc_hd__clkbuf_16)
     8    0.03                           clknet_1_0__leaf_clk (net)
                  0.04    0.00    0.22 ^ _442_/CLK (sky130_fd_sc_hd__dfrtp_1)
                          0.25    0.47   clock uncertainty
                          0.00    0.47   clock reconvergence pessimism
                          0.22    0.69   library removal time
                                  0.69   data required time
-----------------------------------------------------------------------------
                                  0.69   data required time
                                 -5.25   data arrival time
-----------------------------------------------------------------------------
                                  4.56   slack (MET)


Startpoint: rst_n (input port clocked by clk)
Endpoint: _440_ (removal check against rising-edge clock clk)
Path Group: asynchronous
Path Type: min
Corner: Fastest

Fanout     Cap    Slew   Delay    Time   Description
-----------------------------------------------------------------------------
                          0.00    0.00   clock clk (rise edge)
                          0.00    0.00   clock network delay (propagated)
                          5.00    5.00 ^ input external delay
                  0.01    0.01    5.01 ^ rst_n (in)
     1    0.00                           rst_n (net)
                  0.01    0.00    5.01 ^ input9/A (sky130_fd_sc_hd__clkbuf_2)
                  0.10    0.10    5.11 ^ input9/X (sky130_fd_sc_hd__clkbuf_2)
     5    0.02                           net9 (net)
                  0.10    0.00    5.11 ^ fanout37/A (sky130_fd_sc_hd__buf_4)
                  0.12    0.14    5.25 ^ fanout37/X (sky130_fd_sc_hd__buf_4)
    10    0.05                           net37 (net)
                  0.12    0.00    5.25 ^ _440_/RESET_B (sky130_fd_sc_hd__dfrtp_1)
                                  5.25   data arrival time

                          0.00    0.00   clock clk (rise edge)
                          0.00    0.00   clock source latency
                  0.05    0.03    0.03 ^ clk (in)
     1    0.01                           clk (net)
                  0.05    0.00    0.03 ^ clkbuf_0_clk/A (sky130_fd_sc_hd__clkbuf_16)
                  0.03    0.09    0.13 ^ clkbuf_0_clk/X (sky130_fd_sc_hd__clkbuf_16)
     2    0.02                           clknet_0_clk (net)
                  0.03    0.00    0.13 ^ clkbuf_1_0__f_clk/A (sky130_fd_sc_hd__clkbuf_16)
                  0.04    0.09    0.22 ^ clkbuf_1_0__f_clk/X (sky130_fd_sc_hd__clkbuf_16)
     8    0.03                           clknet_1_0__leaf_clk (net)
                  0.04    0.00    0.22 ^ _440_/CLK (sky130_fd_sc_hd__dfrtp_1)
                          0.25    0.47   clock uncertainty
                          0.00    0.47   clock reconvergence pessimism
                          0.22    0.69   library removal time
                                  0.69   data required time
-----------------------------------------------------------------------------
                                  0.69   data required time
                                 -5.25   data arrival time
-----------------------------------------------------------------------------
                                  4.56   slack (MET)


Startpoint: rst_n (input port clocked by clk)
Endpoint: _438_ (removal check against rising-edge clock clk)
Path Group: asynchronous
Path Type: min
Corner: Fastest

Fanout     Cap    Slew   Delay    Time   Description
-----------------------------------------------------------------------------
                          0.00    0.00   clock clk (rise edge)
                          0.00    0.00   clock network delay (propagated)
                          5.00    5.00 ^ input external delay
                  0.01    0.01    5.01 ^ rst_n (in)
     1    0.00                           rst_n (net)
                  0.01    0.00    5.01 ^ input9/A (sky130_fd_sc_hd__clkbuf_2)
                  0.10    0.10    5.11 ^ input9/X (sky130_fd_sc_hd__clkbuf_2)
     5    0.02                           net9 (net)
                  0.10    0.00    5.11 ^ fanout37/A (sky130_fd_sc_hd__buf_4)
                  0.12    0.14    5.25 ^ fanout37/X (sky130_fd_sc_hd__buf_4)
    10    0.05                           net37 (net)
                  0.12    0.00    5.25 ^ _438_/RESET_B (sky130_fd_sc_hd__dfrtp_1)
                                  5.25   data arrival time

                          0.00    0.00   clock clk (rise edge)
                          0.00    0.00   clock source latency
                  0.05    0.03    0.03 ^ clk (in)
     1    0.01                           clk (net)
                  0.05    0.00    0.03 ^ clkbuf_0_clk/A (sky130_fd_sc_hd__clkbuf_16)
                  0.03    0.09    0.13 ^ clkbuf_0_clk/X (sky130_fd_sc_hd__clkbuf_16)
     2    0.02                           clknet_0_clk (net)
                  0.03    0.00    0.13 ^ clkbuf_1_0__f_clk/A (sky130_fd_sc_hd__clkbuf_16)
                  0.04    0.09    0.22 ^ clkbuf_1_0__f_clk/X (sky130_fd_sc_hd__clkbuf_16)
     8    0.03                           clknet_1_0__leaf_clk (net)
                  0.04    0.00    0.22 ^ _438_/CLK (sky130_fd_sc_hd__dfrtp_1)
                          0.25    0.47   clock uncertainty
                          0.00    0.47   clock reconvergence pessimism
                          0.22    0.69   library removal time
                                  0.69   data required time
-----------------------------------------------------------------------------
                                  0.69   data required time
                                 -5.25   data arrival time
-----------------------------------------------------------------------------
                                  4.56   slack (MET)


Startpoint: rst_n (input port clocked by clk)
Endpoint: _443_ (removal check against rising-edge clock clk)
Path Group: asynchronous
Path Type: min
Corner: Fastest

Fanout     Cap    Slew   Delay    Time   Description
-----------------------------------------------------------------------------
                          0.00    0.00   clock clk (rise edge)
                          0.00    0.00   clock network delay (propagated)
                          5.00    5.00 ^ input external delay
                  0.01    0.01    5.01 ^ rst_n (in)
     1    0.00                           rst_n (net)
                  0.01    0.00    5.01 ^ input9/A (sky130_fd_sc_hd__clkbuf_2)
                  0.10    0.10    5.11 ^ input9/X (sky130_fd_sc_hd__clkbuf_2)
     5    0.02                           net9 (net)
                  0.10    0.00    5.11 ^ fanout37/A (sky130_fd_sc_hd__buf_4)
                  0.12    0.14    5.25 ^ fanout37/X (sky130_fd_sc_hd__buf_4)
    10    0.05                           net37 (net)
                  0.12    0.00    5.25 ^ _443_/RESET_B (sky130_fd_sc_hd__dfrtp_1)
                                  5.25   data arrival time

                          0.00    0.00   clock clk (rise edge)
                          0.00    0.00   clock source latency
                  0.05    0.03    0.03 ^ clk (in)
     1    0.01                           clk (net)
                  0.05    0.00    0.03 ^ clkbuf_0_clk/A (sky130_fd_sc_hd__clkbuf_16)
                  0.03    0.09    0.13 ^ clkbuf_0_clk/X (sky130_fd_sc_hd__clkbuf_16)
     2    0.02                           clknet_0_clk (net)
                  0.03    0.00    0.13 ^ clkbuf_1_0__f_clk/A (sky130_fd_sc_hd__clkbuf_16)
                  0.04    0.09    0.22 ^ clkbuf_1_0__f_clk/X (sky130_fd_sc_hd__clkbuf_16)
     8    0.03                           clknet_1_0__leaf_clk (net)
                  0.04    0.00    0.22 ^ _443_/CLK (sky130_fd_sc_hd__dfrtp_1)
                          0.25    0.47   clock uncertainty
                          0.00    0.47   clock reconvergence pessimism
                          0.22    0.69   library removal time
                                  0.69   data required time
-----------------------------------------------------------------------------
                                  0.69   data required time
                                 -5.25   data arrival time
-----------------------------------------------------------------------------
                                  4.56   slack (MET)


Startpoint: rst_n (input port clocked by clk)
Endpoint: _449_ (removal check against rising-edge clock clk)
Path Group: asynchronous
Path Type: min
Corner: Fastest

Fanout     Cap    Slew   Delay    Time   Description
-----------------------------------------------------------------------------
                          0.00    0.00   clock clk (rise edge)
                          0.00    0.00   clock network delay (propagated)
                          5.00    5.00 ^ input external delay
                  0.01    0.01    5.01 ^ rst_n (in)
     1    0.00                           rst_n (net)
                  0.01    0.00    5.01 ^ input9/A (sky130_fd_sc_hd__clkbuf_2)
                  0.10    0.10    5.11 ^ input9/X (sky130_fd_sc_hd__clkbuf_2)
     5    0.02                           net9 (net)
                  0.10    0.00    5.11 ^ fanout37/A (sky130_fd_sc_hd__buf_4)
                  0.12    0.14    5.25 ^ fanout37/X (sky130_fd_sc_hd__buf_4)
    10    0.05                           net37 (net)
                  0.12    0.00    5.25 ^ _449_/RESET_B (sky130_fd_sc_hd__dfrtp_1)
                                  5.25   data arrival time

                          0.00    0.00   clock clk (rise edge)
                          0.00    0.00   clock source latency
                  0.05    0.03    0.03 ^ clk (in)
     1    0.01                           clk (net)
                  0.05    0.00    0.03 ^ clkbuf_0_clk/A (sky130_fd_sc_hd__clkbuf_16)
                  0.03    0.09    0.13 ^ clkbuf_0_clk/X (sky130_fd_sc_hd__clkbuf_16)
     2    0.02                           clknet_0_clk (net)
                  0.03    0.00    0.13 ^ clkbuf_1_0__f_clk/A (sky130_fd_sc_hd__clkbuf_16)
                  0.04    0.09    0.22 ^ clkbuf_1_0__f_clk/X (sky130_fd_sc_hd__clkbuf_16)
     8    0.03                           clknet_1_0__leaf_clk (net)
                  0.04    0.00    0.22 ^ _449_/CLK (sky130_fd_sc_hd__dfrtp_1)
                          0.25    0.47   clock uncertainty
                          0.00    0.47   clock reconvergence pessimism
                          0.22    0.69   library removal time
                                  0.69   data required time
-----------------------------------------------------------------------------
                                  0.69   data required time
                                 -5.25   data arrival time
-----------------------------------------------------------------------------
                                  4.56   slack (MET)


Startpoint: rst_n (input port clocked by clk)
Endpoint: _451_ (removal check against rising-edge clock clk)
Path Group: asynchronous
Path Type: min
Corner: Fastest

Fanout     Cap    Slew   Delay    Time   Description
-----------------------------------------------------------------------------
                          0.00    0.00   clock clk (rise edge)
                          0.00    0.00   clock network delay (propagated)
                          5.00    5.00 ^ input external delay
                  0.01    0.01    5.01 ^ rst_n (in)
     1    0.00                           rst_n (net)
                  0.01    0.00    5.01 ^ input9/A (sky130_fd_sc_hd__clkbuf_2)
                  0.10    0.10    5.11 ^ input9/X (sky130_fd_sc_hd__clkbuf_2)
     5    0.02                           net9 (net)
                  0.10    0.00    5.11 ^ fanout37/A (sky130_fd_sc_hd__buf_4)
                  0.12    0.14    5.25 ^ fanout37/X (sky130_fd_sc_hd__buf_4)
    10    0.05                           net37 (net)
                  0.12    0.00    5.26 ^ _451_/RESET_B (sky130_fd_sc_hd__dfrtp_1)
                                  5.26   data arrival time

                          0.00    0.00   clock clk (rise edge)
                          0.00    0.00   clock source latency
                  0.05    0.03    0.03 ^ clk (in)
     1    0.01                           clk (net)
                  0.05    0.00    0.03 ^ clkbuf_0_clk/A (sky130_fd_sc_hd__clkbuf_16)
                  0.03    0.09    0.13 ^ clkbuf_0_clk/X (sky130_fd_sc_hd__clkbuf_16)
     2    0.02                           clknet_0_clk (net)
                  0.03    0.00    0.13 ^ clkbuf_1_0__f_clk/A (sky130_fd_sc_hd__clkbuf_16)
                  0.04    0.09    0.22 ^ clkbuf_1_0__f_clk/X (sky130_fd_sc_hd__clkbuf_16)
     8    0.03                           clknet_1_0__leaf_clk (net)
                  0.04    0.00    0.22 ^ _451_/CLK (sky130_fd_sc_hd__dfrtp_1)
                          0.25    0.47   clock uncertainty
                          0.00    0.47   clock reconvergence pessimism
                          0.22    0.69   library removal time
                                  0.69   data required time
-----------------------------------------------------------------------------
                                  0.69   data required time
                                 -5.26   data arrival time
-----------------------------------------------------------------------------
                                  4.56   slack (MET)


Startpoint: rst_n (input port clocked by clk)
Endpoint: _450_ (removal check against rising-edge clock clk)
Path Group: asynchronous
Path Type: min
Corner: Fastest

Fanout     Cap    Slew   Delay    Time   Description
-----------------------------------------------------------------------------
                          0.00    0.00   clock clk (rise edge)
                          0.00    0.00   clock network delay (propagated)
                          5.00    5.00 ^ input external delay
                  0.01    0.01    5.01 ^ rst_n (in)
     1    0.00                           rst_n (net)
                  0.01    0.00    5.01 ^ input9/A (sky130_fd_sc_hd__clkbuf_2)
                  0.10    0.10    5.11 ^ input9/X (sky130_fd_sc_hd__clkbuf_2)
     5    0.02                           net9 (net)
                  0.10    0.00    5.11 ^ fanout37/A (sky130_fd_sc_hd__buf_4)
                  0.12    0.14    5.25 ^ fanout37/X (sky130_fd_sc_hd__buf_4)
    10    0.05                           net37 (net)
                  0.12    0.00    5.26 ^ _450_/RESET_B (sky130_fd_sc_hd__dfrtp_1)
                                  5.26   data arrival time

                          0.00    0.00   clock clk (rise edge)
                          0.00    0.00   clock source latency
                  0.05    0.03    0.03 ^ clk (in)
     1    0.01                           clk (net)
                  0.05    0.00    0.03 ^ clkbuf_0_clk/A (sky130_fd_sc_hd__clkbuf_16)
                  0.03    0.09    0.13 ^ clkbuf_0_clk/X (sky130_fd_sc_hd__clkbuf_16)
     2    0.02                           clknet_0_clk (net)
                  0.03    0.00    0.13 ^ clkbuf_1_0__f_clk/A (sky130_fd_sc_hd__clkbuf_16)
                  0.04    0.09    0.22 ^ clkbuf_1_0__f_clk/X (sky130_fd_sc_hd__clkbuf_16)
     8    0.03                           clknet_1_0__leaf_clk (net)
                  0.04    0.00    0.22 ^ _450_/CLK (sky130_fd_sc_hd__dfrtp_1)
                          0.25    0.47   clock uncertainty
                          0.00    0.47   clock reconvergence pessimism
                          0.22    0.69   library removal time
                                  0.69   data required time
-----------------------------------------------------------------------------
                                  0.69   data required time
                                 -5.26   data arrival time
-----------------------------------------------------------------------------
                                  4.56   slack (MET)


Startpoint: rst_n (input port clocked by clk)
Endpoint: _444_ (removal check against rising-edge clock clk)
Path Group: asynchronous
Path Type: min
Corner: Fastest

Fanout     Cap    Slew   Delay    Time   Description
-----------------------------------------------------------------------------
                          0.00    0.00   clock clk (rise edge)
                          0.00    0.00   clock network delay (propagated)
                          5.00    5.00 ^ input external delay
                  0.01    0.01    5.01 ^ rst_n (in)
     1    0.00                           rst_n (net)
                  0.01    0.00    5.01 ^ input9/A (sky130_fd_sc_hd__clkbuf_2)
                  0.10    0.10    5.11 ^ input9/X (sky130_fd_sc_hd__clkbuf_2)
     5    0.02                           net9 (net)
                  0.10    0.00    5.11 ^ fanout37/A (sky130_fd_sc_hd__buf_4)
                  0.12    0.14    5.25 ^ fanout37/X (sky130_fd_sc_hd__buf_4)
    10    0.05                           net37 (net)
                  0.12    0.00    5.26 ^ _444_/RESET_B (sky130_fd_sc_hd__dfrtp_1)
                                  5.26   data arrival time

                          0.00    0.00   clock clk (rise edge)
                          0.00    0.00   clock source latency
                  0.05    0.03    0.03 ^ clk (in)
     1    0.01                           clk (net)
                  0.05    0.00    0.03 ^ clkbuf_0_clk/A (sky130_fd_sc_hd__clkbuf_16)
                  0.03    0.09    0.13 ^ clkbuf_0_clk/X (sky130_fd_sc_hd__clkbuf_16)
     2    0.02                           clknet_0_clk (net)
                  0.03    0.00    0.13 ^ clkbuf_1_0__f_clk/A (sky130_fd_sc_hd__clkbuf_16)
                  0.04    0.09    0.22 ^ clkbuf_1_0__f_clk/X (sky130_fd_sc_hd__clkbuf_16)
     8    0.03                           clknet_1_0__leaf_clk (net)
                  0.04    0.00    0.22 ^ _444_/CLK (sky130_fd_sc_hd__dfrtp_1)
                          0.25    0.47   clock uncertainty
                          0.00    0.47   clock reconvergence pessimism
                          0.22    0.69   library removal time
                                  0.69   data required time
-----------------------------------------------------------------------------
                                  0.69   data required time
                                 -5.26   data arrival time
-----------------------------------------------------------------------------
                                  4.56   slack (MET)


Startpoint: rst_n (input port clocked by clk)
Endpoint: _439_ (removal check against rising-edge clock clk)
Path Group: asynchronous
Path Type: min
Corner: Fastest

Fanout     Cap    Slew   Delay    Time   Description
-----------------------------------------------------------------------------
                          0.00    0.00   clock clk (rise edge)
                          0.00    0.00   clock network delay (propagated)
                          5.00    5.00 ^ input external delay
                  0.01    0.01    5.01 ^ rst_n (in)
     1    0.00                           rst_n (net)
                  0.01    0.00    5.01 ^ input9/A (sky130_fd_sc_hd__clkbuf_2)
                  0.10    0.10    5.11 ^ input9/X (sky130_fd_sc_hd__clkbuf_2)
     5    0.02                           net9 (net)
                  0.10    0.00    5.11 ^ fanout37/A (sky130_fd_sc_hd__buf_4)
                  0.12    0.14    5.25 ^ fanout37/X (sky130_fd_sc_hd__buf_4)
    10    0.05                           net37 (net)
                  0.12    0.00    5.25 ^ _439_/RESET_B (sky130_fd_sc_hd__dfrtp_1)
                                  5.25   data arrival time

                          0.00    0.00   clock clk (rise edge)
                          0.00    0.00   clock source latency
                  0.05    0.03    0.03 ^ clk (in)
     1    0.01                           clk (net)
                  0.05    0.00    0.03 ^ clkbuf_0_clk/A (sky130_fd_sc_hd__clkbuf_16)
                  0.03    0.09    0.13 ^ clkbuf_0_clk/X (sky130_fd_sc_hd__clkbuf_16)
     2    0.02                           clknet_0_clk (net)
                  0.03    0.00    0.13 ^ clkbuf_1_1__f_clk/A (sky130_fd_sc_hd__clkbuf_16)
                  0.03    0.09    0.21 ^ clkbuf_1_1__f_clk/X (sky130_fd_sc_hd__clkbuf_16)
     6    0.02                           clknet_1_1__leaf_clk (net)
                  0.03    0.00    0.22 ^ _439_/CLK (sky130_fd_sc_hd__dfrtp_1)
                          0.25    0.47   clock uncertainty
                          0.00    0.47   clock reconvergence pessimism
                          0.22    0.68   library removal time
                                  0.68   data required time
-----------------------------------------------------------------------------
                                  0.68   data required time
                                 -5.25   data arrival time
-----------------------------------------------------------------------------
                                  4.57   slack (MET)


Startpoint: rst_n (input port clocked by clk)
Endpoint: _441_ (removal check against rising-edge clock clk)
Path Group: asynchronous
Path Type: min
Corner: Fastest

Fanout     Cap    Slew   Delay    Time   Description
-----------------------------------------------------------------------------
                          0.00    0.00   clock clk (rise edge)
                          0.00    0.00   clock network delay (propagated)
                          5.00    5.00 ^ input external delay
                  0.01    0.01    5.01 ^ rst_n (in)
     1    0.00                           rst_n (net)
                  0.01    0.00    5.01 ^ input9/A (sky130_fd_sc_hd__clkbuf_2)
                  0.10    0.10    5.11 ^ input9/X (sky130_fd_sc_hd__clkbuf_2)
     5    0.02                           net9 (net)
                  0.10    0.00    5.11 ^ fanout37/A (sky130_fd_sc_hd__buf_4)
                  0.12    0.14    5.25 ^ fanout37/X (sky130_fd_sc_hd__buf_4)
    10    0.05                           net37 (net)
                  0.12    0.00    5.25 ^ _441_/RESET_B (sky130_fd_sc_hd__dfrtp_1)
                                  5.25   data arrival time

                          0.00    0.00   clock clk (rise edge)
                          0.00    0.00   clock source latency
                  0.05    0.03    0.03 ^ clk (in)
     1    0.01                           clk (net)
                  0.05    0.00    0.03 ^ clkbuf_0_clk/A (sky130_fd_sc_hd__clkbuf_16)
                  0.03    0.09    0.13 ^ clkbuf_0_clk/X (sky130_fd_sc_hd__clkbuf_16)
     2    0.02                           clknet_0_clk (net)
                  0.03    0.00    0.13 ^ clkbuf_1_1__f_clk/A (sky130_fd_sc_hd__clkbuf_16)
                  0.03    0.09    0.21 ^ clkbuf_1_1__f_clk/X (sky130_fd_sc_hd__clkbuf_16)
     6    0.02                           clknet_1_1__leaf_clk (net)
                  0.03    0.00    0.22 ^ _441_/CLK (sky130_fd_sc_hd__dfrtp_1)
                          0.25    0.47   clock uncertainty
                          0.00    0.47   clock reconvergence pessimism
                          0.22    0.68   library removal time
                                  0.68   data required time
-----------------------------------------------------------------------------
                                  0.68   data required time
                                 -5.25   data arrival time
-----------------------------------------------------------------------------
                                  4.57   slack (MET)


Startpoint: valid_in (input port clocked by clk)
Endpoint: _439_ (rising edge-triggered flip-flop clocked by clk)
Path Group: clk
Path Type: min
Corner: Fastest

Fanout     Cap    Slew   Delay    Time   Description
-----------------------------------------------------------------------------
                          0.00    0.00   clock clk (rise edge)
                          0.00    0.00   clock network delay (propagated)
                          5.00    5.00 v input external delay
                  0.01    0.00    5.00 v valid_in (in)
     1    0.00                           valid_in (net)
                  0.01    0.00    5.00 v input22/A (sky130_fd_sc_hd__buf_1)
                  0.07    0.08    5.08 v input22/X (sky130_fd_sc_hd__buf_1)
     2    0.02                           net22 (net)
                  0.07    0.00    5.09 v _439_/D (sky130_fd_sc_hd__dfrtp_1)
                                  5.09   data arrival time

                          0.00    0.00   clock clk (rise edge)
                          0.00    0.00   clock source latency
                  0.05    0.03    0.03 ^ clk (in)
     1    0.01                           clk (net)
                  0.05    0.00    0.03 ^ clkbuf_0_clk/A (sky130_fd_sc_hd__clkbuf_16)
                  0.03    0.09    0.13 ^ clkbuf_0_clk/X (sky130_fd_sc_hd__clkbuf_16)
     2    0.02                           clknet_0_clk (net)
                  0.03    0.00    0.13 ^ clkbuf_1_1__f_clk/A (sky130_fd_sc_hd__clkbuf_16)
                  0.03    0.09    0.21 ^ clkbuf_1_1__f_clk/X (sky130_fd_sc_hd__clkbuf_16)
     6    0.02                           clknet_1_1__leaf_clk (net)
                  0.03    0.00    0.22 ^ _439_/CLK (sky130_fd_sc_hd__dfrtp_1)
                          0.25    0.47   clock uncertainty
                          0.00    0.47   clock reconvergence pessimism
                         -0.04    0.42   library hold time
                                  0.42   data required time
-----------------------------------------------------------------------------
                                  0.42   data required time
                                 -5.09   data arrival time
-----------------------------------------------------------------------------
                                  4.66   slack (MET)


Startpoint: _439_ (rising edge-triggered flip-flop clocked by clk)
Endpoint: valid_out (output port clocked by clk)
Path Group: clk
Path Type: min
Corner: Fastest

Fanout     Cap    Slew   Delay    Time   Description
-----------------------------------------------------------------------------
                          0.00    0.00   clock clk (rise edge)
                          0.00    0.00   clock source latency
                  0.05    0.03    0.03 ^ clk (in)
     1    0.01                           clk (net)
                  0.05    0.00    0.03 ^ clkbuf_0_clk/A (sky130_fd_sc_hd__clkbuf_16)
                  0.03    0.08    0.11 ^ clkbuf_0_clk/X (sky130_fd_sc_hd__clkbuf_16)
     2    0.02                           clknet_0_clk (net)
                  0.03    0.00    0.12 ^ clkbuf_1_1__f_clk/A (sky130_fd_sc_hd__clkbuf_16)
                  0.03    0.08    0.19 ^ clkbuf_1_1__f_clk/X (sky130_fd_sc_hd__clkbuf_16)
     6    0.02                           clknet_1_1__leaf_clk (net)
                  0.03    0.00    0.19 ^ _439_/CLK (sky130_fd_sc_hd__dfrtp_1)
                  0.04    0.19    0.39 ^ _439_/Q (sky130_fd_sc_hd__dfrtp_1)
     1    0.00                           net36 (net)
                  0.04    0.00    0.39 ^ output36/A (sky130_fd_sc_hd__clkbuf_4)
                  0.08    0.12    0.51 ^ output36/X (sky130_fd_sc_hd__clkbuf_4)
     1    0.03                           valid_out (net)
                  0.08    0.00    0.51 ^ valid_out (out)
                                  0.51   data arrival time

                          0.00    0.00   clock clk (rise edge)
                          0.00    0.00   clock network delay (propagated)
                          0.25    0.25   clock uncertainty
                          0.00    0.25   clock reconvergence pessimism
                         -5.00   -4.75   output external delay
                                 -4.75   data required time
-----------------------------------------------------------------------------
                                 -4.75   data required time
                                 -0.51   data arrival time
-----------------------------------------------------------------------------
                                  5.26   slack (MET)


Startpoint: _440_ (rising edge-triggered flip-flop clocked by clk)
Endpoint: int4_out[0] (output port clocked by clk)
Path Group: clk
Path Type: min
Corner: Fastest

Fanout     Cap    Slew   Delay    Time   Description
-----------------------------------------------------------------------------
                          0.00    0.00   clock clk (rise edge)
                          0.00    0.00   clock source latency
                  0.05    0.03    0.03 ^ clk (in)
     1    0.01                           clk (net)
                  0.05    0.00    0.03 ^ clkbuf_0_clk/A (sky130_fd_sc_hd__clkbuf_16)
                  0.03    0.08    0.11 ^ clkbuf_0_clk/X (sky130_fd_sc_hd__clkbuf_16)
     2    0.02                           clknet_0_clk (net)
                  0.03    0.00    0.12 ^ clkbuf_1_0__f_clk/A (sky130_fd_sc_hd__clkbuf_16)
                  0.04    0.08    0.20 ^ clkbuf_1_0__f_clk/X (sky130_fd_sc_hd__clkbuf_16)
     8    0.03                           clknet_1_0__leaf_clk (net)
                  0.04    0.00    0.20 ^ _440_/CLK (sky130_fd_sc_hd__dfrtp_1)
                  0.05    0.20    0.40 ^ _440_/Q (sky130_fd_sc_hd__dfrtp_1)
     2    0.01                           net23 (net)
                  0.05    0.00    0.40 ^ output23/A (sky130_fd_sc_hd__clkbuf_4)
                  0.08    0.12    0.52 ^ output23/X (sky130_fd_sc_hd__clkbuf_4)
     1    0.03                           int4_out[0] (net)
                  0.08    0.00    0.52 ^ int4_out[0] (out)
                                  0.52   data arrival time

                          0.00    0.00   clock clk (rise edge)
                          0.00    0.00   clock network delay (propagated)
                          0.25    0.25   clock uncertainty
                          0.00    0.25   clock reconvergence pessimism
                         -5.00   -4.75   output external delay
                                 -4.75   data required time
-----------------------------------------------------------------------------
                                 -4.75   data required time
                                 -0.52   data arrival time
-----------------------------------------------------------------------------
                                  5.27   slack (MET)


Startpoint: _445_ (rising edge-triggered flip-flop clocked by clk)
Endpoint: sideband_out[1] (output port clocked by clk)
Path Group: clk
Path Type: min
Corner: Fastest

Fanout     Cap    Slew   Delay    Time   Description
-----------------------------------------------------------------------------
                          0.00    0.00   clock clk (rise edge)
                          0.00    0.00   clock source latency
                  0.05    0.03    0.03 ^ clk (in)
     1    0.01                           clk (net)
                  0.05    0.00    0.03 ^ clkbuf_0_clk/A (sky130_fd_sc_hd__clkbuf_16)
                  0.03    0.08    0.11 ^ clkbuf_0_clk/X (sky130_fd_sc_hd__clkbuf_16)
     2    0.02                           clknet_0_clk (net)
                  0.03    0.00    0.12 ^ clkbuf_1_1__f_clk/A (sky130_fd_sc_hd__clkbuf_16)
                  0.03    0.08    0.19 ^ clkbuf_1_1__f_clk/X (sky130_fd_sc_hd__clkbuf_16)
     6    0.02                           clknet_1_1__leaf_clk (net)
                  0.03    0.00    0.19 ^ _445_/CLK (sky130_fd_sc_hd__dfrtp_1)
                  0.03    0.22    0.41 v _445_/Q (sky130_fd_sc_hd__dfrtp_1)
     2    0.00                           net29 (net)
                  0.03    0.00    0.41 v output29/A (sky130_fd_sc_hd__buf_2)
                  0.06    0.11    0.52 v output29/X (sky130_fd_sc_hd__buf_2)
     1    0.03                           sideband_out[1] (net)
                  0.06    0.00    0.52 v sideband_out[1] (out)
                                  0.52   data arrival time

                          0.00    0.00   clock clk (rise edge)
                          0.00    0.00   clock network delay (propagated)
                          0.25    0.25   clock uncertainty
                          0.00    0.25   clock reconvergence pessimism
                         -5.00   -4.75   output external delay
                                 -4.75   data required time
-----------------------------------------------------------------------------
                                 -4.75   data required time
                                 -0.52   data arrival time
-----------------------------------------------------------------------------
                                  5.27   slack (MET)


Startpoint: _438_ (rising edge-triggered flip-flop clocked by clk)
Endpoint: is_outlier (output port clocked by clk)
Path Group: clk
Path Type: min
Corner: Fastest

Fanout     Cap    Slew   Delay    Time   Description
-----------------------------------------------------------------------------
                          0.00    0.00   clock clk (rise edge)
                          0.00    0.00   clock source latency
                  0.05    0.03    0.03 ^ clk (in)
     1    0.01                           clk (net)
                  0.05    0.00    0.03 ^ clkbuf_0_clk/A (sky130_fd_sc_hd__clkbuf_16)
                  0.03    0.08    0.11 ^ clkbuf_0_clk/X (sky130_fd_sc_hd__clkbuf_16)
     2    0.02                           clknet_0_clk (net)
                  0.03    0.00    0.12 ^ clkbuf_1_0__f_clk/A (sky130_fd_sc_hd__clkbuf_16)
                  0.04    0.08    0.20 ^ clkbuf_1_0__f_clk/X (sky130_fd_sc_hd__clkbuf_16)
     8    0.03                           clknet_1_0__leaf_clk (net)
                  0.04    0.00    0.20 ^ _438_/CLK (sky130_fd_sc_hd__dfrtp_1)
                  0.05    0.20    0.40 ^ _438_/Q (sky130_fd_sc_hd__dfrtp_1)
     2    0.01                           net27 (net)
                  0.05    0.00    0.40 ^ output27/A (sky130_fd_sc_hd__clkbuf_4)
                  0.09    0.13    0.53 ^ output27/X (sky130_fd_sc_hd__clkbuf_4)
     1    0.04                           is_outlier (net)
                  0.09    0.00    0.53 ^ is_outlier (out)
                                  0.53   data arrival time

                          0.00    0.00   clock clk (rise edge)
                          0.00    0.00   clock network delay (propagated)
                          0.25    0.25   clock uncertainty
                          0.00    0.25   clock reconvergence pessimism
                         -5.00   -4.75   output external delay
                                 -4.75   data required time
-----------------------------------------------------------------------------
                                 -4.75   data required time
                                 -0.53   data arrival time
-----------------------------------------------------------------------------
                                  5.28   slack (MET)


Startpoint: _444_ (rising edge-triggered flip-flop clocked by clk)
Endpoint: sideband_out[0] (output port clocked by clk)
Path Group: clk
Path Type: min
Corner: Fastest

Fanout     Cap    Slew   Delay    Time   Description
-----------------------------------------------------------------------------
                          0.00    0.00   clock clk (rise edge)
                          0.00    0.00   clock source latency
                  0.05    0.03    0.03 ^ clk (in)
     1    0.01                           clk (net)
                  0.05    0.00    0.03 ^ clkbuf_0_clk/A (sky130_fd_sc_hd__clkbuf_16)
                  0.03    0.08    0.11 ^ clkbuf_0_clk/X (sky130_fd_sc_hd__clkbuf_16)
     2    0.02                           clknet_0_clk (net)
                  0.03    0.00    0.12 ^ clkbuf_1_0__f_clk/A (sky130_fd_sc_hd__clkbuf_16)
                  0.04    0.08    0.20 ^ clkbuf_1_0__f_clk/X (sky130_fd_sc_hd__clkbuf_16)
     8    0.03                           clknet_1_0__leaf_clk (net)
                  0.04    0.00    0.20 ^ _444_/CLK (sky130_fd_sc_hd__dfrtp_1)
                  0.05    0.20    0.40 ^ _444_/Q (sky130_fd_sc_hd__dfrtp_1)
     2    0.01                           net28 (net)
                  0.05    0.00    0.40 ^ output28/A (sky130_fd_sc_hd__clkbuf_4)
                  0.08    0.12    0.53 ^ output28/X (sky130_fd_sc_hd__clkbuf_4)
     1    0.03                           sideband_out[0] (net)
                  0.08    0.00    0.53 ^ sideband_out[0] (out)
                                  0.53   data arrival time

                          0.00    0.00   clock clk (rise edge)
                          0.00    0.00   clock network delay (propagated)
                          0.25    0.25   clock uncertainty
                          0.00    0.25   clock reconvergence pessimism
                         -5.00   -4.75   output external delay
                                 -4.75   data required time
-----------------------------------------------------------------------------
                                 -4.75   data required time
                                 -0.53   data arrival time
-----------------------------------------------------------------------------
                                  5.28   slack (MET)


Startpoint: _450_ (rising edge-triggered flip-flop clocked by clk)
Endpoint: sideband_out[6] (output port clocked by clk)
Path Group: clk
Path Type: min
Corner: Fastest

Fanout     Cap    Slew   Delay    Time   Description
-----------------------------------------------------------------------------
                          0.00    0.00   clock clk (rise edge)
                          0.00    0.00   clock source latency
                  0.05    0.03    0.03 ^ clk (in)
     1    0.01                           clk (net)
                  0.05    0.00    0.03 ^ clkbuf_0_clk/A (sky130_fd_sc_hd__clkbuf_16)
                  0.03    0.08    0.11 ^ clkbuf_0_clk/X (sky130_fd_sc_hd__clkbuf_16)
     2    0.02                           clknet_0_clk (net)
                  0.03    0.00    0.12 ^ clkbuf_1_0__f_clk/A (sky130_fd_sc_hd__clkbuf_16)
                  0.04    0.08    0.20 ^ clkbuf_1_0__f_clk/X (sky130_fd_sc_hd__clkbuf_16)
     8    0.03                           clknet_1_0__leaf_clk (net)
                  0.04    0.00    0.20 ^ _450_/CLK (sky130_fd_sc_hd__dfrtp_1)
                  0.05    0.20    0.40 ^ _450_/Q (sky130_fd_sc_hd__dfrtp_1)
     2    0.01                           net34 (net)
                  0.05    0.00    0.40 ^ output34/A (sky130_fd_sc_hd__clkbuf_4)
                  0.08    0.12    0.53 ^ output34/X (sky130_fd_sc_hd__clkbuf_4)
     1    0.03                           sideband_out[6] (net)
                  0.08    0.00    0.53 ^ sideband_out[6] (out)
                                  0.53   data arrival time

                          0.00    0.00   clock clk (rise edge)
                          0.00    0.00   clock network delay (propagated)
                          0.25    0.25   clock uncertainty
                          0.00    0.25   clock reconvergence pessimism
                         -5.00   -4.75   output external delay
                                 -4.75   data required time
-----------------------------------------------------------------------------
                                 -4.75   data required time
                                 -0.53   data arrival time
-----------------------------------------------------------------------------
                                  5.28   slack (MET)


Startpoint: _448_ (rising edge-triggered flip-flop clocked by clk)
Endpoint: sideband_out[4] (output port clocked by clk)
Path Group: clk
Path Type: min
Corner: Fastest

Fanout     Cap    Slew   Delay    Time   Description
-----------------------------------------------------------------------------
                          0.00    0.00   clock clk (rise edge)
                          0.00    0.00   clock source latency
                  0.05    0.03    0.03 ^ clk (in)
     1    0.01                           clk (net)
                  0.05    0.00    0.03 ^ clkbuf_0_clk/A (sky130_fd_sc_hd__clkbuf_16)
                  0.03    0.08    0.11 ^ clkbuf_0_clk/X (sky130_fd_sc_hd__clkbuf_16)
     2    0.02                           clknet_0_clk (net)
                  0.03    0.00    0.12 ^ clkbuf_1_1__f_clk/A (sky130_fd_sc_hd__clkbuf_16)
                  0.03    0.08    0.19 ^ clkbuf_1_1__f_clk/X (sky130_fd_sc_hd__clkbuf_16)
     6    0.02                           clknet_1_1__leaf_clk (net)
                  0.03    0.00    0.19 ^ _448_/CLK (sky130_fd_sc_hd__dfrtp_1)
                  0.04    0.22    0.42 v _448_/Q (sky130_fd_sc_hd__dfrtp_1)
     2    0.01                           net32 (net)
                  0.04    0.00    0.42 v output32/A (sky130_fd_sc_hd__buf_2)
                  0.06    0.11    0.53 v output32/X (sky130_fd_sc_hd__buf_2)
     1    0.03                           sideband_out[4] (net)
                  0.06    0.00    0.53 v sideband_out[4] (out)
                                  0.53   data arrival time

                          0.00    0.00   clock clk (rise edge)
                          0.00    0.00   clock network delay (propagated)
                          0.25    0.25   clock uncertainty
                          0.00    0.25   clock reconvergence pessimism
                         -5.00   -4.75   output external delay
                                 -4.75   data required time
-----------------------------------------------------------------------------
                                 -4.75   data required time
                                 -0.53   data arrival time
-----------------------------------------------------------------------------
                                  5.28   slack (MET)


Startpoint: _451_ (rising edge-triggered flip-flop clocked by clk)
Endpoint: sideband_out[7] (output port clocked by clk)
Path Group: clk
Path Type: min
Corner: Fastest

Fanout     Cap    Slew   Delay    Time   Description
-----------------------------------------------------------------------------
                          0.00    0.00   clock clk (rise edge)
                          0.00    0.00   clock source latency
                  0.05    0.03    0.03 ^ clk (in)
     1    0.01                           clk (net)
                  0.05    0.00    0.03 ^ clkbuf_0_clk/A (sky130_fd_sc_hd__clkbuf_16)
                  0.03    0.08    0.11 ^ clkbuf_0_clk/X (sky130_fd_sc_hd__clkbuf_16)
     2    0.02                           clknet_0_clk (net)
                  0.03    0.00    0.12 ^ clkbuf_1_0__f_clk/A (sky130_fd_sc_hd__clkbuf_16)
                  0.04    0.08    0.20 ^ clkbuf_1_0__f_clk/X (sky130_fd_sc_hd__clkbuf_16)
     8    0.03                           clknet_1_0__leaf_clk (net)
                  0.04    0.00    0.20 ^ _451_/CLK (sky130_fd_sc_hd__dfrtp_1)
                  0.05    0.21    0.41 ^ _451_/Q (sky130_fd_sc_hd__dfrtp_1)
     2    0.01                           net35 (net)
                  0.05    0.00    0.41 ^ output35/A (sky130_fd_sc_hd__clkbuf_4)
                  0.08    0.13    0.53 ^ output35/X (sky130_fd_sc_hd__clkbuf_4)
     1    0.03                           sideband_out[7] (net)
                  0.08    0.00    0.53 ^ sideband_out[7] (out)
                                  0.53   data arrival time

                          0.00    0.00   clock clk (rise edge)
                          0.00    0.00   clock network delay (propagated)
                          0.25    0.25   clock uncertainty
                          0.00    0.25   clock reconvergence pessimism
                         -5.00   -4.75   output external delay
                                 -4.75   data required time
-----------------------------------------------------------------------------
                                 -4.75   data required time
                                 -0.53   data arrival time
-----------------------------------------------------------------------------
                                  5.28   slack (MET)


Startpoint: _441_ (rising edge-triggered flip-flop clocked by clk)
Endpoint: int4_out[1] (output port clocked by clk)
Path Group: clk
Path Type: min
Corner: Fastest

Fanout     Cap    Slew   Delay    Time   Description
-----------------------------------------------------------------------------
                          0.00    0.00   clock clk (rise edge)
                          0.00    0.00   clock source latency
                  0.05    0.03    0.03 ^ clk (in)
     1    0.01                           clk (net)
                  0.05    0.00    0.03 ^ clkbuf_0_clk/A (sky130_fd_sc_hd__clkbuf_16)
                  0.03    0.08    0.11 ^ clkbuf_0_clk/X (sky130_fd_sc_hd__clkbuf_16)
     2    0.02                           clknet_0_clk (net)
                  0.03    0.00    0.12 ^ clkbuf_1_1__f_clk/A (sky130_fd_sc_hd__clkbuf_16)
                  0.03    0.08    0.19 ^ clkbuf_1_1__f_clk/X (sky130_fd_sc_hd__clkbuf_16)
     6    0.02                           clknet_1_1__leaf_clk (net)
                  0.03    0.00    0.19 ^ _441_/CLK (sky130_fd_sc_hd__dfrtp_1)
                  0.06    0.21    0.40 ^ _441_/Q (sky130_fd_sc_hd__dfrtp_1)
     2    0.01                           net24 (net)
                  0.06    0.00    0.40 ^ output24/A (sky130_fd_sc_hd__clkbuf_4)
                  0.08    0.13    0.53 ^ output24/X (sky130_fd_sc_hd__clkbuf_4)
     1    0.03                           int4_out[1] (net)
                  0.08    0.00    0.53 ^ int4_out[1] (out)
                                  0.53   data arrival time

                          0.00    0.00   clock clk (rise edge)
                          0.00    0.00   clock network delay (propagated)
                          0.25    0.25   clock uncertainty
                          0.00    0.25   clock reconvergence pessimism
                         -5.00   -4.75   output external delay
                                 -4.75   data required time
-----------------------------------------------------------------------------
                                 -4.75   data required time
                                 -0.53   data arrival time
-----------------------------------------------------------------------------
                                  5.28   slack (MET)


Startpoint: _446_ (rising edge-triggered flip-flop clocked by clk)
Endpoint: sideband_out[2] (output port clocked by clk)
Path Group: clk
Path Type: min
Corner: Fastest

Fanout     Cap    Slew   Delay    Time   Description
-----------------------------------------------------------------------------
                          0.00    0.00   clock clk (rise edge)
                          0.00    0.00   clock source latency
                  0.05    0.03    0.03 ^ clk (in)
     1    0.01                           clk (net)
                  0.05    0.00    0.03 ^ clkbuf_0_clk/A (sky130_fd_sc_hd__clkbuf_16)
                  0.03    0.08    0.11 ^ clkbuf_0_clk/X (sky130_fd_sc_hd__clkbuf_16)
     2    0.02                           clknet_0_clk (net)
                  0.03    0.00    0.12 ^ clkbuf_1_1__f_clk/A (sky130_fd_sc_hd__clkbuf_16)
                  0.03    0.08    0.19 ^ clkbuf_1_1__f_clk/X (sky130_fd_sc_hd__clkbuf_16)
     6    0.02                           clknet_1_1__leaf_clk (net)
                  0.03    0.00    0.19 ^ _446_/CLK (sky130_fd_sc_hd__dfrtp_1)
                  0.06    0.21    0.41 ^ _446_/Q (sky130_fd_sc_hd__dfrtp_1)
     2    0.01                           net30 (net)
                  0.06    0.00    0.41 ^ output30/A (sky130_fd_sc_hd__clkbuf_4)
                  0.08    0.13    0.53 ^ output30/X (sky130_fd_sc_hd__clkbuf_4)
     1    0.03                           sideband_out[2] (net)
                  0.08    0.00    0.53 ^ sideband_out[2] (out)
                                  0.53   data arrival time

                          0.00    0.00   clock clk (rise edge)
                          0.00    0.00   clock network delay (propagated)
                          0.25    0.25   clock uncertainty
                          0.00    0.25   clock reconvergence pessimism
                         -5.00   -4.75   output external delay
                                 -4.75   data required time
-----------------------------------------------------------------------------
                                 -4.75   data required time
                                 -0.53   data arrival time
-----------------------------------------------------------------------------
                                  5.28   slack (MET)


Startpoint: _447_ (rising edge-triggered flip-flop clocked by clk)
Endpoint: sideband_out[3] (output port clocked by clk)
Path Group: clk
Path Type: min
Corner: Fastest

Fanout     Cap    Slew   Delay    Time   Description
-----------------------------------------------------------------------------
                          0.00    0.00   clock clk (rise edge)
                          0.00    0.00   clock source latency
                  0.05    0.03    0.03 ^ clk (in)
     1    0.01                           clk (net)
                  0.05    0.00    0.03 ^ clkbuf_0_clk/A (sky130_fd_sc_hd__clkbuf_16)
                  0.03    0.08    0.11 ^ clkbuf_0_clk/X (sky130_fd_sc_hd__clkbuf_16)
     2    0.02                           clknet_0_clk (net)
                  0.03    0.00    0.12 ^ clkbuf_1_1__f_clk/A (sky130_fd_sc_hd__clkbuf_16)
                  0.03    0.08    0.19 ^ clkbuf_1_1__f_clk/X (sky130_fd_sc_hd__clkbuf_16)
     6    0.02                           clknet_1_1__leaf_clk (net)
                  0.03    0.00    0.19 ^ _447_/CLK (sky130_fd_sc_hd__dfrtp_1)
                  0.05    0.23    0.42 v _447_/Q (sky130_fd_sc_hd__dfrtp_1)
     2    0.01                           net31 (net)
                  0.05    0.00    0.42 v output31/A (sky130_fd_sc_hd__buf_2)
                  0.06    0.12    0.54 v output31/X (sky130_fd_sc_hd__buf_2)
     1    0.03                           sideband_out[3] (net)
                  0.06    0.00    0.54 v sideband_out[3] (out)
                                  0.54   data arrival time

                          0.00    0.00   clock clk (rise edge)
                          0.00    0.00   clock network delay (propagated)
                          0.25    0.25   clock uncertainty
                          0.00    0.25   clock reconvergence pessimism
                         -5.00   -4.75   output external delay
                                 -4.75   data required time
-----------------------------------------------------------------------------
                                 -4.75   data required time
                                 -0.54   data arrival time
-----------------------------------------------------------------------------
                                  5.29   slack (MET)


Startpoint: _449_ (rising edge-triggered flip-flop clocked by clk)
Endpoint: sideband_out[5] (output port clocked by clk)
Path Group: clk
Path Type: min
Corner: Fastest

Fanout     Cap    Slew   Delay    Time   Description
-----------------------------------------------------------------------------
                          0.00    0.00   clock clk (rise edge)
                          0.00    0.00   clock source latency
                  0.05    0.03    0.03 ^ clk (in)
     1    0.01                           clk (net)
                  0.05    0.00    0.03 ^ clkbuf_0_clk/A (sky130_fd_sc_hd__clkbuf_16)
                  0.03    0.08    0.11 ^ clkbuf_0_clk/X (sky130_fd_sc_hd__clkbuf_16)
     2    0.02                           clknet_0_clk (net)
                  0.03    0.00    0.12 ^ clkbuf_1_0__f_clk/A (sky130_fd_sc_hd__clkbuf_16)
                  0.04    0.08    0.20 ^ clkbuf_1_0__f_clk/X (sky130_fd_sc_hd__clkbuf_16)
     8    0.03                           clknet_1_0__leaf_clk (net)
                  0.04    0.00    0.20 ^ _449_/CLK (sky130_fd_sc_hd__dfrtp_1)
                  0.06    0.21    0.41 ^ _449_/Q (sky130_fd_sc_hd__dfrtp_1)
     2    0.01                           net33 (net)
                  0.06    0.00    0.41 ^ output33/A (sky130_fd_sc_hd__clkbuf_4)
                  0.08    0.13    0.54 ^ output33/X (sky130_fd_sc_hd__clkbuf_4)
     1    0.03                           sideband_out[5] (net)
                  0.08    0.00    0.54 ^ sideband_out[5] (out)
                                  0.54   data arrival time

                          0.00    0.00   clock clk (rise edge)
                          0.00    0.00   clock network delay (propagated)
                          0.25    0.25   clock uncertainty
                          0.00    0.25   clock reconvergence pessimism
                         -5.00   -4.75   output external delay
                                 -4.75   data required time
-----------------------------------------------------------------------------
                                 -4.75   data required time
                                 -0.54   data arrival time
-----------------------------------------------------------------------------
                                  5.29   slack (MET)


Startpoint: _442_ (rising edge-triggered flip-flop clocked by clk)
Endpoint: int4_out[2] (output port clocked by clk)
Path Group: clk
Path Type: min
Corner: Fastest

Fanout     Cap    Slew   Delay    Time   Description
-----------------------------------------------------------------------------
                          0.00    0.00   clock clk (rise edge)
                          0.00    0.00   clock source latency
                  0.05    0.03    0.03 ^ clk (in)
     1    0.01                           clk (net)
                  0.05    0.00    0.03 ^ clkbuf_0_clk/A (sky130_fd_sc_hd__clkbuf_16)
                  0.03    0.08    0.11 ^ clkbuf_0_clk/X (sky130_fd_sc_hd__clkbuf_16)
     2    0.02                           clknet_0_clk (net)
                  0.03    0.00    0.12 ^ clkbuf_1_0__f_clk/A (sky130_fd_sc_hd__clkbuf_16)
                  0.04    0.08    0.20 ^ clkbuf_1_0__f_clk/X (sky130_fd_sc_hd__clkbuf_16)
     8    0.03                           clknet_1_0__leaf_clk (net)
                  0.04    0.00    0.20 ^ _442_/CLK (sky130_fd_sc_hd__dfrtp_1)
                  0.07    0.22    0.42 ^ _442_/Q (sky130_fd_sc_hd__dfrtp_1)
     2    0.01                           net25 (net)
                  0.07    0.00    0.42 ^ output25/A (sky130_fd_sc_hd__clkbuf_4)
                  0.08    0.13    0.55 ^ output25/X (sky130_fd_sc_hd__clkbuf_4)
     1    0.03                           int4_out[2] (net)
                  0.08    0.00    0.55 ^ int4_out[2] (out)
                                  0.55   data arrival time

                          0.00    0.00   clock clk (rise edge)
                          0.00    0.00   clock network delay (propagated)
                          0.25    0.25   clock uncertainty
                          0.00    0.25   clock reconvergence pessimism
                         -5.00   -4.75   output external delay
                                 -4.75   data required time
-----------------------------------------------------------------------------
                                 -4.75   data required time
                                 -0.55   data arrival time
-----------------------------------------------------------------------------
                                  5.30   slack (MET)


Startpoint: _443_ (rising edge-triggered flip-flop clocked by clk)
Endpoint: int4_out[3] (output port clocked by clk)
Path Group: clk
Path Type: min
Corner: Fastest

Fanout     Cap    Slew   Delay    Time   Description
-----------------------------------------------------------------------------
                          0.00    0.00   clock clk (rise edge)
                          0.00    0.00   clock source latency
                  0.05    0.03    0.03 ^ clk (in)
     1    0.01                           clk (net)
                  0.05    0.00    0.03 ^ clkbuf_0_clk/A (sky130_fd_sc_hd__clkbuf_16)
                  0.03    0.08    0.11 ^ clkbuf_0_clk/X (sky130_fd_sc_hd__clkbuf_16)
     2    0.02                           clknet_0_clk (net)
                  0.03    0.00    0.12 ^ clkbuf_1_0__f_clk/A (sky130_fd_sc_hd__clkbuf_16)
                  0.04    0.08    0.20 ^ clkbuf_1_0__f_clk/X (sky130_fd_sc_hd__clkbuf_16)
     8    0.03                           clknet_1_0__leaf_clk (net)
                  0.04    0.00    0.20 ^ _443_/CLK (sky130_fd_sc_hd__dfrtp_1)
                  0.07    0.22    0.42 ^ _443_/Q (sky130_fd_sc_hd__dfrtp_1)
     2    0.01                           net26 (net)
                  0.07    0.00    0.42 ^ output26/A (sky130_fd_sc_hd__clkbuf_4)
                  0.08    0.13    0.55 ^ output26/X (sky130_fd_sc_hd__clkbuf_4)
     1    0.03                           int4_out[3] (net)
                  0.08    0.00    0.55 ^ int4_out[3] (out)
                                  0.55   data arrival time

                          0.00    0.00   clock clk (rise edge)
                          0.00    0.00   clock network delay (propagated)
                          0.25    0.25   clock uncertainty
                          0.00    0.25   clock reconvergence pessimism
                         -5.00   -4.75   output external delay
                                 -4.75   data required time
-----------------------------------------------------------------------------
                                 -4.75   data required time
                                 -0.55   data arrival time
-----------------------------------------------------------------------------
                                  5.30   slack (MET)



======================= Slowest Corner ===================================

Startpoint: _438_ (rising edge-triggered flip-flop clocked by clk)
Endpoint: _438_ (rising edge-triggered flip-flop clocked by clk)
Path Group: clk
Path Type: min
Corner: Slowest

Fanout     Cap    Slew   Delay    Time   Description
-----------------------------------------------------------------------------
                          0.00    0.00   clock clk (rise edge)
                          0.00    0.00   clock source latency
                  0.10    0.06    0.06 ^ clk (in)
     1    0.01                           clk (net)
                  0.10    0.00    0.06 ^ clkbuf_0_clk/A (sky130_fd_sc_hd__clkbuf_16)
                  0.07    0.22    0.29 ^ clkbuf_0_clk/X (sky130_fd_sc_hd__clkbuf_16)
     2    0.02                           clknet_0_clk (net)
                  0.07    0.00    0.29 ^ clkbuf_1_0__f_clk/A (sky130_fd_sc_hd__clkbuf_16)
                  0.07    0.22    0.50 ^ clkbuf_1_0__f_clk/X (sky130_fd_sc_hd__clkbuf_16)
     8    0.03                           clknet_1_0__leaf_clk (net)
                  0.07    0.00    0.50 ^ _438_/CLK (sky130_fd_sc_hd__dfrtp_1)
                  0.11    0.63    1.14 ^ _438_/Q (sky130_fd_sc_hd__dfrtp_1)
     2    0.01                           net27 (net)
                  0.11    0.00    1.14 ^ hold1/A (sky130_fd_sc_hd__dlygate4sd3_1)
                  0.10    1.00    2.14 ^ hold1/X (sky130_fd_sc_hd__dlygate4sd3_1)
     1    0.00                           net38 (net)
                  0.10    0.00    2.14 ^ _255_/A1 (sky130_fd_sc_hd__o21ba_1)
                  0.06    0.24    2.38 ^ _255_/X (sky130_fd_sc_hd__o21ba_1)
     1    0.00                           _000_ (net)
                  0.06    0.00    2.38 ^ _438_/D (sky130_fd_sc_hd__dfrtp_1)
                                  2.38   data arrival time

                          0.00    0.00   clock clk (rise edge)
                          0.00    0.00   clock source latency
                  0.10    0.07    0.07 ^ clk (in)
     1    0.01                           clk (net)
                  0.10    0.00    0.07 ^ clkbuf_0_clk/A (sky130_fd_sc_hd__clkbuf_16)
                  0.07    0.25    0.32 ^ clkbuf_0_clk/X (sky130_fd_sc_hd__clkbuf_16)
     2    0.02                           clknet_0_clk (net)
                  0.07    0.00    0.32 ^ clkbuf_1_0__f_clk/A (sky130_fd_sc_hd__clkbuf_16)
                  0.07    0.24    0.55 ^ clkbuf_1_0__f_clk/X (sky130_fd_sc_hd__clkbuf_16)
     8    0.03                           clknet_1_0__leaf_clk (net)
                  0.07    0.00    0.55 ^ _438_/CLK (sky130_fd_sc_hd__dfrtp_1)
                          0.25    0.80   clock uncertainty
                         -0.05    0.75   clock reconvergence pessimism
                         -0.07    0.68   library hold time
                                  0.68   data required time
-----------------------------------------------------------------------------
                                  0.68   data required time
                                 -2.38   data arrival time
-----------------------------------------------------------------------------
                                  1.70   slack (MET)


Startpoint: _443_ (rising edge-triggered flip-flop clocked by clk)
Endpoint: _443_ (rising edge-triggered flip-flop clocked by clk)
Path Group: clk
Path Type: min
Corner: Slowest

Fanout     Cap    Slew   Delay    Time   Description
-----------------------------------------------------------------------------
                          0.00    0.00   clock clk (rise edge)
                          0.00    0.00   clock source latency
                  0.10    0.06    0.06 ^ clk (in)
     1    0.01                           clk (net)
                  0.10    0.00    0.06 ^ clkbuf_0_clk/A (sky130_fd_sc_hd__clkbuf_16)
                  0.07    0.22    0.29 ^ clkbuf_0_clk/X (sky130_fd_sc_hd__clkbuf_16)
     2    0.02                           clknet_0_clk (net)
                  0.07    0.00    0.29 ^ clkbuf_1_0__f_clk/A (sky130_fd_sc_hd__clkbuf_16)
                  0.07    0.22    0.50 ^ clkbuf_1_0__f_clk/X (sky130_fd_sc_hd__clkbuf_16)
     8    0.03                           clknet_1_0__leaf_clk (net)
                  0.07    0.00    0.50 ^ _443_/CLK (sky130_fd_sc_hd__dfrtp_1)
                  0.16    0.68    1.18 ^ _443_/Q (sky130_fd_sc_hd__dfrtp_1)
     2    0.01                           net26 (net)
                  0.16    0.00    1.18 ^ hold3/A (sky130_fd_sc_hd__dlygate4sd3_1)
                  0.10    1.02    2.21 ^ hold3/X (sky130_fd_sc_hd__dlygate4sd3_1)
     1    0.00                           net40 (net)
                  0.10    0.00    2.21 ^ _421_/A2 (sky130_fd_sc_hd__a21bo_1)
                  0.06    0.20    2.40 ^ _421_/X (sky130_fd_sc_hd__a21bo_1)
     1    0.00                           _004_ (net)
                  0.06    0.00    2.40 ^ _443_/D (sky130_fd_sc_hd__dfrtp_1)
                                  2.40   data arrival time

                          0.00    0.00   clock clk (rise edge)
                          0.00    0.00   clock source latency
                  0.10    0.07    0.07 ^ clk (in)
     1    0.01                           clk (net)
                  0.10    0.00    0.07 ^ clkbuf_0_clk/A (sky130_fd_sc_hd__clkbuf_16)
                  0.07    0.25    0.32 ^ clkbuf_0_clk/X (sky130_fd_sc_hd__clkbuf_16)
     2    0.02                           clknet_0_clk (net)
                  0.07    0.00    0.32 ^ clkbuf_1_0__f_clk/A (sky130_fd_sc_hd__clkbuf_16)
                  0.07    0.24    0.55 ^ clkbuf_1_0__f_clk/X (sky130_fd_sc_hd__clkbuf_16)
     8    0.03                           clknet_1_0__leaf_clk (net)
                  0.07    0.00    0.55 ^ _443_/CLK (sky130_fd_sc_hd__dfrtp_1)
                          0.25    0.80   clock uncertainty
                         -0.05    0.75   clock reconvergence pessimism
                         -0.07    0.68   library hold time
                                  0.68   data required time
-----------------------------------------------------------------------------
                                  0.68   data required time
                                 -2.40   data arrival time
-----------------------------------------------------------------------------
                                  1.73   slack (MET)


Startpoint: _440_ (rising edge-triggered flip-flop clocked by clk)
Endpoint: _440_ (rising edge-triggered flip-flop clocked by clk)
Path Group: clk
Path Type: min
Corner: Slowest

Fanout     Cap    Slew   Delay    Time   Description
-----------------------------------------------------------------------------
                          0.00    0.00   clock clk (rise edge)
                          0.00    0.00   clock source latency
                  0.10    0.06    0.06 ^ clk (in)
     1    0.01                           clk (net)
                  0.10    0.00    0.06 ^ clkbuf_0_clk/A (sky130_fd_sc_hd__clkbuf_16)
                  0.07    0.22    0.29 ^ clkbuf_0_clk/X (sky130_fd_sc_hd__clkbuf_16)
     2    0.02                           clknet_0_clk (net)
                  0.07    0.00    0.29 ^ clkbuf_1_0__f_clk/A (sky130_fd_sc_hd__clkbuf_16)
                  0.07    0.22    0.50 ^ clkbuf_1_0__f_clk/X (sky130_fd_sc_hd__clkbuf_16)
     8    0.03                           clknet_1_0__leaf_clk (net)
                  0.07    0.00    0.50 ^ _440_/CLK (sky130_fd_sc_hd__dfrtp_1)
                  0.10    0.63    1.13 ^ _440_/Q (sky130_fd_sc_hd__dfrtp_1)
     2    0.00                           net23 (net)
                  0.10    0.00    1.13 ^ hold2/A (sky130_fd_sc_hd__dlygate4sd3_1)
                  0.10    1.00    2.14 ^ hold2/X (sky130_fd_sc_hd__dlygate4sd3_1)
     1    0.00                           net39 (net)
                  0.10    0.00    2.14 ^ _411_/A2 (sky130_fd_sc_hd__a22o_1)
                  0.08    0.27    2.40 ^ _411_/X (sky130_fd_sc_hd__a22o_1)
     1    0.00                           _001_ (net)
                  0.08    0.00    2.40 ^ _440_/D (sky130_fd_sc_hd__dfrtp_1)
                                  2.40   data arrival time

                          0.00    0.00   clock clk (rise edge)
                          0.00    0.00   clock source latency
                  0.10    0.07    0.07 ^ clk (in)
     1    0.01                           clk (net)
                  0.10    0.00    0.07 ^ clkbuf_0_clk/A (sky130_fd_sc_hd__clkbuf_16)
                  0.07    0.25    0.32 ^ clkbuf_0_clk/X (sky130_fd_sc_hd__clkbuf_16)
     2    0.02                           clknet_0_clk (net)
                  0.07    0.00    0.32 ^ clkbuf_1_0__f_clk/A (sky130_fd_sc_hd__clkbuf_16)
                  0.07    0.24    0.55 ^ clkbuf_1_0__f_clk/X (sky130_fd_sc_hd__clkbuf_16)
     8    0.03                           clknet_1_0__leaf_clk (net)
                  0.07    0.00    0.55 ^ _440_/CLK (sky130_fd_sc_hd__dfrtp_1)
                          0.25    0.80   clock uncertainty
                         -0.05    0.75   clock reconvergence pessimism
                         -0.08    0.67   library hold time
                                  0.67   data required time
-----------------------------------------------------------------------------
                                  0.67   data required time
                                 -2.40   data arrival time
-----------------------------------------------------------------------------
                                  1.73   slack (MET)


Startpoint: _441_ (rising edge-triggered flip-flop clocked by clk)
Endpoint: _441_ (rising edge-triggered flip-flop clocked by clk)
Path Group: clk
Path Type: min
Corner: Slowest

Fanout     Cap    Slew   Delay    Time   Description
-----------------------------------------------------------------------------
                          0.00    0.00   clock clk (rise edge)
                          0.00    0.00   clock source latency
                  0.10    0.06    0.06 ^ clk (in)
     1    0.01                           clk (net)
                  0.10    0.00    0.06 ^ clkbuf_0_clk/A (sky130_fd_sc_hd__clkbuf_16)
                  0.07    0.22    0.29 ^ clkbuf_0_clk/X (sky130_fd_sc_hd__clkbuf_16)
     2    0.02                           clknet_0_clk (net)
                  0.07    0.00    0.29 ^ clkbuf_1_1__f_clk/A (sky130_fd_sc_hd__clkbuf_16)
                  0.06    0.21    0.49 ^ clkbuf_1_1__f_clk/X (sky130_fd_sc_hd__clkbuf_16)
     6    0.02                           clknet_1_1__leaf_clk (net)
                  0.06    0.00    0.49 ^ _441_/CLK (sky130_fd_sc_hd__dfrtp_1)
                  0.13    0.65    1.14 ^ _441_/Q (sky130_fd_sc_hd__dfrtp_1)
     2    0.01                           net24 (net)
                  0.13    0.00    1.14 ^ hold4/A (sky130_fd_sc_hd__dlygate4sd3_1)
                  0.11    1.02    2.17 ^ hold4/X (sky130_fd_sc_hd__dlygate4sd3_1)
     1    0.00                           net41 (net)
                  0.11    0.00    2.17 ^ _415_/A2 (sky130_fd_sc_hd__a22o_1)
                  0.07    0.26    2.43 ^ _415_/X (sky130_fd_sc_hd__a22o_1)
     1    0.00                           _002_ (net)
                  0.07    0.00    2.43 ^ _441_/D (sky130_fd_sc_hd__dfrtp_1)
                                  2.43   data arrival time

                          0.00    0.00   clock clk (rise edge)
                          0.00    0.00   clock source latency
                  0.10    0.07    0.07 ^ clk (in)
     1    0.01                           clk (net)
                  0.10    0.00    0.07 ^ clkbuf_0_clk/A (sky130_fd_sc_hd__clkbuf_16)
                  0.07    0.25    0.32 ^ clkbuf_0_clk/X (sky130_fd_sc_hd__clkbuf_16)
     2    0.02                           clknet_0_clk (net)
                  0.07    0.00    0.32 ^ clkbuf_1_1__f_clk/A (sky130_fd_sc_hd__clkbuf_16)
                  0.06    0.23    0.54 ^ clkbuf_1_1__f_clk/X (sky130_fd_sc_hd__clkbuf_16)
     6    0.02                           clknet_1_1__leaf_clk (net)
                  0.06    0.00    0.54 ^ _441_/CLK (sky130_fd_sc_hd__dfrtp_1)
                          0.25    0.79   clock uncertainty
                         -0.05    0.74   clock reconvergence pessimism
                         -0.08    0.66   library hold time
                                  0.66   data required time
-----------------------------------------------------------------------------
                                  0.66   data required time
                                 -2.43   data arrival time
-----------------------------------------------------------------------------
                                  1.77   slack (MET)


Startpoint: _442_ (rising edge-triggered flip-flop clocked by clk)
Endpoint: _442_ (rising edge-triggered flip-flop clocked by clk)
Path Group: clk
Path Type: min
Corner: Slowest

Fanout     Cap    Slew   Delay    Time   Description
-----------------------------------------------------------------------------
                          0.00    0.00   clock clk (rise edge)
                          0.00    0.00   clock source latency
                  0.10    0.06    0.06 ^ clk (in)
     1    0.01                           clk (net)
                  0.10    0.00    0.06 ^ clkbuf_0_clk/A (sky130_fd_sc_hd__clkbuf_16)
                  0.07    0.22    0.29 ^ clkbuf_0_clk/X (sky130_fd_sc_hd__clkbuf_16)
     2    0.02                           clknet_0_clk (net)
                  0.07    0.00    0.29 ^ clkbuf_1_0__f_clk/A (sky130_fd_sc_hd__clkbuf_16)
                  0.07    0.22    0.50 ^ clkbuf_1_0__f_clk/X (sky130_fd_sc_hd__clkbuf_16)
     8    0.03                           clknet_1_0__leaf_clk (net)
                  0.07    0.00    0.50 ^ _442_/CLK (sky130_fd_sc_hd__dfrtp_1)
                  0.15    0.67    1.17 ^ _442_/Q (sky130_fd_sc_hd__dfrtp_1)
     2    0.01                           net25 (net)
                  0.15    0.00    1.17 ^ hold5/A (sky130_fd_sc_hd__dlygate4sd3_1)
                  0.10    1.02    2.19 ^ hold5/X (sky130_fd_sc_hd__dlygate4sd3_1)
     1    0.00                           net42 (net)
                  0.10    0.00    2.19 ^ _419_/A2 (sky130_fd_sc_hd__a22o_1)
                  0.07    0.26    2.45 ^ _419_/X (sky130_fd_sc_hd__a22o_1)
     1    0.00                           _003_ (net)
                  0.07    0.00    2.45 ^ _442_/D (sky130_fd_sc_hd__dfrtp_1)
                                  2.45   data arrival time

                          0.00    0.00   clock clk (rise edge)
                          0.00    0.00   clock source latency
                  0.10    0.07    0.07 ^ clk (in)
     1    0.01                           clk (net)
                  0.10    0.00    0.07 ^ clkbuf_0_clk/A (sky130_fd_sc_hd__clkbuf_16)
                  0.07    0.25    0.32 ^ clkbuf_0_clk/X (sky130_fd_sc_hd__clkbuf_16)
     2    0.02                           clknet_0_clk (net)
                  0.07    0.00    0.32 ^ clkbuf_1_0__f_clk/A (sky130_fd_sc_hd__clkbuf_16)
                  0.07    0.24    0.55 ^ clkbuf_1_0__f_clk/X (sky130_fd_sc_hd__clkbuf_16)
     8    0.03                           clknet_1_0__leaf_clk (net)
                  0.07    0.00    0.55 ^ _442_/CLK (sky130_fd_sc_hd__dfrtp_1)
                          0.25    0.80   clock uncertainty
                         -0.05    0.75   clock reconvergence pessimism
                         -0.08    0.68   library hold time
                                  0.68   data required time
-----------------------------------------------------------------------------
                                  0.68   data required time
                                 -2.45   data arrival time
-----------------------------------------------------------------------------
                                  1.78   slack (MET)


Startpoint: _445_ (rising edge-triggered flip-flop clocked by clk)
Endpoint: _445_ (rising edge-triggered flip-flop clocked by clk)
Path Group: clk
Path Type: min
Corner: Slowest

Fanout     Cap    Slew   Delay    Time   Description
-----------------------------------------------------------------------------
                          0.00    0.00   clock clk (rise edge)
                          0.00    0.00   clock source latency
                  0.10    0.06    0.06 ^ clk (in)
     1    0.01                           clk (net)
                  0.10    0.00    0.06 ^ clkbuf_0_clk/A (sky130_fd_sc_hd__clkbuf_16)
                  0.07    0.22    0.29 ^ clkbuf_0_clk/X (sky130_fd_sc_hd__clkbuf_16)
     2    0.02                           clknet_0_clk (net)
                  0.07    0.00    0.29 ^ clkbuf_1_1__f_clk/A (sky130_fd_sc_hd__clkbuf_16)
                  0.06    0.21    0.49 ^ clkbuf_1_1__f_clk/X (sky130_fd_sc_hd__clkbuf_16)
     6    0.02                           clknet_1_1__leaf_clk (net)
                  0.06    0.00    0.49 ^ _445_/CLK (sky130_fd_sc_hd__dfrtp_1)
                  0.10    0.62    1.12 ^ _445_/Q (sky130_fd_sc_hd__dfrtp_1)
     2    0.00                           net29 (net)
                  0.10    0.00    1.12 ^ hold6/A (sky130_fd_sc_hd__dlygate4sd3_1)
                  0.09    0.99    2.11 ^ hold6/X (sky130_fd_sc_hd__dlygate4sd3_1)
     1    0.00                           net43 (net)
                  0.09    0.00    2.11 ^ _424_/B (sky130_fd_sc_hd__and2_1)
                  0.08    0.22    2.33 ^ _424_/X (sky130_fd_sc_hd__and2_1)
     1    0.00                           _161_ (net)
                  0.08    0.00    2.33 ^ _425_/B1 (sky130_fd_sc_hd__a31o_1)
                  0.06    0.15    2.48 ^ _425_/X (sky130_fd_sc_hd__a31o_1)
     1    0.00                           _006_ (net)
                  0.06    0.00    2.48 ^ _445_/D (sky130_fd_sc_hd__dfrtp_1)
                                  2.48   data arrival time

                          0.00    0.00   clock clk (rise edge)
                          0.00    0.00   clock source latency
                  0.10    0.07    0.07 ^ clk (in)
     1    0.01                           clk (net)
                  0.10    0.00    0.07 ^ clkbuf_0_clk/A (sky130_fd_sc_hd__clkbuf_16)
                  0.07    0.25    0.32 ^ clkbuf_0_clk/X (sky130_fd_sc_hd__clkbuf_16)
     2    0.02                           clknet_0_clk (net)
                  0.07    0.00    0.32 ^ clkbuf_1_1__f_clk/A (sky130_fd_sc_hd__clkbuf_16)
                  0.06    0.23    0.54 ^ clkbuf_1_1__f_clk/X (sky130_fd_sc_hd__clkbuf_16)
     6    0.02                           clknet_1_1__leaf_clk (net)
                  0.06    0.00    0.54 ^ _445_/CLK (sky130_fd_sc_hd__dfrtp_1)
                          0.25    0.79   clock uncertainty
                         -0.05    0.74   clock reconvergence pessimism
                         -0.08    0.66   library hold time
                                  0.66   data required time
-----------------------------------------------------------------------------
                                  0.66   data required time
                                 -2.48   data arrival time
-----------------------------------------------------------------------------
                                  1.81   slack (MET)


Startpoint: _444_ (rising edge-triggered flip-flop clocked by clk)
Endpoint: _444_ (rising edge-triggered flip-flop clocked by clk)
Path Group: clk
Path Type: min
Corner: Slowest

Fanout     Cap    Slew   Delay    Time   Description
-----------------------------------------------------------------------------
                          0.00    0.00   clock clk (rise edge)
                          0.00    0.00   clock source latency
                  0.10    0.06    0.06 ^ clk (in)
     1    0.01                           clk (net)
                  0.10    0.00    0.06 ^ clkbuf_0_clk/A (sky130_fd_sc_hd__clkbuf_16)
                  0.07    0.22    0.29 ^ clkbuf_0_clk/X (sky130_fd_sc_hd__clkbuf_16)
     2    0.02                           clknet_0_clk (net)
                  0.07    0.00    0.29 ^ clkbuf_1_0__f_clk/A (sky130_fd_sc_hd__clkbuf_16)
                  0.07    0.22    0.50 ^ clkbuf_1_0__f_clk/X (sky130_fd_sc_hd__clkbuf_16)
     8    0.03                           clknet_1_0__leaf_clk (net)
                  0.07    0.00    0.50 ^ _444_/CLK (sky130_fd_sc_hd__dfrtp_1)
                  0.11    0.64    1.14 ^ _444_/Q (sky130_fd_sc_hd__dfrtp_1)
     2    0.01                           net28 (net)
                  0.11    0.00    1.14 ^ hold8/A (sky130_fd_sc_hd__dlygate4sd3_1)
                  0.08    0.99    2.13 ^ hold8/X (sky130_fd_sc_hd__dlygate4sd3_1)
     1    0.00                           net45 (net)
                  0.08    0.00    2.13 ^ _422_/B (sky130_fd_sc_hd__and2_1)
                  0.08    0.22    2.35 ^ _422_/X (sky130_fd_sc_hd__and2_1)
     1    0.00                           _160_ (net)
                  0.08    0.00    2.35 ^ _423_/B1 (sky130_fd_sc_hd__a31o_1)
                  0.07    0.15    2.50 ^ _423_/X (sky130_fd_sc_hd__a31o_1)
     1    0.00                           _005_ (net)
                  0.07    0.00    2.50 ^ _444_/D (sky130_fd_sc_hd__dfrtp_1)
                                  2.50   data arrival time

                          0.00    0.00   clock clk (rise edge)
                          0.00    0.00   clock source latency
                  0.10    0.07    0.07 ^ clk (in)
     1    0.01                           clk (net)
                  0.10    0.00    0.07 ^ clkbuf_0_clk/A (sky130_fd_sc_hd__clkbuf_16)
                  0.07    0.25    0.32 ^ clkbuf_0_clk/X (sky130_fd_sc_hd__clkbuf_16)
     2    0.02                           clknet_0_clk (net)
                  0.07    0.00    0.32 ^ clkbuf_1_0__f_clk/A (sky130_fd_sc_hd__clkbuf_16)
                  0.07    0.24    0.55 ^ clkbuf_1_0__f_clk/X (sky130_fd_sc_hd__clkbuf_16)
     8    0.03                           clknet_1_0__leaf_clk (net)
                  0.07    0.00    0.55 ^ _444_/CLK (sky130_fd_sc_hd__dfrtp_1)
                          0.25    0.80   clock uncertainty
                         -0.05    0.75   clock reconvergence pessimism
                         -0.08    0.68   library hold time
                                  0.68   data required time
-----------------------------------------------------------------------------
                                  0.68   data required time
                                 -2.50   data arrival time
-----------------------------------------------------------------------------
                                  1.83   slack (MET)


Startpoint: _448_ (rising edge-triggered flip-flop clocked by clk)
Endpoint: _448_ (rising edge-triggered flip-flop clocked by clk)
Path Group: clk
Path Type: min
Corner: Slowest

Fanout     Cap    Slew   Delay    Time   Description
-----------------------------------------------------------------------------
                          0.00    0.00   clock clk (rise edge)
                          0.00    0.00   clock source latency
                  0.10    0.06    0.06 ^ clk (in)
     1    0.01                           clk (net)
                  0.10    0.00    0.06 ^ clkbuf_0_clk/A (sky130_fd_sc_hd__clkbuf_16)
                  0.07    0.22    0.29 ^ clkbuf_0_clk/X (sky130_fd_sc_hd__clkbuf_16)
     2    0.02                           clknet_0_clk (net)
                  0.07    0.00    0.29 ^ clkbuf_1_1__f_clk/A (sky130_fd_sc_hd__clkbuf_16)
                  0.06    0.21    0.49 ^ clkbuf_1_1__f_clk/X (sky130_fd_sc_hd__clkbuf_16)
     6    0.02                           clknet_1_1__leaf_clk (net)
                  0.06    0.00    0.49 ^ _448_/CLK (sky130_fd_sc_hd__dfrtp_1)
                  0.12    0.64    1.13 ^ _448_/Q (sky130_fd_sc_hd__dfrtp_1)
     2    0.01                           net32 (net)
                  0.12    0.00    1.13 ^ hold10/A (sky130_fd_sc_hd__dlygate4sd3_1)
                  0.09    1.00    2.13 ^ hold10/X (sky130_fd_sc_hd__dlygate4sd3_1)
     1    0.00                           net47 (net)
                  0.09    0.00    2.13 ^ _430_/B (sky130_fd_sc_hd__and2_1)
                  0.09    0.23    2.36 ^ _430_/X (sky130_fd_sc_hd__and2_1)
     1    0.00                           _164_ (net)
                  0.09    0.00    2.36 ^ _431_/B1 (sky130_fd_sc_hd__a31o_1)
                  0.06    0.15    2.51 ^ _431_/X (sky130_fd_sc_hd__a31o_1)
     1    0.00                           _009_ (net)
                  0.06    0.00    2.51 ^ _448_/D (sky130_fd_sc_hd__dfrtp_1)
                                  2.51   data arrival time

                          0.00    0.00   clock clk (rise edge)
                          0.00    0.00   clock source latency
                  0.10    0.07    0.07 ^ clk (in)
     1    0.01                           clk (net)
                  0.10    0.00    0.07 ^ clkbuf_0_clk/A (sky130_fd_sc_hd__clkbuf_16)
                  0.07    0.25    0.32 ^ clkbuf_0_clk/X (sky130_fd_sc_hd__clkbuf_16)
     2    0.02                           clknet_0_clk (net)
                  0.07    0.00    0.32 ^ clkbuf_1_1__f_clk/A (sky130_fd_sc_hd__clkbuf_16)
                  0.06    0.23    0.54 ^ clkbuf_1_1__f_clk/X (sky130_fd_sc_hd__clkbuf_16)
     6    0.02                           clknet_1_1__leaf_clk (net)
                  0.06    0.00    0.54 ^ _448_/CLK (sky130_fd_sc_hd__dfrtp_1)
                          0.25    0.79   clock uncertainty
                         -0.05    0.74   clock reconvergence pessimism
                         -0.08    0.66   library hold time
                                  0.66   data required time
-----------------------------------------------------------------------------
                                  0.66   data required time
                                 -2.51   data arrival time
-----------------------------------------------------------------------------
                                  1.84   slack (MET)


Startpoint: _451_ (rising edge-triggered flip-flop clocked by clk)
Endpoint: _451_ (rising edge-triggered flip-flop clocked by clk)
Path Group: clk
Path Type: min
Corner: Slowest

Fanout     Cap    Slew   Delay    Time   Description
-----------------------------------------------------------------------------
                          0.00    0.00   clock clk (rise edge)
                          0.00    0.00   clock source latency
                  0.10    0.06    0.06 ^ clk (in)
     1    0.01                           clk (net)
                  0.10    0.00    0.06 ^ clkbuf_0_clk/A (sky130_fd_sc_hd__clkbuf_16)
                  0.07    0.22    0.29 ^ clkbuf_0_clk/X (sky130_fd_sc_hd__clkbuf_16)
     2    0.02                           clknet_0_clk (net)
                  0.07    0.00    0.29 ^ clkbuf_1_0__f_clk/A (sky130_fd_sc_hd__clkbuf_16)
                  0.07    0.22    0.50 ^ clkbuf_1_0__f_clk/X (sky130_fd_sc_hd__clkbuf_16)
     8    0.03                           clknet_1_0__leaf_clk (net)
                  0.07    0.00    0.50 ^ _451_/CLK (sky130_fd_sc_hd__dfrtp_1)
                  0.12    0.64    1.15 ^ _451_/Q (sky130_fd_sc_hd__dfrtp_1)
     2    0.01                           net35 (net)
                  0.12    0.00    1.15 ^ hold7/A (sky130_fd_sc_hd__dlygate4sd3_1)
                  0.09    1.00    2.15 ^ hold7/X (sky130_fd_sc_hd__dlygate4sd3_1)
     1    0.00                           net44 (net)
                  0.09    0.00    2.15 ^ _436_/B (sky130_fd_sc_hd__and2_1)
                  0.08    0.22    2.37 ^ _436_/X (sky130_fd_sc_hd__and2_1)
     1    0.00                           _167_ (net)
                  0.08    0.00    2.37 ^ _437_/B1 (sky130_fd_sc_hd__a31o_1)
                  0.07    0.15    2.52 ^ _437_/X (sky130_fd_sc_hd__a31o_1)
     1    0.00                           _012_ (net)
                  0.07    0.00    2.52 ^ _451_/D (sky130_fd_sc_hd__dfrtp_1)
                                  2.52   data arrival time

                          0.00    0.00   clock clk (rise edge)
                          0.00    0.00   clock source latency
                  0.10    0.07    0.07 ^ clk (in)
     1    0.01                           clk (net)
                  0.10    0.00    0.07 ^ clkbuf_0_clk/A (sky130_fd_sc_hd__clkbuf_16)
                  0.07    0.25    0.32 ^ clkbuf_0_clk/X (sky130_fd_sc_hd__clkbuf_16)
     2    0.02                           clknet_0_clk (net)
                  0.07    0.00    0.32 ^ clkbuf_1_0__f_clk/A (sky130_fd_sc_hd__clkbuf_16)
                  0.07    0.24    0.55 ^ clkbuf_1_0__f_clk/X (sky130_fd_sc_hd__clkbuf_16)
     8    0.03                           clknet_1_0__leaf_clk (net)
                  0.07    0.00    0.55 ^ _451_/CLK (sky130_fd_sc_hd__dfrtp_1)
                          0.25    0.80   clock uncertainty
                         -0.05    0.75   clock reconvergence pessimism
                         -0.08    0.68   library hold time
                                  0.68   data required time
-----------------------------------------------------------------------------
                                  0.68   data required time
                                 -2.52   data arrival time
-----------------------------------------------------------------------------
                                  1.85   slack (MET)


Startpoint: _450_ (rising edge-triggered flip-flop clocked by clk)
Endpoint: _450_ (rising edge-triggered flip-flop clocked by clk)
Path Group: clk
Path Type: min
Corner: Slowest

Fanout     Cap    Slew   Delay    Time   Description
-----------------------------------------------------------------------------
                          0.00    0.00   clock clk (rise edge)
                          0.00    0.00   clock source latency
                  0.10    0.06    0.06 ^ clk (in)
     1    0.01                           clk (net)
                  0.10    0.00    0.06 ^ clkbuf_0_clk/A (sky130_fd_sc_hd__clkbuf_16)
                  0.07    0.22    0.29 ^ clkbuf_0_clk/X (sky130_fd_sc_hd__clkbuf_16)
     2    0.02                           clknet_0_clk (net)
                  0.07    0.00    0.29 ^ clkbuf_1_0__f_clk/A (sky130_fd_sc_hd__clkbuf_16)
                  0.07    0.22    0.50 ^ clkbuf_1_0__f_clk/X (sky130_fd_sc_hd__clkbuf_16)
     8    0.03                           clknet_1_0__leaf_clk (net)
                  0.07    0.00    0.50 ^ _450_/CLK (sky130_fd_sc_hd__dfrtp_1)
                  0.12    0.64    1.14 ^ _450_/Q (sky130_fd_sc_hd__dfrtp_1)
     2    0.01                           net34 (net)
                  0.12    0.00    1.14 ^ hold9/A (sky130_fd_sc_hd__dlygate4sd3_1)
                  0.08    0.99    2.13 ^ hold9/X (sky130_fd_sc_hd__dlygate4sd3_1)
     1    0.00                           net46 (net)
                  0.08    0.00    2.13 ^ _434_/B (sky130_fd_sc_hd__and2_1)
                  0.09    0.23    2.36 ^ _434_/X (sky130_fd_sc_hd__and2_1)
     1    0.00                           _166_ (net)
                  0.09    0.00    2.36 ^ _435_/B1 (sky130_fd_sc_hd__a31o_1)
                  0.07    0.16    2.52 ^ _435_/X (sky130_fd_sc_hd__a31o_1)
     1    0.00                           _011_ (net)
                  0.07    0.00    2.52 ^ _450_/D (sky130_fd_sc_hd__dfrtp_1)
                                  2.52   data arrival time

                          0.00    0.00   clock clk (rise edge)
                          0.00    0.00   clock source latency
                  0.10    0.07    0.07 ^ clk (in)
     1    0.01                           clk (net)
                  0.10    0.00    0.07 ^ clkbuf_0_clk/A (sky130_fd_sc_hd__clkbuf_16)
                  0.07    0.25    0.32 ^ clkbuf_0_clk/X (sky130_fd_sc_hd__clkbuf_16)
     2    0.02                           clknet_0_clk (net)
                  0.07    0.00    0.32 ^ clkbuf_1_0__f_clk/A (sky130_fd_sc_hd__clkbuf_16)
                  0.07    0.24    0.55 ^ clkbuf_1_0__f_clk/X (sky130_fd_sc_hd__clkbuf_16)
     8    0.03                           clknet_1_0__leaf_clk (net)
                  0.07    0.00    0.55 ^ _450_/CLK (sky130_fd_sc_hd__dfrtp_1)
                          0.25    0.80   clock uncertainty
                         -0.05    0.75   clock reconvergence pessimism
                         -0.08    0.68   library hold time
                                  0.68   data required time
-----------------------------------------------------------------------------
                                  0.68   data required time
                                 -2.52   data arrival time
-----------------------------------------------------------------------------
                                  1.85   slack (MET)


Startpoint: _446_ (rising edge-triggered flip-flop clocked by clk)
Endpoint: _446_ (rising edge-triggered flip-flop clocked by clk)
Path Group: clk
Path Type: min
Corner: Slowest

Fanout     Cap    Slew   Delay    Time   Description
-----------------------------------------------------------------------------
                          0.00    0.00   clock clk (rise edge)
                          0.00    0.00   clock source latency
                  0.10    0.06    0.06 ^ clk (in)
     1    0.01                           clk (net)
                  0.10    0.00    0.06 ^ clkbuf_0_clk/A (sky130_fd_sc_hd__clkbuf_16)
                  0.07    0.22    0.29 ^ clkbuf_0_clk/X (sky130_fd_sc_hd__clkbuf_16)
     2    0.02                           clknet_0_clk (net)
                  0.07    0.00    0.29 ^ clkbuf_1_1__f_clk/A (sky130_fd_sc_hd__clkbuf_16)
                  0.06    0.21    0.49 ^ clkbuf_1_1__f_clk/X (sky130_fd_sc_hd__clkbuf_16)
     6    0.02                           clknet_1_1__leaf_clk (net)
                  0.06    0.00    0.49 ^ _446_/CLK (sky130_fd_sc_hd__dfrtp_1)
                  0.14    0.65    1.15 ^ _446_/Q (sky130_fd_sc_hd__dfrtp_1)
     2    0.01                           net30 (net)
                  0.14    0.00    1.15 ^ hold11/A (sky130_fd_sc_hd__dlygate4sd3_1)
                  0.09    1.01    2.15 ^ hold11/X (sky130_fd_sc_hd__dlygate4sd3_1)
     1    0.00                           net48 (net)
                  0.09    0.00    2.15 ^ _426_/B (sky130_fd_sc_hd__and2_1)
                  0.08    0.22    2.37 ^ _426_/X (sky130_fd_sc_hd__and2_1)
     1    0.00                           _162_ (net)
                  0.08    0.00    2.37 ^ _427_/B1 (sky130_fd_sc_hd__a31o_1)
                  0.06    0.15    2.52 ^ _427_/X (sky130_fd_sc_hd__a31o_1)
     1    0.00                           _007_ (net)
                  0.06    0.00    2.52 ^ _446_/D (sky130_fd_sc_hd__dfrtp_1)
                                  2.52   data arrival time

                          0.00    0.00   clock clk (rise edge)
                          0.00    0.00   clock source latency
                  0.10    0.07    0.07 ^ clk (in)
     1    0.01                           clk (net)
                  0.10    0.00    0.07 ^ clkbuf_0_clk/A (sky130_fd_sc_hd__clkbuf_16)
                  0.07    0.25    0.32 ^ clkbuf_0_clk/X (sky130_fd_sc_hd__clkbuf_16)
     2    0.02                           clknet_0_clk (net)
                  0.07    0.00    0.32 ^ clkbuf_1_1__f_clk/A (sky130_fd_sc_hd__clkbuf_16)
                  0.06    0.23    0.54 ^ clkbuf_1_1__f_clk/X (sky130_fd_sc_hd__clkbuf_16)
     6    0.02                           clknet_1_1__leaf_clk (net)
                  0.06    0.00    0.54 ^ _446_/CLK (sky130_fd_sc_hd__dfrtp_1)
                          0.25    0.79   clock uncertainty
                         -0.05    0.74   clock reconvergence pessimism
                         -0.08    0.66   library hold time
                                  0.66   data required time
-----------------------------------------------------------------------------
                                  0.66   data required time
                                 -2.52   data arrival time
-----------------------------------------------------------------------------
                                  1.86   slack (MET)


Startpoint: _447_ (rising edge-triggered flip-flop clocked by clk)
Endpoint: _447_ (rising edge-triggered flip-flop clocked by clk)
Path Group: clk
Path Type: min
Corner: Slowest

Fanout     Cap    Slew   Delay    Time   Description
-----------------------------------------------------------------------------
                          0.00    0.00   clock clk (rise edge)
                          0.00    0.00   clock source latency
                  0.10    0.06    0.06 ^ clk (in)
     1    0.01                           clk (net)
                  0.10    0.00    0.06 ^ clkbuf_0_clk/A (sky130_fd_sc_hd__clkbuf_16)
                  0.07    0.22    0.29 ^ clkbuf_0_clk/X (sky130_fd_sc_hd__clkbuf_16)
     2    0.02                           clknet_0_clk (net)
                  0.07    0.00    0.29 ^ clkbuf_1_1__f_clk/A (sky130_fd_sc_hd__clkbuf_16)
                  0.06    0.21    0.49 ^ clkbuf_1_1__f_clk/X (sky130_fd_sc_hd__clkbuf_16)
     6    0.02                           clknet_1_1__leaf_clk (net)
                  0.06    0.00    0.49 ^ _447_/CLK (sky130_fd_sc_hd__dfrtp_1)
                  0.14    0.66    1.15 ^ _447_/Q (sky130_fd_sc_hd__dfrtp_1)
     2    0.01                           net31 (net)
                  0.14    0.00    1.15 ^ hold13/A (sky130_fd_sc_hd__dlygate4sd3_1)
                  0.09    1.01    2.16 ^ hold13/X (sky130_fd_sc_hd__dlygate4sd3_1)
     1    0.00                           net50 (net)
                  0.09    0.00    2.16 ^ _428_/B (sky130_fd_sc_hd__and2_1)
                  0.08    0.22    2.38 ^ _428_/X (sky130_fd_sc_hd__and2_1)
     1    0.00                           _163_ (net)
                  0.08    0.00    2.38 ^ _429_/B1 (sky130_fd_sc_hd__a31o_1)
                  0.06    0.15    2.52 ^ _429_/X (sky130_fd_sc_hd__a31o_1)
     1    0.00                           _008_ (net)
                  0.06    0.00    2.52 ^ _447_/D (sky130_fd_sc_hd__dfrtp_1)
                                  2.52   data arrival time

                          0.00    0.00   clock clk (rise edge)
                          0.00    0.00   clock source latency
                  0.10    0.07    0.07 ^ clk (in)
     1    0.01                           clk (net)
                  0.10    0.00    0.07 ^ clkbuf_0_clk/A (sky130_fd_sc_hd__clkbuf_16)
                  0.07    0.25    0.32 ^ clkbuf_0_clk/X (sky130_fd_sc_hd__clkbuf_16)
     2    0.02                           clknet_0_clk (net)
                  0.07    0.00    0.32 ^ clkbuf_1_1__f_clk/A (sky130_fd_sc_hd__clkbuf_16)
                  0.06    0.23    0.54 ^ clkbuf_1_1__f_clk/X (sky130_fd_sc_hd__clkbuf_16)
     6    0.02                           clknet_1_1__leaf_clk (net)
                  0.06    0.00    0.54 ^ _447_/CLK (sky130_fd_sc_hd__dfrtp_1)
                          0.25    0.79   clock uncertainty
                         -0.05    0.74   clock reconvergence pessimism
                         -0.08    0.66   library hold time
                                  0.66   data required time
-----------------------------------------------------------------------------
                                  0.66   data required time
                                 -2.52   data arrival time
-----------------------------------------------------------------------------
                                  1.86   slack (MET)


Startpoint: _449_ (rising edge-triggered flip-flop clocked by clk)
Endpoint: _449_ (rising edge-triggered flip-flop clocked by clk)
Path Group: clk
Path Type: min
Corner: Slowest

Fanout     Cap    Slew   Delay    Time   Description
-----------------------------------------------------------------------------
                          0.00    0.00   clock clk (rise edge)
                          0.00    0.00   clock source latency
                  0.10    0.06    0.06 ^ clk (in)
     1    0.01                           clk (net)
                  0.10    0.00    0.06 ^ clkbuf_0_clk/A (sky130_fd_sc_hd__clkbuf_16)
                  0.07    0.22    0.29 ^ clkbuf_0_clk/X (sky130_fd_sc_hd__clkbuf_16)
     2    0.02                           clknet_0_clk (net)
                  0.07    0.00    0.29 ^ clkbuf_1_0__f_clk/A (sky130_fd_sc_hd__clkbuf_16)
                  0.07    0.22    0.50 ^ clkbuf_1_0__f_clk/X (sky130_fd_sc_hd__clkbuf_16)
     8    0.03                           clknet_1_0__leaf_clk (net)
                  0.07    0.00    0.50 ^ _449_/CLK (sky130_fd_sc_hd__dfrtp_1)
                  0.14    0.66    1.16 ^ _449_/Q (sky130_fd_sc_hd__dfrtp_1)
     2    0.01                           net33 (net)
                  0.14    0.00    1.16 ^ hold12/A (sky130_fd_sc_hd__dlygate4sd3_1)
                  0.09    1.00    2.17 ^ hold12/X (sky130_fd_sc_hd__dlygate4sd3_1)
     1    0.00                           net49 (net)
                  0.09    0.00    2.17 ^ _432_/B (sky130_fd_sc_hd__and2_1)
                  0.09    0.23    2.40 ^ _432_/X (sky130_fd_sc_hd__and2_1)
     1    0.00                           _165_ (net)
                  0.09    0.00    2.40 ^ _433_/B1 (sky130_fd_sc_hd__a31o_1)
                  0.06    0.15    2.55 ^ _433_/X (sky130_fd_sc_hd__a31o_1)
     1    0.00                           _010_ (net)
                  0.06    0.00    2.55 ^ _449_/D (sky130_fd_sc_hd__dfrtp_1)
                                  2.55   data arrival time

                          0.00    0.00   clock clk (rise edge)
                          0.00    0.00   clock source latency
                  0.10    0.07    0.07 ^ clk (in)
     1    0.01                           clk (net)
                  0.10    0.00    0.07 ^ clkbuf_0_clk/A (sky130_fd_sc_hd__clkbuf_16)
                  0.07    0.25    0.32 ^ clkbuf_0_clk/X (sky130_fd_sc_hd__clkbuf_16)
     2    0.02                           clknet_0_clk (net)
                  0.07    0.00    0.32 ^ clkbuf_1_0__f_clk/A (sky130_fd_sc_hd__clkbuf_16)
                  0.07    0.24    0.55 ^ clkbuf_1_0__f_clk/X (sky130_fd_sc_hd__clkbuf_16)
     8    0.03                           clknet_1_0__leaf_clk (net)
                  0.07    0.00    0.55 ^ _449_/CLK (sky130_fd_sc_hd__dfrtp_1)
                          0.25    0.80   clock uncertainty
                         -0.05    0.75   clock reconvergence pessimism
                         -0.07    0.68   library hold time
                                  0.68   data required time
-----------------------------------------------------------------------------
                                  0.68   data required time
                                 -2.55   data arrival time
-----------------------------------------------------------------------------
                                  1.87   slack (MET)


Startpoint: rst_n (input port clocked by clk)
Endpoint: _447_ (removal check against rising-edge clock clk)
Path Group: asynchronous
Path Type: min
Corner: Slowest

Fanout     Cap    Slew   Delay    Time   Description
-----------------------------------------------------------------------------
                          0.00    0.00   clock clk (rise edge)
                          0.00    0.00   clock network delay (propagated)
                          5.00    5.00 ^ input external delay
                  0.03    0.02    5.02 ^ rst_n (in)
     1    0.00                           rst_n (net)
                  0.03    0.00    5.02 ^ input9/A (sky130_fd_sc_hd__clkbuf_2)
                  0.19    0.25    5.26 ^ input9/X (sky130_fd_sc_hd__clkbuf_2)
     5    0.02                           net9 (net)
                  0.19    0.00    5.26 ^ _447_/RESET_B (sky130_fd_sc_hd__dfrtp_1)
                                  5.26   data arrival time

                          0.00    0.00   clock clk (rise edge)
                          0.00    0.00   clock source latency
                  0.10    0.07    0.07 ^ clk (in)
     1    0.01                           clk (net)
                  0.10    0.00    0.07 ^ clkbuf_0_clk/A (sky130_fd_sc_hd__clkbuf_16)
                  0.07    0.25    0.32 ^ clkbuf_0_clk/X (sky130_fd_sc_hd__clkbuf_16)
     2    0.02                           clknet_0_clk (net)
                  0.07    0.00    0.32 ^ clkbuf_1_1__f_clk/A (sky130_fd_sc_hd__clkbuf_16)
                  0.06    0.23    0.54 ^ clkbuf_1_1__f_clk/X (sky130_fd_sc_hd__clkbuf_16)
     6    0.02                           clknet_1_1__leaf_clk (net)
                  0.06    0.00    0.54 ^ _447_/CLK (sky130_fd_sc_hd__dfrtp_1)
                          0.25    0.79   clock uncertainty
                          0.00    0.79   clock reconvergence pessimism
                          0.69    1.48   library removal time
                                  1.48   data required time
-----------------------------------------------------------------------------
                                  1.48   data required time
                                 -5.26   data arrival time
-----------------------------------------------------------------------------
                                  3.78   slack (MET)


Startpoint: rst_n (input port clocked by clk)
Endpoint: _446_ (removal check against rising-edge clock clk)
Path Group: asynchronous
Path Type: min
Corner: Slowest

Fanout     Cap    Slew   Delay    Time   Description
-----------------------------------------------------------------------------
                          0.00    0.00   clock clk (rise edge)
                          0.00    0.00   clock network delay (propagated)
                          5.00    5.00 ^ input external delay
                  0.03    0.02    5.02 ^ rst_n (in)
     1    0.00                           rst_n (net)
                  0.03    0.00    5.02 ^ input9/A (sky130_fd_sc_hd__clkbuf_2)
                  0.19    0.25    5.26 ^ input9/X (sky130_fd_sc_hd__clkbuf_2)
     5    0.02                           net9 (net)
                  0.19    0.00    5.26 ^ _446_/RESET_B (sky130_fd_sc_hd__dfrtp_1)
                                  5.26   data arrival time

                          0.00    0.00   clock clk (rise edge)
                          0.00    0.00   clock source latency
                  0.10    0.07    0.07 ^ clk (in)
     1    0.01                           clk (net)
                  0.10    0.00    0.07 ^ clkbuf_0_clk/A (sky130_fd_sc_hd__clkbuf_16)
                  0.07    0.25    0.32 ^ clkbuf_0_clk/X (sky130_fd_sc_hd__clkbuf_16)
     2    0.02                           clknet_0_clk (net)
                  0.07    0.00    0.32 ^ clkbuf_1_1__f_clk/A (sky130_fd_sc_hd__clkbuf_16)
                  0.06    0.23    0.54 ^ clkbuf_1_1__f_clk/X (sky130_fd_sc_hd__clkbuf_16)
     6    0.02                           clknet_1_1__leaf_clk (net)
                  0.06    0.00    0.54 ^ _446_/CLK (sky130_fd_sc_hd__dfrtp_1)
                          0.25    0.79   clock uncertainty
                          0.00    0.79   clock reconvergence pessimism
                          0.69    1.48   library removal time
                                  1.48   data required time
-----------------------------------------------------------------------------
                                  1.48   data required time
                                 -5.26   data arrival time
-----------------------------------------------------------------------------
                                  3.78   slack (MET)


Startpoint: rst_n (input port clocked by clk)
Endpoint: _448_ (removal check against rising-edge clock clk)
Path Group: asynchronous
Path Type: min
Corner: Slowest

Fanout     Cap    Slew   Delay    Time   Description
-----------------------------------------------------------------------------
                          0.00    0.00   clock clk (rise edge)
                          0.00    0.00   clock network delay (propagated)
                          5.00    5.00 ^ input external delay
                  0.03    0.02    5.02 ^ rst_n (in)
     1    0.00                           rst_n (net)
                  0.03    0.00    5.02 ^ input9/A (sky130_fd_sc_hd__clkbuf_2)
                  0.19    0.25    5.26 ^ input9/X (sky130_fd_sc_hd__clkbuf_2)
     5    0.02                           net9 (net)
                  0.19    0.00    5.26 ^ _448_/RESET_B (sky130_fd_sc_hd__dfrtp_1)
                                  5.26   data arrival time

                          0.00    0.00   clock clk (rise edge)
                          0.00    0.00   clock source latency
                  0.10    0.07    0.07 ^ clk (in)
     1    0.01                           clk (net)
                  0.10    0.00    0.07 ^ clkbuf_0_clk/A (sky130_fd_sc_hd__clkbuf_16)
                  0.07    0.25    0.32 ^ clkbuf_0_clk/X (sky130_fd_sc_hd__clkbuf_16)
     2    0.02                           clknet_0_clk (net)
                  0.07    0.00    0.32 ^ clkbuf_1_1__f_clk/A (sky130_fd_sc_hd__clkbuf_16)
                  0.06    0.23    0.54 ^ clkbuf_1_1__f_clk/X (sky130_fd_sc_hd__clkbuf_16)
     6    0.02                           clknet_1_1__leaf_clk (net)
                  0.06    0.00    0.54 ^ _448_/CLK (sky130_fd_sc_hd__dfrtp_1)
                          0.25    0.79   clock uncertainty
                          0.00    0.79   clock reconvergence pessimism
                          0.69    1.48   library removal time
                                  1.48   data required time
-----------------------------------------------------------------------------
                                  1.48   data required time
                                 -5.26   data arrival time
-----------------------------------------------------------------------------
                                  3.78   slack (MET)


Startpoint: rst_n (input port clocked by clk)
Endpoint: _445_ (removal check against rising-edge clock clk)
Path Group: asynchronous
Path Type: min
Corner: Slowest

Fanout     Cap    Slew   Delay    Time   Description
-----------------------------------------------------------------------------
                          0.00    0.00   clock clk (rise edge)
                          0.00    0.00   clock network delay (propagated)
                          5.00    5.00 ^ input external delay
                  0.03    0.02    5.02 ^ rst_n (in)
     1    0.00                           rst_n (net)
                  0.03    0.00    5.02 ^ input9/A (sky130_fd_sc_hd__clkbuf_2)
                  0.19    0.25    5.26 ^ input9/X (sky130_fd_sc_hd__clkbuf_2)
     5    0.02                           net9 (net)
                  0.19    0.00    5.26 ^ _445_/RESET_B (sky130_fd_sc_hd__dfrtp_1)
                                  5.26   data arrival time

                          0.00    0.00   clock clk (rise edge)
                          0.00    0.00   clock source latency
                  0.10    0.07    0.07 ^ clk (in)
     1    0.01                           clk (net)
                  0.10    0.00    0.07 ^ clkbuf_0_clk/A (sky130_fd_sc_hd__clkbuf_16)
                  0.07    0.25    0.32 ^ clkbuf_0_clk/X (sky130_fd_sc_hd__clkbuf_16)
     2    0.02                           clknet_0_clk (net)
                  0.07    0.00    0.32 ^ clkbuf_1_1__f_clk/A (sky130_fd_sc_hd__clkbuf_16)
                  0.06    0.23    0.54 ^ clkbuf_1_1__f_clk/X (sky130_fd_sc_hd__clkbuf_16)
     6    0.02                           clknet_1_1__leaf_clk (net)
                  0.06    0.00    0.54 ^ _445_/CLK (sky130_fd_sc_hd__dfrtp_1)
                          0.25    0.79   clock uncertainty
                          0.00    0.79   clock reconvergence pessimism
                          0.69    1.48   library removal time
                                  1.48   data required time
-----------------------------------------------------------------------------
                                  1.48   data required time
                                 -5.26   data arrival time
-----------------------------------------------------------------------------
                                  3.78   slack (MET)


Startpoint: rst_n (input port clocked by clk)
Endpoint: _442_ (removal check against rising-edge clock clk)
Path Group: asynchronous
Path Type: min
Corner: Slowest

Fanout     Cap    Slew   Delay    Time   Description
-----------------------------------------------------------------------------
                          0.00    0.00   clock clk (rise edge)
                          0.00    0.00   clock network delay (propagated)
                          5.00    5.00 ^ input external delay
                  0.03    0.02    5.02 ^ rst_n (in)
     1    0.00                           rst_n (net)
                  0.03    0.00    5.02 ^ input9/A (sky130_fd_sc_hd__clkbuf_2)
                  0.19    0.25    5.26 ^ input9/X (sky130_fd_sc_hd__clkbuf_2)
     5    0.02                           net9 (net)
                  0.19    0.00    5.26 ^ fanout37/A (sky130_fd_sc_hd__buf_4)
                  0.23    0.36    5.63 ^ fanout37/X (sky130_fd_sc_hd__buf_4)
    10    0.05                           net37 (net)
                  0.23    0.00    5.63 ^ _442_/RESET_B (sky130_fd_sc_hd__dfrtp_1)
                                  5.63   data arrival time

                          0.00    0.00   clock clk (rise edge)
                          0.00    0.00   clock source latency
                  0.10    0.07    0.07 ^ clk (in)
     1    0.01                           clk (net)
                  0.10    0.00    0.07 ^ clkbuf_0_clk/A (sky130_fd_sc_hd__clkbuf_16)
                  0.07    0.25    0.32 ^ clkbuf_0_clk/X (sky130_fd_sc_hd__clkbuf_16)
     2    0.02                           clknet_0_clk (net)
                  0.07    0.00    0.32 ^ clkbuf_1_0__f_clk/A (sky130_fd_sc_hd__clkbuf_16)
                  0.07    0.24    0.55 ^ clkbuf_1_0__f_clk/X (sky130_fd_sc_hd__clkbuf_16)
     8    0.03                           clknet_1_0__leaf_clk (net)
                  0.07    0.00    0.55 ^ _442_/CLK (sky130_fd_sc_hd__dfrtp_1)
                          0.25    0.80   clock uncertainty
                          0.00    0.80   clock reconvergence pessimism
                          0.71    1.51   library removal time
                                  1.51   data required time
-----------------------------------------------------------------------------
                                  1.51   data required time
                                 -5.63   data arrival time
-----------------------------------------------------------------------------
                                  4.12   slack (MET)


Startpoint: rst_n (input port clocked by clk)
Endpoint: _440_ (removal check against rising-edge clock clk)
Path Group: asynchronous
Path Type: min
Corner: Slowest

Fanout     Cap    Slew   Delay    Time   Description
-----------------------------------------------------------------------------
                          0.00    0.00   clock clk (rise edge)
                          0.00    0.00   clock network delay (propagated)
                          5.00    5.00 ^ input external delay
                  0.03    0.02    5.02 ^ rst_n (in)
     1    0.00                           rst_n (net)
                  0.03    0.00    5.02 ^ input9/A (sky130_fd_sc_hd__clkbuf_2)
                  0.19    0.25    5.26 ^ input9/X (sky130_fd_sc_hd__clkbuf_2)
     5    0.02                           net9 (net)
                  0.19    0.00    5.26 ^ fanout37/A (sky130_fd_sc_hd__buf_4)
                  0.23    0.36    5.63 ^ fanout37/X (sky130_fd_sc_hd__buf_4)
    10    0.05                           net37 (net)
                  0.23    0.00    5.63 ^ _440_/RESET_B (sky130_fd_sc_hd__dfrtp_1)
                                  5.63   data arrival time

                          0.00    0.00   clock clk (rise edge)
                          0.00    0.00   clock source latency
                  0.10    0.07    0.07 ^ clk (in)
     1    0.01                           clk (net)
                  0.10    0.00    0.07 ^ clkbuf_0_clk/A (sky130_fd_sc_hd__clkbuf_16)
                  0.07    0.25    0.32 ^ clkbuf_0_clk/X (sky130_fd_sc_hd__clkbuf_16)
     2    0.02                           clknet_0_clk (net)
                  0.07    0.00    0.32 ^ clkbuf_1_0__f_clk/A (sky130_fd_sc_hd__clkbuf_16)
                  0.07    0.24    0.55 ^ clkbuf_1_0__f_clk/X (sky130_fd_sc_hd__clkbuf_16)
     8    0.03                           clknet_1_0__leaf_clk (net)
                  0.07    0.00    0.55 ^ _440_/CLK (sky130_fd_sc_hd__dfrtp_1)
                          0.25    0.80   clock uncertainty
                          0.00    0.80   clock reconvergence pessimism
                          0.71    1.51   library removal time
                                  1.51   data required time
-----------------------------------------------------------------------------
                                  1.51   data required time
                                 -5.63   data arrival time
-----------------------------------------------------------------------------
                                  4.12   slack (MET)


Startpoint: rst_n (input port clocked by clk)
Endpoint: _438_ (removal check against rising-edge clock clk)
Path Group: asynchronous
Path Type: min
Corner: Slowest

Fanout     Cap    Slew   Delay    Time   Description
-----------------------------------------------------------------------------
                          0.00    0.00   clock clk (rise edge)
                          0.00    0.00   clock network delay (propagated)
                          5.00    5.00 ^ input external delay
                  0.03    0.02    5.02 ^ rst_n (in)
     1    0.00                           rst_n (net)
                  0.03    0.00    5.02 ^ input9/A (sky130_fd_sc_hd__clkbuf_2)
                  0.19    0.25    5.26 ^ input9/X (sky130_fd_sc_hd__clkbuf_2)
     5    0.02                           net9 (net)
                  0.19    0.00    5.26 ^ fanout37/A (sky130_fd_sc_hd__buf_4)
                  0.23    0.36    5.63 ^ fanout37/X (sky130_fd_sc_hd__buf_4)
    10    0.05                           net37 (net)
                  0.23    0.00    5.63 ^ _438_/RESET_B (sky130_fd_sc_hd__dfrtp_1)
                                  5.63   data arrival time

                          0.00    0.00   clock clk (rise edge)
                          0.00    0.00   clock source latency
                  0.10    0.07    0.07 ^ clk (in)
     1    0.01                           clk (net)
                  0.10    0.00    0.07 ^ clkbuf_0_clk/A (sky130_fd_sc_hd__clkbuf_16)
                  0.07    0.25    0.32 ^ clkbuf_0_clk/X (sky130_fd_sc_hd__clkbuf_16)
     2    0.02                           clknet_0_clk (net)
                  0.07    0.00    0.32 ^ clkbuf_1_0__f_clk/A (sky130_fd_sc_hd__clkbuf_16)
                  0.07    0.24    0.55 ^ clkbuf_1_0__f_clk/X (sky130_fd_sc_hd__clkbuf_16)
     8    0.03                           clknet_1_0__leaf_clk (net)
                  0.07    0.00    0.55 ^ _438_/CLK (sky130_fd_sc_hd__dfrtp_1)
                          0.25    0.80   clock uncertainty
                          0.00    0.80   clock reconvergence pessimism
                          0.71    1.51   library removal time
                                  1.51   data required time
-----------------------------------------------------------------------------
                                  1.51   data required time
                                 -5.63   data arrival time
-----------------------------------------------------------------------------
                                  4.12   slack (MET)


Startpoint: rst_n (input port clocked by clk)
Endpoint: _443_ (removal check against rising-edge clock clk)
Path Group: asynchronous
Path Type: min
Corner: Slowest

Fanout     Cap    Slew   Delay    Time   Description
-----------------------------------------------------------------------------
                          0.00    0.00   clock clk (rise edge)
                          0.00    0.00   clock network delay (propagated)
                          5.00    5.00 ^ input external delay
                  0.03    0.02    5.02 ^ rst_n (in)
     1    0.00                           rst_n (net)
                  0.03    0.00    5.02 ^ input9/A (sky130_fd_sc_hd__clkbuf_2)
                  0.19    0.25    5.26 ^ input9/X (sky130_fd_sc_hd__clkbuf_2)
     5    0.02                           net9 (net)
                  0.19    0.00    5.26 ^ fanout37/A (sky130_fd_sc_hd__buf_4)
                  0.23    0.36    5.63 ^ fanout37/X (sky130_fd_sc_hd__buf_4)
    10    0.05                           net37 (net)
                  0.23    0.00    5.63 ^ _443_/RESET_B (sky130_fd_sc_hd__dfrtp_1)
                                  5.63   data arrival time

                          0.00    0.00   clock clk (rise edge)
                          0.00    0.00   clock source latency
                  0.10    0.07    0.07 ^ clk (in)
     1    0.01                           clk (net)
                  0.10    0.00    0.07 ^ clkbuf_0_clk/A (sky130_fd_sc_hd__clkbuf_16)
                  0.07    0.25    0.32 ^ clkbuf_0_clk/X (sky130_fd_sc_hd__clkbuf_16)
     2    0.02                           clknet_0_clk (net)
                  0.07    0.00    0.32 ^ clkbuf_1_0__f_clk/A (sky130_fd_sc_hd__clkbuf_16)
                  0.07    0.24    0.55 ^ clkbuf_1_0__f_clk/X (sky130_fd_sc_hd__clkbuf_16)
     8    0.03                           clknet_1_0__leaf_clk (net)
                  0.07    0.00    0.55 ^ _443_/CLK (sky130_fd_sc_hd__dfrtp_1)
                          0.25    0.80   clock uncertainty
                          0.00    0.80   clock reconvergence pessimism
                          0.71    1.51   library removal time
                                  1.51   data required time
-----------------------------------------------------------------------------
                                  1.51   data required time
                                 -5.63   data arrival time
-----------------------------------------------------------------------------
                                  4.12   slack (MET)


Startpoint: rst_n (input port clocked by clk)
Endpoint: _449_ (removal check against rising-edge clock clk)
Path Group: asynchronous
Path Type: min
Corner: Slowest

Fanout     Cap    Slew   Delay    Time   Description
-----------------------------------------------------------------------------
                          0.00    0.00   clock clk (rise edge)
                          0.00    0.00   clock network delay (propagated)
                          5.00    5.00 ^ input external delay
                  0.03    0.02    5.02 ^ rst_n (in)
     1    0.00                           rst_n (net)
                  0.03    0.00    5.02 ^ input9/A (sky130_fd_sc_hd__clkbuf_2)
                  0.19    0.25    5.26 ^ input9/X (sky130_fd_sc_hd__clkbuf_2)
     5    0.02                           net9 (net)
                  0.19    0.00    5.26 ^ fanout37/A (sky130_fd_sc_hd__buf_4)
                  0.23    0.36    5.63 ^ fanout37/X (sky130_fd_sc_hd__buf_4)
    10    0.05                           net37 (net)
                  0.23    0.00    5.63 ^ _449_/RESET_B (sky130_fd_sc_hd__dfrtp_1)
                                  5.63   data arrival time

                          0.00    0.00   clock clk (rise edge)
                          0.00    0.00   clock source latency
                  0.10    0.07    0.07 ^ clk (in)
     1    0.01                           clk (net)
                  0.10    0.00    0.07 ^ clkbuf_0_clk/A (sky130_fd_sc_hd__clkbuf_16)
                  0.07    0.25    0.32 ^ clkbuf_0_clk/X (sky130_fd_sc_hd__clkbuf_16)
     2    0.02                           clknet_0_clk (net)
                  0.07    0.00    0.32 ^ clkbuf_1_0__f_clk/A (sky130_fd_sc_hd__clkbuf_16)
                  0.07    0.24    0.55 ^ clkbuf_1_0__f_clk/X (sky130_fd_sc_hd__clkbuf_16)
     8    0.03                           clknet_1_0__leaf_clk (net)
                  0.07    0.00    0.55 ^ _449_/CLK (sky130_fd_sc_hd__dfrtp_1)
                          0.25    0.80   clock uncertainty
                          0.00    0.80   clock reconvergence pessimism
                          0.71    1.51   library removal time
                                  1.51   data required time
-----------------------------------------------------------------------------
                                  1.51   data required time
                                 -5.63   data arrival time
-----------------------------------------------------------------------------
                                  4.12   slack (MET)


Startpoint: rst_n (input port clocked by clk)
Endpoint: _451_ (removal check against rising-edge clock clk)
Path Group: asynchronous
Path Type: min
Corner: Slowest

Fanout     Cap    Slew   Delay    Time   Description
-----------------------------------------------------------------------------
                          0.00    0.00   clock clk (rise edge)
                          0.00    0.00   clock network delay (propagated)
                          5.00    5.00 ^ input external delay
                  0.03    0.02    5.02 ^ rst_n (in)
     1    0.00                           rst_n (net)
                  0.03    0.00    5.02 ^ input9/A (sky130_fd_sc_hd__clkbuf_2)
                  0.19    0.25    5.26 ^ input9/X (sky130_fd_sc_hd__clkbuf_2)
     5    0.02                           net9 (net)
                  0.19    0.00    5.26 ^ fanout37/A (sky130_fd_sc_hd__buf_4)
                  0.23    0.36    5.63 ^ fanout37/X (sky130_fd_sc_hd__buf_4)
    10    0.05                           net37 (net)
                  0.23    0.00    5.63 ^ _451_/RESET_B (sky130_fd_sc_hd__dfrtp_1)
                                  5.63   data arrival time

                          0.00    0.00   clock clk (rise edge)
                          0.00    0.00   clock source latency
                  0.10    0.07    0.07 ^ clk (in)
     1    0.01                           clk (net)
                  0.10    0.00    0.07 ^ clkbuf_0_clk/A (sky130_fd_sc_hd__clkbuf_16)
                  0.07    0.25    0.32 ^ clkbuf_0_clk/X (sky130_fd_sc_hd__clkbuf_16)
     2    0.02                           clknet_0_clk (net)
                  0.07    0.00    0.32 ^ clkbuf_1_0__f_clk/A (sky130_fd_sc_hd__clkbuf_16)
                  0.07    0.24    0.55 ^ clkbuf_1_0__f_clk/X (sky130_fd_sc_hd__clkbuf_16)
     8    0.03                           clknet_1_0__leaf_clk (net)
                  0.07    0.00    0.55 ^ _451_/CLK (sky130_fd_sc_hd__dfrtp_1)
                          0.25    0.80   clock uncertainty
                          0.00    0.80   clock reconvergence pessimism
                          0.71    1.51   library removal time
                                  1.51   data required time
-----------------------------------------------------------------------------
                                  1.51   data required time
                                 -5.63   data arrival time
-----------------------------------------------------------------------------
                                  4.12   slack (MET)


Startpoint: rst_n (input port clocked by clk)
Endpoint: _450_ (removal check against rising-edge clock clk)
Path Group: asynchronous
Path Type: min
Corner: Slowest

Fanout     Cap    Slew   Delay    Time   Description
-----------------------------------------------------------------------------
                          0.00    0.00   clock clk (rise edge)
                          0.00    0.00   clock network delay (propagated)
                          5.00    5.00 ^ input external delay
                  0.03    0.02    5.02 ^ rst_n (in)
     1    0.00                           rst_n (net)
                  0.03    0.00    5.02 ^ input9/A (sky130_fd_sc_hd__clkbuf_2)
                  0.19    0.25    5.26 ^ input9/X (sky130_fd_sc_hd__clkbuf_2)
     5    0.02                           net9 (net)
                  0.19    0.00    5.26 ^ fanout37/A (sky130_fd_sc_hd__buf_4)
                  0.23    0.36    5.63 ^ fanout37/X (sky130_fd_sc_hd__buf_4)
    10    0.05                           net37 (net)
                  0.23    0.00    5.63 ^ _450_/RESET_B (sky130_fd_sc_hd__dfrtp_1)
                                  5.63   data arrival time

                          0.00    0.00   clock clk (rise edge)
                          0.00    0.00   clock source latency
                  0.10    0.07    0.07 ^ clk (in)
     1    0.01                           clk (net)
                  0.10    0.00    0.07 ^ clkbuf_0_clk/A (sky130_fd_sc_hd__clkbuf_16)
                  0.07    0.25    0.32 ^ clkbuf_0_clk/X (sky130_fd_sc_hd__clkbuf_16)
     2    0.02                           clknet_0_clk (net)
                  0.07    0.00    0.32 ^ clkbuf_1_0__f_clk/A (sky130_fd_sc_hd__clkbuf_16)
                  0.07    0.24    0.55 ^ clkbuf_1_0__f_clk/X (sky130_fd_sc_hd__clkbuf_16)
     8    0.03                           clknet_1_0__leaf_clk (net)
                  0.07    0.00    0.55 ^ _450_/CLK (sky130_fd_sc_hd__dfrtp_1)
                          0.25    0.80   clock uncertainty
                          0.00    0.80   clock reconvergence pessimism
                          0.71    1.51   library removal time
                                  1.51   data required time
-----------------------------------------------------------------------------
                                  1.51   data required time
                                 -5.63   data arrival time
-----------------------------------------------------------------------------
                                  4.12   slack (MET)


Startpoint: rst_n (input port clocked by clk)
Endpoint: _444_ (removal check against rising-edge clock clk)
Path Group: asynchronous
Path Type: min
Corner: Slowest

Fanout     Cap    Slew   Delay    Time   Description
-----------------------------------------------------------------------------
                          0.00    0.00   clock clk (rise edge)
                          0.00    0.00   clock network delay (propagated)
                          5.00    5.00 ^ input external delay
                  0.03    0.02    5.02 ^ rst_n (in)
     1    0.00                           rst_n (net)
                  0.03    0.00    5.02 ^ input9/A (sky130_fd_sc_hd__clkbuf_2)
                  0.19    0.25    5.26 ^ input9/X (sky130_fd_sc_hd__clkbuf_2)
     5    0.02                           net9 (net)
                  0.19    0.00    5.26 ^ fanout37/A (sky130_fd_sc_hd__buf_4)
                  0.23    0.36    5.63 ^ fanout37/X (sky130_fd_sc_hd__buf_4)
    10    0.05                           net37 (net)
                  0.23    0.00    5.63 ^ _444_/RESET_B (sky130_fd_sc_hd__dfrtp_1)
                                  5.63   data arrival time

                          0.00    0.00   clock clk (rise edge)
                          0.00    0.00   clock source latency
                  0.10    0.07    0.07 ^ clk (in)
     1    0.01                           clk (net)
                  0.10    0.00    0.07 ^ clkbuf_0_clk/A (sky130_fd_sc_hd__clkbuf_16)
                  0.07    0.25    0.32 ^ clkbuf_0_clk/X (sky130_fd_sc_hd__clkbuf_16)
     2    0.02                           clknet_0_clk (net)
                  0.07    0.00    0.32 ^ clkbuf_1_0__f_clk/A (sky130_fd_sc_hd__clkbuf_16)
                  0.07    0.24    0.55 ^ clkbuf_1_0__f_clk/X (sky130_fd_sc_hd__clkbuf_16)
     8    0.03                           clknet_1_0__leaf_clk (net)
                  0.07    0.00    0.55 ^ _444_/CLK (sky130_fd_sc_hd__dfrtp_1)
                          0.25    0.80   clock uncertainty
                          0.00    0.80   clock reconvergence pessimism
                          0.71    1.51   library removal time
                                  1.51   data required time
-----------------------------------------------------------------------------
                                  1.51   data required time
                                 -5.63   data arrival time
-----------------------------------------------------------------------------
                                  4.12   slack (MET)


Startpoint: rst_n (input port clocked by clk)
Endpoint: _439_ (removal check against rising-edge clock clk)
Path Group: asynchronous
Path Type: min
Corner: Slowest

Fanout     Cap    Slew   Delay    Time   Description
-----------------------------------------------------------------------------
                          0.00    0.00   clock clk (rise edge)
                          0.00    0.00   clock network delay (propagated)
                          5.00    5.00 ^ input external delay
                  0.03    0.02    5.02 ^ rst_n (in)
     1    0.00                           rst_n (net)
                  0.03    0.00    5.02 ^ input9/A (sky130_fd_sc_hd__clkbuf_2)
                  0.19    0.25    5.26 ^ input9/X (sky130_fd_sc_hd__clkbuf_2)
     5    0.02                           net9 (net)
                  0.19    0.00    5.26 ^ fanout37/A (sky130_fd_sc_hd__buf_4)
                  0.23    0.36    5.63 ^ fanout37/X (sky130_fd_sc_hd__buf_4)
    10    0.05                           net37 (net)
                  0.23    0.00    5.63 ^ _439_/RESET_B (sky130_fd_sc_hd__dfrtp_1)
                                  5.63   data arrival time

                          0.00    0.00   clock clk (rise edge)
                          0.00    0.00   clock source latency
                  0.10    0.07    0.07 ^ clk (in)
     1    0.01                           clk (net)
                  0.10    0.00    0.07 ^ clkbuf_0_clk/A (sky130_fd_sc_hd__clkbuf_16)
                  0.07    0.25    0.32 ^ clkbuf_0_clk/X (sky130_fd_sc_hd__clkbuf_16)
     2    0.02                           clknet_0_clk (net)
                  0.07    0.00    0.32 ^ clkbuf_1_1__f_clk/A (sky130_fd_sc_hd__clkbuf_16)
                  0.06    0.23    0.54 ^ clkbuf_1_1__f_clk/X (sky130_fd_sc_hd__clkbuf_16)
     6    0.02                           clknet_1_1__leaf_clk (net)
                  0.06    0.00    0.54 ^ _439_/CLK (sky130_fd_sc_hd__dfrtp_1)
                          0.25    0.79   clock uncertainty
                          0.00    0.79   clock reconvergence pessimism
                          0.71    1.50   library removal time
                                  1.50   data required time
-----------------------------------------------------------------------------
                                  1.50   data required time
                                 -5.63   data arrival time
-----------------------------------------------------------------------------
                                  4.13   slack (MET)


Startpoint: rst_n (input port clocked by clk)
Endpoint: _441_ (removal check against rising-edge clock clk)
Path Group: asynchronous
Path Type: min
Corner: Slowest

Fanout     Cap    Slew   Delay    Time   Description
-----------------------------------------------------------------------------
                          0.00    0.00   clock clk (rise edge)
                          0.00    0.00   clock network delay (propagated)
                          5.00    5.00 ^ input external delay
                  0.03    0.02    5.02 ^ rst_n (in)
     1    0.00                           rst_n (net)
                  0.03    0.00    5.02 ^ input9/A (sky130_fd_sc_hd__clkbuf_2)
                  0.19    0.25    5.26 ^ input9/X (sky130_fd_sc_hd__clkbuf_2)
     5    0.02                           net9 (net)
                  0.19    0.00    5.26 ^ fanout37/A (sky130_fd_sc_hd__buf_4)
                  0.23    0.36    5.63 ^ fanout37/X (sky130_fd_sc_hd__buf_4)
    10    0.05                           net37 (net)
                  0.23    0.00    5.63 ^ _441_/RESET_B (sky130_fd_sc_hd__dfrtp_1)
                                  5.63   data arrival time

                          0.00    0.00   clock clk (rise edge)
                          0.00    0.00   clock source latency
                  0.10    0.07    0.07 ^ clk (in)
     1    0.01                           clk (net)
                  0.10    0.00    0.07 ^ clkbuf_0_clk/A (sky130_fd_sc_hd__clkbuf_16)
                  0.07    0.25    0.32 ^ clkbuf_0_clk/X (sky130_fd_sc_hd__clkbuf_16)
     2    0.02                           clknet_0_clk (net)
                  0.07    0.00    0.32 ^ clkbuf_1_1__f_clk/A (sky130_fd_sc_hd__clkbuf_16)
                  0.06    0.23    0.54 ^ clkbuf_1_1__f_clk/X (sky130_fd_sc_hd__clkbuf_16)
     6    0.02                           clknet_1_1__leaf_clk (net)
                  0.06    0.00    0.54 ^ _441_/CLK (sky130_fd_sc_hd__dfrtp_1)
                          0.25    0.79   clock uncertainty
                          0.00    0.79   clock reconvergence pessimism
                          0.71    1.50   library removal time
                                  1.50   data required time
-----------------------------------------------------------------------------
                                  1.50   data required time
                                 -5.63   data arrival time
-----------------------------------------------------------------------------
                                  4.13   slack (MET)


Startpoint: valid_in (input port clocked by clk)
Endpoint: _439_ (rising edge-triggered flip-flop clocked by clk)
Path Group: clk
Path Type: min
Corner: Slowest

Fanout     Cap    Slew   Delay    Time   Description
-----------------------------------------------------------------------------
                          0.00    0.00   clock clk (rise edge)
                          0.00    0.00   clock network delay (propagated)
                          5.00    5.00 v input external delay
                  0.02    0.01    5.01 v valid_in (in)
     1    0.00                           valid_in (net)
                  0.02    0.00    5.01 v input22/A (sky130_fd_sc_hd__buf_1)
                  0.19    0.23    5.24 v input22/X (sky130_fd_sc_hd__buf_1)
     2    0.02                           net22 (net)
                  0.19    0.00    5.24 v _439_/D (sky130_fd_sc_hd__dfrtp_1)
                                  5.24   data arrival time

                          0.00    0.00   clock clk (rise edge)
                          0.00    0.00   clock source latency
                  0.10    0.07    0.07 ^ clk (in)
     1    0.01                           clk (net)
                  0.10    0.00    0.07 ^ clkbuf_0_clk/A (sky130_fd_sc_hd__clkbuf_16)
                  0.07    0.25    0.32 ^ clkbuf_0_clk/X (sky130_fd_sc_hd__clkbuf_16)
     2    0.02                           clknet_0_clk (net)
                  0.07    0.00    0.32 ^ clkbuf_1_1__f_clk/A (sky130_fd_sc_hd__clkbuf_16)
                  0.06    0.23    0.54 ^ clkbuf_1_1__f_clk/X (sky130_fd_sc_hd__clkbuf_16)
     6    0.02                           clknet_1_1__leaf_clk (net)
                  0.06    0.00    0.54 ^ _439_/CLK (sky130_fd_sc_hd__dfrtp_1)
                          0.25    0.79   clock uncertainty
                          0.00    0.79   clock reconvergence pessimism
                         -0.14    0.65   library hold time
                                  0.65   data required time
-----------------------------------------------------------------------------
                                  0.65   data required time
                                 -5.24   data arrival time
-----------------------------------------------------------------------------
                                  4.59   slack (MET)


Startpoint: _439_ (rising edge-triggered flip-flop clocked by clk)
Endpoint: valid_out (output port clocked by clk)
Path Group: clk
Path Type: min
Corner: Slowest

Fanout     Cap    Slew   Delay    Time   Description
-----------------------------------------------------------------------------
                          0.00    0.00   clock clk (rise edge)
                          0.00    0.00   clock source latency
                  0.10    0.06    0.06 ^ clk (in)
     1    0.01                           clk (net)
                  0.10    0.00    0.06 ^ clkbuf_0_clk/A (sky130_fd_sc_hd__clkbuf_16)
                  0.07    0.22    0.29 ^ clkbuf_0_clk/X (sky130_fd_sc_hd__clkbuf_16)
     2    0.02                           clknet_0_clk (net)
                  0.07    0.00    0.29 ^ clkbuf_1_1__f_clk/A (sky130_fd_sc_hd__clkbuf_16)
                  0.06    0.21    0.49 ^ clkbuf_1_1__f_clk/X (sky130_fd_sc_hd__clkbuf_16)
     6    0.02                           clknet_1_1__leaf_clk (net)
                  0.06    0.00    0.49 ^ _439_/CLK (sky130_fd_sc_hd__dfrtp_1)
                  0.09    0.61    1.10 ^ _439_/Q (sky130_fd_sc_hd__dfrtp_1)
     1    0.00                           net36 (net)
                  0.09    0.00    1.10 ^ output36/A (sky130_fd_sc_hd__clkbuf_4)
                  0.18    0.32    1.42 ^ output36/X (sky130_fd_sc_hd__clkbuf_4)
     1    0.03                           valid_out (net)
                  0.18    0.00    1.42 ^ valid_out (out)
                                  1.42   data arrival time

                          0.00    0.00   clock clk (rise edge)
                          0.00    0.00   clock network delay (propagated)
                          0.25    0.25   clock uncertainty
                          0.00    0.25   clock reconvergence pessimism
                         -5.00   -4.75   output external delay
                                 -4.75   data required time
-----------------------------------------------------------------------------
                                 -4.75   data required time
                                 -1.42   data arrival time
-----------------------------------------------------------------------------
                                  6.17   slack (MET)


Startpoint: _445_ (rising edge-triggered flip-flop clocked by clk)
Endpoint: sideband_out[1] (output port clocked by clk)
Path Group: clk
Path Type: min
Corner: Slowest

Fanout     Cap    Slew   Delay    Time   Description
-----------------------------------------------------------------------------
                          0.00    0.00   clock clk (rise edge)
                          0.00    0.00   clock source latency
                  0.10    0.06    0.06 ^ clk (in)
     1    0.01                           clk (net)
                  0.10    0.00    0.06 ^ clkbuf_0_clk/A (sky130_fd_sc_hd__clkbuf_16)
                  0.07    0.22    0.29 ^ clkbuf_0_clk/X (sky130_fd_sc_hd__clkbuf_16)
     2    0.02                           clknet_0_clk (net)
                  0.07    0.00    0.29 ^ clkbuf_1_1__f_clk/A (sky130_fd_sc_hd__clkbuf_16)
                  0.06    0.21    0.49 ^ clkbuf_1_1__f_clk/X (sky130_fd_sc_hd__clkbuf_16)
     6    0.02                           clknet_1_1__leaf_clk (net)
                  0.06    0.00    0.49 ^ _445_/CLK (sky130_fd_sc_hd__dfrtp_1)
                  0.10    0.62    1.12 ^ _445_/Q (sky130_fd_sc_hd__dfrtp_1)
     2    0.00                           net29 (net)
                  0.10    0.00    1.12 ^ output29/A (sky130_fd_sc_hd__buf_2)
                  0.27    0.34    1.45 ^ output29/X (sky130_fd_sc_hd__buf_2)
     1    0.03                           sideband_out[1] (net)
                  0.27    0.00    1.45 ^ sideband_out[1] (out)
                                  1.45   data arrival time

                          0.00    0.00   clock clk (rise edge)
                          0.00    0.00   clock network delay (propagated)
                          0.25    0.25   clock uncertainty
                          0.00    0.25   clock reconvergence pessimism
                         -5.00   -4.75   output external delay
                                 -4.75   data required time
-----------------------------------------------------------------------------
                                 -4.75   data required time
                                 -1.45   data arrival time
-----------------------------------------------------------------------------
                                  6.20   slack (MET)


Startpoint: _440_ (rising edge-triggered flip-flop clocked by clk)
Endpoint: int4_out[0] (output port clocked by clk)
Path Group: clk
Path Type: min
Corner: Slowest

Fanout     Cap    Slew   Delay    Time   Description
-----------------------------------------------------------------------------
                          0.00    0.00   clock clk (rise edge)
                          0.00    0.00   clock source latency
                  0.10    0.06    0.06 ^ clk (in)
     1    0.01                           clk (net)
                  0.10    0.00    0.06 ^ clkbuf_0_clk/A (sky130_fd_sc_hd__clkbuf_16)
                  0.07    0.22    0.29 ^ clkbuf_0_clk/X (sky130_fd_sc_hd__clkbuf_16)
     2    0.02                           clknet_0_clk (net)
                  0.07    0.00    0.29 ^ clkbuf_1_0__f_clk/A (sky130_fd_sc_hd__clkbuf_16)
                  0.07    0.22    0.50 ^ clkbuf_1_0__f_clk/X (sky130_fd_sc_hd__clkbuf_16)
     8    0.03                           clknet_1_0__leaf_clk (net)
                  0.07    0.00    0.50 ^ _440_/CLK (sky130_fd_sc_hd__dfrtp_1)
                  0.10    0.63    1.13 ^ _440_/Q (sky130_fd_sc_hd__dfrtp_1)
     2    0.00                           net23 (net)
                  0.10    0.00    1.13 ^ output23/A (sky130_fd_sc_hd__clkbuf_4)
                  0.18    0.33    1.46 ^ output23/X (sky130_fd_sc_hd__clkbuf_4)
     1    0.03                           int4_out[0] (net)
                  0.18    0.00    1.46 ^ int4_out[0] (out)
                                  1.46   data arrival time

                          0.00    0.00   clock clk (rise edge)
                          0.00    0.00   clock network delay (propagated)
                          0.25    0.25   clock uncertainty
                          0.00    0.25   clock reconvergence pessimism
                         -5.00   -4.75   output external delay
                                 -4.75   data required time
-----------------------------------------------------------------------------
                                 -4.75   data required time
                                 -1.46   data arrival time
-----------------------------------------------------------------------------
                                  6.21   slack (MET)


Startpoint: _438_ (rising edge-triggered flip-flop clocked by clk)
Endpoint: is_outlier (output port clocked by clk)
Path Group: clk
Path Type: min
Corner: Slowest

Fanout     Cap    Slew   Delay    Time   Description
-----------------------------------------------------------------------------
                          0.00    0.00   clock clk (rise edge)
                          0.00    0.00   clock source latency
                  0.10    0.06    0.06 ^ clk (in)
     1    0.01                           clk (net)
                  0.10    0.00    0.06 ^ clkbuf_0_clk/A (sky130_fd_sc_hd__clkbuf_16)
                  0.07    0.22    0.29 ^ clkbuf_0_clk/X (sky130_fd_sc_hd__clkbuf_16)
     2    0.02                           clknet_0_clk (net)
                  0.07    0.00    0.29 ^ clkbuf_1_0__f_clk/A (sky130_fd_sc_hd__clkbuf_16)
                  0.07    0.22    0.50 ^ clkbuf_1_0__f_clk/X (sky130_fd_sc_hd__clkbuf_16)
     8    0.03                           clknet_1_0__leaf_clk (net)
                  0.07    0.00    0.50 ^ _438_/CLK (sky130_fd_sc_hd__dfrtp_1)
                  0.11    0.63    1.14 ^ _438_/Q (sky130_fd_sc_hd__dfrtp_1)
     2    0.01                           net27 (net)
                  0.11    0.00    1.14 ^ output27/A (sky130_fd_sc_hd__clkbuf_4)
                  0.19    0.33    1.47 ^ output27/X (sky130_fd_sc_hd__clkbuf_4)
     1    0.04                           is_outlier (net)
                  0.19    0.00    1.47 ^ is_outlier (out)
                                  1.47   data arrival time

                          0.00    0.00   clock clk (rise edge)
                          0.00    0.00   clock network delay (propagated)
                          0.25    0.25   clock uncertainty
                          0.00    0.25   clock reconvergence pessimism
                         -5.00   -4.75   output external delay
                                 -4.75   data required time
-----------------------------------------------------------------------------
                                 -4.75   data required time
                                 -1.47   data arrival time
-----------------------------------------------------------------------------
                                  6.22   slack (MET)


Startpoint: _444_ (rising edge-triggered flip-flop clocked by clk)
Endpoint: sideband_out[0] (output port clocked by clk)
Path Group: clk
Path Type: min
Corner: Slowest

Fanout     Cap    Slew   Delay    Time   Description
-----------------------------------------------------------------------------
                          0.00    0.00   clock clk (rise edge)
                          0.00    0.00   clock source latency
                  0.10    0.06    0.06 ^ clk (in)
     1    0.01                           clk (net)
                  0.10    0.00    0.06 ^ clkbuf_0_clk/A (sky130_fd_sc_hd__clkbuf_16)
                  0.07    0.22    0.29 ^ clkbuf_0_clk/X (sky130_fd_sc_hd__clkbuf_16)
     2    0.02                           clknet_0_clk (net)
                  0.07    0.00    0.29 ^ clkbuf_1_0__f_clk/A (sky130_fd_sc_hd__clkbuf_16)
                  0.07    0.22    0.50 ^ clkbuf_1_0__f_clk/X (sky130_fd_sc_hd__clkbuf_16)
     8    0.03                           clknet_1_0__leaf_clk (net)
                  0.07    0.00    0.50 ^ _444_/CLK (sky130_fd_sc_hd__dfrtp_1)
                  0.11    0.64    1.14 ^ _444_/Q (sky130_fd_sc_hd__dfrtp_1)
     2    0.01                           net28 (net)
                  0.11    0.00    1.14 ^ output28/A (sky130_fd_sc_hd__clkbuf_4)
                  0.18    0.33    1.47 ^ output28/X (sky130_fd_sc_hd__clkbuf_4)
     1    0.03                           sideband_out[0] (net)
                  0.18    0.00    1.47 ^ sideband_out[0] (out)
                                  1.47   data arrival time

                          0.00    0.00   clock clk (rise edge)
                          0.00    0.00   clock network delay (propagated)
                          0.25    0.25   clock uncertainty
                          0.00    0.25   clock reconvergence pessimism
                         -5.00   -4.75   output external delay
                                 -4.75   data required time
-----------------------------------------------------------------------------
                                 -4.75   data required time
                                 -1.47   data arrival time
-----------------------------------------------------------------------------
                                  6.22   slack (MET)


Startpoint: _448_ (rising edge-triggered flip-flop clocked by clk)
Endpoint: sideband_out[4] (output port clocked by clk)
Path Group: clk
Path Type: min
Corner: Slowest

Fanout     Cap    Slew   Delay    Time   Description
-----------------------------------------------------------------------------
                          0.00    0.00   clock clk (rise edge)
                          0.00    0.00   clock source latency
                  0.10    0.06    0.06 ^ clk (in)
     1    0.01                           clk (net)
                  0.10    0.00    0.06 ^ clkbuf_0_clk/A (sky130_fd_sc_hd__clkbuf_16)
                  0.07    0.22    0.29 ^ clkbuf_0_clk/X (sky130_fd_sc_hd__clkbuf_16)
     2    0.02                           clknet_0_clk (net)
                  0.07    0.00    0.29 ^ clkbuf_1_1__f_clk/A (sky130_fd_sc_hd__clkbuf_16)
                  0.06    0.21    0.49 ^ clkbuf_1_1__f_clk/X (sky130_fd_sc_hd__clkbuf_16)
     6    0.02                           clknet_1_1__leaf_clk (net)
                  0.06    0.00    0.49 ^ _448_/CLK (sky130_fd_sc_hd__dfrtp_1)
                  0.12    0.64    1.13 ^ _448_/Q (sky130_fd_sc_hd__dfrtp_1)
     2    0.01                           net32 (net)
                  0.12    0.00    1.13 ^ output32/A (sky130_fd_sc_hd__buf_2)
                  0.27    0.35    1.47 ^ output32/X (sky130_fd_sc_hd__buf_2)
     1    0.03                           sideband_out[4] (net)
                  0.27    0.00    1.47 ^ sideband_out[4] (out)
                                  1.47   data arrival time

                          0.00    0.00   clock clk (rise edge)
                          0.00    0.00   clock network delay (propagated)
                          0.25    0.25   clock uncertainty
                          0.00    0.25   clock reconvergence pessimism
                         -5.00   -4.75   output external delay
                                 -4.75   data required time
-----------------------------------------------------------------------------
                                 -4.75   data required time
                                 -1.47   data arrival time
-----------------------------------------------------------------------------
                                  6.22   slack (MET)


Startpoint: _450_ (rising edge-triggered flip-flop clocked by clk)
Endpoint: sideband_out[6] (output port clocked by clk)
Path Group: clk
Path Type: min
Corner: Slowest

Fanout     Cap    Slew   Delay    Time   Description
-----------------------------------------------------------------------------
                          0.00    0.00   clock clk (rise edge)
                          0.00    0.00   clock source latency
                  0.10    0.06    0.06 ^ clk (in)
     1    0.01                           clk (net)
                  0.10    0.00    0.06 ^ clkbuf_0_clk/A (sky130_fd_sc_hd__clkbuf_16)
                  0.07    0.22    0.29 ^ clkbuf_0_clk/X (sky130_fd_sc_hd__clkbuf_16)
     2    0.02                           clknet_0_clk (net)
                  0.07    0.00    0.29 ^ clkbuf_1_0__f_clk/A (sky130_fd_sc_hd__clkbuf_16)
                  0.07    0.22    0.50 ^ clkbuf_1_0__f_clk/X (sky130_fd_sc_hd__clkbuf_16)
     8    0.03                           clknet_1_0__leaf_clk (net)
                  0.07    0.00    0.50 ^ _450_/CLK (sky130_fd_sc_hd__dfrtp_1)
                  0.12    0.64    1.14 ^ _450_/Q (sky130_fd_sc_hd__dfrtp_1)
     2    0.01                           net34 (net)
                  0.12    0.00    1.14 ^ output34/A (sky130_fd_sc_hd__clkbuf_4)
                  0.18    0.33    1.48 ^ output34/X (sky130_fd_sc_hd__clkbuf_4)
     1    0.03                           sideband_out[6] (net)
                  0.18    0.00    1.48 ^ sideband_out[6] (out)
                                  1.48   data arrival time

                          0.00    0.00   clock clk (rise edge)
                          0.00    0.00   clock network delay (propagated)
                          0.25    0.25   clock uncertainty
                          0.00    0.25   clock reconvergence pessimism
                         -5.00   -4.75   output external delay
                                 -4.75   data required time
-----------------------------------------------------------------------------
                                 -4.75   data required time
                                 -1.48   data arrival time
-----------------------------------------------------------------------------
                                  6.23   slack (MET)


Startpoint: _451_ (rising edge-triggered flip-flop clocked by clk)
Endpoint: sideband_out[7] (output port clocked by clk)
Path Group: clk
Path Type: min
Corner: Slowest

Fanout     Cap    Slew   Delay    Time   Description
-----------------------------------------------------------------------------
                          0.00    0.00   clock clk (rise edge)
                          0.00    0.00   clock source latency
                  0.10    0.06    0.06 ^ clk (in)
     1    0.01                           clk (net)
                  0.10    0.00    0.06 ^ clkbuf_0_clk/A (sky130_fd_sc_hd__clkbuf_16)
                  0.07    0.22    0.29 ^ clkbuf_0_clk/X (sky130_fd_sc_hd__clkbuf_16)
     2    0.02                           clknet_0_clk (net)
                  0.07    0.00    0.29 ^ clkbuf_1_0__f_clk/A (sky130_fd_sc_hd__clkbuf_16)
                  0.07    0.22    0.50 ^ clkbuf_1_0__f_clk/X (sky130_fd_sc_hd__clkbuf_16)
     8    0.03                           clknet_1_0__leaf_clk (net)
                  0.07    0.00    0.50 ^ _451_/CLK (sky130_fd_sc_hd__dfrtp_1)
                  0.12    0.64    1.15 ^ _451_/Q (sky130_fd_sc_hd__dfrtp_1)
     2    0.01                           net35 (net)
                  0.12    0.00    1.15 ^ output35/A (sky130_fd_sc_hd__clkbuf_4)
                  0.18    0.33    1.48 ^ output35/X (sky130_fd_sc_hd__clkbuf_4)
     1    0.03                           sideband_out[7] (net)
                  0.18    0.00    1.48 ^ sideband_out[7] (out)
                                  1.48   data arrival time

                          0.00    0.00   clock clk (rise edge)
                          0.00    0.00   clock network delay (propagated)
                          0.25    0.25   clock uncertainty
                          0.00    0.25   clock reconvergence pessimism
                         -5.00   -4.75   output external delay
                                 -4.75   data required time
-----------------------------------------------------------------------------
                                 -4.75   data required time
                                 -1.48   data arrival time
-----------------------------------------------------------------------------
                                  6.23   slack (MET)


Startpoint: _441_ (rising edge-triggered flip-flop clocked by clk)
Endpoint: int4_out[1] (output port clocked by clk)
Path Group: clk
Path Type: min
Corner: Slowest

Fanout     Cap    Slew   Delay    Time   Description
-----------------------------------------------------------------------------
                          0.00    0.00   clock clk (rise edge)
                          0.00    0.00   clock source latency
                  0.10    0.06    0.06 ^ clk (in)
     1    0.01                           clk (net)
                  0.10    0.00    0.06 ^ clkbuf_0_clk/A (sky130_fd_sc_hd__clkbuf_16)
                  0.07    0.22    0.29 ^ clkbuf_0_clk/X (sky130_fd_sc_hd__clkbuf_16)
     2    0.02                           clknet_0_clk (net)
                  0.07    0.00    0.29 ^ clkbuf_1_1__f_clk/A (sky130_fd_sc_hd__clkbuf_16)
                  0.06    0.21    0.49 ^ clkbuf_1_1__f_clk/X (sky130_fd_sc_hd__clkbuf_16)
     6    0.02                           clknet_1_1__leaf_clk (net)
                  0.06    0.00    0.49 ^ _441_/CLK (sky130_fd_sc_hd__dfrtp_1)
                  0.13    0.65    1.14 ^ _441_/Q (sky130_fd_sc_hd__dfrtp_1)
     2    0.01                           net24 (net)
                  0.13    0.00    1.14 ^ output24/A (sky130_fd_sc_hd__clkbuf_4)
                  0.18    0.34    1.48 ^ output24/X (sky130_fd_sc_hd__clkbuf_4)
     1    0.03                           int4_out[1] (net)
                  0.18    0.00    1.48 ^ int4_out[1] (out)
                                  1.48   data arrival time

                          0.00    0.00   clock clk (rise edge)
                          0.00    0.00   clock network delay (propagated)
                          0.25    0.25   clock uncertainty
                          0.00    0.25   clock reconvergence pessimism
                         -5.00   -4.75   output external delay
                                 -4.75   data required time
-----------------------------------------------------------------------------
                                 -4.75   data required time
                                 -1.48   data arrival time
-----------------------------------------------------------------------------
                                  6.23   slack (MET)


Startpoint: _446_ (rising edge-triggered flip-flop clocked by clk)
Endpoint: sideband_out[2] (output port clocked by clk)
Path Group: clk
Path Type: min
Corner: Slowest

Fanout     Cap    Slew   Delay    Time   Description
-----------------------------------------------------------------------------
                          0.00    0.00   clock clk (rise edge)
                          0.00    0.00   clock source latency
                  0.10    0.06    0.06 ^ clk (in)
     1    0.01                           clk (net)
                  0.10    0.00    0.06 ^ clkbuf_0_clk/A (sky130_fd_sc_hd__clkbuf_16)
                  0.07    0.22    0.29 ^ clkbuf_0_clk/X (sky130_fd_sc_hd__clkbuf_16)
     2    0.02                           clknet_0_clk (net)
                  0.07    0.00    0.29 ^ clkbuf_1_1__f_clk/A (sky130_fd_sc_hd__clkbuf_16)
                  0.06    0.21    0.49 ^ clkbuf_1_1__f_clk/X (sky130_fd_sc_hd__clkbuf_16)
     6    0.02                           clknet_1_1__leaf_clk (net)
                  0.06    0.00    0.49 ^ _446_/CLK (sky130_fd_sc_hd__dfrtp_1)
                  0.14    0.65    1.15 ^ _446_/Q (sky130_fd_sc_hd__dfrtp_1)
     2    0.01                           net30 (net)
                  0.14    0.00    1.15 ^ output30/A (sky130_fd_sc_hd__clkbuf_4)
                  0.18    0.34    1.49 ^ output30/X (sky130_fd_sc_hd__clkbuf_4)
     1    0.03                           sideband_out[2] (net)
                  0.18    0.00    1.49 ^ sideband_out[2] (out)
                                  1.49   data arrival time

                          0.00    0.00   clock clk (rise edge)
                          0.00    0.00   clock network delay (propagated)
                          0.25    0.25   clock uncertainty
                          0.00    0.25   clock reconvergence pessimism
                         -5.00   -4.75   output external delay
                                 -4.75   data required time
-----------------------------------------------------------------------------
                                 -4.75   data required time
                                 -1.49   data arrival time
-----------------------------------------------------------------------------
                                  6.24   slack (MET)


Startpoint: _449_ (rising edge-triggered flip-flop clocked by clk)
Endpoint: sideband_out[5] (output port clocked by clk)
Path Group: clk
Path Type: min
Corner: Slowest

Fanout     Cap    Slew   Delay    Time   Description
-----------------------------------------------------------------------------
                          0.00    0.00   clock clk (rise edge)
                          0.00    0.00   clock source latency
                  0.10    0.06    0.06 ^ clk (in)
     1    0.01                           clk (net)
                  0.10    0.00    0.06 ^ clkbuf_0_clk/A (sky130_fd_sc_hd__clkbuf_16)
                  0.07    0.22    0.29 ^ clkbuf_0_clk/X (sky130_fd_sc_hd__clkbuf_16)
     2    0.02                           clknet_0_clk (net)
                  0.07    0.00    0.29 ^ clkbuf_1_0__f_clk/A (sky130_fd_sc_hd__clkbuf_16)
                  0.07    0.22    0.50 ^ clkbuf_1_0__f_clk/X (sky130_fd_sc_hd__clkbuf_16)
     8    0.03                           clknet_1_0__leaf_clk (net)
                  0.07    0.00    0.50 ^ _449_/CLK (sky130_fd_sc_hd__dfrtp_1)
                  0.14    0.66    1.16 ^ _449_/Q (sky130_fd_sc_hd__dfrtp_1)
     2    0.01                           net33 (net)
                  0.14    0.00    1.16 ^ output33/A (sky130_fd_sc_hd__clkbuf_4)
                  0.18    0.34    1.51 ^ output33/X (sky130_fd_sc_hd__clkbuf_4)
     1    0.03                           sideband_out[5] (net)
                  0.18    0.00    1.51 ^ sideband_out[5] (out)
                                  1.51   data arrival time

                          0.00    0.00   clock clk (rise edge)
                          0.00    0.00   clock network delay (propagated)
                          0.25    0.25   clock uncertainty
                          0.00    0.25   clock reconvergence pessimism
                         -5.00   -4.75   output external delay
                                 -4.75   data required time
-----------------------------------------------------------------------------
                                 -4.75   data required time
                                 -1.51   data arrival time
-----------------------------------------------------------------------------
                                  6.26   slack (MET)


Startpoint: _447_ (rising edge-triggered flip-flop clocked by clk)
Endpoint: sideband_out[3] (output port clocked by clk)
Path Group: clk
Path Type: min
Corner: Slowest

Fanout     Cap    Slew   Delay    Time   Description
-----------------------------------------------------------------------------
                          0.00    0.00   clock clk (rise edge)
                          0.00    0.00   clock source latency
                  0.10    0.06    0.06 ^ clk (in)
     1    0.01                           clk (net)
                  0.10    0.00    0.06 ^ clkbuf_0_clk/A (sky130_fd_sc_hd__clkbuf_16)
                  0.07    0.22    0.29 ^ clkbuf_0_clk/X (sky130_fd_sc_hd__clkbuf_16)
     2    0.02                           clknet_0_clk (net)
                  0.07    0.00    0.29 ^ clkbuf_1_1__f_clk/A (sky130_fd_sc_hd__clkbuf_16)
                  0.06    0.21    0.49 ^ clkbuf_1_1__f_clk/X (sky130_fd_sc_hd__clkbuf_16)
     6    0.02                           clknet_1_1__leaf_clk (net)
                  0.06    0.00    0.49 ^ _447_/CLK (sky130_fd_sc_hd__dfrtp_1)
                  0.14    0.66    1.15 ^ _447_/Q (sky130_fd_sc_hd__dfrtp_1)
     2    0.01                           net31 (net)
                  0.14    0.00    1.15 ^ output31/A (sky130_fd_sc_hd__buf_2)
                  0.27    0.36    1.51 ^ output31/X (sky130_fd_sc_hd__buf_2)
     1    0.03                           sideband_out[3] (net)
                  0.27    0.00    1.51 ^ sideband_out[3] (out)
                                  1.51   data arrival time

                          0.00    0.00   clock clk (rise edge)
                          0.00    0.00   clock network delay (propagated)
                          0.25    0.25   clock uncertainty
                          0.00    0.25   clock reconvergence pessimism
                         -5.00   -4.75   output external delay
                                 -4.75   data required time
-----------------------------------------------------------------------------
                                 -4.75   data required time
                                 -1.51   data arrival time
-----------------------------------------------------------------------------
                                  6.26   slack (MET)


Startpoint: _442_ (rising edge-triggered flip-flop clocked by clk)
Endpoint: int4_out[2] (output port clocked by clk)
Path Group: clk
Path Type: min
Corner: Slowest

Fanout     Cap    Slew   Delay    Time   Description
-----------------------------------------------------------------------------
                          0.00    0.00   clock clk (rise edge)
                          0.00    0.00   clock source latency
                  0.10    0.06    0.06 ^ clk (in)
     1    0.01                           clk (net)
                  0.10    0.00    0.06 ^ clkbuf_0_clk/A (sky130_fd_sc_hd__clkbuf_16)
                  0.07    0.22    0.29 ^ clkbuf_0_clk/X (sky130_fd_sc_hd__clkbuf_16)
     2    0.02                           clknet_0_clk (net)
                  0.07    0.00    0.29 ^ clkbuf_1_0__f_clk/A (sky130_fd_sc_hd__clkbuf_16)
                  0.07    0.22    0.50 ^ clkbuf_1_0__f_clk/X (sky130_fd_sc_hd__clkbuf_16)
     8    0.03                           clknet_1_0__leaf_clk (net)
                  0.07    0.00    0.50 ^ _442_/CLK (sky130_fd_sc_hd__dfrtp_1)
                  0.15    0.67    1.17 ^ _442_/Q (sky130_fd_sc_hd__dfrtp_1)
     2    0.01                           net25 (net)
                  0.15    0.00    1.17 ^ output25/A (sky130_fd_sc_hd__clkbuf_4)
                  0.18    0.35    1.52 ^ output25/X (sky130_fd_sc_hd__clkbuf_4)
     1    0.03                           int4_out[2] (net)
                  0.18    0.00    1.52 ^ int4_out[2] (out)
                                  1.52   data arrival time

                          0.00    0.00   clock clk (rise edge)
                          0.00    0.00   clock network delay (propagated)
                          0.25    0.25   clock uncertainty
                          0.00    0.25   clock reconvergence pessimism
                         -5.00   -4.75   output external delay
                                 -4.75   data required time
-----------------------------------------------------------------------------
                                 -4.75   data required time
                                 -1.52   data arrival time
-----------------------------------------------------------------------------
                                  6.27   slack (MET)


Startpoint: _443_ (rising edge-triggered flip-flop clocked by clk)
Endpoint: int4_out[3] (output port clocked by clk)
Path Group: clk
Path Type: min
Corner: Slowest

Fanout     Cap    Slew   Delay    Time   Description
-----------------------------------------------------------------------------
                          0.00    0.00   clock clk (rise edge)
                          0.00    0.00   clock source latency
                  0.10    0.06    0.06 ^ clk (in)
     1    0.01                           clk (net)
                  0.10    0.00    0.06 ^ clkbuf_0_clk/A (sky130_fd_sc_hd__clkbuf_16)
                  0.07    0.22    0.29 ^ clkbuf_0_clk/X (sky130_fd_sc_hd__clkbuf_16)
     2    0.02                           clknet_0_clk (net)
                  0.07    0.00    0.29 ^ clkbuf_1_0__f_clk/A (sky130_fd_sc_hd__clkbuf_16)
                  0.07    0.22    0.50 ^ clkbuf_1_0__f_clk/X (sky130_fd_sc_hd__clkbuf_16)
     8    0.03                           clknet_1_0__leaf_clk (net)
                  0.07    0.00    0.50 ^ _443_/CLK (sky130_fd_sc_hd__dfrtp_1)
                  0.16    0.68    1.18 ^ _443_/Q (sky130_fd_sc_hd__dfrtp_1)
     2    0.01                           net26 (net)
                  0.16    0.00    1.18 ^ output26/A (sky130_fd_sc_hd__clkbuf_4)
                  0.18    0.35    1.53 ^ output26/X (sky130_fd_sc_hd__clkbuf_4)
     1    0.03                           int4_out[3] (net)
                  0.18    0.00    1.53 ^ int4_out[3] (out)
                                  1.53   data arrival time

                          0.00    0.00   clock clk (rise edge)
                          0.00    0.00   clock network delay (propagated)
                          0.25    0.25   clock uncertainty
                          0.00    0.25   clock reconvergence pessimism
                         -5.00   -4.75   output external delay
                                 -4.75   data required time
-----------------------------------------------------------------------------
                                 -4.75   data required time
                                 -1.53   data arrival time
-----------------------------------------------------------------------------
                                  6.28   slack (MET)



======================= Typical Corner ===================================

Startpoint: _438_ (rising edge-triggered flip-flop clocked by clk)
Endpoint: _438_ (rising edge-triggered flip-flop clocked by clk)
Path Group: clk
Path Type: min
Corner: Typical

Fanout     Cap    Slew   Delay    Time   Description
-----------------------------------------------------------------------------
                          0.00    0.00   clock clk (rise edge)
                          0.00    0.00   clock source latency
                  0.06    0.04    0.04 ^ clk (in)
     1    0.01                           clk (net)
                  0.06    0.00    0.04 ^ clkbuf_0_clk/A (sky130_fd_sc_hd__clkbuf_16)
                  0.04    0.13    0.17 ^ clkbuf_0_clk/X (sky130_fd_sc_hd__clkbuf_16)
     2    0.02                           clknet_0_clk (net)
                  0.04    0.00    0.17 ^ clkbuf_1_0__f_clk/A (sky130_fd_sc_hd__clkbuf_16)
                  0.05    0.12    0.29 ^ clkbuf_1_0__f_clk/X (sky130_fd_sc_hd__clkbuf_16)
     8    0.03                           clknet_1_0__leaf_clk (net)
                  0.05    0.00    0.29 ^ _438_/CLK (sky130_fd_sc_hd__dfrtp_1)
                  0.06    0.32    0.61 ^ _438_/Q (sky130_fd_sc_hd__dfrtp_1)
     2    0.01                           net27 (net)
                  0.06    0.00    0.61 ^ hold1/A (sky130_fd_sc_hd__dlygate4sd3_1)
                  0.06    0.51    1.12 ^ hold1/X (sky130_fd_sc_hd__dlygate4sd3_1)
     1    0.00                           net38 (net)
                  0.06    0.00    1.12 ^ _255_/A1 (sky130_fd_sc_hd__o21ba_1)
                  0.04    0.11    1.23 ^ _255_/X (sky130_fd_sc_hd__o21ba_1)
     1    0.00                           _000_ (net)
                  0.04    0.00    1.23 ^ _438_/D (sky130_fd_sc_hd__dfrtp_1)
                                  1.23   data arrival time

                          0.00    0.00   clock clk (rise edge)
                          0.00    0.00   clock source latency
                  0.06    0.04    0.04 ^ clk (in)
     1    0.01                           clk (net)
                  0.06    0.00    0.04 ^ clkbuf_0_clk/A (sky130_fd_sc_hd__clkbuf_16)
                  0.04    0.14    0.18 ^ clkbuf_0_clk/X (sky130_fd_sc_hd__clkbuf_16)
     2    0.02                           clknet_0_clk (net)
                  0.04    0.00    0.18 ^ clkbuf_1_0__f_clk/A (sky130_fd_sc_hd__clkbuf_16)
                  0.05    0.14    0.32 ^ clkbuf_1_0__f_clk/X (sky130_fd_sc_hd__clkbuf_16)
     8    0.03                           clknet_1_0__leaf_clk (net)
                  0.05    0.00    0.32 ^ _438_/CLK (sky130_fd_sc_hd__dfrtp_1)
                          0.25    0.57   clock uncertainty
                         -0.03    0.54   clock reconvergence pessimism
                         -0.03    0.51   library hold time
                                  0.51   data required time
-----------------------------------------------------------------------------
                                  0.51   data required time
                                 -1.23   data arrival time
-----------------------------------------------------------------------------
                                  0.73   slack (MET)


Startpoint: _440_ (rising edge-triggered flip-flop clocked by clk)
Endpoint: _440_ (rising edge-triggered flip-flop clocked by clk)
Path Group: clk
Path Type: min
Corner: Typical

Fanout     Cap    Slew   Delay    Time   Description
-----------------------------------------------------------------------------
                          0.00    0.00   clock clk (rise edge)
                          0.00    0.00   clock source latency
                  0.06    0.04    0.04 ^ clk (in)
     1    0.01                           clk (net)
                  0.06    0.00    0.04 ^ clkbuf_0_clk/A (sky130_fd_sc_hd__clkbuf_16)
                  0.04    0.13    0.17 ^ clkbuf_0_clk/X (sky130_fd_sc_hd__clkbuf_16)
     2    0.02                           clknet_0_clk (net)
                  0.04    0.00    0.17 ^ clkbuf_1_0__f_clk/A (sky130_fd_sc_hd__clkbuf_16)
                  0.05    0.12    0.29 ^ clkbuf_1_0__f_clk/X (sky130_fd_sc_hd__clkbuf_16)
     8    0.03                           clknet_1_0__leaf_clk (net)
                  0.05    0.00    0.29 ^ _440_/CLK (sky130_fd_sc_hd__dfrtp_1)
                  0.06    0.31    0.60 ^ _440_/Q (sky130_fd_sc_hd__dfrtp_1)
     2    0.01                           net23 (net)
                  0.06    0.00    0.60 ^ hold2/A (sky130_fd_sc_hd__dlygate4sd3_1)
                  0.05    0.51    1.12 ^ hold2/X (sky130_fd_sc_hd__dlygate4sd3_1)
     1    0.00                           net39 (net)
                  0.05    0.00    1.12 ^ _411_/A2 (sky130_fd_sc_hd__a22o_1)
                  0.05    0.13    1.24 ^ _411_/X (sky130_fd_sc_hd__a22o_1)
     1    0.00                           _001_ (net)
                  0.05    0.00    1.24 ^ _440_/D (sky130_fd_sc_hd__dfrtp_1)
                                  1.24   data arrival time

                          0.00    0.00   clock clk (rise edge)
                          0.00    0.00   clock source latency
                  0.06    0.04    0.04 ^ clk (in)
     1    0.01                           clk (net)
                  0.06    0.00    0.04 ^ clkbuf_0_clk/A (sky130_fd_sc_hd__clkbuf_16)
                  0.04    0.14    0.18 ^ clkbuf_0_clk/X (sky130_fd_sc_hd__clkbuf_16)
     2    0.02                           clknet_0_clk (net)
                  0.04    0.00    0.18 ^ clkbuf_1_0__f_clk/A (sky130_fd_sc_hd__clkbuf_16)
                  0.05    0.14    0.32 ^ clkbuf_1_0__f_clk/X (sky130_fd_sc_hd__clkbuf_16)
     8    0.03                           clknet_1_0__leaf_clk (net)
                  0.05    0.00    0.32 ^ _440_/CLK (sky130_fd_sc_hd__dfrtp_1)
                          0.25    0.57   clock uncertainty
                         -0.03    0.54   clock reconvergence pessimism
                         -0.03    0.50   library hold time
                                  0.50   data required time
-----------------------------------------------------------------------------
                                  0.50   data required time
                                 -1.24   data arrival time
-----------------------------------------------------------------------------
                                  0.74   slack (MET)


Startpoint: _443_ (rising edge-triggered flip-flop clocked by clk)
Endpoint: _443_ (rising edge-triggered flip-flop clocked by clk)
Path Group: clk
Path Type: min
Corner: Typical

Fanout     Cap    Slew   Delay    Time   Description
-----------------------------------------------------------------------------
                          0.00    0.00   clock clk (rise edge)
                          0.00    0.00   clock source latency
                  0.06    0.04    0.04 ^ clk (in)
     1    0.01                           clk (net)
                  0.06    0.00    0.04 ^ clkbuf_0_clk/A (sky130_fd_sc_hd__clkbuf_16)
                  0.04    0.13    0.17 ^ clkbuf_0_clk/X (sky130_fd_sc_hd__clkbuf_16)
     2    0.02                           clknet_0_clk (net)
                  0.04    0.00    0.17 ^ clkbuf_1_0__f_clk/A (sky130_fd_sc_hd__clkbuf_16)
                  0.05    0.12    0.29 ^ clkbuf_1_0__f_clk/X (sky130_fd_sc_hd__clkbuf_16)
     8    0.03                           clknet_1_0__leaf_clk (net)
                  0.05    0.00    0.29 ^ _443_/CLK (sky130_fd_sc_hd__dfrtp_1)
                  0.10    0.35    0.63 ^ _443_/Q (sky130_fd_sc_hd__dfrtp_1)
     2    0.01                           net26 (net)
                  0.10    0.00    0.63 ^ hold3/A (sky130_fd_sc_hd__dlygate4sd3_1)
                  0.05    0.52    1.16 ^ hold3/X (sky130_fd_sc_hd__dlygate4sd3_1)
     1    0.00                           net40 (net)
                  0.05    0.00    1.16 ^ _421_/A2 (sky130_fd_sc_hd__a21bo_1)
                  0.03    0.10    1.25 ^ _421_/X (sky130_fd_sc_hd__a21bo_1)
     1    0.00                           _004_ (net)
                  0.03    0.00    1.25 ^ _443_/D (sky130_fd_sc_hd__dfrtp_1)
                                  1.25   data arrival time

                          0.00    0.00   clock clk (rise edge)
                          0.00    0.00   clock source latency
                  0.06    0.04    0.04 ^ clk (in)
     1    0.01                           clk (net)
                  0.06    0.00    0.04 ^ clkbuf_0_clk/A (sky130_fd_sc_hd__clkbuf_16)
                  0.04    0.14    0.18 ^ clkbuf_0_clk/X (sky130_fd_sc_hd__clkbuf_16)
     2    0.02                           clknet_0_clk (net)
                  0.04    0.00    0.18 ^ clkbuf_1_0__f_clk/A (sky130_fd_sc_hd__clkbuf_16)
                  0.05    0.14    0.32 ^ clkbuf_1_0__f_clk/X (sky130_fd_sc_hd__clkbuf_16)
     8    0.03                           clknet_1_0__leaf_clk (net)
                  0.05    0.00    0.32 ^ _443_/CLK (sky130_fd_sc_hd__dfrtp_1)
                          0.25    0.57   clock uncertainty
                         -0.03    0.54   clock reconvergence pessimism
                         -0.03    0.51   library hold time
                                  0.51   data required time
-----------------------------------------------------------------------------
                                  0.51   data required time
                                 -1.25   data arrival time
-----------------------------------------------------------------------------
                                  0.75   slack (MET)


Startpoint: _441_ (rising edge-triggered flip-flop clocked by clk)
Endpoint: _441_ (rising edge-triggered flip-flop clocked by clk)
Path Group: clk
Path Type: min
Corner: Typical

Fanout     Cap    Slew   Delay    Time   Description
-----------------------------------------------------------------------------
                          0.00    0.00   clock clk (rise edge)
                          0.00    0.00   clock source latency
                  0.06    0.04    0.04 ^ clk (in)
     1    0.01                           clk (net)
                  0.06    0.00    0.04 ^ clkbuf_0_clk/A (sky130_fd_sc_hd__clkbuf_16)
                  0.04    0.13    0.17 ^ clkbuf_0_clk/X (sky130_fd_sc_hd__clkbuf_16)
     2    0.02                           clknet_0_clk (net)
                  0.04    0.00    0.17 ^ clkbuf_1_1__f_clk/A (sky130_fd_sc_hd__clkbuf_16)
                  0.04    0.12    0.28 ^ clkbuf_1_1__f_clk/X (sky130_fd_sc_hd__clkbuf_16)
     6    0.02                           clknet_1_1__leaf_clk (net)
                  0.04    0.00    0.28 ^ _441_/CLK (sky130_fd_sc_hd__dfrtp_1)
                  0.08    0.33    0.61 ^ _441_/Q (sky130_fd_sc_hd__dfrtp_1)
     2    0.01                           net24 (net)
                  0.08    0.00    0.61 ^ hold4/A (sky130_fd_sc_hd__dlygate4sd3_1)
                  0.06    0.52    1.13 ^ hold4/X (sky130_fd_sc_hd__dlygate4sd3_1)
     1    0.00                           net41 (net)
                  0.06    0.00    1.13 ^ _415_/A2 (sky130_fd_sc_hd__a22o_1)
                  0.04    0.12    1.26 ^ _415_/X (sky130_fd_sc_hd__a22o_1)
     1    0.00                           _002_ (net)
                  0.04    0.00    1.26 ^ _441_/D (sky130_fd_sc_hd__dfrtp_1)
                                  1.26   data arrival time

                          0.00    0.00   clock clk (rise edge)
                          0.00    0.00   clock source latency
                  0.06    0.04    0.04 ^ clk (in)
     1    0.01                           clk (net)
                  0.06    0.00    0.04 ^ clkbuf_0_clk/A (sky130_fd_sc_hd__clkbuf_16)
                  0.04    0.14    0.18 ^ clkbuf_0_clk/X (sky130_fd_sc_hd__clkbuf_16)
     2    0.02                           clknet_0_clk (net)
                  0.04    0.00    0.18 ^ clkbuf_1_1__f_clk/A (sky130_fd_sc_hd__clkbuf_16)
                  0.04    0.13    0.31 ^ clkbuf_1_1__f_clk/X (sky130_fd_sc_hd__clkbuf_16)
     6    0.02                           clknet_1_1__leaf_clk (net)
                  0.04    0.00    0.31 ^ _441_/CLK (sky130_fd_sc_hd__dfrtp_1)
                          0.25    0.56   clock uncertainty
                         -0.03    0.53   clock reconvergence pessimism
                         -0.03    0.50   library hold time
                                  0.50   data required time
-----------------------------------------------------------------------------
                                  0.50   data required time
                                 -1.26   data arrival time
-----------------------------------------------------------------------------
                                  0.76   slack (MET)


Startpoint: _442_ (rising edge-triggered flip-flop clocked by clk)
Endpoint: _442_ (rising edge-triggered flip-flop clocked by clk)
Path Group: clk
Path Type: min
Corner: Typical

Fanout     Cap    Slew   Delay    Time   Description
-----------------------------------------------------------------------------
                          0.00    0.00   clock clk (rise edge)
                          0.00    0.00   clock source latency
                  0.06    0.04    0.04 ^ clk (in)
     1    0.01                           clk (net)
                  0.06    0.00    0.04 ^ clkbuf_0_clk/A (sky130_fd_sc_hd__clkbuf_16)
                  0.04    0.13    0.17 ^ clkbuf_0_clk/X (sky130_fd_sc_hd__clkbuf_16)
     2    0.02                           clknet_0_clk (net)
                  0.04    0.00    0.17 ^ clkbuf_1_0__f_clk/A (sky130_fd_sc_hd__clkbuf_16)
                  0.05    0.12    0.29 ^ clkbuf_1_0__f_clk/X (sky130_fd_sc_hd__clkbuf_16)
     8    0.03                           clknet_1_0__leaf_clk (net)
                  0.05    0.00    0.29 ^ _442_/CLK (sky130_fd_sc_hd__dfrtp_1)
                  0.09    0.34    0.63 ^ _442_/Q (sky130_fd_sc_hd__dfrtp_1)
     2    0.01                           net25 (net)
                  0.09    0.00    0.63 ^ hold5/A (sky130_fd_sc_hd__dlygate4sd3_1)
                  0.06    0.52    1.15 ^ hold5/X (sky130_fd_sc_hd__dlygate4sd3_1)
     1    0.00                           net42 (net)
                  0.06    0.00    1.15 ^ _419_/A2 (sky130_fd_sc_hd__a22o_1)
                  0.04    0.12    1.27 ^ _419_/X (sky130_fd_sc_hd__a22o_1)
     1    0.00                           _003_ (net)
                  0.04    0.00    1.27 ^ _442_/D (sky130_fd_sc_hd__dfrtp_1)
                                  1.27   data arrival time

                          0.00    0.00   clock clk (rise edge)
                          0.00    0.00   clock source latency
                  0.06    0.04    0.04 ^ clk (in)
     1    0.01                           clk (net)
                  0.06    0.00    0.04 ^ clkbuf_0_clk/A (sky130_fd_sc_hd__clkbuf_16)
                  0.04    0.14    0.18 ^ clkbuf_0_clk/X (sky130_fd_sc_hd__clkbuf_16)
     2    0.02                           clknet_0_clk (net)
                  0.04    0.00    0.18 ^ clkbuf_1_0__f_clk/A (sky130_fd_sc_hd__clkbuf_16)
                  0.05    0.14    0.32 ^ clkbuf_1_0__f_clk/X (sky130_fd_sc_hd__clkbuf_16)
     8    0.03                           clknet_1_0__leaf_clk (net)
                  0.05    0.00    0.32 ^ _442_/CLK (sky130_fd_sc_hd__dfrtp_1)
                          0.25    0.57   clock uncertainty
                         -0.03    0.54   clock reconvergence pessimism
                         -0.03    0.51   library hold time
                                  0.51   data required time
-----------------------------------------------------------------------------
                                  0.51   data required time
                                 -1.27   data arrival time
-----------------------------------------------------------------------------
                                  0.77   slack (MET)


Startpoint: _445_ (rising edge-triggered flip-flop clocked by clk)
Endpoint: _445_ (rising edge-triggered flip-flop clocked by clk)
Path Group: clk
Path Type: min
Corner: Typical

Fanout     Cap    Slew   Delay    Time   Description
-----------------------------------------------------------------------------
                          0.00    0.00   clock clk (rise edge)
                          0.00    0.00   clock source latency
                  0.06    0.04    0.04 ^ clk (in)
     1    0.01                           clk (net)
                  0.06    0.00    0.04 ^ clkbuf_0_clk/A (sky130_fd_sc_hd__clkbuf_16)
                  0.04    0.13    0.17 ^ clkbuf_0_clk/X (sky130_fd_sc_hd__clkbuf_16)
     2    0.02                           clknet_0_clk (net)
                  0.04    0.00    0.17 ^ clkbuf_1_1__f_clk/A (sky130_fd_sc_hd__clkbuf_16)
                  0.04    0.12    0.28 ^ clkbuf_1_1__f_clk/X (sky130_fd_sc_hd__clkbuf_16)
     6    0.02                           clknet_1_1__leaf_clk (net)
                  0.04    0.00    0.28 ^ _445_/CLK (sky130_fd_sc_hd__dfrtp_1)
                  0.06    0.31    0.59 ^ _445_/Q (sky130_fd_sc_hd__dfrtp_1)
     2    0.00                           net29 (net)
                  0.06    0.00    0.59 ^ hold6/A (sky130_fd_sc_hd__dlygate4sd3_1)
                  0.05    0.51    1.10 ^ hold6/X (sky130_fd_sc_hd__dlygate4sd3_1)
     1    0.00                           net43 (net)
                  0.05    0.00    1.10 ^ _424_/B (sky130_fd_sc_hd__and2_1)
                  0.05    0.11    1.21 ^ _424_/X (sky130_fd_sc_hd__and2_1)
     1    0.00                           _161_ (net)
                  0.05    0.00    1.21 ^ _425_/B1 (sky130_fd_sc_hd__a31o_1)
                  0.04    0.08    1.29 ^ _425_/X (sky130_fd_sc_hd__a31o_1)
     1    0.00                           _006_ (net)
                  0.04    0.00    1.29 ^ _445_/D (sky130_fd_sc_hd__dfrtp_1)
                                  1.29   data arrival time

                          0.00    0.00   clock clk (rise edge)
                          0.00    0.00   clock source latency
                  0.06    0.04    0.04 ^ clk (in)
     1    0.01                           clk (net)
                  0.06    0.00    0.04 ^ clkbuf_0_clk/A (sky130_fd_sc_hd__clkbuf_16)
                  0.04    0.14    0.18 ^ clkbuf_0_clk/X (sky130_fd_sc_hd__clkbuf_16)
     2    0.02                           clknet_0_clk (net)
                  0.04    0.00    0.18 ^ clkbuf_1_1__f_clk/A (sky130_fd_sc_hd__clkbuf_16)
                  0.04    0.13    0.31 ^ clkbuf_1_1__f_clk/X (sky130_fd_sc_hd__clkbuf_16)
     6    0.02                           clknet_1_1__leaf_clk (net)
                  0.04    0.00    0.31 ^ _445_/CLK (sky130_fd_sc_hd__dfrtp_1)
                          0.25    0.56   clock uncertainty
                         -0.03    0.53   clock reconvergence pessimism
                         -0.03    0.50   library hold time
                                  0.50   data required time
-----------------------------------------------------------------------------
                                  0.50   data required time
                                 -1.29   data arrival time
-----------------------------------------------------------------------------
                                  0.79   slack (MET)


Startpoint: _444_ (rising edge-triggered flip-flop clocked by clk)
Endpoint: _444_ (rising edge-triggered flip-flop clocked by clk)
Path Group: clk
Path Type: min
Corner: Typical

Fanout     Cap    Slew   Delay    Time   Description
-----------------------------------------------------------------------------
                          0.00    0.00   clock clk (rise edge)
                          0.00    0.00   clock source latency
                  0.06    0.04    0.04 ^ clk (in)
     1    0.01                           clk (net)
                  0.06    0.00    0.04 ^ clkbuf_0_clk/A (sky130_fd_sc_hd__clkbuf_16)
                  0.04    0.13    0.17 ^ clkbuf_0_clk/X (sky130_fd_sc_hd__clkbuf_16)
     2    0.02                           clknet_0_clk (net)
                  0.04    0.00    0.17 ^ clkbuf_1_0__f_clk/A (sky130_fd_sc_hd__clkbuf_16)
                  0.05    0.12    0.29 ^ clkbuf_1_0__f_clk/X (sky130_fd_sc_hd__clkbuf_16)
     8    0.03                           clknet_1_0__leaf_clk (net)
                  0.05    0.00    0.29 ^ _444_/CLK (sky130_fd_sc_hd__dfrtp_1)
                  0.07    0.32    0.61 ^ _444_/Q (sky130_fd_sc_hd__dfrtp_1)
     2    0.01                           net28 (net)
                  0.07    0.00    0.61 ^ hold8/A (sky130_fd_sc_hd__dlygate4sd3_1)
                  0.05    0.51    1.11 ^ hold8/X (sky130_fd_sc_hd__dlygate4sd3_1)
     1    0.00                           net45 (net)
                  0.05    0.00    1.11 ^ _422_/B (sky130_fd_sc_hd__and2_1)
                  0.05    0.11    1.23 ^ _422_/X (sky130_fd_sc_hd__and2_1)
     1    0.00                           _160_ (net)
                  0.05    0.00    1.23 ^ _423_/B1 (sky130_fd_sc_hd__a31o_1)
                  0.04    0.08    1.31 ^ _423_/X (sky130_fd_sc_hd__a31o_1)
     1    0.00                           _005_ (net)
                  0.04    0.00    1.31 ^ _444_/D (sky130_fd_sc_hd__dfrtp_1)
                                  1.31   data arrival time

                          0.00    0.00   clock clk (rise edge)
                          0.00    0.00   clock source latency
                  0.06    0.04    0.04 ^ clk (in)
     1    0.01                           clk (net)
                  0.06    0.00    0.04 ^ clkbuf_0_clk/A (sky130_fd_sc_hd__clkbuf_16)
                  0.04    0.14    0.18 ^ clkbuf_0_clk/X (sky130_fd_sc_hd__clkbuf_16)
     2    0.02                           clknet_0_clk (net)
                  0.04    0.00    0.18 ^ clkbuf_1_0__f_clk/A (sky130_fd_sc_hd__clkbuf_16)
                  0.05    0.14    0.32 ^ clkbuf_1_0__f_clk/X (sky130_fd_sc_hd__clkbuf_16)
     8    0.03                           clknet_1_0__leaf_clk (net)
                  0.05    0.00    0.32 ^ _444_/CLK (sky130_fd_sc_hd__dfrtp_1)
                          0.25    0.57   clock uncertainty
                         -0.03    0.54   clock reconvergence pessimism
                         -0.03    0.51   library hold time
                                  0.51   data required time
-----------------------------------------------------------------------------
                                  0.51   data required time
                                 -1.31   data arrival time
-----------------------------------------------------------------------------
                                  0.80   slack (MET)


Startpoint: _448_ (rising edge-triggered flip-flop clocked by clk)
Endpoint: _448_ (rising edge-triggered flip-flop clocked by clk)
Path Group: clk
Path Type: min
Corner: Typical

Fanout     Cap    Slew   Delay    Time   Description
-----------------------------------------------------------------------------
                          0.00    0.00   clock clk (rise edge)
                          0.00    0.00   clock source latency
                  0.06    0.04    0.04 ^ clk (in)
     1    0.01                           clk (net)
                  0.06    0.00    0.04 ^ clkbuf_0_clk/A (sky130_fd_sc_hd__clkbuf_16)
                  0.04    0.13    0.17 ^ clkbuf_0_clk/X (sky130_fd_sc_hd__clkbuf_16)
     2    0.02                           clknet_0_clk (net)
                  0.04    0.00    0.17 ^ clkbuf_1_1__f_clk/A (sky130_fd_sc_hd__clkbuf_16)
                  0.04    0.12    0.28 ^ clkbuf_1_1__f_clk/X (sky130_fd_sc_hd__clkbuf_16)
     6    0.02                           clknet_1_1__leaf_clk (net)
                  0.04    0.00    0.28 ^ _448_/CLK (sky130_fd_sc_hd__dfrtp_1)
                  0.07    0.32    0.60 ^ _448_/Q (sky130_fd_sc_hd__dfrtp_1)
     2    0.01                           net32 (net)
                  0.07    0.00    0.60 ^ hold10/A (sky130_fd_sc_hd__dlygate4sd3_1)
                  0.05    0.51    1.11 ^ hold10/X (sky130_fd_sc_hd__dlygate4sd3_1)
     1    0.00                           net47 (net)
                  0.05    0.00    1.11 ^ _430_/B (sky130_fd_sc_hd__and2_1)
                  0.05    0.11    1.23 ^ _430_/X (sky130_fd_sc_hd__and2_1)
     1    0.00                           _164_ (net)
                  0.05    0.00    1.23 ^ _431_/B1 (sky130_fd_sc_hd__a31o_1)
                  0.04    0.08    1.31 ^ _431_/X (sky130_fd_sc_hd__a31o_1)
     1    0.00                           _009_ (net)
                  0.04    0.00    1.31 ^ _448_/D (sky130_fd_sc_hd__dfrtp_1)
                                  1.31   data arrival time

                          0.00    0.00   clock clk (rise edge)
                          0.00    0.00   clock source latency
                  0.06    0.04    0.04 ^ clk (in)
     1    0.01                           clk (net)
                  0.06    0.00    0.04 ^ clkbuf_0_clk/A (sky130_fd_sc_hd__clkbuf_16)
                  0.04    0.14    0.18 ^ clkbuf_0_clk/X (sky130_fd_sc_hd__clkbuf_16)
     2    0.02                           clknet_0_clk (net)
                  0.04    0.00    0.18 ^ clkbuf_1_1__f_clk/A (sky130_fd_sc_hd__clkbuf_16)
                  0.04    0.13    0.31 ^ clkbuf_1_1__f_clk/X (sky130_fd_sc_hd__clkbuf_16)
     6    0.02                           clknet_1_1__leaf_clk (net)
                  0.04    0.00    0.31 ^ _448_/CLK (sky130_fd_sc_hd__dfrtp_1)
                          0.25    0.56   clock uncertainty
                         -0.03    0.53   clock reconvergence pessimism
                         -0.03    0.50   library hold time
                                  0.50   data required time
-----------------------------------------------------------------------------
                                  0.50   data required time
                                 -1.31   data arrival time
-----------------------------------------------------------------------------
                                  0.81   slack (MET)


Startpoint: _450_ (rising edge-triggered flip-flop clocked by clk)
Endpoint: _450_ (rising edge-triggered flip-flop clocked by clk)
Path Group: clk
Path Type: min
Corner: Typical

Fanout     Cap    Slew   Delay    Time   Description
-----------------------------------------------------------------------------
                          0.00    0.00   clock clk (rise edge)
                          0.00    0.00   clock source latency
                  0.06    0.04    0.04 ^ clk (in)
     1    0.01                           clk (net)
                  0.06    0.00    0.04 ^ clkbuf_0_clk/A (sky130_fd_sc_hd__clkbuf_16)
                  0.04    0.13    0.17 ^ clkbuf_0_clk/X (sky130_fd_sc_hd__clkbuf_16)
     2    0.02                           clknet_0_clk (net)
                  0.04    0.00    0.17 ^ clkbuf_1_0__f_clk/A (sky130_fd_sc_hd__clkbuf_16)
                  0.05    0.12    0.29 ^ clkbuf_1_0__f_clk/X (sky130_fd_sc_hd__clkbuf_16)
     8    0.03                           clknet_1_0__leaf_clk (net)
                  0.05    0.00    0.29 ^ _450_/CLK (sky130_fd_sc_hd__dfrtp_1)
                  0.07    0.32    0.61 ^ _450_/Q (sky130_fd_sc_hd__dfrtp_1)
     2    0.01                           net34 (net)
                  0.07    0.00    0.61 ^ hold9/A (sky130_fd_sc_hd__dlygate4sd3_1)
                  0.05    0.51    1.12 ^ hold9/X (sky130_fd_sc_hd__dlygate4sd3_1)
     1    0.00                           net46 (net)
                  0.05    0.00    1.12 ^ _434_/B (sky130_fd_sc_hd__and2_1)
                  0.05    0.12    1.23 ^ _434_/X (sky130_fd_sc_hd__and2_1)
     1    0.00                           _166_ (net)
                  0.05    0.00    1.23 ^ _435_/B1 (sky130_fd_sc_hd__a31o_1)
                  0.04    0.09    1.32 ^ _435_/X (sky130_fd_sc_hd__a31o_1)
     1    0.00                           _011_ (net)
                  0.04    0.00    1.32 ^ _450_/D (sky130_fd_sc_hd__dfrtp_1)
                                  1.32   data arrival time

                          0.00    0.00   clock clk (rise edge)
                          0.00    0.00   clock source latency
                  0.06    0.04    0.04 ^ clk (in)
     1    0.01                           clk (net)
                  0.06    0.00    0.04 ^ clkbuf_0_clk/A (sky130_fd_sc_hd__clkbuf_16)
                  0.04    0.14    0.18 ^ clkbuf_0_clk/X (sky130_fd_sc_hd__clkbuf_16)
     2    0.02                           clknet_0_clk (net)
                  0.04    0.00    0.18 ^ clkbuf_1_0__f_clk/A (sky130_fd_sc_hd__clkbuf_16)
                  0.05    0.14    0.32 ^ clkbuf_1_0__f_clk/X (sky130_fd_sc_hd__clkbuf_16)
     8    0.03                           clknet_1_0__leaf_clk (net)
                  0.05    0.00    0.32 ^ _450_/CLK (sky130_fd_sc_hd__dfrtp_1)
                          0.25    0.57   clock uncertainty
                         -0.03    0.54   clock reconvergence pessimism
                         -0.03    0.51   library hold time
                                  0.51   data required time
-----------------------------------------------------------------------------
                                  0.51   data required time
                                 -1.32   data arrival time
-----------------------------------------------------------------------------
                                  0.81   slack (MET)


Startpoint: _451_ (rising edge-triggered flip-flop clocked by clk)
Endpoint: _451_ (rising edge-triggered flip-flop clocked by clk)
Path Group: clk
Path Type: min
Corner: Typical

Fanout     Cap    Slew   Delay    Time   Description
-----------------------------------------------------------------------------
                          0.00    0.00   clock clk (rise edge)
                          0.00    0.00   clock source latency
                  0.06    0.04    0.04 ^ clk (in)
     1    0.01                           clk (net)
                  0.06    0.00    0.04 ^ clkbuf_0_clk/A (sky130_fd_sc_hd__clkbuf_16)
                  0.04    0.13    0.17 ^ clkbuf_0_clk/X (sky130_fd_sc_hd__clkbuf_16)
     2    0.02                           clknet_0_clk (net)
                  0.04    0.00    0.17 ^ clkbuf_1_0__f_clk/A (sky130_fd_sc_hd__clkbuf_16)
                  0.05    0.12    0.29 ^ clkbuf_1_0__f_clk/X (sky130_fd_sc_hd__clkbuf_16)
     8    0.03                           clknet_1_0__leaf_clk (net)
                  0.05    0.00    0.29 ^ _451_/CLK (sky130_fd_sc_hd__dfrtp_1)
                  0.07    0.32    0.61 ^ _451_/Q (sky130_fd_sc_hd__dfrtp_1)
     2    0.01                           net35 (net)
                  0.07    0.00    0.61 ^ hold7/A (sky130_fd_sc_hd__dlygate4sd3_1)
                  0.05    0.51    1.13 ^ hold7/X (sky130_fd_sc_hd__dlygate4sd3_1)
     1    0.00                           net44 (net)
                  0.05    0.00    1.13 ^ _436_/B (sky130_fd_sc_hd__and2_1)
                  0.05    0.11    1.24 ^ _436_/X (sky130_fd_sc_hd__and2_1)
     1    0.00                           _167_ (net)
                  0.05    0.00    1.24 ^ _437_/B1 (sky130_fd_sc_hd__a31o_1)
                  0.04    0.08    1.32 ^ _437_/X (sky130_fd_sc_hd__a31o_1)
     1    0.00                           _012_ (net)
                  0.04    0.00    1.32 ^ _451_/D (sky130_fd_sc_hd__dfrtp_1)
                                  1.32   data arrival time

                          0.00    0.00   clock clk (rise edge)
                          0.00    0.00   clock source latency
                  0.06    0.04    0.04 ^ clk (in)
     1    0.01                           clk (net)
                  0.06    0.00    0.04 ^ clkbuf_0_clk/A (sky130_fd_sc_hd__clkbuf_16)
                  0.04    0.14    0.18 ^ clkbuf_0_clk/X (sky130_fd_sc_hd__clkbuf_16)
     2    0.02                           clknet_0_clk (net)
                  0.04    0.00    0.18 ^ clkbuf_1_0__f_clk/A (sky130_fd_sc_hd__clkbuf_16)
                  0.05    0.14    0.32 ^ clkbuf_1_0__f_clk/X (sky130_fd_sc_hd__clkbuf_16)
     8    0.03                           clknet_1_0__leaf_clk (net)
                  0.05    0.00    0.32 ^ _451_/CLK (sky130_fd_sc_hd__dfrtp_1)
                          0.25    0.57   clock uncertainty
                         -0.03    0.54   clock reconvergence pessimism
                         -0.03    0.51   library hold time
                                  0.51   data required time
-----------------------------------------------------------------------------
                                  0.51   data required time
                                 -1.32   data arrival time
-----------------------------------------------------------------------------
                                  0.81   slack (MET)


Startpoint: _446_ (rising edge-triggered flip-flop clocked by clk)
Endpoint: _446_ (rising edge-triggered flip-flop clocked by clk)
Path Group: clk
Path Type: min
Corner: Typical

Fanout     Cap    Slew   Delay    Time   Description
-----------------------------------------------------------------------------
                          0.00    0.00   clock clk (rise edge)
                          0.00    0.00   clock source latency
                  0.06    0.04    0.04 ^ clk (in)
     1    0.01                           clk (net)
                  0.06    0.00    0.04 ^ clkbuf_0_clk/A (sky130_fd_sc_hd__clkbuf_16)
                  0.04    0.13    0.17 ^ clkbuf_0_clk/X (sky130_fd_sc_hd__clkbuf_16)
     2    0.02                           clknet_0_clk (net)
                  0.04    0.00    0.17 ^ clkbuf_1_1__f_clk/A (sky130_fd_sc_hd__clkbuf_16)
                  0.04    0.12    0.28 ^ clkbuf_1_1__f_clk/X (sky130_fd_sc_hd__clkbuf_16)
     6    0.02                           clknet_1_1__leaf_clk (net)
                  0.04    0.00    0.28 ^ _446_/CLK (sky130_fd_sc_hd__dfrtp_1)
                  0.08    0.33    0.61 ^ _446_/Q (sky130_fd_sc_hd__dfrtp_1)
     2    0.01                           net30 (net)
                  0.08    0.00    0.61 ^ hold11/A (sky130_fd_sc_hd__dlygate4sd3_1)
                  0.05    0.51    1.13 ^ hold11/X (sky130_fd_sc_hd__dlygate4sd3_1)
     1    0.00                           net48 (net)
                  0.05    0.00    1.13 ^ _426_/B (sky130_fd_sc_hd__and2_1)
                  0.05    0.11    1.24 ^ _426_/X (sky130_fd_sc_hd__and2_1)
     1    0.00                           _162_ (net)
                  0.05    0.00    1.24 ^ _427_/B1 (sky130_fd_sc_hd__a31o_1)
                  0.04    0.08    1.32 ^ _427_/X (sky130_fd_sc_hd__a31o_1)
     1    0.00                           _007_ (net)
                  0.04    0.00    1.32 ^ _446_/D (sky130_fd_sc_hd__dfrtp_1)
                                  1.32   data arrival time

                          0.00    0.00   clock clk (rise edge)
                          0.00    0.00   clock source latency
                  0.06    0.04    0.04 ^ clk (in)
     1    0.01                           clk (net)
                  0.06    0.00    0.04 ^ clkbuf_0_clk/A (sky130_fd_sc_hd__clkbuf_16)
                  0.04    0.14    0.18 ^ clkbuf_0_clk/X (sky130_fd_sc_hd__clkbuf_16)
     2    0.02                           clknet_0_clk (net)
                  0.04    0.00    0.18 ^ clkbuf_1_1__f_clk/A (sky130_fd_sc_hd__clkbuf_16)
                  0.04    0.13    0.31 ^ clkbuf_1_1__f_clk/X (sky130_fd_sc_hd__clkbuf_16)
     6    0.02                           clknet_1_1__leaf_clk (net)
                  0.04    0.00    0.31 ^ _446_/CLK (sky130_fd_sc_hd__dfrtp_1)
                          0.25    0.56   clock uncertainty
                         -0.03    0.53   clock reconvergence pessimism
                         -0.03    0.50   library hold time
                                  0.50   data required time
-----------------------------------------------------------------------------
                                  0.50   data required time
                                 -1.32   data arrival time
-----------------------------------------------------------------------------
                                  0.82   slack (MET)


Startpoint: _447_ (rising edge-triggered flip-flop clocked by clk)
Endpoint: _447_ (rising edge-triggered flip-flop clocked by clk)
Path Group: clk
Path Type: min
Corner: Typical

Fanout     Cap    Slew   Delay    Time   Description
-----------------------------------------------------------------------------
                          0.00    0.00   clock clk (rise edge)
                          0.00    0.00   clock source latency
                  0.06    0.04    0.04 ^ clk (in)
     1    0.01                           clk (net)
                  0.06    0.00    0.04 ^ clkbuf_0_clk/A (sky130_fd_sc_hd__clkbuf_16)
                  0.04    0.13    0.17 ^ clkbuf_0_clk/X (sky130_fd_sc_hd__clkbuf_16)
     2    0.02                           clknet_0_clk (net)
                  0.04    0.00    0.17 ^ clkbuf_1_1__f_clk/A (sky130_fd_sc_hd__clkbuf_16)
                  0.04    0.12    0.28 ^ clkbuf_1_1__f_clk/X (sky130_fd_sc_hd__clkbuf_16)
     6    0.02                           clknet_1_1__leaf_clk (net)
                  0.04    0.00    0.28 ^ _447_/CLK (sky130_fd_sc_hd__dfrtp_1)
                  0.09    0.33    0.62 ^ _447_/Q (sky130_fd_sc_hd__dfrtp_1)
     2    0.01                           net31 (net)
                  0.09    0.00    0.62 ^ hold13/A (sky130_fd_sc_hd__dlygate4sd3_1)
                  0.05    0.51    1.13 ^ hold13/X (sky130_fd_sc_hd__dlygate4sd3_1)
     1    0.00                           net50 (net)
                  0.05    0.00    1.13 ^ _428_/B (sky130_fd_sc_hd__and2_1)
                  0.05    0.11    1.24 ^ _428_/X (sky130_fd_sc_hd__and2_1)
     1    0.00                           _163_ (net)
                  0.05    0.00    1.24 ^ _429_/B1 (sky130_fd_sc_hd__a31o_1)
                  0.04    0.08    1.32 ^ _429_/X (sky130_fd_sc_hd__a31o_1)
     1    0.00                           _008_ (net)
                  0.04    0.00    1.32 ^ _447_/D (sky130_fd_sc_hd__dfrtp_1)
                                  1.32   data arrival time

                          0.00    0.00   clock clk (rise edge)
                          0.00    0.00   clock source latency
                  0.06    0.04    0.04 ^ clk (in)
     1    0.01                           clk (net)
                  0.06    0.00    0.04 ^ clkbuf_0_clk/A (sky130_fd_sc_hd__clkbuf_16)
                  0.04    0.14    0.18 ^ clkbuf_0_clk/X (sky130_fd_sc_hd__clkbuf_16)
     2    0.02                           clknet_0_clk (net)
                  0.04    0.00    0.18 ^ clkbuf_1_1__f_clk/A (sky130_fd_sc_hd__clkbuf_16)
                  0.04    0.13    0.31 ^ clkbuf_1_1__f_clk/X (sky130_fd_sc_hd__clkbuf_16)
     6    0.02                           clknet_1_1__leaf_clk (net)
                  0.04    0.00    0.31 ^ _447_/CLK (sky130_fd_sc_hd__dfrtp_1)
                          0.25    0.56   clock uncertainty
                         -0.03    0.53   clock reconvergence pessimism
                         -0.03    0.50   library hold time
                                  0.50   data required time
-----------------------------------------------------------------------------
                                  0.50   data required time
                                 -1.32   data arrival time
-----------------------------------------------------------------------------
                                  0.82   slack (MET)


Startpoint: _449_ (rising edge-triggered flip-flop clocked by clk)
Endpoint: _449_ (rising edge-triggered flip-flop clocked by clk)
Path Group: clk
Path Type: min
Corner: Typical

Fanout     Cap    Slew   Delay    Time   Description
-----------------------------------------------------------------------------
                          0.00    0.00   clock clk (rise edge)
                          0.00    0.00   clock source latency
                  0.06    0.04    0.04 ^ clk (in)
     1    0.01                           clk (net)
                  0.06    0.00    0.04 ^ clkbuf_0_clk/A (sky130_fd_sc_hd__clkbuf_16)
                  0.04    0.13    0.17 ^ clkbuf_0_clk/X (sky130_fd_sc_hd__clkbuf_16)
     2    0.02                           clknet_0_clk (net)
                  0.04    0.00    0.17 ^ clkbuf_1_0__f_clk/A (sky130_fd_sc_hd__clkbuf_16)
                  0.05    0.12    0.29 ^ clkbuf_1_0__f_clk/X (sky130_fd_sc_hd__clkbuf_16)
     8    0.03                           clknet_1_0__leaf_clk (net)
                  0.05    0.00    0.29 ^ _449_/CLK (sky130_fd_sc_hd__dfrtp_1)
                  0.09    0.33    0.62 ^ _449_/Q (sky130_fd_sc_hd__dfrtp_1)
     2    0.01                           net33 (net)
                  0.09    0.00    0.62 ^ hold12/A (sky130_fd_sc_hd__dlygate4sd3_1)
                  0.05    0.51    1.14 ^ hold12/X (sky130_fd_sc_hd__dlygate4sd3_1)
     1    0.00                           net49 (net)
                  0.05    0.00    1.14 ^ _432_/B (sky130_fd_sc_hd__and2_1)
                  0.05    0.11    1.25 ^ _432_/X (sky130_fd_sc_hd__and2_1)
     1    0.00                           _165_ (net)
                  0.05    0.00    1.25 ^ _433_/B1 (sky130_fd_sc_hd__a31o_1)
                  0.04    0.08    1.33 ^ _433_/X (sky130_fd_sc_hd__a31o_1)
     1    0.00                           _010_ (net)
                  0.04    0.00    1.33 ^ _449_/D (sky130_fd_sc_hd__dfrtp_1)
                                  1.33   data arrival time

                          0.00    0.00   clock clk (rise edge)
                          0.00    0.00   clock source latency
                  0.06    0.04    0.04 ^ clk (in)
     1    0.01                           clk (net)
                  0.06    0.00    0.04 ^ clkbuf_0_clk/A (sky130_fd_sc_hd__clkbuf_16)
                  0.04    0.14    0.18 ^ clkbuf_0_clk/X (sky130_fd_sc_hd__clkbuf_16)
     2    0.02                           clknet_0_clk (net)
                  0.04    0.00    0.18 ^ clkbuf_1_0__f_clk/A (sky130_fd_sc_hd__clkbuf_16)
                  0.05    0.14    0.32 ^ clkbuf_1_0__f_clk/X (sky130_fd_sc_hd__clkbuf_16)
     8    0.03                           clknet_1_0__leaf_clk (net)
                  0.05    0.00    0.32 ^ _449_/CLK (sky130_fd_sc_hd__dfrtp_1)
                          0.25    0.57   clock uncertainty
                         -0.03    0.54   clock reconvergence pessimism
                         -0.03    0.51   library hold time
                                  0.51   data required time
-----------------------------------------------------------------------------
                                  0.51   data required time
                                 -1.33   data arrival time
-----------------------------------------------------------------------------
                                  0.83   slack (MET)


Startpoint: rst_n (input port clocked by clk)
Endpoint: _447_ (removal check against rising-edge clock clk)
Path Group: asynchronous
Path Type: min
Corner: Typical

Fanout     Cap    Slew   Delay    Time   Description
-----------------------------------------------------------------------------
                          0.00    0.00   clock clk (rise edge)
                          0.00    0.00   clock network delay (propagated)
                          5.00    5.00 ^ input external delay
                  0.02    0.01    5.01 ^ rst_n (in)
     1    0.00                           rst_n (net)
                  0.02    0.00    5.01 ^ input9/A (sky130_fd_sc_hd__clkbuf_2)
                  0.13    0.15    5.16 ^ input9/X (sky130_fd_sc_hd__clkbuf_2)
     5    0.02                           net9 (net)
                  0.13    0.00    5.16 ^ _447_/RESET_B (sky130_fd_sc_hd__dfrtp_1)
                                  5.16   data arrival time

                          0.00    0.00   clock clk (rise edge)
                          0.00    0.00   clock source latency
                  0.06    0.04    0.04 ^ clk (in)
     1    0.01                           clk (net)
                  0.06    0.00    0.04 ^ clkbuf_0_clk/A (sky130_fd_sc_hd__clkbuf_16)
                  0.04    0.14    0.18 ^ clkbuf_0_clk/X (sky130_fd_sc_hd__clkbuf_16)
     2    0.02                           clknet_0_clk (net)
                  0.04    0.00    0.18 ^ clkbuf_1_1__f_clk/A (sky130_fd_sc_hd__clkbuf_16)
                  0.04    0.13    0.31 ^ clkbuf_1_1__f_clk/X (sky130_fd_sc_hd__clkbuf_16)
     6    0.02                           clknet_1_1__leaf_clk (net)
                  0.04    0.00    0.31 ^ _447_/CLK (sky130_fd_sc_hd__dfrtp_1)
                          0.25    0.56   clock uncertainty
                          0.00    0.56   clock reconvergence pessimism
                          0.34    0.90   library removal time
                                  0.90   data required time
-----------------------------------------------------------------------------
                                  0.90   data required time
                                 -5.16   data arrival time
-----------------------------------------------------------------------------
                                  4.25   slack (MET)


Startpoint: rst_n (input port clocked by clk)
Endpoint: _446_ (removal check against rising-edge clock clk)
Path Group: asynchronous
Path Type: min
Corner: Typical

Fanout     Cap    Slew   Delay    Time   Description
-----------------------------------------------------------------------------
                          0.00    0.00   clock clk (rise edge)
                          0.00    0.00   clock network delay (propagated)
                          5.00    5.00 ^ input external delay
                  0.02    0.01    5.01 ^ rst_n (in)
     1    0.00                           rst_n (net)
                  0.02    0.00    5.01 ^ input9/A (sky130_fd_sc_hd__clkbuf_2)
                  0.13    0.15    5.16 ^ input9/X (sky130_fd_sc_hd__clkbuf_2)
     5    0.02                           net9 (net)
                  0.13    0.00    5.16 ^ _446_/RESET_B (sky130_fd_sc_hd__dfrtp_1)
                                  5.16   data arrival time

                          0.00    0.00   clock clk (rise edge)
                          0.00    0.00   clock source latency
                  0.06    0.04    0.04 ^ clk (in)
     1    0.01                           clk (net)
                  0.06    0.00    0.04 ^ clkbuf_0_clk/A (sky130_fd_sc_hd__clkbuf_16)
                  0.04    0.14    0.18 ^ clkbuf_0_clk/X (sky130_fd_sc_hd__clkbuf_16)
     2    0.02                           clknet_0_clk (net)
                  0.04    0.00    0.18 ^ clkbuf_1_1__f_clk/A (sky130_fd_sc_hd__clkbuf_16)
                  0.04    0.13    0.31 ^ clkbuf_1_1__f_clk/X (sky130_fd_sc_hd__clkbuf_16)
     6    0.02                           clknet_1_1__leaf_clk (net)
                  0.04    0.00    0.31 ^ _446_/CLK (sky130_fd_sc_hd__dfrtp_1)
                          0.25    0.56   clock uncertainty
                          0.00    0.56   clock reconvergence pessimism
                          0.34    0.90   library removal time
                                  0.90   data required time
-----------------------------------------------------------------------------
                                  0.90   data required time
                                 -5.16   data arrival time
-----------------------------------------------------------------------------
                                  4.25   slack (MET)


Startpoint: rst_n (input port clocked by clk)
Endpoint: _448_ (removal check against rising-edge clock clk)
Path Group: asynchronous
Path Type: min
Corner: Typical

Fanout     Cap    Slew   Delay    Time   Description
-----------------------------------------------------------------------------
                          0.00    0.00   clock clk (rise edge)
                          0.00    0.00   clock network delay (propagated)
                          5.00    5.00 ^ input external delay
                  0.02    0.01    5.01 ^ rst_n (in)
     1    0.00                           rst_n (net)
                  0.02    0.00    5.01 ^ input9/A (sky130_fd_sc_hd__clkbuf_2)
                  0.13    0.15    5.16 ^ input9/X (sky130_fd_sc_hd__clkbuf_2)
     5    0.02                           net9 (net)
                  0.13    0.00    5.16 ^ _448_/RESET_B (sky130_fd_sc_hd__dfrtp_1)
                                  5.16   data arrival time

                          0.00    0.00   clock clk (rise edge)
                          0.00    0.00   clock source latency
                  0.06    0.04    0.04 ^ clk (in)
     1    0.01                           clk (net)
                  0.06    0.00    0.04 ^ clkbuf_0_clk/A (sky130_fd_sc_hd__clkbuf_16)
                  0.04    0.14    0.18 ^ clkbuf_0_clk/X (sky130_fd_sc_hd__clkbuf_16)
     2    0.02                           clknet_0_clk (net)
                  0.04    0.00    0.18 ^ clkbuf_1_1__f_clk/A (sky130_fd_sc_hd__clkbuf_16)
                  0.04    0.13    0.31 ^ clkbuf_1_1__f_clk/X (sky130_fd_sc_hd__clkbuf_16)
     6    0.02                           clknet_1_1__leaf_clk (net)
                  0.04    0.00    0.31 ^ _448_/CLK (sky130_fd_sc_hd__dfrtp_1)
                          0.25    0.56   clock uncertainty
                          0.00    0.56   clock reconvergence pessimism
                          0.34    0.90   library removal time
                                  0.90   data required time
-----------------------------------------------------------------------------
                                  0.90   data required time
                                 -5.16   data arrival time
-----------------------------------------------------------------------------
                                  4.25   slack (MET)


Startpoint: rst_n (input port clocked by clk)
Endpoint: _445_ (removal check against rising-edge clock clk)
Path Group: asynchronous
Path Type: min
Corner: Typical

Fanout     Cap    Slew   Delay    Time   Description
-----------------------------------------------------------------------------
                          0.00    0.00   clock clk (rise edge)
                          0.00    0.00   clock network delay (propagated)
                          5.00    5.00 ^ input external delay
                  0.02    0.01    5.01 ^ rst_n (in)
     1    0.00                           rst_n (net)
                  0.02    0.00    5.01 ^ input9/A (sky130_fd_sc_hd__clkbuf_2)
                  0.13    0.15    5.16 ^ input9/X (sky130_fd_sc_hd__clkbuf_2)
     5    0.02                           net9 (net)
                  0.13    0.00    5.16 ^ _445_/RESET_B (sky130_fd_sc_hd__dfrtp_1)
                                  5.16   data arrival time

                          0.00    0.00   clock clk (rise edge)
                          0.00    0.00   clock source latency
                  0.06    0.04    0.04 ^ clk (in)
     1    0.01                           clk (net)
                  0.06    0.00    0.04 ^ clkbuf_0_clk/A (sky130_fd_sc_hd__clkbuf_16)
                  0.04    0.14    0.18 ^ clkbuf_0_clk/X (sky130_fd_sc_hd__clkbuf_16)
     2    0.02                           clknet_0_clk (net)
                  0.04    0.00    0.18 ^ clkbuf_1_1__f_clk/A (sky130_fd_sc_hd__clkbuf_16)
                  0.04    0.13    0.31 ^ clkbuf_1_1__f_clk/X (sky130_fd_sc_hd__clkbuf_16)
     6    0.02                           clknet_1_1__leaf_clk (net)
                  0.04    0.00    0.31 ^ _445_/CLK (sky130_fd_sc_hd__dfrtp_1)
                          0.25    0.56   clock uncertainty
                          0.00    0.56   clock reconvergence pessimism
                          0.34    0.90   library removal time
                                  0.90   data required time
-----------------------------------------------------------------------------
                                  0.90   data required time
                                 -5.16   data arrival time
-----------------------------------------------------------------------------
                                  4.26   slack (MET)


Startpoint: rst_n (input port clocked by clk)
Endpoint: _442_ (removal check against rising-edge clock clk)
Path Group: asynchronous
Path Type: min
Corner: Typical

Fanout     Cap    Slew   Delay    Time   Description
-----------------------------------------------------------------------------
                          0.00    0.00   clock clk (rise edge)
                          0.00    0.00   clock network delay (propagated)
                          5.00    5.00 ^ input external delay
                  0.02    0.01    5.01 ^ rst_n (in)
     1    0.00                           rst_n (net)
                  0.02    0.00    5.01 ^ input9/A (sky130_fd_sc_hd__clkbuf_2)
                  0.13    0.15    5.16 ^ input9/X (sky130_fd_sc_hd__clkbuf_2)
     5    0.02                           net9 (net)
                  0.13    0.00    5.16 ^ fanout37/A (sky130_fd_sc_hd__buf_4)
                  0.15    0.21    5.37 ^ fanout37/X (sky130_fd_sc_hd__buf_4)
    10    0.05                           net37 (net)
                  0.15    0.00    5.37 ^ _442_/RESET_B (sky130_fd_sc_hd__dfrtp_1)
                                  5.37   data arrival time

                          0.00    0.00   clock clk (rise edge)
                          0.00    0.00   clock source latency
                  0.06    0.04    0.04 ^ clk (in)
     1    0.01                           clk (net)
                  0.06    0.00    0.04 ^ clkbuf_0_clk/A (sky130_fd_sc_hd__clkbuf_16)
                  0.04    0.14    0.18 ^ clkbuf_0_clk/X (sky130_fd_sc_hd__clkbuf_16)
     2    0.02                           clknet_0_clk (net)
                  0.04    0.00    0.18 ^ clkbuf_1_0__f_clk/A (sky130_fd_sc_hd__clkbuf_16)
                  0.05    0.14    0.32 ^ clkbuf_1_0__f_clk/X (sky130_fd_sc_hd__clkbuf_16)
     8    0.03                           clknet_1_0__leaf_clk (net)
                  0.05    0.00    0.32 ^ _442_/CLK (sky130_fd_sc_hd__dfrtp_1)
                          0.25    0.57   clock uncertainty
                          0.00    0.57   clock reconvergence pessimism
                          0.35    0.92   library removal time
                                  0.92   data required time
-----------------------------------------------------------------------------
                                  0.92   data required time
                                 -5.37   data arrival time
-----------------------------------------------------------------------------
                                  4.45   slack (MET)


Startpoint: rst_n (input port clocked by clk)
Endpoint: _440_ (removal check against rising-edge clock clk)
Path Group: asynchronous
Path Type: min
Corner: Typical

Fanout     Cap    Slew   Delay    Time   Description
-----------------------------------------------------------------------------
                          0.00    0.00   clock clk (rise edge)
                          0.00    0.00   clock network delay (propagated)
                          5.00    5.00 ^ input external delay
                  0.02    0.01    5.01 ^ rst_n (in)
     1    0.00                           rst_n (net)
                  0.02    0.00    5.01 ^ input9/A (sky130_fd_sc_hd__clkbuf_2)
                  0.13    0.15    5.16 ^ input9/X (sky130_fd_sc_hd__clkbuf_2)
     5    0.02                           net9 (net)
                  0.13    0.00    5.16 ^ fanout37/A (sky130_fd_sc_hd__buf_4)
                  0.15    0.21    5.37 ^ fanout37/X (sky130_fd_sc_hd__buf_4)
    10    0.05                           net37 (net)
                  0.15    0.00    5.37 ^ _440_/RESET_B (sky130_fd_sc_hd__dfrtp_1)
                                  5.37   data arrival time

                          0.00    0.00   clock clk (rise edge)
                          0.00    0.00   clock source latency
                  0.06    0.04    0.04 ^ clk (in)
     1    0.01                           clk (net)
                  0.06    0.00    0.04 ^ clkbuf_0_clk/A (sky130_fd_sc_hd__clkbuf_16)
                  0.04    0.14    0.18 ^ clkbuf_0_clk/X (sky130_fd_sc_hd__clkbuf_16)
     2    0.02                           clknet_0_clk (net)
                  0.04    0.00    0.18 ^ clkbuf_1_0__f_clk/A (sky130_fd_sc_hd__clkbuf_16)
                  0.05    0.14    0.32 ^ clkbuf_1_0__f_clk/X (sky130_fd_sc_hd__clkbuf_16)
     8    0.03                           clknet_1_0__leaf_clk (net)
                  0.05    0.00    0.32 ^ _440_/CLK (sky130_fd_sc_hd__dfrtp_1)
                          0.25    0.57   clock uncertainty
                          0.00    0.57   clock reconvergence pessimism
                          0.35    0.92   library removal time
                                  0.92   data required time
-----------------------------------------------------------------------------
                                  0.92   data required time
                                 -5.37   data arrival time
-----------------------------------------------------------------------------
                                  4.45   slack (MET)


Startpoint: rst_n (input port clocked by clk)
Endpoint: _438_ (removal check against rising-edge clock clk)
Path Group: asynchronous
Path Type: min
Corner: Typical

Fanout     Cap    Slew   Delay    Time   Description
-----------------------------------------------------------------------------
                          0.00    0.00   clock clk (rise edge)
                          0.00    0.00   clock network delay (propagated)
                          5.00    5.00 ^ input external delay
                  0.02    0.01    5.01 ^ rst_n (in)
     1    0.00                           rst_n (net)
                  0.02    0.00    5.01 ^ input9/A (sky130_fd_sc_hd__clkbuf_2)
                  0.13    0.15    5.16 ^ input9/X (sky130_fd_sc_hd__clkbuf_2)
     5    0.02                           net9 (net)
                  0.13    0.00    5.16 ^ fanout37/A (sky130_fd_sc_hd__buf_4)
                  0.15    0.21    5.37 ^ fanout37/X (sky130_fd_sc_hd__buf_4)
    10    0.05                           net37 (net)
                  0.15    0.00    5.37 ^ _438_/RESET_B (sky130_fd_sc_hd__dfrtp_1)
                                  5.37   data arrival time

                          0.00    0.00   clock clk (rise edge)
                          0.00    0.00   clock source latency
                  0.06    0.04    0.04 ^ clk (in)
     1    0.01                           clk (net)
                  0.06    0.00    0.04 ^ clkbuf_0_clk/A (sky130_fd_sc_hd__clkbuf_16)
                  0.04    0.14    0.18 ^ clkbuf_0_clk/X (sky130_fd_sc_hd__clkbuf_16)
     2    0.02                           clknet_0_clk (net)
                  0.04    0.00    0.18 ^ clkbuf_1_0__f_clk/A (sky130_fd_sc_hd__clkbuf_16)
                  0.05    0.14    0.32 ^ clkbuf_1_0__f_clk/X (sky130_fd_sc_hd__clkbuf_16)
     8    0.03                           clknet_1_0__leaf_clk (net)
                  0.05    0.00    0.32 ^ _438_/CLK (sky130_fd_sc_hd__dfrtp_1)
                          0.25    0.57   clock uncertainty
                          0.00    0.57   clock reconvergence pessimism
                          0.35    0.92   library removal time
                                  0.92   data required time
-----------------------------------------------------------------------------
                                  0.92   data required time
                                 -5.37   data arrival time
-----------------------------------------------------------------------------
                                  4.45   slack (MET)


Startpoint: rst_n (input port clocked by clk)
Endpoint: _443_ (removal check against rising-edge clock clk)
Path Group: asynchronous
Path Type: min
Corner: Typical

Fanout     Cap    Slew   Delay    Time   Description
-----------------------------------------------------------------------------
                          0.00    0.00   clock clk (rise edge)
                          0.00    0.00   clock network delay (propagated)
                          5.00    5.00 ^ input external delay
                  0.02    0.01    5.01 ^ rst_n (in)
     1    0.00                           rst_n (net)
                  0.02    0.00    5.01 ^ input9/A (sky130_fd_sc_hd__clkbuf_2)
                  0.13    0.15    5.16 ^ input9/X (sky130_fd_sc_hd__clkbuf_2)
     5    0.02                           net9 (net)
                  0.13    0.00    5.16 ^ fanout37/A (sky130_fd_sc_hd__buf_4)
                  0.15    0.21    5.37 ^ fanout37/X (sky130_fd_sc_hd__buf_4)
    10    0.05                           net37 (net)
                  0.15    0.00    5.37 ^ _443_/RESET_B (sky130_fd_sc_hd__dfrtp_1)
                                  5.37   data arrival time

                          0.00    0.00   clock clk (rise edge)
                          0.00    0.00   clock source latency
                  0.06    0.04    0.04 ^ clk (in)
     1    0.01                           clk (net)
                  0.06    0.00    0.04 ^ clkbuf_0_clk/A (sky130_fd_sc_hd__clkbuf_16)
                  0.04    0.14    0.18 ^ clkbuf_0_clk/X (sky130_fd_sc_hd__clkbuf_16)
     2    0.02                           clknet_0_clk (net)
                  0.04    0.00    0.18 ^ clkbuf_1_0__f_clk/A (sky130_fd_sc_hd__clkbuf_16)
                  0.05    0.14    0.32 ^ clkbuf_1_0__f_clk/X (sky130_fd_sc_hd__clkbuf_16)
     8    0.03                           clknet_1_0__leaf_clk (net)
                  0.05    0.00    0.32 ^ _443_/CLK (sky130_fd_sc_hd__dfrtp_1)
                          0.25    0.57   clock uncertainty
                          0.00    0.57   clock reconvergence pessimism
                          0.35    0.92   library removal time
                                  0.92   data required time
-----------------------------------------------------------------------------
                                  0.92   data required time
                                 -5.37   data arrival time
-----------------------------------------------------------------------------
                                  4.45   slack (MET)


Startpoint: rst_n (input port clocked by clk)
Endpoint: _449_ (removal check against rising-edge clock clk)
Path Group: asynchronous
Path Type: min
Corner: Typical

Fanout     Cap    Slew   Delay    Time   Description
-----------------------------------------------------------------------------
                          0.00    0.00   clock clk (rise edge)
                          0.00    0.00   clock network delay (propagated)
                          5.00    5.00 ^ input external delay
                  0.02    0.01    5.01 ^ rst_n (in)
     1    0.00                           rst_n (net)
                  0.02    0.00    5.01 ^ input9/A (sky130_fd_sc_hd__clkbuf_2)
                  0.13    0.15    5.16 ^ input9/X (sky130_fd_sc_hd__clkbuf_2)
     5    0.02                           net9 (net)
                  0.13    0.00    5.16 ^ fanout37/A (sky130_fd_sc_hd__buf_4)
                  0.15    0.21    5.37 ^ fanout37/X (sky130_fd_sc_hd__buf_4)
    10    0.05                           net37 (net)
                  0.15    0.00    5.37 ^ _449_/RESET_B (sky130_fd_sc_hd__dfrtp_1)
                                  5.37   data arrival time

                          0.00    0.00   clock clk (rise edge)
                          0.00    0.00   clock source latency
                  0.06    0.04    0.04 ^ clk (in)
     1    0.01                           clk (net)
                  0.06    0.00    0.04 ^ clkbuf_0_clk/A (sky130_fd_sc_hd__clkbuf_16)
                  0.04    0.14    0.18 ^ clkbuf_0_clk/X (sky130_fd_sc_hd__clkbuf_16)
     2    0.02                           clknet_0_clk (net)
                  0.04    0.00    0.18 ^ clkbuf_1_0__f_clk/A (sky130_fd_sc_hd__clkbuf_16)
                  0.05    0.14    0.32 ^ clkbuf_1_0__f_clk/X (sky130_fd_sc_hd__clkbuf_16)
     8    0.03                           clknet_1_0__leaf_clk (net)
                  0.05    0.00    0.32 ^ _449_/CLK (sky130_fd_sc_hd__dfrtp_1)
                          0.25    0.57   clock uncertainty
                          0.00    0.57   clock reconvergence pessimism
                          0.35    0.92   library removal time
                                  0.92   data required time
-----------------------------------------------------------------------------
                                  0.92   data required time
                                 -5.37   data arrival time
-----------------------------------------------------------------------------
                                  4.45   slack (MET)


Startpoint: rst_n (input port clocked by clk)
Endpoint: _451_ (removal check against rising-edge clock clk)
Path Group: asynchronous
Path Type: min
Corner: Typical

Fanout     Cap    Slew   Delay    Time   Description
-----------------------------------------------------------------------------
                          0.00    0.00   clock clk (rise edge)
                          0.00    0.00   clock network delay (propagated)
                          5.00    5.00 ^ input external delay
                  0.02    0.01    5.01 ^ rst_n (in)
     1    0.00                           rst_n (net)
                  0.02    0.00    5.01 ^ input9/A (sky130_fd_sc_hd__clkbuf_2)
                  0.13    0.15    5.16 ^ input9/X (sky130_fd_sc_hd__clkbuf_2)
     5    0.02                           net9 (net)
                  0.13    0.00    5.16 ^ fanout37/A (sky130_fd_sc_hd__buf_4)
                  0.15    0.21    5.37 ^ fanout37/X (sky130_fd_sc_hd__buf_4)
    10    0.05                           net37 (net)
                  0.15    0.00    5.37 ^ _451_/RESET_B (sky130_fd_sc_hd__dfrtp_1)
                                  5.37   data arrival time

                          0.00    0.00   clock clk (rise edge)
                          0.00    0.00   clock source latency
                  0.06    0.04    0.04 ^ clk (in)
     1    0.01                           clk (net)
                  0.06    0.00    0.04 ^ clkbuf_0_clk/A (sky130_fd_sc_hd__clkbuf_16)
                  0.04    0.14    0.18 ^ clkbuf_0_clk/X (sky130_fd_sc_hd__clkbuf_16)
     2    0.02                           clknet_0_clk (net)
                  0.04    0.00    0.18 ^ clkbuf_1_0__f_clk/A (sky130_fd_sc_hd__clkbuf_16)
                  0.05    0.14    0.32 ^ clkbuf_1_0__f_clk/X (sky130_fd_sc_hd__clkbuf_16)
     8    0.03                           clknet_1_0__leaf_clk (net)
                  0.05    0.00    0.32 ^ _451_/CLK (sky130_fd_sc_hd__dfrtp_1)
                          0.25    0.57   clock uncertainty
                          0.00    0.57   clock reconvergence pessimism
                          0.35    0.92   library removal time
                                  0.92   data required time
-----------------------------------------------------------------------------
                                  0.92   data required time
                                 -5.37   data arrival time
-----------------------------------------------------------------------------
                                  4.45   slack (MET)


Startpoint: rst_n (input port clocked by clk)
Endpoint: _450_ (removal check against rising-edge clock clk)
Path Group: asynchronous
Path Type: min
Corner: Typical

Fanout     Cap    Slew   Delay    Time   Description
-----------------------------------------------------------------------------
                          0.00    0.00   clock clk (rise edge)
                          0.00    0.00   clock network delay (propagated)
                          5.00    5.00 ^ input external delay
                  0.02    0.01    5.01 ^ rst_n (in)
     1    0.00                           rst_n (net)
                  0.02    0.00    5.01 ^ input9/A (sky130_fd_sc_hd__clkbuf_2)
                  0.13    0.15    5.16 ^ input9/X (sky130_fd_sc_hd__clkbuf_2)
     5    0.02                           net9 (net)
                  0.13    0.00    5.16 ^ fanout37/A (sky130_fd_sc_hd__buf_4)
                  0.15    0.21    5.37 ^ fanout37/X (sky130_fd_sc_hd__buf_4)
    10    0.05                           net37 (net)
                  0.15    0.00    5.37 ^ _450_/RESET_B (sky130_fd_sc_hd__dfrtp_1)
                                  5.37   data arrival time

                          0.00    0.00   clock clk (rise edge)
                          0.00    0.00   clock source latency
                  0.06    0.04    0.04 ^ clk (in)
     1    0.01                           clk (net)
                  0.06    0.00    0.04 ^ clkbuf_0_clk/A (sky130_fd_sc_hd__clkbuf_16)
                  0.04    0.14    0.18 ^ clkbuf_0_clk/X (sky130_fd_sc_hd__clkbuf_16)
     2    0.02                           clknet_0_clk (net)
                  0.04    0.00    0.18 ^ clkbuf_1_0__f_clk/A (sky130_fd_sc_hd__clkbuf_16)
                  0.05    0.14    0.32 ^ clkbuf_1_0__f_clk/X (sky130_fd_sc_hd__clkbuf_16)
     8    0.03                           clknet_1_0__leaf_clk (net)
                  0.05    0.00    0.32 ^ _450_/CLK (sky130_fd_sc_hd__dfrtp_1)
                          0.25    0.57   clock uncertainty
                          0.00    0.57   clock reconvergence pessimism
                          0.35    0.92   library removal time
                                  0.92   data required time
-----------------------------------------------------------------------------
                                  0.92   data required time
                                 -5.37   data arrival time
-----------------------------------------------------------------------------
                                  4.45   slack (MET)


Startpoint: rst_n (input port clocked by clk)
Endpoint: _444_ (removal check against rising-edge clock clk)
Path Group: asynchronous
Path Type: min
Corner: Typical

Fanout     Cap    Slew   Delay    Time   Description
-----------------------------------------------------------------------------
                          0.00    0.00   clock clk (rise edge)
                          0.00    0.00   clock network delay (propagated)
                          5.00    5.00 ^ input external delay
                  0.02    0.01    5.01 ^ rst_n (in)
     1    0.00                           rst_n (net)
                  0.02    0.00    5.01 ^ input9/A (sky130_fd_sc_hd__clkbuf_2)
                  0.13    0.15    5.16 ^ input9/X (sky130_fd_sc_hd__clkbuf_2)
     5    0.02                           net9 (net)
                  0.13    0.00    5.16 ^ fanout37/A (sky130_fd_sc_hd__buf_4)
                  0.15    0.21    5.37 ^ fanout37/X (sky130_fd_sc_hd__buf_4)
    10    0.05                           net37 (net)
                  0.15    0.00    5.37 ^ _444_/RESET_B (sky130_fd_sc_hd__dfrtp_1)
                                  5.37   data arrival time

                          0.00    0.00   clock clk (rise edge)
                          0.00    0.00   clock source latency
                  0.06    0.04    0.04 ^ clk (in)
     1    0.01                           clk (net)
                  0.06    0.00    0.04 ^ clkbuf_0_clk/A (sky130_fd_sc_hd__clkbuf_16)
                  0.04    0.14    0.18 ^ clkbuf_0_clk/X (sky130_fd_sc_hd__clkbuf_16)
     2    0.02                           clknet_0_clk (net)
                  0.04    0.00    0.18 ^ clkbuf_1_0__f_clk/A (sky130_fd_sc_hd__clkbuf_16)
                  0.05    0.14    0.32 ^ clkbuf_1_0__f_clk/X (sky130_fd_sc_hd__clkbuf_16)
     8    0.03                           clknet_1_0__leaf_clk (net)
                  0.05    0.00    0.32 ^ _444_/CLK (sky130_fd_sc_hd__dfrtp_1)
                          0.25    0.57   clock uncertainty
                          0.00    0.57   clock reconvergence pessimism
                          0.35    0.92   library removal time
                                  0.92   data required time
-----------------------------------------------------------------------------
                                  0.92   data required time
                                 -5.37   data arrival time
-----------------------------------------------------------------------------
                                  4.45   slack (MET)


Startpoint: rst_n (input port clocked by clk)
Endpoint: _439_ (removal check against rising-edge clock clk)
Path Group: asynchronous
Path Type: min
Corner: Typical

Fanout     Cap    Slew   Delay    Time   Description
-----------------------------------------------------------------------------
                          0.00    0.00   clock clk (rise edge)
                          0.00    0.00   clock network delay (propagated)
                          5.00    5.00 ^ input external delay
                  0.02    0.01    5.01 ^ rst_n (in)
     1    0.00                           rst_n (net)
                  0.02    0.00    5.01 ^ input9/A (sky130_fd_sc_hd__clkbuf_2)
                  0.13    0.15    5.16 ^ input9/X (sky130_fd_sc_hd__clkbuf_2)
     5    0.02                           net9 (net)
                  0.13    0.00    5.16 ^ fanout37/A (sky130_fd_sc_hd__buf_4)
                  0.15    0.21    5.37 ^ fanout37/X (sky130_fd_sc_hd__buf_4)
    10    0.05                           net37 (net)
                  0.15    0.00    5.37 ^ _439_/RESET_B (sky130_fd_sc_hd__dfrtp_1)
                                  5.37   data arrival time

                          0.00    0.00   clock clk (rise edge)
                          0.00    0.00   clock source latency
                  0.06    0.04    0.04 ^ clk (in)
     1    0.01                           clk (net)
                  0.06    0.00    0.04 ^ clkbuf_0_clk/A (sky130_fd_sc_hd__clkbuf_16)
                  0.04    0.14    0.18 ^ clkbuf_0_clk/X (sky130_fd_sc_hd__clkbuf_16)
     2    0.02                           clknet_0_clk (net)
                  0.04    0.00    0.18 ^ clkbuf_1_1__f_clk/A (sky130_fd_sc_hd__clkbuf_16)
                  0.04    0.13    0.31 ^ clkbuf_1_1__f_clk/X (sky130_fd_sc_hd__clkbuf_16)
     6    0.02                           clknet_1_1__leaf_clk (net)
                  0.04    0.00    0.31 ^ _439_/CLK (sky130_fd_sc_hd__dfrtp_1)
                          0.25    0.56   clock uncertainty
                          0.00    0.56   clock reconvergence pessimism
                          0.35    0.91   library removal time
                                  0.91   data required time
-----------------------------------------------------------------------------
                                  0.91   data required time
                                 -5.37   data arrival time
-----------------------------------------------------------------------------
                                  4.46   slack (MET)


Startpoint: rst_n (input port clocked by clk)
Endpoint: _441_ (removal check against rising-edge clock clk)
Path Group: asynchronous
Path Type: min
Corner: Typical

Fanout     Cap    Slew   Delay    Time   Description
-----------------------------------------------------------------------------
                          0.00    0.00   clock clk (rise edge)
                          0.00    0.00   clock network delay (propagated)
                          5.00    5.00 ^ input external delay
                  0.02    0.01    5.01 ^ rst_n (in)
     1    0.00                           rst_n (net)
                  0.02    0.00    5.01 ^ input9/A (sky130_fd_sc_hd__clkbuf_2)
                  0.13    0.15    5.16 ^ input9/X (sky130_fd_sc_hd__clkbuf_2)
     5    0.02                           net9 (net)
                  0.13    0.00    5.16 ^ fanout37/A (sky130_fd_sc_hd__buf_4)
                  0.15    0.21    5.37 ^ fanout37/X (sky130_fd_sc_hd__buf_4)
    10    0.05                           net37 (net)
                  0.15    0.00    5.37 ^ _441_/RESET_B (sky130_fd_sc_hd__dfrtp_1)
                                  5.37   data arrival time

                          0.00    0.00   clock clk (rise edge)
                          0.00    0.00   clock source latency
                  0.06    0.04    0.04 ^ clk (in)
     1    0.01                           clk (net)
                  0.06    0.00    0.04 ^ clkbuf_0_clk/A (sky130_fd_sc_hd__clkbuf_16)
                  0.04    0.14    0.18 ^ clkbuf_0_clk/X (sky130_fd_sc_hd__clkbuf_16)
     2    0.02                           clknet_0_clk (net)
                  0.04    0.00    0.18 ^ clkbuf_1_1__f_clk/A (sky130_fd_sc_hd__clkbuf_16)
                  0.04    0.13    0.31 ^ clkbuf_1_1__f_clk/X (sky130_fd_sc_hd__clkbuf_16)
     6    0.02                           clknet_1_1__leaf_clk (net)
                  0.04    0.00    0.31 ^ _441_/CLK (sky130_fd_sc_hd__dfrtp_1)
                          0.25    0.56   clock uncertainty
                          0.00    0.56   clock reconvergence pessimism
                          0.35    0.91   library removal time
                                  0.91   data required time
-----------------------------------------------------------------------------
                                  0.91   data required time
                                 -5.37   data arrival time
-----------------------------------------------------------------------------
                                  4.46   slack (MET)


Startpoint: valid_in (input port clocked by clk)
Endpoint: _439_ (rising edge-triggered flip-flop clocked by clk)
Path Group: clk
Path Type: min
Corner: Typical

Fanout     Cap    Slew   Delay    Time   Description
-----------------------------------------------------------------------------
                          0.00    0.00   clock clk (rise edge)
                          0.00    0.00   clock network delay (propagated)
                          5.00    5.00 v input external delay
                  0.01    0.00    5.00 v valid_in (in)
     1    0.00                           valid_in (net)
                  0.01    0.00    5.00 v input22/A (sky130_fd_sc_hd__buf_1)
                  0.10    0.12    5.13 v input22/X (sky130_fd_sc_hd__buf_1)
     2    0.02                           net22 (net)
                  0.10    0.00    5.13 v _439_/D (sky130_fd_sc_hd__dfrtp_1)
                                  5.13   data arrival time

                          0.00    0.00   clock clk (rise edge)
                          0.00    0.00   clock source latency
                  0.06    0.04    0.04 ^ clk (in)
     1    0.01                           clk (net)
                  0.06    0.00    0.04 ^ clkbuf_0_clk/A (sky130_fd_sc_hd__clkbuf_16)
                  0.04    0.14    0.18 ^ clkbuf_0_clk/X (sky130_fd_sc_hd__clkbuf_16)
     2    0.02                           clknet_0_clk (net)
                  0.04    0.00    0.18 ^ clkbuf_1_1__f_clk/A (sky130_fd_sc_hd__clkbuf_16)
                  0.04    0.13    0.31 ^ clkbuf_1_1__f_clk/X (sky130_fd_sc_hd__clkbuf_16)
     6    0.02                           clknet_1_1__leaf_clk (net)
                  0.04    0.00    0.31 ^ _439_/CLK (sky130_fd_sc_hd__dfrtp_1)
                          0.25    0.56   clock uncertainty
                          0.00    0.56   clock reconvergence pessimism
                         -0.07    0.49   library hold time
                                  0.49   data required time
-----------------------------------------------------------------------------
                                  0.49   data required time
                                 -5.13   data arrival time
-----------------------------------------------------------------------------
                                  4.64   slack (MET)


Startpoint: _439_ (rising edge-triggered flip-flop clocked by clk)
Endpoint: valid_out (output port clocked by clk)
Path Group: clk
Path Type: min
Corner: Typical

Fanout     Cap    Slew   Delay    Time   Description
-----------------------------------------------------------------------------
                          0.00    0.00   clock clk (rise edge)
                          0.00    0.00   clock source latency
                  0.06    0.04    0.04 ^ clk (in)
     1    0.01                           clk (net)
                  0.06    0.00    0.04 ^ clkbuf_0_clk/A (sky130_fd_sc_hd__clkbuf_16)
                  0.04    0.13    0.17 ^ clkbuf_0_clk/X (sky130_fd_sc_hd__clkbuf_16)
     2    0.02                           clknet_0_clk (net)
                  0.04    0.00    0.17 ^ clkbuf_1_1__f_clk/A (sky130_fd_sc_hd__clkbuf_16)
                  0.04    0.12    0.28 ^ clkbuf_1_1__f_clk/X (sky130_fd_sc_hd__clkbuf_16)
     6    0.02                           clknet_1_1__leaf_clk (net)
                  0.04    0.00    0.28 ^ _439_/CLK (sky130_fd_sc_hd__dfrtp_1)
                  0.05    0.30    0.58 ^ _439_/Q (sky130_fd_sc_hd__dfrtp_1)
     1    0.00                           net36 (net)
                  0.05    0.00    0.58 ^ output36/A (sky130_fd_sc_hd__clkbuf_4)
                  0.11    0.18    0.76 ^ output36/X (sky130_fd_sc_hd__clkbuf_4)
     1    0.03                           valid_out (net)
                  0.11    0.00    0.76 ^ valid_out (out)
                                  0.76   data arrival time

                          0.00    0.00   clock clk (rise edge)
                          0.00    0.00   clock network delay (propagated)
                          0.25    0.25   clock uncertainty
                          0.00    0.25   clock reconvergence pessimism
                         -5.00   -4.75   output external delay
                                 -4.75   data required time
-----------------------------------------------------------------------------
                                 -4.75   data required time
                                 -0.76   data arrival time
-----------------------------------------------------------------------------
                                  5.51   slack (MET)


Startpoint: _440_ (rising edge-triggered flip-flop clocked by clk)
Endpoint: int4_out[0] (output port clocked by clk)
Path Group: clk
Path Type: min
Corner: Typical

Fanout     Cap    Slew   Delay    Time   Description
-----------------------------------------------------------------------------
                          0.00    0.00   clock clk (rise edge)
                          0.00    0.00   clock source latency
                  0.06    0.04    0.04 ^ clk (in)
     1    0.01                           clk (net)
                  0.06    0.00    0.04 ^ clkbuf_0_clk/A (sky130_fd_sc_hd__clkbuf_16)
                  0.04    0.13    0.17 ^ clkbuf_0_clk/X (sky130_fd_sc_hd__clkbuf_16)
     2    0.02                           clknet_0_clk (net)
                  0.04    0.00    0.17 ^ clkbuf_1_0__f_clk/A (sky130_fd_sc_hd__clkbuf_16)
                  0.05    0.12    0.29 ^ clkbuf_1_0__f_clk/X (sky130_fd_sc_hd__clkbuf_16)
     8    0.03                           clknet_1_0__leaf_clk (net)
                  0.05    0.00    0.29 ^ _440_/CLK (sky130_fd_sc_hd__dfrtp_1)
                  0.06    0.31    0.60 ^ _440_/Q (sky130_fd_sc_hd__dfrtp_1)
     2    0.01                           net23 (net)
                  0.06    0.00    0.60 ^ output23/A (sky130_fd_sc_hd__clkbuf_4)
                  0.11    0.18    0.78 ^ output23/X (sky130_fd_sc_hd__clkbuf_4)
     1    0.03                           int4_out[0] (net)
                  0.11    0.00    0.79 ^ int4_out[0] (out)
                                  0.79   data arrival time

                          0.00    0.00   clock clk (rise edge)
                          0.00    0.00   clock network delay (propagated)
                          0.25    0.25   clock uncertainty
                          0.00    0.25   clock reconvergence pessimism
                         -5.00   -4.75   output external delay
                                 -4.75   data required time
-----------------------------------------------------------------------------
                                 -4.75   data required time
                                 -0.79   data arrival time
-----------------------------------------------------------------------------
                                  5.54   slack (MET)


Startpoint: _445_ (rising edge-triggered flip-flop clocked by clk)
Endpoint: sideband_out[1] (output port clocked by clk)
Path Group: clk
Path Type: min
Corner: Typical

Fanout     Cap    Slew   Delay    Time   Description
-----------------------------------------------------------------------------
                          0.00    0.00   clock clk (rise edge)
                          0.00    0.00   clock source latency
                  0.06    0.04    0.04 ^ clk (in)
     1    0.01                           clk (net)
                  0.06    0.00    0.04 ^ clkbuf_0_clk/A (sky130_fd_sc_hd__clkbuf_16)
                  0.04    0.13    0.17 ^ clkbuf_0_clk/X (sky130_fd_sc_hd__clkbuf_16)
     2    0.02                           clknet_0_clk (net)
                  0.04    0.00    0.17 ^ clkbuf_1_1__f_clk/A (sky130_fd_sc_hd__clkbuf_16)
                  0.04    0.12    0.28 ^ clkbuf_1_1__f_clk/X (sky130_fd_sc_hd__clkbuf_16)
     6    0.02                           clknet_1_1__leaf_clk (net)
                  0.04    0.00    0.28 ^ _445_/CLK (sky130_fd_sc_hd__dfrtp_1)
                  0.06    0.31    0.59 ^ _445_/Q (sky130_fd_sc_hd__dfrtp_1)
     2    0.00                           net29 (net)
                  0.06    0.00    0.59 ^ output29/A (sky130_fd_sc_hd__buf_2)
                  0.17    0.19    0.79 ^ output29/X (sky130_fd_sc_hd__buf_2)
     1    0.03                           sideband_out[1] (net)
                  0.17    0.00    0.79 ^ sideband_out[1] (out)
                                  0.79   data arrival time

                          0.00    0.00   clock clk (rise edge)
                          0.00    0.00   clock network delay (propagated)
                          0.25    0.25   clock uncertainty
                          0.00    0.25   clock reconvergence pessimism
                         -5.00   -4.75   output external delay
                                 -4.75   data required time
-----------------------------------------------------------------------------
                                 -4.75   data required time
                                 -0.79   data arrival time
-----------------------------------------------------------------------------
                                  5.54   slack (MET)


Startpoint: _438_ (rising edge-triggered flip-flop clocked by clk)
Endpoint: is_outlier (output port clocked by clk)
Path Group: clk
Path Type: min
Corner: Typical

Fanout     Cap    Slew   Delay    Time   Description
-----------------------------------------------------------------------------
                          0.00    0.00   clock clk (rise edge)
                          0.00    0.00   clock source latency
                  0.06    0.04    0.04 ^ clk (in)
     1    0.01                           clk (net)
                  0.06    0.00    0.04 ^ clkbuf_0_clk/A (sky130_fd_sc_hd__clkbuf_16)
                  0.04    0.13    0.17 ^ clkbuf_0_clk/X (sky130_fd_sc_hd__clkbuf_16)
     2    0.02                           clknet_0_clk (net)
                  0.04    0.00    0.17 ^ clkbuf_1_0__f_clk/A (sky130_fd_sc_hd__clkbuf_16)
                  0.05    0.12    0.29 ^ clkbuf_1_0__f_clk/X (sky130_fd_sc_hd__clkbuf_16)
     8    0.03                           clknet_1_0__leaf_clk (net)
                  0.05    0.00    0.29 ^ _438_/CLK (sky130_fd_sc_hd__dfrtp_1)
                  0.06    0.32    0.61 ^ _438_/Q (sky130_fd_sc_hd__dfrtp_1)
     2    0.01                           net27 (net)
                  0.06    0.00    0.61 ^ output27/A (sky130_fd_sc_hd__clkbuf_4)
                  0.12    0.19    0.79 ^ output27/X (sky130_fd_sc_hd__clkbuf_4)
     1    0.04                           is_outlier (net)
                  0.12    0.00    0.79 ^ is_outlier (out)
                                  0.79   data arrival time

                          0.00    0.00   clock clk (rise edge)
                          0.00    0.00   clock network delay (propagated)
                          0.25    0.25   clock uncertainty
                          0.00    0.25   clock reconvergence pessimism
                         -5.00   -4.75   output external delay
                                 -4.75   data required time
-----------------------------------------------------------------------------
                                 -4.75   data required time
                                 -0.79   data arrival time
-----------------------------------------------------------------------------
                                  5.54   slack (MET)


Startpoint: _444_ (rising edge-triggered flip-flop clocked by clk)
Endpoint: sideband_out[0] (output port clocked by clk)
Path Group: clk
Path Type: min
Corner: Typical

Fanout     Cap    Slew   Delay    Time   Description
-----------------------------------------------------------------------------
                          0.00    0.00   clock clk (rise edge)
                          0.00    0.00   clock source latency
                  0.06    0.04    0.04 ^ clk (in)
     1    0.01                           clk (net)
                  0.06    0.00    0.04 ^ clkbuf_0_clk/A (sky130_fd_sc_hd__clkbuf_16)
                  0.04    0.13    0.17 ^ clkbuf_0_clk/X (sky130_fd_sc_hd__clkbuf_16)
     2    0.02                           clknet_0_clk (net)
                  0.04    0.00    0.17 ^ clkbuf_1_0__f_clk/A (sky130_fd_sc_hd__clkbuf_16)
                  0.05    0.12    0.29 ^ clkbuf_1_0__f_clk/X (sky130_fd_sc_hd__clkbuf_16)
     8    0.03                           clknet_1_0__leaf_clk (net)
                  0.05    0.00    0.29 ^ _444_/CLK (sky130_fd_sc_hd__dfrtp_1)
                  0.07    0.32    0.61 ^ _444_/Q (sky130_fd_sc_hd__dfrtp_1)
     2    0.01                           net28 (net)
                  0.07    0.00    0.61 ^ output28/A (sky130_fd_sc_hd__clkbuf_4)
                  0.11    0.18    0.79 ^ output28/X (sky130_fd_sc_hd__clkbuf_4)
     1    0.03                           sideband_out[0] (net)
                  0.11    0.00    0.79 ^ sideband_out[0] (out)
                                  0.79   data arrival time

                          0.00    0.00   clock clk (rise edge)
                          0.00    0.00   clock network delay (propagated)
                          0.25    0.25   clock uncertainty
                          0.00    0.25   clock reconvergence pessimism
                         -5.00   -4.75   output external delay
                                 -4.75   data required time
-----------------------------------------------------------------------------
                                 -4.75   data required time
                                 -0.79   data arrival time
-----------------------------------------------------------------------------
                                  5.54   slack (MET)


Startpoint: _450_ (rising edge-triggered flip-flop clocked by clk)
Endpoint: sideband_out[6] (output port clocked by clk)
Path Group: clk
Path Type: min
Corner: Typical

Fanout     Cap    Slew   Delay    Time   Description
-----------------------------------------------------------------------------
                          0.00    0.00   clock clk (rise edge)
                          0.00    0.00   clock source latency
                  0.06    0.04    0.04 ^ clk (in)
     1    0.01                           clk (net)
                  0.06    0.00    0.04 ^ clkbuf_0_clk/A (sky130_fd_sc_hd__clkbuf_16)
                  0.04    0.13    0.17 ^ clkbuf_0_clk/X (sky130_fd_sc_hd__clkbuf_16)
     2    0.02                           clknet_0_clk (net)
                  0.04    0.00    0.17 ^ clkbuf_1_0__f_clk/A (sky130_fd_sc_hd__clkbuf_16)
                  0.05    0.12    0.29 ^ clkbuf_1_0__f_clk/X (sky130_fd_sc_hd__clkbuf_16)
     8    0.03                           clknet_1_0__leaf_clk (net)
                  0.05    0.00    0.29 ^ _450_/CLK (sky130_fd_sc_hd__dfrtp_1)
                  0.07    0.32    0.61 ^ _450_/Q (sky130_fd_sc_hd__dfrtp_1)
     2    0.01                           net34 (net)
                  0.07    0.00    0.61 ^ output34/A (sky130_fd_sc_hd__clkbuf_4)
                  0.11    0.18    0.79 ^ output34/X (sky130_fd_sc_hd__clkbuf_4)
     1    0.03                           sideband_out[6] (net)
                  0.11    0.00    0.79 ^ sideband_out[6] (out)
                                  0.79   data arrival time

                          0.00    0.00   clock clk (rise edge)
                          0.00    0.00   clock network delay (propagated)
                          0.25    0.25   clock uncertainty
                          0.00    0.25   clock reconvergence pessimism
                         -5.00   -4.75   output external delay
                                 -4.75   data required time
-----------------------------------------------------------------------------
                                 -4.75   data required time
                                 -0.79   data arrival time
-----------------------------------------------------------------------------
                                  5.54   slack (MET)


Startpoint: _451_ (rising edge-triggered flip-flop clocked by clk)
Endpoint: sideband_out[7] (output port clocked by clk)
Path Group: clk
Path Type: min
Corner: Typical

Fanout     Cap    Slew   Delay    Time   Description
-----------------------------------------------------------------------------
                          0.00    0.00   clock clk (rise edge)
                          0.00    0.00   clock source latency
                  0.06    0.04    0.04 ^ clk (in)
     1    0.01                           clk (net)
                  0.06    0.00    0.04 ^ clkbuf_0_clk/A (sky130_fd_sc_hd__clkbuf_16)
                  0.04    0.13    0.17 ^ clkbuf_0_clk/X (sky130_fd_sc_hd__clkbuf_16)
     2    0.02                           clknet_0_clk (net)
                  0.04    0.00    0.17 ^ clkbuf_1_0__f_clk/A (sky130_fd_sc_hd__clkbuf_16)
                  0.05    0.12    0.29 ^ clkbuf_1_0__f_clk/X (sky130_fd_sc_hd__clkbuf_16)
     8    0.03                           clknet_1_0__leaf_clk (net)
                  0.05    0.00    0.29 ^ _451_/CLK (sky130_fd_sc_hd__dfrtp_1)
                  0.07    0.32    0.61 ^ _451_/Q (sky130_fd_sc_hd__dfrtp_1)
     2    0.01                           net35 (net)
                  0.07    0.00    0.61 ^ output35/A (sky130_fd_sc_hd__clkbuf_4)
                  0.11    0.18    0.80 ^ output35/X (sky130_fd_sc_hd__clkbuf_4)
     1    0.03                           sideband_out[7] (net)
                  0.11    0.00    0.80 ^ sideband_out[7] (out)
                                  0.80   data arrival time

                          0.00    0.00   clock clk (rise edge)
                          0.00    0.00   clock network delay (propagated)
                          0.25    0.25   clock uncertainty
                          0.00    0.25   clock reconvergence pessimism
                         -5.00   -4.75   output external delay
                                 -4.75   data required time
-----------------------------------------------------------------------------
                                 -4.75   data required time
                                 -0.80   data arrival time
-----------------------------------------------------------------------------
                                  5.55   slack (MET)


Startpoint: _448_ (rising edge-triggered flip-flop clocked by clk)
Endpoint: sideband_out[4] (output port clocked by clk)
Path Group: clk
Path Type: min
Corner: Typical

Fanout     Cap    Slew   Delay    Time   Description
-----------------------------------------------------------------------------
                          0.00    0.00   clock clk (rise edge)
                          0.00    0.00   clock source latency
                  0.06    0.04    0.04 ^ clk (in)
     1    0.01                           clk (net)
                  0.06    0.00    0.04 ^ clkbuf_0_clk/A (sky130_fd_sc_hd__clkbuf_16)
                  0.04    0.13    0.17 ^ clkbuf_0_clk/X (sky130_fd_sc_hd__clkbuf_16)
     2    0.02                           clknet_0_clk (net)
                  0.04    0.00    0.17 ^ clkbuf_1_1__f_clk/A (sky130_fd_sc_hd__clkbuf_16)
                  0.04    0.12    0.28 ^ clkbuf_1_1__f_clk/X (sky130_fd_sc_hd__clkbuf_16)
     6    0.02                           clknet_1_1__leaf_clk (net)
                  0.04    0.00    0.28 ^ _448_/CLK (sky130_fd_sc_hd__dfrtp_1)
                  0.07    0.32    0.60 ^ _448_/Q (sky130_fd_sc_hd__dfrtp_1)
     2    0.01                           net32 (net)
                  0.07    0.00    0.60 ^ output32/A (sky130_fd_sc_hd__buf_2)
                  0.17    0.20    0.80 ^ output32/X (sky130_fd_sc_hd__buf_2)
     1    0.03                           sideband_out[4] (net)
                  0.17    0.00    0.80 ^ sideband_out[4] (out)
                                  0.80   data arrival time

                          0.00    0.00   clock clk (rise edge)
                          0.00    0.00   clock network delay (propagated)
                          0.25    0.25   clock uncertainty
                          0.00    0.25   clock reconvergence pessimism
                         -5.00   -4.75   output external delay
                                 -4.75   data required time
-----------------------------------------------------------------------------
                                 -4.75   data required time
                                 -0.80   data arrival time
-----------------------------------------------------------------------------
                                  5.55   slack (MET)


Startpoint: _441_ (rising edge-triggered flip-flop clocked by clk)
Endpoint: int4_out[1] (output port clocked by clk)
Path Group: clk
Path Type: min
Corner: Typical

Fanout     Cap    Slew   Delay    Time   Description
-----------------------------------------------------------------------------
                          0.00    0.00   clock clk (rise edge)
                          0.00    0.00   clock source latency
                  0.06    0.04    0.04 ^ clk (in)
     1    0.01                           clk (net)
                  0.06    0.00    0.04 ^ clkbuf_0_clk/A (sky130_fd_sc_hd__clkbuf_16)
                  0.04    0.13    0.17 ^ clkbuf_0_clk/X (sky130_fd_sc_hd__clkbuf_16)
     2    0.02                           clknet_0_clk (net)
                  0.04    0.00    0.17 ^ clkbuf_1_1__f_clk/A (sky130_fd_sc_hd__clkbuf_16)
                  0.04    0.12    0.28 ^ clkbuf_1_1__f_clk/X (sky130_fd_sc_hd__clkbuf_16)
     6    0.02                           clknet_1_1__leaf_clk (net)
                  0.04    0.00    0.28 ^ _441_/CLK (sky130_fd_sc_hd__dfrtp_1)
                  0.08    0.33    0.61 ^ _441_/Q (sky130_fd_sc_hd__dfrtp_1)
     2    0.01                           net24 (net)
                  0.08    0.00    0.61 ^ output24/A (sky130_fd_sc_hd__clkbuf_4)
                  0.11    0.19    0.80 ^ output24/X (sky130_fd_sc_hd__clkbuf_4)
     1    0.03                           int4_out[1] (net)
                  0.11    0.00    0.80 ^ int4_out[1] (out)
                                  0.80   data arrival time

                          0.00    0.00   clock clk (rise edge)
                          0.00    0.00   clock network delay (propagated)
                          0.25    0.25   clock uncertainty
                          0.00    0.25   clock reconvergence pessimism
                         -5.00   -4.75   output external delay
                                 -4.75   data required time
-----------------------------------------------------------------------------
                                 -4.75   data required time
                                 -0.80   data arrival time
-----------------------------------------------------------------------------
                                  5.55   slack (MET)


Startpoint: _446_ (rising edge-triggered flip-flop clocked by clk)
Endpoint: sideband_out[2] (output port clocked by clk)
Path Group: clk
Path Type: min
Corner: Typical

Fanout     Cap    Slew   Delay    Time   Description
-----------------------------------------------------------------------------
                          0.00    0.00   clock clk (rise edge)
                          0.00    0.00   clock source latency
                  0.06    0.04    0.04 ^ clk (in)
     1    0.01                           clk (net)
                  0.06    0.00    0.04 ^ clkbuf_0_clk/A (sky130_fd_sc_hd__clkbuf_16)
                  0.04    0.13    0.17 ^ clkbuf_0_clk/X (sky130_fd_sc_hd__clkbuf_16)
     2    0.02                           clknet_0_clk (net)
                  0.04    0.00    0.17 ^ clkbuf_1_1__f_clk/A (sky130_fd_sc_hd__clkbuf_16)
                  0.04    0.12    0.28 ^ clkbuf_1_1__f_clk/X (sky130_fd_sc_hd__clkbuf_16)
     6    0.02                           clknet_1_1__leaf_clk (net)
                  0.04    0.00    0.28 ^ _446_/CLK (sky130_fd_sc_hd__dfrtp_1)
                  0.08    0.33    0.61 ^ _446_/Q (sky130_fd_sc_hd__dfrtp_1)
     2    0.01                           net30 (net)
                  0.08    0.00    0.61 ^ output30/A (sky130_fd_sc_hd__clkbuf_4)
                  0.11    0.19    0.80 ^ output30/X (sky130_fd_sc_hd__clkbuf_4)
     1    0.03                           sideband_out[2] (net)
                  0.11    0.00    0.80 ^ sideband_out[2] (out)
                                  0.80   data arrival time

                          0.00    0.00   clock clk (rise edge)
                          0.00    0.00   clock network delay (propagated)
                          0.25    0.25   clock uncertainty
                          0.00    0.25   clock reconvergence pessimism
                         -5.00   -4.75   output external delay
                                 -4.75   data required time
-----------------------------------------------------------------------------
                                 -4.75   data required time
                                 -0.80   data arrival time
-----------------------------------------------------------------------------
                                  5.55   slack (MET)


Startpoint: _449_ (rising edge-triggered flip-flop clocked by clk)
Endpoint: sideband_out[5] (output port clocked by clk)
Path Group: clk
Path Type: min
Corner: Typical

Fanout     Cap    Slew   Delay    Time   Description
-----------------------------------------------------------------------------
                          0.00    0.00   clock clk (rise edge)
                          0.00    0.00   clock source latency
                  0.06    0.04    0.04 ^ clk (in)
     1    0.01                           clk (net)
                  0.06    0.00    0.04 ^ clkbuf_0_clk/A (sky130_fd_sc_hd__clkbuf_16)
                  0.04    0.13    0.17 ^ clkbuf_0_clk/X (sky130_fd_sc_hd__clkbuf_16)
     2    0.02                           clknet_0_clk (net)
                  0.04    0.00    0.17 ^ clkbuf_1_0__f_clk/A (sky130_fd_sc_hd__clkbuf_16)
                  0.05    0.12    0.29 ^ clkbuf_1_0__f_clk/X (sky130_fd_sc_hd__clkbuf_16)
     8    0.03                           clknet_1_0__leaf_clk (net)
                  0.05    0.00    0.29 ^ _449_/CLK (sky130_fd_sc_hd__dfrtp_1)
                  0.09    0.33    0.62 ^ _449_/Q (sky130_fd_sc_hd__dfrtp_1)
     2    0.01                           net33 (net)
                  0.09    0.00    0.62 ^ output33/A (sky130_fd_sc_hd__clkbuf_4)
                  0.11    0.19    0.81 ^ output33/X (sky130_fd_sc_hd__clkbuf_4)
     1    0.03                           sideband_out[5] (net)
                  0.11    0.00    0.81 ^ sideband_out[5] (out)
                                  0.81   data arrival time

                          0.00    0.00   clock clk (rise edge)
                          0.00    0.00   clock network delay (propagated)
                          0.25    0.25   clock uncertainty
                          0.00    0.25   clock reconvergence pessimism
                         -5.00   -4.75   output external delay
                                 -4.75   data required time
-----------------------------------------------------------------------------
                                 -4.75   data required time
                                 -0.81   data arrival time
-----------------------------------------------------------------------------
                                  5.56   slack (MET)


Startpoint: _442_ (rising edge-triggered flip-flop clocked by clk)
Endpoint: int4_out[2] (output port clocked by clk)
Path Group: clk
Path Type: min
Corner: Typical

Fanout     Cap    Slew   Delay    Time   Description
-----------------------------------------------------------------------------
                          0.00    0.00   clock clk (rise edge)
                          0.00    0.00   clock source latency
                  0.06    0.04    0.04 ^ clk (in)
     1    0.01                           clk (net)
                  0.06    0.00    0.04 ^ clkbuf_0_clk/A (sky130_fd_sc_hd__clkbuf_16)
                  0.04    0.13    0.17 ^ clkbuf_0_clk/X (sky130_fd_sc_hd__clkbuf_16)
     2    0.02                           clknet_0_clk (net)
                  0.04    0.00    0.17 ^ clkbuf_1_0__f_clk/A (sky130_fd_sc_hd__clkbuf_16)
                  0.05    0.12    0.29 ^ clkbuf_1_0__f_clk/X (sky130_fd_sc_hd__clkbuf_16)
     8    0.03                           clknet_1_0__leaf_clk (net)
                  0.05    0.00    0.29 ^ _442_/CLK (sky130_fd_sc_hd__dfrtp_1)
                  0.09    0.34    0.63 ^ _442_/Q (sky130_fd_sc_hd__dfrtp_1)
     2    0.01                           net25 (net)
                  0.09    0.00    0.63 ^ output25/A (sky130_fd_sc_hd__clkbuf_4)
                  0.11    0.19    0.82 ^ output25/X (sky130_fd_sc_hd__clkbuf_4)
     1    0.03                           int4_out[2] (net)
                  0.11    0.00    0.82 ^ int4_out[2] (out)
                                  0.82   data arrival time

                          0.00    0.00   clock clk (rise edge)
                          0.00    0.00   clock network delay (propagated)
                          0.25    0.25   clock uncertainty
                          0.00    0.25   clock reconvergence pessimism
                         -5.00   -4.75   output external delay
                                 -4.75   data required time
-----------------------------------------------------------------------------
                                 -4.75   data required time
                                 -0.82   data arrival time
-----------------------------------------------------------------------------
                                  5.57   slack (MET)


Startpoint: _447_ (rising edge-triggered flip-flop clocked by clk)
Endpoint: sideband_out[3] (output port clocked by clk)
Path Group: clk
Path Type: min
Corner: Typical

Fanout     Cap    Slew   Delay    Time   Description
-----------------------------------------------------------------------------
                          0.00    0.00   clock clk (rise edge)
                          0.00    0.00   clock source latency
                  0.06    0.04    0.04 ^ clk (in)
     1    0.01                           clk (net)
                  0.06    0.00    0.04 ^ clkbuf_0_clk/A (sky130_fd_sc_hd__clkbuf_16)
                  0.04    0.13    0.17 ^ clkbuf_0_clk/X (sky130_fd_sc_hd__clkbuf_16)
     2    0.02                           clknet_0_clk (net)
                  0.04    0.00    0.17 ^ clkbuf_1_1__f_clk/A (sky130_fd_sc_hd__clkbuf_16)
                  0.04    0.12    0.28 ^ clkbuf_1_1__f_clk/X (sky130_fd_sc_hd__clkbuf_16)
     6    0.02                           clknet_1_1__leaf_clk (net)
                  0.04    0.00    0.28 ^ _447_/CLK (sky130_fd_sc_hd__dfrtp_1)
                  0.09    0.33    0.62 ^ _447_/Q (sky130_fd_sc_hd__dfrtp_1)
     2    0.01                           net31 (net)
                  0.09    0.00    0.62 ^ output31/A (sky130_fd_sc_hd__buf_2)
                  0.17    0.20    0.82 ^ output31/X (sky130_fd_sc_hd__buf_2)
     1    0.03                           sideband_out[3] (net)
                  0.17    0.00    0.82 ^ sideband_out[3] (out)
                                  0.82   data arrival time

                          0.00    0.00   clock clk (rise edge)
                          0.00    0.00   clock network delay (propagated)
                          0.25    0.25   clock uncertainty
                          0.00    0.25   clock reconvergence pessimism
                         -5.00   -4.75   output external delay
                                 -4.75   data required time
-----------------------------------------------------------------------------
                                 -4.75   data required time
                                 -0.82   data arrival time
-----------------------------------------------------------------------------
                                  5.57   slack (MET)


Startpoint: _443_ (rising edge-triggered flip-flop clocked by clk)
Endpoint: int4_out[3] (output port clocked by clk)
Path Group: clk
Path Type: min
Corner: Typical

Fanout     Cap    Slew   Delay    Time   Description
-----------------------------------------------------------------------------
                          0.00    0.00   clock clk (rise edge)
                          0.00    0.00   clock source latency
                  0.06    0.04    0.04 ^ clk (in)
     1    0.01                           clk (net)
                  0.06    0.00    0.04 ^ clkbuf_0_clk/A (sky130_fd_sc_hd__clkbuf_16)
                  0.04    0.13    0.17 ^ clkbuf_0_clk/X (sky130_fd_sc_hd__clkbuf_16)
     2    0.02                           clknet_0_clk (net)
                  0.04    0.00    0.17 ^ clkbuf_1_0__f_clk/A (sky130_fd_sc_hd__clkbuf_16)
                  0.05    0.12    0.29 ^ clkbuf_1_0__f_clk/X (sky130_fd_sc_hd__clkbuf_16)
     8    0.03                           clknet_1_0__leaf_clk (net)
                  0.05    0.00    0.29 ^ _443_/CLK (sky130_fd_sc_hd__dfrtp_1)
                  0.10    0.35    0.63 ^ _443_/Q (sky130_fd_sc_hd__dfrtp_1)
     2    0.01                           net26 (net)
                  0.10    0.00    0.63 ^ output26/A (sky130_fd_sc_hd__clkbuf_4)
                  0.11    0.19    0.83 ^ output26/X (sky130_fd_sc_hd__clkbuf_4)
     1    0.03                           int4_out[3] (net)
                  0.11    0.00    0.83 ^ int4_out[3] (out)
                                  0.83   data arrival time

                          0.00    0.00   clock clk (rise edge)
                          0.00    0.00   clock network delay (propagated)
                          0.25    0.25   clock uncertainty
                          0.00    0.25   clock reconvergence pessimism
                         -5.00   -4.75   output external delay
                                 -4.75   data required time
-----------------------------------------------------------------------------
                                 -4.75   data required time
                                 -0.83   data arrival time
-----------------------------------------------------------------------------
                                  5.58   slack (MET)



