
===========================================================================
report_checks -path_delay max (Setup)
============================================================================
======================= Fastest Corner ===================================

Startpoint: scale[3] (input port clocked by clk)
Endpoint: _480_ (rising edge-triggered flip-flop clocked by clk)
Path Group: clk
Path Type: max
Corner: Fastest

Fanout     Cap    Slew   Delay    Time   Description
-----------------------------------------------------------------------------
                          0.00    0.00   clock clk (rise edge)
                          0.00    0.00   clock network delay (propagated)
                          5.00    5.00 ^ input external delay
                  0.01    0.01    5.01 ^ scale[3] (in)
     1    0.00                           scale[3] (net)
                  0.01    0.00    5.01 ^ input14/A (sky130_fd_sc_hd__buf_2)
                  0.14    0.15    5.16 ^ input14/X (sky130_fd_sc_hd__buf_2)
     9    0.04                           net14 (net)
                  0.14    0.00    5.16 ^ _281_/A (sky130_fd_sc_hd__buf_2)
                  0.15    0.19    5.35 ^ _281_/X (sky130_fd_sc_hd__buf_2)
    10    0.04                           _230_ (net)
                  0.15    0.00    5.35 ^ _296_/A (sky130_fd_sc_hd__nand4_2)
                  0.08    0.08    5.43 v _296_/Y (sky130_fd_sc_hd__nand4_2)
     3    0.01                           _019_ (net)
                  0.08    0.00    5.43 v _331_/B1 (sky130_fd_sc_hd__a22o_1)
                  0.05    0.13    5.55 v _331_/X (sky130_fd_sc_hd__a22o_1)
     3    0.01                           _054_ (net)
                  0.05    0.00    5.56 v _333_/C (sky130_fd_sc_hd__and3_1)
                  0.04    0.14    5.69 v _333_/X (sky130_fd_sc_hd__and3_1)
     2    0.01                           _056_ (net)
                  0.04    0.00    5.69 v _335_/B (sky130_fd_sc_hd__or3b_2)
                  0.08    0.30    5.99 v _335_/X (sky130_fd_sc_hd__or3b_2)
     4    0.01                           _058_ (net)
                  0.08    0.00    5.99 v _354_/A (sky130_fd_sc_hd__and3_2)
                  0.05    0.16    6.15 v _354_/X (sky130_fd_sc_hd__and3_2)
     3    0.02                           _077_ (net)
                  0.05    0.00    6.15 v _410_/A (sky130_fd_sc_hd__nor2_2)
                  0.14    0.15    6.30 ^ _410_/Y (sky130_fd_sc_hd__nor2_2)
     3    0.02                           _133_ (net)
                  0.14    0.00    6.30 ^ _411_/B (sky130_fd_sc_hd__xor2_1)
                  0.05    0.05    6.35 v _411_/X (sky130_fd_sc_hd__xor2_1)
     1    0.00                           _134_ (net)
                  0.05    0.00    6.35 v _414_/A4 (sky130_fd_sc_hd__a41o_1)
                  0.05    0.20    6.55 v _414_/X (sky130_fd_sc_hd__a41o_1)
     3    0.01                           _137_ (net)
                  0.05    0.00    6.55 v _416_/A2 (sky130_fd_sc_hd__a21oi_1)
                  0.17    0.18    6.73 ^ _416_/Y (sky130_fd_sc_hd__a21oi_1)
     1    0.01                           _139_ (net)
                  0.17    0.00    6.73 ^ _417_/B (sky130_fd_sc_hd__xnor2_2)
                  0.19    0.11    6.84 ^ _417_/Y (sky130_fd_sc_hd__xnor2_2)
     4    0.02                           _140_ (net)
                  0.19    0.00    6.84 ^ _447_/C_N (sky130_fd_sc_hd__or3b_2)
                  0.07    0.29    7.13 v _447_/X (sky130_fd_sc_hd__or3b_2)
     1    0.01                           _170_ (net)
                  0.07    0.00    7.13 v _448_/A3 (sky130_fd_sc_hd__o311ai_4)
                  0.20    0.20    7.33 ^ _448_/Y (sky130_fd_sc_hd__o311ai_4)
     3    0.01                           _171_ (net)
                  0.20    0.00    7.33 ^ _451_/B1 (sky130_fd_sc_hd__a22o_1)
                  0.09    0.13    7.46 ^ _451_/X (sky130_fd_sc_hd__a22o_1)
     1    0.01                           _174_ (net)
                  0.09    0.00    7.46 ^ _452_/B2 (sky130_fd_sc_hd__a22o_1)
                  0.03    0.08    7.54 ^ _452_/X (sky130_fd_sc_hd__a22o_1)
     1    0.00                           _001_ (net)
                  0.03    0.00    7.54 ^ _480_/D (sky130_fd_sc_hd__dfrtp_1)
                                  7.54   data arrival time

                         25.00   25.00   clock clk (rise edge)
                          0.00   25.00   clock source latency
                  0.05    0.03   25.03 ^ clk (in)
     1    0.01                           clk (net)
                  0.05    0.00   25.03 ^ clkbuf_0_clk/A (sky130_fd_sc_hd__clkbuf_16)
                  0.03    0.09   25.12 ^ clkbuf_0_clk/X (sky130_fd_sc_hd__clkbuf_16)
     2    0.02                           clknet_0_clk (net)
                  0.03    0.00   25.12 ^ clkbuf_1_1__f_clk/A (sky130_fd_sc_hd__clkbuf_16)
                  0.04    0.09   25.21 ^ clkbuf_1_1__f_clk/X (sky130_fd_sc_hd__clkbuf_16)
     7    0.03                           clknet_1_1__leaf_clk (net)
                  0.04    0.00   25.21 ^ _480_/CLK (sky130_fd_sc_hd__dfrtp_1)
                         -0.25   24.96   clock uncertainty
                          0.00   24.96   clock reconvergence pessimism
                         -0.03   24.93   library setup time
                                 24.93   data required time
-----------------------------------------------------------------------------
                                 24.93   data required time
                                 -7.54   data arrival time
-----------------------------------------------------------------------------
                                 17.39   slack (MET)


Startpoint: scale[3] (input port clocked by clk)
Endpoint: _482_ (rising edge-triggered flip-flop clocked by clk)
Path Group: clk
Path Type: max
Corner: Fastest

Fanout     Cap    Slew   Delay    Time   Description
-----------------------------------------------------------------------------
                          0.00    0.00   clock clk (rise edge)
                          0.00    0.00   clock network delay (propagated)
                          5.00    5.00 ^ input external delay
                  0.01    0.01    5.01 ^ scale[3] (in)
     1    0.00                           scale[3] (net)
                  0.01    0.00    5.01 ^ input14/A (sky130_fd_sc_hd__buf_2)
                  0.14    0.15    5.16 ^ input14/X (sky130_fd_sc_hd__buf_2)
     9    0.04                           net14 (net)
                  0.14    0.00    5.16 ^ _281_/A (sky130_fd_sc_hd__buf_2)
                  0.15    0.19    5.35 ^ _281_/X (sky130_fd_sc_hd__buf_2)
    10    0.04                           _230_ (net)
                  0.15    0.00    5.35 ^ _296_/A (sky130_fd_sc_hd__nand4_2)
                  0.08    0.08    5.43 v _296_/Y (sky130_fd_sc_hd__nand4_2)
     3    0.01                           _019_ (net)
                  0.08    0.00    5.43 v _331_/B1 (sky130_fd_sc_hd__a22o_1)
                  0.05    0.13    5.55 v _331_/X (sky130_fd_sc_hd__a22o_1)
     3    0.01                           _054_ (net)
                  0.05    0.00    5.56 v _333_/C (sky130_fd_sc_hd__and3_1)
                  0.04    0.14    5.69 v _333_/X (sky130_fd_sc_hd__and3_1)
     2    0.01                           _056_ (net)
                  0.04    0.00    5.69 v _335_/B (sky130_fd_sc_hd__or3b_2)
                  0.08    0.30    5.99 v _335_/X (sky130_fd_sc_hd__or3b_2)
     4    0.01                           _058_ (net)
                  0.08    0.00    5.99 v _354_/A (sky130_fd_sc_hd__and3_2)
                  0.05    0.16    6.15 v _354_/X (sky130_fd_sc_hd__and3_2)
     3    0.02                           _077_ (net)
                  0.05    0.00    6.15 v _410_/A (sky130_fd_sc_hd__nor2_2)
                  0.14    0.15    6.30 ^ _410_/Y (sky130_fd_sc_hd__nor2_2)
     3    0.02                           _133_ (net)
                  0.14    0.00    6.30 ^ _411_/B (sky130_fd_sc_hd__xor2_1)
                  0.05    0.05    6.35 v _411_/X (sky130_fd_sc_hd__xor2_1)
     1    0.00                           _134_ (net)
                  0.05    0.00    6.35 v _414_/A4 (sky130_fd_sc_hd__a41o_1)
                  0.05    0.20    6.55 v _414_/X (sky130_fd_sc_hd__a41o_1)
     3    0.01                           _137_ (net)
                  0.05    0.00    6.55 v _416_/A2 (sky130_fd_sc_hd__a21oi_1)
                  0.17    0.18    6.73 ^ _416_/Y (sky130_fd_sc_hd__a21oi_1)
     1    0.01                           _139_ (net)
                  0.17    0.00    6.73 ^ _417_/B (sky130_fd_sc_hd__xnor2_2)
                  0.19    0.11    6.84 ^ _417_/Y (sky130_fd_sc_hd__xnor2_2)
     4    0.02                           _140_ (net)
                  0.19    0.00    6.84 ^ _447_/C_N (sky130_fd_sc_hd__or3b_2)
                  0.07    0.29    7.13 v _447_/X (sky130_fd_sc_hd__or3b_2)
     1    0.01                           _170_ (net)
                  0.07    0.00    7.13 v _448_/A3 (sky130_fd_sc_hd__o311ai_4)
                  0.20    0.20    7.33 ^ _448_/Y (sky130_fd_sc_hd__o311ai_4)
     3    0.01                           _171_ (net)
                  0.20    0.00    7.33 ^ _458_/B1 (sky130_fd_sc_hd__a22o_1)
                  0.08    0.13    7.46 ^ _458_/X (sky130_fd_sc_hd__a22o_1)
     1    0.01                           _179_ (net)
                  0.08    0.00    7.46 ^ _459_/B2 (sky130_fd_sc_hd__a22o_1)
                  0.03    0.08    7.54 ^ _459_/X (sky130_fd_sc_hd__a22o_1)
     1    0.00                           _003_ (net)
                  0.03    0.00    7.54 ^ _482_/D (sky130_fd_sc_hd__dfrtp_1)
                                  7.54   data arrival time

                         25.00   25.00   clock clk (rise edge)
                          0.00   25.00   clock source latency
                  0.05    0.03   25.03 ^ clk (in)
     1    0.01                           clk (net)
                  0.05    0.00   25.03 ^ clkbuf_0_clk/A (sky130_fd_sc_hd__clkbuf_16)
                  0.03    0.09   25.12 ^ clkbuf_0_clk/X (sky130_fd_sc_hd__clkbuf_16)
     2    0.02                           clknet_0_clk (net)
                  0.03    0.00   25.12 ^ clkbuf_1_1__f_clk/A (sky130_fd_sc_hd__clkbuf_16)
                  0.04    0.09   25.21 ^ clkbuf_1_1__f_clk/X (sky130_fd_sc_hd__clkbuf_16)
     7    0.03                           clknet_1_1__leaf_clk (net)
                  0.04    0.00   25.21 ^ _482_/CLK (sky130_fd_sc_hd__dfrtp_1)
                         -0.25   24.96   clock uncertainty
                          0.00   24.96   clock reconvergence pessimism
                         -0.03   24.93   library setup time
                                 24.93   data required time
-----------------------------------------------------------------------------
                                 24.93   data required time
                                 -7.54   data arrival time
-----------------------------------------------------------------------------
                                 17.39   slack (MET)


Startpoint: scale[3] (input port clocked by clk)
Endpoint: _481_ (rising edge-triggered flip-flop clocked by clk)
Path Group: clk
Path Type: max
Corner: Fastest

Fanout     Cap    Slew   Delay    Time   Description
-----------------------------------------------------------------------------
                          0.00    0.00   clock clk (rise edge)
                          0.00    0.00   clock network delay (propagated)
                          5.00    5.00 ^ input external delay
                  0.01    0.01    5.01 ^ scale[3] (in)
     1    0.00                           scale[3] (net)
                  0.01    0.00    5.01 ^ input14/A (sky130_fd_sc_hd__buf_2)
                  0.14    0.15    5.16 ^ input14/X (sky130_fd_sc_hd__buf_2)
     9    0.04                           net14 (net)
                  0.14    0.00    5.16 ^ _281_/A (sky130_fd_sc_hd__buf_2)
                  0.15    0.19    5.35 ^ _281_/X (sky130_fd_sc_hd__buf_2)
    10    0.04                           _230_ (net)
                  0.15    0.00    5.35 ^ _296_/A (sky130_fd_sc_hd__nand4_2)
                  0.08    0.08    5.43 v _296_/Y (sky130_fd_sc_hd__nand4_2)
     3    0.01                           _019_ (net)
                  0.08    0.00    5.43 v _331_/B1 (sky130_fd_sc_hd__a22o_1)
                  0.05    0.13    5.55 v _331_/X (sky130_fd_sc_hd__a22o_1)
     3    0.01                           _054_ (net)
                  0.05    0.00    5.56 v _333_/C (sky130_fd_sc_hd__and3_1)
                  0.04    0.14    5.69 v _333_/X (sky130_fd_sc_hd__and3_1)
     2    0.01                           _056_ (net)
                  0.04    0.00    5.69 v _335_/B (sky130_fd_sc_hd__or3b_2)
                  0.08    0.30    5.99 v _335_/X (sky130_fd_sc_hd__or3b_2)
     4    0.01                           _058_ (net)
                  0.08    0.00    5.99 v _354_/A (sky130_fd_sc_hd__and3_2)
                  0.05    0.16    6.15 v _354_/X (sky130_fd_sc_hd__and3_2)
     3    0.02                           _077_ (net)
                  0.05    0.00    6.15 v _410_/A (sky130_fd_sc_hd__nor2_2)
                  0.14    0.15    6.30 ^ _410_/Y (sky130_fd_sc_hd__nor2_2)
     3    0.02                           _133_ (net)
                  0.14    0.00    6.30 ^ _411_/B (sky130_fd_sc_hd__xor2_1)
                  0.05    0.05    6.35 v _411_/X (sky130_fd_sc_hd__xor2_1)
     1    0.00                           _134_ (net)
                  0.05    0.00    6.35 v _414_/A4 (sky130_fd_sc_hd__a41o_1)
                  0.05    0.20    6.55 v _414_/X (sky130_fd_sc_hd__a41o_1)
     3    0.01                           _137_ (net)
                  0.05    0.00    6.55 v _416_/A2 (sky130_fd_sc_hd__a21oi_1)
                  0.17    0.18    6.73 ^ _416_/Y (sky130_fd_sc_hd__a21oi_1)
     1    0.01                           _139_ (net)
                  0.17    0.00    6.73 ^ _417_/B (sky130_fd_sc_hd__xnor2_2)
                  0.19    0.11    6.84 ^ _417_/Y (sky130_fd_sc_hd__xnor2_2)
     4    0.02                           _140_ (net)
                  0.19    0.00    6.84 ^ _447_/C_N (sky130_fd_sc_hd__or3b_2)
                  0.07    0.29    7.13 v _447_/X (sky130_fd_sc_hd__or3b_2)
     1    0.01                           _170_ (net)
                  0.07    0.00    7.13 v _448_/A3 (sky130_fd_sc_hd__o311ai_4)
                  0.20    0.20    7.33 ^ _448_/Y (sky130_fd_sc_hd__o311ai_4)
     3    0.01                           _171_ (net)
                  0.20    0.00    7.33 ^ _454_/A2 (sky130_fd_sc_hd__a32o_1)
                  0.04    0.11    7.44 ^ _454_/X (sky130_fd_sc_hd__a32o_1)
     1    0.00                           _176_ (net)
                  0.04    0.00    7.44 ^ _455_/B2 (sky130_fd_sc_hd__a22o_1)
                  0.03    0.07    7.51 ^ _455_/X (sky130_fd_sc_hd__a22o_1)
     1    0.00                           _002_ (net)
                  0.03    0.00    7.51 ^ _481_/D (sky130_fd_sc_hd__dfrtp_1)
                                  7.51   data arrival time

                         25.00   25.00   clock clk (rise edge)
                          0.00   25.00   clock source latency
                  0.05    0.03   25.03 ^ clk (in)
     1    0.01                           clk (net)
                  0.05    0.00   25.03 ^ clkbuf_0_clk/A (sky130_fd_sc_hd__clkbuf_16)
                  0.03    0.09   25.12 ^ clkbuf_0_clk/X (sky130_fd_sc_hd__clkbuf_16)
     2    0.02                           clknet_0_clk (net)
                  0.03    0.00   25.12 ^ clkbuf_1_1__f_clk/A (sky130_fd_sc_hd__clkbuf_16)
                  0.04    0.09   25.21 ^ clkbuf_1_1__f_clk/X (sky130_fd_sc_hd__clkbuf_16)
     7    0.03                           clknet_1_1__leaf_clk (net)
                  0.04    0.00   25.21 ^ _481_/CLK (sky130_fd_sc_hd__dfrtp_1)
                         -0.25   24.96   clock uncertainty
                          0.00   24.96   clock reconvergence pessimism
                         -0.03   24.93   library setup time
                                 24.93   data required time
-----------------------------------------------------------------------------
                                 24.93   data required time
                                 -7.51   data arrival time
-----------------------------------------------------------------------------
                                 17.41   slack (MET)


Startpoint: scale[3] (input port clocked by clk)
Endpoint: _483_ (rising edge-triggered flip-flop clocked by clk)
Path Group: clk
Path Type: max
Corner: Fastest

Fanout     Cap    Slew   Delay    Time   Description
-----------------------------------------------------------------------------
                          0.00    0.00   clock clk (rise edge)
                          0.00    0.00   clock network delay (propagated)
                          5.00    5.00 ^ input external delay
                  0.01    0.01    5.01 ^ scale[3] (in)
     1    0.00                           scale[3] (net)
                  0.01    0.00    5.01 ^ input14/A (sky130_fd_sc_hd__buf_2)
                  0.14    0.15    5.16 ^ input14/X (sky130_fd_sc_hd__buf_2)
     9    0.04                           net14 (net)
                  0.14    0.00    5.16 ^ _281_/A (sky130_fd_sc_hd__buf_2)
                  0.15    0.19    5.35 ^ _281_/X (sky130_fd_sc_hd__buf_2)
    10    0.04                           _230_ (net)
                  0.15    0.00    5.35 ^ _296_/A (sky130_fd_sc_hd__nand4_2)
                  0.08    0.08    5.43 v _296_/Y (sky130_fd_sc_hd__nand4_2)
     3    0.01                           _019_ (net)
                  0.08    0.00    5.43 v _331_/B1 (sky130_fd_sc_hd__a22o_1)
                  0.05    0.13    5.55 v _331_/X (sky130_fd_sc_hd__a22o_1)
     3    0.01                           _054_ (net)
                  0.05    0.00    5.56 v _333_/C (sky130_fd_sc_hd__and3_1)
                  0.04    0.14    5.69 v _333_/X (sky130_fd_sc_hd__and3_1)
     2    0.01                           _056_ (net)
                  0.04    0.00    5.69 v _335_/B (sky130_fd_sc_hd__or3b_2)
                  0.08    0.30    5.99 v _335_/X (sky130_fd_sc_hd__or3b_2)
     4    0.01                           _058_ (net)
                  0.08    0.00    5.99 v _354_/A (sky130_fd_sc_hd__and3_2)
                  0.05    0.16    6.15 v _354_/X (sky130_fd_sc_hd__and3_2)
     3    0.02                           _077_ (net)
                  0.05    0.00    6.15 v _410_/A (sky130_fd_sc_hd__nor2_2)
                  0.14    0.15    6.30 ^ _410_/Y (sky130_fd_sc_hd__nor2_2)
     3    0.02                           _133_ (net)
                  0.14    0.00    6.30 ^ _411_/B (sky130_fd_sc_hd__xor2_1)
                  0.05    0.05    6.35 v _411_/X (sky130_fd_sc_hd__xor2_1)
     1    0.00                           _134_ (net)
                  0.05    0.00    6.35 v _414_/A4 (sky130_fd_sc_hd__a41o_1)
                  0.05    0.20    6.55 v _414_/X (sky130_fd_sc_hd__a41o_1)
     3    0.01                           _137_ (net)
                  0.05    0.00    6.55 v _420_/B (sky130_fd_sc_hd__xnor2_1)
                  0.05    0.10    6.65 v _420_/Y (sky130_fd_sc_hd__xnor2_1)
     2    0.01                           _143_ (net)
                  0.05    0.00    6.65 v _429_/C (sky130_fd_sc_hd__nor4_1)
                  0.27    0.26    6.91 ^ _429_/Y (sky130_fd_sc_hd__nor4_1)
     3    0.01                           _152_ (net)
                  0.27    0.00    6.91 ^ max_cap38/A (sky130_fd_sc_hd__buf_1)
                  0.10    0.11    7.02 ^ max_cap38/X (sky130_fd_sc_hd__buf_1)
     2    0.01                           net38 (net)
                  0.10    0.00    7.02 ^ _435_/B (sky130_fd_sc_hd__nand3_2)
                  0.08    0.08    7.10 v _435_/Y (sky130_fd_sc_hd__nand3_2)
     2    0.01                           _158_ (net)
                  0.08    0.00    7.10 v _436_/B (sky130_fd_sc_hd__nand2_2)
                  0.10    0.12    7.23 ^ _436_/Y (sky130_fd_sc_hd__nand2_2)
     4    0.02                           _159_ (net)
                  0.10    0.00    7.23 ^ _460_/A (sky130_fd_sc_hd__inv_2)
                  0.02    0.02    7.25 v _460_/Y (sky130_fd_sc_hd__inv_2)
     1    0.00                           _180_ (net)
                  0.02    0.00    7.25 v _461_/B2 (sky130_fd_sc_hd__a22o_1)
                  0.03    0.09    7.34 v _461_/X (sky130_fd_sc_hd__a22o_1)
     1    0.00                           _004_ (net)
                  0.03    0.00    7.34 v _483_/D (sky130_fd_sc_hd__dfrtp_1)
                                  7.34   data arrival time

                         25.00   25.00   clock clk (rise edge)
                          0.00   25.00   clock source latency
                  0.05    0.03   25.03 ^ clk (in)
     1    0.01                           clk (net)
                  0.05    0.00   25.03 ^ clkbuf_0_clk/A (sky130_fd_sc_hd__clkbuf_16)
                  0.03    0.09   25.12 ^ clkbuf_0_clk/X (sky130_fd_sc_hd__clkbuf_16)
     2    0.02                           clknet_0_clk (net)
                  0.03    0.00   25.12 ^ clkbuf_1_1__f_clk/A (sky130_fd_sc_hd__clkbuf_16)
                  0.04    0.09   25.21 ^ clkbuf_1_1__f_clk/X (sky130_fd_sc_hd__clkbuf_16)
     7    0.03                           clknet_1_1__leaf_clk (net)
                  0.04    0.00   25.21 ^ _483_/CLK (sky130_fd_sc_hd__dfrtp_1)
                         -0.25   24.96   clock uncertainty
                          0.00   24.96   clock reconvergence pessimism
                         -0.07   24.89   library setup time
                                 24.89   data required time
-----------------------------------------------------------------------------
                                 24.89   data required time
                                 -7.34   data arrival time
-----------------------------------------------------------------------------
                                 17.55   slack (MET)


Startpoint: data_in[2] (input port clocked by clk)
Endpoint: _478_ (rising edge-triggered flip-flop clocked by clk)
Path Group: clk
Path Type: max
Corner: Fastest

Fanout     Cap    Slew   Delay    Time   Description
-----------------------------------------------------------------------------
                          0.00    0.00   clock clk (rise edge)
                          0.00    0.00   clock network delay (propagated)
                          5.00    5.00 v input external delay
                  0.01    0.00    5.00 v data_in[2] (in)
     1    0.00                           data_in[2] (net)
                  0.01    0.00    5.00 v input3/A (sky130_fd_sc_hd__clkbuf_2)
                  0.08    0.11    5.11 v input3/X (sky130_fd_sc_hd__clkbuf_2)
     4    0.03                           net3 (net)
                  0.08    0.00    5.12 v _245_/A (sky130_fd_sc_hd__clkbuf_4)
                  0.07    0.16    5.27 v _245_/X (sky130_fd_sc_hd__clkbuf_4)
    10    0.04                           _195_ (net)
                  0.07    0.00    5.28 v _248_/B (sky130_fd_sc_hd__or4_1)
                  0.08    0.34    5.62 v _248_/X (sky130_fd_sc_hd__or4_1)
     3    0.01                           _198_ (net)
                  0.08    0.00    5.62 v _249_/C (sky130_fd_sc_hd__or3_1)
                  0.05    0.21    5.83 v _249_/X (sky130_fd_sc_hd__or3_1)
     2    0.00                           _199_ (net)
                  0.05    0.00    5.83 v _251_/B (sky130_fd_sc_hd__or3b_2)
                  0.07    0.30    6.13 v _251_/X (sky130_fd_sc_hd__or3b_2)
     2    0.01                           _201_ (net)
                  0.07    0.00    6.13 v _276_/A2 (sky130_fd_sc_hd__o22a_1)
                  0.05    0.16    6.29 v _276_/X (sky130_fd_sc_hd__o22a_1)
     1    0.01                           _226_ (net)
                  0.05    0.00    6.29 v _277_/B1 (sky130_fd_sc_hd__a21oi_4)
                  0.27    0.17    6.46 ^ _277_/Y (sky130_fd_sc_hd__a21oi_4)
     9    0.05                           _227_ (net)
                  0.27    0.00    6.46 ^ _278_/B (sky130_fd_sc_hd__nor2_2)
                  0.10    0.08    6.55 v _278_/Y (sky130_fd_sc_hd__nor2_2)
     5    0.03                           _228_ (net)
                  0.10    0.00    6.55 v _279_/B1_N (sky130_fd_sc_hd__o21ba_1)
                  0.03    0.15    6.70 ^ _279_/X (sky130_fd_sc_hd__o21ba_1)
     1    0.00                           _000_ (net)
                  0.03    0.00    6.70 ^ _478_/D (sky130_fd_sc_hd__dfrtp_1)
                                  6.70   data arrival time

                         25.00   25.00   clock clk (rise edge)
                          0.00   25.00   clock source latency
                  0.05    0.03   25.03 ^ clk (in)
     1    0.01                           clk (net)
                  0.05    0.00   25.03 ^ clkbuf_0_clk/A (sky130_fd_sc_hd__clkbuf_16)
                  0.03    0.09   25.12 ^ clkbuf_0_clk/X (sky130_fd_sc_hd__clkbuf_16)
     2    0.02                           clknet_0_clk (net)
                  0.03    0.00   25.12 ^ clkbuf_1_1__f_clk/A (sky130_fd_sc_hd__clkbuf_16)
                  0.04    0.09   25.21 ^ clkbuf_1_1__f_clk/X (sky130_fd_sc_hd__clkbuf_16)
     7    0.03                           clknet_1_1__leaf_clk (net)
                  0.04    0.00   25.21 ^ _478_/CLK (sky130_fd_sc_hd__dfrtp_1)
                         -0.25   24.96   clock uncertainty
                          0.00   24.96   clock reconvergence pessimism
                         -0.03   24.93   library setup time
                                 24.93   data required time
-----------------------------------------------------------------------------
                                 24.93   data required time
                                 -6.70   data arrival time
-----------------------------------------------------------------------------
                                 18.23   slack (MET)


Startpoint: data_in[2] (input port clocked by clk)
Endpoint: _490_ (rising edge-triggered flip-flop clocked by clk)
Path Group: clk
Path Type: max
Corner: Fastest

Fanout     Cap    Slew   Delay    Time   Description
-----------------------------------------------------------------------------
                          0.00    0.00   clock clk (rise edge)
                          0.00    0.00   clock network delay (propagated)
                          5.00    5.00 v input external delay
                  0.01    0.00    5.00 v data_in[2] (in)
     1    0.00                           data_in[2] (net)
                  0.01    0.00    5.00 v input3/A (sky130_fd_sc_hd__clkbuf_2)
                  0.08    0.11    5.11 v input3/X (sky130_fd_sc_hd__clkbuf_2)
     4    0.03                           net3 (net)
                  0.08    0.00    5.12 v _245_/A (sky130_fd_sc_hd__clkbuf_4)
                  0.07    0.16    5.27 v _245_/X (sky130_fd_sc_hd__clkbuf_4)
    10    0.04                           _195_ (net)
                  0.07    0.00    5.28 v _248_/B (sky130_fd_sc_hd__or4_1)
                  0.08    0.34    5.62 v _248_/X (sky130_fd_sc_hd__or4_1)
     3    0.01                           _198_ (net)
                  0.08    0.00    5.62 v _249_/C (sky130_fd_sc_hd__or3_1)
                  0.05    0.21    5.83 v _249_/X (sky130_fd_sc_hd__or3_1)
     2    0.00                           _199_ (net)
                  0.05    0.00    5.83 v _251_/B (sky130_fd_sc_hd__or3b_2)
                  0.07    0.30    6.13 v _251_/X (sky130_fd_sc_hd__or3b_2)
     2    0.01                           _201_ (net)
                  0.07    0.00    6.13 v _276_/A2 (sky130_fd_sc_hd__o22a_1)
                  0.05    0.16    6.29 v _276_/X (sky130_fd_sc_hd__o22a_1)
     1    0.01                           _226_ (net)
                  0.05    0.00    6.29 v _277_/B1 (sky130_fd_sc_hd__a21oi_4)
                  0.27    0.17    6.46 ^ _277_/Y (sky130_fd_sc_hd__a21oi_4)
     9    0.05                           _227_ (net)
                  0.27    0.00    6.46 ^ _475_/A3 (sky130_fd_sc_hd__a31o_1)
                  0.04    0.11    6.57 ^ _475_/X (sky130_fd_sc_hd__a31o_1)
     1    0.00                           _011_ (net)
                  0.04    0.00    6.57 ^ _490_/D (sky130_fd_sc_hd__dfrtp_1)
                                  6.57   data arrival time

                         25.00   25.00   clock clk (rise edge)
                          0.00   25.00   clock source latency
                  0.05    0.03   25.03 ^ clk (in)
     1    0.01                           clk (net)
                  0.05    0.00   25.03 ^ clkbuf_0_clk/A (sky130_fd_sc_hd__clkbuf_16)
                  0.03    0.09   25.12 ^ clkbuf_0_clk/X (sky130_fd_sc_hd__clkbuf_16)
     2    0.02                           clknet_0_clk (net)
                  0.03    0.00   25.12 ^ clkbuf_1_0__f_clk/A (sky130_fd_sc_hd__clkbuf_16)
                  0.04    0.09   25.21 ^ clkbuf_1_0__f_clk/X (sky130_fd_sc_hd__clkbuf_16)
     7    0.03                           clknet_1_0__leaf_clk (net)
                  0.04    0.00   25.21 ^ _490_/CLK (sky130_fd_sc_hd__dfrtp_1)
                         -0.25   24.96   clock uncertainty
                          0.00   24.96   clock reconvergence pessimism
                         -0.03   24.93   library setup time
                                 24.93   data required time
-----------------------------------------------------------------------------
                                 24.93   data required time
                                 -6.57   data arrival time
-----------------------------------------------------------------------------
                                 18.36   slack (MET)


Startpoint: data_in[2] (input port clocked by clk)
Endpoint: _488_ (rising edge-triggered flip-flop clocked by clk)
Path Group: clk
Path Type: max
Corner: Fastest

Fanout     Cap    Slew   Delay    Time   Description
-----------------------------------------------------------------------------
                          0.00    0.00   clock clk (rise edge)
                          0.00    0.00   clock network delay (propagated)
                          5.00    5.00 v input external delay
                  0.01    0.00    5.00 v data_in[2] (in)
     1    0.00                           data_in[2] (net)
                  0.01    0.00    5.00 v input3/A (sky130_fd_sc_hd__clkbuf_2)
                  0.08    0.11    5.11 v input3/X (sky130_fd_sc_hd__clkbuf_2)
     4    0.03                           net3 (net)
                  0.08    0.00    5.12 v _245_/A (sky130_fd_sc_hd__clkbuf_4)
                  0.07    0.16    5.27 v _245_/X (sky130_fd_sc_hd__clkbuf_4)
    10    0.04                           _195_ (net)
                  0.07    0.00    5.28 v _248_/B (sky130_fd_sc_hd__or4_1)
                  0.08    0.34    5.62 v _248_/X (sky130_fd_sc_hd__or4_1)
     3    0.01                           _198_ (net)
                  0.08    0.00    5.62 v _249_/C (sky130_fd_sc_hd__or3_1)
                  0.05    0.21    5.83 v _249_/X (sky130_fd_sc_hd__or3_1)
     2    0.00                           _199_ (net)
                  0.05    0.00    5.83 v _251_/B (sky130_fd_sc_hd__or3b_2)
                  0.07    0.30    6.13 v _251_/X (sky130_fd_sc_hd__or3b_2)
     2    0.01                           _201_ (net)
                  0.07    0.00    6.13 v _276_/A2 (sky130_fd_sc_hd__o22a_1)
                  0.05    0.16    6.29 v _276_/X (sky130_fd_sc_hd__o22a_1)
     1    0.01                           _226_ (net)
                  0.05    0.00    6.29 v _277_/B1 (sky130_fd_sc_hd__a21oi_4)
                  0.27    0.17    6.46 ^ _277_/Y (sky130_fd_sc_hd__a21oi_4)
     9    0.05                           _227_ (net)
                  0.27    0.00    6.46 ^ _471_/A3 (sky130_fd_sc_hd__a31o_1)
                  0.03    0.10    6.57 ^ _471_/X (sky130_fd_sc_hd__a31o_1)
     1    0.00                           _009_ (net)
                  0.03    0.00    6.57 ^ _488_/D (sky130_fd_sc_hd__dfrtp_1)
                                  6.57   data arrival time

                         25.00   25.00   clock clk (rise edge)
                          0.00   25.00   clock source latency
                  0.05    0.03   25.03 ^ clk (in)
     1    0.01                           clk (net)
                  0.05    0.00   25.03 ^ clkbuf_0_clk/A (sky130_fd_sc_hd__clkbuf_16)
                  0.03    0.09   25.12 ^ clkbuf_0_clk/X (sky130_fd_sc_hd__clkbuf_16)
     2    0.02                           clknet_0_clk (net)
                  0.03    0.00   25.12 ^ clkbuf_1_0__f_clk/A (sky130_fd_sc_hd__clkbuf_16)
                  0.04    0.09   25.21 ^ clkbuf_1_0__f_clk/X (sky130_fd_sc_hd__clkbuf_16)
     7    0.03                           clknet_1_0__leaf_clk (net)
                  0.04    0.00   25.21 ^ _488_/CLK (sky130_fd_sc_hd__dfrtp_1)
                         -0.25   24.96   clock uncertainty
                          0.00   24.96   clock reconvergence pessimism
                         -0.03   24.93   library setup time
                                 24.93   data required time
-----------------------------------------------------------------------------
                                 24.93   data required time
                                 -6.57   data arrival time
-----------------------------------------------------------------------------
                                 18.36   slack (MET)


Startpoint: data_in[2] (input port clocked by clk)
Endpoint: _491_ (rising edge-triggered flip-flop clocked by clk)
Path Group: clk
Path Type: max
Corner: Fastest

Fanout     Cap    Slew   Delay    Time   Description
-----------------------------------------------------------------------------
                          0.00    0.00   clock clk (rise edge)
                          0.00    0.00   clock network delay (propagated)
                          5.00    5.00 v input external delay
                  0.01    0.00    5.00 v data_in[2] (in)
     1    0.00                           data_in[2] (net)
                  0.01    0.00    5.00 v input3/A (sky130_fd_sc_hd__clkbuf_2)
                  0.08    0.11    5.11 v input3/X (sky130_fd_sc_hd__clkbuf_2)
     4    0.03                           net3 (net)
                  0.08    0.00    5.12 v _245_/A (sky130_fd_sc_hd__clkbuf_4)
                  0.07    0.16    5.27 v _245_/X (sky130_fd_sc_hd__clkbuf_4)
    10    0.04                           _195_ (net)
                  0.07    0.00    5.28 v _248_/B (sky130_fd_sc_hd__or4_1)
                  0.08    0.34    5.62 v _248_/X (sky130_fd_sc_hd__or4_1)
     3    0.01                           _198_ (net)
                  0.08    0.00    5.62 v _249_/C (sky130_fd_sc_hd__or3_1)
                  0.05    0.21    5.83 v _249_/X (sky130_fd_sc_hd__or3_1)
     2    0.00                           _199_ (net)
                  0.05    0.00    5.83 v _251_/B (sky130_fd_sc_hd__or3b_2)
                  0.07    0.30    6.13 v _251_/X (sky130_fd_sc_hd__or3b_2)
     2    0.01                           _201_ (net)
                  0.07    0.00    6.13 v _276_/A2 (sky130_fd_sc_hd__o22a_1)
                  0.05    0.16    6.29 v _276_/X (sky130_fd_sc_hd__o22a_1)
     1    0.01                           _226_ (net)
                  0.05    0.00    6.29 v _277_/B1 (sky130_fd_sc_hd__a21oi_4)
                  0.27    0.17    6.46 ^ _277_/Y (sky130_fd_sc_hd__a21oi_4)
     9    0.05                           _227_ (net)
                  0.27    0.00    6.46 ^ _477_/A3 (sky130_fd_sc_hd__a31o_1)
                  0.03    0.10    6.57 ^ _477_/X (sky130_fd_sc_hd__a31o_1)
     1    0.00                           _012_ (net)
                  0.03    0.00    6.57 ^ _491_/D (sky130_fd_sc_hd__dfrtp_1)
                                  6.57   data arrival time

                         25.00   25.00   clock clk (rise edge)
                          0.00   25.00   clock source latency
                  0.05    0.03   25.03 ^ clk (in)
     1    0.01                           clk (net)
                  0.05    0.00   25.03 ^ clkbuf_0_clk/A (sky130_fd_sc_hd__clkbuf_16)
                  0.03    0.09   25.12 ^ clkbuf_0_clk/X (sky130_fd_sc_hd__clkbuf_16)
     2    0.02                           clknet_0_clk (net)
                  0.03    0.00   25.12 ^ clkbuf_1_0__f_clk/A (sky130_fd_sc_hd__clkbuf_16)
                  0.04    0.09   25.21 ^ clkbuf_1_0__f_clk/X (sky130_fd_sc_hd__clkbuf_16)
     7    0.03                           clknet_1_0__leaf_clk (net)
                  0.04    0.00   25.21 ^ _491_/CLK (sky130_fd_sc_hd__dfrtp_1)
                         -0.25   24.96   clock uncertainty
                          0.00   24.96   clock reconvergence pessimism
                         -0.03   24.93   library setup time
                                 24.93   data required time
-----------------------------------------------------------------------------
                                 24.93   data required time
                                 -6.57   data arrival time
-----------------------------------------------------------------------------
                                 18.36   slack (MET)


Startpoint: data_in[2] (input port clocked by clk)
Endpoint: _485_ (rising edge-triggered flip-flop clocked by clk)
Path Group: clk
Path Type: max
Corner: Fastest

Fanout     Cap    Slew   Delay    Time   Description
-----------------------------------------------------------------------------
                          0.00    0.00   clock clk (rise edge)
                          0.00    0.00   clock network delay (propagated)
                          5.00    5.00 v input external delay
                  0.01    0.00    5.00 v data_in[2] (in)
     1    0.00                           data_in[2] (net)
                  0.01    0.00    5.00 v input3/A (sky130_fd_sc_hd__clkbuf_2)
                  0.08    0.11    5.11 v input3/X (sky130_fd_sc_hd__clkbuf_2)
     4    0.03                           net3 (net)
                  0.08    0.00    5.12 v _245_/A (sky130_fd_sc_hd__clkbuf_4)
                  0.07    0.16    5.27 v _245_/X (sky130_fd_sc_hd__clkbuf_4)
    10    0.04                           _195_ (net)
                  0.07    0.00    5.28 v _248_/B (sky130_fd_sc_hd__or4_1)
                  0.08    0.34    5.62 v _248_/X (sky130_fd_sc_hd__or4_1)
     3    0.01                           _198_ (net)
                  0.08    0.00    5.62 v _249_/C (sky130_fd_sc_hd__or3_1)
                  0.05    0.21    5.83 v _249_/X (sky130_fd_sc_hd__or3_1)
     2    0.00                           _199_ (net)
                  0.05    0.00    5.83 v _251_/B (sky130_fd_sc_hd__or3b_2)
                  0.07    0.30    6.13 v _251_/X (sky130_fd_sc_hd__or3b_2)
     2    0.01                           _201_ (net)
                  0.07    0.00    6.13 v _276_/A2 (sky130_fd_sc_hd__o22a_1)
                  0.05    0.16    6.29 v _276_/X (sky130_fd_sc_hd__o22a_1)
     1    0.01                           _226_ (net)
                  0.05    0.00    6.29 v _277_/B1 (sky130_fd_sc_hd__a21oi_4)
                  0.27    0.17    6.46 ^ _277_/Y (sky130_fd_sc_hd__a21oi_4)
     9    0.05                           _227_ (net)
                  0.27    0.00    6.46 ^ _465_/A3 (sky130_fd_sc_hd__a31o_1)
                  0.03    0.10    6.57 ^ _465_/X (sky130_fd_sc_hd__a31o_1)
     1    0.00                           _006_ (net)
                  0.03    0.00    6.57 ^ _485_/D (sky130_fd_sc_hd__dfrtp_1)
                                  6.57   data arrival time

                         25.00   25.00   clock clk (rise edge)
                          0.00   25.00   clock source latency
                  0.05    0.03   25.03 ^ clk (in)
     1    0.01                           clk (net)
                  0.05    0.00   25.03 ^ clkbuf_0_clk/A (sky130_fd_sc_hd__clkbuf_16)
                  0.03    0.09   25.12 ^ clkbuf_0_clk/X (sky130_fd_sc_hd__clkbuf_16)
     2    0.02                           clknet_0_clk (net)
                  0.03    0.00   25.12 ^ clkbuf_1_0__f_clk/A (sky130_fd_sc_hd__clkbuf_16)
                  0.04    0.09   25.21 ^ clkbuf_1_0__f_clk/X (sky130_fd_sc_hd__clkbuf_16)
     7    0.03                           clknet_1_0__leaf_clk (net)
                  0.04    0.00   25.21 ^ _485_/CLK (sky130_fd_sc_hd__dfrtp_1)
                         -0.25   24.96   clock uncertainty
                          0.00   24.96   clock reconvergence pessimism
                         -0.03   24.93   library setup time
                                 24.93   data required time
-----------------------------------------------------------------------------
                                 24.93   data required time
                                 -6.57   data arrival time
-----------------------------------------------------------------------------
                                 18.36   slack (MET)


Startpoint: data_in[2] (input port clocked by clk)
Endpoint: _487_ (rising edge-triggered flip-flop clocked by clk)
Path Group: clk
Path Type: max
Corner: Fastest

Fanout     Cap    Slew   Delay    Time   Description
-----------------------------------------------------------------------------
                          0.00    0.00   clock clk (rise edge)
                          0.00    0.00   clock network delay (propagated)
                          5.00    5.00 v input external delay
                  0.01    0.00    5.00 v data_in[2] (in)
     1    0.00                           data_in[2] (net)
                  0.01    0.00    5.00 v input3/A (sky130_fd_sc_hd__clkbuf_2)
                  0.08    0.11    5.11 v input3/X (sky130_fd_sc_hd__clkbuf_2)
     4    0.03                           net3 (net)
                  0.08    0.00    5.12 v _245_/A (sky130_fd_sc_hd__clkbuf_4)
                  0.07    0.16    5.27 v _245_/X (sky130_fd_sc_hd__clkbuf_4)
    10    0.04                           _195_ (net)
                  0.07    0.00    5.28 v _248_/B (sky130_fd_sc_hd__or4_1)
                  0.08    0.34    5.62 v _248_/X (sky130_fd_sc_hd__or4_1)
     3    0.01                           _198_ (net)
                  0.08    0.00    5.62 v _249_/C (sky130_fd_sc_hd__or3_1)
                  0.05    0.21    5.83 v _249_/X (sky130_fd_sc_hd__or3_1)
     2    0.00                           _199_ (net)
                  0.05    0.00    5.83 v _251_/B (sky130_fd_sc_hd__or3b_2)
                  0.07    0.30    6.13 v _251_/X (sky130_fd_sc_hd__or3b_2)
     2    0.01                           _201_ (net)
                  0.07    0.00    6.13 v _276_/A2 (sky130_fd_sc_hd__o22a_1)
                  0.05    0.16    6.29 v _276_/X (sky130_fd_sc_hd__o22a_1)
     1    0.01                           _226_ (net)
                  0.05    0.00    6.29 v _277_/B1 (sky130_fd_sc_hd__a21oi_4)
                  0.27    0.17    6.46 ^ _277_/Y (sky130_fd_sc_hd__a21oi_4)
     9    0.05                           _227_ (net)
                  0.27    0.00    6.46 ^ _469_/A3 (sky130_fd_sc_hd__a31o_1)
                  0.03    0.10    6.57 ^ _469_/X (sky130_fd_sc_hd__a31o_1)
     1    0.00                           _008_ (net)
                  0.03    0.00    6.57 ^ _487_/D (sky130_fd_sc_hd__dfrtp_1)
                                  6.57   data arrival time

                         25.00   25.00   clock clk (rise edge)
                          0.00   25.00   clock source latency
                  0.05    0.03   25.03 ^ clk (in)
     1    0.01                           clk (net)
                  0.05    0.00   25.03 ^ clkbuf_0_clk/A (sky130_fd_sc_hd__clkbuf_16)
                  0.03    0.09   25.12 ^ clkbuf_0_clk/X (sky130_fd_sc_hd__clkbuf_16)
     2    0.02                           clknet_0_clk (net)
                  0.03    0.00   25.12 ^ clkbuf_1_1__f_clk/A (sky130_fd_sc_hd__clkbuf_16)
                  0.04    0.09   25.21 ^ clkbuf_1_1__f_clk/X (sky130_fd_sc_hd__clkbuf_16)
     7    0.03                           clknet_1_1__leaf_clk (net)
                  0.04    0.00   25.21 ^ _487_/CLK (sky130_fd_sc_hd__dfrtp_1)
                         -0.25   24.96   clock uncertainty
                          0.00   24.96   clock reconvergence pessimism
                         -0.03   24.93   library setup time
                                 24.93   data required time
-----------------------------------------------------------------------------
                                 24.93   data required time
                                 -6.57   data arrival time
-----------------------------------------------------------------------------
                                 18.36   slack (MET)


Startpoint: data_in[2] (input port clocked by clk)
Endpoint: _486_ (rising edge-triggered flip-flop clocked by clk)
Path Group: clk
Path Type: max
Corner: Fastest

Fanout     Cap    Slew   Delay    Time   Description
-----------------------------------------------------------------------------
                          0.00    0.00   clock clk (rise edge)
                          0.00    0.00   clock network delay (propagated)
                          5.00    5.00 v input external delay
                  0.01    0.00    5.00 v data_in[2] (in)
     1    0.00                           data_in[2] (net)
                  0.01    0.00    5.00 v input3/A (sky130_fd_sc_hd__clkbuf_2)
                  0.08    0.11    5.11 v input3/X (sky130_fd_sc_hd__clkbuf_2)
     4    0.03                           net3 (net)
                  0.08    0.00    5.12 v _245_/A (sky130_fd_sc_hd__clkbuf_4)
                  0.07    0.16    5.27 v _245_/X (sky130_fd_sc_hd__clkbuf_4)
    10    0.04                           _195_ (net)
                  0.07    0.00    5.28 v _248_/B (sky130_fd_sc_hd__or4_1)
                  0.08    0.34    5.62 v _248_/X (sky130_fd_sc_hd__or4_1)
     3    0.01                           _198_ (net)
                  0.08    0.00    5.62 v _249_/C (sky130_fd_sc_hd__or3_1)
                  0.05    0.21    5.83 v _249_/X (sky130_fd_sc_hd__or3_1)
     2    0.00                           _199_ (net)
                  0.05    0.00    5.83 v _251_/B (sky130_fd_sc_hd__or3b_2)
                  0.07    0.30    6.13 v _251_/X (sky130_fd_sc_hd__or3b_2)
     2    0.01                           _201_ (net)
                  0.07    0.00    6.13 v _276_/A2 (sky130_fd_sc_hd__o22a_1)
                  0.05    0.16    6.29 v _276_/X (sky130_fd_sc_hd__o22a_1)
     1    0.01                           _226_ (net)
                  0.05    0.00    6.29 v _277_/B1 (sky130_fd_sc_hd__a21oi_4)
                  0.27    0.17    6.46 ^ _277_/Y (sky130_fd_sc_hd__a21oi_4)
     9    0.05                           _227_ (net)
                  0.27    0.00    6.46 ^ _467_/A3 (sky130_fd_sc_hd__a31o_1)
                  0.03    0.10    6.57 ^ _467_/X (sky130_fd_sc_hd__a31o_1)
     1    0.00                           _007_ (net)
                  0.03    0.00    6.57 ^ _486_/D (sky130_fd_sc_hd__dfrtp_1)
                                  6.57   data arrival time

                         25.00   25.00   clock clk (rise edge)
                          0.00   25.00   clock source latency
                  0.05    0.03   25.03 ^ clk (in)
     1    0.01                           clk (net)
                  0.05    0.00   25.03 ^ clkbuf_0_clk/A (sky130_fd_sc_hd__clkbuf_16)
                  0.03    0.09   25.12 ^ clkbuf_0_clk/X (sky130_fd_sc_hd__clkbuf_16)
     2    0.02                           clknet_0_clk (net)
                  0.03    0.00   25.12 ^ clkbuf_1_0__f_clk/A (sky130_fd_sc_hd__clkbuf_16)
                  0.04    0.09   25.21 ^ clkbuf_1_0__f_clk/X (sky130_fd_sc_hd__clkbuf_16)
     7    0.03                           clknet_1_0__leaf_clk (net)
                  0.04    0.00   25.21 ^ _486_/CLK (sky130_fd_sc_hd__dfrtp_1)
                         -0.25   24.96   clock uncertainty
                          0.00   24.96   clock reconvergence pessimism
                         -0.03   24.93   library setup time
                                 24.93   data required time
-----------------------------------------------------------------------------
                                 24.93   data required time
                                 -6.57   data arrival time
-----------------------------------------------------------------------------
                                 18.36   slack (MET)


Startpoint: data_in[2] (input port clocked by clk)
Endpoint: _484_ (rising edge-triggered flip-flop clocked by clk)
Path Group: clk
Path Type: max
Corner: Fastest

Fanout     Cap    Slew   Delay    Time   Description
-----------------------------------------------------------------------------
                          0.00    0.00   clock clk (rise edge)
                          0.00    0.00   clock network delay (propagated)
                          5.00    5.00 v input external delay
                  0.01    0.00    5.00 v data_in[2] (in)
     1    0.00                           data_in[2] (net)
                  0.01    0.00    5.00 v input3/A (sky130_fd_sc_hd__clkbuf_2)
                  0.08    0.11    5.11 v input3/X (sky130_fd_sc_hd__clkbuf_2)
     4    0.03                           net3 (net)
                  0.08    0.00    5.12 v _245_/A (sky130_fd_sc_hd__clkbuf_4)
                  0.07    0.16    5.27 v _245_/X (sky130_fd_sc_hd__clkbuf_4)
    10    0.04                           _195_ (net)
                  0.07    0.00    5.28 v _248_/B (sky130_fd_sc_hd__or4_1)
                  0.08    0.34    5.62 v _248_/X (sky130_fd_sc_hd__or4_1)
     3    0.01                           _198_ (net)
                  0.08    0.00    5.62 v _249_/C (sky130_fd_sc_hd__or3_1)
                  0.05    0.21    5.83 v _249_/X (sky130_fd_sc_hd__or3_1)
     2    0.00                           _199_ (net)
                  0.05    0.00    5.83 v _251_/B (sky130_fd_sc_hd__or3b_2)
                  0.07    0.30    6.13 v _251_/X (sky130_fd_sc_hd__or3b_2)
     2    0.01                           _201_ (net)
                  0.07    0.00    6.13 v _276_/A2 (sky130_fd_sc_hd__o22a_1)
                  0.05    0.16    6.29 v _276_/X (sky130_fd_sc_hd__o22a_1)
     1    0.01                           _226_ (net)
                  0.05    0.00    6.29 v _277_/B1 (sky130_fd_sc_hd__a21oi_4)
                  0.27    0.17    6.46 ^ _277_/Y (sky130_fd_sc_hd__a21oi_4)
     9    0.05                           _227_ (net)
                  0.27    0.00    6.46 ^ _463_/A3 (sky130_fd_sc_hd__a31o_1)
                  0.03    0.10    6.56 ^ _463_/X (sky130_fd_sc_hd__a31o_1)
     1    0.00                           _005_ (net)
                  0.03    0.00    6.56 ^ _484_/D (sky130_fd_sc_hd__dfrtp_1)
                                  6.56   data arrival time

                         25.00   25.00   clock clk (rise edge)
                          0.00   25.00   clock source latency
                  0.05    0.03   25.03 ^ clk (in)
     1    0.01                           clk (net)
                  0.05    0.00   25.03 ^ clkbuf_0_clk/A (sky130_fd_sc_hd__clkbuf_16)
                  0.03    0.09   25.12 ^ clkbuf_0_clk/X (sky130_fd_sc_hd__clkbuf_16)
     2    0.02                           clknet_0_clk (net)
                  0.03    0.00   25.12 ^ clkbuf_1_0__f_clk/A (sky130_fd_sc_hd__clkbuf_16)
                  0.04    0.09   25.21 ^ clkbuf_1_0__f_clk/X (sky130_fd_sc_hd__clkbuf_16)
     7    0.03                           clknet_1_0__leaf_clk (net)
                  0.04    0.00   25.21 ^ _484_/CLK (sky130_fd_sc_hd__dfrtp_1)
                         -0.25   24.96   clock uncertainty
                          0.00   24.96   clock reconvergence pessimism
                         -0.03   24.93   library setup time
                                 24.93   data required time
-----------------------------------------------------------------------------
                                 24.93   data required time
                                 -6.56   data arrival time
-----------------------------------------------------------------------------
                                 18.36   slack (MET)


Startpoint: data_in[2] (input port clocked by clk)
Endpoint: _489_ (rising edge-triggered flip-flop clocked by clk)
Path Group: clk
Path Type: max
Corner: Fastest

Fanout     Cap    Slew   Delay    Time   Description
-----------------------------------------------------------------------------
                          0.00    0.00   clock clk (rise edge)
                          0.00    0.00   clock network delay (propagated)
                          5.00    5.00 v input external delay
                  0.01    0.00    5.00 v data_in[2] (in)
     1    0.00                           data_in[2] (net)
                  0.01    0.00    5.00 v input3/A (sky130_fd_sc_hd__clkbuf_2)
                  0.08    0.11    5.11 v input3/X (sky130_fd_sc_hd__clkbuf_2)
     4    0.03                           net3 (net)
                  0.08    0.00    5.12 v _245_/A (sky130_fd_sc_hd__clkbuf_4)
                  0.07    0.16    5.27 v _245_/X (sky130_fd_sc_hd__clkbuf_4)
    10    0.04                           _195_ (net)
                  0.07    0.00    5.28 v _248_/B (sky130_fd_sc_hd__or4_1)
                  0.08    0.34    5.62 v _248_/X (sky130_fd_sc_hd__or4_1)
     3    0.01                           _198_ (net)
                  0.08    0.00    5.62 v _249_/C (sky130_fd_sc_hd__or3_1)
                  0.05    0.21    5.83 v _249_/X (sky130_fd_sc_hd__or3_1)
     2    0.00                           _199_ (net)
                  0.05    0.00    5.83 v _251_/B (sky130_fd_sc_hd__or3b_2)
                  0.07    0.30    6.13 v _251_/X (sky130_fd_sc_hd__or3b_2)
     2    0.01                           _201_ (net)
                  0.07    0.00    6.13 v _276_/A2 (sky130_fd_sc_hd__o22a_1)
                  0.05    0.16    6.29 v _276_/X (sky130_fd_sc_hd__o22a_1)
     1    0.01                           _226_ (net)
                  0.05    0.00    6.29 v _277_/B1 (sky130_fd_sc_hd__a21oi_4)
                  0.27    0.17    6.46 ^ _277_/Y (sky130_fd_sc_hd__a21oi_4)
     9    0.05                           _227_ (net)
                  0.27    0.00    6.46 ^ _473_/A3 (sky130_fd_sc_hd__a31o_1)
                  0.03    0.10    6.56 ^ _473_/X (sky130_fd_sc_hd__a31o_1)
     1    0.00                           _010_ (net)
                  0.03    0.00    6.56 ^ _489_/D (sky130_fd_sc_hd__dfrtp_1)
                                  6.56   data arrival time

                         25.00   25.00   clock clk (rise edge)
                          0.00   25.00   clock source latency
                  0.05    0.03   25.03 ^ clk (in)
     1    0.01                           clk (net)
                  0.05    0.00   25.03 ^ clkbuf_0_clk/A (sky130_fd_sc_hd__clkbuf_16)
                  0.03    0.09   25.12 ^ clkbuf_0_clk/X (sky130_fd_sc_hd__clkbuf_16)
     2    0.02                           clknet_0_clk (net)
                  0.03    0.00   25.12 ^ clkbuf_1_0__f_clk/A (sky130_fd_sc_hd__clkbuf_16)
                  0.04    0.09   25.21 ^ clkbuf_1_0__f_clk/X (sky130_fd_sc_hd__clkbuf_16)
     7    0.03                           clknet_1_0__leaf_clk (net)
                  0.04    0.00   25.21 ^ _489_/CLK (sky130_fd_sc_hd__dfrtp_1)
                         -0.25   24.96   clock uncertainty
                          0.00   24.96   clock reconvergence pessimism
                         -0.03   24.93   library setup time
                                 24.93   data required time
-----------------------------------------------------------------------------
                                 24.93   data required time
                                 -6.56   data arrival time
-----------------------------------------------------------------------------
                                 18.36   slack (MET)


Startpoint: _487_ (rising edge-triggered flip-flop clocked by clk)
Endpoint: sideband_out[3] (output port clocked by clk)
Path Group: clk
Path Type: max
Corner: Fastest

Fanout     Cap    Slew   Delay    Time   Description
-----------------------------------------------------------------------------
                          0.00    0.00   clock clk (rise edge)
                          0.00    0.00   clock source latency
                  0.05    0.04    0.04 ^ clk (in)
     1    0.01                           clk (net)
                  0.05    0.00    0.04 ^ clkbuf_0_clk/A (sky130_fd_sc_hd__clkbuf_16)
                  0.03    0.10    0.13 ^ clkbuf_0_clk/X (sky130_fd_sc_hd__clkbuf_16)
     2    0.02                           clknet_0_clk (net)
                  0.03    0.00    0.13 ^ clkbuf_1_1__f_clk/A (sky130_fd_sc_hd__clkbuf_16)
                  0.04    0.10    0.23 ^ clkbuf_1_1__f_clk/X (sky130_fd_sc_hd__clkbuf_16)
     7    0.03                           clknet_1_1__leaf_clk (net)
                  0.04    0.00    0.23 ^ _487_/CLK (sky130_fd_sc_hd__dfrtp_1)
                  0.05    0.27    0.50 v _487_/Q (sky130_fd_sc_hd__dfrtp_1)
     2    0.01                           net32 (net)
                  0.05    0.00    0.50 v output32/A (sky130_fd_sc_hd__clkbuf_4)
                  0.06    0.14    0.64 v output32/X (sky130_fd_sc_hd__clkbuf_4)
     1    0.03                           sideband_out[3] (net)
                  0.06    0.00    0.64 v sideband_out[3] (out)
                                  0.64   data arrival time

                         25.00   25.00   clock clk (rise edge)
                          0.00   25.00   clock network delay (propagated)
                         -0.25   24.75   clock uncertainty
                          0.00   24.75   clock reconvergence pessimism
                         -5.00   19.75   output external delay
                                 19.75   data required time
-----------------------------------------------------------------------------
                                 19.75   data required time
                                 -0.64   data arrival time
-----------------------------------------------------------------------------
                                 19.11   slack (MET)


Startpoint: _489_ (rising edge-triggered flip-flop clocked by clk)
Endpoint: sideband_out[5] (output port clocked by clk)
Path Group: clk
Path Type: max
Corner: Fastest

Fanout     Cap    Slew   Delay    Time   Description
-----------------------------------------------------------------------------
                          0.00    0.00   clock clk (rise edge)
                          0.00    0.00   clock source latency
                  0.05    0.04    0.04 ^ clk (in)
     1    0.01                           clk (net)
                  0.05    0.00    0.04 ^ clkbuf_0_clk/A (sky130_fd_sc_hd__clkbuf_16)
                  0.03    0.10    0.13 ^ clkbuf_0_clk/X (sky130_fd_sc_hd__clkbuf_16)
     2    0.02                           clknet_0_clk (net)
                  0.03    0.00    0.14 ^ clkbuf_1_0__f_clk/A (sky130_fd_sc_hd__clkbuf_16)
                  0.04    0.09    0.23 ^ clkbuf_1_0__f_clk/X (sky130_fd_sc_hd__clkbuf_16)
     7    0.03                           clknet_1_0__leaf_clk (net)
                  0.04    0.00    0.23 ^ _489_/CLK (sky130_fd_sc_hd__dfrtp_1)
                  0.04    0.25    0.48 v _489_/Q (sky130_fd_sc_hd__dfrtp_1)
     2    0.01                           net34 (net)
                  0.04    0.00    0.48 v output34/A (sky130_fd_sc_hd__clkbuf_4)
                  0.06    0.13    0.62 v output34/X (sky130_fd_sc_hd__clkbuf_4)
     1    0.03                           sideband_out[5] (net)
                  0.06    0.00    0.62 v sideband_out[5] (out)
                                  0.62   data arrival time

                         25.00   25.00   clock clk (rise edge)
                          0.00   25.00   clock network delay (propagated)
                         -0.25   24.75   clock uncertainty
                          0.00   24.75   clock reconvergence pessimism
                         -5.00   19.75   output external delay
                                 19.75   data required time
-----------------------------------------------------------------------------
                                 19.75   data required time
                                 -0.62   data arrival time
-----------------------------------------------------------------------------
                                 19.13   slack (MET)


Startpoint: _490_ (rising edge-triggered flip-flop clocked by clk)
Endpoint: sideband_out[6] (output port clocked by clk)
Path Group: clk
Path Type: max
Corner: Fastest

Fanout     Cap    Slew   Delay    Time   Description
-----------------------------------------------------------------------------
                          0.00    0.00   clock clk (rise edge)
                          0.00    0.00   clock source latency
                  0.05    0.04    0.04 ^ clk (in)
     1    0.01                           clk (net)
                  0.05    0.00    0.04 ^ clkbuf_0_clk/A (sky130_fd_sc_hd__clkbuf_16)
                  0.03    0.10    0.13 ^ clkbuf_0_clk/X (sky130_fd_sc_hd__clkbuf_16)
     2    0.02                           clknet_0_clk (net)
                  0.03    0.00    0.14 ^ clkbuf_1_0__f_clk/A (sky130_fd_sc_hd__clkbuf_16)
                  0.04    0.09    0.23 ^ clkbuf_1_0__f_clk/X (sky130_fd_sc_hd__clkbuf_16)
     7    0.03                           clknet_1_0__leaf_clk (net)
                  0.04    0.00    0.23 ^ _490_/CLK (sky130_fd_sc_hd__dfrtp_1)
                  0.04    0.25    0.48 v _490_/Q (sky130_fd_sc_hd__dfrtp_1)
     2    0.01                           net35 (net)
                  0.04    0.00    0.48 v output35/A (sky130_fd_sc_hd__clkbuf_4)
                  0.06    0.13    0.61 v output35/X (sky130_fd_sc_hd__clkbuf_4)
     1    0.03                           sideband_out[6] (net)
                  0.06    0.00    0.62 v sideband_out[6] (out)
                                  0.62   data arrival time

                         25.00   25.00   clock clk (rise edge)
                          0.00   25.00   clock network delay (propagated)
                         -0.25   24.75   clock uncertainty
                          0.00   24.75   clock reconvergence pessimism
                         -5.00   19.75   output external delay
                                 19.75   data required time
-----------------------------------------------------------------------------
                                 19.75   data required time
                                 -0.62   data arrival time
-----------------------------------------------------------------------------
                                 19.13   slack (MET)


Startpoint: _486_ (rising edge-triggered flip-flop clocked by clk)
Endpoint: sideband_out[2] (output port clocked by clk)
Path Group: clk
Path Type: max
Corner: Fastest

Fanout     Cap    Slew   Delay    Time   Description
-----------------------------------------------------------------------------
                          0.00    0.00   clock clk (rise edge)
                          0.00    0.00   clock source latency
                  0.05    0.04    0.04 ^ clk (in)
     1    0.01                           clk (net)
                  0.05    0.00    0.04 ^ clkbuf_0_clk/A (sky130_fd_sc_hd__clkbuf_16)
                  0.03    0.10    0.13 ^ clkbuf_0_clk/X (sky130_fd_sc_hd__clkbuf_16)
     2    0.02                           clknet_0_clk (net)
                  0.03    0.00    0.14 ^ clkbuf_1_0__f_clk/A (sky130_fd_sc_hd__clkbuf_16)
                  0.04    0.09    0.23 ^ clkbuf_1_0__f_clk/X (sky130_fd_sc_hd__clkbuf_16)
     7    0.03                           clknet_1_0__leaf_clk (net)
                  0.04    0.00    0.23 ^ _486_/CLK (sky130_fd_sc_hd__dfrtp_1)
                  0.04    0.25    0.48 v _486_/Q (sky130_fd_sc_hd__dfrtp_1)
     2    0.01                           net31 (net)
                  0.04    0.00    0.48 v output31/A (sky130_fd_sc_hd__clkbuf_4)
                  0.06    0.13    0.61 v output31/X (sky130_fd_sc_hd__clkbuf_4)
     1    0.03                           sideband_out[2] (net)
                  0.06    0.00    0.62 v sideband_out[2] (out)
                                  0.62   data arrival time

                         25.00   25.00   clock clk (rise edge)
                          0.00   25.00   clock network delay (propagated)
                         -0.25   24.75   clock uncertainty
                          0.00   24.75   clock reconvergence pessimism
                         -5.00   19.75   output external delay
                                 19.75   data required time
-----------------------------------------------------------------------------
                                 19.75   data required time
                                 -0.62   data arrival time
-----------------------------------------------------------------------------
                                 19.13   slack (MET)


Startpoint: _482_ (rising edge-triggered flip-flop clocked by clk)
Endpoint: int4_out[2] (output port clocked by clk)
Path Group: clk
Path Type: max
Corner: Fastest

Fanout     Cap    Slew   Delay    Time   Description
-----------------------------------------------------------------------------
                          0.00    0.00   clock clk (rise edge)
                          0.00    0.00   clock source latency
                  0.05    0.04    0.04 ^ clk (in)
     1    0.01                           clk (net)
                  0.05    0.00    0.04 ^ clkbuf_0_clk/A (sky130_fd_sc_hd__clkbuf_16)
                  0.03    0.10    0.13 ^ clkbuf_0_clk/X (sky130_fd_sc_hd__clkbuf_16)
     2    0.02                           clknet_0_clk (net)
                  0.03    0.00    0.13 ^ clkbuf_1_1__f_clk/A (sky130_fd_sc_hd__clkbuf_16)
                  0.04    0.10    0.23 ^ clkbuf_1_1__f_clk/X (sky130_fd_sc_hd__clkbuf_16)
     7    0.03                           clknet_1_1__leaf_clk (net)
                  0.04    0.00    0.23 ^ _482_/CLK (sky130_fd_sc_hd__dfrtp_1)
                  0.04    0.25    0.48 v _482_/Q (sky130_fd_sc_hd__dfrtp_1)
     2    0.01                           net26 (net)
                  0.04    0.00    0.48 v output26/A (sky130_fd_sc_hd__clkbuf_4)
                  0.06    0.13    0.61 v output26/X (sky130_fd_sc_hd__clkbuf_4)
     1    0.03                           int4_out[2] (net)
                  0.06    0.00    0.61 v int4_out[2] (out)
                                  0.61   data arrival time

                         25.00   25.00   clock clk (rise edge)
                          0.00   25.00   clock network delay (propagated)
                         -0.25   24.75   clock uncertainty
                          0.00   24.75   clock reconvergence pessimism
                         -5.00   19.75   output external delay
                                 19.75   data required time
-----------------------------------------------------------------------------
                                 19.75   data required time
                                 -0.61   data arrival time
-----------------------------------------------------------------------------
                                 19.14   slack (MET)


Startpoint: _483_ (rising edge-triggered flip-flop clocked by clk)
Endpoint: int4_out[3] (output port clocked by clk)
Path Group: clk
Path Type: max
Corner: Fastest

Fanout     Cap    Slew   Delay    Time   Description
-----------------------------------------------------------------------------
                          0.00    0.00   clock clk (rise edge)
                          0.00    0.00   clock source latency
                  0.05    0.04    0.04 ^ clk (in)
     1    0.01                           clk (net)
                  0.05    0.00    0.04 ^ clkbuf_0_clk/A (sky130_fd_sc_hd__clkbuf_16)
                  0.03    0.10    0.13 ^ clkbuf_0_clk/X (sky130_fd_sc_hd__clkbuf_16)
     2    0.02                           clknet_0_clk (net)
                  0.03    0.00    0.13 ^ clkbuf_1_1__f_clk/A (sky130_fd_sc_hd__clkbuf_16)
                  0.04    0.10    0.23 ^ clkbuf_1_1__f_clk/X (sky130_fd_sc_hd__clkbuf_16)
     7    0.03                           clknet_1_1__leaf_clk (net)
                  0.04    0.00    0.23 ^ _483_/CLK (sky130_fd_sc_hd__dfrtp_1)
                  0.04    0.25    0.48 v _483_/Q (sky130_fd_sc_hd__dfrtp_1)
     2    0.01                           net27 (net)
                  0.04    0.00    0.48 v output27/A (sky130_fd_sc_hd__clkbuf_4)
                  0.06    0.13    0.61 v output27/X (sky130_fd_sc_hd__clkbuf_4)
     1    0.03                           int4_out[3] (net)
                  0.06    0.00    0.61 v int4_out[3] (out)
                                  0.61   data arrival time

                         25.00   25.00   clock clk (rise edge)
                          0.00   25.00   clock network delay (propagated)
                         -0.25   24.75   clock uncertainty
                          0.00   24.75   clock reconvergence pessimism
                         -5.00   19.75   output external delay
                                 19.75   data required time
-----------------------------------------------------------------------------
                                 19.75   data required time
                                 -0.61   data arrival time
-----------------------------------------------------------------------------
                                 19.14   slack (MET)


Startpoint: _481_ (rising edge-triggered flip-flop clocked by clk)
Endpoint: int4_out[1] (output port clocked by clk)
Path Group: clk
Path Type: max
Corner: Fastest

Fanout     Cap    Slew   Delay    Time   Description
-----------------------------------------------------------------------------
                          0.00    0.00   clock clk (rise edge)
                          0.00    0.00   clock source latency
                  0.05    0.04    0.04 ^ clk (in)
     1    0.01                           clk (net)
                  0.05    0.00    0.04 ^ clkbuf_0_clk/A (sky130_fd_sc_hd__clkbuf_16)
                  0.03    0.10    0.13 ^ clkbuf_0_clk/X (sky130_fd_sc_hd__clkbuf_16)
     2    0.02                           clknet_0_clk (net)
                  0.03    0.00    0.13 ^ clkbuf_1_1__f_clk/A (sky130_fd_sc_hd__clkbuf_16)
                  0.04    0.10    0.23 ^ clkbuf_1_1__f_clk/X (sky130_fd_sc_hd__clkbuf_16)
     7    0.03                           clknet_1_1__leaf_clk (net)
                  0.04    0.00    0.23 ^ _481_/CLK (sky130_fd_sc_hd__dfrtp_1)
                  0.04    0.25    0.48 v _481_/Q (sky130_fd_sc_hd__dfrtp_1)
     2    0.01                           net25 (net)
                  0.04    0.00    0.48 v output25/A (sky130_fd_sc_hd__clkbuf_4)
                  0.06    0.13    0.61 v output25/X (sky130_fd_sc_hd__clkbuf_4)
     1    0.03                           int4_out[1] (net)
                  0.06    0.00    0.61 v int4_out[1] (out)
                                  0.61   data arrival time

                         25.00   25.00   clock clk (rise edge)
                          0.00   25.00   clock network delay (propagated)
                         -0.25   24.75   clock uncertainty
                          0.00   24.75   clock reconvergence pessimism
                         -5.00   19.75   output external delay
                                 19.75   data required time
-----------------------------------------------------------------------------
                                 19.75   data required time
                                 -0.61   data arrival time
-----------------------------------------------------------------------------
                                 19.14   slack (MET)


Startpoint: _485_ (rising edge-triggered flip-flop clocked by clk)
Endpoint: sideband_out[1] (output port clocked by clk)
Path Group: clk
Path Type: max
Corner: Fastest

Fanout     Cap    Slew   Delay    Time   Description
-----------------------------------------------------------------------------
                          0.00    0.00   clock clk (rise edge)
                          0.00    0.00   clock source latency
                  0.05    0.04    0.04 ^ clk (in)
     1    0.01                           clk (net)
                  0.05    0.00    0.04 ^ clkbuf_0_clk/A (sky130_fd_sc_hd__clkbuf_16)
                  0.03    0.10    0.13 ^ clkbuf_0_clk/X (sky130_fd_sc_hd__clkbuf_16)
     2    0.02                           clknet_0_clk (net)
                  0.03    0.00    0.14 ^ clkbuf_1_0__f_clk/A (sky130_fd_sc_hd__clkbuf_16)
                  0.04    0.09    0.23 ^ clkbuf_1_0__f_clk/X (sky130_fd_sc_hd__clkbuf_16)
     7    0.03                           clknet_1_0__leaf_clk (net)
                  0.04    0.00    0.23 ^ _485_/CLK (sky130_fd_sc_hd__dfrtp_1)
                  0.05    0.23    0.46 ^ _485_/Q (sky130_fd_sc_hd__dfrtp_1)
     2    0.01                           net30 (net)
                  0.05    0.00    0.46 ^ output30/A (sky130_fd_sc_hd__buf_2)
                  0.13    0.15    0.61 ^ output30/X (sky130_fd_sc_hd__buf_2)
     1    0.03                           sideband_out[1] (net)
                  0.13    0.00    0.61 ^ sideband_out[1] (out)
                                  0.61   data arrival time

                         25.00   25.00   clock clk (rise edge)
                          0.00   25.00   clock network delay (propagated)
                         -0.25   24.75   clock uncertainty
                          0.00   24.75   clock reconvergence pessimism
                         -5.00   19.75   output external delay
                                 19.75   data required time
-----------------------------------------------------------------------------
                                 19.75   data required time
                                 -0.61   data arrival time
-----------------------------------------------------------------------------
                                 19.14   slack (MET)


Startpoint: _484_ (rising edge-triggered flip-flop clocked by clk)
Endpoint: sideband_out[0] (output port clocked by clk)
Path Group: clk
Path Type: max
Corner: Fastest

Fanout     Cap    Slew   Delay    Time   Description
-----------------------------------------------------------------------------
                          0.00    0.00   clock clk (rise edge)
                          0.00    0.00   clock source latency
                  0.05    0.04    0.04 ^ clk (in)
     1    0.01                           clk (net)
                  0.05    0.00    0.04 ^ clkbuf_0_clk/A (sky130_fd_sc_hd__clkbuf_16)
                  0.03    0.10    0.13 ^ clkbuf_0_clk/X (sky130_fd_sc_hd__clkbuf_16)
     2    0.02                           clknet_0_clk (net)
                  0.03    0.00    0.14 ^ clkbuf_1_0__f_clk/A (sky130_fd_sc_hd__clkbuf_16)
                  0.04    0.09    0.23 ^ clkbuf_1_0__f_clk/X (sky130_fd_sc_hd__clkbuf_16)
     7    0.03                           clknet_1_0__leaf_clk (net)
                  0.04    0.00    0.23 ^ _484_/CLK (sky130_fd_sc_hd__dfrtp_1)
                  0.04    0.25    0.48 v _484_/Q (sky130_fd_sc_hd__dfrtp_1)
     2    0.01                           net29 (net)
                  0.04    0.00    0.48 v output29/A (sky130_fd_sc_hd__clkbuf_4)
                  0.06    0.13    0.61 v output29/X (sky130_fd_sc_hd__clkbuf_4)
     1    0.03                           sideband_out[0] (net)
                  0.06    0.00    0.61 v sideband_out[0] (out)
                                  0.61   data arrival time

                         25.00   25.00   clock clk (rise edge)
                          0.00   25.00   clock network delay (propagated)
                         -0.25   24.75   clock uncertainty
                          0.00   24.75   clock reconvergence pessimism
                         -5.00   19.75   output external delay
                                 19.75   data required time
-----------------------------------------------------------------------------
                                 19.75   data required time
                                 -0.61   data arrival time
-----------------------------------------------------------------------------
                                 19.14   slack (MET)


Startpoint: _488_ (rising edge-triggered flip-flop clocked by clk)
Endpoint: sideband_out[4] (output port clocked by clk)
Path Group: clk
Path Type: max
Corner: Fastest

Fanout     Cap    Slew   Delay    Time   Description
-----------------------------------------------------------------------------
                          0.00    0.00   clock clk (rise edge)
                          0.00    0.00   clock source latency
                  0.05    0.04    0.04 ^ clk (in)
     1    0.01                           clk (net)
                  0.05    0.00    0.04 ^ clkbuf_0_clk/A (sky130_fd_sc_hd__clkbuf_16)
                  0.03    0.10    0.13 ^ clkbuf_0_clk/X (sky130_fd_sc_hd__clkbuf_16)
     2    0.02                           clknet_0_clk (net)
                  0.03    0.00    0.14 ^ clkbuf_1_0__f_clk/A (sky130_fd_sc_hd__clkbuf_16)
                  0.04    0.09    0.23 ^ clkbuf_1_0__f_clk/X (sky130_fd_sc_hd__clkbuf_16)
     7    0.03                           clknet_1_0__leaf_clk (net)
                  0.04    0.00    0.23 ^ _488_/CLK (sky130_fd_sc_hd__dfrtp_1)
                  0.05    0.23    0.46 ^ _488_/Q (sky130_fd_sc_hd__dfrtp_1)
     2    0.01                           net33 (net)
                  0.05    0.00    0.46 ^ output33/A (sky130_fd_sc_hd__buf_2)
                  0.13    0.15    0.61 ^ output33/X (sky130_fd_sc_hd__buf_2)
     1    0.03                           sideband_out[4] (net)
                  0.13    0.00    0.61 ^ sideband_out[4] (out)
                                  0.61   data arrival time

                         25.00   25.00   clock clk (rise edge)
                          0.00   25.00   clock network delay (propagated)
                         -0.25   24.75   clock uncertainty
                          0.00   24.75   clock reconvergence pessimism
                         -5.00   19.75   output external delay
                                 19.75   data required time
-----------------------------------------------------------------------------
                                 19.75   data required time
                                 -0.61   data arrival time
-----------------------------------------------------------------------------
                                 19.14   slack (MET)


Startpoint: _491_ (rising edge-triggered flip-flop clocked by clk)
Endpoint: sideband_out[7] (output port clocked by clk)
Path Group: clk
Path Type: max
Corner: Fastest

Fanout     Cap    Slew   Delay    Time   Description
-----------------------------------------------------------------------------
                          0.00    0.00   clock clk (rise edge)
                          0.00    0.00   clock source latency
                  0.05    0.04    0.04 ^ clk (in)
     1    0.01                           clk (net)
                  0.05    0.00    0.04 ^ clkbuf_0_clk/A (sky130_fd_sc_hd__clkbuf_16)
                  0.03    0.10    0.13 ^ clkbuf_0_clk/X (sky130_fd_sc_hd__clkbuf_16)
     2    0.02                           clknet_0_clk (net)
                  0.03    0.00    0.14 ^ clkbuf_1_0__f_clk/A (sky130_fd_sc_hd__clkbuf_16)
                  0.04    0.09    0.23 ^ clkbuf_1_0__f_clk/X (sky130_fd_sc_hd__clkbuf_16)
     7    0.03                           clknet_1_0__leaf_clk (net)
                  0.04    0.00    0.23 ^ _491_/CLK (sky130_fd_sc_hd__dfrtp_1)
                  0.04    0.24    0.47 v _491_/Q (sky130_fd_sc_hd__dfrtp_1)
     2    0.01                           net36 (net)
                  0.04    0.00    0.47 v output36/A (sky130_fd_sc_hd__clkbuf_4)
                  0.06    0.13    0.60 v output36/X (sky130_fd_sc_hd__clkbuf_4)
     1    0.03                           sideband_out[7] (net)
                  0.06    0.00    0.61 v sideband_out[7] (out)
                                  0.61   data arrival time

                         25.00   25.00   clock clk (rise edge)
                          0.00   25.00   clock network delay (propagated)
                         -0.25   24.75   clock uncertainty
                          0.00   24.75   clock reconvergence pessimism
                         -5.00   19.75   output external delay
                                 19.75   data required time
-----------------------------------------------------------------------------
                                 19.75   data required time
                                 -0.61   data arrival time
-----------------------------------------------------------------------------
                                 19.14   slack (MET)


Startpoint: _478_ (rising edge-triggered flip-flop clocked by clk)
Endpoint: is_outlier (output port clocked by clk)
Path Group: clk
Path Type: max
Corner: Fastest

Fanout     Cap    Slew   Delay    Time   Description
-----------------------------------------------------------------------------
                          0.00    0.00   clock clk (rise edge)
                          0.00    0.00   clock source latency
                  0.05    0.04    0.04 ^ clk (in)
     1    0.01                           clk (net)
                  0.05    0.00    0.04 ^ clkbuf_0_clk/A (sky130_fd_sc_hd__clkbuf_16)
                  0.03    0.10    0.13 ^ clkbuf_0_clk/X (sky130_fd_sc_hd__clkbuf_16)
     2    0.02                           clknet_0_clk (net)
                  0.03    0.00    0.13 ^ clkbuf_1_1__f_clk/A (sky130_fd_sc_hd__clkbuf_16)
                  0.04    0.10    0.23 ^ clkbuf_1_1__f_clk/X (sky130_fd_sc_hd__clkbuf_16)
     7    0.03                           clknet_1_1__leaf_clk (net)
                  0.04    0.00    0.23 ^ _478_/CLK (sky130_fd_sc_hd__dfrtp_1)
                  0.03    0.24    0.47 v _478_/Q (sky130_fd_sc_hd__dfrtp_1)
     2    0.00                           net28 (net)
                  0.03    0.00    0.47 v output28/A (sky130_fd_sc_hd__clkbuf_4)
                  0.06    0.13    0.60 v output28/X (sky130_fd_sc_hd__clkbuf_4)
     1    0.03                           is_outlier (net)
                  0.06    0.00    0.60 v is_outlier (out)
                                  0.60   data arrival time

                         25.00   25.00   clock clk (rise edge)
                          0.00   25.00   clock network delay (propagated)
                         -0.25   24.75   clock uncertainty
                          0.00   24.75   clock reconvergence pessimism
                         -5.00   19.75   output external delay
                                 19.75   data required time
-----------------------------------------------------------------------------
                                 19.75   data required time
                                 -0.60   data arrival time
-----------------------------------------------------------------------------
                                 19.15   slack (MET)


Startpoint: _480_ (rising edge-triggered flip-flop clocked by clk)
Endpoint: int4_out[0] (output port clocked by clk)
Path Group: clk
Path Type: max
Corner: Fastest

Fanout     Cap    Slew   Delay    Time   Description
-----------------------------------------------------------------------------
                          0.00    0.00   clock clk (rise edge)
                          0.00    0.00   clock source latency
                  0.05    0.04    0.04 ^ clk (in)
     1    0.01                           clk (net)
                  0.05    0.00    0.04 ^ clkbuf_0_clk/A (sky130_fd_sc_hd__clkbuf_16)
                  0.03    0.10    0.13 ^ clkbuf_0_clk/X (sky130_fd_sc_hd__clkbuf_16)
     2    0.02                           clknet_0_clk (net)
                  0.03    0.00    0.13 ^ clkbuf_1_1__f_clk/A (sky130_fd_sc_hd__clkbuf_16)
                  0.04    0.10    0.23 ^ clkbuf_1_1__f_clk/X (sky130_fd_sc_hd__clkbuf_16)
     7    0.03                           clknet_1_1__leaf_clk (net)
                  0.04    0.00    0.23 ^ _480_/CLK (sky130_fd_sc_hd__dfrtp_1)
                  0.03    0.24    0.47 v _480_/Q (sky130_fd_sc_hd__dfrtp_1)
     2    0.00                           net24 (net)
                  0.03    0.00    0.47 v output24/A (sky130_fd_sc_hd__clkbuf_4)
                  0.06    0.13    0.60 v output24/X (sky130_fd_sc_hd__clkbuf_4)
     1    0.03                           int4_out[0] (net)
                  0.06    0.00    0.60 v int4_out[0] (out)
                                  0.60   data arrival time

                         25.00   25.00   clock clk (rise edge)
                          0.00   25.00   clock network delay (propagated)
                         -0.25   24.75   clock uncertainty
                          0.00   24.75   clock reconvergence pessimism
                         -5.00   19.75   output external delay
                                 19.75   data required time
-----------------------------------------------------------------------------
                                 19.75   data required time
                                 -0.60   data arrival time
-----------------------------------------------------------------------------
                                 19.15   slack (MET)


Startpoint: _479_ (rising edge-triggered flip-flop clocked by clk)
Endpoint: valid_out (output port clocked by clk)
Path Group: clk
Path Type: max
Corner: Fastest

Fanout     Cap    Slew   Delay    Time   Description
-----------------------------------------------------------------------------
                          0.00    0.00   clock clk (rise edge)
                          0.00    0.00   clock source latency
                  0.05    0.04    0.04 ^ clk (in)
     1    0.01                           clk (net)
                  0.05    0.00    0.04 ^ clkbuf_0_clk/A (sky130_fd_sc_hd__clkbuf_16)
                  0.03    0.10    0.13 ^ clkbuf_0_clk/X (sky130_fd_sc_hd__clkbuf_16)
     2    0.02                           clknet_0_clk (net)
                  0.03    0.00    0.13 ^ clkbuf_1_1__f_clk/A (sky130_fd_sc_hd__clkbuf_16)
                  0.04    0.10    0.23 ^ clkbuf_1_1__f_clk/X (sky130_fd_sc_hd__clkbuf_16)
     7    0.03                           clknet_1_1__leaf_clk (net)
                  0.04    0.00    0.23 ^ _479_/CLK (sky130_fd_sc_hd__dfrtp_1)
                  0.03    0.24    0.47 v _479_/Q (sky130_fd_sc_hd__dfrtp_1)
     1    0.00                           net37 (net)
                  0.03    0.00    0.47 v output37/A (sky130_fd_sc_hd__clkbuf_4)
                  0.06    0.13    0.60 v output37/X (sky130_fd_sc_hd__clkbuf_4)
     1    0.03                           valid_out (net)
                  0.06    0.00    0.60 v valid_out (out)
                                  0.60   data arrival time

                         25.00   25.00   clock clk (rise edge)
                          0.00   25.00   clock network delay (propagated)
                         -0.25   24.75   clock uncertainty
                          0.00   24.75   clock reconvergence pessimism
                         -5.00   19.75   output external delay
                                 19.75   data required time
-----------------------------------------------------------------------------
                                 19.75   data required time
                                 -0.60   data arrival time
-----------------------------------------------------------------------------
                                 19.15   slack (MET)


Startpoint: valid_in (input port clocked by clk)
Endpoint: _479_ (rising edge-triggered flip-flop clocked by clk)
Path Group: clk
Path Type: max
Corner: Fastest

Fanout     Cap    Slew   Delay    Time   Description
-----------------------------------------------------------------------------
                          0.00    0.00   clock clk (rise edge)
                          0.00    0.00   clock network delay (propagated)
                          5.00    5.00 ^ input external delay
                  0.02    0.01    5.01 ^ valid_in (in)
     1    0.00                           valid_in (net)
                  0.02    0.00    5.01 ^ input23/A (sky130_fd_sc_hd__buf_1)
                  0.18    0.16    5.17 ^ input23/X (sky130_fd_sc_hd__buf_1)
     2    0.02                           net23 (net)
                  0.18    0.00    5.17 ^ _479_/D (sky130_fd_sc_hd__dfrtp_1)
                                  5.17   data arrival time

                         25.00   25.00   clock clk (rise edge)
                          0.00   25.00   clock source latency
                  0.05    0.03   25.03 ^ clk (in)
     1    0.01                           clk (net)
                  0.05    0.00   25.03 ^ clkbuf_0_clk/A (sky130_fd_sc_hd__clkbuf_16)
                  0.03    0.09   25.12 ^ clkbuf_0_clk/X (sky130_fd_sc_hd__clkbuf_16)
     2    0.02                           clknet_0_clk (net)
                  0.03    0.00   25.12 ^ clkbuf_1_1__f_clk/A (sky130_fd_sc_hd__clkbuf_16)
                  0.04    0.09   25.21 ^ clkbuf_1_1__f_clk/X (sky130_fd_sc_hd__clkbuf_16)
     7    0.03                           clknet_1_1__leaf_clk (net)
                  0.04    0.00   25.21 ^ _479_/CLK (sky130_fd_sc_hd__dfrtp_1)
                         -0.25   24.96   clock uncertainty
                          0.00   24.96   clock reconvergence pessimism
                         -0.05   24.91   library setup time
                                 24.91   data required time
-----------------------------------------------------------------------------
                                 24.91   data required time
                                 -5.17   data arrival time
-----------------------------------------------------------------------------
                                 19.74   slack (MET)


Startpoint: rst_n (input port clocked by clk)
Endpoint: _484_ (recovery check against rising-edge clock clk)
Path Group: asynchronous
Path Type: max
Corner: Fastest

Fanout     Cap    Slew   Delay    Time   Description
-----------------------------------------------------------------------------
                          0.00    0.00   clock clk (rise edge)
                          0.00    0.00   clock network delay (propagated)
                          5.00    5.00 ^ input external delay
                  0.01    0.01    5.01 ^ rst_n (in)
     1    0.00                           rst_n (net)
                  0.01    0.00    5.01 ^ input10/A (sky130_fd_sc_hd__clkbuf_2)
                  0.11    0.12    5.13 ^ input10/X (sky130_fd_sc_hd__clkbuf_2)
     5    0.03                           net10 (net)
                  0.11    0.00    5.13 ^ fanout39/A (sky130_fd_sc_hd__buf_4)
                  0.13    0.17    5.30 ^ fanout39/X (sky130_fd_sc_hd__buf_4)
    10    0.06                           net39 (net)
                  0.13    0.01    5.31 ^ _484_/RESET_B (sky130_fd_sc_hd__dfrtp_1)
                                  5.31   data arrival time

                         25.00   25.00   clock clk (rise edge)
                          0.00   25.00   clock source latency
                  0.05    0.03   25.03 ^ clk (in)
     1    0.01                           clk (net)
                  0.05    0.00   25.03 ^ clkbuf_0_clk/A (sky130_fd_sc_hd__clkbuf_16)
                  0.03    0.09   25.12 ^ clkbuf_0_clk/X (sky130_fd_sc_hd__clkbuf_16)
     2    0.02                           clknet_0_clk (net)
                  0.03    0.00   25.12 ^ clkbuf_1_0__f_clk/A (sky130_fd_sc_hd__clkbuf_16)
                  0.04    0.09   25.21 ^ clkbuf_1_0__f_clk/X (sky130_fd_sc_hd__clkbuf_16)
     7    0.03                           clknet_1_0__leaf_clk (net)
                  0.04    0.00   25.21 ^ _484_/CLK (sky130_fd_sc_hd__dfrtp_1)
                         -0.25   24.96   clock uncertainty
                          0.00   24.96   clock reconvergence pessimism
                          0.13   25.08   library recovery time
                                 25.08   data required time
-----------------------------------------------------------------------------
                                 25.08   data required time
                                 -5.31   data arrival time
-----------------------------------------------------------------------------
                                 19.78   slack (MET)


Startpoint: rst_n (input port clocked by clk)
Endpoint: _490_ (recovery check against rising-edge clock clk)
Path Group: asynchronous
Path Type: max
Corner: Fastest

Fanout     Cap    Slew   Delay    Time   Description
-----------------------------------------------------------------------------
                          0.00    0.00   clock clk (rise edge)
                          0.00    0.00   clock network delay (propagated)
                          5.00    5.00 ^ input external delay
                  0.01    0.01    5.01 ^ rst_n (in)
     1    0.00                           rst_n (net)
                  0.01    0.00    5.01 ^ input10/A (sky130_fd_sc_hd__clkbuf_2)
                  0.11    0.12    5.13 ^ input10/X (sky130_fd_sc_hd__clkbuf_2)
     5    0.03                           net10 (net)
                  0.11    0.00    5.13 ^ fanout39/A (sky130_fd_sc_hd__buf_4)
                  0.13    0.17    5.30 ^ fanout39/X (sky130_fd_sc_hd__buf_4)
    10    0.06                           net39 (net)
                  0.13    0.01    5.31 ^ _490_/RESET_B (sky130_fd_sc_hd__dfrtp_1)
                                  5.31   data arrival time

                         25.00   25.00   clock clk (rise edge)
                          0.00   25.00   clock source latency
                  0.05    0.03   25.03 ^ clk (in)
     1    0.01                           clk (net)
                  0.05    0.00   25.03 ^ clkbuf_0_clk/A (sky130_fd_sc_hd__clkbuf_16)
                  0.03    0.09   25.12 ^ clkbuf_0_clk/X (sky130_fd_sc_hd__clkbuf_16)
     2    0.02                           clknet_0_clk (net)
                  0.03    0.00   25.12 ^ clkbuf_1_0__f_clk/A (sky130_fd_sc_hd__clkbuf_16)
                  0.04    0.09   25.21 ^ clkbuf_1_0__f_clk/X (sky130_fd_sc_hd__clkbuf_16)
     7    0.03                           clknet_1_0__leaf_clk (net)
                  0.04    0.00   25.21 ^ _490_/CLK (sky130_fd_sc_hd__dfrtp_1)
                         -0.25   24.96   clock uncertainty
                          0.00   24.96   clock reconvergence pessimism
                          0.13   25.08   library recovery time
                                 25.08   data required time
-----------------------------------------------------------------------------
                                 25.08   data required time
                                 -5.31   data arrival time
-----------------------------------------------------------------------------
                                 19.78   slack (MET)


Startpoint: rst_n (input port clocked by clk)
Endpoint: _489_ (recovery check against rising-edge clock clk)
Path Group: asynchronous
Path Type: max
Corner: Fastest

Fanout     Cap    Slew   Delay    Time   Description
-----------------------------------------------------------------------------
                          0.00    0.00   clock clk (rise edge)
                          0.00    0.00   clock network delay (propagated)
                          5.00    5.00 ^ input external delay
                  0.01    0.01    5.01 ^ rst_n (in)
     1    0.00                           rst_n (net)
                  0.01    0.00    5.01 ^ input10/A (sky130_fd_sc_hd__clkbuf_2)
                  0.11    0.12    5.13 ^ input10/X (sky130_fd_sc_hd__clkbuf_2)
     5    0.03                           net10 (net)
                  0.11    0.00    5.13 ^ fanout39/A (sky130_fd_sc_hd__buf_4)
                  0.13    0.17    5.30 ^ fanout39/X (sky130_fd_sc_hd__buf_4)
    10    0.06                           net39 (net)
                  0.13    0.01    5.31 ^ _489_/RESET_B (sky130_fd_sc_hd__dfrtp_1)
                                  5.31   data arrival time

                         25.00   25.00   clock clk (rise edge)
                          0.00   25.00   clock source latency
                  0.05    0.03   25.03 ^ clk (in)
     1    0.01                           clk (net)
                  0.05    0.00   25.03 ^ clkbuf_0_clk/A (sky130_fd_sc_hd__clkbuf_16)
                  0.03    0.09   25.12 ^ clkbuf_0_clk/X (sky130_fd_sc_hd__clkbuf_16)
     2    0.02                           clknet_0_clk (net)
                  0.03    0.00   25.12 ^ clkbuf_1_0__f_clk/A (sky130_fd_sc_hd__clkbuf_16)
                  0.04    0.09   25.21 ^ clkbuf_1_0__f_clk/X (sky130_fd_sc_hd__clkbuf_16)
     7    0.03                           clknet_1_0__leaf_clk (net)
                  0.04    0.00   25.21 ^ _489_/CLK (sky130_fd_sc_hd__dfrtp_1)
                         -0.25   24.96   clock uncertainty
                          0.00   24.96   clock reconvergence pessimism
                          0.13   25.08   library recovery time
                                 25.08   data required time
-----------------------------------------------------------------------------
                                 25.08   data required time
                                 -5.31   data arrival time
-----------------------------------------------------------------------------
                                 19.78   slack (MET)


Startpoint: rst_n (input port clocked by clk)
Endpoint: _491_ (recovery check against rising-edge clock clk)
Path Group: asynchronous
Path Type: max
Corner: Fastest

Fanout     Cap    Slew   Delay    Time   Description
-----------------------------------------------------------------------------
                          0.00    0.00   clock clk (rise edge)
                          0.00    0.00   clock network delay (propagated)
                          5.00    5.00 ^ input external delay
                  0.01    0.01    5.01 ^ rst_n (in)
     1    0.00                           rst_n (net)
                  0.01    0.00    5.01 ^ input10/A (sky130_fd_sc_hd__clkbuf_2)
                  0.11    0.12    5.13 ^ input10/X (sky130_fd_sc_hd__clkbuf_2)
     5    0.03                           net10 (net)
                  0.11    0.00    5.13 ^ fanout39/A (sky130_fd_sc_hd__buf_4)
                  0.13    0.17    5.30 ^ fanout39/X (sky130_fd_sc_hd__buf_4)
    10    0.06                           net39 (net)
                  0.13    0.01    5.31 ^ _491_/RESET_B (sky130_fd_sc_hd__dfrtp_1)
                                  5.31   data arrival time

                         25.00   25.00   clock clk (rise edge)
                          0.00   25.00   clock source latency
                  0.05    0.03   25.03 ^ clk (in)
     1    0.01                           clk (net)
                  0.05    0.00   25.03 ^ clkbuf_0_clk/A (sky130_fd_sc_hd__clkbuf_16)
                  0.03    0.09   25.12 ^ clkbuf_0_clk/X (sky130_fd_sc_hd__clkbuf_16)
     2    0.02                           clknet_0_clk (net)
                  0.03    0.00   25.12 ^ clkbuf_1_0__f_clk/A (sky130_fd_sc_hd__clkbuf_16)
                  0.04    0.09   25.21 ^ clkbuf_1_0__f_clk/X (sky130_fd_sc_hd__clkbuf_16)
     7    0.03                           clknet_1_0__leaf_clk (net)
                  0.04    0.00   25.21 ^ _491_/CLK (sky130_fd_sc_hd__dfrtp_1)
                         -0.25   24.96   clock uncertainty
                          0.00   24.96   clock reconvergence pessimism
                          0.13   25.08   library recovery time
                                 25.08   data required time
-----------------------------------------------------------------------------
                                 25.08   data required time
                                 -5.31   data arrival time
-----------------------------------------------------------------------------
                                 19.78   slack (MET)


Startpoint: rst_n (input port clocked by clk)
Endpoint: _478_ (recovery check against rising-edge clock clk)
Path Group: asynchronous
Path Type: max
Corner: Fastest

Fanout     Cap    Slew   Delay    Time   Description
-----------------------------------------------------------------------------
                          0.00    0.00   clock clk (rise edge)
                          0.00    0.00   clock network delay (propagated)
                          5.00    5.00 ^ input external delay
                  0.01    0.01    5.01 ^ rst_n (in)
     1    0.00                           rst_n (net)
                  0.01    0.00    5.01 ^ input10/A (sky130_fd_sc_hd__clkbuf_2)
                  0.11    0.12    5.13 ^ input10/X (sky130_fd_sc_hd__clkbuf_2)
     5    0.03                           net10 (net)
                  0.11    0.00    5.13 ^ fanout39/A (sky130_fd_sc_hd__buf_4)
                  0.13    0.17    5.30 ^ fanout39/X (sky130_fd_sc_hd__buf_4)
    10    0.06                           net39 (net)
                  0.13    0.01    5.31 ^ _478_/RESET_B (sky130_fd_sc_hd__dfrtp_1)
                                  5.31   data arrival time

                         25.00   25.00   clock clk (rise edge)
                          0.00   25.00   clock source latency
                  0.05    0.03   25.03 ^ clk (in)
     1    0.01                           clk (net)
                  0.05    0.00   25.03 ^ clkbuf_0_clk/A (sky130_fd_sc_hd__clkbuf_16)
                  0.03    0.09   25.12 ^ clkbuf_0_clk/X (sky130_fd_sc_hd__clkbuf_16)
     2    0.02                           clknet_0_clk (net)
                  0.03    0.00   25.12 ^ clkbuf_1_1__f_clk/A (sky130_fd_sc_hd__clkbuf_16)
                  0.04    0.09   25.21 ^ clkbuf_1_1__f_clk/X (sky130_fd_sc_hd__clkbuf_16)
     7    0.03                           clknet_1_1__leaf_clk (net)
                  0.04    0.00   25.21 ^ _478_/CLK (sky130_fd_sc_hd__dfrtp_1)
                         -0.25   24.96   clock uncertainty
                          0.00   24.96   clock reconvergence pessimism
                          0.13   25.09   library recovery time
                                 25.09   data required time
-----------------------------------------------------------------------------
                                 25.09   data required time
                                 -5.31   data arrival time
-----------------------------------------------------------------------------
                                 19.78   slack (MET)


Startpoint: rst_n (input port clocked by clk)
Endpoint: _480_ (recovery check against rising-edge clock clk)
Path Group: asynchronous
Path Type: max
Corner: Fastest

Fanout     Cap    Slew   Delay    Time   Description
-----------------------------------------------------------------------------
                          0.00    0.00   clock clk (rise edge)
                          0.00    0.00   clock network delay (propagated)
                          5.00    5.00 ^ input external delay
                  0.01    0.01    5.01 ^ rst_n (in)
     1    0.00                           rst_n (net)
                  0.01    0.00    5.01 ^ input10/A (sky130_fd_sc_hd__clkbuf_2)
                  0.11    0.12    5.13 ^ input10/X (sky130_fd_sc_hd__clkbuf_2)
     5    0.03                           net10 (net)
                  0.11    0.00    5.13 ^ fanout39/A (sky130_fd_sc_hd__buf_4)
                  0.13    0.17    5.30 ^ fanout39/X (sky130_fd_sc_hd__buf_4)
    10    0.06                           net39 (net)
                  0.13    0.01    5.31 ^ _480_/RESET_B (sky130_fd_sc_hd__dfrtp_1)
                                  5.31   data arrival time

                         25.00   25.00   clock clk (rise edge)
                          0.00   25.00   clock source latency
                  0.05    0.03   25.03 ^ clk (in)
     1    0.01                           clk (net)
                  0.05    0.00   25.03 ^ clkbuf_0_clk/A (sky130_fd_sc_hd__clkbuf_16)
                  0.03    0.09   25.12 ^ clkbuf_0_clk/X (sky130_fd_sc_hd__clkbuf_16)
     2    0.02                           clknet_0_clk (net)
                  0.03    0.00   25.12 ^ clkbuf_1_1__f_clk/A (sky130_fd_sc_hd__clkbuf_16)
                  0.04    0.09   25.21 ^ clkbuf_1_1__f_clk/X (sky130_fd_sc_hd__clkbuf_16)
     7    0.03                           clknet_1_1__leaf_clk (net)
                  0.04    0.00   25.21 ^ _480_/CLK (sky130_fd_sc_hd__dfrtp_1)
                         -0.25   24.96   clock uncertainty
                          0.00   24.96   clock reconvergence pessimism
                          0.13   25.09   library recovery time
                                 25.09   data required time
-----------------------------------------------------------------------------
                                 25.09   data required time
                                 -5.31   data arrival time
-----------------------------------------------------------------------------
                                 19.78   slack (MET)


Startpoint: rst_n (input port clocked by clk)
Endpoint: _483_ (recovery check against rising-edge clock clk)
Path Group: asynchronous
Path Type: max
Corner: Fastest

Fanout     Cap    Slew   Delay    Time   Description
-----------------------------------------------------------------------------
                          0.00    0.00   clock clk (rise edge)
                          0.00    0.00   clock network delay (propagated)
                          5.00    5.00 ^ input external delay
                  0.01    0.01    5.01 ^ rst_n (in)
     1    0.00                           rst_n (net)
                  0.01    0.00    5.01 ^ input10/A (sky130_fd_sc_hd__clkbuf_2)
                  0.11    0.12    5.13 ^ input10/X (sky130_fd_sc_hd__clkbuf_2)
     5    0.03                           net10 (net)
                  0.11    0.00    5.13 ^ fanout39/A (sky130_fd_sc_hd__buf_4)
                  0.13    0.17    5.30 ^ fanout39/X (sky130_fd_sc_hd__buf_4)
    10    0.06                           net39 (net)
                  0.13    0.01    5.31 ^ _483_/RESET_B (sky130_fd_sc_hd__dfrtp_1)
                                  5.31   data arrival time

                         25.00   25.00   clock clk (rise edge)
                          0.00   25.00   clock source latency
                  0.05    0.03   25.03 ^ clk (in)
     1    0.01                           clk (net)
                  0.05    0.00   25.03 ^ clkbuf_0_clk/A (sky130_fd_sc_hd__clkbuf_16)
                  0.03    0.09   25.12 ^ clkbuf_0_clk/X (sky130_fd_sc_hd__clkbuf_16)
     2    0.02                           clknet_0_clk (net)
                  0.03    0.00   25.12 ^ clkbuf_1_1__f_clk/A (sky130_fd_sc_hd__clkbuf_16)
                  0.04    0.09   25.21 ^ clkbuf_1_1__f_clk/X (sky130_fd_sc_hd__clkbuf_16)
     7    0.03                           clknet_1_1__leaf_clk (net)
                  0.04    0.00   25.21 ^ _483_/CLK (sky130_fd_sc_hd__dfrtp_1)
                         -0.25   24.96   clock uncertainty
                          0.00   24.96   clock reconvergence pessimism
                          0.13   25.09   library recovery time
                                 25.09   data required time
-----------------------------------------------------------------------------
                                 25.09   data required time
                                 -5.31   data arrival time
-----------------------------------------------------------------------------
                                 19.78   slack (MET)


Startpoint: rst_n (input port clocked by clk)
Endpoint: _482_ (recovery check against rising-edge clock clk)
Path Group: asynchronous
Path Type: max
Corner: Fastest

Fanout     Cap    Slew   Delay    Time   Description
-----------------------------------------------------------------------------
                          0.00    0.00   clock clk (rise edge)
                          0.00    0.00   clock network delay (propagated)
                          5.00    5.00 ^ input external delay
                  0.01    0.01    5.01 ^ rst_n (in)
     1    0.00                           rst_n (net)
                  0.01    0.00    5.01 ^ input10/A (sky130_fd_sc_hd__clkbuf_2)
                  0.11    0.12    5.13 ^ input10/X (sky130_fd_sc_hd__clkbuf_2)
     5    0.03                           net10 (net)
                  0.11    0.00    5.13 ^ fanout39/A (sky130_fd_sc_hd__buf_4)
                  0.13    0.17    5.30 ^ fanout39/X (sky130_fd_sc_hd__buf_4)
    10    0.06                           net39 (net)
                  0.13    0.01    5.30 ^ _482_/RESET_B (sky130_fd_sc_hd__dfrtp_1)
                                  5.30   data arrival time

                         25.00   25.00   clock clk (rise edge)
                          0.00   25.00   clock source latency
                  0.05    0.03   25.03 ^ clk (in)
     1    0.01                           clk (net)
                  0.05    0.00   25.03 ^ clkbuf_0_clk/A (sky130_fd_sc_hd__clkbuf_16)
                  0.03    0.09   25.12 ^ clkbuf_0_clk/X (sky130_fd_sc_hd__clkbuf_16)
     2    0.02                           clknet_0_clk (net)
                  0.03    0.00   25.12 ^ clkbuf_1_1__f_clk/A (sky130_fd_sc_hd__clkbuf_16)
                  0.04    0.09   25.21 ^ clkbuf_1_1__f_clk/X (sky130_fd_sc_hd__clkbuf_16)
     7    0.03                           clknet_1_1__leaf_clk (net)
                  0.04    0.00   25.21 ^ _482_/CLK (sky130_fd_sc_hd__dfrtp_1)
                         -0.25   24.96   clock uncertainty
                          0.00   24.96   clock reconvergence pessimism
                          0.13   25.09   library recovery time
                                 25.09   data required time
-----------------------------------------------------------------------------
                                 25.09   data required time
                                 -5.30   data arrival time
-----------------------------------------------------------------------------
                                 19.78   slack (MET)


Startpoint: rst_n (input port clocked by clk)
Endpoint: _479_ (recovery check against rising-edge clock clk)
Path Group: asynchronous
Path Type: max
Corner: Fastest

Fanout     Cap    Slew   Delay    Time   Description
-----------------------------------------------------------------------------
                          0.00    0.00   clock clk (rise edge)
                          0.00    0.00   clock network delay (propagated)
                          5.00    5.00 ^ input external delay
                  0.01    0.01    5.01 ^ rst_n (in)
     1    0.00                           rst_n (net)
                  0.01    0.00    5.01 ^ input10/A (sky130_fd_sc_hd__clkbuf_2)
                  0.11    0.12    5.13 ^ input10/X (sky130_fd_sc_hd__clkbuf_2)
     5    0.03                           net10 (net)
                  0.11    0.00    5.13 ^ fanout39/A (sky130_fd_sc_hd__buf_4)
                  0.13    0.17    5.30 ^ fanout39/X (sky130_fd_sc_hd__buf_4)
    10    0.06                           net39 (net)
                  0.13    0.00    5.30 ^ _479_/RESET_B (sky130_fd_sc_hd__dfrtp_1)
                                  5.30   data arrival time

                         25.00   25.00   clock clk (rise edge)
                          0.00   25.00   clock source latency
                  0.05    0.03   25.03 ^ clk (in)
     1    0.01                           clk (net)
                  0.05    0.00   25.03 ^ clkbuf_0_clk/A (sky130_fd_sc_hd__clkbuf_16)
                  0.03    0.09   25.12 ^ clkbuf_0_clk/X (sky130_fd_sc_hd__clkbuf_16)
     2    0.02                           clknet_0_clk (net)
                  0.03    0.00   25.12 ^ clkbuf_1_1__f_clk/A (sky130_fd_sc_hd__clkbuf_16)
                  0.04    0.09   25.21 ^ clkbuf_1_1__f_clk/X (sky130_fd_sc_hd__clkbuf_16)
     7    0.03                           clknet_1_1__leaf_clk (net)
                  0.04    0.00   25.21 ^ _479_/CLK (sky130_fd_sc_hd__dfrtp_1)
                         -0.25   24.96   clock uncertainty
                          0.00   24.96   clock reconvergence pessimism
                          0.13   25.09   library recovery time
                                 25.09   data required time
-----------------------------------------------------------------------------
                                 25.09   data required time
                                 -5.30   data arrival time
-----------------------------------------------------------------------------
                                 19.79   slack (MET)


Startpoint: rst_n (input port clocked by clk)
Endpoint: _481_ (recovery check against rising-edge clock clk)
Path Group: asynchronous
Path Type: max
Corner: Fastest

Fanout     Cap    Slew   Delay    Time   Description
-----------------------------------------------------------------------------
                          0.00    0.00   clock clk (rise edge)
                          0.00    0.00   clock network delay (propagated)
                          5.00    5.00 ^ input external delay
                  0.01    0.01    5.01 ^ rst_n (in)
     1    0.00                           rst_n (net)
                  0.01    0.00    5.01 ^ input10/A (sky130_fd_sc_hd__clkbuf_2)
                  0.11    0.12    5.13 ^ input10/X (sky130_fd_sc_hd__clkbuf_2)
     5    0.03                           net10 (net)
                  0.11    0.00    5.13 ^ fanout39/A (sky130_fd_sc_hd__buf_4)
                  0.13    0.17    5.30 ^ fanout39/X (sky130_fd_sc_hd__buf_4)
    10    0.06                           net39 (net)
                  0.13    0.00    5.30 ^ _481_/RESET_B (sky130_fd_sc_hd__dfrtp_1)
                                  5.30   data arrival time

                         25.00   25.00   clock clk (rise edge)
                          0.00   25.00   clock source latency
                  0.05    0.03   25.03 ^ clk (in)
     1    0.01                           clk (net)
                  0.05    0.00   25.03 ^ clkbuf_0_clk/A (sky130_fd_sc_hd__clkbuf_16)
                  0.03    0.09   25.12 ^ clkbuf_0_clk/X (sky130_fd_sc_hd__clkbuf_16)
     2    0.02                           clknet_0_clk (net)
                  0.03    0.00   25.12 ^ clkbuf_1_1__f_clk/A (sky130_fd_sc_hd__clkbuf_16)
                  0.04    0.09   25.21 ^ clkbuf_1_1__f_clk/X (sky130_fd_sc_hd__clkbuf_16)
     7    0.03                           clknet_1_1__leaf_clk (net)
                  0.04    0.00   25.21 ^ _481_/CLK (sky130_fd_sc_hd__dfrtp_1)
                         -0.25   24.96   clock uncertainty
                          0.00   24.96   clock reconvergence pessimism
                          0.13   25.09   library recovery time
                                 25.09   data required time
-----------------------------------------------------------------------------
                                 25.09   data required time
                                 -5.30   data arrival time
-----------------------------------------------------------------------------
                                 19.79   slack (MET)


Startpoint: rst_n (input port clocked by clk)
Endpoint: _486_ (recovery check against rising-edge clock clk)
Path Group: asynchronous
Path Type: max
Corner: Fastest

Fanout     Cap    Slew   Delay    Time   Description
-----------------------------------------------------------------------------
                          0.00    0.00   clock clk (rise edge)
                          0.00    0.00   clock network delay (propagated)
                          5.00    5.00 ^ input external delay
                  0.01    0.01    5.01 ^ rst_n (in)
     1    0.00                           rst_n (net)
                  0.01    0.00    5.01 ^ input10/A (sky130_fd_sc_hd__clkbuf_2)
                  0.11    0.12    5.13 ^ input10/X (sky130_fd_sc_hd__clkbuf_2)
     5    0.03                           net10 (net)
                  0.11    0.00    5.13 ^ _486_/RESET_B (sky130_fd_sc_hd__dfrtp_1)
                                  5.13   data arrival time

                         25.00   25.00   clock clk (rise edge)
                          0.00   25.00   clock source latency
                  0.05    0.03   25.03 ^ clk (in)
     1    0.01                           clk (net)
                  0.05    0.00   25.03 ^ clkbuf_0_clk/A (sky130_fd_sc_hd__clkbuf_16)
                  0.03    0.09   25.12 ^ clkbuf_0_clk/X (sky130_fd_sc_hd__clkbuf_16)
     2    0.02                           clknet_0_clk (net)
                  0.03    0.00   25.12 ^ clkbuf_1_0__f_clk/A (sky130_fd_sc_hd__clkbuf_16)
                  0.04    0.09   25.21 ^ clkbuf_1_0__f_clk/X (sky130_fd_sc_hd__clkbuf_16)
     7    0.03                           clknet_1_0__leaf_clk (net)
                  0.04    0.00   25.21 ^ _486_/CLK (sky130_fd_sc_hd__dfrtp_1)
                         -0.25   24.96   clock uncertainty
                          0.00   24.96   clock reconvergence pessimism
                          0.13   25.09   library recovery time
                                 25.09   data required time
-----------------------------------------------------------------------------
                                 25.09   data required time
                                 -5.13   data arrival time
-----------------------------------------------------------------------------
                                 19.96   slack (MET)


Startpoint: rst_n (input port clocked by clk)
Endpoint: _488_ (recovery check against rising-edge clock clk)
Path Group: asynchronous
Path Type: max
Corner: Fastest

Fanout     Cap    Slew   Delay    Time   Description
-----------------------------------------------------------------------------
                          0.00    0.00   clock clk (rise edge)
                          0.00    0.00   clock network delay (propagated)
                          5.00    5.00 ^ input external delay
                  0.01    0.01    5.01 ^ rst_n (in)
     1    0.00                           rst_n (net)
                  0.01    0.00    5.01 ^ input10/A (sky130_fd_sc_hd__clkbuf_2)
                  0.11    0.12    5.13 ^ input10/X (sky130_fd_sc_hd__clkbuf_2)
     5    0.03                           net10 (net)
                  0.11    0.00    5.13 ^ _488_/RESET_B (sky130_fd_sc_hd__dfrtp_1)
                                  5.13   data arrival time

                         25.00   25.00   clock clk (rise edge)
                          0.00   25.00   clock source latency
                  0.05    0.03   25.03 ^ clk (in)
     1    0.01                           clk (net)
                  0.05    0.00   25.03 ^ clkbuf_0_clk/A (sky130_fd_sc_hd__clkbuf_16)
                  0.03    0.09   25.12 ^ clkbuf_0_clk/X (sky130_fd_sc_hd__clkbuf_16)
     2    0.02                           clknet_0_clk (net)
                  0.03    0.00   25.12 ^ clkbuf_1_0__f_clk/A (sky130_fd_sc_hd__clkbuf_16)
                  0.04    0.09   25.21 ^ clkbuf_1_0__f_clk/X (sky130_fd_sc_hd__clkbuf_16)
     7    0.03                           clknet_1_0__leaf_clk (net)
                  0.04    0.00   25.21 ^ _488_/CLK (sky130_fd_sc_hd__dfrtp_1)
                         -0.25   24.96   clock uncertainty
                          0.00   24.96   clock reconvergence pessimism
                          0.13   25.09   library recovery time
                                 25.09   data required time
-----------------------------------------------------------------------------
                                 25.09   data required time
                                 -5.13   data arrival time
-----------------------------------------------------------------------------
                                 19.96   slack (MET)


Startpoint: rst_n (input port clocked by clk)
Endpoint: _485_ (recovery check against rising-edge clock clk)
Path Group: asynchronous
Path Type: max
Corner: Fastest

Fanout     Cap    Slew   Delay    Time   Description
-----------------------------------------------------------------------------
                          0.00    0.00   clock clk (rise edge)
                          0.00    0.00   clock network delay (propagated)
                          5.00    5.00 ^ input external delay
                  0.01    0.01    5.01 ^ rst_n (in)
     1    0.00                           rst_n (net)
                  0.01    0.00    5.01 ^ input10/A (sky130_fd_sc_hd__clkbuf_2)
                  0.11    0.12    5.13 ^ input10/X (sky130_fd_sc_hd__clkbuf_2)
     5    0.03                           net10 (net)
                  0.11    0.00    5.13 ^ _485_/RESET_B (sky130_fd_sc_hd__dfrtp_1)
                                  5.13   data arrival time

                         25.00   25.00   clock clk (rise edge)
                          0.00   25.00   clock source latency
                  0.05    0.03   25.03 ^ clk (in)
     1    0.01                           clk (net)
                  0.05    0.00   25.03 ^ clkbuf_0_clk/A (sky130_fd_sc_hd__clkbuf_16)
                  0.03    0.09   25.12 ^ clkbuf_0_clk/X (sky130_fd_sc_hd__clkbuf_16)
     2    0.02                           clknet_0_clk (net)
                  0.03    0.00   25.12 ^ clkbuf_1_0__f_clk/A (sky130_fd_sc_hd__clkbuf_16)
                  0.04    0.09   25.21 ^ clkbuf_1_0__f_clk/X (sky130_fd_sc_hd__clkbuf_16)
     7    0.03                           clknet_1_0__leaf_clk (net)
                  0.04    0.00   25.21 ^ _485_/CLK (sky130_fd_sc_hd__dfrtp_1)
                         -0.25   24.96   clock uncertainty
                          0.00   24.96   clock reconvergence pessimism
                          0.13   25.09   library recovery time
                                 25.09   data required time
-----------------------------------------------------------------------------
                                 25.09   data required time
                                 -5.13   data arrival time
-----------------------------------------------------------------------------
                                 19.96   slack (MET)


Startpoint: rst_n (input port clocked by clk)
Endpoint: _487_ (recovery check against rising-edge clock clk)
Path Group: asynchronous
Path Type: max
Corner: Fastest

Fanout     Cap    Slew   Delay    Time   Description
-----------------------------------------------------------------------------
                          0.00    0.00   clock clk (rise edge)
                          0.00    0.00   clock network delay (propagated)
                          5.00    5.00 ^ input external delay
                  0.01    0.01    5.01 ^ rst_n (in)
     1    0.00                           rst_n (net)
                  0.01    0.00    5.01 ^ input10/A (sky130_fd_sc_hd__clkbuf_2)
                  0.11    0.12    5.13 ^ input10/X (sky130_fd_sc_hd__clkbuf_2)
     5    0.03                           net10 (net)
                  0.11    0.00    5.13 ^ _487_/RESET_B (sky130_fd_sc_hd__dfrtp_1)
                                  5.13   data arrival time

                         25.00   25.00   clock clk (rise edge)
                          0.00   25.00   clock source latency
                  0.05    0.03   25.03 ^ clk (in)
     1    0.01                           clk (net)
                  0.05    0.00   25.03 ^ clkbuf_0_clk/A (sky130_fd_sc_hd__clkbuf_16)
                  0.03    0.09   25.12 ^ clkbuf_0_clk/X (sky130_fd_sc_hd__clkbuf_16)
     2    0.02                           clknet_0_clk (net)
                  0.03    0.00   25.12 ^ clkbuf_1_1__f_clk/A (sky130_fd_sc_hd__clkbuf_16)
                  0.04    0.09   25.21 ^ clkbuf_1_1__f_clk/X (sky130_fd_sc_hd__clkbuf_16)
     7    0.03                           clknet_1_1__leaf_clk (net)
                  0.04    0.00   25.21 ^ _487_/CLK (sky130_fd_sc_hd__dfrtp_1)
                         -0.25   24.96   clock uncertainty
                          0.00   24.96   clock reconvergence pessimism
                          0.13   25.09   library recovery time
                                 25.09   data required time
-----------------------------------------------------------------------------
                                 25.09   data required time
                                 -5.13   data arrival time
-----------------------------------------------------------------------------
                                 19.96   slack (MET)



======================= Slowest Corner ===================================

Startpoint: data_in[4] (input port clocked by clk)
Endpoint: _480_ (rising edge-triggered flip-flop clocked by clk)
Path Group: clk
Path Type: max
Corner: Slowest

Fanout     Cap    Slew   Delay    Time   Description
-----------------------------------------------------------------------------
                          0.00    0.00   clock clk (rise edge)
                          0.00    0.00   clock network delay (propagated)
                          5.00    5.00 ^ input external delay
                  0.04    0.02    5.02 ^ data_in[4] (in)
     1    0.00                           data_in[4] (net)
                  0.04    0.00    5.02 ^ input5/A (sky130_fd_sc_hd__buf_1)
                  0.31    0.32    5.34 ^ input5/X (sky130_fd_sc_hd__buf_1)
     2    0.02                           net5 (net)
                  0.31    0.00    5.34 ^ _244_/A (sky130_fd_sc_hd__clkbuf_4)
                  0.28    0.53    5.87 ^ _244_/X (sky130_fd_sc_hd__clkbuf_4)
    10    0.06                           _194_ (net)
                  0.28    0.00    5.87 ^ _296_/D (sky130_fd_sc_hd__nand4_2)
                  0.24    0.37    6.24 v _296_/Y (sky130_fd_sc_hd__nand4_2)
     3    0.01                           _019_ (net)
                  0.24    0.00    6.24 v _331_/B1 (sky130_fd_sc_hd__a22o_1)
                  0.12    0.47    6.72 v _331_/X (sky130_fd_sc_hd__a22o_1)
     3    0.01                           _054_ (net)
                  0.12    0.00    6.72 v _333_/C (sky130_fd_sc_hd__and3_1)
                  0.10    0.44    7.15 v _333_/X (sky130_fd_sc_hd__and3_1)
     2    0.01                           _056_ (net)
                  0.10    0.00    7.15 v _335_/B (sky130_fd_sc_hd__or3b_2)
                  0.22    1.20    8.36 v _335_/X (sky130_fd_sc_hd__or3b_2)
     4    0.01                           _058_ (net)
                  0.22    0.00    8.36 v _354_/A (sky130_fd_sc_hd__and3_2)
                  0.14    0.54    8.90 v _354_/X (sky130_fd_sc_hd__and3_2)
     3    0.02                           _077_ (net)
                  0.14    0.00    8.90 v _410_/A (sky130_fd_sc_hd__nor2_2)
                  0.32    0.37    9.27 ^ _410_/Y (sky130_fd_sc_hd__nor2_2)
     3    0.02                           _133_ (net)
                  0.32    0.00    9.27 ^ _411_/B (sky130_fd_sc_hd__xor2_1)
                  0.22    0.37    9.64 ^ _411_/X (sky130_fd_sc_hd__xor2_1)
     1    0.00                           _134_ (net)
                  0.22    0.00    9.64 ^ _414_/A4 (sky130_fd_sc_hd__a41o_1)
                  0.20    0.56   10.20 ^ _414_/X (sky130_fd_sc_hd__a41o_1)
     3    0.01                           _137_ (net)
                  0.20    0.00   10.20 ^ _416_/A2 (sky130_fd_sc_hd__a21oi_1)
                  0.19    0.27   10.47 v _416_/Y (sky130_fd_sc_hd__a21oi_1)
     1    0.01                           _139_ (net)
                  0.19    0.00   10.47 v _417_/B (sky130_fd_sc_hd__xnor2_2)
                  0.38    0.43   10.90 ^ _417_/Y (sky130_fd_sc_hd__xnor2_2)
     4    0.02                           _140_ (net)
                  0.38    0.00   10.90 ^ _447_/C_N (sky130_fd_sc_hd__or3b_2)
                  0.20    1.25   12.15 v _447_/X (sky130_fd_sc_hd__or3b_2)
     1    0.01                           _170_ (net)
                  0.20    0.00   12.15 v _448_/A3 (sky130_fd_sc_hd__o311ai_4)
                  0.41    0.48   12.63 ^ _448_/Y (sky130_fd_sc_hd__o311ai_4)
     3    0.01                           _171_ (net)
                  0.41    0.00   12.63 ^ _451_/B1 (sky130_fd_sc_hd__a22o_1)
                  0.19    0.48   13.11 ^ _451_/X (sky130_fd_sc_hd__a22o_1)
     1    0.01                           _174_ (net)
                  0.19    0.00   13.11 ^ _452_/B2 (sky130_fd_sc_hd__a22o_1)
                  0.09    0.30   13.41 ^ _452_/X (sky130_fd_sc_hd__a22o_1)
     1    0.00                           _001_ (net)
                  0.09    0.00   13.41 ^ _480_/D (sky130_fd_sc_hd__dfrtp_1)
                                 13.41   data arrival time

                         25.00   25.00   clock clk (rise edge)
                          0.00   25.00   clock source latency
                  0.11    0.07   25.07 ^ clk (in)
     1    0.01                           clk (net)
                  0.11    0.00   25.07 ^ clkbuf_0_clk/A (sky130_fd_sc_hd__clkbuf_16)
                  0.07    0.23   25.30 ^ clkbuf_0_clk/X (sky130_fd_sc_hd__clkbuf_16)
     2    0.02                           clknet_0_clk (net)
                  0.07    0.00   25.30 ^ clkbuf_1_1__f_clk/A (sky130_fd_sc_hd__clkbuf_16)
                  0.08    0.22   25.52 ^ clkbuf_1_1__f_clk/X (sky130_fd_sc_hd__clkbuf_16)
     7    0.03                           clknet_1_1__leaf_clk (net)
                  0.08    0.00   25.52 ^ _480_/CLK (sky130_fd_sc_hd__dfrtp_1)
                         -0.25   25.27   clock uncertainty
                          0.00   25.27   clock reconvergence pessimism
                         -0.14   25.14   library setup time
                                 25.14   data required time
-----------------------------------------------------------------------------
                                 25.14   data required time
                                -13.41   data arrival time
-----------------------------------------------------------------------------
                                 11.73   slack (MET)


Startpoint: data_in[4] (input port clocked by clk)
Endpoint: _482_ (rising edge-triggered flip-flop clocked by clk)
Path Group: clk
Path Type: max
Corner: Slowest

Fanout     Cap    Slew   Delay    Time   Description
-----------------------------------------------------------------------------
                          0.00    0.00   clock clk (rise edge)
                          0.00    0.00   clock network delay (propagated)
                          5.00    5.00 ^ input external delay
                  0.04    0.02    5.02 ^ data_in[4] (in)
     1    0.00                           data_in[4] (net)
                  0.04    0.00    5.02 ^ input5/A (sky130_fd_sc_hd__buf_1)
                  0.31    0.32    5.34 ^ input5/X (sky130_fd_sc_hd__buf_1)
     2    0.02                           net5 (net)
                  0.31    0.00    5.34 ^ _244_/A (sky130_fd_sc_hd__clkbuf_4)
                  0.28    0.53    5.87 ^ _244_/X (sky130_fd_sc_hd__clkbuf_4)
    10    0.06                           _194_ (net)
                  0.28    0.00    5.87 ^ _296_/D (sky130_fd_sc_hd__nand4_2)
                  0.24    0.37    6.24 v _296_/Y (sky130_fd_sc_hd__nand4_2)
     3    0.01                           _019_ (net)
                  0.24    0.00    6.24 v _331_/B1 (sky130_fd_sc_hd__a22o_1)
                  0.12    0.47    6.72 v _331_/X (sky130_fd_sc_hd__a22o_1)
     3    0.01                           _054_ (net)
                  0.12    0.00    6.72 v _333_/C (sky130_fd_sc_hd__and3_1)
                  0.10    0.44    7.15 v _333_/X (sky130_fd_sc_hd__and3_1)
     2    0.01                           _056_ (net)
                  0.10    0.00    7.15 v _335_/B (sky130_fd_sc_hd__or3b_2)
                  0.22    1.20    8.36 v _335_/X (sky130_fd_sc_hd__or3b_2)
     4    0.01                           _058_ (net)
                  0.22    0.00    8.36 v _354_/A (sky130_fd_sc_hd__and3_2)
                  0.14    0.54    8.90 v _354_/X (sky130_fd_sc_hd__and3_2)
     3    0.02                           _077_ (net)
                  0.14    0.00    8.90 v _410_/A (sky130_fd_sc_hd__nor2_2)
                  0.32    0.37    9.27 ^ _410_/Y (sky130_fd_sc_hd__nor2_2)
     3    0.02                           _133_ (net)
                  0.32    0.00    9.27 ^ _411_/B (sky130_fd_sc_hd__xor2_1)
                  0.22    0.37    9.64 ^ _411_/X (sky130_fd_sc_hd__xor2_1)
     1    0.00                           _134_ (net)
                  0.22    0.00    9.64 ^ _414_/A4 (sky130_fd_sc_hd__a41o_1)
                  0.20    0.56   10.20 ^ _414_/X (sky130_fd_sc_hd__a41o_1)
     3    0.01                           _137_ (net)
                  0.20    0.00   10.20 ^ _416_/A2 (sky130_fd_sc_hd__a21oi_1)
                  0.19    0.27   10.47 v _416_/Y (sky130_fd_sc_hd__a21oi_1)
     1    0.01                           _139_ (net)
                  0.19    0.00   10.47 v _417_/B (sky130_fd_sc_hd__xnor2_2)
                  0.38    0.43   10.90 ^ _417_/Y (sky130_fd_sc_hd__xnor2_2)
     4    0.02                           _140_ (net)
                  0.38    0.00   10.90 ^ _447_/C_N (sky130_fd_sc_hd__or3b_2)
                  0.20    1.25   12.15 v _447_/X (sky130_fd_sc_hd__or3b_2)
     1    0.01                           _170_ (net)
                  0.20    0.00   12.15 v _448_/A3 (sky130_fd_sc_hd__o311ai_4)
                  0.41    0.48   12.63 ^ _448_/Y (sky130_fd_sc_hd__o311ai_4)
     3    0.01                           _171_ (net)
                  0.41    0.00   12.63 ^ _458_/B1 (sky130_fd_sc_hd__a22o_1)
                  0.19    0.47   13.10 ^ _458_/X (sky130_fd_sc_hd__a22o_1)
     1    0.01                           _179_ (net)
                  0.19    0.00   13.11 ^ _459_/B2 (sky130_fd_sc_hd__a22o_1)
                  0.09    0.30   13.40 ^ _459_/X (sky130_fd_sc_hd__a22o_1)
     1    0.00                           _003_ (net)
                  0.09    0.00   13.40 ^ _482_/D (sky130_fd_sc_hd__dfrtp_1)
                                 13.40   data arrival time

                         25.00   25.00   clock clk (rise edge)
                          0.00   25.00   clock source latency
                  0.11    0.07   25.07 ^ clk (in)
     1    0.01                           clk (net)
                  0.11    0.00   25.07 ^ clkbuf_0_clk/A (sky130_fd_sc_hd__clkbuf_16)
                  0.07    0.23   25.30 ^ clkbuf_0_clk/X (sky130_fd_sc_hd__clkbuf_16)
     2    0.02                           clknet_0_clk (net)
                  0.07    0.00   25.30 ^ clkbuf_1_1__f_clk/A (sky130_fd_sc_hd__clkbuf_16)
                  0.08    0.22   25.52 ^ clkbuf_1_1__f_clk/X (sky130_fd_sc_hd__clkbuf_16)
     7    0.03                           clknet_1_1__leaf_clk (net)
                  0.08    0.00   25.52 ^ _482_/CLK (sky130_fd_sc_hd__dfrtp_1)
                         -0.25   25.27   clock uncertainty
                          0.00   25.27   clock reconvergence pessimism
                         -0.14   25.14   library setup time
                                 25.14   data required time
-----------------------------------------------------------------------------
                                 25.14   data required time
                                -13.40   data arrival time
-----------------------------------------------------------------------------
                                 11.73   slack (MET)


Startpoint: data_in[4] (input port clocked by clk)
Endpoint: _481_ (rising edge-triggered flip-flop clocked by clk)
Path Group: clk
Path Type: max
Corner: Slowest

Fanout     Cap    Slew   Delay    Time   Description
-----------------------------------------------------------------------------
                          0.00    0.00   clock clk (rise edge)
                          0.00    0.00   clock network delay (propagated)
                          5.00    5.00 ^ input external delay
                  0.04    0.02    5.02 ^ data_in[4] (in)
     1    0.00                           data_in[4] (net)
                  0.04    0.00    5.02 ^ input5/A (sky130_fd_sc_hd__buf_1)
                  0.31    0.32    5.34 ^ input5/X (sky130_fd_sc_hd__buf_1)
     2    0.02                           net5 (net)
                  0.31    0.00    5.34 ^ _244_/A (sky130_fd_sc_hd__clkbuf_4)
                  0.28    0.53    5.87 ^ _244_/X (sky130_fd_sc_hd__clkbuf_4)
    10    0.06                           _194_ (net)
                  0.28    0.00    5.87 ^ _296_/D (sky130_fd_sc_hd__nand4_2)
                  0.24    0.37    6.24 v _296_/Y (sky130_fd_sc_hd__nand4_2)
     3    0.01                           _019_ (net)
                  0.24    0.00    6.24 v _331_/B1 (sky130_fd_sc_hd__a22o_1)
                  0.12    0.47    6.72 v _331_/X (sky130_fd_sc_hd__a22o_1)
     3    0.01                           _054_ (net)
                  0.12    0.00    6.72 v _333_/C (sky130_fd_sc_hd__and3_1)
                  0.10    0.44    7.15 v _333_/X (sky130_fd_sc_hd__and3_1)
     2    0.01                           _056_ (net)
                  0.10    0.00    7.15 v _335_/B (sky130_fd_sc_hd__or3b_2)
                  0.22    1.20    8.36 v _335_/X (sky130_fd_sc_hd__or3b_2)
     4    0.01                           _058_ (net)
                  0.22    0.00    8.36 v _354_/A (sky130_fd_sc_hd__and3_2)
                  0.14    0.54    8.90 v _354_/X (sky130_fd_sc_hd__and3_2)
     3    0.02                           _077_ (net)
                  0.14    0.00    8.90 v _410_/A (sky130_fd_sc_hd__nor2_2)
                  0.32    0.37    9.27 ^ _410_/Y (sky130_fd_sc_hd__nor2_2)
     3    0.02                           _133_ (net)
                  0.32    0.00    9.27 ^ _411_/B (sky130_fd_sc_hd__xor2_1)
                  0.22    0.37    9.64 ^ _411_/X (sky130_fd_sc_hd__xor2_1)
     1    0.00                           _134_ (net)
                  0.22    0.00    9.64 ^ _414_/A4 (sky130_fd_sc_hd__a41o_1)
                  0.20    0.56   10.20 ^ _414_/X (sky130_fd_sc_hd__a41o_1)
     3    0.01                           _137_ (net)
                  0.20    0.00   10.20 ^ _416_/A2 (sky130_fd_sc_hd__a21oi_1)
                  0.19    0.27   10.47 v _416_/Y (sky130_fd_sc_hd__a21oi_1)
     1    0.01                           _139_ (net)
                  0.19    0.00   10.47 v _417_/B (sky130_fd_sc_hd__xnor2_2)
                  0.38    0.43   10.90 ^ _417_/Y (sky130_fd_sc_hd__xnor2_2)
     4    0.02                           _140_ (net)
                  0.38    0.00   10.90 ^ _447_/C_N (sky130_fd_sc_hd__or3b_2)
                  0.20    1.25   12.15 v _447_/X (sky130_fd_sc_hd__or3b_2)
     1    0.01                           _170_ (net)
                  0.20    0.00   12.15 v _448_/A3 (sky130_fd_sc_hd__o311ai_4)
                  0.41    0.48   12.63 ^ _448_/Y (sky130_fd_sc_hd__o311ai_4)
     3    0.01                           _171_ (net)
                  0.41    0.00   12.63 ^ _454_/A2 (sky130_fd_sc_hd__a32o_1)
                  0.10    0.47   13.10 ^ _454_/X (sky130_fd_sc_hd__a32o_1)
     1    0.00                           _176_ (net)
                  0.10    0.00   13.10 ^ _455_/B2 (sky130_fd_sc_hd__a22o_1)
                  0.08    0.26   13.36 ^ _455_/X (sky130_fd_sc_hd__a22o_1)
     1    0.00                           _002_ (net)
                  0.08    0.00   13.36 ^ _481_/D (sky130_fd_sc_hd__dfrtp_1)
                                 13.36   data arrival time

                         25.00   25.00   clock clk (rise edge)
                          0.00   25.00   clock source latency
                  0.11    0.07   25.07 ^ clk (in)
     1    0.01                           clk (net)
                  0.11    0.00   25.07 ^ clkbuf_0_clk/A (sky130_fd_sc_hd__clkbuf_16)
                  0.07    0.23   25.30 ^ clkbuf_0_clk/X (sky130_fd_sc_hd__clkbuf_16)
     2    0.02                           clknet_0_clk (net)
                  0.07    0.00   25.30 ^ clkbuf_1_1__f_clk/A (sky130_fd_sc_hd__clkbuf_16)
                  0.08    0.22   25.52 ^ clkbuf_1_1__f_clk/X (sky130_fd_sc_hd__clkbuf_16)
     7    0.03                           clknet_1_1__leaf_clk (net)
                  0.08    0.00   25.52 ^ _481_/CLK (sky130_fd_sc_hd__dfrtp_1)
                         -0.25   25.27   clock uncertainty
                          0.00   25.27   clock reconvergence pessimism
                         -0.14   25.14   library setup time
                                 25.14   data required time
-----------------------------------------------------------------------------
                                 25.14   data required time
                                -13.36   data arrival time
-----------------------------------------------------------------------------
                                 11.78   slack (MET)


Startpoint: data_in[4] (input port clocked by clk)
Endpoint: _483_ (rising edge-triggered flip-flop clocked by clk)
Path Group: clk
Path Type: max
Corner: Slowest

Fanout     Cap    Slew   Delay    Time   Description
-----------------------------------------------------------------------------
                          0.00    0.00   clock clk (rise edge)
                          0.00    0.00   clock network delay (propagated)
                          5.00    5.00 ^ input external delay
                  0.04    0.02    5.02 ^ data_in[4] (in)
     1    0.00                           data_in[4] (net)
                  0.04    0.00    5.02 ^ input5/A (sky130_fd_sc_hd__buf_1)
                  0.31    0.32    5.34 ^ input5/X (sky130_fd_sc_hd__buf_1)
     2    0.02                           net5 (net)
                  0.31    0.00    5.34 ^ _244_/A (sky130_fd_sc_hd__clkbuf_4)
                  0.28    0.53    5.87 ^ _244_/X (sky130_fd_sc_hd__clkbuf_4)
    10    0.06                           _194_ (net)
                  0.28    0.00    5.87 ^ _296_/D (sky130_fd_sc_hd__nand4_2)
                  0.24    0.37    6.24 v _296_/Y (sky130_fd_sc_hd__nand4_2)
     3    0.01                           _019_ (net)
                  0.24    0.00    6.24 v _331_/B1 (sky130_fd_sc_hd__a22o_1)
                  0.12    0.47    6.72 v _331_/X (sky130_fd_sc_hd__a22o_1)
     3    0.01                           _054_ (net)
                  0.12    0.00    6.72 v _333_/C (sky130_fd_sc_hd__and3_1)
                  0.10    0.44    7.15 v _333_/X (sky130_fd_sc_hd__and3_1)
     2    0.01                           _056_ (net)
                  0.10    0.00    7.15 v _335_/B (sky130_fd_sc_hd__or3b_2)
                  0.22    1.20    8.36 v _335_/X (sky130_fd_sc_hd__or3b_2)
     4    0.01                           _058_ (net)
                  0.22    0.00    8.36 v _354_/A (sky130_fd_sc_hd__and3_2)
                  0.14    0.54    8.90 v _354_/X (sky130_fd_sc_hd__and3_2)
     3    0.02                           _077_ (net)
                  0.14    0.00    8.90 v _410_/A (sky130_fd_sc_hd__nor2_2)
                  0.32    0.37    9.27 ^ _410_/Y (sky130_fd_sc_hd__nor2_2)
     3    0.02                           _133_ (net)
                  0.32    0.00    9.27 ^ _411_/B (sky130_fd_sc_hd__xor2_1)
                  0.22    0.37    9.64 ^ _411_/X (sky130_fd_sc_hd__xor2_1)
     1    0.00                           _134_ (net)
                  0.22    0.00    9.64 ^ _414_/A4 (sky130_fd_sc_hd__a41o_1)
                  0.20    0.56   10.20 ^ _414_/X (sky130_fd_sc_hd__a41o_1)
     3    0.01                           _137_ (net)
                  0.20    0.00   10.20 ^ _420_/B (sky130_fd_sc_hd__xnor2_1)
                  0.14    0.21   10.41 v _420_/Y (sky130_fd_sc_hd__xnor2_1)
     2    0.01                           _143_ (net)
                  0.14    0.00   10.41 v _429_/C (sky130_fd_sc_hd__nor4_1)
                  0.66    0.68   11.09 ^ _429_/Y (sky130_fd_sc_hd__nor4_1)
     3    0.01                           _152_ (net)
                  0.66    0.00   11.09 ^ max_cap38/A (sky130_fd_sc_hd__buf_1)
                  0.22    0.46   11.55 ^ max_cap38/X (sky130_fd_sc_hd__buf_1)
     2    0.01                           net38 (net)
                  0.22    0.00   11.55 ^ _435_/B (sky130_fd_sc_hd__nand3_2)
                  0.24    0.30   11.86 v _435_/Y (sky130_fd_sc_hd__nand3_2)
     2    0.01                           _158_ (net)
                  0.24    0.00   11.86 v _436_/B (sky130_fd_sc_hd__nand2_2)
                  0.22    0.30   12.16 ^ _436_/Y (sky130_fd_sc_hd__nand2_2)
     4    0.02                           _159_ (net)
                  0.22    0.00   12.16 ^ _460_/A (sky130_fd_sc_hd__inv_2)
                  0.05    0.11   12.28 v _460_/Y (sky130_fd_sc_hd__inv_2)
     1    0.00                           _180_ (net)
                  0.05    0.00   12.28 v _461_/B2 (sky130_fd_sc_hd__a22o_1)
                  0.07    0.36   12.64 v _461_/X (sky130_fd_sc_hd__a22o_1)
     1    0.00                           _004_ (net)
                  0.07    0.00   12.64 v _483_/D (sky130_fd_sc_hd__dfrtp_1)
                                 12.64   data arrival time

                         25.00   25.00   clock clk (rise edge)
                          0.00   25.00   clock source latency
                  0.11    0.07   25.07 ^ clk (in)
     1    0.01                           clk (net)
                  0.11    0.00   25.07 ^ clkbuf_0_clk/A (sky130_fd_sc_hd__clkbuf_16)
                  0.07    0.23   25.30 ^ clkbuf_0_clk/X (sky130_fd_sc_hd__clkbuf_16)
     2    0.02                           clknet_0_clk (net)
                  0.07    0.00   25.30 ^ clkbuf_1_1__f_clk/A (sky130_fd_sc_hd__clkbuf_16)
                  0.08    0.22   25.52 ^ clkbuf_1_1__f_clk/X (sky130_fd_sc_hd__clkbuf_16)
     7    0.03                           clknet_1_1__leaf_clk (net)
                  0.08    0.00   25.52 ^ _483_/CLK (sky130_fd_sc_hd__dfrtp_1)
                         -0.25   25.27   clock uncertainty
                          0.00   25.27   clock reconvergence pessimism
                         -0.27   25.00   library setup time
                                 25.00   data required time
-----------------------------------------------------------------------------
                                 25.00   data required time
                                -12.64   data arrival time
-----------------------------------------------------------------------------
                                 12.36   slack (MET)


Startpoint: data_in[2] (input port clocked by clk)
Endpoint: _478_ (rising edge-triggered flip-flop clocked by clk)
Path Group: clk
Path Type: max
Corner: Slowest

Fanout     Cap    Slew   Delay    Time   Description
-----------------------------------------------------------------------------
                          0.00    0.00   clock clk (rise edge)
                          0.00    0.00   clock network delay (propagated)
                          5.00    5.00 v input external delay
                  0.02    0.01    5.01 v data_in[2] (in)
     1    0.00                           data_in[2] (net)
                  0.02    0.00    5.01 v input3/A (sky130_fd_sc_hd__clkbuf_2)
                  0.21    0.30    5.31 v input3/X (sky130_fd_sc_hd__clkbuf_2)
     4    0.03                           net3 (net)
                  0.21    0.00    5.32 v _245_/A (sky130_fd_sc_hd__clkbuf_4)
                  0.16    0.43    5.74 v _245_/X (sky130_fd_sc_hd__clkbuf_4)
    10    0.04                           _195_ (net)
                  0.16    0.00    5.75 v _248_/B (sky130_fd_sc_hd__or4_1)
                  0.26    1.39    7.14 v _248_/X (sky130_fd_sc_hd__or4_1)
     3    0.01                           _198_ (net)
                  0.26    0.00    7.14 v _249_/C (sky130_fd_sc_hd__or3_1)
                  0.16    0.86    7.99 v _249_/X (sky130_fd_sc_hd__or3_1)
     2    0.00                           _199_ (net)
                  0.16    0.00    7.99 v _251_/B (sky130_fd_sc_hd__or3b_2)
                  0.23    1.23    9.22 v _251_/X (sky130_fd_sc_hd__or3b_2)
     2    0.01                           _201_ (net)
                  0.23    0.00    9.22 v _276_/A2 (sky130_fd_sc_hd__o22a_1)
                  0.14    0.51    9.73 v _276_/X (sky130_fd_sc_hd__o22a_1)
     1    0.01                           _226_ (net)
                  0.14    0.00    9.73 v _277_/B1 (sky130_fd_sc_hd__a21oi_4)
                  0.56    0.54   10.28 ^ _277_/Y (sky130_fd_sc_hd__a21oi_4)
     9    0.05                           _227_ (net)
                  0.56    0.00   10.28 ^ _278_/B (sky130_fd_sc_hd__nor2_2)
                  0.20    0.35   10.63 v _278_/Y (sky130_fd_sc_hd__nor2_2)
     5    0.03                           _228_ (net)
                  0.20    0.00   10.63 v _279_/B1_N (sky130_fd_sc_hd__o21ba_1)
                  0.07    0.50   11.13 ^ _279_/X (sky130_fd_sc_hd__o21ba_1)
     1    0.00                           _000_ (net)
                  0.07    0.00   11.13 ^ _478_/D (sky130_fd_sc_hd__dfrtp_1)
                                 11.13   data arrival time

                         25.00   25.00   clock clk (rise edge)
                          0.00   25.00   clock source latency
                  0.11    0.07   25.07 ^ clk (in)
     1    0.01                           clk (net)
                  0.11    0.00   25.07 ^ clkbuf_0_clk/A (sky130_fd_sc_hd__clkbuf_16)
                  0.07    0.23   25.30 ^ clkbuf_0_clk/X (sky130_fd_sc_hd__clkbuf_16)
     2    0.02                           clknet_0_clk (net)
                  0.07    0.00   25.30 ^ clkbuf_1_1__f_clk/A (sky130_fd_sc_hd__clkbuf_16)
                  0.08    0.22   25.52 ^ clkbuf_1_1__f_clk/X (sky130_fd_sc_hd__clkbuf_16)
     7    0.03                           clknet_1_1__leaf_clk (net)
                  0.08    0.00   25.52 ^ _478_/CLK (sky130_fd_sc_hd__dfrtp_1)
                         -0.25   25.27   clock uncertainty
                          0.00   25.27   clock reconvergence pessimism
                         -0.13   25.14   library setup time
                                 25.14   data required time
-----------------------------------------------------------------------------
                                 25.14   data required time
                                -11.13   data arrival time
-----------------------------------------------------------------------------
                                 14.01   slack (MET)


Startpoint: data_in[2] (input port clocked by clk)
Endpoint: _490_ (rising edge-triggered flip-flop clocked by clk)
Path Group: clk
Path Type: max
Corner: Slowest

Fanout     Cap    Slew   Delay    Time   Description
-----------------------------------------------------------------------------
                          0.00    0.00   clock clk (rise edge)
                          0.00    0.00   clock network delay (propagated)
                          5.00    5.00 v input external delay
                  0.02    0.01    5.01 v data_in[2] (in)
     1    0.00                           data_in[2] (net)
                  0.02    0.00    5.01 v input3/A (sky130_fd_sc_hd__clkbuf_2)
                  0.21    0.30    5.31 v input3/X (sky130_fd_sc_hd__clkbuf_2)
     4    0.03                           net3 (net)
                  0.21    0.00    5.32 v _245_/A (sky130_fd_sc_hd__clkbuf_4)
                  0.16    0.43    5.74 v _245_/X (sky130_fd_sc_hd__clkbuf_4)
    10    0.04                           _195_ (net)
                  0.16    0.00    5.75 v _248_/B (sky130_fd_sc_hd__or4_1)
                  0.26    1.39    7.14 v _248_/X (sky130_fd_sc_hd__or4_1)
     3    0.01                           _198_ (net)
                  0.26    0.00    7.14 v _249_/C (sky130_fd_sc_hd__or3_1)
                  0.16    0.86    7.99 v _249_/X (sky130_fd_sc_hd__or3_1)
     2    0.00                           _199_ (net)
                  0.16    0.00    7.99 v _251_/B (sky130_fd_sc_hd__or3b_2)
                  0.23    1.23    9.22 v _251_/X (sky130_fd_sc_hd__or3b_2)
     2    0.01                           _201_ (net)
                  0.23    0.00    9.22 v _276_/A2 (sky130_fd_sc_hd__o22a_1)
                  0.14    0.51    9.73 v _276_/X (sky130_fd_sc_hd__o22a_1)
     1    0.01                           _226_ (net)
                  0.14    0.00    9.73 v _277_/B1 (sky130_fd_sc_hd__a21oi_4)
                  0.56    0.54   10.28 ^ _277_/Y (sky130_fd_sc_hd__a21oi_4)
     9    0.05                           _227_ (net)
                  0.56    0.00   10.28 ^ _475_/A3 (sky130_fd_sc_hd__a31o_1)
                  0.09    0.47   10.75 ^ _475_/X (sky130_fd_sc_hd__a31o_1)
     1    0.00                           _011_ (net)
                  0.09    0.00   10.75 ^ _490_/D (sky130_fd_sc_hd__dfrtp_1)
                                 10.75   data arrival time

                         25.00   25.00   clock clk (rise edge)
                          0.00   25.00   clock source latency
                  0.11    0.07   25.07 ^ clk (in)
     1    0.01                           clk (net)
                  0.11    0.00   25.07 ^ clkbuf_0_clk/A (sky130_fd_sc_hd__clkbuf_16)
                  0.07    0.23   25.30 ^ clkbuf_0_clk/X (sky130_fd_sc_hd__clkbuf_16)
     2    0.02                           clknet_0_clk (net)
                  0.07    0.00   25.30 ^ clkbuf_1_0__f_clk/A (sky130_fd_sc_hd__clkbuf_16)
                  0.08    0.22   25.52 ^ clkbuf_1_0__f_clk/X (sky130_fd_sc_hd__clkbuf_16)
     7    0.03                           clknet_1_0__leaf_clk (net)
                  0.08    0.00   25.52 ^ _490_/CLK (sky130_fd_sc_hd__dfrtp_1)
                         -0.25   25.27   clock uncertainty
                          0.00   25.27   clock reconvergence pessimism
                         -0.14   25.14   library setup time
                                 25.14   data required time
-----------------------------------------------------------------------------
                                 25.14   data required time
                                -10.75   data arrival time
-----------------------------------------------------------------------------
                                 14.39   slack (MET)


Startpoint: data_in[2] (input port clocked by clk)
Endpoint: _491_ (rising edge-triggered flip-flop clocked by clk)
Path Group: clk
Path Type: max
Corner: Slowest

Fanout     Cap    Slew   Delay    Time   Description
-----------------------------------------------------------------------------
                          0.00    0.00   clock clk (rise edge)
                          0.00    0.00   clock network delay (propagated)
                          5.00    5.00 v input external delay
                  0.02    0.01    5.01 v data_in[2] (in)
     1    0.00                           data_in[2] (net)
                  0.02    0.00    5.01 v input3/A (sky130_fd_sc_hd__clkbuf_2)
                  0.21    0.30    5.31 v input3/X (sky130_fd_sc_hd__clkbuf_2)
     4    0.03                           net3 (net)
                  0.21    0.00    5.32 v _245_/A (sky130_fd_sc_hd__clkbuf_4)
                  0.16    0.43    5.74 v _245_/X (sky130_fd_sc_hd__clkbuf_4)
    10    0.04                           _195_ (net)
                  0.16    0.00    5.75 v _248_/B (sky130_fd_sc_hd__or4_1)
                  0.26    1.39    7.14 v _248_/X (sky130_fd_sc_hd__or4_1)
     3    0.01                           _198_ (net)
                  0.26    0.00    7.14 v _249_/C (sky130_fd_sc_hd__or3_1)
                  0.16    0.86    7.99 v _249_/X (sky130_fd_sc_hd__or3_1)
     2    0.00                           _199_ (net)
                  0.16    0.00    7.99 v _251_/B (sky130_fd_sc_hd__or3b_2)
                  0.23    1.23    9.22 v _251_/X (sky130_fd_sc_hd__or3b_2)
     2    0.01                           _201_ (net)
                  0.23    0.00    9.22 v _276_/A2 (sky130_fd_sc_hd__o22a_1)
                  0.14    0.51    9.73 v _276_/X (sky130_fd_sc_hd__o22a_1)
     1    0.01                           _226_ (net)
                  0.14    0.00    9.73 v _277_/B1 (sky130_fd_sc_hd__a21oi_4)
                  0.56    0.54   10.28 ^ _277_/Y (sky130_fd_sc_hd__a21oi_4)
     9    0.05                           _227_ (net)
                  0.56    0.00   10.28 ^ _477_/A3 (sky130_fd_sc_hd__a31o_1)
                  0.08    0.46   10.74 ^ _477_/X (sky130_fd_sc_hd__a31o_1)
     1    0.00                           _012_ (net)
                  0.08    0.00   10.74 ^ _491_/D (sky130_fd_sc_hd__dfrtp_1)
                                 10.74   data arrival time

                         25.00   25.00   clock clk (rise edge)
                          0.00   25.00   clock source latency
                  0.11    0.07   25.07 ^ clk (in)
     1    0.01                           clk (net)
                  0.11    0.00   25.07 ^ clkbuf_0_clk/A (sky130_fd_sc_hd__clkbuf_16)
                  0.07    0.23   25.30 ^ clkbuf_0_clk/X (sky130_fd_sc_hd__clkbuf_16)
     2    0.02                           clknet_0_clk (net)
                  0.07    0.00   25.30 ^ clkbuf_1_0__f_clk/A (sky130_fd_sc_hd__clkbuf_16)
                  0.08    0.22   25.52 ^ clkbuf_1_0__f_clk/X (sky130_fd_sc_hd__clkbuf_16)
     7    0.03                           clknet_1_0__leaf_clk (net)
                  0.08    0.00   25.52 ^ _491_/CLK (sky130_fd_sc_hd__dfrtp_1)
                         -0.25   25.27   clock uncertainty
                          0.00   25.27   clock reconvergence pessimism
                         -0.13   25.14   library setup time
                                 25.14   data required time
-----------------------------------------------------------------------------
                                 25.14   data required time
                                -10.74   data arrival time
-----------------------------------------------------------------------------
                                 14.39   slack (MET)


Startpoint: data_in[2] (input port clocked by clk)
Endpoint: _488_ (rising edge-triggered flip-flop clocked by clk)
Path Group: clk
Path Type: max
Corner: Slowest

Fanout     Cap    Slew   Delay    Time   Description
-----------------------------------------------------------------------------
                          0.00    0.00   clock clk (rise edge)
                          0.00    0.00   clock network delay (propagated)
                          5.00    5.00 v input external delay
                  0.02    0.01    5.01 v data_in[2] (in)
     1    0.00                           data_in[2] (net)
                  0.02    0.00    5.01 v input3/A (sky130_fd_sc_hd__clkbuf_2)
                  0.21    0.30    5.31 v input3/X (sky130_fd_sc_hd__clkbuf_2)
     4    0.03                           net3 (net)
                  0.21    0.00    5.32 v _245_/A (sky130_fd_sc_hd__clkbuf_4)
                  0.16    0.43    5.74 v _245_/X (sky130_fd_sc_hd__clkbuf_4)
    10    0.04                           _195_ (net)
                  0.16    0.00    5.75 v _248_/B (sky130_fd_sc_hd__or4_1)
                  0.26    1.39    7.14 v _248_/X (sky130_fd_sc_hd__or4_1)
     3    0.01                           _198_ (net)
                  0.26    0.00    7.14 v _249_/C (sky130_fd_sc_hd__or3_1)
                  0.16    0.86    7.99 v _249_/X (sky130_fd_sc_hd__or3_1)
     2    0.00                           _199_ (net)
                  0.16    0.00    7.99 v _251_/B (sky130_fd_sc_hd__or3b_2)
                  0.23    1.23    9.22 v _251_/X (sky130_fd_sc_hd__or3b_2)
     2    0.01                           _201_ (net)
                  0.23    0.00    9.22 v _276_/A2 (sky130_fd_sc_hd__o22a_1)
                  0.14    0.51    9.73 v _276_/X (sky130_fd_sc_hd__o22a_1)
     1    0.01                           _226_ (net)
                  0.14    0.00    9.73 v _277_/B1 (sky130_fd_sc_hd__a21oi_4)
                  0.56    0.54   10.28 ^ _277_/Y (sky130_fd_sc_hd__a21oi_4)
     9    0.05                           _227_ (net)
                  0.56    0.00   10.28 ^ _471_/A3 (sky130_fd_sc_hd__a31o_1)
                  0.08    0.46   10.74 ^ _471_/X (sky130_fd_sc_hd__a31o_1)
     1    0.00                           _009_ (net)
                  0.08    0.00   10.74 ^ _488_/D (sky130_fd_sc_hd__dfrtp_1)
                                 10.74   data arrival time

                         25.00   25.00   clock clk (rise edge)
                          0.00   25.00   clock source latency
                  0.11    0.07   25.07 ^ clk (in)
     1    0.01                           clk (net)
                  0.11    0.00   25.07 ^ clkbuf_0_clk/A (sky130_fd_sc_hd__clkbuf_16)
                  0.07    0.23   25.30 ^ clkbuf_0_clk/X (sky130_fd_sc_hd__clkbuf_16)
     2    0.02                           clknet_0_clk (net)
                  0.07    0.00   25.30 ^ clkbuf_1_0__f_clk/A (sky130_fd_sc_hd__clkbuf_16)
                  0.08    0.22   25.52 ^ clkbuf_1_0__f_clk/X (sky130_fd_sc_hd__clkbuf_16)
     7    0.03                           clknet_1_0__leaf_clk (net)
                  0.08    0.00   25.52 ^ _488_/CLK (sky130_fd_sc_hd__dfrtp_1)
                         -0.25   25.27   clock uncertainty
                          0.00   25.27   clock reconvergence pessimism
                         -0.13   25.14   library setup time
                                 25.14   data required time
-----------------------------------------------------------------------------
                                 25.14   data required time
                                -10.74   data arrival time
-----------------------------------------------------------------------------
                                 14.39   slack (MET)


Startpoint: data_in[2] (input port clocked by clk)
Endpoint: _485_ (rising edge-triggered flip-flop clocked by clk)
Path Group: clk
Path Type: max
Corner: Slowest

Fanout     Cap    Slew   Delay    Time   Description
-----------------------------------------------------------------------------
                          0.00    0.00   clock clk (rise edge)
                          0.00    0.00   clock network delay (propagated)
                          5.00    5.00 v input external delay
                  0.02    0.01    5.01 v data_in[2] (in)
     1    0.00                           data_in[2] (net)
                  0.02    0.00    5.01 v input3/A (sky130_fd_sc_hd__clkbuf_2)
                  0.21    0.30    5.31 v input3/X (sky130_fd_sc_hd__clkbuf_2)
     4    0.03                           net3 (net)
                  0.21    0.00    5.32 v _245_/A (sky130_fd_sc_hd__clkbuf_4)
                  0.16    0.43    5.74 v _245_/X (sky130_fd_sc_hd__clkbuf_4)
    10    0.04                           _195_ (net)
                  0.16    0.00    5.75 v _248_/B (sky130_fd_sc_hd__or4_1)
                  0.26    1.39    7.14 v _248_/X (sky130_fd_sc_hd__or4_1)
     3    0.01                           _198_ (net)
                  0.26    0.00    7.14 v _249_/C (sky130_fd_sc_hd__or3_1)
                  0.16    0.86    7.99 v _249_/X (sky130_fd_sc_hd__or3_1)
     2    0.00                           _199_ (net)
                  0.16    0.00    7.99 v _251_/B (sky130_fd_sc_hd__or3b_2)
                  0.23    1.23    9.22 v _251_/X (sky130_fd_sc_hd__or3b_2)
     2    0.01                           _201_ (net)
                  0.23    0.00    9.22 v _276_/A2 (sky130_fd_sc_hd__o22a_1)
                  0.14    0.51    9.73 v _276_/X (sky130_fd_sc_hd__o22a_1)
     1    0.01                           _226_ (net)
                  0.14    0.00    9.73 v _277_/B1 (sky130_fd_sc_hd__a21oi_4)
                  0.56    0.54   10.28 ^ _277_/Y (sky130_fd_sc_hd__a21oi_4)
     9    0.05                           _227_ (net)
                  0.56    0.00   10.28 ^ _465_/A3 (sky130_fd_sc_hd__a31o_1)
                  0.08    0.46   10.74 ^ _465_/X (sky130_fd_sc_hd__a31o_1)
     1    0.00                           _006_ (net)
                  0.08    0.00   10.74 ^ _485_/D (sky130_fd_sc_hd__dfrtp_1)
                                 10.74   data arrival time

                         25.00   25.00   clock clk (rise edge)
                          0.00   25.00   clock source latency
                  0.11    0.07   25.07 ^ clk (in)
     1    0.01                           clk (net)
                  0.11    0.00   25.07 ^ clkbuf_0_clk/A (sky130_fd_sc_hd__clkbuf_16)
                  0.07    0.23   25.30 ^ clkbuf_0_clk/X (sky130_fd_sc_hd__clkbuf_16)
     2    0.02                           clknet_0_clk (net)
                  0.07    0.00   25.30 ^ clkbuf_1_0__f_clk/A (sky130_fd_sc_hd__clkbuf_16)
                  0.08    0.22   25.52 ^ clkbuf_1_0__f_clk/X (sky130_fd_sc_hd__clkbuf_16)
     7    0.03                           clknet_1_0__leaf_clk (net)
                  0.08    0.00   25.52 ^ _485_/CLK (sky130_fd_sc_hd__dfrtp_1)
                         -0.25   25.27   clock uncertainty
                          0.00   25.27   clock reconvergence pessimism
                         -0.13   25.14   library setup time
                                 25.14   data required time
-----------------------------------------------------------------------------
                                 25.14   data required time
                                -10.74   data arrival time
-----------------------------------------------------------------------------
                                 14.39   slack (MET)


Startpoint: data_in[2] (input port clocked by clk)
Endpoint: _487_ (rising edge-triggered flip-flop clocked by clk)
Path Group: clk
Path Type: max
Corner: Slowest

Fanout     Cap    Slew   Delay    Time   Description
-----------------------------------------------------------------------------
                          0.00    0.00   clock clk (rise edge)
                          0.00    0.00   clock network delay (propagated)
                          5.00    5.00 v input external delay
                  0.02    0.01    5.01 v data_in[2] (in)
     1    0.00                           data_in[2] (net)
                  0.02    0.00    5.01 v input3/A (sky130_fd_sc_hd__clkbuf_2)
                  0.21    0.30    5.31 v input3/X (sky130_fd_sc_hd__clkbuf_2)
     4    0.03                           net3 (net)
                  0.21    0.00    5.32 v _245_/A (sky130_fd_sc_hd__clkbuf_4)
                  0.16    0.43    5.74 v _245_/X (sky130_fd_sc_hd__clkbuf_4)
    10    0.04                           _195_ (net)
                  0.16    0.00    5.75 v _248_/B (sky130_fd_sc_hd__or4_1)
                  0.26    1.39    7.14 v _248_/X (sky130_fd_sc_hd__or4_1)
     3    0.01                           _198_ (net)
                  0.26    0.00    7.14 v _249_/C (sky130_fd_sc_hd__or3_1)
                  0.16    0.86    7.99 v _249_/X (sky130_fd_sc_hd__or3_1)
     2    0.00                           _199_ (net)
                  0.16    0.00    7.99 v _251_/B (sky130_fd_sc_hd__or3b_2)
                  0.23    1.23    9.22 v _251_/X (sky130_fd_sc_hd__or3b_2)
     2    0.01                           _201_ (net)
                  0.23    0.00    9.22 v _276_/A2 (sky130_fd_sc_hd__o22a_1)
                  0.14    0.51    9.73 v _276_/X (sky130_fd_sc_hd__o22a_1)
     1    0.01                           _226_ (net)
                  0.14    0.00    9.73 v _277_/B1 (sky130_fd_sc_hd__a21oi_4)
                  0.56    0.54   10.28 ^ _277_/Y (sky130_fd_sc_hd__a21oi_4)
     9    0.05                           _227_ (net)
                  0.56    0.00   10.28 ^ _469_/A3 (sky130_fd_sc_hd__a31o_1)
                  0.08    0.46   10.74 ^ _469_/X (sky130_fd_sc_hd__a31o_1)
     1    0.00                           _008_ (net)
                  0.08    0.00   10.74 ^ _487_/D (sky130_fd_sc_hd__dfrtp_1)
                                 10.74   data arrival time

                         25.00   25.00   clock clk (rise edge)
                          0.00   25.00   clock source latency
                  0.11    0.07   25.07 ^ clk (in)
     1    0.01                           clk (net)
                  0.11    0.00   25.07 ^ clkbuf_0_clk/A (sky130_fd_sc_hd__clkbuf_16)
                  0.07    0.23   25.30 ^ clkbuf_0_clk/X (sky130_fd_sc_hd__clkbuf_16)
     2    0.02                           clknet_0_clk (net)
                  0.07    0.00   25.30 ^ clkbuf_1_1__f_clk/A (sky130_fd_sc_hd__clkbuf_16)
                  0.08    0.22   25.52 ^ clkbuf_1_1__f_clk/X (sky130_fd_sc_hd__clkbuf_16)
     7    0.03                           clknet_1_1__leaf_clk (net)
                  0.08    0.00   25.52 ^ _487_/CLK (sky130_fd_sc_hd__dfrtp_1)
                         -0.25   25.27   clock uncertainty
                          0.00   25.27   clock reconvergence pessimism
                         -0.13   25.14   library setup time
                                 25.14   data required time
-----------------------------------------------------------------------------
                                 25.14   data required time
                                -10.74   data arrival time
-----------------------------------------------------------------------------
                                 14.40   slack (MET)


Startpoint: data_in[2] (input port clocked by clk)
Endpoint: _484_ (rising edge-triggered flip-flop clocked by clk)
Path Group: clk
Path Type: max
Corner: Slowest

Fanout     Cap    Slew   Delay    Time   Description
-----------------------------------------------------------------------------
                          0.00    0.00   clock clk (rise edge)
                          0.00    0.00   clock network delay (propagated)
                          5.00    5.00 v input external delay
                  0.02    0.01    5.01 v data_in[2] (in)
     1    0.00                           data_in[2] (net)
                  0.02    0.00    5.01 v input3/A (sky130_fd_sc_hd__clkbuf_2)
                  0.21    0.30    5.31 v input3/X (sky130_fd_sc_hd__clkbuf_2)
     4    0.03                           net3 (net)
                  0.21    0.00    5.32 v _245_/A (sky130_fd_sc_hd__clkbuf_4)
                  0.16    0.43    5.74 v _245_/X (sky130_fd_sc_hd__clkbuf_4)
    10    0.04                           _195_ (net)
                  0.16    0.00    5.75 v _248_/B (sky130_fd_sc_hd__or4_1)
                  0.26    1.39    7.14 v _248_/X (sky130_fd_sc_hd__or4_1)
     3    0.01                           _198_ (net)
                  0.26    0.00    7.14 v _249_/C (sky130_fd_sc_hd__or3_1)
                  0.16    0.86    7.99 v _249_/X (sky130_fd_sc_hd__or3_1)
     2    0.00                           _199_ (net)
                  0.16    0.00    7.99 v _251_/B (sky130_fd_sc_hd__or3b_2)
                  0.23    1.23    9.22 v _251_/X (sky130_fd_sc_hd__or3b_2)
     2    0.01                           _201_ (net)
                  0.23    0.00    9.22 v _276_/A2 (sky130_fd_sc_hd__o22a_1)
                  0.14    0.51    9.73 v _276_/X (sky130_fd_sc_hd__o22a_1)
     1    0.01                           _226_ (net)
                  0.14    0.00    9.73 v _277_/B1 (sky130_fd_sc_hd__a21oi_4)
                  0.56    0.54   10.28 ^ _277_/Y (sky130_fd_sc_hd__a21oi_4)
     9    0.05                           _227_ (net)
                  0.56    0.00   10.28 ^ _463_/A3 (sky130_fd_sc_hd__a31o_1)
                  0.08    0.46   10.74 ^ _463_/X (sky130_fd_sc_hd__a31o_1)
     1    0.00                           _005_ (net)
                  0.08    0.00   10.74 ^ _484_/D (sky130_fd_sc_hd__dfrtp_1)
                                 10.74   data arrival time

                         25.00   25.00   clock clk (rise edge)
                          0.00   25.00   clock source latency
                  0.11    0.07   25.07 ^ clk (in)
     1    0.01                           clk (net)
                  0.11    0.00   25.07 ^ clkbuf_0_clk/A (sky130_fd_sc_hd__clkbuf_16)
                  0.07    0.23   25.30 ^ clkbuf_0_clk/X (sky130_fd_sc_hd__clkbuf_16)
     2    0.02                           clknet_0_clk (net)
                  0.07    0.00   25.30 ^ clkbuf_1_0__f_clk/A (sky130_fd_sc_hd__clkbuf_16)
                  0.08    0.22   25.52 ^ clkbuf_1_0__f_clk/X (sky130_fd_sc_hd__clkbuf_16)
     7    0.03                           clknet_1_0__leaf_clk (net)
                  0.08    0.00   25.52 ^ _484_/CLK (sky130_fd_sc_hd__dfrtp_1)
                         -0.25   25.27   clock uncertainty
                          0.00   25.27   clock reconvergence pessimism
                         -0.13   25.14   library setup time
                                 25.14   data required time
-----------------------------------------------------------------------------
                                 25.14   data required time
                                -10.74   data arrival time
-----------------------------------------------------------------------------
                                 14.40   slack (MET)


Startpoint: data_in[2] (input port clocked by clk)
Endpoint: _486_ (rising edge-triggered flip-flop clocked by clk)
Path Group: clk
Path Type: max
Corner: Slowest

Fanout     Cap    Slew   Delay    Time   Description
-----------------------------------------------------------------------------
                          0.00    0.00   clock clk (rise edge)
                          0.00    0.00   clock network delay (propagated)
                          5.00    5.00 v input external delay
                  0.02    0.01    5.01 v data_in[2] (in)
     1    0.00                           data_in[2] (net)
                  0.02    0.00    5.01 v input3/A (sky130_fd_sc_hd__clkbuf_2)
                  0.21    0.30    5.31 v input3/X (sky130_fd_sc_hd__clkbuf_2)
     4    0.03                           net3 (net)
                  0.21    0.00    5.32 v _245_/A (sky130_fd_sc_hd__clkbuf_4)
                  0.16    0.43    5.74 v _245_/X (sky130_fd_sc_hd__clkbuf_4)
    10    0.04                           _195_ (net)
                  0.16    0.00    5.75 v _248_/B (sky130_fd_sc_hd__or4_1)
                  0.26    1.39    7.14 v _248_/X (sky130_fd_sc_hd__or4_1)
     3    0.01                           _198_ (net)
                  0.26    0.00    7.14 v _249_/C (sky130_fd_sc_hd__or3_1)
                  0.16    0.86    7.99 v _249_/X (sky130_fd_sc_hd__or3_1)
     2    0.00                           _199_ (net)
                  0.16    0.00    7.99 v _251_/B (sky130_fd_sc_hd__or3b_2)
                  0.23    1.23    9.22 v _251_/X (sky130_fd_sc_hd__or3b_2)
     2    0.01                           _201_ (net)
                  0.23    0.00    9.22 v _276_/A2 (sky130_fd_sc_hd__o22a_1)
                  0.14    0.51    9.73 v _276_/X (sky130_fd_sc_hd__o22a_1)
     1    0.01                           _226_ (net)
                  0.14    0.00    9.73 v _277_/B1 (sky130_fd_sc_hd__a21oi_4)
                  0.56    0.54   10.28 ^ _277_/Y (sky130_fd_sc_hd__a21oi_4)
     9    0.05                           _227_ (net)
                  0.56    0.00   10.28 ^ _467_/A3 (sky130_fd_sc_hd__a31o_1)
                  0.08    0.46   10.74 ^ _467_/X (sky130_fd_sc_hd__a31o_1)
     1    0.00                           _007_ (net)
                  0.08    0.00   10.74 ^ _486_/D (sky130_fd_sc_hd__dfrtp_1)
                                 10.74   data arrival time

                         25.00   25.00   clock clk (rise edge)
                          0.00   25.00   clock source latency
                  0.11    0.07   25.07 ^ clk (in)
     1    0.01                           clk (net)
                  0.11    0.00   25.07 ^ clkbuf_0_clk/A (sky130_fd_sc_hd__clkbuf_16)
                  0.07    0.23   25.30 ^ clkbuf_0_clk/X (sky130_fd_sc_hd__clkbuf_16)
     2    0.02                           clknet_0_clk (net)
                  0.07    0.00   25.30 ^ clkbuf_1_0__f_clk/A (sky130_fd_sc_hd__clkbuf_16)
                  0.08    0.22   25.52 ^ clkbuf_1_0__f_clk/X (sky130_fd_sc_hd__clkbuf_16)
     7    0.03                           clknet_1_0__leaf_clk (net)
                  0.08    0.00   25.52 ^ _486_/CLK (sky130_fd_sc_hd__dfrtp_1)
                         -0.25   25.27   clock uncertainty
                          0.00   25.27   clock reconvergence pessimism
                         -0.13   25.14   library setup time
                                 25.14   data required time
-----------------------------------------------------------------------------
                                 25.14   data required time
                                -10.74   data arrival time
-----------------------------------------------------------------------------
                                 14.40   slack (MET)


Startpoint: data_in[2] (input port clocked by clk)
Endpoint: _489_ (rising edge-triggered flip-flop clocked by clk)
Path Group: clk
Path Type: max
Corner: Slowest

Fanout     Cap    Slew   Delay    Time   Description
-----------------------------------------------------------------------------
                          0.00    0.00   clock clk (rise edge)
                          0.00    0.00   clock network delay (propagated)
                          5.00    5.00 v input external delay
                  0.02    0.01    5.01 v data_in[2] (in)
     1    0.00                           data_in[2] (net)
                  0.02    0.00    5.01 v input3/A (sky130_fd_sc_hd__clkbuf_2)
                  0.21    0.30    5.31 v input3/X (sky130_fd_sc_hd__clkbuf_2)
     4    0.03                           net3 (net)
                  0.21    0.00    5.32 v _245_/A (sky130_fd_sc_hd__clkbuf_4)
                  0.16    0.43    5.74 v _245_/X (sky130_fd_sc_hd__clkbuf_4)
    10    0.04                           _195_ (net)
                  0.16    0.00    5.75 v _248_/B (sky130_fd_sc_hd__or4_1)
                  0.26    1.39    7.14 v _248_/X (sky130_fd_sc_hd__or4_1)
     3    0.01                           _198_ (net)
                  0.26    0.00    7.14 v _249_/C (sky130_fd_sc_hd__or3_1)
                  0.16    0.86    7.99 v _249_/X (sky130_fd_sc_hd__or3_1)
     2    0.00                           _199_ (net)
                  0.16    0.00    7.99 v _251_/B (sky130_fd_sc_hd__or3b_2)
                  0.23    1.23    9.22 v _251_/X (sky130_fd_sc_hd__or3b_2)
     2    0.01                           _201_ (net)
                  0.23    0.00    9.22 v _276_/A2 (sky130_fd_sc_hd__o22a_1)
                  0.14    0.51    9.73 v _276_/X (sky130_fd_sc_hd__o22a_1)
     1    0.01                           _226_ (net)
                  0.14    0.00    9.73 v _277_/B1 (sky130_fd_sc_hd__a21oi_4)
                  0.56    0.54   10.28 ^ _277_/Y (sky130_fd_sc_hd__a21oi_4)
     9    0.05                           _227_ (net)
                  0.56    0.00   10.28 ^ _473_/A3 (sky130_fd_sc_hd__a31o_1)
                  0.08    0.46   10.74 ^ _473_/X (sky130_fd_sc_hd__a31o_1)
     1    0.00                           _010_ (net)
                  0.08    0.00   10.74 ^ _489_/D (sky130_fd_sc_hd__dfrtp_1)
                                 10.74   data arrival time

                         25.00   25.00   clock clk (rise edge)
                          0.00   25.00   clock source latency
                  0.11    0.07   25.07 ^ clk (in)
     1    0.01                           clk (net)
                  0.11    0.00   25.07 ^ clkbuf_0_clk/A (sky130_fd_sc_hd__clkbuf_16)
                  0.07    0.23   25.30 ^ clkbuf_0_clk/X (sky130_fd_sc_hd__clkbuf_16)
     2    0.02                           clknet_0_clk (net)
                  0.07    0.00   25.30 ^ clkbuf_1_0__f_clk/A (sky130_fd_sc_hd__clkbuf_16)
                  0.08    0.22   25.52 ^ clkbuf_1_0__f_clk/X (sky130_fd_sc_hd__clkbuf_16)
     7    0.03                           clknet_1_0__leaf_clk (net)
                  0.08    0.00   25.52 ^ _489_/CLK (sky130_fd_sc_hd__dfrtp_1)
                         -0.25   25.27   clock uncertainty
                          0.00   25.27   clock reconvergence pessimism
                         -0.13   25.14   library setup time
                                 25.14   data required time
-----------------------------------------------------------------------------
                                 25.14   data required time
                                -10.74   data arrival time
-----------------------------------------------------------------------------
                                 14.40   slack (MET)


Startpoint: _487_ (rising edge-triggered flip-flop clocked by clk)
Endpoint: sideband_out[3] (output port clocked by clk)
Path Group: clk
Path Type: max
Corner: Slowest

Fanout     Cap    Slew   Delay    Time   Description
-----------------------------------------------------------------------------
                          0.00    0.00   clock clk (rise edge)
                          0.00    0.00   clock source latency
                  0.11    0.08    0.08 ^ clk (in)
     1    0.01                           clk (net)
                  0.11    0.00    0.08 ^ clkbuf_0_clk/A (sky130_fd_sc_hd__clkbuf_16)
                  0.07    0.25    0.33 ^ clkbuf_0_clk/X (sky130_fd_sc_hd__clkbuf_16)
     2    0.02                           clknet_0_clk (net)
                  0.07    0.00    0.33 ^ clkbuf_1_1__f_clk/A (sky130_fd_sc_hd__clkbuf_16)
                  0.08    0.24    0.58 ^ clkbuf_1_1__f_clk/X (sky130_fd_sc_hd__clkbuf_16)
     7    0.03                           clknet_1_1__leaf_clk (net)
                  0.08    0.00    0.58 ^ _487_/CLK (sky130_fd_sc_hd__dfrtp_1)
                  0.14    0.85    1.43 v _487_/Q (sky130_fd_sc_hd__dfrtp_1)
     2    0.01                           net32 (net)
                  0.14    0.00    1.43 v output32/A (sky130_fd_sc_hd__clkbuf_4)
                  0.14    0.38    1.81 v output32/X (sky130_fd_sc_hd__clkbuf_4)
     1    0.03                           sideband_out[3] (net)
                  0.14    0.00    1.81 v sideband_out[3] (out)
                                  1.81   data arrival time

                         25.00   25.00   clock clk (rise edge)
                          0.00   25.00   clock network delay (propagated)
                         -0.25   24.75   clock uncertainty
                          0.00   24.75   clock reconvergence pessimism
                         -5.00   19.75   output external delay
                                 19.75   data required time
-----------------------------------------------------------------------------
                                 19.75   data required time
                                 -1.81   data arrival time
-----------------------------------------------------------------------------
                                 17.94   slack (MET)


Startpoint: _489_ (rising edge-triggered flip-flop clocked by clk)
Endpoint: sideband_out[5] (output port clocked by clk)
Path Group: clk
Path Type: max
Corner: Slowest

Fanout     Cap    Slew   Delay    Time   Description
-----------------------------------------------------------------------------
                          0.00    0.00   clock clk (rise edge)
                          0.00    0.00   clock source latency
                  0.11    0.08    0.08 ^ clk (in)
     1    0.01                           clk (net)
                  0.11    0.00    0.08 ^ clkbuf_0_clk/A (sky130_fd_sc_hd__clkbuf_16)
                  0.07    0.25    0.33 ^ clkbuf_0_clk/X (sky130_fd_sc_hd__clkbuf_16)
     2    0.02                           clknet_0_clk (net)
                  0.07    0.00    0.33 ^ clkbuf_1_0__f_clk/A (sky130_fd_sc_hd__clkbuf_16)
                  0.08    0.24    0.57 ^ clkbuf_1_0__f_clk/X (sky130_fd_sc_hd__clkbuf_16)
     7    0.03                           clknet_1_0__leaf_clk (net)
                  0.08    0.00    0.58 ^ _489_/CLK (sky130_fd_sc_hd__dfrtp_1)
                  0.12    0.82    1.40 v _489_/Q (sky130_fd_sc_hd__dfrtp_1)
     2    0.01                           net34 (net)
                  0.12    0.00    1.40 v output34/A (sky130_fd_sc_hd__clkbuf_4)
                  0.14    0.36    1.76 v output34/X (sky130_fd_sc_hd__clkbuf_4)
     1    0.03                           sideband_out[5] (net)
                  0.14    0.00    1.76 v sideband_out[5] (out)
                                  1.76   data arrival time

                         25.00   25.00   clock clk (rise edge)
                          0.00   25.00   clock network delay (propagated)
                         -0.25   24.75   clock uncertainty
                          0.00   24.75   clock reconvergence pessimism
                         -5.00   19.75   output external delay
                                 19.75   data required time
-----------------------------------------------------------------------------
                                 19.75   data required time
                                 -1.76   data arrival time
-----------------------------------------------------------------------------
                                 17.99   slack (MET)


Startpoint: _485_ (rising edge-triggered flip-flop clocked by clk)
Endpoint: sideband_out[1] (output port clocked by clk)
Path Group: clk
Path Type: max
Corner: Slowest

Fanout     Cap    Slew   Delay    Time   Description
-----------------------------------------------------------------------------
                          0.00    0.00   clock clk (rise edge)
                          0.00    0.00   clock source latency
                  0.11    0.08    0.08 ^ clk (in)
     1    0.01                           clk (net)
                  0.11    0.00    0.08 ^ clkbuf_0_clk/A (sky130_fd_sc_hd__clkbuf_16)
                  0.07    0.25    0.33 ^ clkbuf_0_clk/X (sky130_fd_sc_hd__clkbuf_16)
     2    0.02                           clknet_0_clk (net)
                  0.07    0.00    0.33 ^ clkbuf_1_0__f_clk/A (sky130_fd_sc_hd__clkbuf_16)
                  0.08    0.24    0.57 ^ clkbuf_1_0__f_clk/X (sky130_fd_sc_hd__clkbuf_16)
     7    0.03                           clknet_1_0__leaf_clk (net)
                  0.08    0.00    0.58 ^ _485_/CLK (sky130_fd_sc_hd__dfrtp_1)
                  0.10    0.81    1.38 v _485_/Q (sky130_fd_sc_hd__dfrtp_1)
     2    0.01                           net30 (net)
                  0.10    0.00    1.38 v output30/A (sky130_fd_sc_hd__buf_2)
                  0.17    0.38    1.76 v output30/X (sky130_fd_sc_hd__buf_2)
     1    0.03                           sideband_out[1] (net)
                  0.17    0.00    1.76 v sideband_out[1] (out)
                                  1.76   data arrival time

                         25.00   25.00   clock clk (rise edge)
                          0.00   25.00   clock network delay (propagated)
                         -0.25   24.75   clock uncertainty
                          0.00   24.75   clock reconvergence pessimism
                         -5.00   19.75   output external delay
                                 19.75   data required time
-----------------------------------------------------------------------------
                                 19.75   data required time
                                 -1.76   data arrival time
-----------------------------------------------------------------------------
                                 17.99   slack (MET)


Startpoint: _488_ (rising edge-triggered flip-flop clocked by clk)
Endpoint: sideband_out[4] (output port clocked by clk)
Path Group: clk
Path Type: max
Corner: Slowest

Fanout     Cap    Slew   Delay    Time   Description
-----------------------------------------------------------------------------
                          0.00    0.00   clock clk (rise edge)
                          0.00    0.00   clock source latency
                  0.11    0.08    0.08 ^ clk (in)
     1    0.01                           clk (net)
                  0.11    0.00    0.08 ^ clkbuf_0_clk/A (sky130_fd_sc_hd__clkbuf_16)
                  0.07    0.25    0.33 ^ clkbuf_0_clk/X (sky130_fd_sc_hd__clkbuf_16)
     2    0.02                           clknet_0_clk (net)
                  0.07    0.00    0.33 ^ clkbuf_1_0__f_clk/A (sky130_fd_sc_hd__clkbuf_16)
                  0.08    0.24    0.57 ^ clkbuf_1_0__f_clk/X (sky130_fd_sc_hd__clkbuf_16)
     7    0.03                           clknet_1_0__leaf_clk (net)
                  0.08    0.00    0.58 ^ _488_/CLK (sky130_fd_sc_hd__dfrtp_1)
                  0.10    0.80    1.38 v _488_/Q (sky130_fd_sc_hd__dfrtp_1)
     2    0.01                           net33 (net)
                  0.10    0.00    1.38 v output33/A (sky130_fd_sc_hd__buf_2)
                  0.17    0.38    1.76 v output33/X (sky130_fd_sc_hd__buf_2)
     1    0.03                           sideband_out[4] (net)
                  0.17    0.00    1.76 v sideband_out[4] (out)
                                  1.76   data arrival time

                         25.00   25.00   clock clk (rise edge)
                          0.00   25.00   clock network delay (propagated)
                         -0.25   24.75   clock uncertainty
                          0.00   24.75   clock reconvergence pessimism
                         -5.00   19.75   output external delay
                                 19.75   data required time
-----------------------------------------------------------------------------
                                 19.75   data required time
                                 -1.76   data arrival time
-----------------------------------------------------------------------------
                                 17.99   slack (MET)


Startpoint: _490_ (rising edge-triggered flip-flop clocked by clk)
Endpoint: sideband_out[6] (output port clocked by clk)
Path Group: clk
Path Type: max
Corner: Slowest

Fanout     Cap    Slew   Delay    Time   Description
-----------------------------------------------------------------------------
                          0.00    0.00   clock clk (rise edge)
                          0.00    0.00   clock source latency
                  0.11    0.08    0.08 ^ clk (in)
     1    0.01                           clk (net)
                  0.11    0.00    0.08 ^ clkbuf_0_clk/A (sky130_fd_sc_hd__clkbuf_16)
                  0.07    0.25    0.33 ^ clkbuf_0_clk/X (sky130_fd_sc_hd__clkbuf_16)
     2    0.02                           clknet_0_clk (net)
                  0.07    0.00    0.33 ^ clkbuf_1_0__f_clk/A (sky130_fd_sc_hd__clkbuf_16)
                  0.08    0.24    0.57 ^ clkbuf_1_0__f_clk/X (sky130_fd_sc_hd__clkbuf_16)
     7    0.03                           clknet_1_0__leaf_clk (net)
                  0.08    0.00    0.58 ^ _490_/CLK (sky130_fd_sc_hd__dfrtp_1)
                  0.11    0.81    1.39 v _490_/Q (sky130_fd_sc_hd__dfrtp_1)
     2    0.01                           net35 (net)
                  0.11    0.00    1.39 v output35/A (sky130_fd_sc_hd__clkbuf_4)
                  0.14    0.36    1.75 v output35/X (sky130_fd_sc_hd__clkbuf_4)
     1    0.03                           sideband_out[6] (net)
                  0.14    0.00    1.75 v sideband_out[6] (out)
                                  1.75   data arrival time

                         25.00   25.00   clock clk (rise edge)
                          0.00   25.00   clock network delay (propagated)
                         -0.25   24.75   clock uncertainty
                          0.00   24.75   clock reconvergence pessimism
                         -5.00   19.75   output external delay
                                 19.75   data required time
-----------------------------------------------------------------------------
                                 19.75   data required time
                                 -1.75   data arrival time
-----------------------------------------------------------------------------
                                 18.00   slack (MET)


Startpoint: _486_ (rising edge-triggered flip-flop clocked by clk)
Endpoint: sideband_out[2] (output port clocked by clk)
Path Group: clk
Path Type: max
Corner: Slowest

Fanout     Cap    Slew   Delay    Time   Description
-----------------------------------------------------------------------------
                          0.00    0.00   clock clk (rise edge)
                          0.00    0.00   clock source latency
                  0.11    0.08    0.08 ^ clk (in)
     1    0.01                           clk (net)
                  0.11    0.00    0.08 ^ clkbuf_0_clk/A (sky130_fd_sc_hd__clkbuf_16)
                  0.07    0.25    0.33 ^ clkbuf_0_clk/X (sky130_fd_sc_hd__clkbuf_16)
     2    0.02                           clknet_0_clk (net)
                  0.07    0.00    0.33 ^ clkbuf_1_0__f_clk/A (sky130_fd_sc_hd__clkbuf_16)
                  0.08    0.24    0.57 ^ clkbuf_1_0__f_clk/X (sky130_fd_sc_hd__clkbuf_16)
     7    0.03                           clknet_1_0__leaf_clk (net)
                  0.08    0.00    0.58 ^ _486_/CLK (sky130_fd_sc_hd__dfrtp_1)
                  0.11    0.81    1.39 v _486_/Q (sky130_fd_sc_hd__dfrtp_1)
     2    0.01                           net31 (net)
                  0.11    0.00    1.39 v output31/A (sky130_fd_sc_hd__clkbuf_4)
                  0.14    0.36    1.75 v output31/X (sky130_fd_sc_hd__clkbuf_4)
     1    0.03                           sideband_out[2] (net)
                  0.14    0.00    1.75 v sideband_out[2] (out)
                                  1.75   data arrival time

                         25.00   25.00   clock clk (rise edge)
                          0.00   25.00   clock network delay (propagated)
                         -0.25   24.75   clock uncertainty
                          0.00   24.75   clock reconvergence pessimism
                         -5.00   19.75   output external delay
                                 19.75   data required time
-----------------------------------------------------------------------------
                                 19.75   data required time
                                 -1.75   data arrival time
-----------------------------------------------------------------------------
                                 18.00   slack (MET)


Startpoint: _482_ (rising edge-triggered flip-flop clocked by clk)
Endpoint: int4_out[2] (output port clocked by clk)
Path Group: clk
Path Type: max
Corner: Slowest

Fanout     Cap    Slew   Delay    Time   Description
-----------------------------------------------------------------------------
                          0.00    0.00   clock clk (rise edge)
                          0.00    0.00   clock source latency
                  0.11    0.08    0.08 ^ clk (in)
     1    0.01                           clk (net)
                  0.11    0.00    0.08 ^ clkbuf_0_clk/A (sky130_fd_sc_hd__clkbuf_16)
                  0.07    0.25    0.33 ^ clkbuf_0_clk/X (sky130_fd_sc_hd__clkbuf_16)
     2    0.02                           clknet_0_clk (net)
                  0.07    0.00    0.33 ^ clkbuf_1_1__f_clk/A (sky130_fd_sc_hd__clkbuf_16)
                  0.08    0.24    0.58 ^ clkbuf_1_1__f_clk/X (sky130_fd_sc_hd__clkbuf_16)
     7    0.03                           clknet_1_1__leaf_clk (net)
                  0.08    0.00    0.58 ^ _482_/CLK (sky130_fd_sc_hd__dfrtp_1)
                  0.11    0.81    1.39 v _482_/Q (sky130_fd_sc_hd__dfrtp_1)
     2    0.01                           net26 (net)
                  0.11    0.00    1.39 v output26/A (sky130_fd_sc_hd__clkbuf_4)
                  0.14    0.36    1.75 v output26/X (sky130_fd_sc_hd__clkbuf_4)
     1    0.03                           int4_out[2] (net)
                  0.14    0.00    1.75 v int4_out[2] (out)
                                  1.75   data arrival time

                         25.00   25.00   clock clk (rise edge)
                          0.00   25.00   clock network delay (propagated)
                         -0.25   24.75   clock uncertainty
                          0.00   24.75   clock reconvergence pessimism
                         -5.00   19.75   output external delay
                                 19.75   data required time
-----------------------------------------------------------------------------
                                 19.75   data required time
                                 -1.75   data arrival time
-----------------------------------------------------------------------------
                                 18.00   slack (MET)


Startpoint: _483_ (rising edge-triggered flip-flop clocked by clk)
Endpoint: int4_out[3] (output port clocked by clk)
Path Group: clk
Path Type: max
Corner: Slowest

Fanout     Cap    Slew   Delay    Time   Description
-----------------------------------------------------------------------------
                          0.00    0.00   clock clk (rise edge)
                          0.00    0.00   clock source latency
                  0.11    0.08    0.08 ^ clk (in)
     1    0.01                           clk (net)
                  0.11    0.00    0.08 ^ clkbuf_0_clk/A (sky130_fd_sc_hd__clkbuf_16)
                  0.07    0.25    0.33 ^ clkbuf_0_clk/X (sky130_fd_sc_hd__clkbuf_16)
     2    0.02                           clknet_0_clk (net)
                  0.07    0.00    0.33 ^ clkbuf_1_1__f_clk/A (sky130_fd_sc_hd__clkbuf_16)
                  0.08    0.24    0.58 ^ clkbuf_1_1__f_clk/X (sky130_fd_sc_hd__clkbuf_16)
     7    0.03                           clknet_1_1__leaf_clk (net)
                  0.08    0.00    0.58 ^ _483_/CLK (sky130_fd_sc_hd__dfrtp_1)
                  0.10    0.80    1.38 v _483_/Q (sky130_fd_sc_hd__dfrtp_1)
     2    0.01                           net27 (net)
                  0.10    0.00    1.38 v output27/A (sky130_fd_sc_hd__clkbuf_4)
                  0.14    0.36    1.74 v output27/X (sky130_fd_sc_hd__clkbuf_4)
     1    0.03                           int4_out[3] (net)
                  0.14    0.00    1.74 v int4_out[3] (out)
                                  1.74   data arrival time

                         25.00   25.00   clock clk (rise edge)
                          0.00   25.00   clock network delay (propagated)
                         -0.25   24.75   clock uncertainty
                          0.00   24.75   clock reconvergence pessimism
                         -5.00   19.75   output external delay
                                 19.75   data required time
-----------------------------------------------------------------------------
                                 19.75   data required time
                                 -1.74   data arrival time
-----------------------------------------------------------------------------
                                 18.01   slack (MET)


Startpoint: _484_ (rising edge-triggered flip-flop clocked by clk)
Endpoint: sideband_out[0] (output port clocked by clk)
Path Group: clk
Path Type: max
Corner: Slowest

Fanout     Cap    Slew   Delay    Time   Description
-----------------------------------------------------------------------------
                          0.00    0.00   clock clk (rise edge)
                          0.00    0.00   clock source latency
                  0.11    0.08    0.08 ^ clk (in)
     1    0.01                           clk (net)
                  0.11    0.00    0.08 ^ clkbuf_0_clk/A (sky130_fd_sc_hd__clkbuf_16)
                  0.07    0.25    0.33 ^ clkbuf_0_clk/X (sky130_fd_sc_hd__clkbuf_16)
     2    0.02                           clknet_0_clk (net)
                  0.07    0.00    0.33 ^ clkbuf_1_0__f_clk/A (sky130_fd_sc_hd__clkbuf_16)
                  0.08    0.24    0.57 ^ clkbuf_1_0__f_clk/X (sky130_fd_sc_hd__clkbuf_16)
     7    0.03                           clknet_1_0__leaf_clk (net)
                  0.08    0.00    0.58 ^ _484_/CLK (sky130_fd_sc_hd__dfrtp_1)
                  0.10    0.80    1.38 v _484_/Q (sky130_fd_sc_hd__dfrtp_1)
     2    0.01                           net29 (net)
                  0.10    0.00    1.38 v output29/A (sky130_fd_sc_hd__clkbuf_4)
                  0.14    0.36    1.74 v output29/X (sky130_fd_sc_hd__clkbuf_4)
     1    0.03                           sideband_out[0] (net)
                  0.14    0.00    1.74 v sideband_out[0] (out)
                                  1.74   data arrival time

                         25.00   25.00   clock clk (rise edge)
                          0.00   25.00   clock network delay (propagated)
                         -0.25   24.75   clock uncertainty
                          0.00   24.75   clock reconvergence pessimism
                         -5.00   19.75   output external delay
                                 19.75   data required time
-----------------------------------------------------------------------------
                                 19.75   data required time
                                 -1.74   data arrival time
-----------------------------------------------------------------------------
                                 18.01   slack (MET)


Startpoint: _481_ (rising edge-triggered flip-flop clocked by clk)
Endpoint: int4_out[1] (output port clocked by clk)
Path Group: clk
Path Type: max
Corner: Slowest

Fanout     Cap    Slew   Delay    Time   Description
-----------------------------------------------------------------------------
                          0.00    0.00   clock clk (rise edge)
                          0.00    0.00   clock source latency
                  0.11    0.08    0.08 ^ clk (in)
     1    0.01                           clk (net)
                  0.11    0.00    0.08 ^ clkbuf_0_clk/A (sky130_fd_sc_hd__clkbuf_16)
                  0.07    0.25    0.33 ^ clkbuf_0_clk/X (sky130_fd_sc_hd__clkbuf_16)
     2    0.02                           clknet_0_clk (net)
                  0.07    0.00    0.33 ^ clkbuf_1_1__f_clk/A (sky130_fd_sc_hd__clkbuf_16)
                  0.08    0.24    0.58 ^ clkbuf_1_1__f_clk/X (sky130_fd_sc_hd__clkbuf_16)
     7    0.03                           clknet_1_1__leaf_clk (net)
                  0.08    0.00    0.58 ^ _481_/CLK (sky130_fd_sc_hd__dfrtp_1)
                  0.10    0.80    1.38 v _481_/Q (sky130_fd_sc_hd__dfrtp_1)
     2    0.01                           net25 (net)
                  0.10    0.00    1.38 v output25/A (sky130_fd_sc_hd__clkbuf_4)
                  0.14    0.35    1.74 v output25/X (sky130_fd_sc_hd__clkbuf_4)
     1    0.03                           int4_out[1] (net)
                  0.14    0.00    1.74 v int4_out[1] (out)
                                  1.74   data arrival time

                         25.00   25.00   clock clk (rise edge)
                          0.00   25.00   clock network delay (propagated)
                         -0.25   24.75   clock uncertainty
                          0.00   24.75   clock reconvergence pessimism
                         -5.00   19.75   output external delay
                                 19.75   data required time
-----------------------------------------------------------------------------
                                 19.75   data required time
                                 -1.74   data arrival time
-----------------------------------------------------------------------------
                                 18.01   slack (MET)


Startpoint: _491_ (rising edge-triggered flip-flop clocked by clk)
Endpoint: sideband_out[7] (output port clocked by clk)
Path Group: clk
Path Type: max
Corner: Slowest

Fanout     Cap    Slew   Delay    Time   Description
-----------------------------------------------------------------------------
                          0.00    0.00   clock clk (rise edge)
                          0.00    0.00   clock source latency
                  0.11    0.08    0.08 ^ clk (in)
     1    0.01                           clk (net)
                  0.11    0.00    0.08 ^ clkbuf_0_clk/A (sky130_fd_sc_hd__clkbuf_16)
                  0.07    0.25    0.33 ^ clkbuf_0_clk/X (sky130_fd_sc_hd__clkbuf_16)
     2    0.02                           clknet_0_clk (net)
                  0.07    0.00    0.33 ^ clkbuf_1_0__f_clk/A (sky130_fd_sc_hd__clkbuf_16)
                  0.08    0.24    0.57 ^ clkbuf_1_0__f_clk/X (sky130_fd_sc_hd__clkbuf_16)
     7    0.03                           clknet_1_0__leaf_clk (net)
                  0.08    0.00    0.58 ^ _491_/CLK (sky130_fd_sc_hd__dfrtp_1)
                  0.09    0.80    1.37 v _491_/Q (sky130_fd_sc_hd__dfrtp_1)
     2    0.00                           net36 (net)
                  0.09    0.00    1.37 v output36/A (sky130_fd_sc_hd__clkbuf_4)
                  0.14    0.35    1.73 v output36/X (sky130_fd_sc_hd__clkbuf_4)
     1    0.03                           sideband_out[7] (net)
                  0.14    0.00    1.73 v sideband_out[7] (out)
                                  1.73   data arrival time

                         25.00   25.00   clock clk (rise edge)
                          0.00   25.00   clock network delay (propagated)
                         -0.25   24.75   clock uncertainty
                          0.00   24.75   clock reconvergence pessimism
                         -5.00   19.75   output external delay
                                 19.75   data required time
-----------------------------------------------------------------------------
                                 19.75   data required time
                                 -1.73   data arrival time
-----------------------------------------------------------------------------
                                 18.02   slack (MET)


Startpoint: _478_ (rising edge-triggered flip-flop clocked by clk)
Endpoint: is_outlier (output port clocked by clk)
Path Group: clk
Path Type: max
Corner: Slowest

Fanout     Cap    Slew   Delay    Time   Description
-----------------------------------------------------------------------------
                          0.00    0.00   clock clk (rise edge)
                          0.00    0.00   clock source latency
                  0.11    0.08    0.08 ^ clk (in)
     1    0.01                           clk (net)
                  0.11    0.00    0.08 ^ clkbuf_0_clk/A (sky130_fd_sc_hd__clkbuf_16)
                  0.07    0.25    0.33 ^ clkbuf_0_clk/X (sky130_fd_sc_hd__clkbuf_16)
     2    0.02                           clknet_0_clk (net)
                  0.07    0.00    0.33 ^ clkbuf_1_1__f_clk/A (sky130_fd_sc_hd__clkbuf_16)
                  0.08    0.24    0.58 ^ clkbuf_1_1__f_clk/X (sky130_fd_sc_hd__clkbuf_16)
     7    0.03                           clknet_1_1__leaf_clk (net)
                  0.08    0.00    0.58 ^ _478_/CLK (sky130_fd_sc_hd__dfrtp_1)
                  0.09    0.79    1.37 v _478_/Q (sky130_fd_sc_hd__dfrtp_1)
     2    0.00                           net28 (net)
                  0.09    0.00    1.37 v output28/A (sky130_fd_sc_hd__clkbuf_4)
                  0.14    0.35    1.72 v output28/X (sky130_fd_sc_hd__clkbuf_4)
     1    0.03                           is_outlier (net)
                  0.14    0.00    1.72 v is_outlier (out)
                                  1.72   data arrival time

                         25.00   25.00   clock clk (rise edge)
                          0.00   25.00   clock network delay (propagated)
                         -0.25   24.75   clock uncertainty
                          0.00   24.75   clock reconvergence pessimism
                         -5.00   19.75   output external delay
                                 19.75   data required time
-----------------------------------------------------------------------------
                                 19.75   data required time
                                 -1.72   data arrival time
-----------------------------------------------------------------------------
                                 18.03   slack (MET)


Startpoint: _480_ (rising edge-triggered flip-flop clocked by clk)
Endpoint: int4_out[0] (output port clocked by clk)
Path Group: clk
Path Type: max
Corner: Slowest

Fanout     Cap    Slew   Delay    Time   Description
-----------------------------------------------------------------------------
                          0.00    0.00   clock clk (rise edge)
                          0.00    0.00   clock source latency
                  0.11    0.08    0.08 ^ clk (in)
     1    0.01                           clk (net)
                  0.11    0.00    0.08 ^ clkbuf_0_clk/A (sky130_fd_sc_hd__clkbuf_16)
                  0.07    0.25    0.33 ^ clkbuf_0_clk/X (sky130_fd_sc_hd__clkbuf_16)
     2    0.02                           clknet_0_clk (net)
                  0.07    0.00    0.33 ^ clkbuf_1_1__f_clk/A (sky130_fd_sc_hd__clkbuf_16)
                  0.08    0.24    0.58 ^ clkbuf_1_1__f_clk/X (sky130_fd_sc_hd__clkbuf_16)
     7    0.03                           clknet_1_1__leaf_clk (net)
                  0.08    0.00    0.58 ^ _480_/CLK (sky130_fd_sc_hd__dfrtp_1)
                  0.09    0.79    1.37 v _480_/Q (sky130_fd_sc_hd__dfrtp_1)
     2    0.00                           net24 (net)
                  0.09    0.00    1.37 v output24/A (sky130_fd_sc_hd__clkbuf_4)
                  0.14    0.35    1.71 v output24/X (sky130_fd_sc_hd__clkbuf_4)
     1    0.03                           int4_out[0] (net)
                  0.14    0.00    1.72 v int4_out[0] (out)
                                  1.72   data arrival time

                         25.00   25.00   clock clk (rise edge)
                          0.00   25.00   clock network delay (propagated)
                         -0.25   24.75   clock uncertainty
                          0.00   24.75   clock reconvergence pessimism
                         -5.00   19.75   output external delay
                                 19.75   data required time
-----------------------------------------------------------------------------
                                 19.75   data required time
                                 -1.72   data arrival time
-----------------------------------------------------------------------------
                                 18.03   slack (MET)


Startpoint: _479_ (rising edge-triggered flip-flop clocked by clk)
Endpoint: valid_out (output port clocked by clk)
Path Group: clk
Path Type: max
Corner: Slowest

Fanout     Cap    Slew   Delay    Time   Description
-----------------------------------------------------------------------------
                          0.00    0.00   clock clk (rise edge)
                          0.00    0.00   clock source latency
                  0.11    0.08    0.08 ^ clk (in)
     1    0.01                           clk (net)
                  0.11    0.00    0.08 ^ clkbuf_0_clk/A (sky130_fd_sc_hd__clkbuf_16)
                  0.07    0.25    0.33 ^ clkbuf_0_clk/X (sky130_fd_sc_hd__clkbuf_16)
     2    0.02                           clknet_0_clk (net)
                  0.07    0.00    0.33 ^ clkbuf_1_1__f_clk/A (sky130_fd_sc_hd__clkbuf_16)
                  0.08    0.24    0.58 ^ clkbuf_1_1__f_clk/X (sky130_fd_sc_hd__clkbuf_16)
     7    0.03                           clknet_1_1__leaf_clk (net)
                  0.08    0.00    0.58 ^ _479_/CLK (sky130_fd_sc_hd__dfrtp_1)
                  0.08    0.78    1.36 v _479_/Q (sky130_fd_sc_hd__dfrtp_1)
     1    0.00                           net37 (net)
                  0.08    0.00    1.36 v output37/A (sky130_fd_sc_hd__clkbuf_4)
                  0.14    0.35    1.71 v output37/X (sky130_fd_sc_hd__clkbuf_4)
     1    0.03                           valid_out (net)
                  0.14    0.00    1.71 v valid_out (out)
                                  1.71   data arrival time

                         25.00   25.00   clock clk (rise edge)
                          0.00   25.00   clock network delay (propagated)
                         -0.25   24.75   clock uncertainty
                          0.00   24.75   clock reconvergence pessimism
                         -5.00   19.75   output external delay
                                 19.75   data required time
-----------------------------------------------------------------------------
                                 19.75   data required time
                                 -1.71   data arrival time
-----------------------------------------------------------------------------
                                 18.04   slack (MET)


Startpoint: valid_in (input port clocked by clk)
Endpoint: _479_ (rising edge-triggered flip-flop clocked by clk)
Path Group: clk
Path Type: max
Corner: Slowest

Fanout     Cap    Slew   Delay    Time   Description
-----------------------------------------------------------------------------
                          0.00    0.00   clock clk (rise edge)
                          0.00    0.00   clock network delay (propagated)
                          5.00    5.00 v input external delay
                  0.02    0.01    5.01 v valid_in (in)
     1    0.00                           valid_in (net)
                  0.02    0.00    5.01 v input23/A (sky130_fd_sc_hd__buf_1)
                  0.23    0.29    5.30 v input23/X (sky130_fd_sc_hd__buf_1)
     2    0.02                           net23 (net)
                  0.23    0.00    5.30 v _479_/D (sky130_fd_sc_hd__dfrtp_1)
                                  5.30   data arrival time

                         25.00   25.00   clock clk (rise edge)
                          0.00   25.00   clock source latency
                  0.11    0.07   25.07 ^ clk (in)
     1    0.01                           clk (net)
                  0.11    0.00   25.07 ^ clkbuf_0_clk/A (sky130_fd_sc_hd__clkbuf_16)
                  0.07    0.23   25.30 ^ clkbuf_0_clk/X (sky130_fd_sc_hd__clkbuf_16)
     2    0.02                           clknet_0_clk (net)
                  0.07    0.00   25.30 ^ clkbuf_1_1__f_clk/A (sky130_fd_sc_hd__clkbuf_16)
                  0.08    0.22   25.52 ^ clkbuf_1_1__f_clk/X (sky130_fd_sc_hd__clkbuf_16)
     7    0.03                           clknet_1_1__leaf_clk (net)
                  0.08    0.00   25.52 ^ _479_/CLK (sky130_fd_sc_hd__dfrtp_1)
                         -0.25   25.27   clock uncertainty
                          0.00   25.27   clock reconvergence pessimism
                         -0.34   24.93   library setup time
                                 24.93   data required time
-----------------------------------------------------------------------------
                                 24.93   data required time
                                 -5.30   data arrival time
-----------------------------------------------------------------------------
                                 19.63   slack (MET)


Startpoint: rst_n (input port clocked by clk)
Endpoint: _484_ (recovery check against rising-edge clock clk)
Path Group: asynchronous
Path Type: max
Corner: Slowest

Fanout     Cap    Slew   Delay    Time   Description
-----------------------------------------------------------------------------
                          0.00    0.00   clock clk (rise edge)
                          0.00    0.00   clock network delay (propagated)
                          5.00    5.00 ^ input external delay
                  0.03    0.02    5.02 ^ rst_n (in)
     1    0.00                           rst_n (net)
                  0.03    0.00    5.02 ^ input10/A (sky130_fd_sc_hd__clkbuf_2)
                  0.21    0.29    5.31 ^ input10/X (sky130_fd_sc_hd__clkbuf_2)
     5    0.02                           net10 (net)
                  0.21    0.00    5.31 ^ fanout39/A (sky130_fd_sc_hd__buf_4)
                  0.26    0.43    5.74 ^ fanout39/X (sky130_fd_sc_hd__buf_4)
    10    0.06                           net39 (net)
                  0.26    0.01    5.75 ^ _484_/RESET_B (sky130_fd_sc_hd__dfrtp_1)
                                  5.75   data arrival time

                         25.00   25.00   clock clk (rise edge)
                          0.00   25.00   clock source latency
                  0.11    0.07   25.07 ^ clk (in)
     1    0.01                           clk (net)
                  0.11    0.00   25.07 ^ clkbuf_0_clk/A (sky130_fd_sc_hd__clkbuf_16)
                  0.07    0.23   25.30 ^ clkbuf_0_clk/X (sky130_fd_sc_hd__clkbuf_16)
     2    0.02                           clknet_0_clk (net)
                  0.07    0.00   25.30 ^ clkbuf_1_0__f_clk/A (sky130_fd_sc_hd__clkbuf_16)
                  0.08    0.22   25.52 ^ clkbuf_1_0__f_clk/X (sky130_fd_sc_hd__clkbuf_16)
     7    0.03                           clknet_1_0__leaf_clk (net)
                  0.08    0.00   25.52 ^ _484_/CLK (sky130_fd_sc_hd__dfrtp_1)
                         -0.25   25.27   clock uncertainty
                          0.00   25.27   clock reconvergence pessimism
                          0.39   25.66   library recovery time
                                 25.66   data required time
-----------------------------------------------------------------------------
                                 25.66   data required time
                                 -5.75   data arrival time
-----------------------------------------------------------------------------
                                 19.91   slack (MET)


Startpoint: rst_n (input port clocked by clk)
Endpoint: _490_ (recovery check against rising-edge clock clk)
Path Group: asynchronous
Path Type: max
Corner: Slowest

Fanout     Cap    Slew   Delay    Time   Description
-----------------------------------------------------------------------------
                          0.00    0.00   clock clk (rise edge)
                          0.00    0.00   clock network delay (propagated)
                          5.00    5.00 ^ input external delay
                  0.03    0.02    5.02 ^ rst_n (in)
     1    0.00                           rst_n (net)
                  0.03    0.00    5.02 ^ input10/A (sky130_fd_sc_hd__clkbuf_2)
                  0.21    0.29    5.31 ^ input10/X (sky130_fd_sc_hd__clkbuf_2)
     5    0.02                           net10 (net)
                  0.21    0.00    5.31 ^ fanout39/A (sky130_fd_sc_hd__buf_4)
                  0.26    0.43    5.74 ^ fanout39/X (sky130_fd_sc_hd__buf_4)
    10    0.06                           net39 (net)
                  0.26    0.01    5.75 ^ _490_/RESET_B (sky130_fd_sc_hd__dfrtp_1)
                                  5.75   data arrival time

                         25.00   25.00   clock clk (rise edge)
                          0.00   25.00   clock source latency
                  0.11    0.07   25.07 ^ clk (in)
     1    0.01                           clk (net)
                  0.11    0.00   25.07 ^ clkbuf_0_clk/A (sky130_fd_sc_hd__clkbuf_16)
                  0.07    0.23   25.30 ^ clkbuf_0_clk/X (sky130_fd_sc_hd__clkbuf_16)
     2    0.02                           clknet_0_clk (net)
                  0.07    0.00   25.30 ^ clkbuf_1_0__f_clk/A (sky130_fd_sc_hd__clkbuf_16)
                  0.08    0.22   25.52 ^ clkbuf_1_0__f_clk/X (sky130_fd_sc_hd__clkbuf_16)
     7    0.03                           clknet_1_0__leaf_clk (net)
                  0.08    0.00   25.52 ^ _490_/CLK (sky130_fd_sc_hd__dfrtp_1)
                         -0.25   25.27   clock uncertainty
                          0.00   25.27   clock reconvergence pessimism
                          0.39   25.66   library recovery time
                                 25.66   data required time
-----------------------------------------------------------------------------
                                 25.66   data required time
                                 -5.75   data arrival time
-----------------------------------------------------------------------------
                                 19.91   slack (MET)


Startpoint: rst_n (input port clocked by clk)
Endpoint: _489_ (recovery check against rising-edge clock clk)
Path Group: asynchronous
Path Type: max
Corner: Slowest

Fanout     Cap    Slew   Delay    Time   Description
-----------------------------------------------------------------------------
                          0.00    0.00   clock clk (rise edge)
                          0.00    0.00   clock network delay (propagated)
                          5.00    5.00 ^ input external delay
                  0.03    0.02    5.02 ^ rst_n (in)
     1    0.00                           rst_n (net)
                  0.03    0.00    5.02 ^ input10/A (sky130_fd_sc_hd__clkbuf_2)
                  0.21    0.29    5.31 ^ input10/X (sky130_fd_sc_hd__clkbuf_2)
     5    0.02                           net10 (net)
                  0.21    0.00    5.31 ^ fanout39/A (sky130_fd_sc_hd__buf_4)
                  0.26    0.43    5.74 ^ fanout39/X (sky130_fd_sc_hd__buf_4)
    10    0.06                           net39 (net)
                  0.26    0.01    5.75 ^ _489_/RESET_B (sky130_fd_sc_hd__dfrtp_1)
                                  5.75   data arrival time

                         25.00   25.00   clock clk (rise edge)
                          0.00   25.00   clock source latency
                  0.11    0.07   25.07 ^ clk (in)
     1    0.01                           clk (net)
                  0.11    0.00   25.07 ^ clkbuf_0_clk/A (sky130_fd_sc_hd__clkbuf_16)
                  0.07    0.23   25.30 ^ clkbuf_0_clk/X (sky130_fd_sc_hd__clkbuf_16)
     2    0.02                           clknet_0_clk (net)
                  0.07    0.00   25.30 ^ clkbuf_1_0__f_clk/A (sky130_fd_sc_hd__clkbuf_16)
                  0.08    0.22   25.52 ^ clkbuf_1_0__f_clk/X (sky130_fd_sc_hd__clkbuf_16)
     7    0.03                           clknet_1_0__leaf_clk (net)
                  0.08    0.00   25.52 ^ _489_/CLK (sky130_fd_sc_hd__dfrtp_1)
                         -0.25   25.27   clock uncertainty
                          0.00   25.27   clock reconvergence pessimism
                          0.39   25.66   library recovery time
                                 25.66   data required time
-----------------------------------------------------------------------------
                                 25.66   data required time
                                 -5.75   data arrival time
-----------------------------------------------------------------------------
                                 19.91   slack (MET)


Startpoint: rst_n (input port clocked by clk)
Endpoint: _491_ (recovery check against rising-edge clock clk)
Path Group: asynchronous
Path Type: max
Corner: Slowest

Fanout     Cap    Slew   Delay    Time   Description
-----------------------------------------------------------------------------
                          0.00    0.00   clock clk (rise edge)
                          0.00    0.00   clock network delay (propagated)
                          5.00    5.00 ^ input external delay
                  0.03    0.02    5.02 ^ rst_n (in)
     1    0.00                           rst_n (net)
                  0.03    0.00    5.02 ^ input10/A (sky130_fd_sc_hd__clkbuf_2)
                  0.21    0.29    5.31 ^ input10/X (sky130_fd_sc_hd__clkbuf_2)
     5    0.02                           net10 (net)
                  0.21    0.00    5.31 ^ fanout39/A (sky130_fd_sc_hd__buf_4)
                  0.26    0.43    5.74 ^ fanout39/X (sky130_fd_sc_hd__buf_4)
    10    0.06                           net39 (net)
                  0.26    0.01    5.75 ^ _491_/RESET_B (sky130_fd_sc_hd__dfrtp_1)
                                  5.75   data arrival time

                         25.00   25.00   clock clk (rise edge)
                          0.00   25.00   clock source latency
                  0.11    0.07   25.07 ^ clk (in)
     1    0.01                           clk (net)
                  0.11    0.00   25.07 ^ clkbuf_0_clk/A (sky130_fd_sc_hd__clkbuf_16)
                  0.07    0.23   25.30 ^ clkbuf_0_clk/X (sky130_fd_sc_hd__clkbuf_16)
     2    0.02                           clknet_0_clk (net)
                  0.07    0.00   25.30 ^ clkbuf_1_0__f_clk/A (sky130_fd_sc_hd__clkbuf_16)
                  0.08    0.22   25.52 ^ clkbuf_1_0__f_clk/X (sky130_fd_sc_hd__clkbuf_16)
     7    0.03                           clknet_1_0__leaf_clk (net)
                  0.08    0.00   25.52 ^ _491_/CLK (sky130_fd_sc_hd__dfrtp_1)
                         -0.25   25.27   clock uncertainty
                          0.00   25.27   clock reconvergence pessimism
                          0.39   25.66   library recovery time
                                 25.66   data required time
-----------------------------------------------------------------------------
                                 25.66   data required time
                                 -5.75   data arrival time
-----------------------------------------------------------------------------
                                 19.91   slack (MET)


Startpoint: rst_n (input port clocked by clk)
Endpoint: _478_ (recovery check against rising-edge clock clk)
Path Group: asynchronous
Path Type: max
Corner: Slowest

Fanout     Cap    Slew   Delay    Time   Description
-----------------------------------------------------------------------------
                          0.00    0.00   clock clk (rise edge)
                          0.00    0.00   clock network delay (propagated)
                          5.00    5.00 ^ input external delay
                  0.03    0.02    5.02 ^ rst_n (in)
     1    0.00                           rst_n (net)
                  0.03    0.00    5.02 ^ input10/A (sky130_fd_sc_hd__clkbuf_2)
                  0.21    0.29    5.31 ^ input10/X (sky130_fd_sc_hd__clkbuf_2)
     5    0.02                           net10 (net)
                  0.21    0.00    5.31 ^ fanout39/A (sky130_fd_sc_hd__buf_4)
                  0.26    0.43    5.74 ^ fanout39/X (sky130_fd_sc_hd__buf_4)
    10    0.06                           net39 (net)
                  0.26    0.01    5.75 ^ _478_/RESET_B (sky130_fd_sc_hd__dfrtp_1)
                                  5.75   data arrival time

                         25.00   25.00   clock clk (rise edge)
                          0.00   25.00   clock source latency
                  0.11    0.07   25.07 ^ clk (in)
     1    0.01                           clk (net)
                  0.11    0.00   25.07 ^ clkbuf_0_clk/A (sky130_fd_sc_hd__clkbuf_16)
                  0.07    0.23   25.30 ^ clkbuf_0_clk/X (sky130_fd_sc_hd__clkbuf_16)
     2    0.02                           clknet_0_clk (net)
                  0.07    0.00   25.30 ^ clkbuf_1_1__f_clk/A (sky130_fd_sc_hd__clkbuf_16)
                  0.08    0.22   25.52 ^ clkbuf_1_1__f_clk/X (sky130_fd_sc_hd__clkbuf_16)
     7    0.03                           clknet_1_1__leaf_clk (net)
                  0.08    0.00   25.52 ^ _478_/CLK (sky130_fd_sc_hd__dfrtp_1)
                         -0.25   25.27   clock uncertainty
                          0.00   25.27   clock reconvergence pessimism
                          0.39   25.67   library recovery time
                                 25.67   data required time
-----------------------------------------------------------------------------
                                 25.67   data required time
                                 -5.75   data arrival time
-----------------------------------------------------------------------------
                                 19.91   slack (MET)


Startpoint: rst_n (input port clocked by clk)
Endpoint: _480_ (recovery check against rising-edge clock clk)
Path Group: asynchronous
Path Type: max
Corner: Slowest

Fanout     Cap    Slew   Delay    Time   Description
-----------------------------------------------------------------------------
                          0.00    0.00   clock clk (rise edge)
                          0.00    0.00   clock network delay (propagated)
                          5.00    5.00 ^ input external delay
                  0.03    0.02    5.02 ^ rst_n (in)
     1    0.00                           rst_n (net)
                  0.03    0.00    5.02 ^ input10/A (sky130_fd_sc_hd__clkbuf_2)
                  0.21    0.29    5.31 ^ input10/X (sky130_fd_sc_hd__clkbuf_2)
     5    0.02                           net10 (net)
                  0.21    0.00    5.31 ^ fanout39/A (sky130_fd_sc_hd__buf_4)
                  0.26    0.43    5.74 ^ fanout39/X (sky130_fd_sc_hd__buf_4)
    10    0.06                           net39 (net)
                  0.26    0.01    5.75 ^ _480_/RESET_B (sky130_fd_sc_hd__dfrtp_1)
                                  5.75   data arrival time

                         25.00   25.00   clock clk (rise edge)
                          0.00   25.00   clock source latency
                  0.11    0.07   25.07 ^ clk (in)
     1    0.01                           clk (net)
                  0.11    0.00   25.07 ^ clkbuf_0_clk/A (sky130_fd_sc_hd__clkbuf_16)
                  0.07    0.23   25.30 ^ clkbuf_0_clk/X (sky130_fd_sc_hd__clkbuf_16)
     2    0.02                           clknet_0_clk (net)
                  0.07    0.00   25.30 ^ clkbuf_1_1__f_clk/A (sky130_fd_sc_hd__clkbuf_16)
                  0.08    0.22   25.52 ^ clkbuf_1_1__f_clk/X (sky130_fd_sc_hd__clkbuf_16)
     7    0.03                           clknet_1_1__leaf_clk (net)
                  0.08    0.00   25.52 ^ _480_/CLK (sky130_fd_sc_hd__dfrtp_1)
                         -0.25   25.27   clock uncertainty
                          0.00   25.27   clock reconvergence pessimism
                          0.39   25.67   library recovery time
                                 25.67   data required time
-----------------------------------------------------------------------------
                                 25.67   data required time
                                 -5.75   data arrival time
-----------------------------------------------------------------------------
                                 19.92   slack (MET)


Startpoint: rst_n (input port clocked by clk)
Endpoint: _483_ (recovery check against rising-edge clock clk)
Path Group: asynchronous
Path Type: max
Corner: Slowest

Fanout     Cap    Slew   Delay    Time   Description
-----------------------------------------------------------------------------
                          0.00    0.00   clock clk (rise edge)
                          0.00    0.00   clock network delay (propagated)
                          5.00    5.00 ^ input external delay
                  0.03    0.02    5.02 ^ rst_n (in)
     1    0.00                           rst_n (net)
                  0.03    0.00    5.02 ^ input10/A (sky130_fd_sc_hd__clkbuf_2)
                  0.21    0.29    5.31 ^ input10/X (sky130_fd_sc_hd__clkbuf_2)
     5    0.02                           net10 (net)
                  0.21    0.00    5.31 ^ fanout39/A (sky130_fd_sc_hd__buf_4)
                  0.26    0.43    5.74 ^ fanout39/X (sky130_fd_sc_hd__buf_4)
    10    0.06                           net39 (net)
                  0.26    0.01    5.75 ^ _483_/RESET_B (sky130_fd_sc_hd__dfrtp_1)
                                  5.75   data arrival time

                         25.00   25.00   clock clk (rise edge)
                          0.00   25.00   clock source latency
                  0.11    0.07   25.07 ^ clk (in)
     1    0.01                           clk (net)
                  0.11    0.00   25.07 ^ clkbuf_0_clk/A (sky130_fd_sc_hd__clkbuf_16)
                  0.07    0.23   25.30 ^ clkbuf_0_clk/X (sky130_fd_sc_hd__clkbuf_16)
     2    0.02                           clknet_0_clk (net)
                  0.07    0.00   25.30 ^ clkbuf_1_1__f_clk/A (sky130_fd_sc_hd__clkbuf_16)
                  0.08    0.22   25.52 ^ clkbuf_1_1__f_clk/X (sky130_fd_sc_hd__clkbuf_16)
     7    0.03                           clknet_1_1__leaf_clk (net)
                  0.08    0.00   25.52 ^ _483_/CLK (sky130_fd_sc_hd__dfrtp_1)
                         -0.25   25.27   clock uncertainty
                          0.00   25.27   clock reconvergence pessimism
                          0.39   25.67   library recovery time
                                 25.67   data required time
-----------------------------------------------------------------------------
                                 25.67   data required time
                                 -5.75   data arrival time
-----------------------------------------------------------------------------
                                 19.92   slack (MET)


Startpoint: rst_n (input port clocked by clk)
Endpoint: _482_ (recovery check against rising-edge clock clk)
Path Group: asynchronous
Path Type: max
Corner: Slowest

Fanout     Cap    Slew   Delay    Time   Description
-----------------------------------------------------------------------------
                          0.00    0.00   clock clk (rise edge)
                          0.00    0.00   clock network delay (propagated)
                          5.00    5.00 ^ input external delay
                  0.03    0.02    5.02 ^ rst_n (in)
     1    0.00                           rst_n (net)
                  0.03    0.00    5.02 ^ input10/A (sky130_fd_sc_hd__clkbuf_2)
                  0.21    0.29    5.31 ^ input10/X (sky130_fd_sc_hd__clkbuf_2)
     5    0.02                           net10 (net)
                  0.21    0.00    5.31 ^ fanout39/A (sky130_fd_sc_hd__buf_4)
                  0.26    0.43    5.74 ^ fanout39/X (sky130_fd_sc_hd__buf_4)
    10    0.06                           net39 (net)
                  0.26    0.01    5.75 ^ _482_/RESET_B (sky130_fd_sc_hd__dfrtp_1)
                                  5.75   data arrival time

                         25.00   25.00   clock clk (rise edge)
                          0.00   25.00   clock source latency
                  0.11    0.07   25.07 ^ clk (in)
     1    0.01                           clk (net)
                  0.11    0.00   25.07 ^ clkbuf_0_clk/A (sky130_fd_sc_hd__clkbuf_16)
                  0.07    0.23   25.30 ^ clkbuf_0_clk/X (sky130_fd_sc_hd__clkbuf_16)
     2    0.02                           clknet_0_clk (net)
                  0.07    0.00   25.30 ^ clkbuf_1_1__f_clk/A (sky130_fd_sc_hd__clkbuf_16)
                  0.08    0.22   25.52 ^ clkbuf_1_1__f_clk/X (sky130_fd_sc_hd__clkbuf_16)
     7    0.03                           clknet_1_1__leaf_clk (net)
                  0.08    0.00   25.52 ^ _482_/CLK (sky130_fd_sc_hd__dfrtp_1)
                         -0.25   25.27   clock uncertainty
                          0.00   25.27   clock reconvergence pessimism
                          0.39   25.67   library recovery time
                                 25.67   data required time
-----------------------------------------------------------------------------
                                 25.67   data required time
                                 -5.75   data arrival time
-----------------------------------------------------------------------------
                                 19.92   slack (MET)


Startpoint: rst_n (input port clocked by clk)
Endpoint: _479_ (recovery check against rising-edge clock clk)
Path Group: asynchronous
Path Type: max
Corner: Slowest

Fanout     Cap    Slew   Delay    Time   Description
-----------------------------------------------------------------------------
                          0.00    0.00   clock clk (rise edge)
                          0.00    0.00   clock network delay (propagated)
                          5.00    5.00 ^ input external delay
                  0.03    0.02    5.02 ^ rst_n (in)
     1    0.00                           rst_n (net)
                  0.03    0.00    5.02 ^ input10/A (sky130_fd_sc_hd__clkbuf_2)
                  0.21    0.29    5.31 ^ input10/X (sky130_fd_sc_hd__clkbuf_2)
     5    0.02                           net10 (net)
                  0.21    0.00    5.31 ^ fanout39/A (sky130_fd_sc_hd__buf_4)
                  0.26    0.43    5.74 ^ fanout39/X (sky130_fd_sc_hd__buf_4)
    10    0.06                           net39 (net)
                  0.26    0.00    5.75 ^ _479_/RESET_B (sky130_fd_sc_hd__dfrtp_1)
                                  5.75   data arrival time

                         25.00   25.00   clock clk (rise edge)
                          0.00   25.00   clock source latency
                  0.11    0.07   25.07 ^ clk (in)
     1    0.01                           clk (net)
                  0.11    0.00   25.07 ^ clkbuf_0_clk/A (sky130_fd_sc_hd__clkbuf_16)
                  0.07    0.23   25.30 ^ clkbuf_0_clk/X (sky130_fd_sc_hd__clkbuf_16)
     2    0.02                           clknet_0_clk (net)
                  0.07    0.00   25.30 ^ clkbuf_1_1__f_clk/A (sky130_fd_sc_hd__clkbuf_16)
                  0.08    0.22   25.52 ^ clkbuf_1_1__f_clk/X (sky130_fd_sc_hd__clkbuf_16)
     7    0.03                           clknet_1_1__leaf_clk (net)
                  0.08    0.00   25.52 ^ _479_/CLK (sky130_fd_sc_hd__dfrtp_1)
                         -0.25   25.27   clock uncertainty
                          0.00   25.27   clock reconvergence pessimism
                          0.39   25.67   library recovery time
                                 25.67   data required time
-----------------------------------------------------------------------------
                                 25.67   data required time
                                 -5.75   data arrival time
-----------------------------------------------------------------------------
                                 19.92   slack (MET)


Startpoint: rst_n (input port clocked by clk)
Endpoint: _481_ (recovery check against rising-edge clock clk)
Path Group: asynchronous
Path Type: max
Corner: Slowest

Fanout     Cap    Slew   Delay    Time   Description
-----------------------------------------------------------------------------
                          0.00    0.00   clock clk (rise edge)
                          0.00    0.00   clock network delay (propagated)
                          5.00    5.00 ^ input external delay
                  0.03    0.02    5.02 ^ rst_n (in)
     1    0.00                           rst_n (net)
                  0.03    0.00    5.02 ^ input10/A (sky130_fd_sc_hd__clkbuf_2)
                  0.21    0.29    5.31 ^ input10/X (sky130_fd_sc_hd__clkbuf_2)
     5    0.02                           net10 (net)
                  0.21    0.00    5.31 ^ fanout39/A (sky130_fd_sc_hd__buf_4)
                  0.26    0.43    5.74 ^ fanout39/X (sky130_fd_sc_hd__buf_4)
    10    0.06                           net39 (net)
                  0.26    0.00    5.75 ^ _481_/RESET_B (sky130_fd_sc_hd__dfrtp_1)
                                  5.75   data arrival time

                         25.00   25.00   clock clk (rise edge)
                          0.00   25.00   clock source latency
                  0.11    0.07   25.07 ^ clk (in)
     1    0.01                           clk (net)
                  0.11    0.00   25.07 ^ clkbuf_0_clk/A (sky130_fd_sc_hd__clkbuf_16)
                  0.07    0.23   25.30 ^ clkbuf_0_clk/X (sky130_fd_sc_hd__clkbuf_16)
     2    0.02                           clknet_0_clk (net)
                  0.07    0.00   25.30 ^ clkbuf_1_1__f_clk/A (sky130_fd_sc_hd__clkbuf_16)
                  0.08    0.22   25.52 ^ clkbuf_1_1__f_clk/X (sky130_fd_sc_hd__clkbuf_16)
     7    0.03                           clknet_1_1__leaf_clk (net)
                  0.08    0.00   25.52 ^ _481_/CLK (sky130_fd_sc_hd__dfrtp_1)
                         -0.25   25.27   clock uncertainty
                          0.00   25.27   clock reconvergence pessimism
                          0.39   25.67   library recovery time
                                 25.67   data required time
-----------------------------------------------------------------------------
                                 25.67   data required time
                                 -5.75   data arrival time
-----------------------------------------------------------------------------
                                 19.92   slack (MET)


Startpoint: rst_n (input port clocked by clk)
Endpoint: _486_ (recovery check against rising-edge clock clk)
Path Group: asynchronous
Path Type: max
Corner: Slowest

Fanout     Cap    Slew   Delay    Time   Description
-----------------------------------------------------------------------------
                          0.00    0.00   clock clk (rise edge)
                          0.00    0.00   clock network delay (propagated)
                          5.00    5.00 ^ input external delay
                  0.03    0.02    5.02 ^ rst_n (in)
     1    0.00                           rst_n (net)
                  0.03    0.00    5.02 ^ input10/A (sky130_fd_sc_hd__clkbuf_2)
                  0.21    0.29    5.31 ^ input10/X (sky130_fd_sc_hd__clkbuf_2)
     5    0.02                           net10 (net)
                  0.21    0.00    5.31 ^ _486_/RESET_B (sky130_fd_sc_hd__dfrtp_1)
                                  5.31   data arrival time

                         25.00   25.00   clock clk (rise edge)
                          0.00   25.00   clock source latency
                  0.11    0.07   25.07 ^ clk (in)
     1    0.01                           clk (net)
                  0.11    0.00   25.07 ^ clkbuf_0_clk/A (sky130_fd_sc_hd__clkbuf_16)
                  0.07    0.23   25.30 ^ clkbuf_0_clk/X (sky130_fd_sc_hd__clkbuf_16)
     2    0.02                           clknet_0_clk (net)
                  0.07    0.00   25.30 ^ clkbuf_1_0__f_clk/A (sky130_fd_sc_hd__clkbuf_16)
                  0.08    0.22   25.52 ^ clkbuf_1_0__f_clk/X (sky130_fd_sc_hd__clkbuf_16)
     7    0.03                           clknet_1_0__leaf_clk (net)
                  0.08    0.00   25.52 ^ _486_/CLK (sky130_fd_sc_hd__dfrtp_1)
                         -0.25   25.27   clock uncertainty
                          0.00   25.27   clock reconvergence pessimism
                          0.41   25.68   library recovery time
                                 25.68   data required time
-----------------------------------------------------------------------------
                                 25.68   data required time
                                 -5.31   data arrival time
-----------------------------------------------------------------------------
                                 20.37   slack (MET)


Startpoint: rst_n (input port clocked by clk)
Endpoint: _488_ (recovery check against rising-edge clock clk)
Path Group: asynchronous
Path Type: max
Corner: Slowest

Fanout     Cap    Slew   Delay    Time   Description
-----------------------------------------------------------------------------
                          0.00    0.00   clock clk (rise edge)
                          0.00    0.00   clock network delay (propagated)
                          5.00    5.00 ^ input external delay
                  0.03    0.02    5.02 ^ rst_n (in)
     1    0.00                           rst_n (net)
                  0.03    0.00    5.02 ^ input10/A (sky130_fd_sc_hd__clkbuf_2)
                  0.21    0.29    5.31 ^ input10/X (sky130_fd_sc_hd__clkbuf_2)
     5    0.02                           net10 (net)
                  0.21    0.00    5.31 ^ _488_/RESET_B (sky130_fd_sc_hd__dfrtp_1)
                                  5.31   data arrival time

                         25.00   25.00   clock clk (rise edge)
                          0.00   25.00   clock source latency
                  0.11    0.07   25.07 ^ clk (in)
     1    0.01                           clk (net)
                  0.11    0.00   25.07 ^ clkbuf_0_clk/A (sky130_fd_sc_hd__clkbuf_16)
                  0.07    0.23   25.30 ^ clkbuf_0_clk/X (sky130_fd_sc_hd__clkbuf_16)
     2    0.02                           clknet_0_clk (net)
                  0.07    0.00   25.30 ^ clkbuf_1_0__f_clk/A (sky130_fd_sc_hd__clkbuf_16)
                  0.08    0.22   25.52 ^ clkbuf_1_0__f_clk/X (sky130_fd_sc_hd__clkbuf_16)
     7    0.03                           clknet_1_0__leaf_clk (net)
                  0.08    0.00   25.52 ^ _488_/CLK (sky130_fd_sc_hd__dfrtp_1)
                         -0.25   25.27   clock uncertainty
                          0.00   25.27   clock reconvergence pessimism
                          0.41   25.68   library recovery time
                                 25.68   data required time
-----------------------------------------------------------------------------
                                 25.68   data required time
                                 -5.31   data arrival time
-----------------------------------------------------------------------------
                                 20.37   slack (MET)


Startpoint: rst_n (input port clocked by clk)
Endpoint: _485_ (recovery check against rising-edge clock clk)
Path Group: asynchronous
Path Type: max
Corner: Slowest

Fanout     Cap    Slew   Delay    Time   Description
-----------------------------------------------------------------------------
                          0.00    0.00   clock clk (rise edge)
                          0.00    0.00   clock network delay (propagated)
                          5.00    5.00 ^ input external delay
                  0.03    0.02    5.02 ^ rst_n (in)
     1    0.00                           rst_n (net)
                  0.03    0.00    5.02 ^ input10/A (sky130_fd_sc_hd__clkbuf_2)
                  0.21    0.29    5.31 ^ input10/X (sky130_fd_sc_hd__clkbuf_2)
     5    0.02                           net10 (net)
                  0.21    0.00    5.31 ^ _485_/RESET_B (sky130_fd_sc_hd__dfrtp_1)
                                  5.31   data arrival time

                         25.00   25.00   clock clk (rise edge)
                          0.00   25.00   clock source latency
                  0.11    0.07   25.07 ^ clk (in)
     1    0.01                           clk (net)
                  0.11    0.00   25.07 ^ clkbuf_0_clk/A (sky130_fd_sc_hd__clkbuf_16)
                  0.07    0.23   25.30 ^ clkbuf_0_clk/X (sky130_fd_sc_hd__clkbuf_16)
     2    0.02                           clknet_0_clk (net)
                  0.07    0.00   25.30 ^ clkbuf_1_0__f_clk/A (sky130_fd_sc_hd__clkbuf_16)
                  0.08    0.22   25.52 ^ clkbuf_1_0__f_clk/X (sky130_fd_sc_hd__clkbuf_16)
     7    0.03                           clknet_1_0__leaf_clk (net)
                  0.08    0.00   25.52 ^ _485_/CLK (sky130_fd_sc_hd__dfrtp_1)
                         -0.25   25.27   clock uncertainty
                          0.00   25.27   clock reconvergence pessimism
                          0.41   25.68   library recovery time
                                 25.68   data required time
-----------------------------------------------------------------------------
                                 25.68   data required time
                                 -5.31   data arrival time
-----------------------------------------------------------------------------
                                 20.37   slack (MET)


Startpoint: rst_n (input port clocked by clk)
Endpoint: _487_ (recovery check against rising-edge clock clk)
Path Group: asynchronous
Path Type: max
Corner: Slowest

Fanout     Cap    Slew   Delay    Time   Description
-----------------------------------------------------------------------------
                          0.00    0.00   clock clk (rise edge)
                          0.00    0.00   clock network delay (propagated)
                          5.00    5.00 ^ input external delay
                  0.03    0.02    5.02 ^ rst_n (in)
     1    0.00                           rst_n (net)
                  0.03    0.00    5.02 ^ input10/A (sky130_fd_sc_hd__clkbuf_2)
                  0.21    0.29    5.31 ^ input10/X (sky130_fd_sc_hd__clkbuf_2)
     5    0.02                           net10 (net)
                  0.21    0.00    5.31 ^ _487_/RESET_B (sky130_fd_sc_hd__dfrtp_1)
                                  5.31   data arrival time

                         25.00   25.00   clock clk (rise edge)
                          0.00   25.00   clock source latency
                  0.11    0.07   25.07 ^ clk (in)
     1    0.01                           clk (net)
                  0.11    0.00   25.07 ^ clkbuf_0_clk/A (sky130_fd_sc_hd__clkbuf_16)
                  0.07    0.23   25.30 ^ clkbuf_0_clk/X (sky130_fd_sc_hd__clkbuf_16)
     2    0.02                           clknet_0_clk (net)
                  0.07    0.00   25.30 ^ clkbuf_1_1__f_clk/A (sky130_fd_sc_hd__clkbuf_16)
                  0.08    0.22   25.52 ^ clkbuf_1_1__f_clk/X (sky130_fd_sc_hd__clkbuf_16)
     7    0.03                           clknet_1_1__leaf_clk (net)
                  0.08    0.00   25.52 ^ _487_/CLK (sky130_fd_sc_hd__dfrtp_1)
                         -0.25   25.27   clock uncertainty
                          0.00   25.27   clock reconvergence pessimism
                          0.41   25.69   library recovery time
                                 25.69   data required time
-----------------------------------------------------------------------------
                                 25.69   data required time
                                 -5.31   data arrival time
-----------------------------------------------------------------------------
                                 20.38   slack (MET)



======================= Typical Corner ===================================

Startpoint: data_in[4] (input port clocked by clk)
Endpoint: _480_ (rising edge-triggered flip-flop clocked by clk)
Path Group: clk
Path Type: max
Corner: Typical

Fanout     Cap    Slew   Delay    Time   Description
-----------------------------------------------------------------------------
                          0.00    0.00   clock clk (rise edge)
                          0.00    0.00   clock network delay (propagated)
                          5.00    5.00 ^ input external delay
                  0.02    0.01    5.01 ^ data_in[4] (in)
     1    0.00                           data_in[4] (net)
                  0.02    0.00    5.01 ^ input5/A (sky130_fd_sc_hd__buf_1)
                  0.19    0.18    5.20 ^ input5/X (sky130_fd_sc_hd__buf_1)
     2    0.02                           net5 (net)
                  0.19    0.00    5.20 ^ _244_/A (sky130_fd_sc_hd__clkbuf_4)
                  0.17    0.29    5.49 ^ _244_/X (sky130_fd_sc_hd__clkbuf_4)
    10    0.06                           _194_ (net)
                  0.17    0.00    5.49 ^ _296_/D (sky130_fd_sc_hd__nand4_2)
                  0.12    0.16    5.65 v _296_/Y (sky130_fd_sc_hd__nand4_2)
     3    0.01                           _019_ (net)
                  0.12    0.00    5.65 v _331_/B1 (sky130_fd_sc_hd__a22o_1)
                  0.07    0.25    5.90 v _331_/X (sky130_fd_sc_hd__a22o_1)
     3    0.01                           _054_ (net)
                  0.07    0.00    5.90 v _333_/C (sky130_fd_sc_hd__and3_1)
                  0.05    0.21    6.11 v _333_/X (sky130_fd_sc_hd__and3_1)
     2    0.01                           _056_ (net)
                  0.05    0.00    6.11 v _335_/B (sky130_fd_sc_hd__or3b_2)
                  0.11    0.52    6.63 v _335_/X (sky130_fd_sc_hd__or3b_2)
     4    0.01                           _058_ (net)
                  0.11    0.00    6.63 v _354_/A (sky130_fd_sc_hd__and3_2)
                  0.07    0.25    6.88 v _354_/X (sky130_fd_sc_hd__and3_2)
     3    0.02                           _077_ (net)
                  0.07    0.00    6.88 v _410_/A (sky130_fd_sc_hd__nor2_2)
                  0.20    0.21    7.09 ^ _410_/Y (sky130_fd_sc_hd__nor2_2)
     3    0.02                           _133_ (net)
                  0.20    0.00    7.09 ^ _411_/B (sky130_fd_sc_hd__xor2_1)
                  0.07    0.10    7.20 v _411_/X (sky130_fd_sc_hd__xor2_1)
     1    0.00                           _134_ (net)
                  0.07    0.00    7.20 v _414_/A4 (sky130_fd_sc_hd__a41o_1)
                  0.07    0.30    7.49 v _414_/X (sky130_fd_sc_hd__a41o_1)
     3    0.01                           _137_ (net)
                  0.07    0.00    7.50 v _416_/A2 (sky130_fd_sc_hd__a21oi_1)
                  0.23    0.25    7.75 ^ _416_/Y (sky130_fd_sc_hd__a21oi_1)
     1    0.01                           _139_ (net)
                  0.23    0.00    7.75 ^ _417_/B (sky130_fd_sc_hd__xnor2_2)
                  0.25    0.19    7.94 ^ _417_/Y (sky130_fd_sc_hd__xnor2_2)
     4    0.02                           _140_ (net)
                  0.25    0.00    7.94 ^ _447_/C_N (sky130_fd_sc_hd__or3b_2)
                  0.10    0.53    8.47 v _447_/X (sky130_fd_sc_hd__or3b_2)
     1    0.01                           _170_ (net)
                  0.10    0.00    8.47 v _448_/A3 (sky130_fd_sc_hd__o311ai_4)
                  0.26    0.28    8.75 ^ _448_/Y (sky130_fd_sc_hd__o311ai_4)
     3    0.01                           _171_ (net)
                  0.26    0.00    8.75 ^ _451_/B1 (sky130_fd_sc_hd__a22o_1)
                  0.12    0.24    8.99 ^ _451_/X (sky130_fd_sc_hd__a22o_1)
     1    0.01                           _174_ (net)
                  0.12    0.00    8.99 ^ _452_/B2 (sky130_fd_sc_hd__a22o_1)
                  0.05    0.14    9.13 ^ _452_/X (sky130_fd_sc_hd__a22o_1)
     1    0.00                           _001_ (net)
                  0.05    0.00    9.14 ^ _480_/D (sky130_fd_sc_hd__dfrtp_1)
                                  9.14   data arrival time

                         25.00   25.00   clock clk (rise edge)
                          0.00   25.00   clock source latency
                  0.07    0.05   25.05 ^ clk (in)
     1    0.01                           clk (net)
                  0.07    0.00   25.05 ^ clkbuf_0_clk/A (sky130_fd_sc_hd__clkbuf_16)
                  0.04    0.13   25.17 ^ clkbuf_0_clk/X (sky130_fd_sc_hd__clkbuf_16)
     2    0.02                           clknet_0_clk (net)
                  0.04    0.00   25.18 ^ clkbuf_1_1__f_clk/A (sky130_fd_sc_hd__clkbuf_16)
                  0.05    0.13   25.30 ^ clkbuf_1_1__f_clk/X (sky130_fd_sc_hd__clkbuf_16)
     7    0.03                           clknet_1_1__leaf_clk (net)
                  0.05    0.00   25.30 ^ _480_/CLK (sky130_fd_sc_hd__dfrtp_1)
                         -0.25   25.05   clock uncertainty
                          0.00   25.05   clock reconvergence pessimism
                         -0.06   24.99   library setup time
                                 24.99   data required time
-----------------------------------------------------------------------------
                                 24.99   data required time
                                 -9.14   data arrival time
-----------------------------------------------------------------------------
                                 15.86   slack (MET)


Startpoint: data_in[4] (input port clocked by clk)
Endpoint: _482_ (rising edge-triggered flip-flop clocked by clk)
Path Group: clk
Path Type: max
Corner: Typical

Fanout     Cap    Slew   Delay    Time   Description
-----------------------------------------------------------------------------
                          0.00    0.00   clock clk (rise edge)
                          0.00    0.00   clock network delay (propagated)
                          5.00    5.00 ^ input external delay
                  0.02    0.01    5.01 ^ data_in[4] (in)
     1    0.00                           data_in[4] (net)
                  0.02    0.00    5.01 ^ input5/A (sky130_fd_sc_hd__buf_1)
                  0.19    0.18    5.20 ^ input5/X (sky130_fd_sc_hd__buf_1)
     2    0.02                           net5 (net)
                  0.19    0.00    5.20 ^ _244_/A (sky130_fd_sc_hd__clkbuf_4)
                  0.17    0.29    5.49 ^ _244_/X (sky130_fd_sc_hd__clkbuf_4)
    10    0.06                           _194_ (net)
                  0.17    0.00    5.49 ^ _296_/D (sky130_fd_sc_hd__nand4_2)
                  0.12    0.16    5.65 v _296_/Y (sky130_fd_sc_hd__nand4_2)
     3    0.01                           _019_ (net)
                  0.12    0.00    5.65 v _331_/B1 (sky130_fd_sc_hd__a22o_1)
                  0.07    0.25    5.90 v _331_/X (sky130_fd_sc_hd__a22o_1)
     3    0.01                           _054_ (net)
                  0.07    0.00    5.90 v _333_/C (sky130_fd_sc_hd__and3_1)
                  0.05    0.21    6.11 v _333_/X (sky130_fd_sc_hd__and3_1)
     2    0.01                           _056_ (net)
                  0.05    0.00    6.11 v _335_/B (sky130_fd_sc_hd__or3b_2)
                  0.11    0.52    6.63 v _335_/X (sky130_fd_sc_hd__or3b_2)
     4    0.01                           _058_ (net)
                  0.11    0.00    6.63 v _354_/A (sky130_fd_sc_hd__and3_2)
                  0.07    0.25    6.88 v _354_/X (sky130_fd_sc_hd__and3_2)
     3    0.02                           _077_ (net)
                  0.07    0.00    6.88 v _410_/A (sky130_fd_sc_hd__nor2_2)
                  0.20    0.21    7.09 ^ _410_/Y (sky130_fd_sc_hd__nor2_2)
     3    0.02                           _133_ (net)
                  0.20    0.00    7.09 ^ _411_/B (sky130_fd_sc_hd__xor2_1)
                  0.07    0.10    7.20 v _411_/X (sky130_fd_sc_hd__xor2_1)
     1    0.00                           _134_ (net)
                  0.07    0.00    7.20 v _414_/A4 (sky130_fd_sc_hd__a41o_1)
                  0.07    0.30    7.49 v _414_/X (sky130_fd_sc_hd__a41o_1)
     3    0.01                           _137_ (net)
                  0.07    0.00    7.50 v _416_/A2 (sky130_fd_sc_hd__a21oi_1)
                  0.23    0.25    7.75 ^ _416_/Y (sky130_fd_sc_hd__a21oi_1)
     1    0.01                           _139_ (net)
                  0.23    0.00    7.75 ^ _417_/B (sky130_fd_sc_hd__xnor2_2)
                  0.25    0.19    7.94 ^ _417_/Y (sky130_fd_sc_hd__xnor2_2)
     4    0.02                           _140_ (net)
                  0.25    0.00    7.94 ^ _447_/C_N (sky130_fd_sc_hd__or3b_2)
                  0.10    0.53    8.47 v _447_/X (sky130_fd_sc_hd__or3b_2)
     1    0.01                           _170_ (net)
                  0.10    0.00    8.47 v _448_/A3 (sky130_fd_sc_hd__o311ai_4)
                  0.26    0.28    8.75 ^ _448_/Y (sky130_fd_sc_hd__o311ai_4)
     3    0.01                           _171_ (net)
                  0.26    0.00    8.75 ^ _458_/B1 (sky130_fd_sc_hd__a22o_1)
                  0.11    0.23    8.99 ^ _458_/X (sky130_fd_sc_hd__a22o_1)
     1    0.01                           _179_ (net)
                  0.11    0.00    8.99 ^ _459_/B2 (sky130_fd_sc_hd__a22o_1)
                  0.05    0.14    9.13 ^ _459_/X (sky130_fd_sc_hd__a22o_1)
     1    0.00                           _003_ (net)
                  0.05    0.00    9.13 ^ _482_/D (sky130_fd_sc_hd__dfrtp_1)
                                  9.13   data arrival time

                         25.00   25.00   clock clk (rise edge)
                          0.00   25.00   clock source latency
                  0.07    0.05   25.05 ^ clk (in)
     1    0.01                           clk (net)
                  0.07    0.00   25.05 ^ clkbuf_0_clk/A (sky130_fd_sc_hd__clkbuf_16)
                  0.04    0.13   25.17 ^ clkbuf_0_clk/X (sky130_fd_sc_hd__clkbuf_16)
     2    0.02                           clknet_0_clk (net)
                  0.04    0.00   25.18 ^ clkbuf_1_1__f_clk/A (sky130_fd_sc_hd__clkbuf_16)
                  0.05    0.13   25.30 ^ clkbuf_1_1__f_clk/X (sky130_fd_sc_hd__clkbuf_16)
     7    0.03                           clknet_1_1__leaf_clk (net)
                  0.05    0.00   25.30 ^ _482_/CLK (sky130_fd_sc_hd__dfrtp_1)
                         -0.25   25.05   clock uncertainty
                          0.00   25.05   clock reconvergence pessimism
                         -0.06   24.99   library setup time
                                 24.99   data required time
-----------------------------------------------------------------------------
                                 24.99   data required time
                                 -9.13   data arrival time
-----------------------------------------------------------------------------
                                 15.86   slack (MET)


Startpoint: data_in[4] (input port clocked by clk)
Endpoint: _481_ (rising edge-triggered flip-flop clocked by clk)
Path Group: clk
Path Type: max
Corner: Typical

Fanout     Cap    Slew   Delay    Time   Description
-----------------------------------------------------------------------------
                          0.00    0.00   clock clk (rise edge)
                          0.00    0.00   clock network delay (propagated)
                          5.00    5.00 ^ input external delay
                  0.02    0.01    5.01 ^ data_in[4] (in)
     1    0.00                           data_in[4] (net)
                  0.02    0.00    5.01 ^ input5/A (sky130_fd_sc_hd__buf_1)
                  0.19    0.18    5.20 ^ input5/X (sky130_fd_sc_hd__buf_1)
     2    0.02                           net5 (net)
                  0.19    0.00    5.20 ^ _244_/A (sky130_fd_sc_hd__clkbuf_4)
                  0.17    0.29    5.49 ^ _244_/X (sky130_fd_sc_hd__clkbuf_4)
    10    0.06                           _194_ (net)
                  0.17    0.00    5.49 ^ _296_/D (sky130_fd_sc_hd__nand4_2)
                  0.12    0.16    5.65 v _296_/Y (sky130_fd_sc_hd__nand4_2)
     3    0.01                           _019_ (net)
                  0.12    0.00    5.65 v _331_/B1 (sky130_fd_sc_hd__a22o_1)
                  0.07    0.25    5.90 v _331_/X (sky130_fd_sc_hd__a22o_1)
     3    0.01                           _054_ (net)
                  0.07    0.00    5.90 v _333_/C (sky130_fd_sc_hd__and3_1)
                  0.05    0.21    6.11 v _333_/X (sky130_fd_sc_hd__and3_1)
     2    0.01                           _056_ (net)
                  0.05    0.00    6.11 v _335_/B (sky130_fd_sc_hd__or3b_2)
                  0.11    0.52    6.63 v _335_/X (sky130_fd_sc_hd__or3b_2)
     4    0.01                           _058_ (net)
                  0.11    0.00    6.63 v _354_/A (sky130_fd_sc_hd__and3_2)
                  0.07    0.25    6.88 v _354_/X (sky130_fd_sc_hd__and3_2)
     3    0.02                           _077_ (net)
                  0.07    0.00    6.88 v _410_/A (sky130_fd_sc_hd__nor2_2)
                  0.20    0.21    7.09 ^ _410_/Y (sky130_fd_sc_hd__nor2_2)
     3    0.02                           _133_ (net)
                  0.20    0.00    7.09 ^ _411_/B (sky130_fd_sc_hd__xor2_1)
                  0.07    0.10    7.20 v _411_/X (sky130_fd_sc_hd__xor2_1)
     1    0.00                           _134_ (net)
                  0.07    0.00    7.20 v _414_/A4 (sky130_fd_sc_hd__a41o_1)
                  0.07    0.30    7.49 v _414_/X (sky130_fd_sc_hd__a41o_1)
     3    0.01                           _137_ (net)
                  0.07    0.00    7.50 v _416_/A2 (sky130_fd_sc_hd__a21oi_1)
                  0.23    0.25    7.75 ^ _416_/Y (sky130_fd_sc_hd__a21oi_1)
     1    0.01                           _139_ (net)
                  0.23    0.00    7.75 ^ _417_/B (sky130_fd_sc_hd__xnor2_2)
                  0.25    0.19    7.94 ^ _417_/Y (sky130_fd_sc_hd__xnor2_2)
     4    0.02                           _140_ (net)
                  0.25    0.00    7.94 ^ _447_/C_N (sky130_fd_sc_hd__or3b_2)
                  0.10    0.53    8.47 v _447_/X (sky130_fd_sc_hd__or3b_2)
     1    0.01                           _170_ (net)
                  0.10    0.00    8.47 v _448_/A3 (sky130_fd_sc_hd__o311ai_4)
                  0.26    0.28    8.75 ^ _448_/Y (sky130_fd_sc_hd__o311ai_4)
     3    0.01                           _171_ (net)
                  0.26    0.00    8.75 ^ _454_/A2 (sky130_fd_sc_hd__a32o_1)
                  0.06    0.22    8.97 ^ _454_/X (sky130_fd_sc_hd__a32o_1)
     1    0.00                           _176_ (net)
                  0.06    0.00    8.97 ^ _455_/B2 (sky130_fd_sc_hd__a22o_1)
                  0.05    0.12    9.10 ^ _455_/X (sky130_fd_sc_hd__a22o_1)
     1    0.00                           _002_ (net)
                  0.05    0.00    9.10 ^ _481_/D (sky130_fd_sc_hd__dfrtp_1)
                                  9.10   data arrival time

                         25.00   25.00   clock clk (rise edge)
                          0.00   25.00   clock source latency
                  0.07    0.05   25.05 ^ clk (in)
     1    0.01                           clk (net)
                  0.07    0.00   25.05 ^ clkbuf_0_clk/A (sky130_fd_sc_hd__clkbuf_16)
                  0.04    0.13   25.17 ^ clkbuf_0_clk/X (sky130_fd_sc_hd__clkbuf_16)
     2    0.02                           clknet_0_clk (net)
                  0.04    0.00   25.18 ^ clkbuf_1_1__f_clk/A (sky130_fd_sc_hd__clkbuf_16)
                  0.05    0.13   25.30 ^ clkbuf_1_1__f_clk/X (sky130_fd_sc_hd__clkbuf_16)
     7    0.03                           clknet_1_1__leaf_clk (net)
                  0.05    0.00   25.30 ^ _481_/CLK (sky130_fd_sc_hd__dfrtp_1)
                         -0.25   25.05   clock uncertainty
                          0.00   25.05   clock reconvergence pessimism
                         -0.06   24.99   library setup time
                                 24.99   data required time
-----------------------------------------------------------------------------
                                 24.99   data required time
                                 -9.10   data arrival time
-----------------------------------------------------------------------------
                                 15.90   slack (MET)


Startpoint: data_in[4] (input port clocked by clk)
Endpoint: _483_ (rising edge-triggered flip-flop clocked by clk)
Path Group: clk
Path Type: max
Corner: Typical

Fanout     Cap    Slew   Delay    Time   Description
-----------------------------------------------------------------------------
                          0.00    0.00   clock clk (rise edge)
                          0.00    0.00   clock network delay (propagated)
                          5.00    5.00 ^ input external delay
                  0.02    0.01    5.01 ^ data_in[4] (in)
     1    0.00                           data_in[4] (net)
                  0.02    0.00    5.01 ^ input5/A (sky130_fd_sc_hd__buf_1)
                  0.19    0.18    5.20 ^ input5/X (sky130_fd_sc_hd__buf_1)
     2    0.02                           net5 (net)
                  0.19    0.00    5.20 ^ _244_/A (sky130_fd_sc_hd__clkbuf_4)
                  0.17    0.29    5.49 ^ _244_/X (sky130_fd_sc_hd__clkbuf_4)
    10    0.06                           _194_ (net)
                  0.17    0.00    5.49 ^ _296_/D (sky130_fd_sc_hd__nand4_2)
                  0.12    0.16    5.65 v _296_/Y (sky130_fd_sc_hd__nand4_2)
     3    0.01                           _019_ (net)
                  0.12    0.00    5.65 v _331_/B1 (sky130_fd_sc_hd__a22o_1)
                  0.07    0.25    5.90 v _331_/X (sky130_fd_sc_hd__a22o_1)
     3    0.01                           _054_ (net)
                  0.07    0.00    5.90 v _333_/C (sky130_fd_sc_hd__and3_1)
                  0.05    0.21    6.11 v _333_/X (sky130_fd_sc_hd__and3_1)
     2    0.01                           _056_ (net)
                  0.05    0.00    6.11 v _335_/B (sky130_fd_sc_hd__or3b_2)
                  0.11    0.52    6.63 v _335_/X (sky130_fd_sc_hd__or3b_2)
     4    0.01                           _058_ (net)
                  0.11    0.00    6.63 v _354_/A (sky130_fd_sc_hd__and3_2)
                  0.07    0.25    6.88 v _354_/X (sky130_fd_sc_hd__and3_2)
     3    0.02                           _077_ (net)
                  0.07    0.00    6.88 v _410_/A (sky130_fd_sc_hd__nor2_2)
                  0.20    0.21    7.09 ^ _410_/Y (sky130_fd_sc_hd__nor2_2)
     3    0.02                           _133_ (net)
                  0.20    0.00    7.09 ^ _411_/B (sky130_fd_sc_hd__xor2_1)
                  0.07    0.10    7.20 v _411_/X (sky130_fd_sc_hd__xor2_1)
     1    0.00                           _134_ (net)
                  0.07    0.00    7.20 v _414_/A4 (sky130_fd_sc_hd__a41o_1)
                  0.07    0.30    7.49 v _414_/X (sky130_fd_sc_hd__a41o_1)
     3    0.01                           _137_ (net)
                  0.07    0.00    7.50 v _420_/B (sky130_fd_sc_hd__xnor2_1)
                  0.07    0.15    7.65 v _420_/Y (sky130_fd_sc_hd__xnor2_1)
     2    0.01                           _143_ (net)
                  0.07    0.00    7.65 v _429_/C (sky130_fd_sc_hd__nor4_1)
                  0.39    0.38    8.03 ^ _429_/Y (sky130_fd_sc_hd__nor4_1)
     3    0.01                           _152_ (net)
                  0.39    0.00    8.03 ^ max_cap38/A (sky130_fd_sc_hd__buf_1)
                  0.14    0.21    8.24 ^ max_cap38/X (sky130_fd_sc_hd__buf_1)
     2    0.01                           net38 (net)
                  0.14    0.00    8.24 ^ _435_/B (sky130_fd_sc_hd__nand3_2)
                  0.12    0.14    8.38 v _435_/Y (sky130_fd_sc_hd__nand3_2)
     2    0.01                           _158_ (net)
                  0.12    0.00    8.38 v _436_/B (sky130_fd_sc_hd__nand2_2)
                  0.14    0.17    8.55 ^ _436_/Y (sky130_fd_sc_hd__nand2_2)
     4    0.02                           _159_ (net)
                  0.14    0.00    8.55 ^ _460_/A (sky130_fd_sc_hd__inv_2)
                  0.03    0.05    8.60 v _460_/Y (sky130_fd_sc_hd__inv_2)
     1    0.00                           _180_ (net)
                  0.03    0.00    8.60 v _461_/B2 (sky130_fd_sc_hd__a22o_1)
                  0.04    0.20    8.79 v _461_/X (sky130_fd_sc_hd__a22o_1)
     1    0.00                           _004_ (net)
                  0.04    0.00    8.79 v _483_/D (sky130_fd_sc_hd__dfrtp_1)
                                  8.79   data arrival time

                         25.00   25.00   clock clk (rise edge)
                          0.00   25.00   clock source latency
                  0.07    0.05   25.05 ^ clk (in)
     1    0.01                           clk (net)
                  0.07    0.00   25.05 ^ clkbuf_0_clk/A (sky130_fd_sc_hd__clkbuf_16)
                  0.04    0.13   25.17 ^ clkbuf_0_clk/X (sky130_fd_sc_hd__clkbuf_16)
     2    0.02                           clknet_0_clk (net)
                  0.04    0.00   25.18 ^ clkbuf_1_1__f_clk/A (sky130_fd_sc_hd__clkbuf_16)
                  0.05    0.13   25.30 ^ clkbuf_1_1__f_clk/X (sky130_fd_sc_hd__clkbuf_16)
     7    0.03                           clknet_1_1__leaf_clk (net)
                  0.05    0.00   25.30 ^ _483_/CLK (sky130_fd_sc_hd__dfrtp_1)
                         -0.25   25.05   clock uncertainty
                          0.00   25.05   clock reconvergence pessimism
                         -0.11   24.94   library setup time
                                 24.94   data required time
-----------------------------------------------------------------------------
                                 24.94   data required time
                                 -8.79   data arrival time
-----------------------------------------------------------------------------
                                 16.15   slack (MET)


Startpoint: data_in[2] (input port clocked by clk)
Endpoint: _478_ (rising edge-triggered flip-flop clocked by clk)
Path Group: clk
Path Type: max
Corner: Typical

Fanout     Cap    Slew   Delay    Time   Description
-----------------------------------------------------------------------------
                          0.00    0.00   clock clk (rise edge)
                          0.00    0.00   clock network delay (propagated)
                          5.00    5.00 v input external delay
                  0.01    0.01    5.01 v data_in[2] (in)
     1    0.00                           data_in[2] (net)
                  0.01    0.00    5.01 v input3/A (sky130_fd_sc_hd__clkbuf_2)
                  0.11    0.17    5.17 v input3/X (sky130_fd_sc_hd__clkbuf_2)
     4    0.03                           net3 (net)
                  0.11    0.00    5.17 v _245_/A (sky130_fd_sc_hd__clkbuf_4)
                  0.09    0.23    5.41 v _245_/X (sky130_fd_sc_hd__clkbuf_4)
    10    0.04                           _195_ (net)
                  0.09    0.00    5.41 v _248_/B (sky130_fd_sc_hd__or4_1)
                  0.13    0.60    6.01 v _248_/X (sky130_fd_sc_hd__or4_1)
     3    0.01                           _198_ (net)
                  0.13    0.00    6.01 v _249_/C (sky130_fd_sc_hd__or3_1)
                  0.08    0.36    6.37 v _249_/X (sky130_fd_sc_hd__or3_1)
     2    0.00                           _199_ (net)
                  0.08    0.00    6.37 v _251_/B (sky130_fd_sc_hd__or3b_2)
                  0.11    0.53    6.90 v _251_/X (sky130_fd_sc_hd__or3b_2)
     2    0.01                           _201_ (net)
                  0.11    0.00    6.90 v _276_/A2 (sky130_fd_sc_hd__o22a_1)
                  0.07    0.26    7.16 v _276_/X (sky130_fd_sc_hd__o22a_1)
     1    0.01                           _226_ (net)
                  0.07    0.00    7.16 v _277_/B1 (sky130_fd_sc_hd__a21oi_4)
                  0.36    0.33    7.48 ^ _277_/Y (sky130_fd_sc_hd__a21oi_4)
     9    0.05                           _227_ (net)
                  0.36    0.00    7.49 ^ _278_/B (sky130_fd_sc_hd__nor2_2)
                  0.12    0.16    7.65 v _278_/Y (sky130_fd_sc_hd__nor2_2)
     5    0.03                           _228_ (net)
                  0.12    0.00    7.65 v _279_/B1_N (sky130_fd_sc_hd__o21ba_1)
                  0.04    0.25    7.90 ^ _279_/X (sky130_fd_sc_hd__o21ba_1)
     1    0.00                           _000_ (net)
                  0.04    0.00    7.90 ^ _478_/D (sky130_fd_sc_hd__dfrtp_1)
                                  7.90   data arrival time

                         25.00   25.00   clock clk (rise edge)
                          0.00   25.00   clock source latency
                  0.07    0.05   25.05 ^ clk (in)
     1    0.01                           clk (net)
                  0.07    0.00   25.05 ^ clkbuf_0_clk/A (sky130_fd_sc_hd__clkbuf_16)
                  0.04    0.13   25.17 ^ clkbuf_0_clk/X (sky130_fd_sc_hd__clkbuf_16)
     2    0.02                           clknet_0_clk (net)
                  0.04    0.00   25.18 ^ clkbuf_1_1__f_clk/A (sky130_fd_sc_hd__clkbuf_16)
                  0.05    0.13   25.30 ^ clkbuf_1_1__f_clk/X (sky130_fd_sc_hd__clkbuf_16)
     7    0.03                           clknet_1_1__leaf_clk (net)
                  0.05    0.00   25.30 ^ _478_/CLK (sky130_fd_sc_hd__dfrtp_1)
                         -0.25   25.05   clock uncertainty
                          0.00   25.05   clock reconvergence pessimism
                         -0.06   24.99   library setup time
                                 24.99   data required time
-----------------------------------------------------------------------------
                                 24.99   data required time
                                 -7.90   data arrival time
-----------------------------------------------------------------------------
                                 17.10   slack (MET)


Startpoint: data_in[2] (input port clocked by clk)
Endpoint: _490_ (rising edge-triggered flip-flop clocked by clk)
Path Group: clk
Path Type: max
Corner: Typical

Fanout     Cap    Slew   Delay    Time   Description
-----------------------------------------------------------------------------
                          0.00    0.00   clock clk (rise edge)
                          0.00    0.00   clock network delay (propagated)
                          5.00    5.00 v input external delay
                  0.01    0.01    5.01 v data_in[2] (in)
     1    0.00                           data_in[2] (net)
                  0.01    0.00    5.01 v input3/A (sky130_fd_sc_hd__clkbuf_2)
                  0.11    0.17    5.17 v input3/X (sky130_fd_sc_hd__clkbuf_2)
     4    0.03                           net3 (net)
                  0.11    0.00    5.17 v _245_/A (sky130_fd_sc_hd__clkbuf_4)
                  0.09    0.23    5.41 v _245_/X (sky130_fd_sc_hd__clkbuf_4)
    10    0.04                           _195_ (net)
                  0.09    0.00    5.41 v _248_/B (sky130_fd_sc_hd__or4_1)
                  0.13    0.60    6.01 v _248_/X (sky130_fd_sc_hd__or4_1)
     3    0.01                           _198_ (net)
                  0.13    0.00    6.01 v _249_/C (sky130_fd_sc_hd__or3_1)
                  0.08    0.36    6.37 v _249_/X (sky130_fd_sc_hd__or3_1)
     2    0.00                           _199_ (net)
                  0.08    0.00    6.37 v _251_/B (sky130_fd_sc_hd__or3b_2)
                  0.11    0.53    6.90 v _251_/X (sky130_fd_sc_hd__or3b_2)
     2    0.01                           _201_ (net)
                  0.11    0.00    6.90 v _276_/A2 (sky130_fd_sc_hd__o22a_1)
                  0.07    0.26    7.16 v _276_/X (sky130_fd_sc_hd__o22a_1)
     1    0.01                           _226_ (net)
                  0.07    0.00    7.16 v _277_/B1 (sky130_fd_sc_hd__a21oi_4)
                  0.36    0.33    7.48 ^ _277_/Y (sky130_fd_sc_hd__a21oi_4)
     9    0.05                           _227_ (net)
                  0.36    0.00    7.49 ^ _475_/A3 (sky130_fd_sc_hd__a31o_1)
                  0.05    0.20    7.69 ^ _475_/X (sky130_fd_sc_hd__a31o_1)
     1    0.00                           _011_ (net)
                  0.05    0.00    7.69 ^ _490_/D (sky130_fd_sc_hd__dfrtp_1)
                                  7.69   data arrival time

                         25.00   25.00   clock clk (rise edge)
                          0.00   25.00   clock source latency
                  0.07    0.05   25.05 ^ clk (in)
     1    0.01                           clk (net)
                  0.07    0.00   25.05 ^ clkbuf_0_clk/A (sky130_fd_sc_hd__clkbuf_16)
                  0.04    0.13   25.17 ^ clkbuf_0_clk/X (sky130_fd_sc_hd__clkbuf_16)
     2    0.02                           clknet_0_clk (net)
                  0.04    0.00   25.18 ^ clkbuf_1_0__f_clk/A (sky130_fd_sc_hd__clkbuf_16)
                  0.05    0.13   25.30 ^ clkbuf_1_0__f_clk/X (sky130_fd_sc_hd__clkbuf_16)
     7    0.03                           clknet_1_0__leaf_clk (net)
                  0.05    0.00   25.30 ^ _490_/CLK (sky130_fd_sc_hd__dfrtp_1)
                         -0.25   25.05   clock uncertainty
                          0.00   25.05   clock reconvergence pessimism
                         -0.06   24.99   library setup time
                                 24.99   data required time
-----------------------------------------------------------------------------
                                 24.99   data required time
                                 -7.69   data arrival time
-----------------------------------------------------------------------------
                                 17.30   slack (MET)


Startpoint: data_in[2] (input port clocked by clk)
Endpoint: _488_ (rising edge-triggered flip-flop clocked by clk)
Path Group: clk
Path Type: max
Corner: Typical

Fanout     Cap    Slew   Delay    Time   Description
-----------------------------------------------------------------------------
                          0.00    0.00   clock clk (rise edge)
                          0.00    0.00   clock network delay (propagated)
                          5.00    5.00 v input external delay
                  0.01    0.01    5.01 v data_in[2] (in)
     1    0.00                           data_in[2] (net)
                  0.01    0.00    5.01 v input3/A (sky130_fd_sc_hd__clkbuf_2)
                  0.11    0.17    5.17 v input3/X (sky130_fd_sc_hd__clkbuf_2)
     4    0.03                           net3 (net)
                  0.11    0.00    5.17 v _245_/A (sky130_fd_sc_hd__clkbuf_4)
                  0.09    0.23    5.41 v _245_/X (sky130_fd_sc_hd__clkbuf_4)
    10    0.04                           _195_ (net)
                  0.09    0.00    5.41 v _248_/B (sky130_fd_sc_hd__or4_1)
                  0.13    0.60    6.01 v _248_/X (sky130_fd_sc_hd__or4_1)
     3    0.01                           _198_ (net)
                  0.13    0.00    6.01 v _249_/C (sky130_fd_sc_hd__or3_1)
                  0.08    0.36    6.37 v _249_/X (sky130_fd_sc_hd__or3_1)
     2    0.00                           _199_ (net)
                  0.08    0.00    6.37 v _251_/B (sky130_fd_sc_hd__or3b_2)
                  0.11    0.53    6.90 v _251_/X (sky130_fd_sc_hd__or3b_2)
     2    0.01                           _201_ (net)
                  0.11    0.00    6.90 v _276_/A2 (sky130_fd_sc_hd__o22a_1)
                  0.07    0.26    7.16 v _276_/X (sky130_fd_sc_hd__o22a_1)
     1    0.01                           _226_ (net)
                  0.07    0.00    7.16 v _277_/B1 (sky130_fd_sc_hd__a21oi_4)
                  0.36    0.33    7.48 ^ _277_/Y (sky130_fd_sc_hd__a21oi_4)
     9    0.05                           _227_ (net)
                  0.36    0.00    7.49 ^ _471_/A3 (sky130_fd_sc_hd__a31o_1)
                  0.05    0.20    7.69 ^ _471_/X (sky130_fd_sc_hd__a31o_1)
     1    0.00                           _009_ (net)
                  0.05    0.00    7.69 ^ _488_/D (sky130_fd_sc_hd__dfrtp_1)
                                  7.69   data arrival time

                         25.00   25.00   clock clk (rise edge)
                          0.00   25.00   clock source latency
                  0.07    0.05   25.05 ^ clk (in)
     1    0.01                           clk (net)
                  0.07    0.00   25.05 ^ clkbuf_0_clk/A (sky130_fd_sc_hd__clkbuf_16)
                  0.04    0.13   25.17 ^ clkbuf_0_clk/X (sky130_fd_sc_hd__clkbuf_16)
     2    0.02                           clknet_0_clk (net)
                  0.04    0.00   25.18 ^ clkbuf_1_0__f_clk/A (sky130_fd_sc_hd__clkbuf_16)
                  0.05    0.13   25.30 ^ clkbuf_1_0__f_clk/X (sky130_fd_sc_hd__clkbuf_16)
     7    0.03                           clknet_1_0__leaf_clk (net)
                  0.05    0.00   25.30 ^ _488_/CLK (sky130_fd_sc_hd__dfrtp_1)
                         -0.25   25.05   clock uncertainty
                          0.00   25.05   clock reconvergence pessimism
                         -0.06   24.99   library setup time
                                 24.99   data required time
-----------------------------------------------------------------------------
                                 24.99   data required time
                                 -7.69   data arrival time
-----------------------------------------------------------------------------
                                 17.30   slack (MET)


Startpoint: data_in[2] (input port clocked by clk)
Endpoint: _491_ (rising edge-triggered flip-flop clocked by clk)
Path Group: clk
Path Type: max
Corner: Typical

Fanout     Cap    Slew   Delay    Time   Description
-----------------------------------------------------------------------------
                          0.00    0.00   clock clk (rise edge)
                          0.00    0.00   clock network delay (propagated)
                          5.00    5.00 v input external delay
                  0.01    0.01    5.01 v data_in[2] (in)
     1    0.00                           data_in[2] (net)
                  0.01    0.00    5.01 v input3/A (sky130_fd_sc_hd__clkbuf_2)
                  0.11    0.17    5.17 v input3/X (sky130_fd_sc_hd__clkbuf_2)
     4    0.03                           net3 (net)
                  0.11    0.00    5.17 v _245_/A (sky130_fd_sc_hd__clkbuf_4)
                  0.09    0.23    5.41 v _245_/X (sky130_fd_sc_hd__clkbuf_4)
    10    0.04                           _195_ (net)
                  0.09    0.00    5.41 v _248_/B (sky130_fd_sc_hd__or4_1)
                  0.13    0.60    6.01 v _248_/X (sky130_fd_sc_hd__or4_1)
     3    0.01                           _198_ (net)
                  0.13    0.00    6.01 v _249_/C (sky130_fd_sc_hd__or3_1)
                  0.08    0.36    6.37 v _249_/X (sky130_fd_sc_hd__or3_1)
     2    0.00                           _199_ (net)
                  0.08    0.00    6.37 v _251_/B (sky130_fd_sc_hd__or3b_2)
                  0.11    0.53    6.90 v _251_/X (sky130_fd_sc_hd__or3b_2)
     2    0.01                           _201_ (net)
                  0.11    0.00    6.90 v _276_/A2 (sky130_fd_sc_hd__o22a_1)
                  0.07    0.26    7.16 v _276_/X (sky130_fd_sc_hd__o22a_1)
     1    0.01                           _226_ (net)
                  0.07    0.00    7.16 v _277_/B1 (sky130_fd_sc_hd__a21oi_4)
                  0.36    0.33    7.48 ^ _277_/Y (sky130_fd_sc_hd__a21oi_4)
     9    0.05                           _227_ (net)
                  0.36    0.00    7.49 ^ _477_/A3 (sky130_fd_sc_hd__a31o_1)
                  0.05    0.20    7.69 ^ _477_/X (sky130_fd_sc_hd__a31o_1)
     1    0.00                           _012_ (net)
                  0.05    0.00    7.69 ^ _491_/D (sky130_fd_sc_hd__dfrtp_1)
                                  7.69   data arrival time

                         25.00   25.00   clock clk (rise edge)
                          0.00   25.00   clock source latency
                  0.07    0.05   25.05 ^ clk (in)
     1    0.01                           clk (net)
                  0.07    0.00   25.05 ^ clkbuf_0_clk/A (sky130_fd_sc_hd__clkbuf_16)
                  0.04    0.13   25.17 ^ clkbuf_0_clk/X (sky130_fd_sc_hd__clkbuf_16)
     2    0.02                           clknet_0_clk (net)
                  0.04    0.00   25.18 ^ clkbuf_1_0__f_clk/A (sky130_fd_sc_hd__clkbuf_16)
                  0.05    0.13   25.30 ^ clkbuf_1_0__f_clk/X (sky130_fd_sc_hd__clkbuf_16)
     7    0.03                           clknet_1_0__leaf_clk (net)
                  0.05    0.00   25.30 ^ _491_/CLK (sky130_fd_sc_hd__dfrtp_1)
                         -0.25   25.05   clock uncertainty
                          0.00   25.05   clock reconvergence pessimism
                         -0.06   24.99   library setup time
                                 24.99   data required time
-----------------------------------------------------------------------------
                                 24.99   data required time
                                 -7.69   data arrival time
-----------------------------------------------------------------------------
                                 17.30   slack (MET)


Startpoint: data_in[2] (input port clocked by clk)
Endpoint: _485_ (rising edge-triggered flip-flop clocked by clk)
Path Group: clk
Path Type: max
Corner: Typical

Fanout     Cap    Slew   Delay    Time   Description
-----------------------------------------------------------------------------
                          0.00    0.00   clock clk (rise edge)
                          0.00    0.00   clock network delay (propagated)
                          5.00    5.00 v input external delay
                  0.01    0.01    5.01 v data_in[2] (in)
     1    0.00                           data_in[2] (net)
                  0.01    0.00    5.01 v input3/A (sky130_fd_sc_hd__clkbuf_2)
                  0.11    0.17    5.17 v input3/X (sky130_fd_sc_hd__clkbuf_2)
     4    0.03                           net3 (net)
                  0.11    0.00    5.17 v _245_/A (sky130_fd_sc_hd__clkbuf_4)
                  0.09    0.23    5.41 v _245_/X (sky130_fd_sc_hd__clkbuf_4)
    10    0.04                           _195_ (net)
                  0.09    0.00    5.41 v _248_/B (sky130_fd_sc_hd__or4_1)
                  0.13    0.60    6.01 v _248_/X (sky130_fd_sc_hd__or4_1)
     3    0.01                           _198_ (net)
                  0.13    0.00    6.01 v _249_/C (sky130_fd_sc_hd__or3_1)
                  0.08    0.36    6.37 v _249_/X (sky130_fd_sc_hd__or3_1)
     2    0.00                           _199_ (net)
                  0.08    0.00    6.37 v _251_/B (sky130_fd_sc_hd__or3b_2)
                  0.11    0.53    6.90 v _251_/X (sky130_fd_sc_hd__or3b_2)
     2    0.01                           _201_ (net)
                  0.11    0.00    6.90 v _276_/A2 (sky130_fd_sc_hd__o22a_1)
                  0.07    0.26    7.16 v _276_/X (sky130_fd_sc_hd__o22a_1)
     1    0.01                           _226_ (net)
                  0.07    0.00    7.16 v _277_/B1 (sky130_fd_sc_hd__a21oi_4)
                  0.36    0.33    7.48 ^ _277_/Y (sky130_fd_sc_hd__a21oi_4)
     9    0.05                           _227_ (net)
                  0.36    0.00    7.49 ^ _465_/A3 (sky130_fd_sc_hd__a31o_1)
                  0.05    0.20    7.69 ^ _465_/X (sky130_fd_sc_hd__a31o_1)
     1    0.00                           _006_ (net)
                  0.05    0.00    7.69 ^ _485_/D (sky130_fd_sc_hd__dfrtp_1)
                                  7.69   data arrival time

                         25.00   25.00   clock clk (rise edge)
                          0.00   25.00   clock source latency
                  0.07    0.05   25.05 ^ clk (in)
     1    0.01                           clk (net)
                  0.07    0.00   25.05 ^ clkbuf_0_clk/A (sky130_fd_sc_hd__clkbuf_16)
                  0.04    0.13   25.17 ^ clkbuf_0_clk/X (sky130_fd_sc_hd__clkbuf_16)
     2    0.02                           clknet_0_clk (net)
                  0.04    0.00   25.18 ^ clkbuf_1_0__f_clk/A (sky130_fd_sc_hd__clkbuf_16)
                  0.05    0.13   25.30 ^ clkbuf_1_0__f_clk/X (sky130_fd_sc_hd__clkbuf_16)
     7    0.03                           clknet_1_0__leaf_clk (net)
                  0.05    0.00   25.30 ^ _485_/CLK (sky130_fd_sc_hd__dfrtp_1)
                         -0.25   25.05   clock uncertainty
                          0.00   25.05   clock reconvergence pessimism
                         -0.06   24.99   library setup time
                                 24.99   data required time
-----------------------------------------------------------------------------
                                 24.99   data required time
                                 -7.69   data arrival time
-----------------------------------------------------------------------------
                                 17.30   slack (MET)


Startpoint: data_in[2] (input port clocked by clk)
Endpoint: _487_ (rising edge-triggered flip-flop clocked by clk)
Path Group: clk
Path Type: max
Corner: Typical

Fanout     Cap    Slew   Delay    Time   Description
-----------------------------------------------------------------------------
                          0.00    0.00   clock clk (rise edge)
                          0.00    0.00   clock network delay (propagated)
                          5.00    5.00 v input external delay
                  0.01    0.01    5.01 v data_in[2] (in)
     1    0.00                           data_in[2] (net)
                  0.01    0.00    5.01 v input3/A (sky130_fd_sc_hd__clkbuf_2)
                  0.11    0.17    5.17 v input3/X (sky130_fd_sc_hd__clkbuf_2)
     4    0.03                           net3 (net)
                  0.11    0.00    5.17 v _245_/A (sky130_fd_sc_hd__clkbuf_4)
                  0.09    0.23    5.41 v _245_/X (sky130_fd_sc_hd__clkbuf_4)
    10    0.04                           _195_ (net)
                  0.09    0.00    5.41 v _248_/B (sky130_fd_sc_hd__or4_1)
                  0.13    0.60    6.01 v _248_/X (sky130_fd_sc_hd__or4_1)
     3    0.01                           _198_ (net)
                  0.13    0.00    6.01 v _249_/C (sky130_fd_sc_hd__or3_1)
                  0.08    0.36    6.37 v _249_/X (sky130_fd_sc_hd__or3_1)
     2    0.00                           _199_ (net)
                  0.08    0.00    6.37 v _251_/B (sky130_fd_sc_hd__or3b_2)
                  0.11    0.53    6.90 v _251_/X (sky130_fd_sc_hd__or3b_2)
     2    0.01                           _201_ (net)
                  0.11    0.00    6.90 v _276_/A2 (sky130_fd_sc_hd__o22a_1)
                  0.07    0.26    7.16 v _276_/X (sky130_fd_sc_hd__o22a_1)
     1    0.01                           _226_ (net)
                  0.07    0.00    7.16 v _277_/B1 (sky130_fd_sc_hd__a21oi_4)
                  0.36    0.33    7.48 ^ _277_/Y (sky130_fd_sc_hd__a21oi_4)
     9    0.05                           _227_ (net)
                  0.36    0.00    7.49 ^ _469_/A3 (sky130_fd_sc_hd__a31o_1)
                  0.05    0.20    7.69 ^ _469_/X (sky130_fd_sc_hd__a31o_1)
     1    0.00                           _008_ (net)
                  0.05    0.00    7.69 ^ _487_/D (sky130_fd_sc_hd__dfrtp_1)
                                  7.69   data arrival time

                         25.00   25.00   clock clk (rise edge)
                          0.00   25.00   clock source latency
                  0.07    0.05   25.05 ^ clk (in)
     1    0.01                           clk (net)
                  0.07    0.00   25.05 ^ clkbuf_0_clk/A (sky130_fd_sc_hd__clkbuf_16)
                  0.04    0.13   25.17 ^ clkbuf_0_clk/X (sky130_fd_sc_hd__clkbuf_16)
     2    0.02                           clknet_0_clk (net)
                  0.04    0.00   25.18 ^ clkbuf_1_1__f_clk/A (sky130_fd_sc_hd__clkbuf_16)
                  0.05    0.13   25.30 ^ clkbuf_1_1__f_clk/X (sky130_fd_sc_hd__clkbuf_16)
     7    0.03                           clknet_1_1__leaf_clk (net)
                  0.05    0.00   25.30 ^ _487_/CLK (sky130_fd_sc_hd__dfrtp_1)
                         -0.25   25.05   clock uncertainty
                          0.00   25.05   clock reconvergence pessimism
                         -0.06   24.99   library setup time
                                 24.99   data required time
-----------------------------------------------------------------------------
                                 24.99   data required time
                                 -7.69   data arrival time
-----------------------------------------------------------------------------
                                 17.31   slack (MET)


Startpoint: data_in[2] (input port clocked by clk)
Endpoint: _486_ (rising edge-triggered flip-flop clocked by clk)
Path Group: clk
Path Type: max
Corner: Typical

Fanout     Cap    Slew   Delay    Time   Description
-----------------------------------------------------------------------------
                          0.00    0.00   clock clk (rise edge)
                          0.00    0.00   clock network delay (propagated)
                          5.00    5.00 v input external delay
                  0.01    0.01    5.01 v data_in[2] (in)
     1    0.00                           data_in[2] (net)
                  0.01    0.00    5.01 v input3/A (sky130_fd_sc_hd__clkbuf_2)
                  0.11    0.17    5.17 v input3/X (sky130_fd_sc_hd__clkbuf_2)
     4    0.03                           net3 (net)
                  0.11    0.00    5.17 v _245_/A (sky130_fd_sc_hd__clkbuf_4)
                  0.09    0.23    5.41 v _245_/X (sky130_fd_sc_hd__clkbuf_4)
    10    0.04                           _195_ (net)
                  0.09    0.00    5.41 v _248_/B (sky130_fd_sc_hd__or4_1)
                  0.13    0.60    6.01 v _248_/X (sky130_fd_sc_hd__or4_1)
     3    0.01                           _198_ (net)
                  0.13    0.00    6.01 v _249_/C (sky130_fd_sc_hd__or3_1)
                  0.08    0.36    6.37 v _249_/X (sky130_fd_sc_hd__or3_1)
     2    0.00                           _199_ (net)
                  0.08    0.00    6.37 v _251_/B (sky130_fd_sc_hd__or3b_2)
                  0.11    0.53    6.90 v _251_/X (sky130_fd_sc_hd__or3b_2)
     2    0.01                           _201_ (net)
                  0.11    0.00    6.90 v _276_/A2 (sky130_fd_sc_hd__o22a_1)
                  0.07    0.26    7.16 v _276_/X (sky130_fd_sc_hd__o22a_1)
     1    0.01                           _226_ (net)
                  0.07    0.00    7.16 v _277_/B1 (sky130_fd_sc_hd__a21oi_4)
                  0.36    0.33    7.48 ^ _277_/Y (sky130_fd_sc_hd__a21oi_4)
     9    0.05                           _227_ (net)
                  0.36    0.00    7.49 ^ _467_/A3 (sky130_fd_sc_hd__a31o_1)
                  0.04    0.20    7.69 ^ _467_/X (sky130_fd_sc_hd__a31o_1)
     1    0.00                           _007_ (net)
                  0.04    0.00    7.69 ^ _486_/D (sky130_fd_sc_hd__dfrtp_1)
                                  7.69   data arrival time

                         25.00   25.00   clock clk (rise edge)
                          0.00   25.00   clock source latency
                  0.07    0.05   25.05 ^ clk (in)
     1    0.01                           clk (net)
                  0.07    0.00   25.05 ^ clkbuf_0_clk/A (sky130_fd_sc_hd__clkbuf_16)
                  0.04    0.13   25.17 ^ clkbuf_0_clk/X (sky130_fd_sc_hd__clkbuf_16)
     2    0.02                           clknet_0_clk (net)
                  0.04    0.00   25.18 ^ clkbuf_1_0__f_clk/A (sky130_fd_sc_hd__clkbuf_16)
                  0.05    0.13   25.30 ^ clkbuf_1_0__f_clk/X (sky130_fd_sc_hd__clkbuf_16)
     7    0.03                           clknet_1_0__leaf_clk (net)
                  0.05    0.00   25.30 ^ _486_/CLK (sky130_fd_sc_hd__dfrtp_1)
                         -0.25   25.05   clock uncertainty
                          0.00   25.05   clock reconvergence pessimism
                         -0.06   24.99   library setup time
                                 24.99   data required time
-----------------------------------------------------------------------------
                                 24.99   data required time
                                 -7.69   data arrival time
-----------------------------------------------------------------------------
                                 17.31   slack (MET)


Startpoint: data_in[2] (input port clocked by clk)
Endpoint: _484_ (rising edge-triggered flip-flop clocked by clk)
Path Group: clk
Path Type: max
Corner: Typical

Fanout     Cap    Slew   Delay    Time   Description
-----------------------------------------------------------------------------
                          0.00    0.00   clock clk (rise edge)
                          0.00    0.00   clock network delay (propagated)
                          5.00    5.00 v input external delay
                  0.01    0.01    5.01 v data_in[2] (in)
     1    0.00                           data_in[2] (net)
                  0.01    0.00    5.01 v input3/A (sky130_fd_sc_hd__clkbuf_2)
                  0.11    0.17    5.17 v input3/X (sky130_fd_sc_hd__clkbuf_2)
     4    0.03                           net3 (net)
                  0.11    0.00    5.17 v _245_/A (sky130_fd_sc_hd__clkbuf_4)
                  0.09    0.23    5.41 v _245_/X (sky130_fd_sc_hd__clkbuf_4)
    10    0.04                           _195_ (net)
                  0.09    0.00    5.41 v _248_/B (sky130_fd_sc_hd__or4_1)
                  0.13    0.60    6.01 v _248_/X (sky130_fd_sc_hd__or4_1)
     3    0.01                           _198_ (net)
                  0.13    0.00    6.01 v _249_/C (sky130_fd_sc_hd__or3_1)
                  0.08    0.36    6.37 v _249_/X (sky130_fd_sc_hd__or3_1)
     2    0.00                           _199_ (net)
                  0.08    0.00    6.37 v _251_/B (sky130_fd_sc_hd__or3b_2)
                  0.11    0.53    6.90 v _251_/X (sky130_fd_sc_hd__or3b_2)
     2    0.01                           _201_ (net)
                  0.11    0.00    6.90 v _276_/A2 (sky130_fd_sc_hd__o22a_1)
                  0.07    0.26    7.16 v _276_/X (sky130_fd_sc_hd__o22a_1)
     1    0.01                           _226_ (net)
                  0.07    0.00    7.16 v _277_/B1 (sky130_fd_sc_hd__a21oi_4)
                  0.36    0.33    7.48 ^ _277_/Y (sky130_fd_sc_hd__a21oi_4)
     9    0.05                           _227_ (net)
                  0.36    0.00    7.49 ^ _463_/A3 (sky130_fd_sc_hd__a31o_1)
                  0.04    0.20    7.69 ^ _463_/X (sky130_fd_sc_hd__a31o_1)
     1    0.00                           _005_ (net)
                  0.04    0.00    7.69 ^ _484_/D (sky130_fd_sc_hd__dfrtp_1)
                                  7.69   data arrival time

                         25.00   25.00   clock clk (rise edge)
                          0.00   25.00   clock source latency
                  0.07    0.05   25.05 ^ clk (in)
     1    0.01                           clk (net)
                  0.07    0.00   25.05 ^ clkbuf_0_clk/A (sky130_fd_sc_hd__clkbuf_16)
                  0.04    0.13   25.17 ^ clkbuf_0_clk/X (sky130_fd_sc_hd__clkbuf_16)
     2    0.02                           clknet_0_clk (net)
                  0.04    0.00   25.18 ^ clkbuf_1_0__f_clk/A (sky130_fd_sc_hd__clkbuf_16)
                  0.05    0.13   25.30 ^ clkbuf_1_0__f_clk/X (sky130_fd_sc_hd__clkbuf_16)
     7    0.03                           clknet_1_0__leaf_clk (net)
                  0.05    0.00   25.30 ^ _484_/CLK (sky130_fd_sc_hd__dfrtp_1)
                         -0.25   25.05   clock uncertainty
                          0.00   25.05   clock reconvergence pessimism
                         -0.06   24.99   library setup time
                                 24.99   data required time
-----------------------------------------------------------------------------
                                 24.99   data required time
                                 -7.69   data arrival time
-----------------------------------------------------------------------------
                                 17.31   slack (MET)


Startpoint: data_in[2] (input port clocked by clk)
Endpoint: _489_ (rising edge-triggered flip-flop clocked by clk)
Path Group: clk
Path Type: max
Corner: Typical

Fanout     Cap    Slew   Delay    Time   Description
-----------------------------------------------------------------------------
                          0.00    0.00   clock clk (rise edge)
                          0.00    0.00   clock network delay (propagated)
                          5.00    5.00 v input external delay
                  0.01    0.01    5.01 v data_in[2] (in)
     1    0.00                           data_in[2] (net)
                  0.01    0.00    5.01 v input3/A (sky130_fd_sc_hd__clkbuf_2)
                  0.11    0.17    5.17 v input3/X (sky130_fd_sc_hd__clkbuf_2)
     4    0.03                           net3 (net)
                  0.11    0.00    5.17 v _245_/A (sky130_fd_sc_hd__clkbuf_4)
                  0.09    0.23    5.41 v _245_/X (sky130_fd_sc_hd__clkbuf_4)
    10    0.04                           _195_ (net)
                  0.09    0.00    5.41 v _248_/B (sky130_fd_sc_hd__or4_1)
                  0.13    0.60    6.01 v _248_/X (sky130_fd_sc_hd__or4_1)
     3    0.01                           _198_ (net)
                  0.13    0.00    6.01 v _249_/C (sky130_fd_sc_hd__or3_1)
                  0.08    0.36    6.37 v _249_/X (sky130_fd_sc_hd__or3_1)
     2    0.00                           _199_ (net)
                  0.08    0.00    6.37 v _251_/B (sky130_fd_sc_hd__or3b_2)
                  0.11    0.53    6.90 v _251_/X (sky130_fd_sc_hd__or3b_2)
     2    0.01                           _201_ (net)
                  0.11    0.00    6.90 v _276_/A2 (sky130_fd_sc_hd__o22a_1)
                  0.07    0.26    7.16 v _276_/X (sky130_fd_sc_hd__o22a_1)
     1    0.01                           _226_ (net)
                  0.07    0.00    7.16 v _277_/B1 (sky130_fd_sc_hd__a21oi_4)
                  0.36    0.33    7.48 ^ _277_/Y (sky130_fd_sc_hd__a21oi_4)
     9    0.05                           _227_ (net)
                  0.36    0.00    7.49 ^ _473_/A3 (sky130_fd_sc_hd__a31o_1)
                  0.04    0.20    7.69 ^ _473_/X (sky130_fd_sc_hd__a31o_1)
     1    0.00                           _010_ (net)
                  0.04    0.00    7.69 ^ _489_/D (sky130_fd_sc_hd__dfrtp_1)
                                  7.69   data arrival time

                         25.00   25.00   clock clk (rise edge)
                          0.00   25.00   clock source latency
                  0.07    0.05   25.05 ^ clk (in)
     1    0.01                           clk (net)
                  0.07    0.00   25.05 ^ clkbuf_0_clk/A (sky130_fd_sc_hd__clkbuf_16)
                  0.04    0.13   25.17 ^ clkbuf_0_clk/X (sky130_fd_sc_hd__clkbuf_16)
     2    0.02                           clknet_0_clk (net)
                  0.04    0.00   25.18 ^ clkbuf_1_0__f_clk/A (sky130_fd_sc_hd__clkbuf_16)
                  0.05    0.13   25.30 ^ clkbuf_1_0__f_clk/X (sky130_fd_sc_hd__clkbuf_16)
     7    0.03                           clknet_1_0__leaf_clk (net)
                  0.05    0.00   25.30 ^ _489_/CLK (sky130_fd_sc_hd__dfrtp_1)
                         -0.25   25.05   clock uncertainty
                          0.00   25.05   clock reconvergence pessimism
                         -0.06   24.99   library setup time
                                 24.99   data required time
-----------------------------------------------------------------------------
                                 24.99   data required time
                                 -7.69   data arrival time
-----------------------------------------------------------------------------
                                 17.31   slack (MET)


Startpoint: _487_ (rising edge-triggered flip-flop clocked by clk)
Endpoint: sideband_out[3] (output port clocked by clk)
Path Group: clk
Path Type: max
Corner: Typical

Fanout     Cap    Slew   Delay    Time   Description
-----------------------------------------------------------------------------
                          0.00    0.00   clock clk (rise edge)
                          0.00    0.00   clock source latency
                  0.07    0.05    0.05 ^ clk (in)
     1    0.01                           clk (net)
                  0.07    0.00    0.05 ^ clkbuf_0_clk/A (sky130_fd_sc_hd__clkbuf_16)
                  0.04    0.14    0.19 ^ clkbuf_0_clk/X (sky130_fd_sc_hd__clkbuf_16)
     2    0.02                           clknet_0_clk (net)
                  0.04    0.00    0.19 ^ clkbuf_1_1__f_clk/A (sky130_fd_sc_hd__clkbuf_16)
                  0.05    0.14    0.33 ^ clkbuf_1_1__f_clk/X (sky130_fd_sc_hd__clkbuf_16)
     7    0.03                           clknet_1_1__leaf_clk (net)
                  0.05    0.00    0.33 ^ _487_/CLK (sky130_fd_sc_hd__dfrtp_1)
                  0.07    0.42    0.75 v _487_/Q (sky130_fd_sc_hd__dfrtp_1)
     2    0.01                           net32 (net)
                  0.07    0.00    0.75 v output32/A (sky130_fd_sc_hd__clkbuf_4)
                  0.08    0.20    0.96 v output32/X (sky130_fd_sc_hd__clkbuf_4)
     1    0.03                           sideband_out[3] (net)
                  0.08    0.00    0.96 v sideband_out[3] (out)
                                  0.96   data arrival time

                         25.00   25.00   clock clk (rise edge)
                          0.00   25.00   clock network delay (propagated)
                         -0.25   24.75   clock uncertainty
                          0.00   24.75   clock reconvergence pessimism
                         -5.00   19.75   output external delay
                                 19.75   data required time
-----------------------------------------------------------------------------
                                 19.75   data required time
                                 -0.96   data arrival time
-----------------------------------------------------------------------------
                                 18.79   slack (MET)


Startpoint: _489_ (rising edge-triggered flip-flop clocked by clk)
Endpoint: sideband_out[5] (output port clocked by clk)
Path Group: clk
Path Type: max
Corner: Typical

Fanout     Cap    Slew   Delay    Time   Description
-----------------------------------------------------------------------------
                          0.00    0.00   clock clk (rise edge)
                          0.00    0.00   clock source latency
                  0.07    0.05    0.05 ^ clk (in)
     1    0.01                           clk (net)
                  0.07    0.00    0.05 ^ clkbuf_0_clk/A (sky130_fd_sc_hd__clkbuf_16)
                  0.04    0.14    0.19 ^ clkbuf_0_clk/X (sky130_fd_sc_hd__clkbuf_16)
     2    0.02                           clknet_0_clk (net)
                  0.04    0.00    0.19 ^ clkbuf_1_0__f_clk/A (sky130_fd_sc_hd__clkbuf_16)
                  0.05    0.14    0.33 ^ clkbuf_1_0__f_clk/X (sky130_fd_sc_hd__clkbuf_16)
     7    0.03                           clknet_1_0__leaf_clk (net)
                  0.05    0.00    0.33 ^ _489_/CLK (sky130_fd_sc_hd__dfrtp_1)
                  0.06    0.40    0.73 v _489_/Q (sky130_fd_sc_hd__dfrtp_1)
     2    0.01                           net34 (net)
                  0.06    0.00    0.73 v output34/A (sky130_fd_sc_hd__clkbuf_4)
                  0.08    0.20    0.93 v output34/X (sky130_fd_sc_hd__clkbuf_4)
     1    0.03                           sideband_out[5] (net)
                  0.08    0.00    0.93 v sideband_out[5] (out)
                                  0.93   data arrival time

                         25.00   25.00   clock clk (rise edge)
                          0.00   25.00   clock network delay (propagated)
                         -0.25   24.75   clock uncertainty
                          0.00   24.75   clock reconvergence pessimism
                         -5.00   19.75   output external delay
                                 19.75   data required time
-----------------------------------------------------------------------------
                                 19.75   data required time
                                 -0.93   data arrival time
-----------------------------------------------------------------------------
                                 18.82   slack (MET)


Startpoint: _490_ (rising edge-triggered flip-flop clocked by clk)
Endpoint: sideband_out[6] (output port clocked by clk)
Path Group: clk
Path Type: max
Corner: Typical

Fanout     Cap    Slew   Delay    Time   Description
-----------------------------------------------------------------------------
                          0.00    0.00   clock clk (rise edge)
                          0.00    0.00   clock source latency
                  0.07    0.05    0.05 ^ clk (in)
     1    0.01                           clk (net)
                  0.07    0.00    0.05 ^ clkbuf_0_clk/A (sky130_fd_sc_hd__clkbuf_16)
                  0.04    0.14    0.19 ^ clkbuf_0_clk/X (sky130_fd_sc_hd__clkbuf_16)
     2    0.02                           clknet_0_clk (net)
                  0.04    0.00    0.19 ^ clkbuf_1_0__f_clk/A (sky130_fd_sc_hd__clkbuf_16)
                  0.05    0.14    0.33 ^ clkbuf_1_0__f_clk/X (sky130_fd_sc_hd__clkbuf_16)
     7    0.03                           clknet_1_0__leaf_clk (net)
                  0.05    0.00    0.33 ^ _490_/CLK (sky130_fd_sc_hd__dfrtp_1)
                  0.06    0.39    0.73 v _490_/Q (sky130_fd_sc_hd__dfrtp_1)
     2    0.01                           net35 (net)
                  0.06    0.00    0.73 v output35/A (sky130_fd_sc_hd__clkbuf_4)
                  0.08    0.20    0.93 v output35/X (sky130_fd_sc_hd__clkbuf_4)
     1    0.03                           sideband_out[6] (net)
                  0.08    0.00    0.93 v sideband_out[6] (out)
                                  0.93   data arrival time

                         25.00   25.00   clock clk (rise edge)
                          0.00   25.00   clock network delay (propagated)
                         -0.25   24.75   clock uncertainty
                          0.00   24.75   clock reconvergence pessimism
                         -5.00   19.75   output external delay
                                 19.75   data required time
-----------------------------------------------------------------------------
                                 19.75   data required time
                                 -0.93   data arrival time
-----------------------------------------------------------------------------
                                 18.82   slack (MET)


Startpoint: _486_ (rising edge-triggered flip-flop clocked by clk)
Endpoint: sideband_out[2] (output port clocked by clk)
Path Group: clk
Path Type: max
Corner: Typical

Fanout     Cap    Slew   Delay    Time   Description
-----------------------------------------------------------------------------
                          0.00    0.00   clock clk (rise edge)
                          0.00    0.00   clock source latency
                  0.07    0.05    0.05 ^ clk (in)
     1    0.01                           clk (net)
                  0.07    0.00    0.05 ^ clkbuf_0_clk/A (sky130_fd_sc_hd__clkbuf_16)
                  0.04    0.14    0.19 ^ clkbuf_0_clk/X (sky130_fd_sc_hd__clkbuf_16)
     2    0.02                           clknet_0_clk (net)
                  0.04    0.00    0.19 ^ clkbuf_1_0__f_clk/A (sky130_fd_sc_hd__clkbuf_16)
                  0.05    0.14    0.33 ^ clkbuf_1_0__f_clk/X (sky130_fd_sc_hd__clkbuf_16)
     7    0.03                           clknet_1_0__leaf_clk (net)
                  0.05    0.00    0.33 ^ _486_/CLK (sky130_fd_sc_hd__dfrtp_1)
                  0.06    0.39    0.73 v _486_/Q (sky130_fd_sc_hd__dfrtp_1)
     2    0.01                           net31 (net)
                  0.06    0.00    0.73 v output31/A (sky130_fd_sc_hd__clkbuf_4)
                  0.08    0.20    0.93 v output31/X (sky130_fd_sc_hd__clkbuf_4)
     1    0.03                           sideband_out[2] (net)
                  0.08    0.00    0.93 v sideband_out[2] (out)
                                  0.93   data arrival time

                         25.00   25.00   clock clk (rise edge)
                          0.00   25.00   clock network delay (propagated)
                         -0.25   24.75   clock uncertainty
                          0.00   24.75   clock reconvergence pessimism
                         -5.00   19.75   output external delay
                                 19.75   data required time
-----------------------------------------------------------------------------
                                 19.75   data required time
                                 -0.93   data arrival time
-----------------------------------------------------------------------------
                                 18.82   slack (MET)


Startpoint: _482_ (rising edge-triggered flip-flop clocked by clk)
Endpoint: int4_out[2] (output port clocked by clk)
Path Group: clk
Path Type: max
Corner: Typical

Fanout     Cap    Slew   Delay    Time   Description
-----------------------------------------------------------------------------
                          0.00    0.00   clock clk (rise edge)
                          0.00    0.00   clock source latency
                  0.07    0.05    0.05 ^ clk (in)
     1    0.01                           clk (net)
                  0.07    0.00    0.05 ^ clkbuf_0_clk/A (sky130_fd_sc_hd__clkbuf_16)
                  0.04    0.14    0.19 ^ clkbuf_0_clk/X (sky130_fd_sc_hd__clkbuf_16)
     2    0.02                           clknet_0_clk (net)
                  0.04    0.00    0.19 ^ clkbuf_1_1__f_clk/A (sky130_fd_sc_hd__clkbuf_16)
                  0.05    0.14    0.33 ^ clkbuf_1_1__f_clk/X (sky130_fd_sc_hd__clkbuf_16)
     7    0.03                           clknet_1_1__leaf_clk (net)
                  0.05    0.00    0.33 ^ _482_/CLK (sky130_fd_sc_hd__dfrtp_1)
                  0.06    0.39    0.73 v _482_/Q (sky130_fd_sc_hd__dfrtp_1)
     2    0.01                           net26 (net)
                  0.06    0.00    0.73 v output26/A (sky130_fd_sc_hd__clkbuf_4)
                  0.08    0.20    0.92 v output26/X (sky130_fd_sc_hd__clkbuf_4)
     1    0.03                           int4_out[2] (net)
                  0.08    0.00    0.93 v int4_out[2] (out)
                                  0.93   data arrival time

                         25.00   25.00   clock clk (rise edge)
                          0.00   25.00   clock network delay (propagated)
                         -0.25   24.75   clock uncertainty
                          0.00   24.75   clock reconvergence pessimism
                         -5.00   19.75   output external delay
                                 19.75   data required time
-----------------------------------------------------------------------------
                                 19.75   data required time
                                 -0.93   data arrival time
-----------------------------------------------------------------------------
                                 18.82   slack (MET)


Startpoint: _483_ (rising edge-triggered flip-flop clocked by clk)
Endpoint: int4_out[3] (output port clocked by clk)
Path Group: clk
Path Type: max
Corner: Typical

Fanout     Cap    Slew   Delay    Time   Description
-----------------------------------------------------------------------------
                          0.00    0.00   clock clk (rise edge)
                          0.00    0.00   clock source latency
                  0.07    0.05    0.05 ^ clk (in)
     1    0.01                           clk (net)
                  0.07    0.00    0.05 ^ clkbuf_0_clk/A (sky130_fd_sc_hd__clkbuf_16)
                  0.04    0.14    0.19 ^ clkbuf_0_clk/X (sky130_fd_sc_hd__clkbuf_16)
     2    0.02                           clknet_0_clk (net)
                  0.04    0.00    0.19 ^ clkbuf_1_1__f_clk/A (sky130_fd_sc_hd__clkbuf_16)
                  0.05    0.14    0.33 ^ clkbuf_1_1__f_clk/X (sky130_fd_sc_hd__clkbuf_16)
     7    0.03                           clknet_1_1__leaf_clk (net)
                  0.05    0.00    0.33 ^ _483_/CLK (sky130_fd_sc_hd__dfrtp_1)
                  0.05    0.39    0.72 v _483_/Q (sky130_fd_sc_hd__dfrtp_1)
     2    0.01                           net27 (net)
                  0.05    0.00    0.72 v output27/A (sky130_fd_sc_hd__clkbuf_4)
                  0.08    0.19    0.92 v output27/X (sky130_fd_sc_hd__clkbuf_4)
     1    0.03                           int4_out[3] (net)
                  0.08    0.00    0.92 v int4_out[3] (out)
                                  0.92   data arrival time

                         25.00   25.00   clock clk (rise edge)
                          0.00   25.00   clock network delay (propagated)
                         -0.25   24.75   clock uncertainty
                          0.00   24.75   clock reconvergence pessimism
                         -5.00   19.75   output external delay
                                 19.75   data required time
-----------------------------------------------------------------------------
                                 19.75   data required time
                                 -0.92   data arrival time
-----------------------------------------------------------------------------
                                 18.83   slack (MET)


Startpoint: _484_ (rising edge-triggered flip-flop clocked by clk)
Endpoint: sideband_out[0] (output port clocked by clk)
Path Group: clk
Path Type: max
Corner: Typical

Fanout     Cap    Slew   Delay    Time   Description
-----------------------------------------------------------------------------
                          0.00    0.00   clock clk (rise edge)
                          0.00    0.00   clock source latency
                  0.07    0.05    0.05 ^ clk (in)
     1    0.01                           clk (net)
                  0.07    0.00    0.05 ^ clkbuf_0_clk/A (sky130_fd_sc_hd__clkbuf_16)
                  0.04    0.14    0.19 ^ clkbuf_0_clk/X (sky130_fd_sc_hd__clkbuf_16)
     2    0.02                           clknet_0_clk (net)
                  0.04    0.00    0.19 ^ clkbuf_1_0__f_clk/A (sky130_fd_sc_hd__clkbuf_16)
                  0.05    0.14    0.33 ^ clkbuf_1_0__f_clk/X (sky130_fd_sc_hd__clkbuf_16)
     7    0.03                           clknet_1_0__leaf_clk (net)
                  0.05    0.00    0.33 ^ _484_/CLK (sky130_fd_sc_hd__dfrtp_1)
                  0.05    0.39    0.72 v _484_/Q (sky130_fd_sc_hd__dfrtp_1)
     2    0.01                           net29 (net)
                  0.05    0.00    0.72 v output29/A (sky130_fd_sc_hd__clkbuf_4)
                  0.08    0.19    0.92 v output29/X (sky130_fd_sc_hd__clkbuf_4)
     1    0.03                           sideband_out[0] (net)
                  0.08    0.00    0.92 v sideband_out[0] (out)
                                  0.92   data arrival time

                         25.00   25.00   clock clk (rise edge)
                          0.00   25.00   clock network delay (propagated)
                         -0.25   24.75   clock uncertainty
                          0.00   24.75   clock reconvergence pessimism
                         -5.00   19.75   output external delay
                                 19.75   data required time
-----------------------------------------------------------------------------
                                 19.75   data required time
                                 -0.92   data arrival time
-----------------------------------------------------------------------------
                                 18.83   slack (MET)


Startpoint: _481_ (rising edge-triggered flip-flop clocked by clk)
Endpoint: int4_out[1] (output port clocked by clk)
Path Group: clk
Path Type: max
Corner: Typical

Fanout     Cap    Slew   Delay    Time   Description
-----------------------------------------------------------------------------
                          0.00    0.00   clock clk (rise edge)
                          0.00    0.00   clock source latency
                  0.07    0.05    0.05 ^ clk (in)
     1    0.01                           clk (net)
                  0.07    0.00    0.05 ^ clkbuf_0_clk/A (sky130_fd_sc_hd__clkbuf_16)
                  0.04    0.14    0.19 ^ clkbuf_0_clk/X (sky130_fd_sc_hd__clkbuf_16)
     2    0.02                           clknet_0_clk (net)
                  0.04    0.00    0.19 ^ clkbuf_1_1__f_clk/A (sky130_fd_sc_hd__clkbuf_16)
                  0.05    0.14    0.33 ^ clkbuf_1_1__f_clk/X (sky130_fd_sc_hd__clkbuf_16)
     7    0.03                           clknet_1_1__leaf_clk (net)
                  0.05    0.00    0.33 ^ _481_/CLK (sky130_fd_sc_hd__dfrtp_1)
                  0.05    0.39    0.72 v _481_/Q (sky130_fd_sc_hd__dfrtp_1)
     2    0.01                           net25 (net)
                  0.05    0.00    0.72 v output25/A (sky130_fd_sc_hd__clkbuf_4)
                  0.08    0.19    0.92 v output25/X (sky130_fd_sc_hd__clkbuf_4)
     1    0.03                           int4_out[1] (net)
                  0.08    0.00    0.92 v int4_out[1] (out)
                                  0.92   data arrival time

                         25.00   25.00   clock clk (rise edge)
                          0.00   25.00   clock network delay (propagated)
                         -0.25   24.75   clock uncertainty
                          0.00   24.75   clock reconvergence pessimism
                         -5.00   19.75   output external delay
                                 19.75   data required time
-----------------------------------------------------------------------------
                                 19.75   data required time
                                 -0.92   data arrival time
-----------------------------------------------------------------------------
                                 18.83   slack (MET)


Startpoint: _485_ (rising edge-triggered flip-flop clocked by clk)
Endpoint: sideband_out[1] (output port clocked by clk)
Path Group: clk
Path Type: max
Corner: Typical

Fanout     Cap    Slew   Delay    Time   Description
-----------------------------------------------------------------------------
                          0.00    0.00   clock clk (rise edge)
                          0.00    0.00   clock source latency
                  0.07    0.05    0.05 ^ clk (in)
     1    0.01                           clk (net)
                  0.07    0.00    0.05 ^ clkbuf_0_clk/A (sky130_fd_sc_hd__clkbuf_16)
                  0.04    0.14    0.19 ^ clkbuf_0_clk/X (sky130_fd_sc_hd__clkbuf_16)
     2    0.02                           clknet_0_clk (net)
                  0.04    0.00    0.19 ^ clkbuf_1_0__f_clk/A (sky130_fd_sc_hd__clkbuf_16)
                  0.05    0.14    0.33 ^ clkbuf_1_0__f_clk/X (sky130_fd_sc_hd__clkbuf_16)
     7    0.03                           clknet_1_0__leaf_clk (net)
                  0.05    0.00    0.33 ^ _485_/CLK (sky130_fd_sc_hd__dfrtp_1)
                  0.05    0.39    0.72 v _485_/Q (sky130_fd_sc_hd__dfrtp_1)
     2    0.01                           net30 (net)
                  0.05    0.00    0.72 v output30/A (sky130_fd_sc_hd__buf_2)
                  0.09    0.19    0.92 v output30/X (sky130_fd_sc_hd__buf_2)
     1    0.03                           sideband_out[1] (net)
                  0.09    0.00    0.92 v sideband_out[1] (out)
                                  0.92   data arrival time

                         25.00   25.00   clock clk (rise edge)
                          0.00   25.00   clock network delay (propagated)
                         -0.25   24.75   clock uncertainty
                          0.00   24.75   clock reconvergence pessimism
                         -5.00   19.75   output external delay
                                 19.75   data required time
-----------------------------------------------------------------------------
                                 19.75   data required time
                                 -0.92   data arrival time
-----------------------------------------------------------------------------
                                 18.83   slack (MET)


Startpoint: _488_ (rising edge-triggered flip-flop clocked by clk)
Endpoint: sideband_out[4] (output port clocked by clk)
Path Group: clk
Path Type: max
Corner: Typical

Fanout     Cap    Slew   Delay    Time   Description
-----------------------------------------------------------------------------
                          0.00    0.00   clock clk (rise edge)
                          0.00    0.00   clock source latency
                  0.07    0.05    0.05 ^ clk (in)
     1    0.01                           clk (net)
                  0.07    0.00    0.05 ^ clkbuf_0_clk/A (sky130_fd_sc_hd__clkbuf_16)
                  0.04    0.14    0.19 ^ clkbuf_0_clk/X (sky130_fd_sc_hd__clkbuf_16)
     2    0.02                           clknet_0_clk (net)
                  0.04    0.00    0.19 ^ clkbuf_1_0__f_clk/A (sky130_fd_sc_hd__clkbuf_16)
                  0.05    0.14    0.33 ^ clkbuf_1_0__f_clk/X (sky130_fd_sc_hd__clkbuf_16)
     7    0.03                           clknet_1_0__leaf_clk (net)
                  0.05    0.00    0.33 ^ _488_/CLK (sky130_fd_sc_hd__dfrtp_1)
                  0.05    0.39    0.72 v _488_/Q (sky130_fd_sc_hd__dfrtp_1)
     2    0.01                           net33 (net)
                  0.05    0.00    0.72 v output33/A (sky130_fd_sc_hd__buf_2)
                  0.09    0.19    0.91 v output33/X (sky130_fd_sc_hd__buf_2)
     1    0.03                           sideband_out[4] (net)
                  0.09    0.00    0.92 v sideband_out[4] (out)
                                  0.92   data arrival time

                         25.00   25.00   clock clk (rise edge)
                          0.00   25.00   clock network delay (propagated)
                         -0.25   24.75   clock uncertainty
                          0.00   24.75   clock reconvergence pessimism
                         -5.00   19.75   output external delay
                                 19.75   data required time
-----------------------------------------------------------------------------
                                 19.75   data required time
                                 -0.92   data arrival time
-----------------------------------------------------------------------------
                                 18.83   slack (MET)


Startpoint: _491_ (rising edge-triggered flip-flop clocked by clk)
Endpoint: sideband_out[7] (output port clocked by clk)
Path Group: clk
Path Type: max
Corner: Typical

Fanout     Cap    Slew   Delay    Time   Description
-----------------------------------------------------------------------------
                          0.00    0.00   clock clk (rise edge)
                          0.00    0.00   clock source latency
                  0.07    0.05    0.05 ^ clk (in)
     1    0.01                           clk (net)
                  0.07    0.00    0.05 ^ clkbuf_0_clk/A (sky130_fd_sc_hd__clkbuf_16)
                  0.04    0.14    0.19 ^ clkbuf_0_clk/X (sky130_fd_sc_hd__clkbuf_16)
     2    0.02                           clknet_0_clk (net)
                  0.04    0.00    0.19 ^ clkbuf_1_0__f_clk/A (sky130_fd_sc_hd__clkbuf_16)
                  0.05    0.14    0.33 ^ clkbuf_1_0__f_clk/X (sky130_fd_sc_hd__clkbuf_16)
     7    0.03                           clknet_1_0__leaf_clk (net)
                  0.05    0.00    0.33 ^ _491_/CLK (sky130_fd_sc_hd__dfrtp_1)
                  0.05    0.38    0.72 v _491_/Q (sky130_fd_sc_hd__dfrtp_1)
     2    0.00                           net36 (net)
                  0.05    0.00    0.72 v output36/A (sky130_fd_sc_hd__clkbuf_4)
                  0.08    0.19    0.91 v output36/X (sky130_fd_sc_hd__clkbuf_4)
     1    0.03                           sideband_out[7] (net)
                  0.08    0.00    0.91 v sideband_out[7] (out)
                                  0.91   data arrival time

                         25.00   25.00   clock clk (rise edge)
                          0.00   25.00   clock network delay (propagated)
                         -0.25   24.75   clock uncertainty
                          0.00   24.75   clock reconvergence pessimism
                         -5.00   19.75   output external delay
                                 19.75   data required time
-----------------------------------------------------------------------------
                                 19.75   data required time
                                 -0.91   data arrival time
-----------------------------------------------------------------------------
                                 18.84   slack (MET)


Startpoint: _478_ (rising edge-triggered flip-flop clocked by clk)
Endpoint: is_outlier (output port clocked by clk)
Path Group: clk
Path Type: max
Corner: Typical

Fanout     Cap    Slew   Delay    Time   Description
-----------------------------------------------------------------------------
                          0.00    0.00   clock clk (rise edge)
                          0.00    0.00   clock source latency
                  0.07    0.05    0.05 ^ clk (in)
     1    0.01                           clk (net)
                  0.07    0.00    0.05 ^ clkbuf_0_clk/A (sky130_fd_sc_hd__clkbuf_16)
                  0.04    0.14    0.19 ^ clkbuf_0_clk/X (sky130_fd_sc_hd__clkbuf_16)
     2    0.02                           clknet_0_clk (net)
                  0.04    0.00    0.19 ^ clkbuf_1_1__f_clk/A (sky130_fd_sc_hd__clkbuf_16)
                  0.05    0.14    0.33 ^ clkbuf_1_1__f_clk/X (sky130_fd_sc_hd__clkbuf_16)
     7    0.03                           clknet_1_1__leaf_clk (net)
                  0.05    0.00    0.33 ^ _478_/CLK (sky130_fd_sc_hd__dfrtp_1)
                  0.05    0.38    0.72 v _478_/Q (sky130_fd_sc_hd__dfrtp_1)
     2    0.00                           net28 (net)
                  0.05    0.00    0.72 v output28/A (sky130_fd_sc_hd__clkbuf_4)
                  0.08    0.19    0.91 v output28/X (sky130_fd_sc_hd__clkbuf_4)
     1    0.03                           is_outlier (net)
                  0.08    0.00    0.91 v is_outlier (out)
                                  0.91   data arrival time

                         25.00   25.00   clock clk (rise edge)
                          0.00   25.00   clock network delay (propagated)
                         -0.25   24.75   clock uncertainty
                          0.00   24.75   clock reconvergence pessimism
                         -5.00   19.75   output external delay
                                 19.75   data required time
-----------------------------------------------------------------------------
                                 19.75   data required time
                                 -0.91   data arrival time
-----------------------------------------------------------------------------
                                 18.84   slack (MET)


Startpoint: _480_ (rising edge-triggered flip-flop clocked by clk)
Endpoint: int4_out[0] (output port clocked by clk)
Path Group: clk
Path Type: max
Corner: Typical

Fanout     Cap    Slew   Delay    Time   Description
-----------------------------------------------------------------------------
                          0.00    0.00   clock clk (rise edge)
                          0.00    0.00   clock source latency
                  0.07    0.05    0.05 ^ clk (in)
     1    0.01                           clk (net)
                  0.07    0.00    0.05 ^ clkbuf_0_clk/A (sky130_fd_sc_hd__clkbuf_16)
                  0.04    0.14    0.19 ^ clkbuf_0_clk/X (sky130_fd_sc_hd__clkbuf_16)
     2    0.02                           clknet_0_clk (net)
                  0.04    0.00    0.19 ^ clkbuf_1_1__f_clk/A (sky130_fd_sc_hd__clkbuf_16)
                  0.05    0.14    0.33 ^ clkbuf_1_1__f_clk/X (sky130_fd_sc_hd__clkbuf_16)
     7    0.03                           clknet_1_1__leaf_clk (net)
                  0.05    0.00    0.33 ^ _480_/CLK (sky130_fd_sc_hd__dfrtp_1)
                  0.05    0.38    0.72 v _480_/Q (sky130_fd_sc_hd__dfrtp_1)
     2    0.00                           net24 (net)
                  0.05    0.00    0.72 v output24/A (sky130_fd_sc_hd__clkbuf_4)
                  0.08    0.19    0.91 v output24/X (sky130_fd_sc_hd__clkbuf_4)
     1    0.03                           int4_out[0] (net)
                  0.08    0.00    0.91 v int4_out[0] (out)
                                  0.91   data arrival time

                         25.00   25.00   clock clk (rise edge)
                          0.00   25.00   clock network delay (propagated)
                         -0.25   24.75   clock uncertainty
                          0.00   24.75   clock reconvergence pessimism
                         -5.00   19.75   output external delay
                                 19.75   data required time
-----------------------------------------------------------------------------
                                 19.75   data required time
                                 -0.91   data arrival time
-----------------------------------------------------------------------------
                                 18.84   slack (MET)


Startpoint: _479_ (rising edge-triggered flip-flop clocked by clk)
Endpoint: valid_out (output port clocked by clk)
Path Group: clk
Path Type: max
Corner: Typical

Fanout     Cap    Slew   Delay    Time   Description
-----------------------------------------------------------------------------
                          0.00    0.00   clock clk (rise edge)
                          0.00    0.00   clock source latency
                  0.07    0.05    0.05 ^ clk (in)
     1    0.01                           clk (net)
                  0.07    0.00    0.05 ^ clkbuf_0_clk/A (sky130_fd_sc_hd__clkbuf_16)
                  0.04    0.14    0.19 ^ clkbuf_0_clk/X (sky130_fd_sc_hd__clkbuf_16)
     2    0.02                           clknet_0_clk (net)
                  0.04    0.00    0.19 ^ clkbuf_1_1__f_clk/A (sky130_fd_sc_hd__clkbuf_16)
                  0.05    0.14    0.33 ^ clkbuf_1_1__f_clk/X (sky130_fd_sc_hd__clkbuf_16)
     7    0.03                           clknet_1_1__leaf_clk (net)
                  0.05    0.00    0.33 ^ _479_/CLK (sky130_fd_sc_hd__dfrtp_1)
                  0.04    0.38    0.71 v _479_/Q (sky130_fd_sc_hd__dfrtp_1)
     1    0.00                           net37 (net)
                  0.04    0.00    0.71 v output37/A (sky130_fd_sc_hd__clkbuf_4)
                  0.08    0.19    0.90 v output37/X (sky130_fd_sc_hd__clkbuf_4)
     1    0.03                           valid_out (net)
                  0.08    0.00    0.91 v valid_out (out)
                                  0.91   data arrival time

                         25.00   25.00   clock clk (rise edge)
                          0.00   25.00   clock network delay (propagated)
                         -0.25   24.75   clock uncertainty
                          0.00   24.75   clock reconvergence pessimism
                         -5.00   19.75   output external delay
                                 19.75   data required time
-----------------------------------------------------------------------------
                                 19.75   data required time
                                 -0.91   data arrival time
-----------------------------------------------------------------------------
                                 18.84   slack (MET)


Startpoint: valid_in (input port clocked by clk)
Endpoint: _479_ (rising edge-triggered flip-flop clocked by clk)
Path Group: clk
Path Type: max
Corner: Typical

Fanout     Cap    Slew   Delay    Time   Description
-----------------------------------------------------------------------------
                          0.00    0.00   clock clk (rise edge)
                          0.00    0.00   clock network delay (propagated)
                          5.00    5.00 ^ input external delay
                  0.02    0.01    5.01 ^ valid_in (in)
     1    0.00                           valid_in (net)
                  0.02    0.00    5.01 ^ input23/A (sky130_fd_sc_hd__buf_1)
                  0.24    0.22    5.23 ^ input23/X (sky130_fd_sc_hd__buf_1)
     2    0.02                           net23 (net)
                  0.24    0.00    5.24 ^ _479_/D (sky130_fd_sc_hd__dfrtp_1)
                                  5.24   data arrival time

                         25.00   25.00   clock clk (rise edge)
                          0.00   25.00   clock source latency
                  0.07    0.05   25.05 ^ clk (in)
     1    0.01                           clk (net)
                  0.07    0.00   25.05 ^ clkbuf_0_clk/A (sky130_fd_sc_hd__clkbuf_16)
                  0.04    0.13   25.17 ^ clkbuf_0_clk/X (sky130_fd_sc_hd__clkbuf_16)
     2    0.02                           clknet_0_clk (net)
                  0.04    0.00   25.18 ^ clkbuf_1_1__f_clk/A (sky130_fd_sc_hd__clkbuf_16)
                  0.05    0.13   25.30 ^ clkbuf_1_1__f_clk/X (sky130_fd_sc_hd__clkbuf_16)
     7    0.03                           clknet_1_1__leaf_clk (net)
                  0.05    0.00   25.30 ^ _479_/CLK (sky130_fd_sc_hd__dfrtp_1)
                         -0.25   25.05   clock uncertainty
                          0.00   25.05   clock reconvergence pessimism
                         -0.10   24.95   library setup time
                                 24.95   data required time
-----------------------------------------------------------------------------
                                 24.95   data required time
                                 -5.24   data arrival time
-----------------------------------------------------------------------------
                                 19.71   slack (MET)


Startpoint: rst_n (input port clocked by clk)
Endpoint: _484_ (recovery check against rising-edge clock clk)
Path Group: asynchronous
Path Type: max
Corner: Typical

Fanout     Cap    Slew   Delay    Time   Description
-----------------------------------------------------------------------------
                          0.00    0.00   clock clk (rise edge)
                          0.00    0.00   clock network delay (propagated)
                          5.00    5.00 ^ input external delay
                  0.02    0.01    5.01 ^ rst_n (in)
     1    0.00                           rst_n (net)
                  0.02    0.00    5.01 ^ input10/A (sky130_fd_sc_hd__clkbuf_2)
                  0.14    0.17    5.19 ^ input10/X (sky130_fd_sc_hd__clkbuf_2)
     5    0.03                           net10 (net)
                  0.14    0.00    5.19 ^ fanout39/A (sky130_fd_sc_hd__buf_4)
                  0.17    0.25    5.44 ^ fanout39/X (sky130_fd_sc_hd__buf_4)
    10    0.06                           net39 (net)
                  0.17    0.01    5.45 ^ _484_/RESET_B (sky130_fd_sc_hd__dfrtp_1)
                                  5.45   data arrival time

                         25.00   25.00   clock clk (rise edge)
                          0.00   25.00   clock source latency
                  0.07    0.05   25.05 ^ clk (in)
     1    0.01                           clk (net)
                  0.07    0.00   25.05 ^ clkbuf_0_clk/A (sky130_fd_sc_hd__clkbuf_16)
                  0.04    0.13   25.17 ^ clkbuf_0_clk/X (sky130_fd_sc_hd__clkbuf_16)
     2    0.02                           clknet_0_clk (net)
                  0.04    0.00   25.18 ^ clkbuf_1_0__f_clk/A (sky130_fd_sc_hd__clkbuf_16)
                  0.05    0.13   25.30 ^ clkbuf_1_0__f_clk/X (sky130_fd_sc_hd__clkbuf_16)
     7    0.03                           clknet_1_0__leaf_clk (net)
                  0.05    0.00   25.30 ^ _484_/CLK (sky130_fd_sc_hd__dfrtp_1)
                         -0.25   25.05   clock uncertainty
                          0.00   25.05   clock reconvergence pessimism
                          0.20   25.25   library recovery time
                                 25.25   data required time
-----------------------------------------------------------------------------
                                 25.25   data required time
                                 -5.45   data arrival time
-----------------------------------------------------------------------------
                                 19.80   slack (MET)


Startpoint: rst_n (input port clocked by clk)
Endpoint: _490_ (recovery check against rising-edge clock clk)
Path Group: asynchronous
Path Type: max
Corner: Typical

Fanout     Cap    Slew   Delay    Time   Description
-----------------------------------------------------------------------------
                          0.00    0.00   clock clk (rise edge)
                          0.00    0.00   clock network delay (propagated)
                          5.00    5.00 ^ input external delay
                  0.02    0.01    5.01 ^ rst_n (in)
     1    0.00                           rst_n (net)
                  0.02    0.00    5.01 ^ input10/A (sky130_fd_sc_hd__clkbuf_2)
                  0.14    0.17    5.19 ^ input10/X (sky130_fd_sc_hd__clkbuf_2)
     5    0.03                           net10 (net)
                  0.14    0.00    5.19 ^ fanout39/A (sky130_fd_sc_hd__buf_4)
                  0.17    0.25    5.44 ^ fanout39/X (sky130_fd_sc_hd__buf_4)
    10    0.06                           net39 (net)
                  0.17    0.01    5.45 ^ _490_/RESET_B (sky130_fd_sc_hd__dfrtp_1)
                                  5.45   data arrival time

                         25.00   25.00   clock clk (rise edge)
                          0.00   25.00   clock source latency
                  0.07    0.05   25.05 ^ clk (in)
     1    0.01                           clk (net)
                  0.07    0.00   25.05 ^ clkbuf_0_clk/A (sky130_fd_sc_hd__clkbuf_16)
                  0.04    0.13   25.17 ^ clkbuf_0_clk/X (sky130_fd_sc_hd__clkbuf_16)
     2    0.02                           clknet_0_clk (net)
                  0.04    0.00   25.18 ^ clkbuf_1_0__f_clk/A (sky130_fd_sc_hd__clkbuf_16)
                  0.05    0.13   25.30 ^ clkbuf_1_0__f_clk/X (sky130_fd_sc_hd__clkbuf_16)
     7    0.03                           clknet_1_0__leaf_clk (net)
                  0.05    0.00   25.30 ^ _490_/CLK (sky130_fd_sc_hd__dfrtp_1)
                         -0.25   25.05   clock uncertainty
                          0.00   25.05   clock reconvergence pessimism
                          0.20   25.25   library recovery time
                                 25.25   data required time
-----------------------------------------------------------------------------
                                 25.25   data required time
                                 -5.45   data arrival time
-----------------------------------------------------------------------------
                                 19.80   slack (MET)


Startpoint: rst_n (input port clocked by clk)
Endpoint: _489_ (recovery check against rising-edge clock clk)
Path Group: asynchronous
Path Type: max
Corner: Typical

Fanout     Cap    Slew   Delay    Time   Description
-----------------------------------------------------------------------------
                          0.00    0.00   clock clk (rise edge)
                          0.00    0.00   clock network delay (propagated)
                          5.00    5.00 ^ input external delay
                  0.02    0.01    5.01 ^ rst_n (in)
     1    0.00                           rst_n (net)
                  0.02    0.00    5.01 ^ input10/A (sky130_fd_sc_hd__clkbuf_2)
                  0.14    0.17    5.19 ^ input10/X (sky130_fd_sc_hd__clkbuf_2)
     5    0.03                           net10 (net)
                  0.14    0.00    5.19 ^ fanout39/A (sky130_fd_sc_hd__buf_4)
                  0.17    0.25    5.44 ^ fanout39/X (sky130_fd_sc_hd__buf_4)
    10    0.06                           net39 (net)
                  0.17    0.01    5.44 ^ _489_/RESET_B (sky130_fd_sc_hd__dfrtp_1)
                                  5.44   data arrival time

                         25.00   25.00   clock clk (rise edge)
                          0.00   25.00   clock source latency
                  0.07    0.05   25.05 ^ clk (in)
     1    0.01                           clk (net)
                  0.07    0.00   25.05 ^ clkbuf_0_clk/A (sky130_fd_sc_hd__clkbuf_16)
                  0.04    0.13   25.17 ^ clkbuf_0_clk/X (sky130_fd_sc_hd__clkbuf_16)
     2    0.02                           clknet_0_clk (net)
                  0.04    0.00   25.18 ^ clkbuf_1_0__f_clk/A (sky130_fd_sc_hd__clkbuf_16)
                  0.05    0.13   25.30 ^ clkbuf_1_0__f_clk/X (sky130_fd_sc_hd__clkbuf_16)
     7    0.03                           clknet_1_0__leaf_clk (net)
                  0.05    0.00   25.30 ^ _489_/CLK (sky130_fd_sc_hd__dfrtp_1)
                         -0.25   25.05   clock uncertainty
                          0.00   25.05   clock reconvergence pessimism
                          0.20   25.25   library recovery time
                                 25.25   data required time
-----------------------------------------------------------------------------
                                 25.25   data required time
                                 -5.44   data arrival time
-----------------------------------------------------------------------------
                                 19.81   slack (MET)


Startpoint: rst_n (input port clocked by clk)
Endpoint: _491_ (recovery check against rising-edge clock clk)
Path Group: asynchronous
Path Type: max
Corner: Typical

Fanout     Cap    Slew   Delay    Time   Description
-----------------------------------------------------------------------------
                          0.00    0.00   clock clk (rise edge)
                          0.00    0.00   clock network delay (propagated)
                          5.00    5.00 ^ input external delay
                  0.02    0.01    5.01 ^ rst_n (in)
     1    0.00                           rst_n (net)
                  0.02    0.00    5.01 ^ input10/A (sky130_fd_sc_hd__clkbuf_2)
                  0.14    0.17    5.19 ^ input10/X (sky130_fd_sc_hd__clkbuf_2)
     5    0.03                           net10 (net)
                  0.14    0.00    5.19 ^ fanout39/A (sky130_fd_sc_hd__buf_4)
                  0.17    0.25    5.44 ^ fanout39/X (sky130_fd_sc_hd__buf_4)
    10    0.06                           net39 (net)
                  0.17    0.01    5.44 ^ _491_/RESET_B (sky130_fd_sc_hd__dfrtp_1)
                                  5.44   data arrival time

                         25.00   25.00   clock clk (rise edge)
                          0.00   25.00   clock source latency
                  0.07    0.05   25.05 ^ clk (in)
     1    0.01                           clk (net)
                  0.07    0.00   25.05 ^ clkbuf_0_clk/A (sky130_fd_sc_hd__clkbuf_16)
                  0.04    0.13   25.17 ^ clkbuf_0_clk/X (sky130_fd_sc_hd__clkbuf_16)
     2    0.02                           clknet_0_clk (net)
                  0.04    0.00   25.18 ^ clkbuf_1_0__f_clk/A (sky130_fd_sc_hd__clkbuf_16)
                  0.05    0.13   25.30 ^ clkbuf_1_0__f_clk/X (sky130_fd_sc_hd__clkbuf_16)
     7    0.03                           clknet_1_0__leaf_clk (net)
                  0.05    0.00   25.30 ^ _491_/CLK (sky130_fd_sc_hd__dfrtp_1)
                         -0.25   25.05   clock uncertainty
                          0.00   25.05   clock reconvergence pessimism
                          0.20   25.25   library recovery time
                                 25.25   data required time
-----------------------------------------------------------------------------
                                 25.25   data required time
                                 -5.44   data arrival time
-----------------------------------------------------------------------------
                                 19.81   slack (MET)


Startpoint: rst_n (input port clocked by clk)
Endpoint: _478_ (recovery check against rising-edge clock clk)
Path Group: asynchronous
Path Type: max
Corner: Typical

Fanout     Cap    Slew   Delay    Time   Description
-----------------------------------------------------------------------------
                          0.00    0.00   clock clk (rise edge)
                          0.00    0.00   clock network delay (propagated)
                          5.00    5.00 ^ input external delay
                  0.02    0.01    5.01 ^ rst_n (in)
     1    0.00                           rst_n (net)
                  0.02    0.00    5.01 ^ input10/A (sky130_fd_sc_hd__clkbuf_2)
                  0.14    0.17    5.19 ^ input10/X (sky130_fd_sc_hd__clkbuf_2)
     5    0.03                           net10 (net)
                  0.14    0.00    5.19 ^ fanout39/A (sky130_fd_sc_hd__buf_4)
                  0.17    0.25    5.44 ^ fanout39/X (sky130_fd_sc_hd__buf_4)
    10    0.06                           net39 (net)
                  0.17    0.01    5.44 ^ _478_/RESET_B (sky130_fd_sc_hd__dfrtp_1)
                                  5.44   data arrival time

                         25.00   25.00   clock clk (rise edge)
                          0.00   25.00   clock source latency
                  0.07    0.05   25.05 ^ clk (in)
     1    0.01                           clk (net)
                  0.07    0.00   25.05 ^ clkbuf_0_clk/A (sky130_fd_sc_hd__clkbuf_16)
                  0.04    0.13   25.17 ^ clkbuf_0_clk/X (sky130_fd_sc_hd__clkbuf_16)
     2    0.02                           clknet_0_clk (net)
                  0.04    0.00   25.18 ^ clkbuf_1_1__f_clk/A (sky130_fd_sc_hd__clkbuf_16)
                  0.05    0.13   25.30 ^ clkbuf_1_1__f_clk/X (sky130_fd_sc_hd__clkbuf_16)
     7    0.03                           clknet_1_1__leaf_clk (net)
                  0.05    0.00   25.30 ^ _478_/CLK (sky130_fd_sc_hd__dfrtp_1)
                         -0.25   25.05   clock uncertainty
                          0.00   25.05   clock reconvergence pessimism
                          0.20   25.25   library recovery time
                                 25.25   data required time
-----------------------------------------------------------------------------
                                 25.25   data required time
                                 -5.44   data arrival time
-----------------------------------------------------------------------------
                                 19.81   slack (MET)


Startpoint: rst_n (input port clocked by clk)
Endpoint: _480_ (recovery check against rising-edge clock clk)
Path Group: asynchronous
Path Type: max
Corner: Typical

Fanout     Cap    Slew   Delay    Time   Description
-----------------------------------------------------------------------------
                          0.00    0.00   clock clk (rise edge)
                          0.00    0.00   clock network delay (propagated)
                          5.00    5.00 ^ input external delay
                  0.02    0.01    5.01 ^ rst_n (in)
     1    0.00                           rst_n (net)
                  0.02    0.00    5.01 ^ input10/A (sky130_fd_sc_hd__clkbuf_2)
                  0.14    0.17    5.19 ^ input10/X (sky130_fd_sc_hd__clkbuf_2)
     5    0.03                           net10 (net)
                  0.14    0.00    5.19 ^ fanout39/A (sky130_fd_sc_hd__buf_4)
                  0.17    0.25    5.44 ^ fanout39/X (sky130_fd_sc_hd__buf_4)
    10    0.06                           net39 (net)
                  0.17    0.01    5.44 ^ _480_/RESET_B (sky130_fd_sc_hd__dfrtp_1)
                                  5.44   data arrival time

                         25.00   25.00   clock clk (rise edge)
                          0.00   25.00   clock source latency
                  0.07    0.05   25.05 ^ clk (in)
     1    0.01                           clk (net)
                  0.07    0.00   25.05 ^ clkbuf_0_clk/A (sky130_fd_sc_hd__clkbuf_16)
                  0.04    0.13   25.17 ^ clkbuf_0_clk/X (sky130_fd_sc_hd__clkbuf_16)
     2    0.02                           clknet_0_clk (net)
                  0.04    0.00   25.18 ^ clkbuf_1_1__f_clk/A (sky130_fd_sc_hd__clkbuf_16)
                  0.05    0.13   25.30 ^ clkbuf_1_1__f_clk/X (sky130_fd_sc_hd__clkbuf_16)
     7    0.03                           clknet_1_1__leaf_clk (net)
                  0.05    0.00   25.30 ^ _480_/CLK (sky130_fd_sc_hd__dfrtp_1)
                         -0.25   25.05   clock uncertainty
                          0.00   25.05   clock reconvergence pessimism
                          0.20   25.25   library recovery time
                                 25.25   data required time
-----------------------------------------------------------------------------
                                 25.25   data required time
                                 -5.44   data arrival time
-----------------------------------------------------------------------------
                                 19.81   slack (MET)


Startpoint: rst_n (input port clocked by clk)
Endpoint: _483_ (recovery check against rising-edge clock clk)
Path Group: asynchronous
Path Type: max
Corner: Typical

Fanout     Cap    Slew   Delay    Time   Description
-----------------------------------------------------------------------------
                          0.00    0.00   clock clk (rise edge)
                          0.00    0.00   clock network delay (propagated)
                          5.00    5.00 ^ input external delay
                  0.02    0.01    5.01 ^ rst_n (in)
     1    0.00                           rst_n (net)
                  0.02    0.00    5.01 ^ input10/A (sky130_fd_sc_hd__clkbuf_2)
                  0.14    0.17    5.19 ^ input10/X (sky130_fd_sc_hd__clkbuf_2)
     5    0.03                           net10 (net)
                  0.14    0.00    5.19 ^ fanout39/A (sky130_fd_sc_hd__buf_4)
                  0.17    0.25    5.44 ^ fanout39/X (sky130_fd_sc_hd__buf_4)
    10    0.06                           net39 (net)
                  0.17    0.01    5.44 ^ _483_/RESET_B (sky130_fd_sc_hd__dfrtp_1)
                                  5.44   data arrival time

                         25.00   25.00   clock clk (rise edge)
                          0.00   25.00   clock source latency
                  0.07    0.05   25.05 ^ clk (in)
     1    0.01                           clk (net)
                  0.07    0.00   25.05 ^ clkbuf_0_clk/A (sky130_fd_sc_hd__clkbuf_16)
                  0.04    0.13   25.17 ^ clkbuf_0_clk/X (sky130_fd_sc_hd__clkbuf_16)
     2    0.02                           clknet_0_clk (net)
                  0.04    0.00   25.18 ^ clkbuf_1_1__f_clk/A (sky130_fd_sc_hd__clkbuf_16)
                  0.05    0.13   25.30 ^ clkbuf_1_1__f_clk/X (sky130_fd_sc_hd__clkbuf_16)
     7    0.03                           clknet_1_1__leaf_clk (net)
                  0.05    0.00   25.30 ^ _483_/CLK (sky130_fd_sc_hd__dfrtp_1)
                         -0.25   25.05   clock uncertainty
                          0.00   25.05   clock reconvergence pessimism
                          0.20   25.25   library recovery time
                                 25.25   data required time
-----------------------------------------------------------------------------
                                 25.25   data required time
                                 -5.44   data arrival time
-----------------------------------------------------------------------------
                                 19.81   slack (MET)


Startpoint: rst_n (input port clocked by clk)
Endpoint: _482_ (recovery check against rising-edge clock clk)
Path Group: asynchronous
Path Type: max
Corner: Typical

Fanout     Cap    Slew   Delay    Time   Description
-----------------------------------------------------------------------------
                          0.00    0.00   clock clk (rise edge)
                          0.00    0.00   clock network delay (propagated)
                          5.00    5.00 ^ input external delay
                  0.02    0.01    5.01 ^ rst_n (in)
     1    0.00                           rst_n (net)
                  0.02    0.00    5.01 ^ input10/A (sky130_fd_sc_hd__clkbuf_2)
                  0.14    0.17    5.19 ^ input10/X (sky130_fd_sc_hd__clkbuf_2)
     5    0.03                           net10 (net)
                  0.14    0.00    5.19 ^ fanout39/A (sky130_fd_sc_hd__buf_4)
                  0.17    0.25    5.44 ^ fanout39/X (sky130_fd_sc_hd__buf_4)
    10    0.06                           net39 (net)
                  0.17    0.01    5.44 ^ _482_/RESET_B (sky130_fd_sc_hd__dfrtp_1)
                                  5.44   data arrival time

                         25.00   25.00   clock clk (rise edge)
                          0.00   25.00   clock source latency
                  0.07    0.05   25.05 ^ clk (in)
     1    0.01                           clk (net)
                  0.07    0.00   25.05 ^ clkbuf_0_clk/A (sky130_fd_sc_hd__clkbuf_16)
                  0.04    0.13   25.17 ^ clkbuf_0_clk/X (sky130_fd_sc_hd__clkbuf_16)
     2    0.02                           clknet_0_clk (net)
                  0.04    0.00   25.18 ^ clkbuf_1_1__f_clk/A (sky130_fd_sc_hd__clkbuf_16)
                  0.05    0.13   25.30 ^ clkbuf_1_1__f_clk/X (sky130_fd_sc_hd__clkbuf_16)
     7    0.03                           clknet_1_1__leaf_clk (net)
                  0.05    0.00   25.30 ^ _482_/CLK (sky130_fd_sc_hd__dfrtp_1)
                         -0.25   25.05   clock uncertainty
                          0.00   25.05   clock reconvergence pessimism
                          0.20   25.25   library recovery time
                                 25.25   data required time
-----------------------------------------------------------------------------
                                 25.25   data required time
                                 -5.44   data arrival time
-----------------------------------------------------------------------------
                                 19.81   slack (MET)


Startpoint: rst_n (input port clocked by clk)
Endpoint: _479_ (recovery check against rising-edge clock clk)
Path Group: asynchronous
Path Type: max
Corner: Typical

Fanout     Cap    Slew   Delay    Time   Description
-----------------------------------------------------------------------------
                          0.00    0.00   clock clk (rise edge)
                          0.00    0.00   clock network delay (propagated)
                          5.00    5.00 ^ input external delay
                  0.02    0.01    5.01 ^ rst_n (in)
     1    0.00                           rst_n (net)
                  0.02    0.00    5.01 ^ input10/A (sky130_fd_sc_hd__clkbuf_2)
                  0.14    0.17    5.19 ^ input10/X (sky130_fd_sc_hd__clkbuf_2)
     5    0.03                           net10 (net)
                  0.14    0.00    5.19 ^ fanout39/A (sky130_fd_sc_hd__buf_4)
                  0.17    0.25    5.44 ^ fanout39/X (sky130_fd_sc_hd__buf_4)
    10    0.06                           net39 (net)
                  0.17    0.00    5.44 ^ _479_/RESET_B (sky130_fd_sc_hd__dfrtp_1)
                                  5.44   data arrival time

                         25.00   25.00   clock clk (rise edge)
                          0.00   25.00   clock source latency
                  0.07    0.05   25.05 ^ clk (in)
     1    0.01                           clk (net)
                  0.07    0.00   25.05 ^ clkbuf_0_clk/A (sky130_fd_sc_hd__clkbuf_16)
                  0.04    0.13   25.17 ^ clkbuf_0_clk/X (sky130_fd_sc_hd__clkbuf_16)
     2    0.02                           clknet_0_clk (net)
                  0.04    0.00   25.18 ^ clkbuf_1_1__f_clk/A (sky130_fd_sc_hd__clkbuf_16)
                  0.05    0.13   25.30 ^ clkbuf_1_1__f_clk/X (sky130_fd_sc_hd__clkbuf_16)
     7    0.03                           clknet_1_1__leaf_clk (net)
                  0.05    0.00   25.30 ^ _479_/CLK (sky130_fd_sc_hd__dfrtp_1)
                         -0.25   25.05   clock uncertainty
                          0.00   25.05   clock reconvergence pessimism
                          0.20   25.25   library recovery time
                                 25.25   data required time
-----------------------------------------------------------------------------
                                 25.25   data required time
                                 -5.44   data arrival time
-----------------------------------------------------------------------------
                                 19.81   slack (MET)


Startpoint: rst_n (input port clocked by clk)
Endpoint: _481_ (recovery check against rising-edge clock clk)
Path Group: asynchronous
Path Type: max
Corner: Typical

Fanout     Cap    Slew   Delay    Time   Description
-----------------------------------------------------------------------------
                          0.00    0.00   clock clk (rise edge)
                          0.00    0.00   clock network delay (propagated)
                          5.00    5.00 ^ input external delay
                  0.02    0.01    5.01 ^ rst_n (in)
     1    0.00                           rst_n (net)
                  0.02    0.00    5.01 ^ input10/A (sky130_fd_sc_hd__clkbuf_2)
                  0.14    0.17    5.19 ^ input10/X (sky130_fd_sc_hd__clkbuf_2)
     5    0.03                           net10 (net)
                  0.14    0.00    5.19 ^ fanout39/A (sky130_fd_sc_hd__buf_4)
                  0.17    0.25    5.44 ^ fanout39/X (sky130_fd_sc_hd__buf_4)
    10    0.06                           net39 (net)
                  0.17    0.00    5.44 ^ _481_/RESET_B (sky130_fd_sc_hd__dfrtp_1)
                                  5.44   data arrival time

                         25.00   25.00   clock clk (rise edge)
                          0.00   25.00   clock source latency
                  0.07    0.05   25.05 ^ clk (in)
     1    0.01                           clk (net)
                  0.07    0.00   25.05 ^ clkbuf_0_clk/A (sky130_fd_sc_hd__clkbuf_16)
                  0.04    0.13   25.17 ^ clkbuf_0_clk/X (sky130_fd_sc_hd__clkbuf_16)
     2    0.02                           clknet_0_clk (net)
                  0.04    0.00   25.18 ^ clkbuf_1_1__f_clk/A (sky130_fd_sc_hd__clkbuf_16)
                  0.05    0.13   25.30 ^ clkbuf_1_1__f_clk/X (sky130_fd_sc_hd__clkbuf_16)
     7    0.03                           clknet_1_1__leaf_clk (net)
                  0.05    0.00   25.30 ^ _481_/CLK (sky130_fd_sc_hd__dfrtp_1)
                         -0.25   25.05   clock uncertainty
                          0.00   25.05   clock reconvergence pessimism
                          0.20   25.25   library recovery time
                                 25.25   data required time
-----------------------------------------------------------------------------
                                 25.25   data required time
                                 -5.44   data arrival time
-----------------------------------------------------------------------------
                                 19.81   slack (MET)


Startpoint: rst_n (input port clocked by clk)
Endpoint: _486_ (recovery check against rising-edge clock clk)
Path Group: asynchronous
Path Type: max
Corner: Typical

Fanout     Cap    Slew   Delay    Time   Description
-----------------------------------------------------------------------------
                          0.00    0.00   clock clk (rise edge)
                          0.00    0.00   clock network delay (propagated)
                          5.00    5.00 ^ input external delay
                  0.02    0.01    5.01 ^ rst_n (in)
     1    0.00                           rst_n (net)
                  0.02    0.00    5.01 ^ input10/A (sky130_fd_sc_hd__clkbuf_2)
                  0.14    0.17    5.19 ^ input10/X (sky130_fd_sc_hd__clkbuf_2)
     5    0.03                           net10 (net)
                  0.14    0.00    5.19 ^ _486_/RESET_B (sky130_fd_sc_hd__dfrtp_1)
                                  5.19   data arrival time

                         25.00   25.00   clock clk (rise edge)
                          0.00   25.00   clock source latency
                  0.07    0.05   25.05 ^ clk (in)
     1    0.01                           clk (net)
                  0.07    0.00   25.05 ^ clkbuf_0_clk/A (sky130_fd_sc_hd__clkbuf_16)
                  0.04    0.13   25.17 ^ clkbuf_0_clk/X (sky130_fd_sc_hd__clkbuf_16)
     2    0.02                           clknet_0_clk (net)
                  0.04    0.00   25.18 ^ clkbuf_1_0__f_clk/A (sky130_fd_sc_hd__clkbuf_16)
                  0.05    0.13   25.30 ^ clkbuf_1_0__f_clk/X (sky130_fd_sc_hd__clkbuf_16)
     7    0.03                           clknet_1_0__leaf_clk (net)
                  0.05    0.00   25.30 ^ _486_/CLK (sky130_fd_sc_hd__dfrtp_1)
                         -0.25   25.05   clock uncertainty
                          0.00   25.05   clock reconvergence pessimism
                          0.21   25.26   library recovery time
                                 25.26   data required time
-----------------------------------------------------------------------------
                                 25.26   data required time
                                 -5.19   data arrival time
-----------------------------------------------------------------------------
                                 20.07   slack (MET)


Startpoint: rst_n (input port clocked by clk)
Endpoint: _488_ (recovery check against rising-edge clock clk)
Path Group: asynchronous
Path Type: max
Corner: Typical

Fanout     Cap    Slew   Delay    Time   Description
-----------------------------------------------------------------------------
                          0.00    0.00   clock clk (rise edge)
                          0.00    0.00   clock network delay (propagated)
                          5.00    5.00 ^ input external delay
                  0.02    0.01    5.01 ^ rst_n (in)
     1    0.00                           rst_n (net)
                  0.02    0.00    5.01 ^ input10/A (sky130_fd_sc_hd__clkbuf_2)
                  0.14    0.17    5.19 ^ input10/X (sky130_fd_sc_hd__clkbuf_2)
     5    0.03                           net10 (net)
                  0.14    0.00    5.19 ^ _488_/RESET_B (sky130_fd_sc_hd__dfrtp_1)
                                  5.19   data arrival time

                         25.00   25.00   clock clk (rise edge)
                          0.00   25.00   clock source latency
                  0.07    0.05   25.05 ^ clk (in)
     1    0.01                           clk (net)
                  0.07    0.00   25.05 ^ clkbuf_0_clk/A (sky130_fd_sc_hd__clkbuf_16)
                  0.04    0.13   25.17 ^ clkbuf_0_clk/X (sky130_fd_sc_hd__clkbuf_16)
     2    0.02                           clknet_0_clk (net)
                  0.04    0.00   25.18 ^ clkbuf_1_0__f_clk/A (sky130_fd_sc_hd__clkbuf_16)
                  0.05    0.13   25.30 ^ clkbuf_1_0__f_clk/X (sky130_fd_sc_hd__clkbuf_16)
     7    0.03                           clknet_1_0__leaf_clk (net)
                  0.05    0.00   25.30 ^ _488_/CLK (sky130_fd_sc_hd__dfrtp_1)
                         -0.25   25.05   clock uncertainty
                          0.00   25.05   clock reconvergence pessimism
                          0.21   25.26   library recovery time
                                 25.26   data required time
-----------------------------------------------------------------------------
                                 25.26   data required time
                                 -5.19   data arrival time
-----------------------------------------------------------------------------
                                 20.07   slack (MET)


Startpoint: rst_n (input port clocked by clk)
Endpoint: _485_ (recovery check against rising-edge clock clk)
Path Group: asynchronous
Path Type: max
Corner: Typical

Fanout     Cap    Slew   Delay    Time   Description
-----------------------------------------------------------------------------
                          0.00    0.00   clock clk (rise edge)
                          0.00    0.00   clock network delay (propagated)
                          5.00    5.00 ^ input external delay
                  0.02    0.01    5.01 ^ rst_n (in)
     1    0.00                           rst_n (net)
                  0.02    0.00    5.01 ^ input10/A (sky130_fd_sc_hd__clkbuf_2)
                  0.14    0.17    5.19 ^ input10/X (sky130_fd_sc_hd__clkbuf_2)
     5    0.03                           net10 (net)
                  0.14    0.00    5.19 ^ _485_/RESET_B (sky130_fd_sc_hd__dfrtp_1)
                                  5.19   data arrival time

                         25.00   25.00   clock clk (rise edge)
                          0.00   25.00   clock source latency
                  0.07    0.05   25.05 ^ clk (in)
     1    0.01                           clk (net)
                  0.07    0.00   25.05 ^ clkbuf_0_clk/A (sky130_fd_sc_hd__clkbuf_16)
                  0.04    0.13   25.17 ^ clkbuf_0_clk/X (sky130_fd_sc_hd__clkbuf_16)
     2    0.02                           clknet_0_clk (net)
                  0.04    0.00   25.18 ^ clkbuf_1_0__f_clk/A (sky130_fd_sc_hd__clkbuf_16)
                  0.05    0.13   25.30 ^ clkbuf_1_0__f_clk/X (sky130_fd_sc_hd__clkbuf_16)
     7    0.03                           clknet_1_0__leaf_clk (net)
                  0.05    0.00   25.30 ^ _485_/CLK (sky130_fd_sc_hd__dfrtp_1)
                         -0.25   25.05   clock uncertainty
                          0.00   25.05   clock reconvergence pessimism
                          0.21   25.26   library recovery time
                                 25.26   data required time
-----------------------------------------------------------------------------
                                 25.26   data required time
                                 -5.19   data arrival time
-----------------------------------------------------------------------------
                                 20.07   slack (MET)


Startpoint: rst_n (input port clocked by clk)
Endpoint: _487_ (recovery check against rising-edge clock clk)
Path Group: asynchronous
Path Type: max
Corner: Typical

Fanout     Cap    Slew   Delay    Time   Description
-----------------------------------------------------------------------------
                          0.00    0.00   clock clk (rise edge)
                          0.00    0.00   clock network delay (propagated)
                          5.00    5.00 ^ input external delay
                  0.02    0.01    5.01 ^ rst_n (in)
     1    0.00                           rst_n (net)
                  0.02    0.00    5.01 ^ input10/A (sky130_fd_sc_hd__clkbuf_2)
                  0.14    0.17    5.19 ^ input10/X (sky130_fd_sc_hd__clkbuf_2)
     5    0.03                           net10 (net)
                  0.14    0.00    5.19 ^ _487_/RESET_B (sky130_fd_sc_hd__dfrtp_1)
                                  5.19   data arrival time

                         25.00   25.00   clock clk (rise edge)
                          0.00   25.00   clock source latency
                  0.07    0.05   25.05 ^ clk (in)
     1    0.01                           clk (net)
                  0.07    0.00   25.05 ^ clkbuf_0_clk/A (sky130_fd_sc_hd__clkbuf_16)
                  0.04    0.13   25.17 ^ clkbuf_0_clk/X (sky130_fd_sc_hd__clkbuf_16)
     2    0.02                           clknet_0_clk (net)
                  0.04    0.00   25.18 ^ clkbuf_1_1__f_clk/A (sky130_fd_sc_hd__clkbuf_16)
                  0.05    0.13   25.30 ^ clkbuf_1_1__f_clk/X (sky130_fd_sc_hd__clkbuf_16)
     7    0.03                           clknet_1_1__leaf_clk (net)
                  0.05    0.00   25.30 ^ _487_/CLK (sky130_fd_sc_hd__dfrtp_1)
                         -0.25   25.05   clock uncertainty
                          0.00   25.05   clock reconvergence pessimism
                          0.21   25.26   library recovery time
                                 25.26   data required time
-----------------------------------------------------------------------------
                                 25.26   data required time
                                 -5.19   data arrival time
-----------------------------------------------------------------------------
                                 20.07   slack (MET)



